seq,mode,x,y,z,xo,yo,zo
0,0,32768,0,-65536,-32768,0,0
1,0,32768,0,-65504,-32768,-50,0
2,0,32768,0,-65472,-32768,-101,0
3,0,32768,0,-65440,-32768,-151,0
4,0,32768,0,-65408,-32767,-201,0
5,0,32768,0,-65376,-32767,-251,0
6,0,32768,0,-65344,-32767,-302,0
7,0,32768,0,-65312,-32766,-352,0
8,0,32768,0,-65280,-32765,-402,0
9,0,32768,0,-65248,-32765,-452,0
10,0,32768,0,-65216,-32764,-503,0
11,0,32768,0,-65184,-32764,-553,0
12,0,32768,0,-65152,-32763,-603,0
13,0,32768,0,-65120,-32762,-653,0
14,0,32768,0,-65088,-32760,-704,0
15,0,32768,0,-65056,-32760,-754,0
16,0,32768,0,-65024,-32758,-804,0
17,0,32768,0,-64992,-32757,-854,0
18,0,32768,0,-64960,-32756,-905,0
19,0,32768,0,-64928,-32754,-955,0
20,0,32768,0,-64896,-32753,-1005,0
21,0,32768,0,-64864,-32751,-1055,0
22,0,32768,0,-64832,-32749,-1106,0
23,0,32768,0,-64800,-32748,-1156,0
24,0,32768,0,-64768,-32746,-1206,0
25,0,32768,0,-64736,-32744,-1256,0
26,0,32768,0,-64704,-32742,-1307,0
27,0,32768,0,-64672,-32740,-1357,0
28,0,32768,0,-64640,-32738,-1407,0
29,0,32768,0,-64608,-32736,-1457,0
30,0,32768,0,-64576,-32733,-1508,0
31,0,32768,0,-64544,-32731,-1558,0
32,0,32768,0,-64512,-32729,-1608,0
33,0,32768,0,-64480,-32726,-1658,0
34,0,32768,0,-64448,-32724,-1708,0
35,0,32768,0,-64416,-32721,-1758,0
36,0,32768,0,-64384,-32718,-1809,0
37,0,32768,0,-64352,-32715,-1859,0
38,0,32768,0,-64320,-32712,-1909,0
39,0,32768,0,-64288,-32709,-1959,0
40,0,32768,0,-64256,-32706,-2009,0
41,0,32768,0,-64224,-32703,-2060,0
42,0,32768,0,-64192,-32700,-2110,0
43,0,32768,0,-64160,-32697,-2160,0
44,0,32768,0,-64128,-32693,-2210,0
45,0,32768,0,-64096,-32690,-2260,0
46,0,32768,0,-64064,-32687,-2310,0
47,0,32768,0,-64032,-32683,-2360,0
48,0,32768,0,-64000,-32679,-2411,0
49,0,32768,0,-63968,-32675,-2461,0
50,0,32768,0,-63936,-32672,-2511,0
51,0,32768,0,-63904,-32668,-2561,0
52,0,32768,0,-63872,-32664,-2611,0
53,0,32768,0,-63840,-32660,-2661,0
54,0,32768,0,-63808,-32656,-2711,0
55,0,32768,0,-63776,-32652,-2761,0
56,0,32768,0,-63744,-32647,-2811,0
57,0,32768,0,-63712,-32643,-2862,0
58,0,32768,0,-63680,-32638,-2911,0
59,0,32768,0,-63648,-32634,-2962,0
60,0,32768,0,-63616,-32629,-3012,0
61,0,32768,0,-63584,-32625,-3062,0
62,0,32768,0,-63552,-32620,-3112,0
63,0,32768,0,-63520,-32615,-3162,0
64,0,32768,0,-63488,-32610,-3212,0
65,0,32768,0,-63456,-32605,-3262,0
66,0,32768,0,-63424,-32600,-3312,0
67,0,32768,0,-63392,-32595,-3362,0
68,0,32768,0,-63360,-32590,-3412,0
69,0,32768,0,-63328,-32585,-3462,0
70,0,32768,0,-63296,-32579,-3512,0
71,0,32768,0,-63264,-32574,-3562,0
72,0,32768,0,-63232,-32568,-3612,0
73,0,32768,0,-63200,-32563,-3662,0
74,0,32768,0,-63168,-32557,-3712,0
75,0,32768,0,-63136,-32551,-3762,0
76,0,32768,0,-63104,-32546,-3811,0
77,0,32768,0,-63072,-32540,-3861,0
78,0,32768,0,-63040,-32534,-3911,0
79,0,32768,0,-63008,-32528,-3961,0
80,0,32768,0,-62976,-32522,-4011,0
81,0,32768,0,-62944,-32515,-4061,0
82,0,32768,0,-62912,-32509,-4111,0
83,0,32768,0,-62880,-32503,-4161,0
84,0,32768,0,-62848,-32496,-4211,0
85,0,32768,0,-62816,-32490,-4261,0
86,0,32768,0,-62784,-32483,-4310,0
87,0,32768,0,-62752,-32477,-4360,0
88,0,32768,0,-62720,-32470,-4410,0
89,0,32768,0,-62688,-32463,-4460,0
90,0,32768,0,-62656,-32456,-4510,0
91,0,32768,0,-62624,-32449,-4559,0
92,0,32768,0,-62592,-32442,-4609,0
93,0,32768,0,-62560,-32435,-4659,0
94,0,32768,0,-62528,-32428,-4709,0
95,0,32768,0,-62496,-32421,-4758,0
96,0,32768,0,-62464,-32413,-4808,0
97,0,32768,0,-62432,-32406,-4858,0
98,0,32768,0,-62400,-32398,-4908,0
99,0,32768,0,-62368,-32391,-4957,0
100,0,32768,0,-62336,-32383,-5007,0
101,0,32768,0,-62304,-32376,-5056,0
102,0,32768,0,-62272,-32368,-5106,0
103,0,32768,0,-62240,-32360,-5156,0
104,0,32768,0,-62208,-32352,-5206,0
105,0,32768,0,-62176,-32344,-5255,0
106,0,32768,0,-62144,-32336,-5305,0
107,0,32768,0,-62112,-32328,-5354,0
108,0,32768,0,-62080,-32319,-5404,0
109,0,32768,0,-62048,-32311,-5453,0
110,0,32768,0,-62016,-32303,-5503,0
111,0,32768,0,-61984,-32294,-5553,0
112,0,32768,0,-61952,-32286,-5602,0
113,0,32768,0,-61920,-32277,-5652,0
114,0,32768,0,-61888,-32268,-5701,0
115,0,32768,0,-61856,-32259,-5751,0
116,0,32768,0,-61824,-32251,-5800,0
117,0,32768,0,-61792,-32242,-5849,0
118,0,32768,0,-61760,-32233,-5899,0
119,0,32768,0,-61728,-32223,-5948,0
120,0,32768,0,-61696,-32214,-5998,0
121,0,32768,0,-61664,-32205,-6047,0
122,0,32768,0,-61632,-32196,-6097,0
123,0,32768,0,-61600,-32187,-6146,0
124,0,32768,0,-61568,-32177,-6196,0
125,0,32768,0,-61536,-32167,-6245,0
126,0,32768,0,-61504,-32158,-6294,0
127,0,32768,0,-61472,-32148,-6344,0
128,0,32768,0,-61440,-32138,-6393,0
129,0,32768,0,-61408,-32128,-6442,0
130,0,32768,0,-61376,-32119,-6491,0
131,0,32768,0,-61344,-32108,-6541,0
132,0,32768,0,-61312,-32099,-6590,0
133,0,32768,0,-61280,-32088,-6639,0
134,0,32768,0,-61248,-32078,-6688,0
135,0,32768,0,-61216,-32068,-6738,0
136,0,32768,0,-61184,-32057,-6787,0
137,0,32768,0,-61152,-32047,-6836,0
138,0,32768,0,-61120,-32037,-6885,0
139,0,32768,0,-61088,-32026,-6934,0
140,0,32768,0,-61056,-32015,-6983,0
141,0,32768,0,-61024,-32004,-7032,0
142,0,32768,0,-60992,-31994,-7081,0
143,0,32768,0,-60960,-31983,-7131,0
144,0,32768,0,-60928,-31972,-7180,0
145,0,32768,0,-60896,-31961,-7229,0
146,0,32768,0,-60864,-31949,-7278,0
147,0,32768,0,-60832,-31939,-7327,0
148,0,32768,0,-60800,-31927,-7376,0
149,0,32768,0,-60768,-31916,-7425,0
150,0,32768,0,-60736,-31904,-7474,0
151,0,32768,0,-60704,-31893,-7523,0
152,0,32768,0,-60672,-31881,-7571,0
153,0,32768,0,-60640,-31870,-7620,0
154,0,32768,0,-60608,-31858,-7669,0
155,0,32768,0,-60576,-31846,-7718,0
156,0,32768,0,-60544,-31834,-7767,0
157,0,32768,0,-60512,-31822,-7816,0
158,0,32768,0,-60480,-31810,-7864,0
159,0,32768,0,-60448,-31798,-7913,0
160,0,32768,0,-60416,-31786,-7962,0
161,0,32768,0,-60384,-31774,-8011,0
162,0,32768,0,-60352,-31761,-8060,0
163,0,32768,0,-60320,-31749,-8108,0
164,0,32768,0,-60288,-31736,-8157,0
165,0,32768,0,-60256,-31724,-8206,0
166,0,32768,0,-60224,-31711,-8254,0
167,0,32768,0,-60192,-31699,-8303,0
168,0,32768,0,-60160,-31686,-8351,0
169,0,32768,0,-60128,-31673,-8400,0
170,0,32768,0,-60096,-31660,-8449,0
171,0,32768,0,-60064,-31647,-8497,0
172,0,32768,0,-60032,-31634,-8546,0
173,0,32768,0,-60000,-31621,-8594,0
174,0,32768,0,-59968,-31608,-8643,0
175,0,32768,0,-59936,-31594,-8691,0
176,0,32768,0,-59904,-31581,-8740,0
177,0,32768,0,-59872,-31568,-8788,0
178,0,32768,0,-59840,-31554,-8837,0
179,0,32768,0,-59808,-31541,-8885,0
180,0,32768,0,-59776,-31527,-8933,0
181,0,32768,0,-59744,-31513,-8982,0
182,0,32768,0,-59712,-31499,-9030,0
183,0,32768,0,-59680,-31485,-9078,0
184,0,32768,0,-59648,-31471,-9127,0
185,0,32768,0,-59616,-31457,-9175,0
186,0,32768,0,-59584,-31443,-9223,0
187,0,32768,0,-59552,-31429,-9271,0
188,0,32768,0,-59520,-31415,-9320,0
189,0,32768,0,-59488,-31400,-9368,0
190,0,32768,0,-59456,-31386,-9416,0
191,0,32768,0,-59424,-31372,-9464,0
192,0,32768,0,-59392,-31357,-9512,0
193,0,32768,0,-59360,-31342,-9560,0
194,0,32768,0,-59328,-31328,-9608,0
195,0,32768,0,-59296,-31313,-9656,0
196,0,32768,0,-59264,-31298,-9704,0
197,0,32768,0,-59232,-31283,-9752,0
198,0,32768,0,-59200,-31268,-9800,0
199,0,32768,0,-59168,-31253,-9848,0
200,0,32768,0,-59136,-31238,-9896,0
201,0,32768,0,-59104,-31223,-9944,0
202,0,32768,0,-59072,-31207,-9992,0
203,0,32768,0,-59040,-31192,-10040,0
204,0,32768,0,-59008,-31177,-10088,0
205,0,32768,0,-58976,-31161,-10135,0
206,0,32768,0,-58944,-31145,-10183,0
207,0,32768,0,-58912,-31130,-10231,0
208,0,32768,0,-58880,-31114,-10279,0
209,0,32768,0,-58848,-31098,-10327,0
210,0,32768,0,-58816,-31083,-10374,0
211,0,32768,0,-58784,-31067,-10422,0
212,0,32768,0,-58752,-31051,-10469,0
213,0,32768,0,-58720,-31034,-10517,0
214,0,32768,0,-58688,-31018,-10565,0
215,0,32768,0,-58656,-31002,-10612,0
216,0,32768,0,-58624,-30986,-10660,0
217,0,32768,0,-58592,-30969,-10707,0
218,0,32768,0,-58560,-30953,-10755,0
219,0,32768,0,-58528,-30936,-10802,0
220,0,32768,0,-58496,-30920,-10850,0
221,0,32768,0,-58464,-30903,-10897,0
222,0,32768,0,-58432,-30886,-10944,0
223,0,32768,0,-58400,-30870,-10992,0
224,0,32768,0,-58368,-30853,-11039,0
225,0,32768,0,-58336,-30836,-11087,0
226,0,32768,0,-58304,-30819,-11134,0
227,0,32768,0,-58272,-30801,-11181,0
228,0,32768,0,-58240,-30784,-11228,0
229,0,32768,0,-58208,-30767,-11275,0
230,0,32768,0,-58176,-30750,-11323,0
231,0,32768,0,-58144,-30732,-11370,0
232,0,32768,0,-58112,-30715,-11417,0
233,0,32768,0,-58080,-30697,-11464,0
234,0,32768,0,-58048,-30680,-11511,0
235,0,32768,0,-58016,-30662,-11558,0
236,0,32768,0,-57984,-30644,-11605,0
237,0,32768,0,-57952,-30626,-11652,0
238,0,32768,0,-57920,-30608,-11699,0
239,0,32768,0,-57888,-30590,-11746,0
240,0,32768,0,-57856,-30572,-11793,0
241,0,32768,0,-57824,-30554,-11840,0
242,0,32768,0,-57792,-30536,-11887,0
243,0,32768,0,-57760,-30518,-11934,0
244,0,32768,0,-57728,-30499,-11980,0
245,0,32768,0,-57696,-30481,-12027,0
246,0,32768,0,-57664,-30462,-12074,0
247,0,32768,0,-57632,-30444,-12121,0
248,0,32768,0,-57600,-30425,-12167,0
249,0,32768,0,-57568,-30407,-12214,0
250,0,32768,0,-57536,-30388,-12261,0
251,0,32768,0,-57504,-30369,-12307,0
252,0,32768,0,-57472,-30350,-12354,0
253,0,32768,0,-57440,-30331,-12400,0
254,0,32768,0,-57408,-30312,-12447,0
255,0,32768,0,-57376,-30293,-12493,0
256,0,32768,0,-57344,-30274,-12540,0
257,0,32768,0,-57312,-30255,-12586,0
258,0,32768,0,-57280,-30235,-12633,0
259,0,32768,0,-57248,-30216,-12679,0
260,0,32768,0,-57216,-30196,-12725,0
261,0,32768,0,-57184,-30177,-12772,0
262,0,32768,0,-57152,-30157,-12818,0
263,0,32768,0,-57120,-30137,-12864,0
264,0,32768,0,-57088,-30118,-12910,0
265,0,32768,0,-57056,-30098,-12956,0
266,0,32768,0,-57024,-30078,-13003,0
267,0,32768,0,-56992,-30058,-13049,0
268,0,32768,0,-56960,-30038,-13095,0
269,0,32768,0,-56928,-30018,-13141,0
270,0,32768,0,-56896,-29997,-13187,0
271,0,32768,0,-56864,-29977,-13233,0
272,0,32768,0,-56832,-29957,-13279,0
273,0,32768,0,-56800,-29937,-13325,0
274,0,32768,0,-56768,-29916,-13371,0
275,0,32768,0,-56736,-29895,-13417,0
276,0,32768,0,-56704,-29875,-13462,0
277,0,32768,0,-56672,-29854,-13508,0
278,0,32768,0,-56640,-29833,-13554,0
279,0,32768,0,-56608,-29813,-13600,0
280,0,32768,0,-56576,-29792,-13645,0
281,0,32768,0,-56544,-29771,-13691,0
282,0,32768,0,-56512,-29750,-13737,0
283,0,32768,0,-56480,-29728,-13783,0
284,0,32768,0,-56448,-29707,-13828,0
285,0,32768,0,-56416,-29686,-13874,0
286,0,32768,0,-56384,-29665,-13919,0
287,0,32768,0,-56352,-29643,-13965,0
288,0,32768,0,-56320,-29622,-14010,0
289,0,32768,0,-56288,-29601,-14055,0
290,0,32768,0,-56256,-29579,-14101,0
291,0,32768,0,-56224,-29557,-14146,0
292,0,32768,0,-56192,-29535,-14192,0
293,0,32768,0,-56160,-29514,-14237,0
294,0,32768,0,-56128,-29492,-14282,0
295,0,32768,0,-56096,-29470,-14327,0
296,0,32768,0,-56064,-29448,-14372,0
297,0,32768,0,-56032,-29426,-14418,0
298,0,32768,0,-56000,-29404,-14463,0
299,0,32768,0,-55968,-29381,-14508,0
300,0,32768,0,-55936,-29359,-14553,0
301,0,32768,0,-55904,-29337,-14598,0
302,0,32768,0,-55872,-29314,-14643,0
303,0,32768,0,-55840,-29292,-14688,0
304,0,32768,0,-55808,-29269,-14733,0
305,0,32768,0,-55776,-29247,-14778,0
306,0,32768,0,-55744,-29224,-14823,0
307,0,32768,0,-55712,-29201,-14867,0
308,0,32768,0,-55680,-29178,-14912,0
309,0,32768,0,-55648,-29155,-14957,0
310,0,32768,0,-55616,-29133,-15002,0
311,0,32768,0,-55584,-29109,-15046,0
312,0,32768,0,-55552,-29086,-15091,0
313,0,32768,0,-55520,-29063,-15136,0
314,0,32768,0,-55488,-29040,-15180,0
315,0,32768,0,-55456,-29017,-15225,0
316,0,32768,0,-55424,-28993,-15269,0
317,0,32768,0,-55392,-28970,-15313,0
318,0,32768,0,-55360,-28946,-15358,0
319,0,32768,0,-55328,-28923,-15402,0
320,0,32768,0,-55296,-28899,-15447,0
321,0,32768,0,-55264,-28875,-15491,0
322,0,32768,0,-55232,-28851,-15535,0
323,0,32768,0,-55200,-28827,-15580,0
324,0,32768,0,-55168,-28804,-15624,0
325,0,32768,0,-55136,-28779,-15668,0
326,0,32768,0,-55104,-28755,-15712,0
327,0,32768,0,-55072,-28731,-15756,0
328,0,32768,0,-55040,-28707,-15800,0
329,0,32768,0,-55008,-28683,-15844,0
330,0,32768,0,-54976,-28658,-15888,0
331,0,32768,0,-54944,-28634,-15932,0
332,0,32768,0,-54912,-28610,-15976,0
333,0,32768,0,-54880,-28585,-16020,0
334,0,32768,0,-54848,-28560,-16064,0
335,0,32768,0,-54816,-28536,-16108,0
336,0,32768,0,-54784,-28511,-16151,0
337,0,32768,0,-54752,-28486,-16195,0
338,0,32768,0,-54720,-28461,-16239,0
339,0,32768,0,-54688,-28436,-16282,0
340,0,32768,0,-54656,-28411,-16326,0
341,0,32768,0,-54624,-28386,-16370,0
342,0,32768,0,-54592,-28361,-16413,0
343,0,32768,0,-54560,-28336,-16457,0
344,0,32768,0,-54528,-28310,-16500,0
345,0,32768,0,-54496,-28285,-16543,0
346,0,32768,0,-54464,-28260,-16587,0
347,0,32768,0,-54432,-28234,-16630,0
348,0,32768,0,-54400,-28209,-16673,0
349,0,32768,0,-54368,-28183,-16717,0
350,0,32768,0,-54336,-28158,-16760,0
351,0,32768,0,-54304,-28132,-16803,0
352,0,32768,0,-54272,-28106,-16846,0
353,0,32768,0,-54240,-28080,-16889,0
354,0,32768,0,-54208,-28054,-16932,0
355,0,32768,0,-54176,-28028,-16975,0
356,0,32768,0,-54144,-28002,-17018,0
357,0,32768,0,-54112,-27976,-17061,0
358,0,32768,0,-54080,-27950,-17104,0
359,0,32768,0,-54048,-27924,-17147,0
360,0,32768,0,-54016,-27897,-17190,0
361,0,32768,0,-53984,-27871,-17233,0
362,0,32768,0,-53952,-27844,-17275,0
363,0,32768,0,-53920,-27818,-17318,0
364,0,32768,0,-53888,-27791,-17361,0
365,0,32768,0,-53856,-27765,-17403,0
366,0,32768,0,-53824,-27738,-17446,0
367,0,32768,0,-53792,-27711,-17488,0
368,0,32768,0,-53760,-27684,-17531,0
369,0,32768,0,-53728,-27657,-17573,0
370,0,32768,0,-53696,-27630,-17616,0
371,0,32768,0,-53664,-27603,-17658,0
372,0,32768,0,-53632,-27576,-17700,0
373,0,32768,0,-53600,-27549,-17743,0
374,0,32768,0,-53568,-27522,-17785,0
375,0,32768,0,-53536,-27494,-17827,0
376,0,32768,0,-53504,-27467,-17869,0
377,0,32768,0,-53472,-27440,-17911,0
378,0,32768,0,-53440,-27412,-17954,0
379,0,32768,0,-53408,-27384,-17995,0
380,0,32768,0,-53376,-27357,-18037,0
381,0,32768,0,-53344,-27329,-18079,0
382,0,32768,0,-53312,-27301,-18121,0
383,0,32768,0,-53280,-27273,-18163,0
384,0,32768,0,-53248,-27246,-18205,0
385,0,32768,0,-53216,-27218,-18247,0
386,0,32768,0,-53184,-27190,-18288,0
387,0,32768,0,-53152,-27162,-18330,0
388,0,32768,0,-53120,-27133,-18372,0
389,0,32768,0,-53088,-27105,-18413,0
390,0,32768,0,-53056,-27077,-18455,0
391,0,32768,0,-53024,-27049,-18496,0
392,0,32768,0,-52992,-27020,-18538,0
393,0,32768,0,-52960,-26992,-18579,0
394,0,32768,0,-52928,-26963,-18621,0
395,0,32768,0,-52896,-26935,-18662,0
396,0,32768,0,-52864,-26906,-18703,0
397,0,32768,0,-52832,-26877,-18745,0
398,0,32768,0,-52800,-26848,-18786,0
399,0,32768,0,-52768,-26820,-18827,0
400,0,32768,0,-52736,-26791,-18868,0
401,0,32768,0,-52704,-26762,-18909,0
402,0,32768,0,-52672,-26733,-18950,0
403,0,32768,0,-52640,-26704,-18991,0
404,0,32768,0,-52608,-26674,-19032,0
405,0,32768,0,-52576,-26645,-19073,0
406,0,32768,0,-52544,-26616,-19114,0
407,0,32768,0,-52512,-26586,-19155,0
408,0,32768,0,-52480,-26557,-19195,0
409,0,32768,0,-52448,-26528,-19236,0
410,0,32768,0,-52416,-26498,-19277,0
411,0,32768,0,-52384,-26468,-19318,0
412,0,32768,0,-52352,-26439,-19358,0
413,0,32768,0,-52320,-26409,-19399,0
414,0,32768,0,-52288,-26379,-19439,0
415,0,32768,0,-52256,-26350,-19479,0
416,0,32768,0,-52224,-26319,-19520,0
417,0,32768,0,-52192,-26290,-19560,0
418,0,32768,0,-52160,-26259,-19601,0
419,0,32768,0,-52128,-26229,-19641,0
420,0,32768,0,-52096,-26199,-19681,0
421,0,32768,0,-52064,-26169,-19721,0
422,0,32768,0,-52032,-26139,-19761,0
423,0,32768,0,-52000,-26108,-19801,0
424,0,32768,0,-51968,-26078,-19841,0
425,0,32768,0,-51936,-26047,-19882,0
426,0,32768,0,-51904,-26017,-19921,0
427,0,32768,0,-51872,-25986,-19961,0
428,0,32768,0,-51840,-25956,-20001,0
429,0,32768,0,-51808,-25925,-20041,0
430,0,32768,0,-51776,-25894,-20081,0
431,0,32768,0,-51744,-25864,-20120,0
432,0,32768,0,-51712,-25833,-20160,0
433,0,32768,0,-51680,-25802,-20199,0
434,0,32768,0,-51648,-25771,-20239,0
435,0,32768,0,-51616,-25740,-20279,0
436,0,32768,0,-51584,-25708,-20318,0
437,0,32768,0,-51552,-25677,-20357,0
438,0,32768,0,-51520,-25646,-20397,0
439,0,32768,0,-51488,-25615,-20436,0
440,0,32768,0,-51456,-25583,-20475,0
441,0,32768,0,-51424,-25552,-20515,0
442,0,32768,0,-51392,-25520,-20554,0
443,0,32768,0,-51360,-25489,-20593,0
444,0,32768,0,-51328,-25457,-20632,0
445,0,32768,0,-51296,-25425,-20671,0
446,0,32768,0,-51264,-25394,-20710,0
447,0,32768,0,-51232,-25362,-20749,0
448,0,32768,0,-51200,-25330,-20788,0
449,0,32768,0,-51168,-25298,-20827,0
450,0,32768,0,-51136,-25266,-20865,0
451,0,32768,0,-51104,-25234,-20904,0
452,0,32768,0,-51072,-25202,-20943,0
453,0,32768,0,-51040,-25170,-20982,0
454,0,32768,0,-51008,-25138,-21020,0
455,0,32768,0,-50976,-25105,-21059,0
456,0,32768,0,-50944,-25073,-21097,0
457,0,32768,0,-50912,-25041,-21135,0
458,0,32768,0,-50880,-25008,-21174,0
459,0,32768,0,-50848,-24976,-21212,0
460,0,32768,0,-50816,-24943,-21251,0
461,0,32768,0,-50784,-24911,-21289,0
462,0,32768,0,-50752,-24878,-21327,0
463,0,32768,0,-50720,-24845,-21365,0
464,0,32768,0,-50688,-24812,-21403,0
465,0,32768,0,-50656,-24779,-21441,0
466,0,32768,0,-50624,-24746,-21479,0
467,0,32768,0,-50592,-24713,-21517,0
468,0,32768,0,-50560,-24680,-21555,0
469,0,32768,0,-50528,-24647,-21593,0
470,0,32768,0,-50496,-24614,-21631,0
471,0,32768,0,-50464,-24581,-21668,0
472,0,32768,0,-50432,-24548,-21706,0
473,0,32768,0,-50400,-24514,-21744,0
474,0,32768,0,-50368,-24481,-21781,0
475,0,32768,0,-50336,-24448,-21819,0
476,0,32768,0,-50304,-24414,-21856,0
477,0,32768,0,-50272,-24381,-21894,0
478,0,32768,0,-50240,-24347,-21931,0
479,0,32768,0,-50208,-24313,-21969,0
480,0,32768,0,-50176,-24280,-22006,0
481,0,32768,0,-50144,-24245,-22043,0
482,0,32768,0,-50112,-24212,-22080,0
483,0,32768,0,-50080,-24178,-22117,0
484,0,32768,0,-50048,-24144,-22154,0
485,0,32768,0,-50016,-24110,-22191,0
486,0,32768,0,-49984,-24076,-22228,0
487,0,32768,0,-49952,-24042,-22265,0
488,0,32768,0,-49920,-24007,-22302,0
489,0,32768,0,-49888,-23973,-22339,0
490,0,32768,0,-49856,-23939,-22376,0
491,0,32768,0,-49824,-23905,-22412,0
492,0,32768,0,-49792,-23870,-22449,0
493,0,32768,0,-49760,-23836,-22486,0
494,0,32768,0,-49728,-23801,-22522,0
495,0,32768,0,-49696,-23767,-22559,0
496,0,32768,0,-49664,-23732,-22595,0
497,0,32768,0,-49632,-23697,-22631,0
498,0,32768,0,-49600,-23663,-22668,0
499,0,32768,0,-49568,-23628,-22704,0
500,0,32768,0,-49536,-23593,-22740,0
501,0,32768,0,-49504,-23558,-22776,0
502,0,32768,0,-49472,-23523,-22813,0
503,0,32768,0,-49440,-23488,-22849,0
504,0,32768,0,-49408,-23453,-22885,0
505,0,32768,0,-49376,-23418,-22921,0
506,0,32768,0,-49344,-23383,-22956,0
507,0,32768,0,-49312,-23347,-22992,0
508,0,32768,0,-49280,-23312,-23028,0
509,0,32768,0,-49248,-23277,-23064,0
510,0,32768,0,-49216,-23241,-23099,0
511,0,32768,0,-49184,-23206,-23135,0
512,0,32768,0,-49152,-23170,-23171,0
513,0,32768,0,-49120,-23135,-23206,0
514,0,32768,0,-49088,-23099,-23242,0
515,0,32768,0,-49056,-23064,-23277,0
516,0,32768,0,-49024,-23028,-23312,0
517,0,32768,0,-48992,-22992,-23347,0
518,0,32768,0,-48960,-22956,-23383,0
519,0,32768,0,-48928,-22920,-23418,0
520,0,32768,0,-48896,-22884,-23453,0
521,0,32768,0,-48864,-22848,-23488,0
522,0,32768,0,-48832,-22812,-23523,0
523,0,32768,0,-48800,-22776,-23558,0
524,0,32768,0,-48768,-22740,-23593,0
525,0,32768,0,-48736,-22704,-23628,0
526,0,32768,0,-48704,-22668,-23663,0
527,0,32768,0,-48672,-22631,-23697,0
528,0,32768,0,-48640,-22595,-23732,0
529,0,32768,0,-48608,-22559,-23767,0
530,0,32768,0,-48576,-22522,-23801,0
531,0,32768,0,-48544,-22486,-23836,0
532,0,32768,0,-48512,-22449,-23870,0
533,0,32768,0,-48480,-22412,-23905,0
534,0,32768,0,-48448,-22376,-23939,0
535,0,32768,0,-48416,-22339,-23973,0
536,0,32768,0,-48384,-22302,-24008,0
537,0,32768,0,-48352,-22265,-24042,0
538,0,32768,0,-48320,-22228,-24076,0
539,0,32768,0,-48288,-22191,-24110,0
540,0,32768,0,-48256,-22154,-24144,0
541,0,32768,0,-48224,-22117,-24178,0
542,0,32768,0,-48192,-22080,-24212,0
543,0,32768,0,-48160,-22043,-24246,0
544,0,32768,0,-48128,-22006,-24280,0
545,0,32768,0,-48096,-21968,-24313,0
546,0,32768,0,-48064,-21931,-24347,0
547,0,32768,0,-48032,-21894,-24381,0
548,0,32768,0,-48000,-21856,-24414,0
549,0,32768,0,-47968,-21819,-24448,0
550,0,32768,0,-47936,-21781,-24481,0
551,0,32768,0,-47904,-21744,-24514,0
552,0,32768,0,-47872,-21706,-24548,0
553,0,32768,0,-47840,-21668,-24581,0
554,0,32768,0,-47808,-21631,-24614,0
555,0,32768,0,-47776,-21593,-24647,0
556,0,32768,0,-47744,-21555,-24681,0
557,0,32768,0,-47712,-21517,-24713,0
558,0,32768,0,-47680,-21479,-24747,0
559,0,32768,0,-47648,-21441,-24779,0
560,0,32768,0,-47616,-21403,-24812,0
561,0,32768,0,-47584,-21365,-24845,0
562,0,32768,0,-47552,-21327,-24878,0
563,0,32768,0,-47520,-21289,-24911,0
564,0,32768,0,-47488,-21251,-24943,0
565,0,32768,0,-47456,-21212,-24976,0
566,0,32768,0,-47424,-21174,-25008,0
567,0,32768,0,-47392,-21135,-25041,0
568,0,32768,0,-47360,-21097,-25073,0
569,0,32768,0,-47328,-21059,-25105,0
570,0,32768,0,-47296,-21020,-25138,0
571,0,32768,0,-47264,-20982,-25170,0
572,0,32768,0,-47232,-20943,-25202,0
573,0,32768,0,-47200,-20904,-25234,0
574,0,32768,0,-47168,-20865,-25266,0
575,0,32768,0,-47136,-20827,-25298,0
576,0,32768,0,-47104,-20788,-25330,0
577,0,32768,0,-47072,-20749,-25362,0
578,0,32768,0,-47040,-20710,-25394,0
579,0,32768,0,-47008,-20671,-25426,0
580,0,32768,0,-46976,-20632,-25457,0
581,0,32768,0,-46944,-20593,-25489,0
582,0,32768,0,-46912,-20554,-25520,0
583,0,32768,0,-46880,-20515,-25552,0
584,0,32768,0,-46848,-20475,-25583,0
585,0,32768,0,-46816,-20436,-25615,0
586,0,32768,0,-46784,-20397,-25646,0
587,0,32768,0,-46752,-20357,-25677,0
588,0,32768,0,-46720,-20318,-25708,0
589,0,32768,0,-46688,-20279,-25740,0
590,0,32768,0,-46656,-20239,-25771,0
591,0,32768,0,-46624,-20199,-25802,0
592,0,32768,0,-46592,-20160,-25833,0
593,0,32768,0,-46560,-20120,-25864,0
594,0,32768,0,-46528,-20081,-25894,0
595,0,32768,0,-46496,-20041,-25925,0
596,0,32768,0,-46464,-20001,-25956,0
597,0,32768,0,-46432,-19961,-25986,0
598,0,32768,0,-46400,-19921,-26017,0
599,0,32768,0,-46368,-19881,-26047,0
600,0,32768,0,-46336,-19841,-26078,0
601,0,32768,0,-46304,-19801,-26108,0
602,0,32768,0,-46272,-19761,-26139,0
603,0,32768,0,-46240,-19721,-26169,0
604,0,32768,0,-46208,-19681,-26199,0
605,0,32768,0,-46176,-19641,-26230,0
606,0,32768,0,-46144,-19601,-26259,0
607,0,32768,0,-46112,-19560,-26290,0
608,0,32768,0,-46080,-19520,-26320,0
609,0,32768,0,-46048,-19479,-26350,0
610,0,32768,0,-46016,-19439,-26379,0
611,0,32768,0,-45984,-19399,-26409,0
612,0,32768,0,-45952,-19358,-26439,0
613,0,32768,0,-45920,-19317,-26468,0
614,0,32768,0,-45888,-19277,-26498,0
615,0,32768,0,-45856,-19236,-26528,0
616,0,32768,0,-45824,-19195,-26557,0
617,0,32768,0,-45792,-19155,-26587,0
618,0,32768,0,-45760,-19114,-26616,0
619,0,32768,0,-45728,-19073,-26645,0
620,0,32768,0,-45696,-19032,-26674,0
621,0,32768,0,-45664,-18991,-26704,0
622,0,32768,0,-45632,-18950,-26733,0
623,0,32768,0,-45600,-18909,-26762,0
624,0,32768,0,-45568,-18868,-26791,0
625,0,32768,0,-45536,-18827,-26820,0
626,0,32768,0,-45504,-18786,-26848,0
627,0,32768,0,-45472,-18745,-26877,0
628,0,32768,0,-45440,-18703,-26906,0
629,0,32768,0,-45408,-18662,-26935,0
630,0,32768,0,-45376,-18621,-26963,0
631,0,32768,0,-45344,-18579,-26992,0
632,0,32768,0,-45312,-18538,-27020,0
633,0,32768,0,-45280,-18496,-27049,0
634,0,32768,0,-45248,-18455,-27077,0
635,0,32768,0,-45216,-18413,-27105,0
636,0,32768,0,-45184,-18372,-27133,0
637,0,32768,0,-45152,-18330,-27162,0
638,0,32768,0,-45120,-18288,-27190,0
639,0,32768,0,-45088,-18247,-27218,0
640,0,32768,0,-45056,-18205,-27246,0
641,0,32768,0,-45024,-18163,-27273,0
642,0,32768,0,-44992,-18121,-27301,0
643,0,32768,0,-44960,-18079,-27329,0
644,0,32768,0,-44928,-18037,-27357,0
645,0,32768,0,-44896,-17995,-27385,0
646,0,32768,0,-44864,-17953,-27412,0
647,0,32768,0,-44832,-17911,-27440,0
648,0,32768,0,-44800,-17869,-27467,0
649,0,32768,0,-44768,-17827,-27494,0
650,0,32768,0,-44736,-17785,-27522,0
651,0,32768,0,-44704,-17742,-27549,0
652,0,32768,0,-44672,-17700,-27576,0
653,0,32768,0,-44640,-17658,-27603,0
654,0,32768,0,-44608,-17616,-27630,0
655,0,32768,0,-44576,-17573,-27657,0
656,0,32768,0,-44544,-17531,-27684,0
657,0,32768,0,-44512,-17488,-27711,0
658,0,32768,0,-44480,-17446,-27738,0
659,0,32768,0,-44448,-17403,-27765,0
660,0,32768,0,-44416,-17361,-27791,0
661,0,32768,0,-44384,-17318,-27818,0
662,0,32768,0,-44352,-17275,-27844,0
663,0,32768,0,-44320,-17232,-27871,0
664,0,32768,0,-44288,-17190,-27897,0
665,0,32768,0,-44256,-17147,-27924,0
666,0,32768,0,-44224,-17104,-27950,0
667,0,32768,0,-44192,-17061,-27976,0
668,0,32768,0,-44160,-17018,-28002,0
669,0,32768,0,-44128,-16975,-28028,0
670,0,32768,0,-44096,-16932,-28054,0
671,0,32768,0,-44064,-16889,-28080,0
672,0,32768,0,-44032,-16846,-28106,0
673,0,32768,0,-44000,-16803,-28132,0
674,0,32768,0,-43968,-16760,-28158,0
675,0,32768,0,-43936,-16717,-28183,0
676,0,32768,0,-43904,-16673,-28209,0
677,0,32768,0,-43872,-16630,-28234,0
678,0,32768,0,-43840,-16587,-28260,0
679,0,32768,0,-43808,-16543,-28285,0
680,0,32768,0,-43776,-16500,-28311,0
681,0,32768,0,-43744,-16457,-28336,0
682,0,32768,0,-43712,-16413,-28361,0
683,0,32768,0,-43680,-16370,-28386,0
684,0,32768,0,-43648,-16326,-28411,0
685,0,32768,0,-43616,-16282,-28436,0
686,0,32768,0,-43584,-16239,-28461,0
687,0,32768,0,-43552,-16195,-28486,0
688,0,32768,0,-43520,-16151,-28511,0
689,0,32768,0,-43488,-16108,-28536,0
690,0,32768,0,-43456,-16064,-28560,0
691,0,32768,0,-43424,-16020,-28585,0
692,0,32768,0,-43392,-15976,-28610,0
693,0,32768,0,-43360,-15932,-28634,0
694,0,32768,0,-43328,-15888,-28658,0
695,0,32768,0,-43296,-15844,-28683,0
696,0,32768,0,-43264,-15800,-28707,0
697,0,32768,0,-43232,-15756,-28731,0
698,0,32768,0,-43200,-15712,-28756,0
699,0,32768,0,-43168,-15668,-28780,0
700,0,32768,0,-43136,-15624,-28804,0
701,0,32768,0,-43104,-15579,-28827,0
702,0,32768,0,-43072,-15535,-28851,0
703,0,32768,0,-43040,-15491,-28875,0
704,0,32768,0,-43008,-15447,-28899,0
705,0,32768,0,-42976,-15402,-28923,0
706,0,32768,0,-42944,-15358,-28946,0
707,0,32768,0,-42912,-15313,-28970,0
708,0,32768,0,-42880,-15269,-28993,0
709,0,32768,0,-42848,-15225,-29017,0
710,0,32768,0,-42816,-15180,-29040,0
711,0,32768,0,-42784,-15136,-29063,0
712,0,32768,0,-42752,-15091,-29086,0
713,0,32768,0,-42720,-15046,-29109,0
714,0,32768,0,-42688,-15001,-29133,0
715,0,32768,0,-42656,-14957,-29155,0
716,0,32768,0,-42624,-14912,-29178,0
717,0,32768,0,-42592,-14867,-29201,0
718,0,32768,0,-42560,-14823,-29224,0
719,0,32768,0,-42528,-14778,-29247,0
720,0,32768,0,-42496,-14733,-29269,0
721,0,32768,0,-42464,-14688,-29292,0
722,0,32768,0,-42432,-14643,-29314,0
723,0,32768,0,-42400,-14598,-29337,0
724,0,32768,0,-42368,-14553,-29359,0
725,0,32768,0,-42336,-14508,-29381,0
726,0,32768,0,-42304,-14463,-29404,0
727,0,32768,0,-42272,-14418,-29426,0
728,0,32768,0,-42240,-14372,-29448,0
729,0,32768,0,-42208,-14327,-29470,0
730,0,32768,0,-42176,-14282,-29492,0
731,0,32768,0,-42144,-14237,-29514,0
732,0,32768,0,-42112,-14192,-29536,0
733,0,32768,0,-42080,-14146,-29557,0
734,0,32768,0,-42048,-14101,-29579,0
735,0,32768,0,-42016,-14055,-29601,0
736,0,32768,0,-41984,-14010,-29622,0
737,0,32768,0,-41952,-13965,-29643,0
738,0,32768,0,-41920,-13919,-29665,0
739,0,32768,0,-41888,-13874,-29686,0
740,0,32768,0,-41856,-13828,-29707,0
741,0,32768,0,-41824,-13783,-29728,0
742,0,32768,0,-41792,-13737,-29750,0
743,0,32768,0,-41760,-13691,-29771,0
744,0,32768,0,-41728,-13645,-29792,0
745,0,32768,0,-41696,-13600,-29813,0
746,0,32768,0,-41664,-13554,-29833,0
747,0,32768,0,-41632,-13508,-29854,0
748,0,32768,0,-41600,-13462,-29875,0
749,0,32768,0,-41568,-13417,-29895,0
750,0,32768,0,-41536,-13371,-29916,0
751,0,32768,0,-41504,-13325,-29937,0
752,0,32768,0,-41472,-13279,-29957,0
753,0,32768,0,-41440,-13233,-29977,0
754,0,32768,0,-41408,-13187,-29998,0
755,0,32768,0,-41376,-13141,-30018,0
756,0,32768,0,-41344,-13095,-30038,0
757,0,32768,0,-41312,-13049,-30058,0
758,0,32768,0,-41280,-13003,-30078,0
759,0,32768,0,-41248,-12956,-30098,0
760,0,32768,0,-41216,-12910,-30118,0
761,0,32768,0,-41184,-12864,-30137,0
762,0,32768,0,-41152,-12818,-30157,0
763,0,32768,0,-41120,-12772,-30177,0
764,0,32768,0,-41088,-12725,-30196,0
765,0,32768,0,-41056,-12679,-30216,0
766,0,32768,0,-41024,-12632,-30235,0
767,0,32768,0,-40992,-12586,-30255,0
768,0,32768,0,-40960,-12540,-30274,0
769,0,32768,0,-40928,-12493,-30293,0
770,0,32768,0,-40896,-12447,-30312,0
771,0,32768,0,-40864,-12400,-30331,0
772,0,32768,0,-40832,-12354,-30350,0
773,0,32768,0,-40800,-12307,-30369,0
774,0,32768,0,-40768,-12261,-30388,0
775,0,32768,0,-40736,-12214,-30407,0
776,0,32768,0,-40704,-12167,-30425,0
777,0,32768,0,-40672,-12121,-30444,0
778,0,32768,0,-40640,-12074,-30463,0
779,0,32768,0,-40608,-12027,-30481,0
780,0,32768,0,-40576,-11980,-30499,0
781,0,32768,0,-40544,-11934,-30518,0
782,0,32768,0,-40512,-11887,-30536,0
783,0,32768,0,-40480,-11840,-30554,0
784,0,32768,0,-40448,-11793,-30572,0
785,0,32768,0,-40416,-11746,-30590,0
786,0,32768,0,-40384,-11699,-30608,0
787,0,32768,0,-40352,-11652,-30626,0
788,0,32768,0,-40320,-11605,-30644,0
789,0,32768,0,-40288,-11558,-30662,0
790,0,32768,0,-40256,-11511,-30680,0
791,0,32768,0,-40224,-11464,-30697,0
792,0,32768,0,-40192,-11417,-30715,0
793,0,32768,0,-40160,-11370,-30732,0
794,0,32768,0,-40128,-11323,-30750,0
795,0,32768,0,-40096,-11275,-30767,0
796,0,32768,0,-40064,-11228,-30784,0
797,0,32768,0,-40032,-11181,-30801,0
798,0,32768,0,-40000,-11134,-30819,0
799,0,32768,0,-39968,-11086,-30836,0
800,0,32768,0,-39936,-11039,-30853,0
801,0,32768,0,-39904,-10992,-30870,0
802,0,32768,0,-39872,-10944,-30886,0
803,0,32768,0,-39840,-10897,-30903,0
804,0,32768,0,-39808,-10850,-30920,0
805,0,32768,0,-39776,-10802,-30936,0
806,0,32768,0,-39744,-10755,-30953,0
807,0,32768,0,-39712,-10707,-30969,0
808,0,32768,0,-39680,-10660,-30986,0
809,0,32768,0,-39648,-10612,-31002,0
810,0,32768,0,-39616,-10564,-31018,0
811,0,32768,0,-39584,-10517,-31034,0
812,0,32768,0,-39552,-10469,-31051,0
813,0,32768,0,-39520,-10422,-31067,0
814,0,32768,0,-39488,-10374,-31083,0
815,0,32768,0,-39456,-10327,-31098,0
816,0,32768,0,-39424,-10279,-31114,0
817,0,32768,0,-39392,-10231,-31130,0
818,0,32768,0,-39360,-10183,-31145,0
819,0,32768,0,-39328,-10135,-31161,0
820,0,32768,0,-39296,-10088,-31177,0
821,0,32768,0,-39264,-10040,-31192,0
822,0,32768,0,-39232,-9992,-31207,0
823,0,32768,0,-39200,-9944,-31223,0
824,0,32768,0,-39168,-9896,-31238,0
825,0,32768,0,-39136,-9848,-31253,0
826,0,32768,0,-39104,-9800,-31268,0
827,0,32768,0,-39072,-9752,-31283,0
828,0,32768,0,-39040,-9704,-31298,0
829,0,32768,0,-39008,-9656,-31313,0
830,0,32768,0,-38976,-9608,-31328,0
831,0,32768,0,-38944,-9560,-31342,0
832,0,32768,0,-38912,-9512,-31357,0
833,0,32768,0,-38880,-9464,-31372,0
834,0,32768,0,-38848,-9416,-31386,0
835,0,32768,0,-38816,-9368,-31401,0
836,0,32768,0,-38784,-9320,-31415,0
837,0,32768,0,-38752,-9271,-31429,0
838,0,32768,0,-38720,-9223,-31443,0
839,0,32768,0,-38688,-9175,-31457,0
840,0,32768,0,-38656,-9127,-31471,0
841,0,32768,0,-38624,-9078,-31485,0
842,0,32768,0,-38592,-9030,-31499,0
843,0,32768,0,-38560,-8982,-31513,0
844,0,32768,0,-38528,-8933,-31527,0
845,0,32768,0,-38496,-8885,-31540,0
846,0,32768,0,-38464,-8837,-31554,0
847,0,32768,0,-38432,-8788,-31568,0
848,0,32768,0,-38400,-8740,-31581,0
849,0,32768,0,-38368,-8691,-31594,0
850,0,32768,0,-38336,-8643,-31608,0
851,0,32768,0,-38304,-8594,-31621,0
852,0,32768,0,-38272,-8546,-31634,0
853,0,32768,0,-38240,-8497,-31647,0
854,0,32768,0,-38208,-8448,-31660,0
855,0,32768,0,-38176,-8400,-31673,0
856,0,32768,0,-38144,-8351,-31686,0
857,0,32768,0,-38112,-8303,-31699,0
858,0,32768,0,-38080,-8254,-31711,0
859,0,32768,0,-38048,-8206,-31724,0
860,0,32768,0,-38016,-8157,-31737,0
861,0,32768,0,-37984,-8108,-31749,0
862,0,32768,0,-37952,-8059,-31762,0
863,0,32768,0,-37920,-8011,-31774,0
864,0,32768,0,-37888,-7962,-31786,0
865,0,32768,0,-37856,-7913,-31798,0
866,0,32768,0,-37824,-7864,-31810,0
867,0,32768,0,-37792,-7816,-31822,0
868,0,32768,0,-37760,-7767,-31834,0
869,0,32768,0,-37728,-7718,-31846,0
870,0,32768,0,-37696,-7669,-31858,0
871,0,32768,0,-37664,-7620,-31870,0
872,0,32768,0,-37632,-7571,-31881,0
873,0,32768,0,-37600,-7522,-31893,0
874,0,32768,0,-37568,-7474,-31904,0
875,0,32768,0,-37536,-7425,-31916,0
876,0,32768,0,-37504,-7376,-31927,0
877,0,32768,0,-37472,-7327,-31939,0
878,0,32768,0,-37440,-7278,-31950,0
879,0,32768,0,-37408,-7229,-31961,0
880,0,32768,0,-37376,-7180,-31972,0
881,0,32768,0,-37344,-7131,-31983,0
882,0,32768,0,-37312,-7081,-31994,0
883,0,32768,0,-37280,-7032,-32004,0
884,0,32768,0,-37248,-6983,-32015,0
885,0,32768,0,-37216,-6934,-32026,0
886,0,32768,0,-37184,-6885,-32037,0
887,0,32768,0,-37152,-6836,-32047,0
888,0,32768,0,-37120,-6787,-32058,0
889,0,32768,0,-37088,-6737,-32068,0
890,0,32768,0,-37056,-6688,-32078,0
891,0,32768,0,-37024,-6639,-32088,0
892,0,32768,0,-36992,-6590,-32099,0
893,0,32768,0,-36960,-6541,-32109,0
894,0,32768,0,-36928,-6491,-32119,0
895,0,32768,0,-36896,-6442,-32129,0
896,0,32768,0,-36864,-6393,-32138,0
897,0,32768,0,-36832,-6343,-32148,0
898,0,32768,0,-36800,-6294,-32158,0
899,0,32768,0,-36768,-6245,-32168,0
900,0,32768,0,-36736,-6195,-32177,0
901,0,32768,0,-36704,-6146,-32187,0
902,0,32768,0,-36672,-6097,-32196,0
903,0,32768,0,-36640,-6047,-32205,0
904,0,32768,0,-36608,-5998,-32214,0
905,0,32768,0,-36576,-5948,-32223,0
906,0,32768,0,-36544,-5899,-32233,0
907,0,32768,0,-36512,-5849,-32242,0
908,0,32768,0,-36480,-5800,-32251,0
909,0,32768,0,-36448,-5751,-32259,0
910,0,32768,0,-36416,-5701,-32268,0
911,0,32768,0,-36384,-5652,-32277,0
912,0,32768,0,-36352,-5602,-32286,0
913,0,32768,0,-36320,-5553,-32294,0
914,0,32768,0,-36288,-5503,-32303,0
915,0,32768,0,-36256,-5453,-32311,0
916,0,32768,0,-36224,-5404,-32319,0
917,0,32768,0,-36192,-5354,-32328,0
918,0,32768,0,-36160,-5305,-32336,0
919,0,32768,0,-36128,-5255,-32344,0
920,0,32768,0,-36096,-5206,-32352,0
921,0,32768,0,-36064,-5156,-32360,0
922,0,32768,0,-36032,-5106,-32368,0
923,0,32768,0,-36000,-5056,-32376,0
924,0,32768,0,-35968,-5007,-32383,0
925,0,32768,0,-35936,-4957,-32391,0
926,0,32768,0,-35904,-4908,-32398,0
927,0,32768,0,-35872,-4858,-32406,0
928,0,32768,0,-35840,-4808,-32413,0
929,0,32768,0,-35808,-4758,-32421,0
930,0,32768,0,-35776,-4709,-32428,0
931,0,32768,0,-35744,-4659,-32435,0
932,0,32768,0,-35712,-4609,-32442,0
933,0,32768,0,-35680,-4559,-32449,0
934,0,32768,0,-35648,-4509,-32456,0
935,0,32768,0,-35616,-4460,-32463,0
936,0,32768,0,-35584,-4410,-32470,0
937,0,32768,0,-35552,-4360,-32477,0
938,0,32768,0,-35520,-4310,-32483,0
939,0,32768,0,-35488,-4260,-32490,0
940,0,32768,0,-35456,-4211,-32496,0
941,0,32768,0,-35424,-4161,-32503,0
942,0,32768,0,-35392,-4111,-32509,0
943,0,32768,0,-35360,-4061,-32515,0
944,0,32768,0,-35328,-4011,-32522,0
945,0,32768,0,-35296,-3961,-32528,0
946,0,32768,0,-35264,-3911,-32534,0
947,0,32768,0,-35232,-3861,-32540,0
948,0,32768,0,-35200,-3811,-32546,0
949,0,32768,0,-35168,-3762,-32551,0
950,0,32768,0,-35136,-3712,-32557,0
951,0,32768,0,-35104,-3662,-32563,0
952,0,32768,0,-35072,-3612,-32569,0
953,0,32768,0,-35040,-3562,-32574,0
954,0,32768,0,-35008,-3512,-32579,0
955,0,32768,0,-34976,-3462,-32585,0
956,0,32768,0,-34944,-3412,-32590,0
957,0,32768,0,-34912,-3362,-32595,0
958,0,32768,0,-34880,-3312,-32600,0
959,0,32768,0,-34848,-3262,-32605,0
960,0,32768,0,-34816,-3212,-32610,0
961,0,32768,0,-34784,-3162,-32615,0
962,0,32768,0,-34752,-3112,-32620,0
963,0,32768,0,-34720,-3062,-32625,0
964,0,32768,0,-34688,-3012,-32629,0
965,0,32768,0,-34656,-2962,-32634,0
966,0,32768,0,-34624,-2911,-32638,0
967,0,32768,0,-34592,-2861,-32643,0
968,0,32768,0,-34560,-2811,-32647,0
969,0,32768,0,-34528,-2761,-32652,0
970,0,32768,0,-34496,-2711,-32656,0
971,0,32768,0,-34464,-2661,-32660,0
972,0,32768,0,-34432,-2611,-32664,0
973,0,32768,0,-34400,-2561,-32668,0
974,0,32768,0,-34368,-2511,-32672,0
975,0,32768,0,-34336,-2461,-32675,0
976,0,32768,0,-34304,-2410,-32679,0
977,0,32768,0,-34272,-2360,-32683,0
978,0,32768,0,-34240,-2310,-32687,0
979,0,32768,0,-34208,-2260,-32690,0
980,0,32768,0,-34176,-2210,-32693,0
981,0,32768,0,-34144,-2160,-32697,0
982,0,32768,0,-34112,-2110,-32700,0
983,0,32768,0,-34080,-2059,-32703,0
984,0,32768,0,-34048,-2009,-32706,0
985,0,32768,0,-34016,-1959,-32709,0
986,0,32768,0,-33984,-1909,-32712,0
987,0,32768,0,-33952,-1859,-32715,0
988,0,32768,0,-33920,-1809,-32718,0
989,0,32768,0,-33888,-1758,-32721,0
990,0,32768,0,-33856,-1708,-32724,0
991,0,32768,0,-33824,-1658,-32726,0
992,0,32768,0,-33792,-1608,-32729,0
993,0,32768,0,-33760,-1557,-32731,0
994,0,32768,0,-33728,-1507,-32733,0
995,0,32768,0,-33696,-1457,-32736,0
996,0,32768,0,-33664,-1407,-32738,0
997,0,32768,0,-33632,-1357,-32740,0
998,0,32768,0,-33600,-1306,-32742,0
999,0,32768,0,-33568,-1256,-32744,0
1000,0,32768,0,-33536,-1206,-32746,0
1001,0,32768,0,-33504,-1156,-32748,0
1002,0,32768,0,-33472,-1106,-32749,0
1003,0,32768,0,-33440,-1055,-32751,0
1004,0,32768,0,-33408,-1005,-32753,0
1005,0,32768,0,-33376,-955,-32754,0
1006,0,32768,0,-33344,-905,-32756,0
1007,0,32768,0,-33312,-854,-32757,0
1008,0,32768,0,-33280,-804,-32758,0
1009,0,32768,0,-33248,-754,-32760,0
1010,0,32768,0,-33216,-704,-32760,0
1011,0,32768,0,-33184,-653,-32762,0
1012,0,32768,0,-33152,-603,-32763,0
1013,0,32768,0,-33120,-553,-32764,0
1014,0,32768,0,-33088,-503,-32764,0
1015,0,32768,0,-33056,-452,-32765,0
1016,0,32768,0,-33024,-402,-32765,0
1017,0,32768,0,-32992,-352,-32766,0
1018,0,32768,0,-32960,-301,-32767,0
1019,0,32768,0,-32928,-251,-32767,0
1020,0,32768,0,-32896,-201,-32767,0
1021,0,32768,0,-32864,-151,-32768,0
1022,0,32768,0,-32832,-100,-32768,0
1023,0,32768,0,-32800,-50,-32768,0
1024,0,32768,0,-32768,0,-32768,0
1025,0,32768,0,-32736,50,-32768,0
1026,0,32768,0,-32704,101,-32768,0
1027,0,32768,0,-32672,151,-32768,0
1028,0,32768,0,-32640,201,-32767,0
1029,0,32768,0,-32608,251,-32767,0
1030,0,32768,0,-32576,302,-32767,0
1031,0,32768,0,-32544,352,-32766,0
1032,0,32768,0,-32512,402,-32766,0
1033,0,32768,0,-32480,452,-32765,0
1034,0,32768,0,-32448,503,-32764,0
1035,0,32768,0,-32416,553,-32763,0
1036,0,32768,0,-32384,603,-32762,0
1037,0,32768,0,-32352,654,-32762,0
1038,0,32768,0,-32320,704,-32761,0
1039,0,32768,0,-32288,754,-32759,0
1040,0,32768,0,-32256,804,-32758,0
1041,0,32768,0,-32224,854,-32757,0
1042,0,32768,0,-32192,905,-32756,0
1043,0,32768,0,-32160,955,-32754,0
1044,0,32768,0,-32128,1005,-32753,0
1045,0,32768,0,-32096,1055,-32751,0
1046,0,32768,0,-32064,1106,-32749,0
1047,0,32768,0,-32032,1156,-32748,0
1048,0,32768,0,-32000,1206,-32746,0
1049,0,32768,0,-31968,1256,-32744,0
1050,0,32768,0,-31936,1307,-32742,0
1051,0,32768,0,-31904,1357,-32740,0
1052,0,32768,0,-31872,1407,-32738,0
1053,0,32768,0,-31840,1457,-32736,0
1054,0,32768,0,-31808,1508,-32733,0
1055,0,32768,0,-31776,1558,-32731,0
1056,0,32768,0,-31744,1608,-32729,0
1057,0,32768,0,-31712,1658,-32726,0
1058,0,32768,0,-31680,1708,-32724,0
1059,0,32768,0,-31648,1759,-32721,0
1060,0,32768,0,-31616,1809,-32718,0
1061,0,32768,0,-31584,1859,-32715,0
1062,0,32768,0,-31552,1909,-32712,0
1063,0,32768,0,-31520,1959,-32709,0
1064,0,32768,0,-31488,2009,-32706,0
1065,0,32768,0,-31456,2060,-32703,0
1066,0,32768,0,-31424,2110,-32700,0
1067,0,32768,0,-31392,2160,-32697,0
1068,0,32768,0,-31360,2210,-32694,0
1069,0,32768,0,-31328,2260,-32690,0
1070,0,32768,0,-31296,2310,-32687,0
1071,0,32768,0,-31264,2360,-32683,0
1072,0,32768,0,-31232,2411,-32679,0
1073,0,32768,0,-31200,2461,-32676,0
1074,0,32768,0,-31168,2511,-32672,0
1075,0,32768,0,-31136,2561,-32668,0
1076,0,32768,0,-31104,2611,-32664,0
1077,0,32768,0,-31072,2661,-32660,0
1078,0,32768,0,-31040,2711,-32656,0
1079,0,32768,0,-31008,2761,-32651,0
1080,0,32768,0,-30976,2811,-32647,0
1081,0,32768,0,-30944,2862,-32643,0
1082,0,32768,0,-30912,2912,-32638,0
1083,0,32768,0,-30880,2962,-32634,0
1084,0,32768,0,-30848,3012,-32629,0
1085,0,32768,0,-30816,3062,-32625,0
1086,0,32768,0,-30784,3112,-32620,0
1087,0,32768,0,-30752,3162,-32615,0
1088,0,32768,0,-30720,3212,-32610,0
1089,0,32768,0,-30688,3262,-32605,0
1090,0,32768,0,-30656,3312,-32600,0
1091,0,32768,0,-30624,3362,-32595,0
1092,0,32768,0,-30592,3412,-32590,0
1093,0,32768,0,-30560,3462,-32585,0
1094,0,32768,0,-30528,3512,-32579,0
1095,0,32768,0,-30496,3562,-32574,0
1096,0,32768,0,-30464,3612,-32568,0
1097,0,32768,0,-30432,3662,-32563,0
1098,0,32768,0,-30400,3712,-32557,0
1099,0,32768,0,-30368,3762,-32551,0
1100,0,32768,0,-30336,3812,-32546,0
1101,0,32768,0,-30304,3861,-32540,0
1102,0,32768,0,-30272,3911,-32534,0
1103,0,32768,0,-30240,3961,-32528,0
1104,0,32768,0,-30208,4011,-32522,0
1105,0,32768,0,-30176,4061,-32515,0
1106,0,32768,0,-30144,4111,-32509,0
1107,0,32768,0,-30112,4161,-32503,0
1108,0,32768,0,-30080,4211,-32496,0
1109,0,32768,0,-30048,4261,-32490,0
1110,0,32768,0,-30016,4310,-32483,0
1111,0,32768,0,-29984,4360,-32477,0
1112,0,32768,0,-29952,4410,-32470,0
1113,0,32768,0,-29920,4460,-32463,0
1114,0,32768,0,-29888,4510,-32456,0
1115,0,32768,0,-29856,4559,-32449,0
1116,0,32768,0,-29824,4609,-32442,0
1117,0,32768,0,-29792,4659,-32435,0
1118,0,32768,0,-29760,4709,-32428,0
1119,0,32768,0,-29728,4758,-32421,0
1120,0,32768,0,-29696,4808,-32413,0
1121,0,32768,0,-29664,4858,-32406,0
1122,0,32768,0,-29632,4908,-32398,0
1123,0,32768,0,-29600,4957,-32391,0
1124,0,32768,0,-29568,5007,-32383,0
1125,0,32768,0,-29536,5057,-32376,0
1126,0,32768,0,-29504,5106,-32368,0
1127,0,32768,0,-29472,5156,-32360,0
1128,0,32768,0,-29440,5206,-32352,0
1129,0,32768,0,-29408,5255,-32344,0
1130,0,32768,0,-29376,5305,-32336,0
1131,0,32768,0,-29344,5354,-32328,0
1132,0,32768,0,-29312,5404,-32319,0
1133,0,32768,0,-29280,5454,-32311,0
1134,0,32768,0,-29248,5503,-32303,0
1135,0,32768,0,-29216,5553,-32294,0
1136,0,32768,0,-29184,5602,-32286,0
1137,0,32768,0,-29152,5652,-32277,0
1138,0,32768,0,-29120,5701,-32268,0
1139,0,32768,0,-29088,5751,-32260,0
1140,0,32768,0,-29056,5800,-32251,0
1141,0,32768,0,-29024,5849,-32242,0
1142,0,32768,0,-28992,5899,-32233,0
1143,0,32768,0,-28960,5948,-32224,0
1144,0,32768,0,-28928,5998,-32214,0
1145,0,32768,0,-28896,6047,-32205,0
1146,0,32768,0,-28864,6097,-32196,0
1147,0,32768,0,-28832,6146,-32187,0
1148,0,32768,0,-28800,6196,-32177,0
1149,0,32768,0,-28768,6245,-32168,0
1150,0,32768,0,-28736,6294,-32158,0
1151,0,32768,0,-28704,6344,-32148,0
1152,0,32768,0,-28672,6393,-32138,0
1153,0,32768,0,-28640,6442,-32129,0
1154,0,32768,0,-28608,6491,-32119,0
1155,0,32768,0,-28576,6541,-32109,0
1156,0,32768,0,-28544,6590,-32099,0
1157,0,32768,0,-28512,6639,-32088,0
1158,0,32768,0,-28480,6688,-32078,0
1159,0,32768,0,-28448,6738,-32068,0
1160,0,32768,0,-28416,6787,-32058,0
1161,0,32768,0,-28384,6836,-32047,0
1162,0,32768,0,-28352,6885,-32037,0
1163,0,32768,0,-28320,6934,-32026,0
1164,0,32768,0,-28288,6983,-32015,0
1165,0,32768,0,-28256,7032,-32005,0
1166,0,32768,0,-28224,7081,-31994,0
1167,0,32768,0,-28192,7131,-31983,0
1168,0,32768,0,-28160,7180,-31972,0
1169,0,32768,0,-28128,7229,-31961,0
1170,0,32768,0,-28096,7278,-31950,0
1171,0,32768,0,-28064,7327,-31938,0
1172,0,32768,0,-28032,7376,-31927,0
1173,0,32768,0,-28000,7425,-31916,0
1174,0,32768,0,-27968,7474,-31904,0
1175,0,32768,0,-27936,7523,-31893,0
1176,0,32768,0,-27904,7571,-31881,0
1177,0,32768,0,-27872,7620,-31870,0
1178,0,32768,0,-27840,7669,-31858,0
1179,0,32768,0,-27808,7718,-31846,0
1180,0,32768,0,-27776,7767,-31834,0
1181,0,32768,0,-27744,7816,-31822,0
1182,0,32768,0,-27712,7864,-31810,0
1183,0,32768,0,-27680,7913,-31798,0
1184,0,32768,0,-27648,7962,-31786,0
1185,0,32768,0,-27616,8011,-31774,0
1186,0,32768,0,-27584,8060,-31761,0
1187,0,32768,0,-27552,8108,-31749,0
1188,0,32768,0,-27520,8157,-31737,0
1189,0,32768,0,-27488,8206,-31724,0
1190,0,32768,0,-27456,8254,-31711,0
1191,0,32768,0,-27424,8303,-31699,0
1192,0,32768,0,-27392,8351,-31686,0
1193,0,32768,0,-27360,8400,-31673,0
1194,0,32768,0,-27328,8449,-31660,0
1195,0,32768,0,-27296,8497,-31647,0
1196,0,32768,0,-27264,8546,-31634,0
1197,0,32768,0,-27232,8594,-31621,0
1198,0,32768,0,-27200,8643,-31608,0
1199,0,32768,0,-27168,8691,-31594,0
1200,0,32768,0,-27136,8740,-31581,0
1201,0,32768,0,-27104,8788,-31568,0
1202,0,32768,0,-27072,8837,-31554,0
1203,0,32768,0,-27040,8885,-31541,0
1204,0,32768,0,-27008,8933,-31527,0
1205,0,32768,0,-26976,8982,-31513,0
1206,0,32768,0,-26944,9030,-31499,0
1207,0,32768,0,-26912,9079,-31485,0
1208,0,32768,0,-26880,9127,-31471,0
1209,0,32768,0,-26848,9175,-31457,0
1210,0,32768,0,-26816,9223,-31443,0
1211,0,32768,0,-26784,9272,-31429,0
1212,0,32768,0,-26752,9320,-31415,0
1213,0,32768,0,-26720,9368,-31401,0
1214,0,32768,0,-26688,9416,-31386,0
1215,0,32768,0,-26656,9464,-31372,0
1216,0,32768,0,-26624,9512,-31357,0
1217,0,32768,0,-26592,9560,-31342,0
1218,0,32768,0,-26560,9608,-31328,0
1219,0,32768,0,-26528,9656,-31313,0
1220,0,32768,0,-26496,9704,-31298,0
1221,0,32768,0,-26464,9752,-31283,0
1222,0,32768,0,-26432,9800,-31268,0
1223,0,32768,0,-26400,9848,-31253,0
1224,0,32768,0,-26368,9896,-31238,0
1225,0,32768,0,-26336,9944,-31223,0
1226,0,32768,0,-26304,9992,-31208,0
1227,0,32768,0,-26272,10040,-31192,0
1228,0,32768,0,-26240,10088,-31177,0
1229,0,32768,0,-26208,10135,-31161,0
1230,0,32768,0,-26176,10183,-31146,0
1231,0,32768,0,-26144,10231,-31130,0
1232,0,32768,0,-26112,10279,-31114,0
1233,0,32768,0,-26080,10327,-31098,0
1234,0,32768,0,-26048,10374,-31082,0
1235,0,32768,0,-26016,10422,-31066,0
1236,0,32768,0,-25984,10470,-31051,0
1237,0,32768,0,-25952,10517,-31034,0
1238,0,32768,0,-25920,10565,-31018,0
1239,0,32768,0,-25888,10612,-31002,0
1240,0,32768,0,-25856,10660,-30986,0
1241,0,32768,0,-25824,10707,-30969,0
1242,0,32768,0,-25792,10755,-30953,0
1243,0,32768,0,-25760,10802,-30936,0
1244,0,32768,0,-25728,10850,-30920,0
1245,0,32768,0,-25696,10897,-30903,0
1246,0,32768,0,-25664,10944,-30886,0
1247,0,32768,0,-25632,10992,-30869,0
1248,0,32768,0,-25600,11039,-30853,0
1249,0,32768,0,-25568,11087,-30835,0
1250,0,32768,0,-25536,11134,-30819,0
1251,0,32768,0,-25504,11181,-30801,0
1252,0,32768,0,-25472,11228,-30784,0
1253,0,32768,0,-25440,11275,-30767,0
1254,0,32768,0,-25408,11323,-30750,0
1255,0,32768,0,-25376,11370,-30732,0
1256,0,32768,0,-25344,11417,-30715,0
1257,0,32768,0,-25312,11464,-30697,0
1258,0,32768,0,-25280,11511,-30680,0
1259,0,32768,0,-25248,11558,-30662,0
1260,0,32768,0,-25216,11605,-30644,0
1261,0,32768,0,-25184,11652,-30626,0
1262,0,32768,0,-25152,11699,-30608,0
1263,0,32768,0,-25120,11746,-30590,0
1264,0,32768,0,-25088,11793,-30572,0
1265,0,32768,0,-25056,11840,-30554,0
1266,0,32768,0,-25024,11887,-30536,0
1267,0,32768,0,-24992,11934,-30518,0
1268,0,32768,0,-24960,11980,-30499,0
1269,0,32768,0,-24928,12027,-30481,0
1270,0,32768,0,-24896,12074,-30463,0
1271,0,32768,0,-24864,12121,-30444,0
1272,0,32768,0,-24832,12167,-30425,0
1273,0,32768,0,-24800,12214,-30406,0
1274,0,32768,0,-24768,12261,-30388,0
1275,0,32768,0,-24736,12307,-30369,0
1276,0,32768,0,-24704,12354,-30350,0
1277,0,32768,0,-24672,12400,-30331,0
1278,0,32768,0,-24640,12447,-30312,0
1279,0,32768,0,-24608,12494,-30293,0
1280,0,32768,0,-24576,12540,-30274,0
1281,0,32768,0,-24544,12586,-30254,0
1282,0,32768,0,-24512,12633,-30235,0
1283,0,32768,0,-24480,12679,-30216,0
1284,0,32768,0,-24448,12725,-30196,0
1285,0,32768,0,-24416,12772,-30177,0
1286,0,32768,0,-24384,12818,-30157,0
1287,0,32768,0,-24352,12864,-30137,0
1288,0,32768,0,-24320,12910,-30118,0
1289,0,32768,0,-24288,12957,-30098,0
1290,0,32768,0,-24256,13003,-30078,0
1291,0,32768,0,-24224,13049,-30058,0
1292,0,32768,0,-24192,13095,-30038,0
1293,0,32768,0,-24160,13141,-30018,0
1294,0,32768,0,-24128,13187,-29997,0
1295,0,32768,0,-24096,13233,-29977,0
1296,0,32768,0,-24064,13279,-29957,0
1297,0,32768,0,-24032,13325,-29937,0
1298,0,32768,0,-24000,13371,-29916,0
1299,0,32768,0,-23968,13417,-29896,0
1300,0,32768,0,-23936,13463,-29875,0
1301,0,32768,0,-23904,13508,-29854,0
1302,0,32768,0,-23872,13554,-29833,0
1303,0,32768,0,-23840,13600,-29812,0
1304,0,32768,0,-23808,13646,-29792,0
1305,0,32768,0,-23776,13691,-29771,0
1306,0,32768,0,-23744,13737,-29750,0
1307,0,32768,0,-23712,13783,-29729,0
1308,0,32768,0,-23680,13828,-29707,0
1309,0,32768,0,-23648,13874,-29686,0
1310,0,32768,0,-23616,13919,-29665,0
1311,0,32768,0,-23584,13965,-29643,0
1312,0,32768,0,-23552,14010,-29622,0
1313,0,32768,0,-23520,14056,-29600,0
1314,0,32768,0,-23488,14101,-29579,0
1315,0,32768,0,-23456,14146,-29557,0
1316,0,32768,0,-23424,14192,-29535,0
1317,0,32768,0,-23392,14237,-29514,0
1318,0,32768,0,-23360,14282,-29492,0
1319,0,32768,0,-23328,14327,-29470,0
1320,0,32768,0,-23296,14373,-29448,0
1321,0,32768,0,-23264,14418,-29426,0
1322,0,32768,0,-23232,14463,-29404,0
1323,0,32768,0,-23200,14508,-29381,0
1324,0,32768,0,-23168,14553,-29359,0
1325,0,32768,0,-23136,14598,-29337,0
1326,0,32768,0,-23104,14643,-29314,0
1327,0,32768,0,-23072,14688,-29292,0
1328,0,32768,0,-23040,14733,-29269,0
1329,0,32768,0,-23008,14778,-29246,0
1330,0,32768,0,-22976,14823,-29224,0
1331,0,32768,0,-22944,14867,-29201,0
1332,0,32768,0,-22912,14912,-29178,0
1333,0,32768,0,-22880,14957,-29155,0
1334,0,32768,0,-22848,15002,-29132,0
1335,0,32768,0,-22816,15046,-29109,0
1336,0,32768,0,-22784,15091,-29086,0
1337,0,32768,0,-22752,15136,-29063,0
1338,0,32768,0,-22720,15180,-29040,0
1339,0,32768,0,-22688,15225,-29016,0
1340,0,32768,0,-22656,15269,-28993,0
1341,0,32768,0,-22624,15313,-28970,0
1342,0,32768,0,-22592,15358,-28946,0
1343,0,32768,0,-22560,15402,-28922,0
1344,0,32768,0,-22528,15447,-28899,0
1345,0,32768,0,-22496,15491,-28875,0
1346,0,32768,0,-22464,15535,-28851,0
1347,0,32768,0,-22432,15580,-28827,0
1348,0,32768,0,-22400,15624,-28803,0
1349,0,32768,0,-22368,15668,-28780,0
1350,0,32768,0,-22336,15712,-28755,0
1351,0,32768,0,-22304,15756,-28731,0
1352,0,32768,0,-22272,15800,-28707,0
1353,0,32768,0,-22240,15844,-28683,0
1354,0,32768,0,-22208,15888,-28658,0
1355,0,32768,0,-22176,15932,-28634,0
1356,0,32768,0,-22144,15976,-28610,0
1357,0,32768,0,-22112,16020,-28585,0
1358,0,32768,0,-22080,16064,-28561,0
1359,0,32768,0,-22048,16108,-28536,0
1360,0,32768,0,-22016,16151,-28511,0
1361,0,32768,0,-21984,16195,-28486,0
1362,0,32768,0,-21952,16239,-28461,0
1363,0,32768,0,-21920,16282,-28436,0
1364,0,32768,0,-21888,16326,-28411,0
1365,0,32768,0,-21856,16370,-28386,0
1366,0,32768,0,-21824,16413,-28361,0
1367,0,32768,0,-21792,16457,-28336,0
1368,0,32768,0,-21760,16500,-28311,0
1369,0,32768,0,-21728,16543,-28285,0
1370,0,32768,0,-21696,16587,-28260,0
1371,0,32768,0,-21664,16630,-28234,0
1372,0,32768,0,-21632,16674,-28209,0
1373,0,32768,0,-21600,16717,-28183,0
1374,0,32768,0,-21568,16760,-28158,0
1375,0,32768,0,-21536,16803,-28132,0
1376,0,32768,0,-21504,16846,-28106,0
1377,0,32768,0,-21472,16889,-28080,0
1378,0,32768,0,-21440,16932,-28054,0
1379,0,32768,0,-21408,16975,-28028,0
1380,0,32768,0,-21376,17018,-28002,0
1381,0,32768,0,-21344,17061,-27976,0
1382,0,32768,0,-21312,17104,-27950,0
1383,0,32768,0,-21280,17147,-27924,0
1384,0,32768,0,-21248,17190,-27897,0
1385,0,32768,0,-21216,17233,-27871,0
1386,0,32768,0,-21184,17275,-27844,0
1387,0,32768,0,-21152,17318,-27818,0
1388,0,32768,0,-21120,17361,-27791,0
1389,0,32768,0,-21088,17403,-27765,0
1390,0,32768,0,-21056,17446,-27738,0
1391,0,32768,0,-21024,17488,-27711,0
1392,0,32768,0,-20992,17531,-27684,0
1393,0,32768,0,-20960,17573,-27657,0
1394,0,32768,0,-20928,17616,-27630,0
1395,0,32768,0,-20896,17658,-27603,0
1396,0,32768,0,-20864,17700,-27576,0
1397,0,32768,0,-20832,17743,-27549,0
1398,0,32768,0,-20800,17785,-27522,0
1399,0,32768,0,-20768,17827,-27494,0
1400,0,32768,0,-20736,17869,-27467,0
1401,0,32768,0,-20704,17911,-27440,0
1402,0,32768,0,-20672,17954,-27412,0
1403,0,32768,0,-20640,17996,-27384,0
1404,0,32768,0,-20608,18037,-27357,0
1405,0,32768,0,-20576,18079,-27329,0
1406,0,32768,0,-20544,18121,-27301,0
1407,0,32768,0,-20512,18163,-27274,0
1408,0,32768,0,-20480,18205,-27246,0
1409,0,32768,0,-20448,18247,-27218,0
1410,0,32768,0,-20416,18288,-27190,0
1411,0,32768,0,-20384,18330,-27162,0
1412,0,32768,0,-20352,18372,-27133,0
1413,0,32768,0,-20320,18413,-27105,0
1414,0,32768,0,-20288,18455,-27077,0
1415,0,32768,0,-20256,18496,-27049,0
1416,0,32768,0,-20224,18538,-27020,0
1417,0,32768,0,-20192,18579,-26992,0
1418,0,32768,0,-20160,18621,-26963,0
1419,0,32768,0,-20128,18662,-26935,0
1420,0,32768,0,-20096,18703,-26906,0
1421,0,32768,0,-20064,18745,-26877,0
1422,0,32768,0,-20032,18786,-26848,0
1423,0,32768,0,-20000,18827,-26820,0
1424,0,32768,0,-19968,18868,-26791,0
1425,0,32768,0,-19936,18909,-26762,0
1426,0,32768,0,-19904,18950,-26733,0
1427,0,32768,0,-19872,18991,-26704,0
1428,0,32768,0,-19840,19032,-26674,0
1429,0,32768,0,-19808,19073,-26645,0
1430,0,32768,0,-19776,19114,-26616,0
1431,0,32768,0,-19744,19155,-26587,0
1432,0,32768,0,-19712,19196,-26557,0
1433,0,32768,0,-19680,19236,-26528,0
1434,0,32768,0,-19648,19277,-26498,0
1435,0,32768,0,-19616,19318,-26468,0
1436,0,32768,0,-19584,19358,-26439,0
1437,0,32768,0,-19552,19399,-26409,0
1438,0,32768,0,-19520,19439,-26379,0
1439,0,32768,0,-19488,19479,-26349,0
1440,0,32768,0,-19456,19520,-26320,0
1441,0,32768,0,-19424,19560,-26290,0
1442,0,32768,0,-19392,19601,-26260,0
1443,0,32768,0,-19360,19641,-26229,0
1444,0,32768,0,-19328,19681,-26199,0
1445,0,32768,0,-19296,19721,-26169,0
1446,0,32768,0,-19264,19761,-26139,0
1447,0,32768,0,-19232,19801,-26108,0
1448,0,32768,0,-19200,19841,-26078,0
1449,0,32768,0,-19168,19882,-26047,0
1450,0,32768,0,-19136,19921,-26017,0
1451,0,32768,0,-19104,19961,-25986,0
1452,0,32768,0,-19072,20001,-25956,0
1453,0,32768,0,-19040,20041,-25925,0
1454,0,32768,0,-19008,20081,-25894,0
1455,0,32768,0,-18976,20120,-25863,0
1456,0,32768,0,-18944,20160,-25833,0
1457,0,32768,0,-18912,20199,-25802,0
1458,0,32768,0,-18880,20239,-25771,0
1459,0,32768,0,-18848,20279,-25740,0
1460,0,32768,0,-18816,20318,-25708,0
1461,0,32768,0,-18784,20357,-25677,0
1462,0,32768,0,-18752,20397,-25646,0
1463,0,32768,0,-18720,20436,-25615,0
1464,0,32768,0,-18688,20475,-25583,0
1465,0,32768,0,-18656,20515,-25552,0
1466,0,32768,0,-18624,20554,-25520,0
1467,0,32768,0,-18592,20593,-25489,0
1468,0,32768,0,-18560,20632,-25457,0
1469,0,32768,0,-18528,20671,-25426,0
1470,0,32768,0,-18496,20710,-25394,0
1471,0,32768,0,-18464,20749,-25362,0
1472,0,32768,0,-18432,20788,-25330,0
1473,0,32768,0,-18400,20827,-25298,0
1474,0,32768,0,-18368,20866,-25266,0
1475,0,32768,0,-18336,20904,-25234,0
1476,0,32768,0,-18304,20943,-25202,0
1477,0,32768,0,-18272,20982,-25170,0
1478,0,32768,0,-18240,21020,-25138,0
1479,0,32768,0,-18208,21059,-25105,0
1480,0,32768,0,-18176,21097,-25073,0
1481,0,32768,0,-18144,21135,-25041,0
1482,0,32768,0,-18112,21174,-25008,0
1483,0,32768,0,-18080,21212,-24976,0
1484,0,32768,0,-18048,21251,-24943,0
1485,0,32768,0,-18016,21289,-24910,0
1486,0,32768,0,-17984,21327,-24878,0
1487,0,32768,0,-17952,21365,-24845,0
1488,0,32768,0,-17920,21403,-24812,0
1489,0,32768,0,-17888,21441,-24779,0
1490,0,32768,0,-17856,21479,-24746,0
1491,0,32768,0,-17824,21517,-24713,0
1492,0,32768,0,-17792,21555,-24680,0
1493,0,32768,0,-17760,21593,-24647,0
1494,0,32768,0,-17728,21631,-24614,0
1495,0,32768,0,-17696,21668,-24581,0
1496,0,32768,0,-17664,21706,-24548,0
1497,0,32768,0,-17632,21744,-24514,0
1498,0,32768,0,-17600,21781,-24481,0
1499,0,32768,0,-17568,21819,-24448,0
1500,0,32768,0,-17536,21856,-24414,0
1501,0,32768,0,-17504,21894,-24381,0
1502,0,32768,0,-17472,21931,-24347,0
1503,0,32768,0,-17440,21969,-24313,0
1504,0,32768,0,-17408,22006,-24280,0
1505,0,32768,0,-17376,22043,-24246,0
1506,0,32768,0,-17344,22080,-24212,0
1507,0,32768,0,-17312,22117,-24178,0
1508,0,32768,0,-17280,22154,-24144,0
1509,0,32768,0,-17248,22191,-24110,0
1510,0,32768,0,-17216,22228,-24076,0
1511,0,32768,0,-17184,22265,-24042,0
1512,0,32768,0,-17152,22302,-24008,0
1513,0,32768,0,-17120,22339,-23973,0
1514,0,32768,0,-17088,22376,-23939,0
1515,0,32768,0,-17056,22412,-23905,0
1516,0,32768,0,-17024,22449,-23870,0
1517,0,32768,0,-16992,22486,-23836,0
1518,0,32768,0,-16960,22522,-23801,0
1519,0,32768,0,-16928,22559,-23767,0
1520,0,32768,0,-16896,22595,-23732,0
1521,0,32768,0,-16864,22631,-23697,0
1522,0,32768,0,-16832,22668,-23663,0
1523,0,32768,0,-16800,22704,-23628,0
1524,0,32768,0,-16768,22740,-23593,0
1525,0,32768,0,-16736,22776,-23558,0
1526,0,32768,0,-16704,22813,-23523,0
1527,0,32768,0,-16672,22849,-23488,0
1528,0,32768,0,-16640,22885,-23453,0
1529,0,32768,0,-16608,22921,-23418,0
1530,0,32768,0,-16576,22956,-23383,0
1531,0,32768,0,-16544,22992,-23347,0
1532,0,32768,0,-16512,23028,-23312,0
1533,0,32768,0,-16480,23064,-23277,0
1534,0,32768,0,-16448,23099,-23242,0
1535,0,32768,0,-16416,23135,-23206,0
1536,0,32768,0,-16384,23171,-23170,0
1537,0,32768,0,-16352,23206,-23135,0
1538,0,32768,0,-16320,23242,-23099,0
1539,0,32768,0,-16288,23277,-23064,0
1540,0,32768,0,-16256,23312,-23028,0
1541,0,32768,0,-16224,23347,-22992,0
1542,0,32768,0,-16192,23383,-22956,0
1543,0,32768,0,-16160,23418,-22920,0
1544,0,32768,0,-16128,23453,-22884,0
1545,0,32768,0,-16096,23488,-22849,0
1546,0,32768,0,-16064,23523,-22812,0
1547,0,32768,0,-16032,23558,-22776,0
1548,0,32768,0,-16000,23593,-22740,0
1549,0,32768,0,-15968,23628,-22704,0
1550,0,32768,0,-15936,23663,-22668,0
1551,0,32768,0,-15904,23697,-22631,0
1552,0,32768,0,-15872,23732,-22595,0
1553,0,32768,0,-15840,23767,-22558,0
1554,0,32768,0,-15808,23801,-22522,0
1555,0,32768,0,-15776,23836,-22486,0
1556,0,32768,0,-15744,23870,-22449,0
1557,0,32768,0,-15712,23905,-22412,0
1558,0,32768,0,-15680,23939,-22375,0
1559,0,32768,0,-15648,23973,-22339,0
1560,0,32768,0,-15616,24008,-22302,0
1561,0,32768,0,-15584,24042,-22265,0
1562,0,32768,0,-15552,24076,-22228,0
1563,0,32768,0,-15520,24110,-22191,0
1564,0,32768,0,-15488,24144,-22154,0
1565,0,32768,0,-15456,24178,-22117,0
1566,0,32768,0,-15424,24212,-22080,0
1567,0,32768,0,-15392,24246,-22043,0
1568,0,32768,0,-15360,24280,-22006,0
1569,0,32768,0,-15328,24313,-21968,0
1570,0,32768,0,-15296,24347,-21931,0
1571,0,32768,0,-15264,24381,-21894,0
1572,0,32768,0,-15232,24414,-21856,0
1573,0,32768,0,-15200,24448,-21819,0
1574,0,32768,0,-15168,24481,-21781,0
1575,0,32768,0,-15136,24514,-21744,0
1576,0,32768,0,-15104,24548,-21706,0
1577,0,32768,0,-15072,24581,-21668,0
1578,0,32768,0,-15040,24614,-21631,0
1579,0,32768,0,-15008,24647,-21593,0
1580,0,32768,0,-14976,24681,-21555,0
1581,0,32768,0,-14944,24713,-21517,0
1582,0,32768,0,-14912,24747,-21479,0
1583,0,32768,0,-14880,24779,-21441,0
1584,0,32768,0,-14848,24812,-21403,0
1585,0,32768,0,-14816,24845,-21365,0
1586,0,32768,0,-14784,24878,-21327,0
1587,0,32768,0,-14752,24911,-21289,0
1588,0,32768,0,-14720,24943,-21250,0
1589,0,32768,0,-14688,24976,-21212,0
1590,0,32768,0,-14656,25008,-21174,0
1591,0,32768,0,-14624,25041,-21136,0
1592,0,32768,0,-14592,25073,-21097,0
1593,0,32768,0,-14560,25105,-21059,0
1594,0,32768,0,-14528,25138,-21020,0
1595,0,32768,0,-14496,25170,-20981,0
1596,0,32768,0,-14464,25202,-20943,0
1597,0,32768,0,-14432,25234,-20904,0
1598,0,32768,0,-14400,25266,-20865,0
1599,0,32768,0,-14368,25298,-20827,0
1600,0,32768,0,-14336,25330,-20788,0
1601,0,32768,0,-14304,25362,-20749,0
1602,0,32768,0,-14272,25394,-20710,0
1603,0,32768,0,-14240,25426,-20671,0
1604,0,32768,0,-14208,25457,-20632,0
1605,0,32768,0,-14176,25489,-20593,0
1606,0,32768,0,-14144,25520,-20554,0
1607,0,32768,0,-14112,25552,-20515,0
1608,0,32768,0,-14080,25583,-20475,0
1609,0,32768,0,-14048,25615,-20436,0
1610,0,32768,0,-14016,25646,-20397,0
1611,0,32768,0,-13984,25677,-20357,0
1612,0,32768,0,-13952,25708,-20318,0
1613,0,32768,0,-13920,25740,-20279,0
1614,0,32768,0,-13888,25771,-20239,0
1615,0,32768,0,-13856,25802,-20200,0
1616,0,32768,0,-13824,25833,-20160,0
1617,0,32768,0,-13792,25864,-20120,0
1618,0,32768,0,-13760,25894,-20080,0
1619,0,32768,0,-13728,25925,-20041,0
1620,0,32768,0,-13696,25956,-20001,0
1621,0,32768,0,-13664,25986,-19961,0
1622,0,32768,0,-13632,26017,-19921,0
1623,0,32768,0,-13600,26047,-19881,0
1624,0,32768,0,-13568,26078,-19841,0
1625,0,32768,0,-13536,26108,-19801,0
1626,0,32768,0,-13504,26139,-19761,0
1627,0,32768,0,-13472,26169,-19721,0
1628,0,32768,0,-13440,26199,-19681,0
1629,0,32768,0,-13408,26230,-19641,0
1630,0,32768,0,-13376,26260,-19601,0
1631,0,32768,0,-13344,26290,-19560,0
1632,0,32768,0,-13312,26320,-19520,0
1633,0,32768,0,-13280,26350,-19480,0
1634,0,32768,0,-13248,26379,-19439,0
1635,0,32768,0,-13216,26409,-19399,0
1636,0,32768,0,-13184,26439,-19358,0
1637,0,32768,0,-13152,26469,-19317,0
1638,0,32768,0,-13120,26498,-19277,0
1639,0,32768,0,-13088,26528,-19236,0
1640,0,32768,0,-13056,26557,-19195,0
1641,0,32768,0,-13024,26587,-19155,0
1642,0,32768,0,-12992,26616,-19114,0
1643,0,32768,0,-12960,26645,-19073,0
1644,0,32768,0,-12928,26674,-19032,0
1645,0,32768,0,-12896,26704,-18991,0
1646,0,32768,0,-12864,26733,-18950,0
1647,0,32768,0,-12832,26762,-18909,0
1648,0,32768,0,-12800,26791,-18868,0
1649,0,32768,0,-12768,26820,-18827,0
1650,0,32768,0,-12736,26848,-18786,0
1651,0,32768,0,-12704,26877,-18744,0
1652,0,32768,0,-12672,26906,-18703,0
1653,0,32768,0,-12640,26935,-18662,0
1654,0,32768,0,-12608,26963,-18621,0
1655,0,32768,0,-12576,26992,-18579,0
1656,0,32768,0,-12544,27020,-18538,0
1657,0,32768,0,-12512,27049,-18496,0
1658,0,32768,0,-12480,27077,-18455,0
1659,0,32768,0,-12448,27105,-18413,0
1660,0,32768,0,-12416,27133,-18372,0
1661,0,32768,0,-12384,27162,-18330,0
1662,0,32768,0,-12352,27190,-18288,0
1663,0,32768,0,-12320,27218,-18247,0
1664,0,32768,0,-12288,27246,-18205,0
1665,0,32768,0,-12256,27274,-18163,0
1666,0,32768,0,-12224,27301,-18121,0
1667,0,32768,0,-12192,27329,-18079,0
1668,0,32768,0,-12160,27357,-18037,0
1669,0,32768,0,-12128,27385,-17995,0
1670,0,32768,0,-12096,27412,-17953,0
1671,0,32768,0,-12064,27440,-17911,0
1672,0,32768,0,-12032,27467,-17869,0
1673,0,32768,0,-12000,27495,-17827,0
1674,0,32768,0,-11968,27522,-17785,0
1675,0,32768,0,-11936,27549,-17743,0
1676,0,32768,0,-11904,27576,-17701,0
1677,0,32768,0,-11872,27604,-17658,0
1678,0,32768,0,-11840,27630,-17616,0
1679,0,32768,0,-11808,27657,-17573,0
1680,0,32768,0,-11776,27684,-17531,0
1681,0,32768,0,-11744,27711,-17488,0
1682,0,32768,0,-11712,27738,-17446,0
1683,0,32768,0,-11680,27765,-17403,0
1684,0,32768,0,-11648,27791,-17360,0
1685,0,32768,0,-11616,27818,-17318,0
1686,0,32768,0,-11584,27844,-17275,0
1687,0,32768,0,-11552,27871,-17233,0
1688,0,32768,0,-11520,27897,-17190,0
1689,0,32768,0,-11488,27924,-17147,0
1690,0,32768,0,-11456,27950,-17104,0
1691,0,32768,0,-11424,27976,-17061,0
1692,0,32768,0,-11392,28002,-17018,0
1693,0,32768,0,-11360,28028,-16975,0
1694,0,32768,0,-11328,28054,-16932,0
1695,0,32768,0,-11296,28080,-16889,0
1696,0,32768,0,-11264,28106,-16846,0
1697,0,32768,0,-11232,28132,-16803,0
1698,0,32768,0,-11200,28158,-16760,0
1699,0,32768,0,-11168,28183,-16716,0
1700,0,32768,0,-11136,28209,-16673,0
1701,0,32768,0,-11104,28234,-16630,0
1702,0,32768,0,-11072,28260,-16587,0
1703,0,32768,0,-11040,28285,-16543,0
1704,0,32768,0,-11008,28311,-16500,0
1705,0,32768,0,-10976,28336,-16457,0
1706,0,32768,0,-10944,28361,-16413,0
1707,0,32768,0,-10912,28386,-16370,0
1708,0,32768,0,-10880,28411,-16326,0
1709,0,32768,0,-10848,28436,-16282,0
1710,0,32768,0,-10816,28461,-16239,0
1711,0,32768,0,-10784,28486,-16195,0
1712,0,32768,0,-10752,28511,-16151,0
1713,0,32768,0,-10720,28536,-16108,0
1714,0,32768,0,-10688,28560,-16064,0
1715,0,32768,0,-10656,28585,-16020,0
1716,0,32768,0,-10624,28610,-15976,0
1717,0,32768,0,-10592,28634,-15932,0
1718,0,32768,0,-10560,28658,-15888,0
1719,0,32768,0,-10528,28683,-15844,0
1720,0,32768,0,-10496,28707,-15800,0
1721,0,32768,0,-10464,28731,-15756,0
1722,0,32768,0,-10432,28756,-15712,0
1723,0,32768,0,-10400,28780,-15668,0
1724,0,32768,0,-10368,28804,-15624,0
1725,0,32768,0,-10336,28827,-15579,0
1726,0,32768,0,-10304,28851,-15535,0
1727,0,32768,0,-10272,28875,-15491,0
1728,0,32768,0,-10240,28899,-15447,0
1729,0,32768,0,-10208,28923,-15402,0
1730,0,32768,0,-10176,28946,-15358,0
1731,0,32768,0,-10144,28970,-15314,0
1732,0,32768,0,-10112,28993,-15269,0
1733,0,32768,0,-10080,29017,-15225,0
1734,0,32768,0,-10048,29040,-15180,0
1735,0,32768,0,-10016,29063,-15135,0
1736,0,32768,0,-9984,29086,-15091,0
1737,0,32768,0,-9952,29109,-15046,0
1738,0,32768,0,-9920,29133,-15002,0
1739,0,32768,0,-9888,29155,-14957,0
1740,0,32768,0,-9856,29178,-14912,0
1741,0,32768,0,-9824,29201,-14867,0
1742,0,32768,0,-9792,29224,-14823,0
1743,0,32768,0,-9760,29247,-14778,0
1744,0,32768,0,-9728,29269,-14733,0
1745,0,32768,0,-9696,29292,-14688,0
1746,0,32768,0,-9664,29314,-14643,0
1747,0,32768,0,-9632,29337,-14598,0
1748,0,32768,0,-9600,29359,-14553,0
1749,0,32768,0,-9568,29381,-14508,0
1750,0,32768,0,-9536,29404,-14463,0
1751,0,32768,0,-9504,29426,-14418,0
1752,0,32768,0,-9472,29448,-14373,0
1753,0,32768,0,-9440,29470,-14327,0
1754,0,32768,0,-9408,29492,-14282,0
1755,0,32768,0,-9376,29514,-14237,0
1756,0,32768,0,-9344,29536,-14192,0
1757,0,32768,0,-9312,29557,-14146,0
1758,0,32768,0,-9280,29579,-14101,0
1759,0,32768,0,-9248,29601,-14056,0
1760,0,32768,0,-9216,29622,-14010,0
1761,0,32768,0,-9184,29643,-13965,0
1762,0,32768,0,-9152,29665,-13919,0
1763,0,32768,0,-9120,29686,-13874,0
1764,0,32768,0,-9088,29707,-13828,0
1765,0,32768,0,-9056,29729,-13782,0
1766,0,32768,0,-9024,29750,-13737,0
1767,0,32768,0,-8992,29771,-13691,0
1768,0,32768,0,-8960,29792,-13646,0
1769,0,32768,0,-8928,29813,-13600,0
1770,0,32768,0,-8896,29833,-13554,0
1771,0,32768,0,-8864,29854,-13508,0
1772,0,32768,0,-8832,29875,-13462,0
1773,0,32768,0,-8800,29896,-13416,0
1774,0,32768,0,-8768,29916,-13371,0
1775,0,32768,0,-8736,29937,-13325,0
1776,0,32768,0,-8704,29957,-13279,0
1777,0,32768,0,-8672,29977,-13233,0
1778,0,32768,0,-8640,29998,-13187,0
1779,0,32768,0,-8608,30018,-13141,0
1780,0,32768,0,-8576,30038,-13095,0
1781,0,32768,0,-8544,30058,-13049,0
1782,0,32768,0,-8512,30078,-13003,0
1783,0,32768,0,-8480,30098,-12957,0
1784,0,32768,0,-8448,30118,-12910,0
1785,0,32768,0,-8416,30137,-12864,0
1786,0,32768,0,-8384,30157,-12818,0
1787,0,32768,0,-8352,30177,-12772,0
1788,0,32768,0,-8320,30196,-12725,0
1789,0,32768,0,-8288,30216,-12679,0
1790,0,32768,0,-8256,30235,-12633,0
1791,0,32768,0,-8224,30255,-12586,0
1792,0,32768,0,-8192,30274,-12540,0
1793,0,32768,0,-8160,30293,-12493,0
1794,0,32768,0,-8128,30312,-12447,0
1795,0,32768,0,-8096,30331,-12400,0
1796,0,32768,0,-8064,30350,-12354,0
1797,0,32768,0,-8032,30369,-12307,0
1798,0,32768,0,-8000,30388,-12261,0
1799,0,32768,0,-7968,30407,-12214,0
1800,0,32768,0,-7936,30425,-12167,0
1801,0,32768,0,-7904,30444,-12120,0
1802,0,32768,0,-7872,30463,-12074,0
1803,0,32768,0,-7840,30481,-12027,0
1804,0,32768,0,-7808,30500,-11980,0
1805,0,32768,0,-7776,30518,-11934,0
1806,0,32768,0,-7744,30536,-11887,0
1807,0,32768,0,-7712,30554,-11840,0
1808,0,32768,0,-7680,30572,-11793,0
1809,0,32768,0,-7648,30590,-11746,0
1810,0,32768,0,-7616,30609,-11699,0
1811,0,32768,0,-7584,30626,-11652,0
1812,0,32768,0,-7552,30644,-11605,0
1813,0,32768,0,-7520,30662,-11558,0
1814,0,32768,0,-7488,30680,-11511,0
1815,0,32768,0,-7456,30697,-11464,0
1816,0,32768,0,-7424,30715,-11417,0
1817,0,32768,0,-7392,30732,-11370,0
1818,0,32768,0,-7360,30750,-11323,0
1819,0,32768,0,-7328,30767,-11276,0
1820,0,32768,0,-7296,30784,-11228,0
1821,0,32768,0,-7264,30801,-11181,0
1822,0,32768,0,-7232,30819,-11134,0
1823,0,32768,0,-7200,30836,-11086,0
1824,0,32768,0,-7168,30853,-11039,0
1825,0,32768,0,-7136,30870,-10992,0
1826,0,32768,0,-7104,30886,-10944,0
1827,0,32768,0,-7072,30903,-10897,0
1828,0,32768,0,-7040,30920,-10850,0
1829,0,32768,0,-7008,30936,-10802,0
1830,0,32768,0,-6976,30953,-10755,0
1831,0,32768,0,-6944,30969,-10707,0
1832,0,32768,0,-6912,30986,-10660,0
1833,0,32768,0,-6880,31002,-10612,0
1834,0,32768,0,-6848,31018,-10565,0
1835,0,32768,0,-6816,31034,-10517,0
1836,0,32768,0,-6784,31051,-10469,0
1837,0,32768,0,-6752,31067,-10422,0
1838,0,32768,0,-6720,31083,-10374,0
1839,0,32768,0,-6688,31098,-10326,0
1840,0,32768,0,-6656,31114,-10279,0
1841,0,32768,0,-6624,31130,-10231,0
1842,0,32768,0,-6592,31146,-10183,0
1843,0,32768,0,-6560,31161,-10135,0
1844,0,32768,0,-6528,31177,-10088,0
1845,0,32768,0,-6496,31192,-10040,0
1846,0,32768,0,-6464,31207,-9992,0
1847,0,32768,0,-6432,31223,-9944,0
1848,0,32768,0,-6400,31238,-9896,0
1849,0,32768,0,-6368,31253,-9848,0
1850,0,32768,0,-6336,31268,-9800,0
1851,0,32768,0,-6304,31283,-9752,0
1852,0,32768,0,-6272,31298,-9704,0
1853,0,32768,0,-6240,31313,-9656,0
1854,0,32768,0,-6208,31328,-9608,0
1855,0,32768,0,-6176,31342,-9560,0
1856,0,32768,0,-6144,31357,-9512,0
1857,0,32768,0,-6112,31372,-9464,0
1858,0,32768,0,-6080,31386,-9416,0
1859,0,32768,0,-6048,31401,-9368,0
1860,0,32768,0,-6016,31415,-9319,0
1861,0,32768,0,-5984,31429,-9271,0
1862,0,32768,0,-5952,31443,-9223,0
1863,0,32768,0,-5920,31457,-9175,0
1864,0,32768,0,-5888,31471,-9127,0
1865,0,32768,0,-5856,31485,-9078,0
1866,0,32768,0,-5824,31499,-9030,0
1867,0,32768,0,-5792,31513,-8981,0
1868,0,32768,0,-5760,31527,-8933,0
1869,0,32768,0,-5728,31540,-8885,0
1870,0,32768,0,-5696,31554,-8836,0
1871,0,32768,0,-5664,31568,-8788,0
1872,0,32768,0,-5632,31581,-8740,0
1873,0,32768,0,-5600,31594,-8691,0
1874,0,32768,0,-5568,31608,-8643,0
1875,0,32768,0,-5536,31621,-8594,0
1876,0,32768,0,-5504,31634,-8546,0
1877,0,32768,0,-5472,31647,-8497,0
1878,0,32768,0,-5440,31660,-8448,0
1879,0,32768,0,-5408,31673,-8400,0
1880,0,32768,0,-5376,31686,-8351,0
1881,0,32768,0,-5344,31699,-8303,0
1882,0,32768,0,-5312,31711,-8254,0
1883,0,32768,0,-5280,31724,-8206,0
1884,0,32768,0,-5248,31737,-8157,0
1885,0,32768,0,-5216,31749,-8108,0
1886,0,32768,0,-5184,31762,-8059,0
1887,0,32768,0,-5152,31774,-8011,0
1888,0,32768,0,-5120,31786,-7962,0
1889,0,32768,0,-5088,31798,-7913,0
1890,0,32768,0,-5056,31810,-7864,0
1891,0,32768,0,-5024,31822,-7815,0
1892,0,32768,0,-4992,31834,-7767,0
1893,0,32768,0,-4960,31846,-7718,0
1894,0,32768,0,-4928,31858,-7669,0
1895,0,32768,0,-4896,31870,-7620,0
1896,0,32768,0,-4864,31881,-7571,0
1897,0,32768,0,-4832,31893,-7522,0
1898,0,32768,0,-4800,31904,-7473,0
1899,0,32768,0,-4768,31916,-7425,0
1900,0,32768,0,-4736,31927,-7376,0
1901,0,32768,0,-4704,31939,-7327,0
1902,0,32768,0,-4672,31950,-7278,0
1903,0,32768,0,-4640,31961,-7229,0
1904,0,32768,0,-4608,31972,-7180,0
1905,0,32768,0,-4576,31983,-7130,0
1906,0,32768,0,-4544,31994,-7081,0
1907,0,32768,0,-4512,32005,-7032,0
1908,0,32768,0,-4480,32015,-6983,0
1909,0,32768,0,-4448,32026,-6934,0
1910,0,32768,0,-4416,32037,-6885,0
1911,0,32768,0,-4384,32047,-6836,0
1912,0,32768,0,-4352,32058,-6786,0
1913,0,32768,0,-4320,32068,-6737,0
1914,0,32768,0,-4288,32078,-6688,0
1915,0,32768,0,-4256,32089,-6639,0
1916,0,32768,0,-4224,32099,-6590,0
1917,0,32768,0,-4192,32109,-6540,0
1918,0,32768,0,-4160,32119,-6491,0
1919,0,32768,0,-4128,32129,-6442,0
1920,0,32768,0,-4096,32138,-6393,0
1921,0,32768,0,-4064,32148,-6343,0
1922,0,32768,0,-4032,32158,-6294,0
1923,0,32768,0,-4000,32168,-6245,0
1924,0,32768,0,-3968,32177,-6195,0
1925,0,32768,0,-3936,32187,-6146,0
1926,0,32768,0,-3904,32196,-6097,0
1927,0,32768,0,-3872,32205,-6047,0
1928,0,32768,0,-3840,32214,-5998,0
1929,0,32768,0,-3808,32224,-5948,0
1930,0,32768,0,-3776,32233,-5899,0
1931,0,32768,0,-3744,32242,-5849,0
1932,0,32768,0,-3712,32251,-5800,0
1933,0,32768,0,-3680,32260,-5750,0
1934,0,32768,0,-3648,32268,-5701,0
1935,0,32768,0,-3616,32277,-5652,0
1936,0,32768,0,-3584,32286,-5602,0
1937,0,32768,0,-3552,32294,-5553,0
1938,0,32768,0,-3520,32303,-5503,0
1939,0,32768,0,-3488,32311,-5453,0
1940,0,32768,0,-3456,32319,-5404,0
1941,0,32768,0,-3424,32328,-5354,0
1942,0,32768,0,-3392,32336,-5305,0
1943,0,32768,0,-3360,32344,-5255,0
1944,0,32768,0,-3328,32352,-5206,0
1945,0,32768,0,-3296,32360,-5156,0
1946,0,32768,0,-3264,32368,-5106,0
1947,0,32768,0,-3232,32376,-5056,0
1948,0,32768,0,-3200,32383,-5007,0
1949,0,32768,0,-3168,32391,-4957,0
1950,0,32768,0,-3136,32398,-4907,0
1951,0,32768,0,-3104,32406,-4858,0
1952,0,32768,0,-3072,32414,-4808,0
1953,0,32768,0,-3040,32421,-4758,0
1954,0,32768,0,-3008,32428,-4709,0
1955,0,32768,0,-2976,32435,-4659,0
1956,0,32768,0,-2944,32442,-4609,0
1957,0,32768,0,-2912,32449,-4559,0
1958,0,32768,0,-2880,32456,-4509,0
1959,0,32768,0,-2848,32463,-4460,0
1960,0,32768,0,-2816,32470,-4410,0
1961,0,32768,0,-2784,32477,-4360,0
1962,0,32768,0,-2752,32483,-4310,0
1963,0,32768,0,-2720,32490,-4260,0
1964,0,32768,0,-2688,32496,-4211,0
1965,0,32768,0,-2656,32503,-4161,0
1966,0,32768,0,-2624,32509,-4111,0
1967,0,32768,0,-2592,32515,-4061,0
1968,0,32768,0,-2560,32522,-4011,0
1969,0,32768,0,-2528,32528,-3961,0
1970,0,32768,0,-2496,32534,-3911,0
1971,0,32768,0,-2464,32540,-3861,0
1972,0,32768,0,-2432,32546,-3812,0
1973,0,32768,0,-2400,32551,-3762,0
1974,0,32768,0,-2368,32557,-3712,0
1975,0,32768,0,-2336,32563,-3662,0
1976,0,32768,0,-2304,32569,-3612,0
1977,0,32768,0,-2272,32574,-3562,0
1978,0,32768,0,-2240,32579,-3512,0
1979,0,32768,0,-2208,32585,-3462,0
1980,0,32768,0,-2176,32590,-3412,0
1981,0,32768,0,-2144,32595,-3362,0
1982,0,32768,0,-2112,32600,-3312,0
1983,0,32768,0,-2080,32605,-3262,0
1984,0,32768,0,-2048,32610,-3212,0
1985,0,32768,0,-2016,32615,-3162,0
1986,0,32768,0,-1984,32620,-3112,0
1987,0,32768,0,-1952,32625,-3062,0
1988,0,32768,0,-1920,32629,-3012,0
1989,0,32768,0,-1888,32634,-2962,0
1990,0,32768,0,-1856,32639,-2912,0
1991,0,32768,0,-1824,32643,-2861,0
1992,0,32768,0,-1792,32647,-2811,0
1993,0,32768,0,-1760,32652,-2761,0
1994,0,32768,0,-1728,32656,-2711,0
1995,0,32768,0,-1696,32660,-2661,0
1996,0,32768,0,-1664,32664,-2611,0
1997,0,32768,0,-1632,32668,-2561,0
1998,0,32768,0,-1600,32672,-2511,0
1999,0,32768,0,-1568,32675,-2461,0
2000,0,32768,0,-1536,32679,-2410,0
2001,0,32768,0,-1504,32683,-2360,0
2002,0,32768,0,-1472,32687,-2310,0
2003,0,32768,0,-1440,32690,-2260,0
2004,0,32768,0,-1408,32693,-2210,0
2005,0,32768,0,-1376,32697,-2160,0
2006,0,32768,0,-1344,32700,-2110,0
2007,0,32768,0,-1312,32703,-2059,0
2008,0,32768,0,-1280,32706,-2009,0
2009,0,32768,0,-1248,32709,-1959,0
2010,0,32768,0,-1216,32713,-1909,0
2011,0,32768,0,-1184,32715,-1859,0
2012,0,32768,0,-1152,32718,-1809,0
2013,0,32768,0,-1120,32721,-1758,0
2014,0,32768,0,-1088,32724,-1708,0
2015,0,32768,0,-1056,32726,-1658,0
2016,0,32768,0,-1024,32729,-1608,0
2017,0,32768,0,-992,32731,-1558,0
2018,0,32768,0,-960,32733,-1507,0
2019,0,32768,0,-928,32736,-1457,0
2020,0,32768,0,-896,32738,-1407,0
2021,0,32768,0,-864,32740,-1357,0
2022,0,32768,0,-832,32742,-1306,0
2023,0,32768,0,-800,32744,-1256,0
2024,0,32768,0,-768,32746,-1206,0
2025,0,32768,0,-736,32748,-1156,0
2026,0,32768,0,-704,32749,-1106,0
2027,0,32768,0,-672,32751,-1055,0
2028,0,32768,0,-640,32753,-1005,0
2029,0,32768,0,-608,32754,-955,0
2030,0,32768,0,-576,32756,-905,0
2031,0,32768,0,-544,32757,-854,0
2032,0,32768,0,-512,32758,-804,0
2033,0,32768,0,-480,32760,-754,0
2034,0,32768,0,-448,32761,-704,0
2035,0,32768,0,-416,32762,-653,0
2036,0,32768,0,-384,32763,-603,0
2037,0,32768,0,-352,32764,-553,0
2038,0,32768,0,-320,32764,-503,0
2039,0,32768,0,-288,32765,-452,0
2040,0,32768,0,-256,32766,-402,0
2041,0,32768,0,-224,32766,-352,0
2042,0,32768,0,-192,32767,-302,0
2043,0,32768,0,-160,32767,-251,0
2044,0,32768,0,-128,32767,-201,0
2045,0,32768,0,-96,32768,-151,0
2046,0,32768,0,-64,32768,-100,0
2047,0,32768,0,-32,32768,-50,0
2048,0,32768,0,0,32768,0,0
2049,0,32768,0,32,32768,50,0
2050,0,32768,0,64,32768,101,0
2051,0,32768,0,96,32768,151,0
2052,0,32768,0,128,32767,201,0
2053,0,32768,0,160,32767,251,0
2054,0,32768,0,192,32767,302,0
2055,0,32768,0,224,32766,352,0
2056,0,32768,0,256,32766,402,0
2057,0,32768,0,288,32765,452,0
2058,0,32768,0,320,32764,503,0
2059,0,32768,0,352,32763,553,0
2060,0,32768,0,384,32763,603,0
2061,0,32768,0,416,32762,653,0
2062,0,32768,0,448,32761,704,0
2063,0,32768,0,480,32759,754,0
2064,0,32768,0,512,32758,804,0
2065,0,32768,0,544,32757,854,0
2066,0,32768,0,576,32756,905,0
2067,0,32768,0,608,32754,955,0
2068,0,32768,0,640,32753,1005,0
2069,0,32768,0,672,32751,1055,0
2070,0,32768,0,704,32749,1106,0
2071,0,32768,0,736,32748,1156,0
2072,0,32768,0,768,32746,1206,0
2073,0,32768,0,800,32744,1256,0
2074,0,32768,0,832,32742,1307,0
2075,0,32768,0,864,32740,1357,0
2076,0,32768,0,896,32738,1407,0
2077,0,32768,0,928,32736,1457,0
2078,0,32768,0,960,32734,1507,0
2079,0,32768,0,992,32731,1558,0
2080,0,32768,0,1024,32729,1608,0
2081,0,32768,0,1056,32726,1658,0
2082,0,32768,0,1088,32724,1708,0
2083,0,32768,0,1120,32721,1758,0
2084,0,32768,0,1152,32718,1809,0
2085,0,32768,0,1184,32715,1859,0
2086,0,32768,0,1216,32712,1909,0
2087,0,32768,0,1248,32709,1959,0
2088,0,32768,0,1280,32706,2009,0
2089,0,32768,0,1312,32703,2060,0
2090,0,32768,0,1344,32700,2110,0
2091,0,32768,0,1376,32697,2160,0
2092,0,32768,0,1408,32694,2210,0
2093,0,32768,0,1440,32690,2260,0
2094,0,32768,0,1472,32687,2310,0
2095,0,32768,0,1504,32683,2360,0
2096,0,32768,0,1536,32679,2410,0
2097,0,32768,0,1568,32676,2461,0
2098,0,32768,0,1600,32672,2511,0
2099,0,32768,0,1632,32668,2561,0
2100,0,32768,0,1664,32664,2611,0
2101,0,32768,0,1696,32660,2661,0
2102,0,32768,0,1728,32656,2711,0
2103,0,32768,0,1760,32651,2762,0
2104,0,32768,0,1792,32647,2811,0
2105,0,32768,0,1824,32643,2862,0
2106,0,32768,0,1856,32638,2912,0
2107,0,32768,0,1888,32634,2962,0
2108,0,32768,0,1920,32629,3012,0
2109,0,32768,0,1952,32625,3062,0
2110,0,32768,0,1984,32620,3112,0
2111,0,32768,0,2016,32615,3162,0
2112,0,32768,0,2048,32610,3212,0
2113,0,32768,0,2080,32605,3262,0
2114,0,32768,0,2112,32600,3312,0
2115,0,32768,0,2144,32595,3362,0
2116,0,32768,0,2176,32590,3412,0
2117,0,32768,0,2208,32585,3462,0
2118,0,32768,0,2240,32579,3512,0
2119,0,32768,0,2272,32574,3562,0
2120,0,32768,0,2304,32568,3612,0
2121,0,32768,0,2336,32563,3662,0
2122,0,32768,0,2368,32557,3712,0
2123,0,32768,0,2400,32551,3762,0
2124,0,32768,0,2432,32546,3812,0
2125,0,32768,0,2464,32540,3861,0
2126,0,32768,0,2496,32534,3911,0
2127,0,32768,0,2528,32528,3961,0
2128,0,32768,0,2560,32522,4011,0
2129,0,32768,0,2592,32515,4061,0
2130,0,32768,0,2624,32509,4111,0
2131,0,32768,0,2656,32503,4161,0
2132,0,32768,0,2688,32496,4211,0
2133,0,32768,0,2720,32490,4260,0
2134,0,32768,0,2752,32483,4310,0
2135,0,32768,0,2784,32477,4360,0
2136,0,32768,0,2816,32470,4410,0
2137,0,32768,0,2848,32463,4460,0
2138,0,32768,0,2880,32456,4509,0
2139,0,32768,0,2912,32449,4559,0
2140,0,32768,0,2944,32442,4609,0
2141,0,32768,0,2976,32435,4659,0
2142,0,32768,0,3008,32428,4709,0
2143,0,32768,0,3040,32421,4758,0
2144,0,32768,0,3072,32413,4808,0
2145,0,32768,0,3104,32406,4858,0
2146,0,32768,0,3136,32399,4908,0
2147,0,32768,0,3168,32391,4957,0
2148,0,32768,0,3200,32383,5007,0
2149,0,32768,0,3232,32376,5056,0
2150,0,32768,0,3264,32368,5106,0
2151,0,32768,0,3296,32360,5156,0
2152,0,32768,0,3328,32352,5206,0
2153,0,32768,0,3360,32344,5255,0
2154,0,32768,0,3392,32336,5305,0
2155,0,32768,0,3424,32328,5354,0
2156,0,32768,0,3456,32319,5404,0
2157,0,32768,0,3488,32311,5454,0
2158,0,32768,0,3520,32303,5503,0
2159,0,32768,0,3552,32294,5553,0
2160,0,32768,0,3584,32286,5602,0
2161,0,32768,0,3616,32277,5652,0
2162,0,32768,0,3648,32268,5701,0
2163,0,32768,0,3680,32260,5751,0
2164,0,32768,0,3712,32251,5800,0
2165,0,32768,0,3744,32242,5850,0
2166,0,32768,0,3776,32233,5899,0
2167,0,32768,0,3808,32224,5948,0
2168,0,32768,0,3840,32215,5998,0
2169,0,32768,0,3872,32205,6047,0
2170,0,32768,0,3904,32196,6097,0
2171,0,32768,0,3936,32187,6146,0
2172,0,32768,0,3968,32177,6196,0
2173,0,32768,0,4000,32168,6245,0
2174,0,32768,0,4032,32158,6294,0
2175,0,32768,0,4064,32148,6343,0
2176,0,32768,0,4096,32138,6393,0
2177,0,32768,0,4128,32129,6442,0
2178,0,32768,0,4160,32119,6491,0
2179,0,32768,0,4192,32109,6540,0
2180,0,32768,0,4224,32099,6590,0
2181,0,32768,0,4256,32088,6639,0
2182,0,32768,0,4288,32078,6688,0
2183,0,32768,0,4320,32068,6738,0
2184,0,32768,0,4352,32058,6787,0
2185,0,32768,0,4384,32047,6836,0
2186,0,32768,0,4416,32037,6885,0
2187,0,32768,0,4448,32026,6934,0
2188,0,32768,0,4480,32015,6983,0
2189,0,32768,0,4512,32005,7032,0
2190,0,32768,0,4544,31994,7082,0
2191,0,32768,0,4576,31983,7131,0
2192,0,32768,0,4608,31972,7180,0
2193,0,32768,0,4640,31961,7229,0
2194,0,32768,0,4672,31950,7278,0
2195,0,32768,0,4704,31938,7327,0
2196,0,32768,0,4736,31927,7376,0
2197,0,32768,0,4768,31916,7425,0
2198,0,32768,0,4800,31905,7474,0
2199,0,32768,0,4832,31893,7522,0
2200,0,32768,0,4864,31881,7571,0
2201,0,32768,0,4896,31870,7620,0
2202,0,32768,0,4928,31858,7669,0
2203,0,32768,0,4960,31846,7718,0
2204,0,32768,0,4992,31834,7767,0
2205,0,32768,0,5024,31822,7816,0
2206,0,32768,0,5056,31810,7864,0
2207,0,32768,0,5088,31798,7913,0
2208,0,32768,0,5120,31786,7962,0
2209,0,32768,0,5152,31774,8011,0
2210,0,32768,0,5184,31762,8060,0
2211,0,32768,0,5216,31749,8108,0
2212,0,32768,0,5248,31737,8157,0
2213,0,32768,0,5280,31724,8206,0
2214,0,32768,0,5312,31711,8254,0
2215,0,32768,0,5344,31699,8303,0
2216,0,32768,0,5376,31686,8352,0
2217,0,32768,0,5408,31673,8400,0
2218,0,32768,0,5440,31660,8448,0
2219,0,32768,0,5472,31647,8497,0
2220,0,32768,0,5504,31634,8546,0
2221,0,32768,0,5536,31621,8594,0
2222,0,32768,0,5568,31608,8643,0
2223,0,32768,0,5600,31594,8691,0
2224,0,32768,0,5632,31581,8740,0
2225,0,32768,0,5664,31568,8788,0
2226,0,32768,0,5696,31554,8837,0
2227,0,32768,0,5728,31541,8885,0
2228,0,32768,0,5760,31527,8933,0
2229,0,32768,0,5792,31513,8982,0
2230,0,32768,0,5824,31499,9030,0
2231,0,32768,0,5856,31485,9078,0
2232,0,32768,0,5888,31471,9127,0
2233,0,32768,0,5920,31457,9175,0
2234,0,32768,0,5952,31443,9223,0
2235,0,32768,0,5984,31429,9271,0
2236,0,32768,0,6016,31415,9320,0
2237,0,32768,0,6048,31401,9368,0
2238,0,32768,0,6080,31386,9416,0
2239,0,32768,0,6112,31372,9464,0
2240,0,32768,0,6144,31357,9512,0
2241,0,32768,0,6176,31342,9560,0
2242,0,32768,0,6208,31328,9608,0
2243,0,32768,0,6240,31313,9656,0
2244,0,32768,0,6272,31298,9704,0
2245,0,32768,0,6304,31283,9752,0
2246,0,32768,0,6336,31268,9800,0
2247,0,32768,0,6368,31253,9848,0
2248,0,32768,0,6400,31238,9896,0
2249,0,32768,0,6432,31223,9944,0
2250,0,32768,0,6464,31208,9992,0
2251,0,32768,0,6496,31192,10040,0
2252,0,32768,0,6528,31177,10088,0
2253,0,32768,0,6560,31161,10135,0
2254,0,32768,0,6592,31146,10183,0
2255,0,32768,0,6624,31130,10231,0
2256,0,32768,0,6656,31114,10279,0
2257,0,32768,0,6688,31098,10327,0
2258,0,32768,0,6720,31082,10374,0
2259,0,32768,0,6752,31066,10422,0
2260,0,32768,0,6784,31051,10470,0
2261,0,32768,0,6816,31034,10517,0
2262,0,32768,0,6848,31018,10565,0
2263,0,32768,0,6880,31002,10612,0
2264,0,32768,0,6912,30986,10660,0
2265,0,32768,0,6944,30969,10707,0
2266,0,32768,0,6976,30953,10755,0
2267,0,32768,0,7008,30936,10802,0
2268,0,32768,0,7040,30920,10850,0
2269,0,32768,0,7072,30903,10897,0
2270,0,32768,0,7104,30886,10945,0
2271,0,32768,0,7136,30869,10992,0
2272,0,32768,0,7168,30853,11039,0
2273,0,32768,0,7200,30836,11087,0
2274,0,32768,0,7232,30819,11134,0
2275,0,32768,0,7264,30802,11181,0
2276,0,32768,0,7296,30784,11228,0
2277,0,32768,0,7328,30767,11276,0
2278,0,32768,0,7360,30750,11323,0
2279,0,32768,0,7392,30732,11370,0
2280,0,32768,0,7424,30715,11417,0
2281,0,32768,0,7456,30697,11464,0
2282,0,32768,0,7488,30680,11511,0
2283,0,32768,0,7520,30662,11558,0
2284,0,32768,0,7552,30644,11605,0
2285,0,32768,0,7584,30626,11652,0
2286,0,32768,0,7616,30608,11699,0
2287,0,32768,0,7648,30590,11746,0
2288,0,32768,0,7680,30572,11793,0
2289,0,32768,0,7712,30554,11840,0
2290,0,32768,0,7744,30536,11887,0
2291,0,32768,0,7776,30518,11934,0
2292,0,32768,0,7808,30499,11980,0
2293,0,32768,0,7840,30481,12027,0
2294,0,32768,0,7872,30463,12074,0
2295,0,32768,0,7904,30444,12121,0
2296,0,32768,0,7936,30425,12167,0
2297,0,32768,0,7968,30406,12214,0
2298,0,32768,0,8000,30388,12261,0
2299,0,32768,0,8032,30369,12307,0
2300,0,32768,0,8064,30350,12354,0
2301,0,32768,0,8096,30331,12401,0
2302,0,32768,0,8128,30312,12447,0
2303,0,32768,0,8160,30293,12493,0
2304,0,32768,0,8192,30274,12540,0
2305,0,32768,0,8224,30254,12586,0
2306,0,32768,0,8256,30235,12633,0
2307,0,32768,0,8288,30216,12679,0
2308,0,32768,0,8320,30196,12726,0
2309,0,32768,0,8352,30177,12772,0
2310,0,32768,0,8384,30157,12818,0
2311,0,32768,0,8416,30137,12864,0
2312,0,32768,0,8448,30118,12910,0
2313,0,32768,0,8480,30098,12957,0
2314,0,32768,0,8512,30078,13003,0
2315,0,32768,0,8544,30058,13049,0
2316,0,32768,0,8576,30038,13095,0
2317,0,32768,0,8608,30018,13141,0
2318,0,32768,0,8640,29997,13187,0
2319,0,32768,0,8672,29977,13233,0
2320,0,32768,0,8704,29957,13279,0
2321,0,32768,0,8736,29937,13325,0
2322,0,32768,0,8768,29916,13371,0
2323,0,32768,0,8800,29896,13417,0
2324,0,32768,0,8832,29875,13462,0
2325,0,32768,0,8864,29854,13508,0
2326,0,32768,0,8896,29834,13554,0
2327,0,32768,0,8928,29812,13600,0
2328,0,32768,0,8960,29792,13646,0
2329,0,32768,0,8992,29771,13691,0
2330,0,32768,0,9024,29750,13737,0
2331,0,32768,0,9056,29729,13783,0
2332,0,32768,0,9088,29707,13828,0
2333,0,32768,0,9120,29686,13874,0
2334,0,32768,0,9152,29665,13919,0
2335,0,32768,0,9184,29643,13965,0
2336,0,32768,0,9216,29622,14010,0
2337,0,32768,0,9248,29600,14056,0
2338,0,32768,0,9280,29579,14101,0
2339,0,32768,0,9312,29557,14146,0
2340,0,32768,0,9344,29535,14192,0
2341,0,32768,0,9376,29514,14237,0
2342,0,32768,0,9408,29492,14282,0
2343,0,32768,0,9440,29470,14327,0
2344,0,32768,0,9472,29448,14373,0
2345,0,32768,0,9504,29426,14418,0
2346,0,32768,0,9536,29404,14463,0
2347,0,32768,0,9568,29381,14508,0
2348,0,32768,0,9600,29359,14553,0
2349,0,32768,0,9632,29337,14598,0
2350,0,32768,0,9664,29314,14643,0
2351,0,32768,0,9696,29292,14688,0
2352,0,32768,0,9728,29269,14733,0
2353,0,32768,0,9760,29247,14778,0
2354,0,32768,0,9792,29224,14823,0
2355,0,32768,0,9824,29201,14868,0
2356,0,32768,0,9856,29178,14912,0
2357,0,32768,0,9888,29155,14957,0
2358,0,32768,0,9920,29132,15002,0
2359,0,32768,0,9952,29109,15046,0
2360,0,32768,0,9984,29086,15091,0
2361,0,32768,0,10016,29063,15135,0
2362,0,32768,0,10048,29040,15180,0
2363,0,32768,0,10080,29017,15225,0
2364,0,32768,0,10112,28993,15269,0
2365,0,32768,0,10144,28970,15314,0
2366,0,32768,0,10176,28946,15358,0
2367,0,32768,0,10208,28922,15402,0
2368,0,32768,0,10240,28899,15447,0
2369,0,32768,0,10272,28875,15491,0
2370,0,32768,0,10304,28851,15535,0
2371,0,32768,0,10336,28827,15580,0
2372,0,32768,0,10368,28803,15624,0
2373,0,32768,0,10400,28780,15668,0
2374,0,32768,0,10432,28756,15712,0
2375,0,32768,0,10464,28731,15756,0
2376,0,32768,0,10496,28707,15800,0
2377,0,32768,0,10528,28683,15844,0
2378,0,32768,0,10560,28658,15888,0
2379,0,32768,0,10592,28634,15932,0
2380,0,32768,0,10624,28610,15976,0
2381,0,32768,0,10656,28585,16020,0
2382,0,32768,0,10688,28561,16064,0
2383,0,32768,0,10720,28536,16108,0
2384,0,32768,0,10752,28511,16151,0
2385,0,32768,0,10784,28486,16195,0
2386,0,32768,0,10816,28461,16239,0
2387,0,32768,0,10848,28436,16282,0
2388,0,32768,0,10880,28411,16326,0
2389,0,32768,0,10912,28386,16370,0
2390,0,32768,0,10944,28361,16413,0
2391,0,32768,0,10976,28336,16457,0
2392,0,32768,0,11008,28311,16500,0
2393,0,32768,0,11040,28285,16543,0
2394,0,32768,0,11072,28260,16587,0
2395,0,32768,0,11104,28234,16630,0
2396,0,32768,0,11136,28209,16673,0
2397,0,32768,0,11168,28183,16717,0
2398,0,32768,0,11200,28158,16760,0
2399,0,32768,0,11232,28132,16803,0
2400,0,32768,0,11264,28106,16846,0
2401,0,32768,0,11296,28080,16889,0
2402,0,32768,0,11328,28054,16932,0
2403,0,32768,0,11360,28028,16975,0
2404,0,32768,0,11392,28002,17018,0
2405,0,32768,0,11424,27976,17061,0
2406,0,32768,0,11456,27950,17104,0
2407,0,32768,0,11488,27924,17147,0
2408,0,32768,0,11520,27897,17190,0
2409,0,32768,0,11552,27871,17233,0
2410,0,32768,0,11584,27844,17275,0
2411,0,32768,0,11616,27818,17318,0
2412,0,32768,0,11648,27791,17360,0
2413,0,32768,0,11680,27765,17403,0
2414,0,32768,0,11712,27738,17446,0
2415,0,32768,0,11744,27711,17488,0
2416,0,32768,0,11776,27684,17531,0
2417,0,32768,0,11808,27657,17573,0
2418,0,32768,0,11840,27630,17616,0
2419,0,32768,0,11872,27603,17658,0
2420,0,32768,0,11904,27576,17701,0
2421,0,32768,0,11936,27549,17743,0
2422,0,32768,0,11968,27522,17785,0
2423,0,32768,0,12000,27494,17827,0
2424,0,32768,0,12032,27467,17869,0
2425,0,32768,0,12064,27440,17911,0
2426,0,32768,0,12096,27412,17953,0
2427,0,32768,0,12128,27384,17996,0
2428,0,32768,0,12160,27357,18038,0
2429,0,32768,0,12192,27329,18079,0
2430,0,32768,0,12224,27301,18121,0
2431,0,32768,0,12256,27274,18163,0
2432,0,32768,0,12288,27246,18205,0
2433,0,32768,0,12320,27218,18247,0
2434,0,32768,0,12352,27190,18289,0
2435,0,32768,0,12384,27162,18330,0
2436,0,32768,0,12416,27133,18372,0
2437,0,32768,0,12448,27105,18413,0
2438,0,32768,0,12480,27077,18455,0
2439,0,32768,0,12512,27049,18496,0
2440,0,32768,0,12544,27020,18538,0
2441,0,32768,0,12576,26992,18579,0
2442,0,32768,0,12608,26963,18621,0
2443,0,32768,0,12640,26935,18662,0
2444,0,32768,0,12672,26906,18703,0
2445,0,32768,0,12704,26877,18745,0
2446,0,32768,0,12736,26849,18786,0
2447,0,32768,0,12768,26820,18827,0
2448,0,32768,0,12800,26791,18868,0
2449,0,32768,0,12832,26762,18909,0
2450,0,32768,0,12864,26733,18950,0
2451,0,32768,0,12896,26704,18991,0
2452,0,32768,0,12928,26674,19032,0
2453,0,32768,0,12960,26645,19073,0
2454,0,32768,0,12992,26616,19114,0
2455,0,32768,0,13024,26587,19155,0
2456,0,32768,0,13056,26557,19195,0
2457,0,32768,0,13088,26528,19236,0
2458,0,32768,0,13120,26498,19277,0
2459,0,32768,0,13152,26468,19318,0
2460,0,32768,0,13184,26439,19358,0
2461,0,32768,0,13216,26409,19399,0
2462,0,32768,0,13248,26379,19439,0
2463,0,32768,0,13280,26349,19480,0
2464,0,32768,0,13312,26320,19520,0
2465,0,32768,0,13344,26290,19560,0
2466,0,32768,0,13376,26260,19601,0
2467,0,32768,0,13408,26230,19641,0
2468,0,32768,0,13440,26199,19681,0
2469,0,32768,0,13472,26169,19721,0
2470,0,32768,0,13504,26139,19761,0
2471,0,32768,0,13536,26108,19801,0
2472,0,32768,0,13568,26078,19842,0
2473,0,32768,0,13600,26048,19881,0
2474,0,32768,0,13632,26017,19921,0
2475,0,32768,0,13664,25987,19961,0
2476,0,32768,0,13696,25956,20001,0
2477,0,32768,0,13728,25925,20041,0
2478,0,32768,0,13760,25894,20080,0
2479,0,32768,0,13792,25863,20120,0
2480,0,32768,0,13824,25833,20160,0
2481,0,32768,0,13856,25802,20200,0
2482,0,32768,0,13888,25771,20239,0
2483,0,32768,0,13920,25740,20279,0
2484,0,32768,0,13952,25709,20318,0
2485,0,32768,0,13984,25677,20357,0
2486,0,32768,0,14016,25646,20397,0
2487,0,32768,0,14048,25615,20436,0
2488,0,32768,0,14080,25583,20475,0
2489,0,32768,0,14112,25552,20515,0
2490,0,32768,0,14144,25520,20554,0
2491,0,32768,0,14176,25489,20593,0
2492,0,32768,0,14208,25457,20632,0
2493,0,32768,0,14240,25426,20671,0
2494,0,32768,0,14272,25394,20710,0
2495,0,32768,0,14304,25362,20749,0
2496,0,32768,0,14336,25330,20788,0
2497,0,32768,0,14368,25298,20827,0
2498,0,32768,0,14400,25266,20865,0
2499,0,32768,0,14432,25234,20904,0
2500,0,32768,0,14464,25202,20943,0
2501,0,32768,0,14496,25170,20981,0
2502,0,32768,0,14528,25138,21020,0
2503,0,32768,0,14560,25105,21059,0
2504,0,32768,0,14592,25073,21097,0
2505,0,32768,0,14624,25041,21136,0
2506,0,32768,0,14656,25008,21174,0
2507,0,32768,0,14688,24976,21212,0
2508,0,32768,0,14720,24943,21251,0
2509,0,32768,0,14752,24910,21289,0
2510,0,32768,0,14784,24878,21327,0
2511,0,32768,0,14816,24845,21365,0
2512,0,32768,0,14848,24812,21403,0
2513,0,32768,0,14880,24779,21441,0
2514,0,32768,0,14912,24746,21479,0
2515,0,32768,0,14944,24714,21517,0
2516,0,32768,0,14976,24680,21555,0
2517,0,32768,0,15008,24647,21593,0
2518,0,32768,0,15040,24614,21631,0
2519,0,32768,0,15072,24581,21669,0
2520,0,32768,0,15104,24548,21706,0
2521,0,32768,0,15136,24514,21744,0
2522,0,32768,0,15168,24481,21781,0
2523,0,32768,0,15200,24448,21819,0
2524,0,32768,0,15232,24414,21856,0
2525,0,32768,0,15264,24381,21894,0
2526,0,32768,0,15296,24347,21931,0
2527,0,32768,0,15328,24313,21969,0
2528,0,32768,0,15360,24280,22006,0
2529,0,32768,0,15392,24246,22043,0
2530,0,32768,0,15424,24212,22080,0
2531,0,32768,0,15456,24178,22117,0
2532,0,32768,0,15488,24144,22154,0
2533,0,32768,0,15520,24110,22191,0
2534,0,32768,0,15552,24076,22228,0
2535,0,32768,0,15584,24042,22265,0
2536,0,32768,0,15616,24008,22302,0
2537,0,32768,0,15648,23973,22339,0
2538,0,32768,0,15680,23939,22376,0
2539,0,32768,0,15712,23905,22412,0
2540,0,32768,0,15744,23870,22449,0
2541,0,32768,0,15776,23836,22486,0
2542,0,32768,0,15808,23801,22522,0
2543,0,32768,0,15840,23767,22559,0
2544,0,32768,0,15872,23732,22595,0
2545,0,32768,0,15904,23697,22631,0
2546,0,32768,0,15936,23663,22668,0
2547,0,32768,0,15968,23628,22704,0
2548,0,32768,0,16000,23593,22740,0
2549,0,32768,0,16032,23558,22776,0
2550,0,32768,0,16064,23523,22812,0
2551,0,32768,0,16096,23488,22849,0
2552,0,32768,0,16128,23453,22885,0
2553,0,32768,0,16160,23418,22920,0
2554,0,32768,0,16192,23383,22956,0
2555,0,32768,0,16224,23348,22992,0
2556,0,32768,0,16256,23312,23028,0
2557,0,32768,0,16288,23277,23064,0
2558,0,32768,0,16320,23242,23099,0
2559,0,32768,0,16352,23206,23135,0
2560,0,32768,0,16384,23170,23171,0
2561,0,32768,0,16416,23135,23206,0
2562,0,32768,0,16448,23099,23242,0
2563,0,32768,0,16480,23064,23277,0
2564,0,32768,0,16512,23028,23312,0
2565,0,32768,0,16544,22992,23348,0
2566,0,32768,0,16576,22956,23383,0
2567,0,32768,0,16608,22920,23418,0
2568,0,32768,0,16640,22884,23453,0
2569,0,32768,0,16672,22849,23488,0
2570,0,32768,0,16704,22812,23523,0
2571,0,32768,0,16736,22776,23558,0
2572,0,32768,0,16768,22740,23593,0
2573,0,32768,0,16800,22704,23628,0
2574,0,32768,0,16832,22668,23663,0
2575,0,32768,0,16864,22631,23697,0
2576,0,32768,0,16896,22595,23732,0
2577,0,32768,0,16928,22558,23767,0
2578,0,32768,0,16960,22522,23801,0
2579,0,32768,0,16992,22486,23836,0
2580,0,32768,0,17024,22449,23870,0
2581,0,32768,0,17056,22412,23905,0
2582,0,32768,0,17088,22375,23939,0
2583,0,32768,0,17120,22339,23973,0
2584,0,32768,0,17152,22302,24008,0
2585,0,32768,0,17184,22265,24042,0
2586,0,32768,0,17216,22228,24076,0
2587,0,32768,0,17248,22191,24110,0
2588,0,32768,0,17280,22154,24144,0
2589,0,32768,0,17312,22117,24178,0
2590,0,32768,0,17344,22080,24212,0
2591,0,32768,0,17376,22043,24246,0
2592,0,32768,0,17408,22006,24280,0
2593,0,32768,0,17440,21969,24313,0
2594,0,32768,0,17472,21931,24347,0
2595,0,32768,0,17504,21894,24381,0
2596,0,32768,0,17536,21856,24414,0
2597,0,32768,0,17568,21819,24448,0
2598,0,32768,0,17600,21781,24481,0
2599,0,32768,0,17632,21744,24514,0
2600,0,32768,0,17664,21706,24548,0
2601,0,32768,0,17696,21668,24581,0
2602,0,32768,0,17728,21631,24614,0
2603,0,32768,0,17760,21593,24647,0
2604,0,32768,0,17792,21555,24681,0
2605,0,32768,0,17824,21517,24714,0
2606,0,32768,0,17856,21479,24746,0
2607,0,32768,0,17888,21441,24779,0
2608,0,32768,0,17920,21403,24812,0
2609,0,32768,0,17952,21365,24845,0
2610,0,32768,0,17984,21327,24878,0
2611,0,32768,0,18016,21289,24910,0
2612,0,32768,0,18048,21250,24943,0
2613,0,32768,0,18080,21212,24976,0
2614,0,32768,0,18112,21174,25008,0
2615,0,32768,0,18144,21136,25041,0
2616,0,32768,0,18176,21097,25073,0
2617,0,32768,0,18208,21059,25105,0
2618,0,32768,0,18240,21020,25138,0
2619,0,32768,0,18272,20981,25170,0
2620,0,32768,0,18304,20943,25202,0
2621,0,32768,0,18336,20904,25234,0
2622,0,32768,0,18368,20865,25266,0
2623,0,32768,0,18400,20827,25298,0
2624,0,32768,0,18432,20788,25330,0
2625,0,32768,0,18464,20749,25362,0
2626,0,32768,0,18496,20710,25394,0
2627,0,32768,0,18528,20671,25426,0
2628,0,32768,0,18560,20632,25457,0
2629,0,32768,0,18592,20593,25489,0
2630,0,32768,0,18624,20554,25520,0
2631,0,32768,0,18656,20515,25552,0
2632,0,32768,0,18688,20475,25583,0
2633,0,32768,0,18720,20436,25615,0
2634,0,32768,0,18752,20397,25646,0
2635,0,32768,0,18784,20357,25677,0
2636,0,32768,0,18816,20318,25709,0
2637,0,32768,0,18848,20279,25740,0
2638,0,32768,0,18880,20239,25771,0
2639,0,32768,0,18912,20200,25802,0
2640,0,32768,0,18944,20160,25833,0
2641,0,32768,0,18976,20120,25863,0
2642,0,32768,0,19008,20080,25894,0
2643,0,32768,0,19040,20041,25925,0
2644,0,32768,0,19072,20001,25956,0
2645,0,32768,0,19104,19961,25987,0
2646,0,32768,0,19136,19921,26017,0
2647,0,32768,0,19168,19881,26048,0
2648,0,32768,0,19200,19842,26078,0
2649,0,32768,0,19232,19801,26108,0
2650,0,32768,0,19264,19761,26139,0
2651,0,32768,0,19296,19721,26169,0
2652,0,32768,0,19328,19681,26199,0
2653,0,32768,0,19360,19641,26230,0
2654,0,32768,0,19392,19601,26260,0
2655,0,32768,0,19424,19560,26290,0
2656,0,32768,0,19456,19520,26320,0
2657,0,32768,0,19488,19480,26349,0
2658,0,32768,0,19520,19439,26379,0
2659,0,32768,0,19552,19399,26409,0
2660,0,32768,0,19584,19358,26439,0
2661,0,32768,0,19616,19317,26468,0
2662,0,32768,0,19648,19277,26498,0
2663,0,32768,0,19680,19236,26528,0
2664,0,32768,0,19712,19195,26557,0
2665,0,32768,0,19744,19155,26587,0
2666,0,32768,0,19776,19114,26616,0
2667,0,32768,0,19808,19073,26645,0
2668,0,32768,0,19840,19032,26675,0
2669,0,32768,0,19872,18991,26704,0
2670,0,32768,0,19904,18950,26733,0
2671,0,32768,0,19936,18909,26762,0
2672,0,32768,0,19968,18868,26791,0
2673,0,32768,0,20000,18827,26820,0
2674,0,32768,0,20032,18786,26849,0
2675,0,32768,0,20064,18744,26877,0
2676,0,32768,0,20096,18703,26906,0
2677,0,32768,0,20128,18662,26935,0
2678,0,32768,0,20160,18621,26963,0
2679,0,32768,0,20192,18579,26992,0
2680,0,32768,0,20224,18538,27020,0
2681,0,32768,0,20256,18496,27049,0
2682,0,32768,0,20288,18455,27077,0
2683,0,32768,0,20320,18413,27105,0
2684,0,32768,0,20352,18372,27134,0
2685,0,32768,0,20384,18330,27162,0
2686,0,32768,0,20416,18288,27190,0
2687,0,32768,0,20448,18247,27218,0
2688,0,32768,0,20480,18205,27246,0
2689,0,32768,0,20512,18163,27274,0
2690,0,32768,0,20544,18121,27301,0
2691,0,32768,0,20576,18079,27329,0
2692,0,32768,0,20608,18037,27357,0
2693,0,32768,0,20640,17995,27385,0
2694,0,32768,0,20672,17953,27412,0
2695,0,32768,0,20704,17911,27440,0
2696,0,32768,0,20736,17869,27467,0
2697,0,32768,0,20768,17827,27494,0
2698,0,32768,0,20800,17785,27522,0
2699,0,32768,0,20832,17743,27549,0
2700,0,32768,0,20864,17701,27576,0
2701,0,32768,0,20896,17658,27603,0
2702,0,32768,0,20928,17616,27630,0
2703,0,32768,0,20960,17573,27657,0
2704,0,32768,0,20992,17531,27684,0
2705,0,32768,0,21024,17488,27711,0
2706,0,32768,0,21056,17446,27738,0
2707,0,32768,0,21088,17403,27765,0
2708,0,32768,0,21120,17360,27791,0
2709,0,32768,0,21152,17318,27818,0
2710,0,32768,0,21184,17275,27845,0
2711,0,32768,0,21216,17233,27871,0
2712,0,32768,0,21248,17190,27897,0
2713,0,32768,0,21280,17147,27924,0
2714,0,32768,0,21312,17104,27950,0
2715,0,32768,0,21344,17061,27976,0
2716,0,32768,0,21376,17018,28002,0
2717,0,32768,0,21408,16975,28028,0
2718,0,32768,0,21440,16932,28054,0
2719,0,32768,0,21472,16889,28080,0
2720,0,32768,0,21504,16846,28106,0
2721,0,32768,0,21536,16803,28132,0
2722,0,32768,0,21568,16760,28158,0
2723,0,32768,0,21600,16716,28183,0
2724,0,32768,0,21632,16673,28209,0
2725,0,32768,0,21664,16630,28234,0
2726,0,32768,0,21696,16587,28260,0
2727,0,32768,0,21728,16543,28285,0
2728,0,32768,0,21760,16500,28311,0
2729,0,32768,0,21792,16457,28336,0
2730,0,32768,0,21824,16413,28361,0
2731,0,32768,0,21856,16370,28386,0
2732,0,32768,0,21888,16326,28411,0
2733,0,32768,0,21920,16282,28436,0
2734,0,32768,0,21952,16239,28461,0
2735,0,32768,0,21984,16195,28486,0
2736,0,32768,0,22016,16151,28511,0
2737,0,32768,0,22048,16108,28536,0
2738,0,32768,0,22080,16064,28561,0
2739,0,32768,0,22112,16020,28585,0
2740,0,32768,0,22144,15976,28610,0
2741,0,32768,0,22176,15932,28634,0
2742,0,32768,0,22208,15888,28658,0
2743,0,32768,0,22240,15844,28683,0
2744,0,32768,0,22272,15800,28707,0
2745,0,32768,0,22304,15756,28731,0
2746,0,32768,0,22336,15712,28756,0
2747,0,32768,0,22368,15668,28780,0
2748,0,32768,0,22400,15624,28803,0
2749,0,32768,0,22432,15579,28827,0
2750,0,32768,0,22464,15535,28851,0
2751,0,32768,0,22496,15491,28875,0
2752,0,32768,0,22528,15447,28899,0
2753,0,32768,0,22560,15402,28922,0
2754,0,32768,0,22592,15358,28946,0
2755,0,32768,0,22624,15314,28970,0
2756,0,32768,0,22656,15269,28993,0
2757,0,32768,0,22688,15225,29017,0
2758,0,32768,0,22720,15180,29040,0
2759,0,32768,0,22752,15135,29063,0
2760,0,32768,0,22784,15091,29086,0
2761,0,32768,0,22816,15046,29109,0
2762,0,32768,0,22848,15002,29132,0
2763,0,32768,0,22880,14957,29155,0
2764,0,32768,0,22912,14912,29178,0
2765,0,32768,0,22944,14867,29201,0
2766,0,32768,0,22976,14823,29224,0
2767,0,32768,0,23008,14778,29247,0
2768,0,32768,0,23040,14733,29269,0
2769,0,32768,0,23072,14688,29292,0
2770,0,32768,0,23104,14643,29314,0
2771,0,32768,0,23136,14598,29337,0
2772,0,32768,0,23168,14553,29359,0
2773,0,32768,0,23200,14508,29381,0
2774,0,32768,0,23232,14463,29404,0
2775,0,32768,0,23264,14418,29426,0
2776,0,32768,0,23296,14373,29448,0
2777,0,32768,0,23328,14327,29470,0
2778,0,32768,0,23360,14282,29492,0
2779,0,32768,0,23392,14237,29514,0
2780,0,32768,0,23424,14192,29535,0
2781,0,32768,0,23456,14146,29557,0
2782,0,32768,0,23488,14101,29579,0
2783,0,32768,0,23520,14056,29600,0
2784,0,32768,0,23552,14010,29622,0
2785,0,32768,0,23584,13965,29643,0
2786,0,32768,0,23616,13919,29665,0
2787,0,32768,0,23648,13874,29686,0
2788,0,32768,0,23680,13828,29707,0
2789,0,32768,0,23712,13782,29729,0
2790,0,32768,0,23744,13737,29750,0
2791,0,32768,0,23776,13691,29771,0
2792,0,32768,0,23808,13646,29792,0
2793,0,32768,0,23840,13600,29813,0
2794,0,32768,0,23872,13554,29834,0
2795,0,32768,0,23904,13508,29854,0
2796,0,32768,0,23936,13462,29875,0
2797,0,32768,0,23968,13417,29896,0
2798,0,32768,0,24000,13371,29916,0
2799,0,32768,0,24032,13325,29937,0
2800,0,32768,0,24064,13279,29957,0
2801,0,32768,0,24096,13233,29977,0
2802,0,32768,0,24128,13187,29997,0
2803,0,32768,0,24160,13141,30018,0
2804,0,32768,0,24192,13095,30038,0
2805,0,32768,0,24224,13049,30058,0
2806,0,32768,0,24256,13003,30078,0
2807,0,32768,0,24288,12957,30098,0
2808,0,32768,0,24320,12910,30118,0
2809,0,32768,0,24352,12864,30137,0
2810,0,32768,0,24384,12818,30157,0
2811,0,32768,0,24416,12772,30177,0
2812,0,32768,0,24448,12725,30196,0
2813,0,32768,0,24480,12679,30216,0
2814,0,32768,0,24512,12633,30235,0
2815,0,32768,0,24544,12586,30254,0
2816,0,32768,0,24576,12540,30274,0
2817,0,32768,0,24608,12493,30293,0
2818,0,32768,0,24640,12447,30312,0
2819,0,32768,0,24672,12400,30331,0
2820,0,32768,0,24704,12354,30350,0
2821,0,32768,0,24736,12307,30369,0
2822,0,32768,0,24768,12261,30388,0
2823,0,32768,0,24800,12214,30407,0
2824,0,32768,0,24832,12167,30425,0
2825,0,32768,0,24864,12121,30444,0
2826,0,32768,0,24896,12074,30463,0
2827,0,32768,0,24928,12027,30481,0
2828,0,32768,0,24960,11980,30500,0
2829,0,32768,0,24992,11934,30518,0
2830,0,32768,0,25024,11887,30536,0
2831,0,32768,0,25056,11840,30554,0
2832,0,32768,0,25088,11793,30572,0
2833,0,32768,0,25120,11746,30590,0
2834,0,32768,0,25152,11699,30608,0
2835,0,32768,0,25184,11652,30626,0
2836,0,32768,0,25216,11605,30644,0
2837,0,32768,0,25248,11558,30662,0
2838,0,32768,0,25280,11511,30680,0
2839,0,32768,0,25312,11464,30697,0
2840,0,32768,0,25344,11417,30715,0
2841,0,32768,0,25376,11370,30732,0
2842,0,32768,0,25408,11323,30750,0
2843,0,32768,0,25440,11276,30767,0
2844,0,32768,0,25472,11228,30784,0
2845,0,32768,0,25504,11181,30802,0
2846,0,32768,0,25536,11134,30819,0
2847,0,32768,0,25568,11087,30836,0
2848,0,32768,0,25600,11039,30853,0
2849,0,32768,0,25632,10992,30869,0
2850,0,32768,0,25664,10944,30886,0
2851,0,32768,0,25696,10897,30903,0
2852,0,32768,0,25728,10850,30920,0
2853,0,32768,0,25760,10802,30936,0
2854,0,32768,0,25792,10755,30953,0
2855,0,32768,0,25824,10707,30969,0
2856,0,32768,0,25856,10660,30986,0
2857,0,32768,0,25888,10612,31002,0
2858,0,32768,0,25920,10565,31018,0
2859,0,32768,0,25952,10517,31034,0
2860,0,32768,0,25984,10469,31051,0
2861,0,32768,0,26016,10422,31066,0
2862,0,32768,0,26048,10374,31083,0
2863,0,32768,0,26080,10326,31099,0
2864,0,32768,0,26112,10279,31114,0
2865,0,32768,0,26144,10231,31130,0
2866,0,32768,0,26176,10183,31146,0
2867,0,32768,0,26208,10135,31161,0
2868,0,32768,0,26240,10088,31177,0
2869,0,32768,0,26272,10040,31192,0
2870,0,32768,0,26304,9992,31208,0
2871,0,32768,0,26336,9944,31223,0
2872,0,32768,0,26368,9896,31238,0
2873,0,32768,0,26400,9848,31253,0
2874,0,32768,0,26432,9800,31268,0
2875,0,32768,0,26464,9752,31283,0
2876,0,32768,0,26496,9704,31298,0
2877,0,32768,0,26528,9656,31313,0
2878,0,32768,0,26560,9608,31328,0
2879,0,32768,0,26592,9560,31342,0
2880,0,32768,0,26624,9512,31357,0
2881,0,32768,0,26656,9464,31372,0
2882,0,32768,0,26688,9416,31386,0
2883,0,32768,0,26720,9368,31401,0
2884,0,32768,0,26752,9319,31415,0
2885,0,32768,0,26784,9271,31429,0
2886,0,32768,0,26816,9223,31443,0
2887,0,32768,0,26848,9175,31457,0
2888,0,32768,0,26880,9127,31471,0
2889,0,32768,0,26912,9078,31485,0
2890,0,32768,0,26944,9030,31499,0
2891,0,32768,0,26976,8982,31513,0
2892,0,32768,0,27008,8933,31527,0
2893,0,32768,0,27040,8885,31541,0
2894,0,32768,0,27072,8837,31554,0
2895,0,32768,0,27104,8788,31568,0
2896,0,32768,0,27136,8740,31581,0
2897,0,32768,0,27168,8691,31594,0
2898,0,32768,0,27200,8643,31608,0
2899,0,32768,0,27232,8594,31621,0
2900,0,32768,0,27264,8546,31634,0
2901,0,32768,0,27296,8497,31647,0
2902,0,32768,0,27328,8448,31660,0
2903,0,32768,0,27360,8400,31673,0
2904,0,32768,0,27392,8351,31686,0
2905,0,32768,0,27424,8303,31699,0
2906,0,32768,0,27456,8254,31711,0
2907,0,32768,0,27488,8206,31724,0
2908,0,32768,0,27520,8157,31737,0
2909,0,32768,0,27552,8108,31749,0
2910,0,32768,0,27584,8059,31762,0
2911,0,32768,0,27616,8011,31774,0
2912,0,32768,0,27648,7962,31786,0
2913,0,32768,0,27680,7913,31798,0
2914,0,32768,0,27712,7864,31810,0
2915,0,32768,0,27744,7815,31822,0
2916,0,32768,0,27776,7767,31834,0
2917,0,32768,0,27808,7718,31846,0
2918,0,32768,0,27840,7669,31858,0
2919,0,32768,0,27872,7620,31870,0
2920,0,32768,0,27904,7571,31881,0
2921,0,32768,0,27936,7522,31893,0
2922,0,32768,0,27968,7473,31905,0
2923,0,32768,0,28000,7425,31916,0
2924,0,32768,0,28032,7376,31927,0
2925,0,32768,0,28064,7327,31938,0
2926,0,32768,0,28096,7278,31950,0
2927,0,32768,0,28128,7229,31961,0
2928,0,32768,0,28160,7180,31972,0
2929,0,32768,0,28192,7131,31983,0
2930,0,32768,0,28224,7081,31994,0
2931,0,32768,0,28256,7032,32005,0
2932,0,32768,0,28288,6983,32015,0
2933,0,32768,0,28320,6934,32026,0
2934,0,32768,0,28352,6885,32037,0
2935,0,32768,0,28384,6836,32047,0
2936,0,32768,0,28416,6787,32058,0
2937,0,32768,0,28448,6738,32068,0
2938,0,32768,0,28480,6688,32078,0
2939,0,32768,0,28512,6639,32088,0
2940,0,32768,0,28544,6590,32099,0
2941,0,32768,0,28576,6540,32109,0
2942,0,32768,0,28608,6491,32119,0
2943,0,32768,0,28640,6442,32129,0
2944,0,32768,0,28672,6393,32138,0
2945,0,32768,0,28704,6343,32148,0
2946,0,32768,0,28736,6294,32158,0
2947,0,32768,0,28768,6245,32168,0
2948,0,32768,0,28800,6196,32177,0
2949,0,32768,0,28832,6146,32187,0
2950,0,32768,0,28864,6097,32196,0
2951,0,32768,0,28896,6047,32205,0
2952,0,32768,0,28928,5998,32215,0
2953,0,32768,0,28960,5948,32224,0
2954,0,32768,0,28992,5899,32233,0
2955,0,32768,0,29024,5850,32242,0
2956,0,32768,0,29056,5800,32251,0
2957,0,32768,0,29088,5751,32260,0
2958,0,32768,0,29120,5701,32268,0
2959,0,32768,0,29152,5652,32277,0
2960,0,32768,0,29184,5602,32286,0
2961,0,32768,0,29216,5553,32294,0
2962,0,32768,0,29248,5503,32303,0
2963,0,32768,0,29280,5453,32311,0
2964,0,32768,0,29312,5404,32319,0
2965,0,32768,0,29344,5354,32328,0
2966,0,32768,0,29376,5305,32336,0
2967,0,32768,0,29408,5255,32344,0
2968,0,32768,0,29440,5206,32352,0
2969,0,32768,0,29472,5156,32360,0
2970,0,32768,0,29504,5106,32368,0
2971,0,32768,0,29536,5056,32376,0
2972,0,32768,0,29568,5007,32383,0
2973,0,32768,0,29600,4957,32391,0
2974,0,32768,0,29632,4908,32399,0
2975,0,32768,0,29664,4858,32406,0
2976,0,32768,0,29696,4808,32413,0
2977,0,32768,0,29728,4758,32421,0
2978,0,32768,0,29760,4709,32428,0
2979,0,32768,0,29792,4659,32435,0
2980,0,32768,0,29824,4609,32442,0
2981,0,32768,0,29856,4559,32449,0
2982,0,32768,0,29888,4509,32456,0
2983,0,32768,0,29920,4460,32463,0
2984,0,32768,0,29952,4410,32470,0
2985,0,32768,0,29984,4360,32477,0
2986,0,32768,0,30016,4310,32483,0
2987,0,32768,0,30048,4260,32490,0
2988,0,32768,0,30080,4211,32496,0
2989,0,32768,0,30112,4161,32503,0
2990,0,32768,0,30144,4111,32509,0
2991,0,32768,0,30176,4061,32515,0
2992,0,32768,0,30208,4011,32522,0
2993,0,32768,0,30240,3961,32528,0
2994,0,32768,0,30272,3911,32534,0
2995,0,32768,0,30304,3861,32540,0
2996,0,32768,0,30336,3812,32546,0
2997,0,32768,0,30368,3762,32551,0
2998,0,32768,0,30400,3712,32557,0
2999,0,32768,0,30432,3662,32563,0
3000,0,32768,0,30464,3612,32568,0
3001,0,32768,0,30496,3562,32574,0
3002,0,32768,0,30528,3512,32579,0
3003,0,32768,0,30560,3462,32585,0
3004,0,32768,0,30592,3412,32590,0
3005,0,32768,0,30624,3362,32595,0
3006,0,32768,0,30656,3312,32600,0
3007,0,32768,0,30688,3262,32605,0
3008,0,32768,0,30720,3212,32610,0
3009,0,32768,0,30752,3162,32615,0
3010,0,32768,0,30784,3112,32620,0
3011,0,32768,0,30816,3062,32625,0
3012,0,32768,0,30848,3012,32629,0
3013,0,32768,0,30880,2962,32634,0
3014,0,32768,0,30912,2912,32638,0
3015,0,32768,0,30944,2861,32643,0
3016,0,32768,0,30976,2811,32647,0
3017,0,32768,0,31008,2761,32651,0
3018,0,32768,0,31040,2711,32656,0
3019,0,32768,0,31072,2661,32660,0
3020,0,32768,0,31104,2611,32664,0
3021,0,32768,0,31136,2561,32668,0
3022,0,32768,0,31168,2511,32672,0
3023,0,32768,0,31200,2461,32676,0
3024,0,32768,0,31232,2410,32679,0
3025,0,32768,0,31264,2360,32683,0
3026,0,32768,0,31296,2310,32687,0
3027,0,32768,0,31328,2260,32690,0
3028,0,32768,0,31360,2210,32694,0
3029,0,32768,0,31392,2160,32697,0
3030,0,32768,0,31424,2110,32700,0
3031,0,32768,0,31456,2060,32703,0
3032,0,32768,0,31488,2009,32706,0
3033,0,32768,0,31520,1959,32709,0
3034,0,32768,0,31552,1909,32712,0
3035,0,32768,0,31584,1859,32715,0
3036,0,32768,0,31616,1809,32718,0
3037,0,32768,0,31648,1758,32721,0
3038,0,32768,0,31680,1708,32724,0
3039,0,32768,0,31712,1658,32726,0
3040,0,32768,0,31744,1608,32729,0
3041,0,32768,0,31776,1558,32731,0
3042,0,32768,0,31808,1507,32734,0
3043,0,32768,0,31840,1457,32736,0
3044,0,32768,0,31872,1407,32738,0
3045,0,32768,0,31904,1357,32740,0
3046,0,32768,0,31936,1306,32742,0
3047,0,32768,0,31968,1256,32744,0
3048,0,32768,0,32000,1206,32746,0
3049,0,32768,0,32032,1156,32748,0
3050,0,32768,0,32064,1106,32749,0
3051,0,32768,0,32096,1055,32751,0
3052,0,32768,0,32128,1005,32753,0
3053,0,32768,0,32160,955,32754,0
3054,0,32768,0,32192,905,32756,0
3055,0,32768,0,32224,854,32757,0
3056,0,32768,0,32256,804,32758,0
3057,0,32768,0,32288,754,32759,0
3058,0,32768,0,32320,704,32761,0
3059,0,32768,0,32352,653,32762,0
3060,0,32768,0,32384,603,32763,0
3061,0,32768,0,32416,553,32763,0
3062,0,32768,0,32448,503,32764,0
3063,0,32768,0,32480,452,32765,0
3064,0,32768,0,32512,402,32766,0
3065,0,32768,0,32544,352,32766,0
3066,0,32768,0,32576,302,32767,0
3067,0,32768,0,32608,251,32767,0
3068,0,32768,0,32640,201,32767,0
3069,0,32768,0,32672,151,32768,0
3070,0,32768,0,32704,100,32768,0
3071,0,32768,0,32736,50,32768,0
3072,0,32768,0,32768,0,32768,0
3073,0,32768,0,32800,-50,32768,0
3074,0,32768,0,32832,-101,32768,0
3075,0,32768,0,32864,-151,32768,0
3076,0,32768,0,32896,-201,32767,0
3077,0,32768,0,32928,-251,32767,0
3078,0,32768,0,32960,-302,32767,0
3079,0,32768,0,32992,-352,32766,0
3080,0,32768,0,33024,-402,32766,0
3081,0,32768,0,33056,-452,32765,0
3082,0,32768,0,33088,-503,32764,0
3083,0,32768,0,33120,-553,32764,0
3084,0,32768,0,33152,-603,32763,0
3085,0,32768,0,33184,-653,32762,0
3086,0,32768,0,33216,-704,32760,0
3087,0,32768,0,33248,-754,32760,0
3088,0,32768,0,33280,-804,32758,0
3089,0,32768,0,33312,-854,32757,0
3090,0,32768,0,33344,-905,32756,0
3091,0,32768,0,33376,-955,32754,0
3092,0,32768,0,33408,-1005,32753,0
3093,0,32768,0,33440,-1055,32751,0
3094,0,32768,0,33472,-1106,32749,0
3095,0,32768,0,33504,-1156,32748,0
3096,0,32768,0,33536,-1206,32746,0
3097,0,32768,0,33568,-1256,32744,0
3098,0,32768,0,33600,-1307,32742,0
3099,0,32768,0,33632,-1357,32740,0
3100,0,32768,0,33664,-1407,32738,0
3101,0,32768,0,33696,-1457,32736,0
3102,0,32768,0,33728,-1507,32733,0
3103,0,32768,0,33760,-1558,32731,0
3104,0,32768,0,33792,-1608,32729,0
3105,0,32768,0,33824,-1658,32726,0
3106,0,32768,0,33856,-1708,32724,0
3107,0,32768,0,33888,-1758,32721,0
3108,0,32768,0,33920,-1809,32718,0
3109,0,32768,0,33952,-1859,32715,0
3110,0,32768,0,33984,-1909,32713,0
3111,0,32768,0,34016,-1959,32710,0
3112,0,32768,0,34048,-2009,32706,0
3113,0,32768,0,34080,-2060,32703,0
3114,0,32768,0,34112,-2110,32700,0
3115,0,32768,0,34144,-2160,32697,0
3116,0,32768,0,34176,-2210,32693,0
3117,0,32768,0,34208,-2260,32690,0
3118,0,32768,0,34240,-2310,32687,0
3119,0,32768,0,34272,-2360,32683,0
3120,0,32768,0,34304,-2410,32679,0
3121,0,32768,0,34336,-2461,32675,0
3122,0,32768,0,34368,-2511,32672,0
3123,0,32768,0,34400,-2561,32668,0
3124,0,32768,0,34432,-2611,32664,0
3125,0,32768,0,34464,-2661,32660,0
3126,0,32768,0,34496,-2711,32656,0
3127,0,32768,0,34528,-2761,32652,0
3128,0,32768,0,34560,-2811,32647,0
3129,0,32768,0,34592,-2861,32643,0
3130,0,32768,0,34624,-2912,32639,0
3131,0,32768,0,34656,-2962,32634,0
3132,0,32768,0,34688,-3012,32629,0
3133,0,32768,0,34720,-3062,32625,0
3134,0,32768,0,34752,-3112,32620,0
3135,0,32768,0,34784,-3162,32615,0
3136,0,32768,0,34816,-3212,32610,0
3137,0,32768,0,34848,-3262,32605,0
3138,0,32768,0,34880,-3312,32600,0
3139,0,32768,0,34912,-3362,32595,0
3140,0,32768,0,34944,-3412,32590,0
3141,0,32768,0,34976,-3462,32585,0
3142,0,32768,0,35008,-3512,32579,0
3143,0,32768,0,35040,-3562,32574,0
3144,0,32768,0,35072,-3612,32568,0
3145,0,32768,0,35104,-3662,32563,0
3146,0,32768,0,35136,-3712,32557,0
3147,0,32768,0,35168,-3762,32551,0
3148,0,32768,0,35200,-3812,32546,0
3149,0,32768,0,35232,-3861,32540,0
3150,0,32768,0,35264,-3911,32534,0
3151,0,32768,0,35296,-3961,32528,0
3152,0,32768,0,35328,-4011,32522,0
3153,0,32768,0,35360,-4061,32515,0
3154,0,32768,0,35392,-4111,32509,0
3155,0,32768,0,35424,-4161,32503,0
3156,0,32768,0,35456,-4211,32496,0
3157,0,32768,0,35488,-4260,32490,0
3158,0,32768,0,35520,-4310,32483,0
3159,0,32768,0,35552,-4360,32477,0
3160,0,32768,0,35584,-4410,32470,0
3161,0,32768,0,35616,-4460,32463,0
3162,0,32768,0,35648,-4509,32456,0
3163,0,32768,0,35680,-4559,32449,0
3164,0,32768,0,35712,-4609,32442,0
3165,0,32768,0,35744,-4659,32435,0
3166,0,32768,0,35776,-4709,32428,0
3167,0,32768,0,35808,-4758,32421,0
3168,0,32768,0,35840,-4808,32413,0
3169,0,32768,0,35872,-4858,32406,0
3170,0,32768,0,35904,-4908,32398,0
3171,0,32768,0,35936,-4957,32391,0
3172,0,32768,0,35968,-5007,32383,0
3173,0,32768,0,36000,-5056,32376,0
3174,0,32768,0,36032,-5106,32368,0
3175,0,32768,0,36064,-5156,32360,0
3176,0,32768,0,36096,-5206,32352,0
3177,0,32768,0,36128,-5255,32344,0
3178,0,32768,0,36160,-5305,32336,0
3179,0,32768,0,36192,-5354,32328,0
3180,0,32768,0,36224,-5404,32319,0
3181,0,32768,0,36256,-5454,32311,0
3182,0,32768,0,36288,-5503,32303,0
3183,0,32768,0,36320,-5553,32294,0
3184,0,32768,0,36352,-5602,32286,0
3185,0,32768,0,36384,-5652,32277,0
3186,0,32768,0,36416,-5701,32268,0
3187,0,32768,0,36448,-5750,32260,0
3188,0,32768,0,36480,-5800,32251,0
3189,0,32768,0,36512,-5849,32242,0
3190,0,32768,0,36544,-5899,32233,0
3191,0,32768,0,36576,-5948,32224,0
3192,0,32768,0,36608,-5998,32214,0
3193,0,32768,0,36640,-6047,32205,0
3194,0,32768,0,36672,-6097,32196,0
3195,0,32768,0,36704,-6146,32187,0
3196,0,32768,0,36736,-6196,32177,0
3197,0,32768,0,36768,-6245,32167,0
3198,0,32768,0,36800,-6294,32158,0
3199,0,32768,0,36832,-6343,32148,0
3200,0,32768,0,36864,-6393,32138,0
3201,0,32768,0,36896,-6442,32128,0
3202,0,32768,0,36928,-6491,32119,0
3203,0,32768,0,36960,-6540,32108,0
3204,0,32768,0,36992,-6590,32099,0
3205,0,32768,0,37024,-6639,32088,0
3206,0,32768,0,37056,-6688,32078,0
3207,0,32768,0,37088,-6738,32068,0
3208,0,32768,0,37120,-6787,32057,0
3209,0,32768,0,37152,-6836,32047,0
3210,0,32768,0,37184,-6885,32037,0
3211,0,32768,0,37216,-6934,32026,0
3212,0,32768,0,37248,-6983,32015,0
3213,0,32768,0,37280,-7032,32005,0
3214,0,32768,0,37312,-7082,31994,0
3215,0,32768,0,37344,-7130,31983,0
3216,0,32768,0,37376,-7180,31972,0
3217,0,32768,0,37408,-7229,31961,0
3218,0,32768,0,37440,-7278,31949,0
3219,0,32768,0,37472,-7327,31939,0
3220,0,32768,0,37504,-7376,31927,0
3221,0,32768,0,37536,-7425,31916,0
3222,0,32768,0,37568,-7473,31904,0
3223,0,32768,0,37600,-7522,31893,0
3224,0,32768,0,37632,-7571,31881,0
3225,0,32768,0,37664,-7620,31870,0
3226,0,32768,0,37696,-7669,31858,0
3227,0,32768,0,37728,-7718,31846,0
3228,0,32768,0,37760,-7767,31834,0
3229,0,32768,0,37792,-7816,31822,0
3230,0,32768,0,37824,-7864,31810,0
3231,0,32768,0,37856,-7913,31798,0
3232,0,32768,0,37888,-7962,31786,0
3233,0,32768,0,37920,-8011,31774,0
3234,0,32768,0,37952,-8059,31761,0
3235,0,32768,0,37984,-8108,31749,0
3236,0,32768,0,38016,-8157,31736,0
3237,0,32768,0,38048,-8206,31724,0
3238,0,32768,0,38080,-8254,31711,0
3239,0,32768,0,38112,-8303,31699,0
3240,0,32768,0,38144,-8351,31686,0
3241,0,32768,0,38176,-8400,31673,0
3242,0,32768,0,38208,-8448,31660,0
3243,0,32768,0,38240,-8497,31647,0
3244,0,32768,0,38272,-8546,31634,0
3245,0,32768,0,38304,-8594,31621,0
3246,0,32768,0,38336,-8643,31608,0
3247,0,32768,0,38368,-8691,31594,0
3248,0,32768,0,38400,-8740,31581,0
3249,0,32768,0,38432,-8788,31568,0
3250,0,32768,0,38464,-8836,31554,0
3251,0,32768,0,38496,-8885,31541,0
3252,0,32768,0,38528,-8933,31527,0
3253,0,32768,0,38560,-8982,31513,0
3254,0,32768,0,38592,-9030,31499,0
3255,0,32768,0,38624,-9078,31485,0
3256,0,32768,0,38656,-9127,31471,0
3257,0,32768,0,38688,-9175,31457,0
3258,0,32768,0,38720,-9223,31443,0
3259,0,32768,0,38752,-9271,31429,0
3260,0,32768,0,38784,-9319,31415,0
3261,0,32768,0,38816,-9368,31401,0
3262,0,32768,0,38848,-9416,31386,0
3263,0,32768,0,38880,-9464,31372,0
3264,0,32768,0,38912,-9512,31357,0
3265,0,32768,0,38944,-9560,31342,0
3266,0,32768,0,38976,-9608,31328,0
3267,0,32768,0,39008,-9656,31313,0
3268,0,32768,0,39040,-9704,31298,0
3269,0,32768,0,39072,-9752,31283,0
3270,0,32768,0,39104,-9800,31268,0
3271,0,32768,0,39136,-9848,31253,0
3272,0,32768,0,39168,-9896,31238,0
3273,0,32768,0,39200,-9944,31223,0
3274,0,32768,0,39232,-9992,31207,0
3275,0,32768,0,39264,-10040,31192,0
3276,0,32768,0,39296,-10088,31177,0
3277,0,32768,0,39328,-10135,31161,0
3278,0,32768,0,39360,-10183,31146,0
3279,0,32768,0,39392,-10231,31130,0
3280,0,32768,0,39424,-10279,31114,0
3281,0,32768,0,39456,-10327,31098,0
3282,0,32768,0,39488,-10374,31083,0
3283,0,32768,0,39520,-10422,31067,0
3284,0,32768,0,39552,-10470,31051,0
3285,0,32768,0,39584,-10517,31034,0
3286,0,32768,0,39616,-10565,31018,0
3287,0,32768,0,39648,-10612,31002,0
3288,0,32768,0,39680,-10660,30986,0
3289,0,32768,0,39712,-10707,30969,0
3290,0,32768,0,39744,-10755,30953,0
3291,0,32768,0,39776,-10802,30936,0
3292,0,32768,0,39808,-10850,30920,0
3293,0,32768,0,39840,-10897,30903,0
3294,0,32768,0,39872,-10945,30886,0
3295,0,32768,0,39904,-10992,30870,0
3296,0,32768,0,39936,-11039,30853,0
3297,0,32768,0,39968,-11087,30836,0
3298,0,32768,0,40000,-11134,30819,0
3299,0,32768,0,40032,-11181,30801,0
3300,0,32768,0,40064,-11228,30784,0
3301,0,32768,0,40096,-11276,30767,0
3302,0,32768,0,40128,-11323,30750,0
3303,0,32768,0,40160,-11370,30732,0
3304,0,32768,0,40192,-11417,30715,0
3305,0,32768,0,40224,-11464,30697,0
3306,0,32768,0,40256,-11511,30680,0
3307,0,32768,0,40288,-11558,30662,0
3308,0,32768,0,40320,-11605,30644,0
3309,0,32768,0,40352,-11652,30626,0
3310,0,32768,0,40384,-11699,30609,0
3311,0,32768,0,40416,-11746,30590,0
3312,0,32768,0,40448,-11793,30572,0
3313,0,32768,0,40480,-11840,30554,0
3314,0,32768,0,40512,-11887,30536,0
3315,0,32768,0,40544,-11934,30518,0
3316,0,32768,0,40576,-11980,30500,0
3317,0,32768,0,40608,-12027,30481,0
3318,0,32768,0,40640,-12074,30463,0
3319,0,32768,0,40672,-12120,30444,0
3320,0,32768,0,40704,-12167,30425,0
3321,0,32768,0,40736,-12214,30407,0
3322,0,32768,0,40768,-12261,30388,0
3323,0,32768,0,40800,-12307,30369,0
3324,0,32768,0,40832,-12354,30350,0
3325,0,32768,0,40864,-12401,30331,0
3326,0,32768,0,40896,-12447,30312,0
3327,0,32768,0,40928,-12493,30293,0
3328,0,32768,0,40960,-12540,30274,0
3329,0,32768,0,40992,-12586,30255,0
3330,0,32768,0,41024,-12633,30235,0
3331,0,32768,0,41056,-12679,30216,0
3332,0,32768,0,41088,-12726,30196,0
3333,0,32768,0,41120,-12772,30177,0
3334,0,32768,0,41152,-12818,30157,0
3335,0,32768,0,41184,-12864,30137,0
3336,0,32768,0,41216,-12910,30118,0
3337,0,32768,0,41248,-12957,30098,0
3338,0,32768,0,41280,-13003,30078,0
3339,0,32768,0,41312,-13049,30058,0
3340,0,32768,0,41344,-13095,30038,0
3341,0,32768,0,41376,-13141,30018,0
3342,0,32768,0,41408,-13187,29997,0
3343,0,32768,0,41440,-13233,29977,0
3344,0,32768,0,41472,-13279,29957,0
3345,0,32768,0,41504,-13325,29937,0
3346,0,32768,0,41536,-13371,29916,0
3347,0,32768,0,41568,-13417,29895,0
3348,0,32768,0,41600,-13462,29875,0
3349,0,32768,0,41632,-13508,29854,0
3350,0,32768,0,41664,-13554,29833,0
3351,0,32768,0,41696,-13600,29813,0
3352,0,32768,0,41728,-13646,29792,0
3353,0,32768,0,41760,-13691,29771,0
3354,0,32768,0,41792,-13737,29750,0
3355,0,32768,0,41824,-13782,29728,0
3356,0,32768,0,41856,-13828,29707,0
3357,0,32768,0,41888,-13874,29686,0
3358,0,32768,0,41920,-13919,29665,0
3359,0,32768,0,41952,-13965,29643,0
3360,0,32768,0,41984,-14010,29622,0
3361,0,32768,0,42016,-14056,29601,0
3362,0,32768,0,42048,-14101,29579,0
3363,0,32768,0,42080,-14146,29557,0
3364,0,32768,0,42112,-14192,29535,0
3365,0,32768,0,42144,-14237,29514,0
3366,0,32768,0,42176,-14282,29492,0
3367,0,32768,0,42208,-14327,29470,0
3368,0,32768,0,42240,-14373,29448,0
3369,0,32768,0,42272,-14418,29426,0
3370,0,32768,0,42304,-14463,29404,0
3371,0,32768,0,42336,-14508,29381,0
3372,0,32768,0,42368,-14553,29359,0
3373,0,32768,0,42400,-14598,29337,0
3374,0,32768,0,42432,-14643,29314,0
3375,0,32768,0,42464,-14688,29292,0
3376,0,32768,0,42496,-14733,29269,0
3377,0,32768,0,42528,-14778,29247,0
3378,0,32768,0,42560,-14823,29224,0
3379,0,32768,0,42592,-14867,29201,0
3380,0,32768,0,42624,-14912,29178,0
3381,0,32768,0,42656,-14957,29155,0
3382,0,32768,0,42688,-15002,29133,0
3383,0,32768,0,42720,-15046,29109,0
3384,0,32768,0,42752,-15091,29086,0
3385,0,32768,0,42784,-15135,29063,0
3386,0,32768,0,42816,-15180,29040,0
3387,0,32768,0,42848,-15225,29017,0
3388,0,32768,0,42880,-15269,28993,0
3389,0,32768,0,42912,-15314,28970,0
3390,0,32768,0,42944,-15358,28946,0
3391,0,32768,0,42976,-15402,28923,0
3392,0,32768,0,43008,-15447,28899,0
3393,0,32768,0,43040,-15491,28875,0
3394,0,32768,0,43072,-15535,28851,0
3395,0,32768,0,43104,-15580,28827,0
3396,0,32768,0,43136,-15624,28804,0
3397,0,32768,0,43168,-15668,28780,0
3398,0,32768,0,43200,-15712,28755,0
3399,0,32768,0,43232,-15756,28731,0
3400,0,32768,0,43264,-15800,28707,0
3401,0,32768,0,43296,-15844,28683,0
3402,0,32768,0,43328,-15888,28658,0
3403,0,32768,0,43360,-15932,28634,0
3404,0,32768,0,43392,-15976,28610,0
3405,0,32768,0,43424,-16020,28585,0
3406,0,32768,0,43456,-16064,28560,0
3407,0,32768,0,43488,-16108,28536,0
3408,0,32768,0,43520,-16151,28511,0
3409,0,32768,0,43552,-16195,28486,0
3410,0,32768,0,43584,-16239,28461,0
3411,0,32768,0,43616,-16282,28436,0
3412,0,32768,0,43648,-16326,28411,0
3413,0,32768,0,43680,-16370,28386,0
3414,0,32768,0,43712,-16413,28361,0
3415,0,32768,0,43744,-16457,28336,0
3416,0,32768,0,43776,-16500,28311,0
3417,0,32768,0,43808,-16543,28285,0
3418,0,32768,0,43840,-16587,28260,0
3419,0,32768,0,43872,-16630,28234,0
3420,0,32768,0,43904,-16673,28209,0
3421,0,32768,0,43936,-16717,28183,0
3422,0,32768,0,43968,-16760,28158,0
3423,0,32768,0,44000,-16803,28132,0
3424,0,32768,0,44032,-16846,28106,0
3425,0,32768,0,44064,-16889,28080,0
3426,0,32768,0,44096,-16932,28054,0
3427,0,32768,0,44128,-16975,28028,0
3428,0,32768,0,44160,-17018,28002,0
3429,0,32768,0,44192,-17061,27976,0
3430,0,32768,0,44224,-17104,27950,0
3431,0,32768,0,44256,-17147,27924,0
3432,0,32768,0,44288,-17190,27897,0
3433,0,32768,0,44320,-17233,27871,0
3434,0,32768,0,44352,-17275,27844,0
3435,0,32768,0,44384,-17318,27818,0
3436,0,32768,0,44416,-17360,27791,0
3437,0,32768,0,44448,-17403,27765,0
3438,0,32768,0,44480,-17446,27738,0
3439,0,32768,0,44512,-17488,27711,0
3440,0,32768,0,44544,-17531,27684,0
3441,0,32768,0,44576,-17573,27657,0
3442,0,32768,0,44608,-17616,27630,0
3443,0,32768,0,44640,-17658,27604,0
3444,0,32768,0,44672,-17701,27576,0
3445,0,32768,0,44704,-17743,27549,0
3446,0,32768,0,44736,-17785,27522,0
3447,0,32768,0,44768,-17827,27494,0
3448,0,32768,0,44800,-17869,27467,0
3449,0,32768,0,44832,-17911,27440,0
3450,0,32768,0,44864,-17953,27412,0
3451,0,32768,0,44896,-17995,27384,0
3452,0,32768,0,44928,-18038,27357,0
3453,0,32768,0,44960,-18079,27329,0
3454,0,32768,0,44992,-18121,27301,0
3455,0,32768,0,45024,-18163,27274,0
3456,0,32768,0,45056,-18205,27246,0
3457,0,32768,0,45088,-18247,27218,0
3458,0,32768,0,45120,-18289,27190,0
3459,0,32768,0,45152,-18330,27162,0
3460,0,32768,0,45184,-18372,27133,0
3461,0,32768,0,45216,-18413,27105,0
3462,0,32768,0,45248,-18455,27077,0
3463,0,32768,0,45280,-18496,27049,0
3464,0,32768,0,45312,-18538,27020,0
3465,0,32768,0,45344,-18579,26992,0
3466,0,32768,0,45376,-18621,26963,0
3467,0,32768,0,45408,-18662,26935,0
3468,0,32768,0,45440,-18703,26906,0
3469,0,32768,0,45472,-18745,26877,0
3470,0,32768,0,45504,-18786,26848,0
3471,0,32768,0,45536,-18827,26820,0
3472,0,32768,0,45568,-18868,26791,0
3473,0,32768,0,45600,-18909,26762,0
3474,0,32768,0,45632,-18950,26733,0
3475,0,32768,0,45664,-18991,26704,0
3476,0,32768,0,45696,-19032,26674,0
3477,0,32768,0,45728,-19073,26645,0
3478,0,32768,0,45760,-19114,26616,0
3479,0,32768,0,45792,-19155,26586,0
3480,0,32768,0,45824,-19195,26557,0
3481,0,32768,0,45856,-19236,26528,0
3482,0,32768,0,45888,-19277,26498,0
3483,0,32768,0,45920,-19318,26468,0
3484,0,32768,0,45952,-19358,26439,0
3485,0,32768,0,45984,-19399,26409,0
3486,0,32768,0,46016,-19439,26379,0
3487,0,32768,0,46048,-19480,26350,0
3488,0,32768,0,46080,-19520,26320,0
3489,0,32768,0,46112,-19560,26290,0
3490,0,32768,0,46144,-19601,26260,0
3491,0,32768,0,46176,-19641,26229,0
3492,0,32768,0,46208,-19681,26199,0
3493,0,32768,0,46240,-19721,26169,0
3494,0,32768,0,46272,-19761,26139,0
3495,0,32768,0,46304,-19801,26108,0
3496,0,32768,0,46336,-19841,26078,0
3497,0,32768,0,46368,-19881,26047,0
3498,0,32768,0,46400,-19921,26017,0
3499,0,32768,0,46432,-19961,25986,0
3500,0,32768,0,46464,-20001,25956,0
3501,0,32768,0,46496,-20041,25925,0
3502,0,32768,0,46528,-20080,25894,0
3503,0,32768,0,46560,-20120,25864,0
3504,0,32768,0,46592,-20160,25833,0
3505,0,32768,0,46624,-20200,25802,0
3506,0,32768,0,46656,-20239,25771,0
3507,0,32768,0,46688,-20279,25740,0
3508,0,32768,0,46720,-20318,25708,0
3509,0,32768,0,46752,-20357,25677,0
3510,0,32768,0,46784,-20397,25646,0
3511,0,32768,0,46816,-20436,25615,0
3512,0,32768,0,46848,-20475,25583,0
3513,0,32768,0,46880,-20515,25552,0
3514,0,32768,0,46912,-20554,25520,0
3515,0,32768,0,46944,-20593,25489,0
3516,0,32768,0,46976,-20632,25457,0
3517,0,32768,0,47008,-20671,25425,0
3518,0,32768,0,47040,-20710,25394,0
3519,0,32768,0,47072,-20749,25362,0
3520,0,32768,0,47104,-20788,25330,0
3521,0,32768,0,47136,-20827,25298,0
3522,0,32768,0,47168,-20865,25266,0
3523,0,32768,0,47200,-20904,25234,0
3524,0,32768,0,47232,-20943,25202,0
3525,0,32768,0,47264,-20981,25170,0
3526,0,32768,0,47296,-21020,25138,0
3527,0,32768,0,47328,-21059,25105,0
3528,0,32768,0,47360,-21097,25073,0
3529,0,32768,0,47392,-21136,25041,0
3530,0,32768,0,47424,-21174,25008,0
3531,0,32768,0,47456,-21212,24976,0
3532,0,32768,0,47488,-21251,24943,0
3533,0,32768,0,47520,-21289,24911,0
3534,0,32768,0,47552,-21327,24878,0
3535,0,32768,0,47584,-21365,24845,0
3536,0,32768,0,47616,-21403,24812,0
3537,0,32768,0,47648,-21441,24779,0
3538,0,32768,0,47680,-21479,24746,0
3539,0,32768,0,47712,-21517,24713,0
3540,0,32768,0,47744,-21555,24680,0
3541,0,32768,0,47776,-21593,24647,0
3542,0,32768,0,47808,-21631,24614,0
3543,0,32768,0,47840,-21669,24581,0
3544,0,32768,0,47872,-21706,24548,0
3545,0,32768,0,47904,-21744,24514,0
3546,0,32768,0,47936,-21781,24481,0
3547,0,32768,0,47968,-21819,24448,0
3548,0,32768,0,48000,-21856,24414,0
3549,0,32768,0,48032,-21894,24381,0
3550,0,32768,0,48064,-21931,24347,0
3551,0,32768,0,48096,-21969,24313,0
3552,0,32768,0,48128,-22006,24280,0
3553,0,32768,0,48160,-22043,24246,0
3554,0,32768,0,48192,-22080,24212,0
3555,0,32768,0,48224,-22117,24178,0
3556,0,32768,0,48256,-22154,24144,0
3557,0,32768,0,48288,-22191,24110,0
3558,0,32768,0,48320,-22228,24076,0
3559,0,32768,0,48352,-22265,24042,0
3560,0,32768,0,48384,-22302,24008,0
3561,0,32768,0,48416,-22339,23973,0
3562,0,32768,0,48448,-22376,23939,0
3563,0,32768,0,48480,-22412,23905,0
3564,0,32768,0,48512,-22449,23870,0
3565,0,32768,0,48544,-22486,23836,0
3566,0,32768,0,48576,-22522,23801,0
3567,0,32768,0,48608,-22559,23767,0
3568,0,32768,0,48640,-22595,23732,0
3569,0,32768,0,48672,-22631,23697,0
3570,0,32768,0,48704,-22668,23663,0
3571,0,32768,0,48736,-22704,23628,0
3572,0,32768,0,48768,-22740,23593,0
3573,0,32768,0,48800,-22776,23558,0
3574,0,32768,0,48832,-22812,23523,0
3575,0,32768,0,48864,-22849,23488,0
3576,0,32768,0,48896,-22884,23453,0
3577,0,32768,0,48928,-22920,23418,0
3578,0,32768,0,48960,-22956,23383,0
3579,0,32768,0,48992,-22992,23347,0
3580,0,32768,0,49024,-23028,23312,0
3581,0,32768,0,49056,-23064,23277,0
3582,0,32768,0,49088,-23099,23241,0
3583,0,32768,0,49120,-23135,23206,0
3584,0,32768,0,49152,-23171,23171,0
3585,0,32768,0,49184,-23206,23135,0
3586,0,32768,0,49216,-23242,23099,0
3587,0,32768,0,49248,-23277,23064,0
3588,0,32768,0,49280,-23312,23028,0
3589,0,32768,0,49312,-23347,22992,0
3590,0,32768,0,49344,-23383,22956,0
3591,0,32768,0,49376,-23418,22920,0
3592,0,32768,0,49408,-23453,22884,0
3593,0,32768,0,49440,-23488,22849,0
3594,0,32768,0,49472,-23523,22812,0
3595,0,32768,0,49504,-23558,22776,0
3596,0,32768,0,49536,-23593,22740,0
3597,0,32768,0,49568,-23628,22704,0
3598,0,32768,0,49600,-23663,22668,0
3599,0,32768,0,49632,-23697,22631,0
3600,0,32768,0,49664,-23732,22595,0
3601,0,32768,0,49696,-23767,22559,0
3602,0,32768,0,49728,-23801,22522,0
3603,0,32768,0,49760,-23836,22486,0
3604,0,32768,0,49792,-23870,22449,0
3605,0,32768,0,49824,-23905,22412,0
3606,0,32768,0,49856,-23939,22376,0
3607,0,32768,0,49888,-23973,22339,0
3608,0,32768,0,49920,-24008,22302,0
3609,0,32768,0,49952,-24042,22265,0
3610,0,32768,0,49984,-24076,22228,0
3611,0,32768,0,50016,-24110,22191,0
3612,0,32768,0,50048,-24144,22154,0
3613,0,32768,0,50080,-24178,22117,0
3614,0,32768,0,50112,-24212,22080,0
3615,0,32768,0,50144,-24246,22043,0
3616,0,32768,0,50176,-24280,22006,0
3617,0,32768,0,50208,-24313,21968,0
3618,0,32768,0,50240,-24347,21931,0
3619,0,32768,0,50272,-24381,21894,0
3620,0,32768,0,50304,-24414,21856,0
3621,0,32768,0,50336,-24448,21819,0
3622,0,32768,0,50368,-24481,21781,0
3623,0,32768,0,50400,-24514,21744,0
3624,0,32768,0,50432,-24548,21706,0
3625,0,32768,0,50464,-24581,21669,0
3626,0,32768,0,50496,-24614,21631,0
3627,0,32768,0,50528,-24647,21593,0
3628,0,32768,0,50560,-24681,21555,0
3629,0,32768,0,50592,-24714,21517,0
3630,0,32768,0,50624,-24746,21479,0
3631,0,32768,0,50656,-24779,21441,0
3632,0,32768,0,50688,-24812,21403,0
3633,0,32768,0,50720,-24845,21365,0
3634,0,32768,0,50752,-24878,21327,0
3635,0,32768,0,50784,-24910,21289,0
3636,0,32768,0,50816,-24943,21251,0
3637,0,32768,0,50848,-24976,21212,0
3638,0,32768,0,50880,-25008,21174,0
3639,0,32768,0,50912,-25041,21135,0
3640,0,32768,0,50944,-25073,21097,0
3641,0,32768,0,50976,-25105,21059,0
3642,0,32768,0,51008,-25138,21020,0
3643,0,32768,0,51040,-25170,20982,0
3644,0,32768,0,51072,-25202,20943,0
3645,0,32768,0,51104,-25234,20904,0
3646,0,32768,0,51136,-25266,20866,0
3647,0,32768,0,51168,-25298,20827,0
3648,0,32768,0,51200,-25330,20788,0
3649,0,32768,0,51232,-25362,20749,0
3650,0,32768,0,51264,-25394,20710,0
3651,0,32768,0,51296,-25426,20671,0
3652,0,32768,0,51328,-25457,20632,0
3653,0,32768,0,51360,-25489,20593,0
3654,0,32768,0,51392,-25520,20554,0
3655,0,32768,0,51424,-25552,20515,0
3656,0,32768,0,51456,-25583,20475,0
3657,0,32768,0,51488,-25615,20436,0
3658,0,32768,0,51520,-25646,20397,0
3659,0,32768,0,51552,-25677,20357,0
3660,0,32768,0,51584,-25708,20318,0
3661,0,32768,0,51616,-25740,20279,0
3662,0,32768,0,51648,-25771,20239,0
3663,0,32768,0,51680,-25802,20199,0
3664,0,32768,0,51712,-25833,20160,0
3665,0,32768,0,51744,-25863,20120,0
3666,0,32768,0,51776,-25894,20081,0
3667,0,32768,0,51808,-25925,20041,0
3668,0,32768,0,51840,-25956,20001,0
3669,0,32768,0,51872,-25987,19961,0
3670,0,32768,0,51904,-26017,19921,0
3671,0,32768,0,51936,-26048,19881,0
3672,0,32768,0,51968,-26078,19841,0
3673,0,32768,0,52000,-26108,19801,0
3674,0,32768,0,52032,-26139,19761,0
3675,0,32768,0,52064,-26169,19721,0
3676,0,32768,0,52096,-26199,19681,0
3677,0,32768,0,52128,-26230,19641,0
3678,0,32768,0,52160,-26260,19601,0
3679,0,32768,0,52192,-26290,19560,0
3680,0,32768,0,52224,-26320,19520,0
3681,0,32768,0,52256,-26349,19479,0
3682,0,32768,0,52288,-26379,19439,0
3683,0,32768,0,52320,-26409,19399,0
3684,0,32768,0,52352,-26439,19358,0
3685,0,32768,0,52384,-26468,19317,0
3686,0,32768,0,52416,-26498,19277,0
3687,0,32768,0,52448,-26528,19236,0
3688,0,32768,0,52480,-26557,19195,0
3689,0,32768,0,52512,-26587,19155,0
3690,0,32768,0,52544,-26616,19114,0
3691,0,32768,0,52576,-26645,19073,0
3692,0,32768,0,52608,-26674,19032,0
3693,0,32768,0,52640,-26704,18991,0
3694,0,32768,0,52672,-26733,18950,0
3695,0,32768,0,52704,-26762,18909,0
3696,0,32768,0,52736,-26791,18868,0
3697,0,32768,0,52768,-26820,18827,0
3698,0,32768,0,52800,-26848,18786,0
3699,0,32768,0,52832,-26877,18745,0
3700,0,32768,0,52864,-26906,18703,0
3701,0,32768,0,52896,-26935,18662,0
3702,0,32768,0,52928,-26963,18621,0
3703,0,32768,0,52960,-26992,18579,0
3704,0,32768,0,52992,-27020,18538,0
3705,0,32768,0,53024,-27049,18496,0
3706,0,32768,0,53056,-27077,18455,0
3707,0,32768,0,53088,-27105,18413,0
3708,0,32768,0,53120,-27134,18372,0
3709,0,32768,0,53152,-27162,18330,0
3710,0,32768,0,53184,-27190,18288,0
3711,0,32768,0,53216,-27218,18247,0
3712,0,32768,0,53248,-27246,18205,0
3713,0,32768,0,53280,-27274,18163,0
3714,0,32768,0,53312,-27301,18121,0
3715,0,32768,0,53344,-27329,18079,0
3716,0,32768,0,53376,-27357,18037,0
3717,0,32768,0,53408,-27384,17995,0
3718,0,32768,0,53440,-27412,17954,0
3719,0,32768,0,53472,-27440,17911,0
3720,0,32768,0,53504,-27467,17869,0
3721,0,32768,0,53536,-27494,17827,0
3722,0,32768,0,53568,-27522,17785,0
3723,0,32768,0,53600,-27549,17743,0
3724,0,32768,0,53632,-27576,17700,0
3725,0,32768,0,53664,-27603,17658,0
3726,0,32768,0,53696,-27630,17616,0
3727,0,32768,0,53728,-27657,17573,0
3728,0,32768,0,53760,-27684,17531,0
3729,0,32768,0,53792,-27711,17488,0
3730,0,32768,0,53824,-27738,17446,0
3731,0,32768,0,53856,-27765,17403,0
3732,0,32768,0,53888,-27791,17361,0
3733,0,32768,0,53920,-27818,17318,0
3734,0,32768,0,53952,-27845,17275,0
3735,0,32768,0,53984,-27871,17232,0
3736,0,32768,0,54016,-27897,17190,0
3737,0,32768,0,54048,-27924,17147,0
3738,0,32768,0,54080,-27950,17104,0
3739,0,32768,0,54112,-27976,17061,0
3740,0,32768,0,54144,-28002,17018,0
3741,0,32768,0,54176,-28028,16975,0
3742,0,32768,0,54208,-28054,16932,0
3743,0,32768,0,54240,-28080,16889,0
3744,0,32768,0,54272,-28106,16846,0
3745,0,32768,0,54304,-28132,16803,0
3746,0,32768,0,54336,-28158,16760,0
3747,0,32768,0,54368,-28183,16717,0
3748,0,32768,0,54400,-28209,16673,0
3749,0,32768,0,54432,-28234,16630,0
3750,0,32768,0,54464,-28260,16587,0
3751,0,32768,0,54496,-28285,16543,0
3752,0,32768,0,54528,-28311,16500,0
3753,0,32768,0,54560,-28336,16457,0
3754,0,32768,0,54592,-28361,16413,0
3755,0,32768,0,54624,-28386,16370,0
3756,0,32768,0,54656,-28411,16326,0
3757,0,32768,0,54688,-28436,16282,0
3758,0,32768,0,54720,-28461,16239,0
3759,0,32768,0,54752,-28486,16195,0
3760,0,32768,0,54784,-28511,16151,0
3761,0,32768,0,54816,-28536,16108,0
3762,0,32768,0,54848,-28561,16064,0
3763,0,32768,0,54880,-28585,16020,0
3764,0,32768,0,54912,-28610,15976,0
3765,0,32768,0,54944,-28634,15932,0
3766,0,32768,0,54976,-28658,15888,0
3767,0,32768,0,55008,-28683,15844,0
3768,0,32768,0,55040,-28707,15800,0
3769,0,32768,0,55072,-28731,15756,0
3770,0,32768,0,55104,-28755,15712,0
3771,0,32768,0,55136,-28780,15668,0
3772,0,32768,0,55168,-28803,15624,0
3773,0,32768,0,55200,-28827,15580,0
3774,0,32768,0,55232,-28851,15535,0
3775,0,32768,0,55264,-28875,15491,0
3776,0,32768,0,55296,-28899,15447,0
3777,0,32768,0,55328,-28922,15402,0
3778,0,32768,0,55360,-28946,15358,0
3779,0,32768,0,55392,-28970,15313,0
3780,0,32768,0,55424,-28993,15269,0
3781,0,32768,0,55456,-29016,15225,0
3782,0,32768,0,55488,-29040,15180,0
3783,0,32768,0,55520,-29063,15136,0
3784,0,32768,0,55552,-29086,15091,0
3785,0,32768,0,55584,-29109,15046,0
3786,0,32768,0,55616,-29132,15002,0
3787,0,32768,0,55648,-29155,14957,0
3788,0,32768,0,55680,-29178,14912,0
3789,0,32768,0,55712,-29201,14867,0
3790,0,32768,0,55744,-29224,14823,0
3791,0,32768,0,55776,-29247,14778,0
3792,0,32768,0,55808,-29269,14733,0
3793,0,32768,0,55840,-29292,14688,0
3794,0,32768,0,55872,-29314,14643,0
3795,0,32768,0,55904,-29337,14598,0
3796,0,32768,0,55936,-29359,14553,0
3797,0,32768,0,55968,-29381,14508,0
3798,0,32768,0,56000,-29404,14463,0
3799,0,32768,0,56032,-29426,14418,0
3800,0,32768,0,56064,-29448,14372,0
3801,0,32768,0,56096,-29470,14327,0
3802,0,32768,0,56128,-29492,14282,0
3803,0,32768,0,56160,-29514,14237,0
3804,0,32768,0,56192,-29535,14192,0
3805,0,32768,0,56224,-29557,14146,0
3806,0,32768,0,56256,-29579,14101,0
3807,0,32768,0,56288,-29600,14056,0
3808,0,32768,0,56320,-29622,14010,0
3809,0,32768,0,56352,-29643,13965,0
3810,0,32768,0,56384,-29665,13919,0
3811,0,32768,0,56416,-29686,13874,0
3812,0,32768,0,56448,-29707,13828,0
3813,0,32768,0,56480,-29729,13783,0
3814,0,32768,0,56512,-29750,13737,0
3815,0,32768,0,56544,-29771,13691,0
3816,0,32768,0,56576,-29792,13646,0
3817,0,32768,0,56608,-29813,13600,0
3818,0,32768,0,56640,-29833,13554,0
3819,0,32768,0,56672,-29854,13508,0
3820,0,32768,0,56704,-29875,13463,0
3821,0,32768,0,56736,-29896,13417,0
3822,0,32768,0,56768,-29916,13371,0
3823,0,32768,0,56800,-29937,13325,0
3824,0,32768,0,56832,-29957,13279,0
3825,0,32768,0,56864,-29977,13233,0
3826,0,32768,0,56896,-29997,13187,0
3827,0,32768,0,56928,-30018,13141,0
3828,0,32768,0,56960,-30038,13095,0
3829,0,32768,0,56992,-30058,13049,0
3830,0,32768,0,57024,-30078,13003,0
3831,0,32768,0,57056,-30098,12957,0
3832,0,32768,0,57088,-30118,12910,0
3833,0,32768,0,57120,-30137,12864,0
3834,0,32768,0,57152,-30157,12818,0
3835,0,32768,0,57184,-30177,12772,0
3836,0,32768,0,57216,-30196,12725,0
3837,0,32768,0,57248,-30216,12679,0
3838,0,32768,0,57280,-30235,12632,0
3839,0,32768,0,57312,-30254,12586,0
3840,0,32768,0,57344,-30274,12540,0
3841,0,32768,0,57376,-30293,12493,0
3842,0,32768,0,57408,-30312,12447,0
3843,0,32768,0,57440,-30331,12400,0
3844,0,32768,0,57472,-30350,12354,0
3845,0,32768,0,57504,-30369,12307,0
3846,0,32768,0,57536,-30388,12261,0
3847,0,32768,0,57568,-30407,12214,0
3848,0,32768,0,57600,-30425,12167,0
3849,0,32768,0,57632,-30444,12121,0
3850,0,32768,0,57664,-30463,12074,0
3851,0,32768,0,57696,-30481,12027,0
3852,0,32768,0,57728,-30500,11980,0
3853,0,32768,0,57760,-30518,11934,0
3854,0,32768,0,57792,-30536,11887,0
3855,0,32768,0,57824,-30554,11840,0
3856,0,32768,0,57856,-30572,11793,0
3857,0,32768,0,57888,-30590,11746,0
3858,0,32768,0,57920,-30608,11699,0
3859,0,32768,0,57952,-30626,11652,0
3860,0,32768,0,57984,-30644,11605,0
3861,0,32768,0,58016,-30662,11558,0
3862,0,32768,0,58048,-30680,11511,0
3863,0,32768,0,58080,-30697,11464,0
3864,0,32768,0,58112,-30715,11417,0
3865,0,32768,0,58144,-30732,11370,0
3866,0,32768,0,58176,-30750,11323,0
3867,0,32768,0,58208,-30767,11275,0
3868,0,32768,0,58240,-30784,11228,0
3869,0,32768,0,58272,-30802,11181,0
3870,0,32768,0,58304,-30819,11134,0
3871,0,32768,0,58336,-30836,11086,0
3872,0,32768,0,58368,-30853,11039,0
3873,0,32768,0,58400,-30869,10992,0
3874,0,32768,0,58432,-30886,10944,0
3875,0,32768,0,58464,-30903,10897,0
3876,0,32768,0,58496,-30920,10850,0
3877,0,32768,0,58528,-30936,10802,0
3878,0,32768,0,58560,-30953,10755,0
3879,0,32768,0,58592,-30969,10707,0
3880,0,32768,0,58624,-30986,10660,0
3881,0,32768,0,58656,-31002,10612,0
3882,0,32768,0,58688,-31018,10564,0
3883,0,32768,0,58720,-31034,10517,0
3884,0,32768,0,58752,-31051,10469,0
3885,0,32768,0,58784,-31066,10422,0
3886,0,32768,0,58816,-31083,10374,0
3887,0,32768,0,58848,-31098,10327,0
3888,0,32768,0,58880,-31114,10279,0
3889,0,32768,0,58912,-31130,10231,0
3890,0,32768,0,58944,-31146,10183,0
3891,0,32768,0,58976,-31161,10135,0
3892,0,32768,0,59008,-31177,10088,0
3893,0,32768,0,59040,-31192,10040,0
3894,0,32768,0,59072,-31208,9992,0
3895,0,32768,0,59104,-31223,9944,0
3896,0,32768,0,59136,-31238,9896,0
3897,0,32768,0,59168,-31253,9848,0
3898,0,32768,0,59200,-31268,9800,0
3899,0,32768,0,59232,-31283,9752,0
3900,0,32768,0,59264,-31298,9704,0
3901,0,32768,0,59296,-31313,9656,0
3902,0,32768,0,59328,-31328,9608,0
3903,0,32768,0,59360,-31342,9560,0
3904,0,32768,0,59392,-31357,9512,0
3905,0,32768,0,59424,-31372,9464,0
3906,0,32768,0,59456,-31386,9416,0
3907,0,32768,0,59488,-31401,9368,0
3908,0,32768,0,59520,-31415,9320,0
3909,0,32768,0,59552,-31429,9271,0
3910,0,32768,0,59584,-31443,9223,0
3911,0,32768,0,59616,-31457,9175,0
3912,0,32768,0,59648,-31471,9127,0
3913,0,32768,0,59680,-31485,9078,0
3914,0,32768,0,59712,-31499,9030,0
3915,0,32768,0,59744,-31513,8982,0
3916,0,32768,0,59776,-31527,8933,0
3917,0,32768,0,59808,-31541,8885,0
3918,0,32768,0,59840,-31554,8837,0
3919,0,32768,0,59872,-31568,8788,0
3920,0,32768,0,59904,-31581,8740,0
3921,0,32768,0,59936,-31594,8691,0
3922,0,32768,0,59968,-31608,8643,0
3923,0,32768,0,60000,-31621,8594,0
3924,0,32768,0,60032,-31634,8546,0
3925,0,32768,0,60064,-31647,8497,0
3926,0,32768,0,60096,-31660,8449,0
3927,0,32768,0,60128,-31673,8400,0
3928,0,32768,0,60160,-31686,8351,0
3929,0,32768,0,60192,-31699,8303,0
3930,0,32768,0,60224,-31711,8254,0
3931,0,32768,0,60256,-31724,8206,0
3932,0,32768,0,60288,-31737,8157,0
3933,0,32768,0,60320,-31749,8108,0
3934,0,32768,0,60352,-31761,8059,0
3935,0,32768,0,60384,-31774,8011,0
3936,0,32768,0,60416,-31786,7962,0
3937,0,32768,0,60448,-31798,7913,0
3938,0,32768,0,60480,-31810,7864,0
3939,0,32768,0,60512,-31822,7816,0
3940,0,32768,0,60544,-31834,7767,0
3941,0,32768,0,60576,-31846,7718,0
3942,0,32768,0,60608,-31858,7669,0
3943,0,32768,0,60640,-31870,7620,0
3944,0,32768,0,60672,-31881,7571,0
3945,0,32768,0,60704,-31893,7522,0
3946,0,32768,0,60736,-31904,7474,0
3947,0,32768,0,60768,-31916,7425,0
3948,0,32768,0,60800,-31927,7376,0
3949,0,32768,0,60832,-31938,7327,0
3950,0,32768,0,60864,-31950,7278,0
3951,0,32768,0,60896,-31961,7229,0
3952,0,32768,0,60928,-31972,7180,0
3953,0,32768,0,60960,-31983,7131,0
3954,0,32768,0,60992,-31994,7081,0
3955,0,32768,0,61024,-32005,7032,0
3956,0,32768,0,61056,-32015,6983,0
3957,0,32768,0,61088,-32026,6934,0
3958,0,32768,0,61120,-32037,6885,0
3959,0,32768,0,61152,-32047,6836,0
3960,0,32768,0,61184,-32058,6787,0
3961,0,32768,0,61216,-32068,6737,0
3962,0,32768,0,61248,-32078,6688,0
3963,0,32768,0,61280,-32088,6639,0
3964,0,32768,0,61312,-32099,6590,0
3965,0,32768,0,61344,-32109,6541,0
3966,0,32768,0,61376,-32119,6491,0
3967,0,32768,0,61408,-32129,6442,0
3968,0,32768,0,61440,-32138,6393,0
3969,0,32768,0,61472,-32148,6343,0
3970,0,32768,0,61504,-32158,6294,0
3971,0,32768,0,61536,-32168,6245,0
3972,0,32768,0,61568,-32177,6195,0
3973,0,32768,0,61600,-32187,6146,0
3974,0,32768,0,61632,-32196,6097,0
3975,0,32768,0,61664,-32205,6047,0
3976,0,32768,0,61696,-32215,5998,0
3977,0,32768,0,61728,-32224,5948,0
3978,0,32768,0,61760,-32233,5899,0
3979,0,32768,0,61792,-32242,5849,0
3980,0,32768,0,61824,-32251,5800,0
3981,0,32768,0,61856,-32260,5751,0
3982,0,32768,0,61888,-32268,5701,0
3983,0,32768,0,61920,-32277,5652,0
3984,0,32768,0,61952,-32286,5602,0
3985,0,32768,0,61984,-32294,5553,0
3986,0,32768,0,62016,-32303,5503,0
3987,0,32768,0,62048,-32311,5453,0
3988,0,32768,0,62080,-32319,5404,0
3989,0,32768,0,62112,-32328,5354,0
3990,0,32768,0,62144,-32336,5305,0
3991,0,32768,0,62176,-32344,5255,0
3992,0,32768,0,62208,-32352,5206,0
3993,0,32768,0,62240,-32360,5156,0
3994,0,32768,0,62272,-32368,5106,0
3995,0,32768,0,62304,-32376,5057,0
3996,0,32768,0,62336,-32383,5007,0
3997,0,32768,0,62368,-32391,4957,0
3998,0,32768,0,62400,-32398,4908,0
3999,0,32768,0,62432,-32406,4858,0
4000,0,32768,0,62464,-32413,4808,0
4001,0,32768,0,62496,-32421,4758,0
4002,0,32768,0,62528,-32428,4709,0
4003,0,32768,0,62560,-32435,4659,0
4004,0,32768,0,62592,-32442,4609,0
4005,0,32768,0,62624,-32449,4559,0
4006,0,32768,0,62656,-32456,4509,0
4007,0,32768,0,62688,-32463,4460,0
4008,0,32768,0,62720,-32470,4410,0
4009,0,32768,0,62752,-32477,4360,0
4010,0,32768,0,62784,-32483,4310,0
4011,0,32768,0,62816,-32490,4261,0
4012,0,32768,0,62848,-32496,4211,0
4013,0,32768,0,62880,-32503,4161,0
4014,0,32768,0,62912,-32509,4111,0
4015,0,32768,0,62944,-32515,4061,0
4016,0,32768,0,62976,-32522,4011,0
4017,0,32768,0,63008,-32528,3961,0
4018,0,32768,0,63040,-32534,3911,0
4019,0,32768,0,63072,-32540,3861,0
4020,0,32768,0,63104,-32546,3812,0
4021,0,32768,0,63136,-32551,3762,0
4022,0,32768,0,63168,-32557,3712,0
4023,0,32768,0,63200,-32563,3662,0
4024,0,32768,0,63232,-32568,3612,0
4025,0,32768,0,63264,-32574,3562,0
4026,0,32768,0,63296,-32579,3512,0
4027,0,32768,0,63328,-32585,3462,0
4028,0,32768,0,63360,-32590,3412,0
4029,0,32768,0,63392,-32595,3362,0
4030,0,32768,0,63424,-32600,3312,0
4031,0,32768,0,63456,-32605,3262,0
4032,0,32768,0,63488,-32610,3212,0
4033,0,32768,0,63520,-32615,3162,0
4034,0,32768,0,63552,-32620,3112,0
4035,0,32768,0,63584,-32625,3062,0
4036,0,32768,0,63616,-32629,3012,0
4037,0,32768,0,63648,-32634,2962,0
4038,0,32768,0,63680,-32638,2912,0
4039,0,32768,0,63712,-32643,2861,0
4040,0,32768,0,63744,-32647,2811,0
4041,0,32768,0,63776,-32651,2761,0
4042,0,32768,0,63808,-32656,2711,0
4043,0,32768,0,63840,-32660,2661,0
4044,0,32768,0,63872,-32664,2611,0
4045,0,32768,0,63904,-32668,2561,0
4046,0,32768,0,63936,-32672,2511,0
4047,0,32768,0,63968,-32676,2461,0
4048,0,32768,0,64000,-32679,2410,0
4049,0,32768,0,64032,-32683,2360,0
4050,0,32768,0,64064,-32687,2310,0
4051,0,32768,0,64096,-32690,2260,0
4052,0,32768,0,64128,-32694,2210,0
4053,0,32768,0,64160,-32697,2160,0
4054,0,32768,0,64192,-32700,2110,0
4055,0,32768,0,64224,-32703,2059,0
4056,0,32768,0,64256,-32706,2009,0
4057,0,32768,0,64288,-32709,1959,0
4058,0,32768,0,64320,-32712,1909,0
4059,0,32768,0,64352,-32715,1859,0
4060,0,32768,0,64384,-32718,1809,0
4061,0,32768,0,64416,-32721,1758,0
4062,0,32768,0,64448,-32724,1708,0
4063,0,32768,0,64480,-32726,1658,0
4064,0,32768,0,64512,-32729,1608,0
4065,0,32768,0,64544,-32731,1557,0
4066,0,32768,0,64576,-32733,1507,0
4067,0,32768,0,64608,-32736,1457,0
4068,0,32768,0,64640,-32738,1407,0
4069,0,32768,0,64672,-32740,1357,0
4070,0,32768,0,64704,-32742,1306,0
4071,0,32768,0,64736,-32744,1256,0
4072,0,32768,0,64768,-32746,1206,0
4073,0,32768,0,64800,-32748,1156,0
4074,0,32768,0,64832,-32749,1106,0
4075,0,32768,0,64864,-32751,1055,0
4076,0,32768,0,64896,-32753,1005,0
4077,0,32768,0,64928,-32754,955,0
4078,0,32768,0,64960,-32756,905,0
4079,0,32768,0,64992,-32757,854,0
4080,0,32768,0,65024,-32758,804,0
4081,0,32768,0,65056,-32759,754,0
4082,0,32768,0,65088,-32761,704,0
4083,0,32768,0,65120,-32762,653,0
4084,0,32768,0,65152,-32762,603,0
4085,0,32768,0,65184,-32763,553,0
4086,0,32768,0,65216,-32764,503,0
4087,0,32768,0,65248,-32765,452,0
4088,0,32768,0,65280,-32766,402,0
4089,0,32768,0,65312,-32766,352,0
4090,0,32768,0,65344,-32767,301,0
4091,0,32768,0,65376,-32767,251,0
4092,0,32768,0,65408,-32767,201,0
4093,0,32768,0,65440,-32768,151,0
4094,0,32768,0,65472,-32768,100,0
4095,0,32768,0,65504,-32768,50,0
4096,0,-261,635,-2316,-189,660,0
4097,0,-3959,-24822,57215,13289,21336,0
4098,0,-2873,14393,33951,-14207,-3684,0
4099,0,3656,-1495,-64380,-3733,1290,0
4100,0,22199,20915,62666,-24858,-17673,0
4101,0,8881,19343,-28803,20673,-5067,0
4102,0,-4389,1408,-58477,4608,129,0
4103,0,-5254,-5476,-55088,1979,7326,0
4104,0,3267,-6663,47098,3080,6751,0
4105,0,-3542,-7751,17023,3219,-7890,0
4106,0,2499,-2727,38221,1989,3119,0
4107,0,-13539,-15666,35554,17329,-11333,0
4108,0,11722,-4864,-20532,2437,-12455,0
4109,0,4051,-9538,-37650,-10217,-1729,0
4110,0,-7848,19126,61223,3755,-20330,0
4111,0,-9643,-487,-51926,7367,6241,0
4112,0,-4718,30600,-334,-4227,30672,0
4113,0,1548,-4721,-43748,-4860,1033,0
4114,0,2151,1266,3397,1917,1598,0
4115,0,11695,-19881,49033,5916,22294,0
4116,0,-923,2103,-46142,2237,-518,0
4117,0,-7028,-7199,-37697,-5354,8518,0
4118,0,-10866,535,-5116,-10411,3157,0
4119,0,9930,2083,-18960,7746,-6553,0
4120,0,9286,-10929,-32539,-10827,-9405,0
4121,0,-15237,19981,15238,-24681,4717,0
4122,0,13752,7177,52015,-15296,2581,0
4123,0,180,-90,-18655,43,-197,0
4124,0,-20858,-9644,-44572,3042,22777,0
4125,0,18247,9609,42706,-16907,11809,0
4126,0,-806,-466,30785,387,-847,0
4127,0,-1799,2138,-63002,2045,-1904,0
4128,0,-5828,-22396,-8471,-14201,-18273,0
4129,0,7657,12851,26153,-9823,11282,0
4130,0,-13030,-19010,26516,14316,-18062,0
4131,0,-30437,-2169,23948,-10511,-28647,0
4132,0,6976,-11414,-26978,-9066,-9837,0
4133,0,-1257,-55,62821,1253,-109,0
4134,0,-20190,2731,1590,-20339,1186,0
4135,0,11638,-2048,-39594,-5680,-10362,0
4136,0,-10067,-28423,36184,29684,-5299,0
4137,0,-28912,-7744,-18149,-24562,17105,0
4138,0,5836,6634,31297,-6206,6289,0
4139,0,-5060,8636,45087,-4356,-9012,0
4140,0,388,-328,-16490,40,-507,0
4141,0,11627,13236,32899,-13309,11544,0
4142,0,-19817,-9309,34338,10773,-19061,0
4143,0,12963,-7432,5378,14430,-3881,0
4144,0,-5361,-16725,-54940,-3450,17221,0
4145,0,9684,-28159,-9224,-3297,-29595,0
4146,0,-5782,6368,33681,-6109,-6055,0
4147,0,29937,8577,1317,29336,10449,0
4148,0,-7006,5505,-15768,-1322,8811,0
4149,0,-969,-6054,-15792,-4862,-3735,0
4150,0,-10630,-12531,35231,13696,-9080,0
4151,0,11513,-60,41617,-4684,10517,0
4152,0,-11792,1354,-29574,-460,11861,0
4153,0,7520,6772,65233,-7618,-6662,0
4154,0,1202,-31070,55017,13959,27784,0
4155,0,-20037,7212,2684,-20797,4582,0
4156,0,7917,-2728,56891,-6148,5685,0
4157,0,4065,7651,58467,-6377,-5865,0
4158,0,-2753,-24591,-49676,-14951,19717,0
4159,0,317,-11112,-38608,-10767,2766,0
4160,0,-10761,27764,22295,-29516,3927,0
4161,0,-484,82,-1650,-476,120,0
4162,0,-5866,164,-42684,2830,5141,0
4163,0,-24374,19722,60554,19017,-24928,0
4164,0,20331,-21946,-59015,-26095,14630,0
4165,0,-27251,12320,-26296,3412,29711,0
4166,0,-1968,-508,-13156,-1889,750,0
4167,0,-13712,-10056,-63275,12544,11480,0
4168,0,12081,-19708,16554,22521,-5210,0
4169,0,-3875,-5673,63733,4350,5317,0
4170,0,-11799,5629,5828,-12894,2157,0
4171,0,-3105,3001,-13981,-569,4281,0
4172,0,29023,-4821,-27150,3075,-29260,0
4173,0,-6074,12350,28744,-13285,-3594,0
4174,0,-259,-5633,-38870,-5319,1872,0
4175,0,-5563,7892,12765,-9087,3264,0
4176,0,-784,-81,-64405,778,123,0
4177,0,-16263,-26341,-49123,-7168,30116,0
4178,0,-8083,2303,-10410,-5995,5890,0
4179,0,262,26,50471,-214,154,0
4180,0,25672,-3957,-57672,-25326,-5771,0
4181,0,19155,25764,35559,-28089,15547,0
4182,0,-4093,31711,-27749,29822,11531,0
4183,0,-6301,2747,59289,5210,-4484,0
4184,0,-390,-4757,-59755,-926,4682,0
4185,0,20598,-2154,-1030,20467,-3168,0
4186,0,18570,-16807,31660,17769,17652,0
4187,0,11484,-788,-45879,-7389,-8826,0
4188,0,-5197,-297,32972,348,-5194,0
4189,0,3527,-5267,847,3738,-5120,0
4190,0,20712,-18495,61755,-17039,21926,0
4191,0,17113,-3209,63805,-16788,4616,0
4192,0,-1586,20585,37196,-19789,-5887,0
4193,0,22626,-13507,-12965,10531,-24155,0
4194,0,4432,-23709,28484,24115,-496,0
4195,0,24685,-2340,27518,8413,23325,0
4196,0,4730,-27981,13424,20573,-19547,0
4197,0,-378,503,36689,-424,-465,0
4198,0,-13991,-6541,8342,-10341,-11472,0
4199,0,-12622,-14980,48455,19563,1014,0
4200,0,16645,22191,5004,10896,25510,0
4201,0,2506,-15249,25675,15212,-2723,0
4202,0,-6831,-25566,47565,23849,11469,0
4203,0,-14605,-7927,60328,16111,4073,0
4204,0,19022,-6179,36499,2696,19818,0
4205,0,2312,-29686,58977,6982,28946,0
4206,0,4413,26624,62118,-8697,-25548,0
4207,0,-6893,-4948,5050,-5506,-6456,0
4208,0,12027,1849,-3034,12168,86,0
4209,0,17980,-16309,19419,23819,4684,0
4210,0,-29175,2646,57029,25733,-14000,0
4211,0,-324,-8364,-52857,-4510,7051,0
4212,0,-9077,-30242,18441,17630,-26194,0
4213,0,-1390,3133,20411,-3375,596,0
4214,0,-23887,-10807,23631,-344,-26216,0
4215,0,-12960,-17551,63744,14418,16374,0
4216,0,17934,17924,33072,-18183,17671,0
4217,0,-8623,-9286,14643,-588,-12658,0
4218,0,5407,-8927,-56327,-8703,5761,0
4219,0,26888,18101,-20714,29849,-12636,0
4220,0,7373,26826,-36259,25223,-11738,0
4221,0,-11328,-8548,-42341,-2646,13942,0
4222,0,-480,-7410,18025,5324,-5177,0
4223,0,4881,-2407,33563,2219,4969,0
4224,0,14375,19077,-12662,22689,7470,0
4225,0,3903,-5620,44742,2600,6329,0
4226,0,21020,16144,57499,-25546,-7061,0
4227,0,5914,-21210,46118,13481,17410,0
4228,0,5106,-9101,-40730,-10348,-1349,0
4229,0,-11522,278,31328,-1072,-11476,0
4230,0,6124,-15424,-47336,-15751,5226,0
4231,0,9220,22390,32593,-22312,9407,0
4232,0,-367,-20,46412,239,-279,0
4233,0,-3778,19297,-37956,19633,-1088,0
4234,0,-3550,-18569,-41929,-15298,11108,0
4235,0,20404,-6364,-11934,13710,-16397,0
4236,0,-10838,19510,22924,-22304,-785,0
4237,0,-24410,19587,-30906,17333,26059,0
4238,0,5167,15439,8829,-1630,16199,0
4239,0,-16792,28113,-9349,-2952,32613,0
4240,0,-812,9664,52351,-5054,-8277,0
4241,0,11077,10315,-17879,15049,-1620,0
4242,0,1235,1636,-37024,1352,-1541,0
4243,0,-12310,-6862,3255,-11094,-8692,0
4244,0,1603,-1723,40710,1004,2129,0
4245,0,1822,2389,-5520,2383,1829,0
4246,0,-29807,-12959,-45185,5983,31947,0
4247,0,1568,-2952,4654,2182,-2532,0
4248,0,-10149,23722,871,-11130,23278,0
4249,0,6303,-3802,32893,3764,6326,0
4250,0,2246,-5305,-16595,-2217,-5317,0
4251,0,-8495,-13854,-34560,-13074,9652,0
4252,0,-2993,-14080,-47093,-8991,11241,0
4253,0,6550,-7857,-58472,-8788,5235,0
4254,0,24180,8099,17693,9917,23493,0
4255,0,-273,2480,-25687,2248,1083,0
4256,0,6338,11980,5707,2866,13247,0
4257,0,5157,-95,-39232,-1663,-4882,0
4258,0,-4514,-19238,-14711,-15907,-11723,0
4259,0,17187,-26795,-9487,3670,-31621,0
4260,0,-6993,4178,37957,-2328,-7806,0
4261,0,-21598,-422,32247,-117,-21602,0
4262,0,9105,1388,-52240,-6491,-6534,0
4263,0,18943,1796,-27529,6447,-17902,0
4264,0,7516,5200,24400,-1852,8950,0
4265,0,-2903,6832,-30469,6471,3637,0
4266,0,-8906,4049,-60550,9612,-1825,0
4267,0,8457,-4077,5931,9261,-1541,0
4268,0,28292,10330,-39743,474,-30115,0
4269,0,11940,9825,62584,-13206,-8043,0
4270,0,26701,-16568,-23304,-3190,-31261,0
4271,0,20715,2811,55585,-19693,7014,0
4272,0,20737,760,14003,15765,13493,0
4273,0,4187,7885,11699,-648,8904,0
4274,0,19709,3527,-17988,15503,-12671,0
4275,0,3137,72,13355,2473,1932,0
4276,0,6476,-36,63407,-6439,696,0
4277,0,-5777,7479,-2799,-4725,8185,0
4278,0,23951,-21282,63615,-21893,23394,0
4279,0,-7738,1366,-19384,-3537,7017,0
4280,0,7822,1472,24369,1711,7773,0
4281,0,6402,-793,-483,6382,-941,0
4282,0,-3631,4221,35843,-3642,-4212,0
4283,0,-11743,2365,41156,2419,-11732,0
4284,0,-3840,-1845,-43540,291,4250,0
4285,0,6133,-12936,-6518,1860,-14195,0
4286,0,-1159,15125,31424,-15168,-183,0
4287,0,6322,255,-58227,-5850,-2409,0
4288,0,-484,279,44175,13,-559,0
4289,0,-19255,3187,-13293,-13580,14018,0
4290,0,158,12936,56403,-5627,-11649,0
4291,0,14696,14075,-47954,729,-20336,0
4292,0,884,6458,-40411,5713,-3139,0
4293,0,2826,-6333,-46123,-6767,1517,0
4294,0,7854,264,-41920,-3097,-7222,0
4295,0,-8675,10772,7835,-12022,6839,0
4296,0,7882,-6595,-13160,2475,-9975,0
4297,0,-10325,-19189,-3764,-13601,-17025,0
4298,0,252,5093,-3454,1088,4982,0
4299,0,17490,913,28151,2949,17264,0
4300,0,25636,-2174,38523,-4891,25259,0
4301,0,17937,15659,-34062,14517,-18873,0
4302,0,-5632,51,31536,-383,-5619,0
4303,0,16703,-4505,-46639,-13851,-10365,0
4304,0,2033,-478,-17,2033,-480,0
4305,0,-6758,3172,-45173,6414,3821,0
4306,0,2078,7238,57465,-4655,-5919,0
4307,0,-8961,1572,2580,-9087,455,0
4308,0,-14497,12613,-47795,19043,2576,0
4309,0,6328,-6157,-54489,-8572,2117,0
4310,0,-18188,-6334,30260,4107,-18816,0
4311,0,-7136,-65,22329,-3367,-6292,0
4312,0,24819,7066,-36414,2643,-25670,0
4313,0,16223,8058,-47241,-4179,-17625,0
4314,0,10411,3900,-15792,10246,-4315,0
4315,0,-7431,-6589,9965,-3570,-9268,0
4316,0,25351,85,40123,-8834,23762,0
4317,0,-7480,9542,64758,7119,-9814,0
4318,0,19058,20370,40175,-25725,10788,0
4319,0,-4884,-5019,-54441,1664,6803,0
4320,0,-2555,406,56248,2131,-1467,0
4321,0,2309,10470,42157,-10432,-2476,0
4322,0,6910,-22876,28510,23802,2129,0
4323,0,3,-48,29837,48,-4,0
4324,0,-5542,-20231,-2616,-8029,-19379,0
4325,0,2159,-15787,47673,10511,11975,0
4326,0,24281,-20789,-2796,21285,-23847,0
4327,0,17430,15700,1963,15878,17269,0
4328,0,-2318,692,32040,-772,-2292,0
4329,0,-712,-4163,-64225,449,4200,0
4330,0,-1705,-6817,-25354,-6984,-774,0
4331,0,27615,-6805,-55803,-27724,-6344,0
4332,0,-13521,-21028,60640,18040,17307,0
4333,0,2840,9661,-8314,6367,7802,0
4334,0,9221,350,61444,-9112,1454,0
4335,0,17686,7241,11466,11298,15413,0
4336,0,21290,1300,-17483,15207,-14957,0
4337,0,12696,20410,13820,-2543,23902,0
4338,0,-3610,-777,28802,81,-3692,0
4339,0,4250,-1311,63989,-4141,1622,0
4340,0,10305,-23040,-62243,-13799,21134,0
4341,0,16628,-3438,26677,8079,14934,0
4342,0,-8387,6256,11706,-10430,833,0
4343,0,14210,24402,-37258,20804,-19094,0
4344,0,-20388,-7266,-31043,-8925,19718,0
4345,0,-5647,-21719,-833,-6509,-21476,0
4346,0,-10266,24801,-14513,8016,25617,0
4347,0,-1385,-18201,-47731,-12806,13008,0
4348,0,-4575,-537,-58158,4106,2088,0
4349,0,-31545,2855,-40705,14366,28229,0
4350,0,-13679,25534,-19152,11977,26375,0
4351,0,4867,2438,-40455,521,-5418,0
4352,0,-9874,-6914,-19262,-11470,3706,0
4353,0,-4456,1871,49536,1910,-4439,0
4354,0,17481,12581,38525,-16868,13391,0
4355,0,28487,13714,-33374,12881,-28873,0
4356,0,-2159,17515,-26253,16004,7436,0
4357,0,310,3752,65313,-350,-3748,0
4358,0,13471,14268,-65120,-13184,-14534,0
4359,0,4715,25295,-50385,13273,-22043,0
4360,0,-67,-23703,47380,18165,15227,0
4361,0,-4275,-26923,-48990,-16186,21935,0
4362,0,3476,1730,-29992,2176,-3216,0
4363,0,7280,5069,-32088,5303,-7111,0
4364,0,1920,-7142,12561,5628,-4798,0
4365,0,1804,25146,-4507,7153,24175,0
4366,0,-6799,-27533,38214,28355,538,0
4367,0,-10108,-2080,-46212,4410,9330,0
4368,0,-5929,-2640,-16671,-6027,2409,0
4369,0,-4547,17089,45760,-11228,-13662,0
4370,0,11041,-17497,48851,4856,20111,0
4371,0,16530,-1314,-29470,1305,-16531,0
4372,0,-2505,3800,-20226,1717,4215,0
4373,0,7670,-6718,38569,4354,9220,0
4374,0,-16869,-24776,-29431,-27147,12707,0
4375,0,-304,428,-61950,373,-370,0
4376,0,-2973,-400,-23022,-1696,2474,0
4377,0,-22660,4943,56864,18734,-13673,0
4378,0,13254,5547,26109,-1107,14325,0
4379,0,-4778,-21141,53882,15257,15394,0
4380,0,7386,21946,46870,-21741,-7970,0
4381,0,-27108,10918,46010,7284,-28302,0
4382,0,3639,-22434,-28859,-21363,-7755,0
4383,0,9077,-28099,-18294,-15798,-24948,0
4384,0,-19600,15140,5935,-23062,9030,0
4385,0,19094,-9728,19076,19359,9190,0
4386,0,-8,5934,28683,-5822,1147,0
4387,0,-3547,-12162,-19294,-11847,-4488,0
4388,0,-7622,1498,-61312,7768,66,0
4389,0,-4591,2963,19411,-5119,-1911,0
4390,0,978,-254,-10818,724,-705,0
4391,0,-11248,-539,30270,-808,-11232,0
4392,0,5715,-8790,-12558,-267,-10481,0
4393,0,-101,-7568,-22307,-6685,-3549,0
4394,0,-3927,-169,-50910,2892,2662,0
4395,0,-5533,-11135,-16018,-11715,-4167,0
4396,0,-684,358,62256,620,-461,0
4397,0,11580,3297,-16549,10473,-5940,0
4398,0,-15454,-7299,-23086,-13445,10552,0
4399,0,-18608,-15369,26548,9224,-22302,0
4400,0,15046,24986,-24331,28891,-4000,0
4401,0,715,-307,-7654,557,-543,0
4402,0,4345,11123,-33114,11049,-4529,0
4403,0,-31711,2302,3998,-31569,-3780,0
4404,0,10432,13318,59691,-13708,-9914,0
4405,0,4745,2174,45194,-4462,2708,0
4406,0,4282,-4503,-29532,-3787,-4926,0
4407,0,14320,-16252,-20972,-6050,-20799,0
4408,0,-15126,6146,13270,-15819,-4042,0
4409,0,3208,-4570,1270,3480,-4366,0
4410,0,-25953,14187,50404,10007,-27833,0
4411,0,5173,1148,400,5150,1247,0
4412,0,5842,-23318,-18915,-14762,-18972,0
4413,0,-3992,13286,-443,-3709,13368,0
4414,0,-11027,-9423,-63294,9952,10552,0
4415,0,-19102,-18030,-33660,-17197,19855,0
4416,0,-16563,-39,-10053,-14695,7642,0
4417,0,-4550,16503,38773,-14532,-9048,0
4418,0,4725,-935,19593,3544,3262,0
4419,0,8597,22815,21227,-14894,19303,0
4420,0,-18573,271,-39440,6097,17546,0
4421,0,13039,-261,16816,9215,9228,0
4422,0,31086,7996,-37719,463,-32095,0
4423,0,-7252,1551,6125,-7390,-614,0
4424,0,5364,1179,-30596,1730,-5212,0
4425,0,-8716,31309,15693,-27757,16904,0
4426,0,11149,-18556,-26265,-14242,-16303,0
4427,0,15559,-24708,-5853,8109,-28050,0
4428,0,2506,3269,43996,-4092,476,0
4429,0,10285,4846,-12146,11255,-1608,0
4430,0,-3789,-1650,48359,3786,-1658,0
4431,0,-7695,1841,17588,-6493,-4521,0
4432,0,250,2123,35406,-2138,-20,0
4433,0,-4304,17349,-58942,9484,-15152,0
4434,0,2340,-289,-7098,2109,-1053,0
4435,0,-3948,-22639,30394,22044,-6493,0
4436,0,-18014,8415,-29659,5647,19064,0
4437,0,4309,6864,14200,-971,8046,0
4438,0,-14604,6012,8997,-15780,-644,0
4439,0,16803,-20557,26013,24835,9389,0
4440,0,-17389,7056,-54842,18615,2380,0
4441,0,3069,253,-11287,2761,-1364,0
4442,0,3863,-13624,-44082,-13663,3724,0
4443,0,-19918,1326,33960,-186,-19961,0
4444,0,8376,16775,-1389,9474,16180,0
4445,0,-28908,12096,51180,14646,-27703,0
4446,0,10845,-27362,36280,25158,15277,0
4447,0,-10297,1051,26574,-4018,-9539,0
4448,0,8640,-15699,-4269,5269,-17127,0
4449,0,-5494,4903,-21433,1356,7238,0
4450,0,18248,13115,-54270,-8907,-20631,0
4451,0,-24991,3465,5541,-25024,-3217,0
4452,0,4468,-8307,4058,5990,-7287,0
4453,0,-5980,22302,24134,-22824,3494,0
4454,0,1,-152,-61238,-32,149,0
4455,0,18063,25781,34800,-27416,15470,0
4456,0,-16447,18534,-16994,2198,24682,0
4457,0,2448,-2044,-32262,-1984,-2497,0
4458,0,4395,28342,-26311,28334,4447,0
4459,0,13545,22096,-56687,-3250,-25713,0
4460,0,18607,4900,-44034,-5365,-18478,0
4461,0,-6288,-11155,-38833,-8884,9222,0
4462,0,-5519,26797,-47023,24265,-12639,0
4463,0,-8679,-1524,-49399,5144,7154,0
4464,0,-16642,-22289,5754,-9943,-25979,0
4465,0,-2790,-22609,-5502,-8588,-21100,0
4466,0,-8503,19598,3024,-11245,18164,0
4467,0,-10763,-26180,-55282,-2868,28160,0
4468,0,-17716,8402,-4844,-15307,12254,0
4469,0,-1546,5005,-46346,4918,-1803,0
4470,0,14137,-29157,-52808,-28293,15796,0
4471,0,13427,10818,-56849,-7904,-15325,0
4472,0,-20755,21203,56463,9889,-27974,0
4473,0,-11795,-6159,-53899,6747,11469,0
4474,0,12689,-25918,-34785,-27022,-10128,0
4475,0,-3256,-238,-9813,-3010,1264,0
4476,0,-607,7500,-14174,4241,6216,0
4477,0,-4113,-2040,55545,4590,-85,0
4478,0,15373,-354,28966,3135,15054,0
4479,0,-798,-1361,63912,902,1295,0
4480,0,-16665,5492,-15423,-8614,15287,0
4481,0,9083,13157,43150,-15897,1700,0
4482,0,5167,15336,-27003,16164,-786,0
4483,0,25483,11214,-22014,22320,-16643,0
4484,0,6406,-2194,32047,2414,6326,0
4485,0,-998,-4669,55009,3131,3605,0
4486,0,-23556,-13995,62031,25565,9859,0
4487,0,31834,-4004,-14046,22390,-22981,0
4488,0,3272,-5873,-31353,-5638,-3663,0
4489,0,4190,-1910,45058,-740,4545,0
4490,0,658,801,14036,15,1036,0
4491,0,-7154,16880,11567,-14969,10584,0
4492,0,-9768,-11689,21335,4888,-14428,0
4493,0,10030,-4,-26458,2984,-9576,0
4494,0,1862,3200,-12336,3330,1619,0
4495,0,-1346,4497,12226,-3609,3002,0
4496,0,5493,-17771,-65242,-5743,17692,0
4497,0,21953,16713,15375,5023,27130,0
4498,0,-13516,19073,-51938,22316,-6963,0
4499,0,1,15173,-12649,8648,12468,0
4500,0,-22826,18980,49871,3737,-29450,0
4501,0,-2107,-12070,3494,-65,-12252,0
4502,0,-1144,4106,-54550,3053,-2975,0
4503,0,-14116,1799,-7285,-12648,6520,0
4504,0,-962,-24331,-42828,-21110,12136,0
4505,0,11296,-11481,38110,8245,13836,0
4506,0,5948,21490,-51666,8578,-20582,0
4507,0,5261,28079,52061,-21103,-19255,0
4508,0,-9358,-2838,-46717,3575,9102,0
4509,0,-10840,10184,41866,-4652,-14127,0
4510,0,-7186,14910,15873,-15486,5843,0
4511,0,28963,12385,-59630,-24350,-19983,0
4512,0,5530,-6185,27677,7338,3872,0
4513,0,-9938,-17233,60843,13532,14582,0
4514,0,2600,801,26872,-44,2720,0
4515,0,-8466,-28755,1159,-6856,-29181,0
4516,0,-22074,-9258,33002,9505,-21969,0
4517,0,-7386,20899,36216,-19399,-10724,0
4518,0,-4476,17498,-9378,3573,17705,0
4519,0,-13036,-1844,28576,-795,-13142,0
4520,0,17612,-1745,30101,3976,17246,0
4521,0,19361,23101,-50798,270,-30140,0
4522,0,19601,3195,27350,1946,19764,0
4523,0,27278,-9177,-62248,-28380,4782,0
4524,0,16466,-3667,32332,4010,16386,0
4525,0,10652,-19677,-15754,-5731,-21629,0
4526,0,-13899,5066,49289,6334,-13369,0
4527,0,17118,11463,40733,-17016,11614,0
4528,0,-22749,12659,-52377,25837,3195,0
4529,0,-4349,2226,-23840,220,4881,0
4530,0,-10308,-13788,3817,-7627,-15433,0
4531,0,-5540,28076,-21100,20858,19593,0
4532,0,13,706,-39477,666,-235,0
4533,0,-22691,-7264,42524,16713,-16980,0
4534,0,6625,-16916,51592,5284,17382,0
4535,0,-3450,4150,-4952,-2377,4845,0
4536,0,-11765,-3132,-53945,8343,8867,0
4537,0,-18641,618,-19494,-10580,15360,0
4538,0,19260,2600,6807,17410,8637,0
4539,0,26713,-12107,41171,666,29321,0
4540,0,-26273,15284,-60790,29043,-8964,0
4541,0,-11800,-1907,-21316,-7784,9071,0
4542,0,6833,2589,38419,-4323,5891,0
4543,0,-4346,-25862,-48221,-16152,20660,0
4544,0,6687,4725,41290,-6993,4260,0
4545,0,-7092,-6234,-60321,5329,7795,0
4546,0,19277,10759,21699,476,22071,0
4547,0,293,-3725,-46633,-3113,2067,0
4548,0,-5258,-15605,54325,12505,10714,0
4549,0,-8224,31555,-34393,32099,5744,0
4550,0,2596,-928,-3119,2429,-1304,0
4551,0,-25064,21104,768,-25824,20167,0
4552,0,1448,8498,64347,-1930,-8402,0
4553,0,-24577,-14797,-56983,16642,23367,0
4554,0,22391,23595,36687,-27362,17590,0
4555,0,-23273,13394,65154,23024,-13818,0
4556,0,15413,-5589,-14335,8369,-14098,0
4557,0,-6799,-6124,5406,-5003,-7662,0
4558,0,-18276,-2137,46780,13046,-12976,0
4559,0,1603,3718,31056,-3574,1902,0
4560,0,-6424,-6495,32098,6285,-6629,0
4561,0,18973,17517,-15143,25818,506,0
4562,0,12508,-29837,-51249,-28562,15196,0
4563,0,-15051,-13387,-22950,-18757,7344,0
4564,0,-14220,-10371,25448,4851,-16918,0
4565,0,1201,-13245,2602,2840,-12993,0
4566,0,507,-154,-53822,-511,-140,0
4567,0,-13473,-14620,-49607,-378,19878,0
4568,0,1182,20826,10936,-9401,18621,0
4569,0,24191,17698,45596,-28412,9549,0
4570,0,-12214,14952,32869,-14893,-12286,0
4571,0,22037,-800,-43842,-11847,-18599,0
4572,0,-2251,-17377,-4849,-6193,-16391,0
4573,0,10104,26104,-21444,27571,4833,0
4574,0,12612,21086,289,12319,21259,0
4575,0,-303,5888,44397,-4836,-3372,0
4576,0,-22437,17035,-58798,26684,-9032,0
4577,0,965,-19013,58834,5088,18345,0
4578,0,-15486,9376,-44340,16127,8225,0
4579,0,-17316,-24906,-60483,10836,28333,0
4580,0,6255,2434,-47308,-2149,-6359,0
4581,0,8944,-11625,18442,14660,-454,0
4582,0,-14581,4622,-18738,-5468,14285,0
4583,0,220,-7977,62415,971,7921,0
4584,0,-10914,13865,44769,-5695,-16701,0
4585,0,15539,7319,49141,-16160,5821,0
4586,0,-12231,-13216,13515,-1777,-17919,0
4587,0,-12711,-19752,35934,21447,-9579,0
4588,0,-23743,21510,-47239,31720,4503,0
4589,0,-15353,-1816,10056,-12762,-8727,0
4590,0,245,699,23426,-524,523,0
4591,0,9330,-8727,1152,9798,-8199,0
4592,0,4065,-2727,-20587,-34,-4895,0
4593,0,1503,4120,60616,-2424,-3655,0
4594,0,-12014,-27835,55989,23076,19662,0
4595,0,-14266,11183,29585,-13221,-12401,0
4596,0,15965,-6979,-4533,14085,-10257,0
4597,0,-6212,-8938,40020,10520,-2795,0
4598,0,-4264,-27444,-58062,-5630,27197,0
4599,0,19499,754,15088,14118,13471,0
4600,0,-1991,3898,57299,338,-4364,0
4601,0,-3098,-2581,47505,3974,-681,0
4602,0,8463,19518,23285,-13820,16174,0
4603,0,-836,-31,60889,822,-154,0
4604,0,7270,12807,-48755,4185,-14120,0
4605,0,11287,8585,-3622,12600,6506,0
4606,0,-3746,-7372,-39980,-5666,6023,0
4607,0,1386,-14105,-57946,-6315,12688,0
4608,0,-17330,1435,38181,3060,-17118,0
4609,0,-11062,8637,53209,4374,-13335,0
4610,0,23790,3706,36314,-7677,22820,0
4611,0,5620,-7622,56434,-1872,9283,0
4612,0,3872,5431,61817,-4774,-4658,0
4613,0,26150,-14098,-37158,-19250,-22628,0
4614,0,-7451,20608,-62918,9972,-19513,0
4615,0,6347,29076,-65156,-5816,-29187,0
4616,0,654,-3812,-32612,-3807,-683,0
4617,0,-2660,-1495,-8585,-3036,-306,0
4618,0,-16943,14926,62953,14970,-16904,0
4619,0,9987,2157,64809,-10056,-1808,0
4620,0,27159,387,-8928,24870,-10920,0
4621,0,2231,-6170,30897,6345,1669,0
4622,0,-13232,5140,-29467,2991,13877,0
4623,0,-5609,16664,28565,-17449,-2161,0
4624,0,478,2370,-38873,2131,-1141,0
4625,0,-31385,-4034,46534,22427,-22323,0
4626,0,-23950,4778,55350,18910,-15455,0
4627,0,9516,6793,-41315,2440,-11434,0
4628,0,-872,3559,29170,-3656,-248,0
4629,0,28915,-1202,-22318,12832,-25940,0
4630,0,-7554,-11419,54636,12245,6125,0
4631,0,22141,-3183,26543,9552,20227,0
4632,0,20044,8862,58563,-21842,-1796,0
4633,0,-4593,16803,45723,-10993,-13513,0
4634,0,157,-8603,-48349,-6420,5729,0
4635,0,11310,-2131,51032,-7319,8881,0
4636,0,-11915,12928,25298,-16284,-6628,0
4637,0,272,7781,-64182,233,-7782,0
4638,0,-12160,-2065,-52385,8605,8836,0
4639,0,-515,-30490,-12888,-18081,-24556,0
4640,0,-31207,-7982,9269,-24746,-20621,0
4641,0,18227,19597,-9665,25064,9385,0
4642,0,1310,-25579,19530,21376,-14109,0
4643,0,-4094,-22181,-26749,-22429,-2387,0
4644,0,13610,-29658,42175,20762,25175,0
4645,0,-1123,18323,-26006,17011,6901,0
4646,0,-15491,4341,-50502,14504,6961,0
4647,0,9985,-13663,21853,16824,1822,0
4648,0,6308,24078,-59184,1201,-24862,0
4649,0,11631,22703,27827,-19340,16633,0
4650,0,20492,-6782,45846,-6529,20574,0
4651,0,7739,7895,63078,-8613,-6930,0
4652,0,3456,-1268,-27544,-372,-3662,0
4653,0,-4322,-4349,13965,-690,-6092,0
4654,0,-90,8381,61835,-1390,-8265,0
4655,0,-10722,8366,-47501,13323,2728,0
4656,0,16610,-26231,-30369,-24152,-19510,0
4657,0,-11706,-17934,-57636,4246,20991,0
4658,0,-10819,12165,21854,-15943,-3294,0
4659,0,5028,-27363,38089,25209,11769,0
4660,0,9158,25946,-37043,23539,-14246,0
4661,0,231,-7925,52244,4529,6507,0
4662,0,3791,-1156,52729,-2433,3129,0
4663,0,-19438,-11126,7345,-14409,-17147,0
4664,0,-9545,963,-12042,-7473,6016,0
4665,0,3809,1546,-49928,-1740,-3725,0
4666,0,-11663,-10778,18130,703,-15865,0
4667,0,-528,4535,-34148,4560,227,0
4668,0,9238,-13922,-25872,-10170,-13257,0
4669,0,-2336,-26441,51377,18418,19114,0
4670,0,20169,-17480,26526,22649,14120,0
4671,0,-22639,-14172,1753,-21370,-16022,0
4672,0,-11924,5449,-28084,2657,12838,0
4673,0,1449,2817,-54408,185,-3162,0
4674,0,-3469,11256,65530,3466,-11257,0
4675,0,-3024,-32493,63172,6679,31943,0
4676,0,15297,-14454,-22026,-5046,-20432,0
4677,0,-83,-8715,-18661,-6849,-5390,0
4678,0,1370,-4448,-16850,-2268,-4064,0
4679,0,7319,-11516,-26894,-9029,-10231,0
4680,0,-19984,3309,-51873,17864,9549,0
4681,0,27062,9818,32253,-9147,27296,0
4682,0,7017,4922,-44144,569,-8552,0
4683,0,-6724,30097,-34643,30579,3995,0
4684,0,-16433,-15823,-21436,-22039,5888,0
4685,0,1240,7799,56644,-4354,-6588,0
4686,0,10352,1071,27672,1465,10304,0
4687,0,-1140,-92,58951,1112,-266,0
4688,0,-9475,-4386,-64340,9208,4922,0
4689,0,-1359,4861,-23427,3793,3330,0
4690,0,-16077,-14857,4630,-12412,-18032,0
4691,0,-342,105,-8583,-271,233,0
4692,0,-14977,19875,-7010,-7586,23702,0
4693,0,-7755,-4910,65435,7779,4872,0
4694,0,3182,3319,-40658,1909,-4183,0
4695,0,2568,-408,-24163,656,-2516,0
4696,0,-20634,-17761,-56168,10878,24958,0
4697,0,-24094,7128,-54015,24252,6572,0
4698,0,773,-2362,33249,2344,827,0
4699,0,-28132,-11059,33878,12540,-27504,0
4700,0,-5229,-13292,-44917,-8225,11678,0
4701,0,-6504,-5086,28132,3527,-7465,0
4702,0,19930,-21622,51743,-2453,29304,0
4703,0,-5959,2393,-2943,-5563,3207,0
4704,0,-4641,-2673,-35618,-2016,4962,0
4705,0,1064,-3302,49505,1530,3114,0
4706,0,14358,23381,17957,-8372,26129,0
4707,0,-12546,-13940,-42096,-7145,17340,0
4708,0,-298,-21117,12555,11710,-17575,0
4709,0,13477,-4324,39857,-415,14148,0
4710,0,8491,-7922,-11997,2816,-11266,0
4711,0,-18038,-21665,-24205,-27063,7894,0
4712,0,12218,21959,60422,-17182,-18337,0
4713,0,-11378,29253,17399,-29311,11227,0
4714,0,-13722,5739,31136,-6794,-13232,0
4715,0,-17272,-22906,58246,24071,15608,0
4716,0,2431,-12846,23163,12589,-3530,0
4717,0,7333,-28467,21165,28048,-8802,0
4718,0,2788,-12390,-21043,-8998,-8962,0
4719,0,-21843,-12325,54696,25080,-148,0
4720,0,-31560,-2594,-51828,23403,21332,0
4721,0,24161,-8172,14316,23870,8988,0
4722,0,-7468,-8600,-51548,507,11379,0
4723,0,1894,-14826,-3860,-866,-14921,0
4724,0,28821,4013,-44280,-11692,-26647,0
4725,0,-1993,-2647,29509,2305,-2381,0
4726,0,-20003,18831,33103,-18507,-20303,0
4727,0,2333,-16458,10191,9784,-13438,0
4728,0,-24775,-16089,-47022,3165,29371,0
4729,0,-1690,-1454,-17323,-2213,267,0
4730,0,27519,-15340,-22452,-441,-31503,0
4731,0,429,-423,65391,-426,426,0
4732,0,3860,-23297,28434,23592,-1028,0
4733,0,5362,8487,-33067,8409,-5483,0
4734,0,-26455,11089,55722,18555,-21876,0
4735,0,15706,2651,-18240,12109,-10348,0
4736,0,14568,6043,58220,-15757,-670,0
4737,0,-21194,7330,-45074,17881,13534,0
4738,0,10547,-29062,-37151,-30623,-4254,0
4739,0,-2183,-939,16677,-849,-2220,0
4740,0,306,86,-27539,159,-275,0
4741,0,-1330,-8064,57122,4388,6895,0
4742,0,16099,-5821,-50708,-15998,-6092,0
4743,0,-24365,-3081,31825,1977,-24479,0
4744,0,-3723,-7382,-6047,-5678,-6010,0
4745,0,-25119,-6915,-4285,-26001,-1646,0
4746,0,5858,-22866,-10416,-5806,-22879,0
4747,0,-31107,-9224,31160,6801,-31725,0
4748,0,4792,3538,25275,-1628,5730,0
4749,0,228,750,22749,-560,549,0
4750,0,68,99,-39271,73,-95,0
4751,0,16295,-13852,-13568,4581,-20891,0
4752,0,-29432,-4595,12230,-21975,-20111,0
4753,0,-1169,-2349,-39495,-1857,1853,0
4754,0,19324,-10300,64420,-18746,11319,0
4755,0,12348,16090,-40300,10691,-17236,0
4756,0,9199,10403,65330,-9301,-10312,0
4757,0,16466,12985,37892,-16599,12814,0
4758,0,9486,-28254,64219,-7685,28796,0
4759,0,-11327,227,7534,-10676,-3790,0
4760,0,-12337,27289,11392,-24715,16913,0
4761,0,-5567,-7222,-17213,-9082,-810,0
4762,0,-5058,5544,-3646,-4017,6339,0
4763,0,-18104,-14874,-49617,2803,23262,0
4764,0,1253,-10119,-31374,-10013,-1926,0
4765,0,-27786,-5525,55427,27161,-8055,0
4766,0,-29205,11239,5424,-31113,3353,0
4767,0,-9051,-5898,21082,187,-10801,0
4768,0,-8885,-5229,21931,128,-10309,0
4769,0,17374,6359,37463,-10076,15517,0
4770,0,-11225,-12566,29455,10633,-13071,0
4771,0,18574,-2500,18931,13406,13096,0
4772,0,25627,15616,30262,-12432,27314,0
4773,0,1513,557,9953,1088,1190,0
4774,0,-26711,16949,-37882,22925,21799,0
4775,0,21061,-17444,-23093,-6180,-26639,0
4776,0,4110,-10257,-30606,-9777,-5149,0
4777,0,-22023,5152,32102,-5852,-21847,0
4778,0,10013,26546,-48703,12244,-25594,0
4779,0,-17958,18255,-20653,5409,25030,0
4780,0,2835,-11825,44434,8520,8677,0
4781,0,-12509,13141,-1347,-11635,13921,0
4782,0,581,2789,-12239,2028,2001,0
4783,0,27230,-403,-8567,24805,-11240,0
4784,0,28720,13277,-13114,31037,-6150,0
4785,0,-563,-599,58811,724,390,0
4786,0,-1992,20761,30396,-20853,376,0
4787,0,1806,5176,-6759,3360,4332,0
4788,0,1531,-14001,55344,5220,13082,0
4789,0,-489,67,14776,-415,-267,0
4790,0,-3548,-23255,7224,4556,-23079,0
4791,0,-27221,-4260,-38454,3225,27363,0
4792,0,-1807,4219,15983,-4227,1787,0
4793,0,16424,-763,18524,10955,12260,0
4794,0,-9995,-13971,60605,12989,11242,0
4795,0,-9505,-12969,-56515,3195,15759,0
4796,0,4447,-14105,-42820,-14560,2596,0
4797,0,-11548,-11923,1216,-10834,-12575,0
4798,0,-12929,28546,-21796,18197,25513,0
4799,0,18842,24762,64689,-19831,-23977,0
4800,0,-3975,-979,17567,-1917,-3617,0
4801,0,-2520,2411,2387,-2779,2108,0
4802,0,-437,14740,14818,-9943,10890,0
4803,0,2151,-1139,38879,469,2388,0
4804,0,1214,1692,-23420,2051,-361,0
4805,0,-24697,13044,27889,-18413,-21002,0
4806,0,-14390,-20329,54091,22880,9841,0
4807,0,-972,22755,-3698,3056,22570,0
4808,0,11156,12923,23518,-6887,15621,0
4809,0,-2439,-8262,-62321,1142,8538,0
4810,0,18580,17448,9950,8496,24031,0
4811,0,13500,-11377,-46997,-17342,-3307,0
4812,0,-10046,3170,44811,2827,-10148,0
4813,0,5369,9018,-57079,-1377,-10404,0
4814,0,-17220,12295,-33216,12662,16952,0
4815,0,-3066,1405,-17784,-960,3233,0
4816,0,15894,80,39046,-4788,15156,0
4817,0,14563,2971,-60804,-13522,-6170,0
4818,0,7681,5538,57704,-9177,-2336,0
4819,0,7070,29159,-33923,28723,-8673,0
4820,0,14107,-4280,-55335,-14464,-2848,0
4821,0,4630,-8671,-16519,-2918,-9387,0
4822,0,-15815,27201,-10531,-686,31457,0
4823,0,5900,28553,18645,-18559,22486,0
4824,0,-18142,9021,-42397,16157,12226,0
4825,0,-20417,18989,-32307,18533,20832,0
4826,0,-6713,7722,-30403,6913,7544,0
4827,0,-12282,-29112,-6176,-20241,-24262,0
4828,0,31740,-5289,10009,30598,9959,0
4829,0,1643,-23423,65114,-1169,23451,0
4830,0,30102,-7240,-11277,22084,-21699,0
4831,0,12083,-17519,-7904,4746,-20746,0
4832,0,-29936,-10232,58001,31620,-1008,0
4833,0,-19493,9948,22658,-17884,-12614,0
4834,0,11421,20706,23650,-13925,19112,0
4835,0,8449,-5431,33142,5279,8545,0
4836,0,6544,-31814,-12446,-12461,-29995,0
4837,0,8284,-3588,-53894,-8927,-1343,0
4838,0,6430,-602,52579,-4879,4231,0
4839,0,20280,-22291,-64748,-21107,21509,0
4840,0,11701,-9133,-8544,7096,-13037,0
4841,0,4536,-3304,39881,1597,5380,0
4842,0,12398,13478,-58815,-7492,-16710,0
4843,0,-6449,193,-23301,-2654,5881,0
4844,0,6121,6656,9074,2746,8616,0
4845,0,21234,11458,64462,-21795,-10350,0
4846,0,-5868,-30299,-52178,-13397,27802,0
4847,0,-9394,-6112,4378,-7915,-7935,0
4848,0,-275,-9314,40032,8849,2920,0
4849,0,-20868,-7887,-6562,-22284,-1044,0
4850,0,-9607,-6675,6880,-6928,-9426,0
4851,0,8633,21225,-61400,-4283,-22510,0
4852,0,9126,602,-54057,-7464,-5285,0
4853,0,-10652,4987,-35828,6490,9809,0
4854,0,-15835,8938,-23872,1588,18114,0
4855,0,-4456,1772,-48995,4389,1931,0
4856,0,-475,-261,-50405,182,510,0
4857,0,-12088,8243,55385,6830,-12939,0
4858,0,-12546,29261,-14574,9213,30475,0
4859,0,11328,7412,8072,7693,11139,0
4860,0,-30779,-267,-59890,29587,8486,0
4861,0,-20826,-23000,56220,28717,11750,0
4862,0,2169,7743,-4489,3772,7101,0
4863,0,19319,732,-26237,6647,-18155,0
4864,0,-15458,27222,25986,-30733,-5953,0
4865,0,23911,20578,-28926,24609,-19738,0
4866,0,5591,-6894,-42856,-8703,-1745,0
4867,0,-28951,3066,-11760,-22833,18062,0
4868,0,9419,882,-41515,-3029,-8962,0
4869,0,12054,-11631,-50353,-16737,665,0
4870,0,-3928,-6642,-40259,-4838,6012,0
4871,0,432,5552,13973,-3108,4621,0
4872,0,8887,-443,-8785,7930,-4037,0
4873,0,227,969,-22701,964,249,0
4874,0,22692,-19491,-64242,-23857,18047,0
4875,0,-10901,-13020,56420,15387,7183,0
4876,0,-10334,8410,-819,-9996,8809,0
4877,0,16699,11929,-58383,-11716,-16849,0
4878,0,-3800,29863,13359,-20890,21676,0
4879,0,19120,-18560,-55009,-25710,7002,0
4880,0,-14447,4577,-50654,13919,5993,0
4881,0,8760,14775,61541,-11412,-12838,0
4882,0,15251,-5860,-42498,-12092,-10987,0
4883,0,-13812,13928,-45543,19336,3296,0
4884,0,-1280,-1381,46526,1876,-165,0
4885,0,15645,19587,-18984,25066,-331,0
4886,0,-23780,-5800,57100,24144,-4024,0
4887,0,-20347,16070,56796,12050,-22957,0
4888,0,-1304,-4566,30501,4398,-1791,0
4889,0,-2056,8935,61889,470,-9156,0
4890,0,-26224,-12786,-64948,25853,13520,0
4891,0,-4871,-19436,-47071,-11960,16077,0
4892,0,1998,5005,17393,-2363,4843,0
4893,0,6584,18068,56165,-13777,-13416,0
4894,0,-19849,-3539,-589,-19941,-2977,0
4895,0,-19370,-8654,-7739,-21190,-1043,0
4896,0,-3381,-13371,-58466,-1257,13734,0
4897,0,-836,-9,24773,-304,-779,0
4898,0,10891,-344,50198,-7847,7561,0
4899,0,-18466,1497,-37429,5551,17675,0
4900,0,-30030,10468,11983,-30898,-7529,0
4901,0,-1097,13112,-43513,11951,-5504,0
4902,0,17224,-1844,-54560,-15820,-7056,0
4903,0,-310,-659,-6577,-499,-530,0
4904,0,-21425,7014,-55997,22321,3166,0
4905,0,-23873,-13770,2776,-21835,-16816,0
4906,0,-1554,6457,-8544,1146,6542,0
4907,0,-6870,-3028,-5624,-7428,-1089,0
4908,0,-20278,17087,-25717,9396,24797,0
4909,0,16322,13000,64047,-17208,-11803,0
4910,0,-20824,-4662,63473,21183,2583,0
4911,0,-8097,-2872,38190,4856,-7087,0
4912,0,11848,-2862,31728,3449,11691,0
4913,0,7876,-7359,51506,-1576,10663,0
4914,0,6951,7740,-63324,-6093,-8432,0
4915,0,25404,-533,-17232,16827,-19040,0
4916,0,17850,21661,-16588,27964,2421,0
4917,0,-19904,-6111,55536,20479,-3758,0
4918,0,-8294,2972,51671,4695,-7455,0
4919,0,18430,-6833,17335,17471,9006,0
4920,0,16309,-20182,47228,5103,25441,0
4921,0,6231,15185,-41824,11156,-12040,0
4922,0,-9870,-12516,17215,2500,-15742,0
4923,0,-13598,-1529,20603,-6212,-12193,0
4924,0,1370,-495,-40321,-948,-1106,0
4925,0,-4366,27579,24605,-27160,6482,0
4926,0,-5898,6606,-42082,8505,2467,0
4927,0,-992,-5715,50134,4580,3559,0
4928,0,-5526,-31160,50258,24944,19475,0
4929,0,23111,-2384,3967,23145,2027,0
4930,0,23006,-355,-60026,-22301,-5664,0
4931,0,7275,19492,-34784,18699,-9122,0
4932,0,3519,10211,63634,-4434,-9848,0
4933,0,-2945,8051,41811,-6069,-6054,0
4934,0,1432,8501,59470,-3809,-7734,0
4935,0,3252,-14847,-61142,-6284,13839,0
4936,0,8644,17481,9139,412,19497,0
4937,0,12943,-686,-18494,7650,-10463,0
4938,0,-17380,10995,13572,-20489,-1778,0
4939,0,8970,11069,48236,-14221,-861,0
4940,0,-724,24865,-34446,24843,-1276,0
4941,0,-4772,-18493,-8103,-11420,-15308,0
4942,0,5126,-1564,-57632,-5341,-443,0
4943,0,-5676,-1230,-20996,-4075,4138,0
4944,0,4264,12926,-15777,11972,6476,0
4945,0,-124,990,-18110,675,734,0
4946,0,-1027,-9800,-48714,-6363,7524,0
4947,0,-12336,-28687,2512,-8801,-29961,0
4948,0,-3332,-50,9484,-2972,-1508,0
4949,0,4218,-16887,-21766,-12469,-12144,0
4950,0,6130,-25286,51850,10567,23776,0
4951,0,-4906,8556,-47154,9722,-1659,0
4952,0,3929,-712,47244,-1965,3476,0
4953,0,2274,-8569,-22563,-6495,-6034,0
4954,0,7933,-29449,-29805,-28029,-12022,0
4955,0,14981,-1571,-61652,-15013,-1229,0
4956,0,17353,5801,8466,13653,12181,0
4957,0,23565,-14606,48855,-5950,27079,0
4958,0,3485,12476,-65085,-3214,-12548,0
4959,0,28558,-14928,45753,-4522,31906,0
4960,0,-5975,-23977,59319,12752,21166,0
4961,0,992,15793,-26048,15295,4059,0
4962,0,9323,3795,-51273,-4830,-8831,0
4963,0,7815,-28584,26922,29631,-396,0
4964,0,142,662,9873,-175,654,0
4965,0,-22195,20984,-53105,30147,-4910,0
4966,0,-18641,9008,-53185,20495,2928,0
4967,0,-2000,-11977,-44041,-9241,7877,0
4968,0,11202,-23321,-17005,-9292,-24146,0
4969,0,-26048,922,29129,-5429,-25493,0
4970,0,-20922,14285,13544,-25302,-1271,0
4971,0,792,7778,39178,-7653,-1598,0
4972,0,-616,-177,-3964,-638,-57,0
4973,0,-4003,6270,-11376,-170,7437,0
4974,0,-22804,-3123,-47390,12320,19442,0
4975,0,9567,24249,22360,-16715,20004,0
4976,0,-180,137,17798,-222,-45,0
4977,0,-8468,-5546,-16173,-9930,1966,0
4978,0,-13878,-4467,-42875,2511,14361,0
4979,0,-10831,13568,24777,-16633,-4975,0
4980,0,-2215,1187,-15035,-881,2354,0
4981,0,-23873,21332,50626,4049,-31758,0
4982,0,-5140,11186,-32448,11106,5311,0
4983,0,2037,-1540,19353,2454,707,0
4984,0,3253,-19579,21225,18367,-7522,0
4985,0,1005,-7187,-40544,-7059,1681,0
4986,0,165,-94,-22382,-4,-190,0
4987,0,20436,-9772,-8580,14825,-17127,0
4988,0,18351,-2980,-27354,1829,-18501,0
4989,0,-3001,20902,50083,-11891,-17450,0
4990,0,12655,5781,57244,-13906,-431,0
4991,0,-1123,3722,46472,-2261,-3162,0
4992,0,1280,189,-39129,-204,-1278,0
4993,0,-335,-1707,-15910,-1422,-1003,0
4994,0,25773,17167,20475,52,30967,0
4995,0,25420,6764,-39463,-1600,-26256,0
4996,0,22510,-8414,-39135,-14789,-18941,0
4997,0,9626,9683,18093,-1157,13604,0
4998,0,505,311,-32807,310,-506,0
4999,0,-8904,-4284,-18706,-8905,4283,0
5000,0,-29741,3190,55332,24754,-16790,0
5001,0,-6608,-13824,-824,-7149,-13552,0
5002,0,411,-6052,-48848,-4628,3922,0
5003,0,7394,14419,-48280,5608,-15203,0
5004,0,14034,8917,56122,-16518,-1904,0
5005,0,20450,-13918,-13292,8157,-23353,0
5006,0,118,-14030,26840,13500,-3820,0
5007,0,1457,9067,36638,-9180,-240,0
5008,0,-18888,-7506,30151,5084,-19679,0
5009,0,-5618,607,5703,-5573,-932,0
5010,0,-2971,-3888,-46477,-1263,4727,0
5011,0,-28467,-14986,-20427,-28315,15272,0
5012,0,-26515,-11222,-17941,-25804,12773,0
5013,0,5352,-22511,-20146,-15470,-17206,0
5014,0,1231,-9288,53907,3869,8533,0
5015,0,6603,-2475,63372,-6311,3145,0
5016,0,-6469,7043,-55341,9018,-3181,0
5017,0,-4450,-22060,-1739,-6271,-21613,0
5018,0,-8525,21362,-26940,18183,14085,0
5019,0,83,-23860,-44010,-20521,12174,0
5020,0,-1735,-1532,64621,1800,1455,0
5021,0,27470,-7274,-37697,-13502,-25004,0
5022,0,31106,-1297,-23091,12758,-28399,0
5023,0,-730,6825,13425,-4679,5022,0
5024,0,7226,17330,-9582,14160,12330,0
5025,0,7069,-7344,-9450,3142,-9697,0
5026,0,1489,-21672,-2398,-1007,-21700,0
5027,0,229,1818,18340,-1254,1336,0
5028,0,4379,-2178,-61500,-4716,1295,0
5029,0,22499,-7616,-49088,-21262,-10589,0
5030,0,5371,2716,22228,223,6015,0
5031,0,945,-9132,-37492,-9111,1129,0
5032,0,1106,-6105,15838,5005,-3667,0
5033,0,-8114,3705,-50455,8536,2590,0
5034,0,8210,-22723,-1594,6451,-23283,0
5035,0,9212,897,45661,-6069,6988,0
5036,0,-7546,-1432,-33127,-1302,7569,0
5037,0,30279,-6119,-53298,-28604,-11666,0
5038,0,1635,-1049,-25750,-450,-1890,0
5039,0,-9229,1886,40156,1432,-9310,0
5040,0,-986,4548,20110,-4298,1783,0
5041,0,1635,18885,-48052,12945,-13847,0
5042,0,10378,1008,7103,9446,4416,0
5043,0,25049,-19740,-17164,2568,-31789,0
5044,0,-22365,-12195,-33442,-11466,22747,0
5045,0,10027,5613,-53811,-5493,-10093,0
5046,0,-6304,-659,3286,-6123,-1640,0
5047,0,6959,-6011,-51982,-9178,576,0
5048,0,5273,10574,-11421,10006,6284,0
5049,0,6225,3274,57118,-7011,-567,0
5050,0,-17233,23984,-1525,-15435,25179,0
5051,0,-7850,-15167,43917,17051,970,0
5052,0,-752,12261,50994,-7295,-9883,0
5053,0,-8772,20702,-33963,21170,7572,0
5054,0,-12840,26766,8971,-22830,18976,0
5055,0,-3862,-9328,45984,9804,2410,0
5056,0,-959,19583,-42984,17732,-8365,0
5057,0,-12988,-8924,-2854,-14084,-7069,0
5058,0,249,2797,51392,-1948,-2022,0
5059,0,9713,5013,46380,-9881,4674,0
5060,0,-18456,26224,-3768,-13445,29113,0
5061,0,-3188,13227,13350,-10456,8706,0
5062,0,-127,6529,57694,-2279,-6120,0
5063,0,1166,-3243,26470,3443,149,0
5064,0,24674,2512,-59589,-22972,-9350,0
5065,0,18088,-18445,9091,24184,-9085,0
5066,0,-11708,-23859,20519,13376,-22965,0
5067,0,-1073,-6240,-24141,-6145,-1525,0
5068,0,27317,13023,-37113,7093,-29419,0
5069,0,2736,30740,15570,-18863,24426,0
5070,0,-12724,29825,8258,-23241,22612,0
5071,0,4857,5479,-60867,-3520,-6420,0
5072,0,25296,8041,-19170,21738,-15231,0
5073,0,10577,15914,-43085,8987,-16863,0
5074,0,629,2799,-55763,703,-2781,0
5075,0,22995,-3160,28443,7826,21852,0
5076,0,-14848,22641,-43238,26992,2124,0
5077,0,17548,22110,-53435,-2559,-28111,0
5078,0,6567,23319,43997,-23388,-6316,0
5079,0,-14952,26726,-36762,29083,9593,0
5080,0,-7104,12083,-25396,8878,10847,0
5081,0,-3625,10329,23666,-10893,1080,0
5082,0,-5829,10057,43009,-6121,-9882,0
5083,0,-11892,-18434,-17564,-21671,-3406,0
5084,0,686,-4828,-20642,-3658,-3224,0
5085,0,18614,-26480,14927,31421,-7774,0
5086,0,665,-9483,-38624,-9296,1988,0
5087,0,-23900,20690,15508,-31597,-944,0
5088,0,549,-11365,38898,10719,3817,0
5089,0,13789,-18331,-57897,-19438,12178,0
5090,0,5551,2645,20736,810,6095,0
5091,0,10265,16467,-48786,4716,-18822,0
5092,0,-3448,-1031,-65052,3423,1111,0
5093,0,-21559,-6287,-13856,-20851,8339,0
5094,0,-13132,-4769,-56989,10145,9605,0
5095,0,-8394,-1687,-14378,-7551,4036,0
5096,0,3860,9030,-18677,9461,2634,0
5097,0,14933,-7771,-56692,-16808,940,0
5098,0,-22275,15460,-12851,-9247,25489,0
5099,0,-4060,-23367,-13341,-17203,-16326,0
5100,0,-7325,-14826,-17008,-15815,-4833,0
5101,0,-3189,-1706,-56783,2217,2857,0
5102,0,-22697,21574,-41196,28760,12389,0
5103,0,19055,-18880,2902,21489,-16055,0
5104,0,-5784,5499,6694,-7223,3394,0
5105,0,28633,-10286,-3994,26153,-15547,0
5106,0,10732,-12744,4196,13062,-10343,0
5107,0,7537,-12568,53441,580,14643,0
5108,0,28188,1269,51758,-23039,16291,0
5109,0,-18334,-12820,-59904,14251,17246,0
5110,0,-8487,-8539,-25787,-10853,5212,0
5111,0,-12098,6490,-55416,13729,-100,0
5112,0,-13763,-9185,59685,15768,5016,0
5113,0,4101,-20655,23711,20464,-4968,0
5114,0,25607,3008,-37379,-2679,-25644,0
5115,0,326,2947,-48141,1963,-2222,0
5116,0,25287,5141,5838,22883,11926,0
5117,0,-11287,2529,8141,-11400,-1955,0
5118,0,-35,-11,-29975,-16,33,0
5119,0,275,477,-13900,511,205,0
5120,0,-4693,9035,-36982,9793,2785,0
5121,0,-11835,4796,21607,-10160,-7736,0
5122,0,3083,31212,33204,-31270,2430,0
5123,0,-22207,-1475,22882,-8822,-20433,0
5124,0,-1539,-24011,-21426,-21345,-11104,0
5125,0,-5790,-3500,43795,5942,-3235,0
5126,0,12035,13660,-38487,9892,-15284,0
5127,0,17736,-20063,-42997,-26051,-6198,0
5128,0,3642,-9735,45974,5694,8696,0
5129,0,27223,3455,36538,-8292,26159,0
5130,0,1620,11441,28220,-10820,4056,0
5131,0,20354,19037,26149,-11736,25278,0
5132,0,-9559,1427,24769,-4900,-8331,0
5133,0,7857,-24547,-16374,-11791,-22919,0
5134,0,3119,408,-61267,-2971,-1033,0
5135,0,7703,-5792,-63488,-8234,5009,0
5136,0,-4979,-15104,60719,8304,13564,0
5137,0,43,-376,35883,365,98,0
5138,0,-9761,28112,-62446,13803,-26364,0
5139,0,7794,-7748,62644,-6649,8751,0
5140,0,14266,-11417,-38416,-14817,-10693,0
5141,0,-607,-1070,62432,759,968,0
5142,0,-4008,-22686,-21595,-21555,-8131,0
5143,0,7044,4425,-23005,7127,-4290,0
5144,0,-7119,8621,-34900,9302,6202,0
5145,0,18445,-18333,-7172,11186,-23477,0
5146,0,13311,20791,11126,892,24671,0
5147,0,-18198,25777,7941,-26473,17171,0
5148,0,248,-7,56863,-224,107,0
5149,0,23488,7239,27334,-945,24560,0
5150,0,-171,770,-17233,450,647,0
5151,0,-21370,8984,19177,-20102,-11545,0
5152,0,162,19316,5498,-4876,18691,0
5153,0,2909,-2133,-49664,-3578,-461,0
5154,0,-10127,-4209,63988,10411,3447,0
5155,0,3464,4079,27233,-3028,4412,0
5156,0,14644,3026,-47506,-7205,-13103,0
5157,0,-9643,-23182,45737,24461,5663,0
5158,0,2798,-4334,-45903,-5150,291,0
5159,0,8491,-4194,-53525,-9406,-1105,0
5160,0,187,-27533,18828,21727,-16913,0
5161,0,9863,6674,-4920,11149,4184,0
5162,0,17111,1794,-6772,16790,-3757,0
5163,0,-19722,-21919,-4255,-23753,-17470,0
5164,0,-17579,-26642,30659,24732,-20178,0
5165,0,5895,-9576,6538,8560,-7292,0
5166,0,-14803,-9472,27958,5838,-16576,0
5167,0,1484,-8844,50055,4884,7521,0
5168,0,7832,-1471,-51288,-7003,-3802,0
5169,0,-7738,-1095,-56202,6502,4335,0
5170,0,-1006,-10867,-24175,-10361,-3429,0
5171,0,-11584,6646,-60665,12807,-3785,0
5172,0,-546,6873,40172,-6255,-2900,0
5173,0,7056,3512,26715,-1346,7766,0
5174,0,-5484,19713,18132,-18597,8535,0
5175,0,9765,17552,-62289,-6926,-18854,0
5176,0,-4204,13149,12427,-10858,8525,0
5177,0,10066,-13631,36574,11578,12372,0
5178,0,-2965,-9003,28584,8232,-4699,0
5179,0,-494,2223,-19589,1502,1712,0
5180,0,3657,-485,30710,843,3592,0
5181,0,-1219,16194,-60746,4873,-15492,0
5182,0,-9235,-22848,50769,21873,11354,0
5183,0,-8269,3011,42998,1238,-8713,0
5184,0,2578,-3532,38573,2688,3449,0
5185,0,-5913,-22439,50590,19195,13039,0
5186,0,-5080,22269,39211,-19671,-11609,0
5187,0,-25099,-20070,9375,-13888,-28981,0
5188,0,-27920,16049,-37781,22233,23298,0
5189,0,11419,1457,-4911,11444,-1247,0
5190,0,9579,15551,26408,-11958,13805,0
5191,0,23296,-20430,-59079,-28412,12363,0
5192,0,-4793,13723,-20873,8964,11443,0
5193,0,-13572,1294,57922,12216,-6053,0
5194,0,4420,866,-5832,4487,-387,0
5195,0,-2666,-15828,-40750,-13688,8383,0
5196,0,23360,13354,26089,-5323,26376,0
5197,0,-28576,-129,-53432,23829,15774,0
5198,0,-27986,7551,36464,-2500,-28879,0
5199,0,-19731,-14596,-10353,-24301,-3440,0
5200,0,-10987,338,-53666,9438,5635,0
5201,0,4597,-11002,-26330,-9086,-7722,0
5202,0,7028,7449,-19328,10177,-1145,0
5203,0,7313,7364,-62095,-6005,-8465,0
5204,0,-18342,6488,-48258,17182,9127,0
5205,0,-11346,24819,-49385,25465,-9812,0
5206,0,4536,17502,-35710,16691,-6951,0
5207,0,3404,5781,-32504,5824,-3331,0
5208,0,-25132,11931,56316,17614,-21534,0
5209,0,-4835,-7243,34697,7658,-4145,0
5210,0,543,28201,37738,-27533,-6128,0
5211,0,3133,4342,25969,-3110,4358,0
5212,0,-26022,-7281,-50487,14731,22653,0
5213,0,9144,-21686,42983,14837,18269,0
5214,0,-10734,4554,-32980,4663,10687,0
5215,0,1876,2256,-40061,1477,-2535,0
5216,0,-20984,1022,-8216,-18985,8996,0
5217,0,1313,-16938,-15547,-10522,-13338,0
5218,0,-15575,26359,43933,-14729,-26841,0
5219,0,-15742,1416,-25032,-4385,15185,0
5220,0,56,22834,-42376,20430,-10199,0
5221,0,193,-1408,39437,1276,626,0
5222,0,10224,20397,-20382,22626,2937,0
5223,0,6932,-16302,46584,8593,15491,0
5224,0,-9262,2658,-30112,1460,9525,0
5225,0,5645,-19949,33877,19621,6697,0
5226,0,-13567,17634,29836,-19361,-10963,0
5227,0,-8159,-1371,-24884,-4285,7077,0
5228,0,14342,3537,-52679,-9659,-11177,0
5229,0,-11862,-16402,-39201,-12028,16281,0
5230,0,2408,-11581,45445,8133,8590,0
5231,0,963,-16333,-61146,-4354,15772,0
5232,0,7968,21187,-61041,-3254,-22401,0
5233,0,22107,7783,17631,8848,21703,0
5234,0,-27144,-972,50877,21342,-16801,0
5235,0,16634,10331,59917,-18784,-5532,0
5236,0,623,-562,-45161,-814,-202,0
5237,0,-4200,-17054,26355,14984,-9164,0
5238,0,-21623,23874,20846,-31776,-5273,0
5239,0,6820,2684,12332,4167,6030,0
5240,0,-13602,-3420,-43674,3828,13493,0
5241,0,19750,5519,7103,16773,11798,0
5242,0,-13732,-21508,4914,-8333,-24119,0
5243,0,5312,-341,13636,4424,2960,0
5244,0,7755,13010,64025,-8676,-12415,0
5245,0,-8241,-3762,61908,8768,2279,0
5246,0,17060,-13304,-24570,-5757,-20854,0
5247,0,-3437,8353,-42292,9013,-598,0
5248,0,5827,8580,29697,-7633,7022,0
5249,0,-4667,22078,13382,-16951,14896,0
5250,0,3317,7306,19046,-3754,7092,0
5251,0,-1374,-6875,45875,6370,2929,0
5252,0,-2941,4116,12941,-4786,1639,0
5253,0,-7429,959,36455,362,-7482,0
5254,0,12780,-873,31417,1698,12697,0
5255,0,-20591,-17973,2430,-18363,-20244,0
5256,0,8254,16933,-44297,10079,-15914,0
5257,0,-16443,-6642,-56377,12060,13002,0
5258,0,-8027,18099,18733,-19157,5001,0
5259,0,3696,6696,45925,-7587,-964,0
5260,0,-17285,3587,2265,-17572,1693,0
5261,0,17766,-1186,-36521,-4346,-17267,0
5262,0,7522,-6556,56051,-3879,9193,0
5263,0,7032,6943,-953,7342,6615,0
5264,0,23422,3907,-18103,18123,-15343,0
5265,0,-22195,-17340,47966,27715,-5016,0
5266,0,-26153,-5818,-58465,22730,14183,0
5267,0,7256,22043,42957,-22870,-3936,0
5268,0,-8379,31187,-17483,17579,27089,0
5269,0,-13194,2461,55100,10397,-8488,0
5270,0,-2133,128,-38293,682,2025,0
5271,0,4961,-8384,45189,4159,8809,0
5272,0,-6016,20041,46276,-12355,-16887,0
5273,0,5902,28332,59274,-14016,-25320,0
5274,0,-3004,-7278,-12377,-6560,-4355,0
5275,0,28339,10490,11860,18233,24098,0
5276,0,2257,-6792,3313,3303,-6350,0
5277,0,15882,-11489,60939,-12987,14683,0
5278,0,6739,-3015,23241,5678,4719,0
5279,0,1711,2580,38732,-2958,914,0
5280,0,-1463,-20607,49898,15112,14086,0
5281,0,-1468,-6061,-64833,1263,6107,0
5282,0,-25258,-4809,50439,22112,-13121,0
5283,0,-3972,-25460,1429,-2220,-25672,0
5284,0,-4295,-8962,-2052,-5154,-8497,0
5285,0,-1076,6179,-45773,5645,-2734,0
5286,0,5138,-12283,45282,7238,11175,0
5287,0,5847,6717,12580,1006,8848,0
5288,0,18414,16429,-30381,18424,-16418,0
5289,0,28030,13365,-31644,14855,-27270,0
5290,0,-6886,9466,54898,1389,-11623,0
5291,0,12874,3078,48424,-11031,7316,0
5292,0,6372,-4956,-45194,-7678,-2494,0
5293,0,-12,-23,-22989,-26,0,0
5294,0,8816,15073,-21657,17462,59,0
5295,0,10718,-689,44293,-5038,9485,0
5296,0,-2930,-10757,56393,7218,8497,0
5297,0,17264,-23891,-51325,-28456,7686,0
5298,0,4009,-3585,21327,5149,1552,0
5299,0,-315,5644,9127,-2677,4979,0
5300,0,5333,-320,38460,-1129,5222,0
5301,0,-14797,10639,-60601,16878,-6875,0
5302,0,3158,-11256,46833,6822,9494,0
5303,0,-17897,4331,-19827,-6880,17080,0
5304,0,4216,-3747,-52269,-5617,510,0
5305,0,12399,-8811,-24474,-3323,-14843,0
5306,0,-8172,11456,-42738,13931,1987,0
5307,0,22874,5785,-61833,-21493,-9733,0
5308,0,373,29609,50791,-19513,-22273,0
5309,0,-23613,8845,-65300,23712,-8577,0
5310,0,1419,16089,-36837,15509,-4510,0
5311,0,-1002,3807,64766,861,-3841,0
5312,0,24251,14350,55832,-28111,-1947,0
5313,0,-5759,-13329,5915,-1800,-14408,0
5314,0,-19101,-20919,-34336,-19426,20618,0
5315,0,-19945,15908,-45509,24470,7216,0
5316,0,-1131,2272,-25614,1759,1829,0
5317,0,-3490,-3791,16477,236,-5147,0
5318,0,-8161,-9131,-35881,-7816,9428,0
5319,0,-3853,-19652,-42213,-15986,12062,0
5320,0,-9150,-15011,-41954,-9679,14676,0
5321,0,19089,-2001,-19825,9470,-16695,0
5322,0,-19940,393,-53081,16711,10885,0
5323,0,-2532,-2548,-8326,-3323,-1364,0
5324,0,7977,11477,8762,2603,13732,0
5325,0,-7153,1064,-53637,6595,2967,0
5326,0,3553,17889,-54836,5683,-17330,0
5327,0,-9517,18953,37856,-16094,-13812,0
5328,0,7191,-9648,12404,11361,-3964,0
5329,0,9303,20851,14883,-6612,21854,0
5330,0,-641,1046,30281,-1115,-512,0
5331,0,5732,10272,22760,-6467,9826,0
5332,0,7475,-15678,-3273,4934,-16654,0
5333,0,19967,7421,-5017,21160,2452,0
5334,0,-15816,2084,48337,9208,-13027,0
5335,0,-3802,23086,7410,-11594,20323,0
5336,0,-3815,-13216,-22183,-13405,-3087,0
5337,0,11772,10258,7035,7715,13575,0
5338,0,-16343,-24281,20145,10673,-27253,0
5339,0,-13267,-8210,55342,15568,1021,0
5340,0,10004,-26597,63653,-7566,27390,0
5341,0,-20151,1698,-14494,-14392,14206,0
5342,0,-992,-1528,-25685,-1771,427,0
5343,0,-553,-2988,23424,2454,-1793,0
5344,0,-15718,-1338,62872,15760,-675,0
5345,0,-10323,11183,6035,-13084,7773,0
5346,0,15250,-22242,-50702,-26071,6898,0
5347,0,-23462,13129,-16266,-7453,25832,0
5348,0,-6841,16507,31566,-16874,-5879,0
5349,0,22102,-3615,1709,22324,-1794,0
5350,0,1603,-1807,-55861,-2242,899,0
5351,0,10437,27469,-23812,29321,1944,0
5352,0,23460,-3586,48097,-13068,19810,0
5353,0,-18159,-25028,-28388,-28263,12544,0
5354,0,9291,23799,12898,-6224,24778,0
5355,0,-12925,-5294,2717,-12128,-6928,0
5356,0,-5252,18947,-15800,9201,17375,0
5357,0,-7581,10775,-61151,9662,-8956,0
5358,0,-6385,-30483,62744,10396,29358,0
5359,0,-14718,4861,50680,7964,-13297,0
5360,0,7717,7271,51435,-10569,-844,0
5361,0,-6168,20361,35951,-19187,-9191,0
5362,0,-14897,25808,-23389,16769,24633,0
5363,0,4609,14779,33201,-14872,4301,0
5364,0,466,17846,-26071,17081,5189,0
5365,0,-16972,14490,55397,8238,-20740,0
5366,0,-8101,14614,-50792,15651,-5852,0
5367,0,17726,-18143,-39732,-22950,-10803,0
5368,0,-3610,-14831,8136,2300,-15090,0
5369,0,-2541,-8241,-58269,-425,8613,0
5370,0,6501,-70,-24119,2555,-5978,0
5371,0,-4431,-1736,25975,227,-4754,0
5372,0,-2338,1291,-60878,2566,-741,0
5373,0,-11205,-1188,-1564,-11263,-345,0
5374,0,16363,27228,-40881,18990,-25465,0
5375,0,8163,-11399,45724,4520,13272,0
5376,0,5255,-29725,45656,21186,21502,0
5377,0,14220,8350,-11746,16482,-529,0
5378,0,-454,-2609,-62512,72,2647,0
5379,0,22485,2297,-55624,-18944,-12329,0
5380,0,-23847,19820,42533,-6928,-30224,0
5381,0,5148,11020,-50615,3341,-11695,0
5382,0,-17859,-8947,-36579,-5554,19187,0
5383,0,24467,7279,-45276,-7798,-24307,0
5384,0,9584,20277,-64560,-8625,-20703,0
5385,0,-17018,-16413,-20041,-23202,4544,0
5386,0,27507,-11543,-30108,-7951,-28752,0
5387,0,1717,9512,-27488,9639,720,0
5388,0,24922,5015,-21251,17341,-18589,0
5389,0,-25664,8347,38461,-1121,-26964,0
5390,0,-5288,19161,17874,-17944,8551,0
5391,0,6410,-752,8592,6175,1877,0
5392,0,10630,16947,-15757,19357,5051,0
5393,0,-7627,25540,-7288,1576,26608,0
5394,0,-4576,12651,-6221,-657,13437,0
5395,0,4136,17416,10233,-4556,17311,0
5396,0,2452,24427,7430,-6219,23749,0
5397,0,-1747,5858,-29468,5510,2648,0
5398,0,-15838,-17093,-22165,-22640,5517,0
5399,0,19649,9065,-34332,7568,-20273,0
5400,0,-3542,1495,-46293,3331,1921,0
5401,0,-6717,-16559,49112,16472,6928,0
5402,0,6578,-23537,-30229,-22564,-9387,0
5403,0,-17252,-20003,-18430,-26407,644,0
5404,0,27447,-13500,-37443,-19262,-23760,0
5405,0,28751,10595,-9303,30509,-2842,0
5406,0,9365,5548,-27648,7657,-7736,0
5407,0,-13060,3815,12202,-12995,-4030,0
5408,0,-1457,8953,52601,-4017,-8133,0
5409,0,17789,-6495,4097,18715,-2899,0
5410,0,-10395,-4868,-37291,-2518,11199,0
5411,0,-9888,-16397,27682,13525,-13554,0
5412,0,-2791,18858,-49248,15256,-11432,0
5413,0,-26031,-11390,-2954,-27378,-7602,0
5414,0,5738,-18937,13711,16112,-11486,0
5415,0,-15856,6814,-7946,-12186,12220,0
5416,0,1485,-8423,57112,1944,8329,0
5417,0,24295,2563,-61259,-23264,-7456,0
5418,0,-5473,-9404,10265,-381,-10874,0
5419,0,321,19123,36236,-18913,-2848,0
5420,0,12400,-7593,-45944,-13450,-5524,0
5421,0,14228,455,-1199,14231,-363,0
5422,0,23894,-3226,27640,8944,22391,0
5423,0,5070,5667,59206,-6532,-3893,0
5424,0,6467,-12112,-3463,4377,-13014,0
5425,0,2589,9407,52128,-7711,-5978,0
5426,0,20659,-17625,19440,26468,6074,0
5427,0,-14070,-11198,-57190,8597,15794,0
5428,0,-25578,417,6528,-24464,-7477,0
5429,0,-189,17517,-37347,17138,-3630,0
5430,0,13860,-5376,33931,4595,14138,0
5431,0,25871,5825,-31225,7721,-25370,0
5432,0,-21786,11252,39937,-3254,-24303,0
5433,0,29081,454,-29825,4539,-28728,0
5434,0,-15832,-25231,40069,29130,-6221,0
5435,0,-10674,6566,-24044,1665,12421,0
5436,0,15366,11754,-57601,-9904,-16619,0
5437,0,-22942,-22548,-64350,21624,23815,0
5438,0,8960,24930,-34415,24146,-10898,0
5439,0,-1994,4335,-47560,4589,-1309,0
5440,0,-16429,-5708,-17769,-15116,8603,0
5441,0,20080,-6033,-39754,-12297,-16982,0
5442,0,30996,-1161,-27566,6524,-30324,0
5443,0,29954,199,-57423,-27642,-11542,0
5444,0,8945,-11924,-42067,-14615,-2930,0
5445,0,-6366,-97,-56990,5801,2625,0
5446,0,-7721,3503,-25080,486,8465,0
5447,0,-18610,-16763,-33639,-15972,19294,0
5448,0,7899,-28854,-36710,-29824,-2338,0
5449,0,-3659,6645,21176,-7575,397,0
5450,0,16176,2739,38344,-6914,14878,0
5451,0,-14405,4448,-25910,-441,15070,0
5452,0,3746,-3084,6214,4486,-1849,0
5453,0,-623,-20678,-54306,-10067,18073,0
5454,0,-45,605,-35912,605,-46,0
5455,0,-5049,5061,16885,-7147,-163,0
5456,0,-9364,-16843,32828,16870,-9316,0
5457,0,11017,805,11275,9032,6359,0
5458,0,10670,2860,-60934,-9786,-5125,0
5459,0,12797,-2838,-58061,-12980,-1830,0
5460,0,3845,-1997,23011,3516,2532,0
5461,0,26043,9652,57995,-27773,182,0
5462,0,15507,14309,-15097,21095,454,0
5463,0,12140,7547,54738,-14284,-551,0
5464,0,-11727,-7773,16327,-2833,-13781,0
5465,0,-5936,-28458,-40880,-24083,16282,0
5466,0,-2004,-2225,53215,2904,732,0
5467,0,-28304,2651,59840,26541,-10185,0
5468,0,1595,2552,-57388,-503,-2967,0
5469,0,-887,1789,-17246,716,1864,0
5470,0,205,5657,-17787,4395,3568,0
5471,0,12873,26450,34684,-27519,10393,0
5472,0,-140,-335,-13607,-315,-181,0
5473,0,3280,15843,-21800,15349,5114,0
5474,0,11813,16603,61957,-14474,-14343,0
5475,0,6727,3560,56152,-7606,-281,0
5476,0,-28538,-7372,-7906,-29241,3710,0
5477,0,-9556,20821,63445,7425,-21673,0
5478,0,782,-2614,-52202,-2187,1631,0
5479,0,6246,-9869,-9086,1499,-11583,0
5480,0,20975,16135,21737,-3349,26250,0
5481,0,-13572,-15475,-25851,-19050,7795,0
5482,0,1454,-1639,-45038,-2170,-300,0
5483,0,23316,8939,9412,17085,18211,0
5484,0,6264,1898,-23553,4394,-4851,0
5485,0,-28016,11906,-22581,-2629,30327,0
5486,0,-5021,25581,-32232,25444,5677,0
5487,0,-6703,-13718,-10338,-12420,-8880,0
5488,0,3312,-10764,-25011,-8825,-6997,0
5489,0,9888,-4471,-6407,8074,-7251,0
5490,0,8366,10914,5689,5117,12764,0
5491,0,-13678,11729,21221,-17168,-5470,0
5492,0,8651,-29570,-18603,-17578,-25303,0
5493,0,-3558,15892,13875,-12608,10309,0
5494,0,1754,3262,-21228,3697,222,0
5495,0,-1782,921,51234,796,-1841,0
5496,0,13072,27948,-32250,28264,-12374,0
5497,0,-16306,-2062,20698,-7191,-14780,0
5498,0,2604,31387,37311,-31208,-4239,0
5499,0,-3847,-1942,-8846,-4305,-187,0
5500,0,15612,-6338,-13226,8823,-14355,0
5501,0,-4449,9454,36325,-8562,-5989,0
5502,0,4300,-3276,46950,-156,5404,0
5503,0,-3694,8000,29194,-8513,-2276,0
5504,0,5243,471,-306,5249,394,0
5505,0,-6045,-2647,63659,6258,2093,0
5506,0,9042,-3861,-58822,-9799,803,0
5507,0,5313,-1003,-2605,5147,-1657,0
5508,0,9166,-12938,49969,2053,15722,0
5509,0,1985,723,-31558,837,-1940,0
5510,0,21664,-19431,-830,20874,-20277,0
5511,0,-490,15309,-14788,9594,11940,0
5512,0,14855,25411,-20728,29400,1417,0
5513,0,2501,-20638,-15029,-11736,-17160,0
5514,0,-1784,-1214,-40651,-470,2106,0
5515,0,-9419,-6674,-15882,-11423,1667,0
5516,0,22385,-3850,-19157,10532,-20124,0
5517,0,18460,-6707,895,18731,-5909,0
5518,0,-16786,-7342,10289,-11309,-14414,0
5519,0,-6885,-20029,-16997,-19296,-8731,0
5520,0,-10892,24955,19483,-26540,6083,0
5521,0,9770,-12497,-53133,-15094,4880,0
5522,0,1166,-24516,-12491,-12855,-20908,0
5523,0,-11457,-20290,36287,21926,-7888,0
5524,0,-12639,15834,-61087,15704,-12800,0
5525,0,12977,-5749,40788,462,14186,0
5526,0,-7905,-9483,-3537,-9392,-8013,0
5527,0,-15251,-9682,14377,-5613,-17171,0
5528,0,19942,-7865,-56007,-21366,-1737,0
5529,0,-12762,-2948,-51306,8048,10334,0
5530,0,15269,-11557,-61874,-17053,8713,0
5531,0,-629,-1088,34341,1132,-545,0
5532,0,-28384,15239,-45373,28667,14700,0
5533,0,-14514,-23982,333,-14129,-24211,0
5534,0,-778,14864,53328,-7562,-12820,0
5535,0,-1615,10544,-23680,8878,5914,0
5536,0,-32330,771,7918,-30315,-11263,0
5537,0,4766,28463,-50535,15163,-24555,0
5538,0,-10199,6626,-48382,11796,2964,0
5539,0,29980,7038,-22916,19906,-23497,0
5540,0,-6787,-5076,63466,7257,4379,0
5541,0,-1286,-7347,-1955,-1968,-7194,0
5542,0,-5416,11237,-1742,-4460,11650,0
5543,0,-1283,-15727,38692,15457,3175,0
5544,0,-9311,4122,19746,-8787,-5146,0
5545,0,-1134,-3427,60103,1978,3019,0
5546,0,539,-476,3926,619,-367,0
5547,0,-2108,11790,-45421,10889,-4989,0
5548,0,-5626,15472,-54968,12427,-10799,0
5549,0,6928,-10700,56667,-1898,12605,0
5550,0,-3514,28065,-55620,15968,-23345,0
5551,0,-16816,-23068,32371,22744,-17252,0
5552,0,-15100,-10010,-65418,15043,10095,0
5553,0,11520,-106,-37238,-2553,-11234,0
5554,0,-28963,1539,-42788,14748,24975,0
5555,0,2796,-402,39189,-464,2786,0
5556,0,-4030,18366,-47845,16440,-9126,0
5557,0,-22018,-19885,-10502,-28880,-6796,0
5558,0,-27006,-16359,-43930,-302,31573,0
5559,0,-7164,27107,32634,-27152,-6990,0
5560,0,5625,7466,-45060,3081,-8825,0
5561,0,-23564,-1907,-49393,15521,17833,0
5562,0,10917,11503,44502,-15553,3100,0
5563,0,-3970,-14706,-27746,-15229,349,0
5564,0,2470,32332,-16419,24644,21074,0
5565,0,-6671,-2711,2174,-6353,-3390,0
5566,0,14107,9096,45296,-15476,6498,0
5567,0,3975,-2407,-3757,3480,-3080,0
5568,0,18930,-3669,59322,-17020,9063,0
5569,0,6819,14523,-50816,4228,-15477,0
5570,0,-18030,9954,39509,-3713,-20258,0
5571,0,-4198,-16093,-58230,-1579,16557,0
5572,0,-11135,-12759,58410,14766,8292,0
5573,0,-12158,13430,-35255,14781,10474,0
5574,0,26945,9349,-44945,-7049,-27636,0
5575,0,8393,-3183,16699,8129,3807,0
5576,0,64,-11122,40205,10400,3942,0
5577,0,-8445,2063,11337,-8295,-2601,0
5578,0,28624,-9341,-32667,-9202,-28669,0
5579,0,-644,1502,-53626,1354,-916,0
5580,0,5582,-4529,21121,6798,2335,0
5581,0,20317,-20825,24101,27254,10183,0
5582,0,1970,2381,56743,-2772,-1367,0
5583,0,-12462,-18865,63261,14441,17396,0
5584,0,-2725,-8861,1858,-1926,-9068,0
5585,0,-14212,-9959,-28825,-12452,12088,0
5586,0,-30378,-11147,36037,15751,-28266,0
5587,0,-7177,11803,44455,-6185,-12352,0
5588,0,3195,-647,33270,570,3210,0
5589,0,6975,586,37782,-2229,6635,0
5590,0,-1722,2029,50565,-37,-2661,0
5591,0,-4573,-17037,-29550,-17537,1901,0
5592,0,-4531,-4969,-50809,224,6721,0
5593,0,24956,-17098,-19967,392,-30249,0
5594,0,14382,12467,-17478,18888,-2347,0
5595,0,7953,14872,-19295,16663,2600,0
5596,0,15870,-26192,3179,19662,-23479,0
5597,0,-5003,5975,-17383,1058,7721,0
5598,0,6698,-14298,37819,12275,9931,0
5599,0,-19760,19544,59110,12904,-24615,0
5600,0,-16209,-10286,-54360,8687,17119,0
5601,0,419,8968,63808,-1160,-8903,0
5602,0,-9489,15566,64311,8559,-16096,0
5603,0,6391,-9775,54195,-413,11672,0
5604,0,-8571,2630,-19934,-2799,8517,0
5605,0,14102,23454,8904,3127,27188,0
5606,0,22143,7321,21488,5122,22753,0
5607,0,-739,-5887,-56505,-1799,5654,0
5608,0,-2564,4826,63150,1997,-5087,0
5609,0,-11971,9176,-33918,9822,11447,0
5610,0,-6875,-21286,29347,19878,-10258,0
5611,0,23749,9407,-26953,15579,-20244,0
5612,0,8050,-9926,-35773,-10979,-6542,0
5613,0,-13664,-16646,-46504,-4805,20993,0
5614,0,-12160,-7972,47925,14037,-3793,0
5615,0,486,-464,-2520,427,-519,0
5616,0,-4837,25502,21215,-24234,9298,0
5617,0,-16966,3862,-48075,14230,10014,0
5618,0,-5411,-13043,4183,-2705,-13859,0
5619,0,11997,14913,-37425,11887,-15001,0
5620,0,6146,-16521,5261,10074,-14465,0
5621,0,-10615,-5121,-54842,6739,9669,0
5622,0,14269,-4398,-4890,12857,-7592,0
5623,0,-378,154,37886,-58,-404,0
5624,0,-10338,1930,-25439,-1746,10371,0
5625,0,-73,-19636,-11724,-10526,-16577,0
5626,0,-21166,-17983,-61367,17175,21827,0
5627,0,1018,931,-41111,461,-1300,0
5628,0,184,107,50898,-210,37,0
5629,0,7568,-16770,-31990,-16476,-8188,0
5630,0,10184,-29243,-48787,-28111,12987,0
5631,0,19810,-7370,-59859,-21062,1774,0
5632,0,-18499,11577,-41738,18235,11989,0
5633,0,-12192,-17144,-44572,-7936,19483,0
5634,0,-4085,-7196,-18092,-8130,-1540,0
5635,0,-7917,-868,18227,-4417,-6627,0
5636,0,31254,-2651,5659,30822,5821,0
5637,0,24746,-10771,-45656,-23114,-13933,0
5638,0,4432,7119,20593,-3498,7621,0
5639,0,2415,-22693,55921,7930,21399,0
5640,0,-1868,7637,-60265,3718,-6928,0
5641,0,-15402,-27536,-27628,-30461,8221,0
5642,0,-25662,7674,59847,22647,-14302,0
5643,0,183,-638,40701,524,407,0
5644,0,4752,-3887,-52649,-6125,416,0
5645,0,14522,-3521,32970,3380,14555,0
5646,0,-29041,8036,-27737,867,30120,0
5647,0,-916,651,-53330,1123,-37,0
5648,0,16308,-5376,-7160,13548,-10551,0
5649,0,-14760,2503,-34139,3467,14564,0
5650,0,-9340,-31382,-9784,-22516,-23771,0
5651,0,-170,17360,39742,-16343,-5857,0
5652,0,10606,-25797,32040,26151,9699,0
5653,0,-16591,-2608,-42778,5346,15921,0
5654,0,-20961,-18362,13775,-5292,-27359,0
5655,0,136,-578,-26938,-518,-290,0
5656,0,-5876,-14361,11796,2733,-15274,0
5657,0,5371,2180,-27559,3440,-4666,0
5658,0,-3583,6253,26,-3591,6249,0
5659,0,24742,-10149,-25794,-1469,-26702,0
5660,0,18634,-7332,30410,9387,17688,0
5661,0,21392,12865,28756,-8539,23457,0
5662,0,3279,-777,-63330,-3343,427,0
5663,0,-76,22306,25085,-20838,7960,0
5664,0,-7900,11019,1609,-8726,10378,0
5665,0,-29574,-10111,-496,-29806,-9405,0
5666,0,77,-188,-2984,50,-197,0
5667,0,5188,-7671,26114,8911,2521,0
5668,0,11907,-10758,-33658,-11256,-11437,0
5669,0,-17193,1599,-37649,5542,16354,0
5670,0,-7939,2871,-8862,-6050,5888,0
5671,0,14728,-20860,-28343,-17292,-18790,0
5672,0,16550,-26736,-43469,-31417,-1299,0
5673,0,7189,13158,-4899,10053,11124,0
5674,0,-10680,-7205,-26658,-9982,8145,0
5675,0,-4,-3,31083,3,-4,0
5676,0,-15128,-13176,3263,-12891,-15372,0
5677,0,-16315,28068,7813,-25452,20154,0
5678,0,22150,4769,59496,-22590,1754,0
5679,0,-20290,-7309,-19929,-17682,12347,0
5680,0,-6236,-568,-56843,5472,3043,0
5681,0,-3582,-13373,-31569,-13557,2808,0
5682,0,3235,-13343,-27494,-12110,-6470,0
5683,0,-1443,11071,52290,-5405,-9769,0
5684,0,-2049,5148,59016,367,-5529,0
5685,0,-4104,-5360,24531,3369,-5850,0
5686,0,-2662,228,-64970,2667,-156,0
5687,0,10898,23377,-62015,-6816,-24876,0
5688,0,23680,-679,55595,-20730,11466,0
5689,0,3538,-9165,-7624,29,-9824,0
5690,0,-16507,21285,58424,8440,-25579,0
5691,0,-18815,-16653,15610,-2458,-25006,0
5692,0,19456,-17840,48438,-239,26396,0
5693,0,4972,-16852,60235,-576,17561,0
5694,0,-4639,8974,-60375,6695,-7565,0
5695,0,9701,-5703,-65489,-9714,5681,0
5696,0,2151,5476,-61115,-951,-5806,0
5697,0,19410,-6586,-8554,15175,-13778,0
5698,0,-11858,-9522,12174,-4649,-14480,0
5699,0,-27019,3990,-47624,20676,17845,0
5700,0,-23447,-12419,13108,-11668,-23829,0
5701,0,18733,6399,65363,-18785,-6243,0
5702,0,-1629,-2725,7356,-588,-3120,0
5703,0,-4993,-4423,15414,-712,-6632,0
5704,0,18601,7306,-38524,1962,-19888,0
5705,0,-6742,21822,-2742,-3824,22517,0
5706,0,-1644,-5889,-1318,-2013,-5773,0
5707,0,-246,11178,29427,-11074,1540,0
5708,0,8794,28455,-54282,7072,-28931,0
5709,0,-30024,-750,-52887,24244,17726,0
5710,0,-9402,9408,36963,-7340,-11092,0
5711,0,-4957,6359,-60794,6263,-5078,0
5712,0,-11569,-26646,22202,17688,-23043,0
5713,0,-13653,4212,-52003,13424,4893,0
5714,0,-7516,19058,40701,-14907,-14053,0
5715,0,142,-979,-40452,-964,220,0
5716,0,3251,-6294,36312,5654,4268,0
5717,0,-10147,21012,-54252,19518,-12787,0
5718,0,11073,-23061,-2937,7728,-24387,0
5719,0,-5168,-10619,-30539,-11110,4006,0
5720,0,-15367,-24965,18969,10260,-27461,0
5721,0,24628,17643,35244,-20435,22366,0
5722,0,27943,6515,-33120,6043,-28049,0
5723,0,1751,1577,-29814,1808,-1511,0
5724,0,3065,22215,14665,-12024,18930,0
5725,0,-24658,9847,-60799,26242,-4043,0
5726,0,-8627,2051,199,-8646,1969,0
5727,0,-7541,-3900,-45624,1176,8408,0
5728,0,12550,11398,-56040,-6261,-15755,0
5729,0,21901,18451,-61549,-17997,-22276,0
5730,0,-21788,11118,-50583,23730,5932,0
5731,0,5497,10886,56548,-9541,-7595,0
5732,0,1663,-7292,48237,4254,6152,0
5733,0,-231,-6762,-23287,-6177,-2761,0
5734,0,-11672,2105,64861,11598,-2481,0
5735,0,-23811,-15192,-43012,-2168,28161,0
5736,0,24420,-1283,-1941,24195,-3546,0
5737,0,-9145,3318,-29800,1988,9523,0
5738,0,-4486,-5530,-50960,-122,7120,0
5739,0,-12422,-3065,50266,11288,-6022,0
5740,0,16692,-8631,51468,-7649,17164,0
5741,0,-30323,4511,-40458,15135,26660,0
5742,0,8739,11029,31584,-10516,9351,0
5743,0,-11156,13314,-47881,17364,-470,0
5744,0,4818,-9748,40288,7422,7947,0
5745,0,-7864,-6594,20206,980,-10216,0
5746,0,-3801,-8080,-34435,-7751,4434,0
5747,0,-1195,7499,1428,-1705,7400,0
5748,0,-12927,-15914,-55457,4054,20098,0
5749,0,17420,-1052,41563,-6169,16325,0
5750,0,11200,-19411,-65454,-11276,19367,0
5751,0,9776,-4811,28547,6678,8610,0
5752,0,-28547,-9281,31259,7194,-29143,0
5753,0,25464,-329,-13727,19946,-15833,0
5754,0,11121,11287,-60774,-8278,-13511,0
5755,0,12386,8028,19602,827,14737,0
5756,0,-11616,19710,3480,-14728,17508,0
5757,0,-4250,-4032,-26259,-5142,2807,0
5758,0,-30007,-284,3953,-29417,-5931,0
5759,0,15836,3896,60347,-16308,123,0
5760,0,-7,125,28231,-123,20,0
5761,0,-140,99,-61170,158,-68,0
5762,0,-1136,-2222,-65247,1105,2237,0
5763,0,-7930,-10717,-65173,7742,10854,0
5764,0,9720,9568,-55464,-4167,-12987,0
5765,0,-4871,2197,-63907,5028,-1810,0
5766,0,-22773,4424,-31116,2609,23052,0
5767,0,-19620,-5005,-46340,7901,18644,0
5768,0,-8418,-17397,-19035,-18911,-3985,0
5769,0,-11460,-10324,-19713,-15080,3241,0
5770,0,8070,5849,34120,-6359,7674,0
5771,0,4927,61,24960,1745,4608,0
5772,0,17920,-10344,4242,19640,-6512,0
5773,0,-5863,-5311,-35161,-4605,6432,0
5774,0,-12137,26046,62536,8279,-27517,0
5775,0,-19525,-17722,-20442,-25594,6342,0
5776,0,-19690,16072,22484,-23477,-9739,0
5777,0,-27222,228,8264,-25202,-10294,0
5778,0,10406,-1395,-22027,3910,-9744,0
5779,0,-348,-7699,-24902,-7286,-2511,0
5780,0,2659,1431,-37741,763,-2922,0
5781,0,-359,-6775,-29793,-6757,-607,0
5782,0,-12259,-9314,52534,15390,407,0
5783,0,-19307,-18212,-52088,4488,26159,0
5784,0,-3609,3523,-54225,4909,-1155,0
5785,0,-20258,-23922,63745,22235,22097,0
5786,0,355,-22814,36075,22472,3952,0
5787,0,-287,369,27541,-429,-187,0
5788,0,11648,-8246,-42481,-12598,-6706,0
5789,0,-4517,5735,64713,4287,-5909,0
5790,0,19442,9867,5683,16070,14734,0
5791,0,-13310,-8208,-57585,9302,12570,0
5792,0,-9697,17977,-64259,10779,-17350,0
5793,0,-22799,-4121,-28127,-9050,21328,0
5794,0,15742,11399,51263,-19404,1116,0
5795,0,-7734,14336,6164,-11573,11463,0
5796,0,-1438,11837,40383,-10544,-5569,0
5797,0,5346,1997,62765,-5563,-1271,0
5798,0,28234,3933,-35510,199,-28506,0
5799,0,23472,-13517,-62101,-25370,9487,0
5800,0,-3120,40,-31182,-197,3114,0
5801,0,-5161,9602,-34606,10019,4296,0
5802,0,-132,2096,-378,-94,2098,0
5803,0,28663,-12296,-38391,-19485,-24354,0
5804,0,-16720,14720,-58769,20540,-8623,0
5805,0,3702,-7829,-5099,1697,-8492,0
5806,0,11627,-29503,22959,31569,-3002,0
5807,0,26500,-4512,53271,-19548,18453,0
5808,0,-4312,-5340,62555,5029,4671,0
5809,0,-11733,-21228,44820,24191,1764,0
5810,0,-1062,31287,19369,-25688,17892,0
5811,0,-4028,-705,-51963,2778,3001,0
5812,0,4373,16529,37883,-17096,230,0
5813,0,7482,-11519,37022,9765,9660,0
5814,0,-19235,12159,4740,-21480,7513,0
5815,0,8428,2994,65439,-8442,-2955,0
5816,0,-14678,-2625,-49922,8969,11912,0
5817,0,29652,5871,21855,9728,28619,0
5818,0,4709,-12725,45896,7516,11297,0
5819,0,-1960,5431,25433,-5774,30,0
5820,0,2340,-18449,58856,3586,18248,0
5821,0,16456,-24632,62327,-12488,26863,0
5822,0,4577,-12107,-42546,-12869,1386,0
5823,0,26296,-5396,62657,-25304,8962,0
5824,0,1231,3795,35317,-3917,759,0
5825,0,3394,-8819,-39225,-9434,-546,0
5826,0,-15546,-16150,-21190,-21918,4702,0
5827,0,-21433,16007,-61563,24076,-11660,0
5828,0,1155,1807,-52970,72,-2143,0
5829,0,23483,-14666,59005,-17825,21186,0
5830,0,-5246,-2314,60757,5635,1062,0
5831,0,2577,-3670,-24885,-2460,-3749,0
5832,0,-4071,18847,-30378,18258,6199,0
5833,0,25556,15257,3613,22544,19433,0
5834,0,-10153,10760,-6092,-6625,13228,0
5835,0,-19324,13599,43796,-1996,-23545,0
5836,0,-8285,4012,-48452,8589,3312,0
5837,0,-10397,-15886,-24762,-18623,3692,0
5838,0,-4122,1465,-42803,3206,2976,0
5839,0,3388,-5526,-36237,-6011,-2427,0
5840,0,-8860,-12561,29911,11234,-10492,0
5841,0,202,-230,-27422,-171,-254,0
5842,0,-100,11501,-14507,7292,8894,0
5843,0,1194,-14575,33732,14504,1866,0
5844,0,-17557,15514,6466,-21452,9419,0
5845,0,5977,-4084,-1142,5745,-4405,0
5846,0,21364,24357,60378,-26676,-18387,0
5847,0,1468,-10221,-14466,-5404,-8799,0
5848,0,-599,15244,36987,-14813,-3649,0
5849,0,244,944,-5504,482,848,0
5850,0,-537,-24635,45015,20808,13199,0
5851,0,-13952,-16393,57993,18849,10397,0
5852,0,16820,-22930,-15644,-3321,-28243,0
5853,0,-6022,13242,47114,-6410,-13059,0
5854,0,12560,-24313,40876,17740,20837,0
5855,0,-9042,-12443,-9369,-13548,-7283,0
5856,0,151,15732,39440,-14982,-4803,0
5857,0,-6349,-17356,44102,18139,3538,0
5858,0,-11587,801,57510,10439,-5091,0
5859,0,548,-777,53847,-51,949,0
5860,0,2270,-3482,-56731,-3497,2246,0
5861,0,12695,27010,28835,-24152,17532,0
5862,0,-18244,12693,-9442,-10856,19393,0
5863,0,-28132,-2855,-10268,-26142,10778,0
5864,0,-19554,-5617,4629,-17838,-9783,0
5865,0,-266,127,-7402,-205,211,0
5866,0,2618,21098,-1119,3745,20927,0
5867,0,3391,-9885,38262,8662,5847,0
5868,0,-22854,-4810,22375,-6695,-22374,0
5869,0,-15492,-17959,-40376,-11252,20879,0
5870,0,9717,9434,-24895,12351,-5557,0
5871,0,-1229,-8098,-56617,-2239,7879,0
5872,0,6571,20365,-35907,19150,-9550,0
5873,0,1909,6276,-37700,5654,-3326,0
5874,0,-13968,-14067,49449,19821,352,0
5875,0,3665,-4697,-9760,1153,-5845,0
5876,0,-3016,-431,-47480,1627,2576,0
5877,0,-7766,-530,39165,2850,-7244,0
5878,0,2734,-857,18691,2377,1599,0
5879,0,-29741,1131,-50175,22795,19136,0
5880,0,4055,-25731,53015,11187,23524,0
5881,0,21321,-8180,60693,-18867,12866,0
5882,0,6386,11381,-5384,9079,9374,0
5883,0,2137,3758,59536,-3115,-2997,0
5884,0,23806,-4486,-28113,894,-24209,0
5885,0,332,1173,-57641,125,-1213,0
5886,0,-23393,-4307,27060,-2175,-23687,0
5887,0,1629,-24474,58557,6497,23652,0
5888,0,-23417,-4167,-37216,883,23768,0
5889,0,8566,3088,-11725,8894,-1952,0
5890,0,-4538,1475,31941,-1654,-4476,0
5891,0,-29659,-12952,15139,-13590,-29372,0
5892,0,-32281,4185,30911,-7038,-31781,0
5893,0,-2436,3942,31672,-4064,-2226,0
5894,0,193,-18594,44758,15501,10270,0
5895,0,-2305,-7264,20459,4753,-5957,0
5896,0,357,268,-53491,-153,-419,0
5897,0,-7341,-3370,-34404,-2784,7582,0
5898,0,3001,-7631,6488,5192,-6347,0
5899,0,7597,-6685,-14319,1640,-9986,0
5900,0,-393,-570,-38540,-441,534,0
5901,0,18074,-26957,20126,32452,-499,0
5902,0,28543,6011,-51350,-18414,-22622,0
5903,0,-19374,-22848,11713,-4234,-29656,0
5904,0,217,-1045,3646,395,-991,0
5905,0,-5567,-24643,31719,24332,-6799,0
5906,0,16331,1085,33430,-1603,16288,0
5907,0,7651,10082,-61926,-5801,-11249,0
5908,0,20397,-7388,12576,20991,5479,0
5909,0,13234,5531,65365,-13279,-5422,0
5910,0,-494,12550,-7098,3723,11995,0
5911,0,6172,15949,27293,-13802,10099,0
5912,0,-23425,-15627,-29317,-19271,20532,0
5913,0,21564,8349,38885,-14226,18230,0
5914,0,10069,-1215,12399,9023,4632,0
5915,0,57,-1,22994,27,50,0
5916,0,8341,-18501,-27573,-15875,-12644,0
5917,0,-6754,-4368,1150,-6503,-4734,0
5918,0,18579,709,-43078,-8189,-16692,0
5919,0,-12038,-3546,-56919,9602,8080,0
5920,0,21181,5304,8535,17323,13292,0
5921,0,1727,6269,-24516,6450,822,0
5922,0,19558,9651,53531,-21660,2548,0
5923,0,-15750,915,-431,-15728,1240,0
5924,0,11501,9993,23493,-4075,14681,0
5925,0,14816,19481,35987,-21527,11646,0
5926,0,-25829,12722,-12630,-13998,25161,0
5927,0,4395,8091,27780,-6820,6186,0
5928,0,-26332,-11717,21574,-3391,-28621,0
5929,0,-3302,-9472,23440,7113,-7073,0
5930,0,-15855,1995,-64683,15923,-1345,0
5931,0,2171,-328,-27134,263,-2180,0
5932,0,-15070,26626,7963,-23904,19096,0
5933,0,-3211,-18574,54317,12272,14307,0
5934,0,15001,7843,35178,-9520,13997,0
5935,0,-10822,4529,-46122,10096,5974,0
5936,0,5911,26242,-45945,17688,-20266,0
5937,0,-18590,-5234,4939,-16844,-9448,0
5938,0,26753,12115,27022,-4382,29040,0
5939,0,16294,-27456,27084,30828,8304,0
5940,0,-861,4345,56825,-975,-4321,0
5941,0,19694,-199,-40732,-7522,-18202,0
5942,0,10090,-30022,-50058,-27725,15312,0
5943,0,-13604,15189,-28671,12242,16306,0
5944,0,-11392,-5107,-19265,-10944,6008,0
5945,0,5284,30955,-7327,15612,27247,0
5946,0,1148,234,-52768,-805,-851,0
5947,0,26266,-15096,-17102,6887,-29502,0
5948,0,23807,728,28006,4678,23354,0
5949,0,-5037,8907,37941,-7398,-7069,0
5950,0,5353,4668,-2453,5864,4008,0
5951,0,-18302,4188,-15048,-10977,15232,0
5952,0,1729,-855,-53341,-1914,-241,0
5953,0,3208,-6144,42095,4153,5549,0
5954,0,9927,10577,-38485,7496,-12419,0
5955,0,-28133,6514,40646,4319,-28553,0
5956,0,-6869,9132,8425,-9905,5698,0
5957,0,22909,15604,59670,-26340,-8634,0
5958,0,10272,-7458,-19204,282,-12691,0
5959,0,-16408,-14388,13925,-3979,-21457,0
5960,0,-18037,17562,-29487,14520,20565,0
5961,0,-15665,10313,49666,4236,-18270,0
5962,0,9623,23435,-58033,-759,-25323,0
5963,0,-9666,-23777,28349,21213,-14449,0
5964,0,-23201,11010,25980,-17849,-18464,0
5965,0,11878,6178,-15083,12994,-3227,0
5966,0,16709,-1737,-36877,-4973,-16046,0
5967,0,910,-1326,28022,1497,587,0
5968,0,-5407,-16779,2746,-3158,-17344,0
5969,0,14709,-20216,45420,8226,23609,0
5970,0,-10653,763,36806,1300,-10601,0
5971,0,-79,-31068,-52276,-18381,25047,0
5972,0,-16559,17311,37462,-13180,-20004,0
5973,0,19791,-18260,-54707,-26243,6036,0
5974,0,17377,12804,47098,-20920,5316,0
5975,0,-890,27861,40373,-25713,-10765,0
5976,0,6485,10219,49230,-11802,-2684,0
5977,0,-23408,8212,-8912,-17902,17173,0
5978,0,12962,-16621,17556,21031,-1408,0
5979,0,12953,28613,-38376,24145,-20088,0
5980,0,8788,14623,34098,-15153,7838,0
5981,0,-6071,-684,-54122,4829,3743,0
5982,0,7227,29559,14353,-13188,27423,0
5983,0,-3765,3779,32518,-3824,-3719,0
5984,0,-9763,12346,34692,-11394,-10858,0
5985,0,2825,25297,-637,3596,25199,0
5986,0,-21064,633,46993,12785,-16753,0
5987,0,112,331,-54248,75,-341,0
5988,0,-3779,4083,61376,2895,-4751,0
5989,0,11185,-7914,26746,10771,8469,0
5990,0,-13182,-9461,63284,14125,7986,0
5991,0,21839,3333,1284,21593,4670,0
5992,0,-1,4,-7271,0,4,0
5993,0,3578,-29752,-18727,-21033,-21345,0
5994,0,-10404,12909,-13732,-333,16576,0
5995,0,7562,-7954,-50703,-10921,1091,0
5996,0,-3156,-3908,53097,4806,1461,0
5997,0,-5925,-457,27690,-985,-5860,0
5998,0,12452,-4626,-49161,-12078,-5529,0
5999,0,-14755,13812,42927,-5301,-19503,0
6000,0,-837,12927,-4173,1748,12836,0
6001,0,781,-2195,3502,1137,-2034,0
6002,0,4286,-5690,-53695,-6673,2493,0
6003,0,24754,11172,47104,-24340,12048,0
6004,0,-18461,-20546,8589,-8696,-26217,0
6005,0,-12784,-27174,30076,25303,-16175,0
6006,0,-29211,-13550,-36088,-8749,30989,0
6007,0,-1226,-13148,-19791,-11399,-6665,0
6008,0,24875,-10,15649,18205,16951,0
6009,0,-9249,-15456,44650,18004,546,0
6010,0,-6875,-17351,-1770,-8321,-16706,0
6011,0,-14924,-24557,7940,-4733,-28344,0
6012,0,-1257,-21105,-4501,-5746,-20347,0
6013,0,-7603,26599,-8169,3124,27487,0
6014,0,2557,-4302,35905,3870,3173,0
6015,0,2063,-21069,62061,1459,21119,0
6016,0,-12981,-17589,-27025,-20455,7711,0
6017,0,-2504,141,44323,1197,-2204,0
6018,0,9525,20516,-15822,21025,8341,0
6019,0,610,3977,-24610,3909,952,0
6020,0,-5802,670,647,-5820,490,0
6021,0,-812,-1062,-39623,-743,1111,0
6022,0,-2498,16410,65466,2443,-16418,0
6023,0,-2804,-5416,50871,5641,2319,0
6024,0,536,-2706,45493,1911,1989,0
6025,0,-3222,793,-47376,2683,1953,0
6026,0,-1136,-21992,8702,7871,-20566,0
6027,0,12528,6936,49694,-13861,3595,0
6028,0,13338,-19974,65083,-12901,20259,0
6029,0,-1209,5860,1441,-1611,5763,0
6030,0,-1107,-657,56424,1281,127,0
6031,0,-2543,4703,45136,-2479,-4737,0
6032,0,-14688,7029,8455,-16270,668,0
6033,0,-11497,-8871,48775,14367,-2117,0
6034,0,3751,2739,-36115,2105,-4140,0
6035,0,-3986,-16320,-32649,-16342,3893,0
6036,0,-432,1654,-178,-418,1658,0
6037,0,8572,-20440,-14110,-6110,-21306,0
6038,0,1780,-1567,63290,-1601,1749,0
6039,0,-14052,1468,-21980,-5671,12940,0
6040,0,16657,-27486,-36931,-30243,-10878,0
6041,0,24378,19380,19490,-1095,31123,0
6042,0,-13515,19723,8297,-20099,12949,0
6043,0,718,-920,-52454,-1121,324,0
6044,0,24628,-443,54050,-20757,13263,0
6045,0,9582,-11245,-29226,-9464,-11345,0
6046,0,3787,1748,12208,2191,3549,0
6047,0,2606,-8602,283,2722,-8566,0
6048,0,8700,-15112,26273,17051,3652,0
6049,0,-11902,18946,-31742,18338,12819,0
6050,0,9310,-2296,51297,-5776,7654,0
6051,0,26415,-668,-2744,26099,-4127,0
6052,0,5451,-8527,29767,9221,4172,0
6053,0,4623,3972,-3118,5163,3239,0
6054,0,-2588,8158,3230,-3815,7661,0
6055,0,14702,-26612,22793,30392,807,0
6056,0,8363,-29698,51770,11599,28590,0
6057,0,-20231,-22253,57881,26868,13513,0
6058,0,2343,-10373,25275,10535,-1453,0
6059,0,771,-573,44034,95,956,0
6060,0,-12038,3607,42383,2123,-12386,0
6061,0,7925,8261,33684,-8601,7555,0
6062,0,737,2845,28281,-2622,1327,0
6063,0,10732,17328,-13214,18907,7614,0
6064,0,-10561,24190,59328,3004,-26224,0
6065,0,-28869,-11990,64410,29474,10415,0
6066,0,-8445,-8023,42575,10978,-3894,0
6067,0,-16230,-18185,-14372,-24089,-3719,0
6068,0,-14110,-16700,27264,12442,-17977,0
6069,0,1869,2489,20788,-1074,2921,0
6070,0,-19607,-4937,-21381,-14399,14195,0
6071,0,-4063,17854,-57824,10240,-15180,0
6072,0,-11461,-4710,49154,11435,-4773,0
6073,0,-4649,31070,25283,-30724,6557,0
6074,0,13281,7947,611,13043,8333,0
6075,0,7711,11471,-30820,12140,-6608,0
6076,0,-171,-1103,48045,935,610,0
6077,0,-2476,-15656,55065,9703,12533,0
6078,0,28515,-2494,-52409,-24521,-14766,0
6079,0,18936,-26727,-22927,-15203,-29014,0
6080,0,-11590,-30050,-39901,-24424,20995,0
6081,0,22272,-14619,-27784,-8933,-25099,0
6082,0,-4948,3275,51721,1888,-5625,0
6083,0,1389,-2022,1170,1500,-1941,0
6084,0,1096,28523,-57378,9859,-26787,0
6085,0,1469,5159,50114,-4562,-2822,0
6086,0,-11875,-1532,62763,11973,-55,0
6087,0,15612,18368,4125,11699,21077,0
6088,0,-14374,8610,-64666,14721,-8003,0
6089,0,6919,-7275,53559,-1858,9866,0
6090,0,7161,-2364,11116,7369,1602,0
6091,0,16412,8714,42745,-15290,10560,0
6092,0,26725,-14575,-43653,-25956,-15904,0
6093,0,-225,0,30630,-23,-224,0
6094,0,-1362,2793,-31533,2708,1525,0
6095,0,3178,3799,-59115,-1878,-4583,0
6096,0,14420,-16,42969,-6760,12738,0
6097,0,4705,3158,56163,-5610,-801,0
6098,0,-10830,-7511,-23175,-11537,6371,0
6099,0,-21420,-7857,-50277,10693,20155,0
6100,0,15651,-4289,-25631,1210,-16183,0
6101,0,27276,-7542,8138,28095,3398,0
6102,0,29281,-10752,-46421,-26355,-16685,0
6103,0,5105,-25411,-55709,-16082,20326,0
6104,0,3031,-9065,-31028,-8781,-3776,0
6105,0,-20027,-4819,64793,20186,4103,0
6106,0,-1812,-20038,29339,19471,-5066,0
6107,0,-8712,23600,-31865,23201,9725,0
6108,0,13356,-12926,-38452,-16043,-9385,0
6109,0,-2718,1313,60024,2281,-1977,0
6110,0,-533,-3981,-45325,-2979,2693,0
6111,0,-9194,19137,23143,-21229,287,0
6112,0,1034,794,-22326,1193,-526,0
6113,0,-1501,-3680,46276,3841,1023,0
6114,0,6187,-925,36163,-90,6255,0
6115,0,2345,162,16801,1508,1803,0
6116,0,3306,1122,-48546,-1453,-3175,0
6117,0,-19835,-6685,-27879,-11109,17740,0
6118,0,26948,-18404,-55246,-32450,3450,0
6119,0,15,273,-45822,213,-172,0
6120,0,-1379,2076,44792,-989,-2288,0
6121,0,7008,17942,1998,5260,18530,0
6122,0,3049,1840,8183,2114,2866,0
6123,0,-9690,-1655,-30877,-2525,9501,0
6124,0,14614,27517,38366,-30407,6795,0
6125,0,24624,5349,50857,-22236,11854,0
6126,0,13087,8105,21003,146,15393,0
6127,0,29975,5905,-48832,-16629,-25629,0
6128,0,3103,-3644,-36836,-4176,-2338,0
6129,0,-6730,-18240,25949,15113,-12230,0
6130,0,4626,14962,35877,-15483,2353,0
6131,0,19,296,-31265,297,2,0
6132,0,10164,-4149,11713,10813,1900,0
6133,0,3900,-2323,49331,-1153,4391,0
6134,0,7777,11572,7512,3201,13570,0
6135,0,-8440,25153,-45496,25451,-7495,0
6136,0,10368,12189,52438,-15551,-3774,0
6137,0,1491,55,-14543,1178,-915,0
6138,0,1923,-6315,-43381,-6452,1396,0
6139,0,715,14238,-19252,11784,8023,0
6140,0,-13158,17344,-61672,16127,-14624,0
6141,0,19230,-9553,-35600,-12068,-17760,0
6142,0,12299,24179,-38747,19716,-18633,0
6143,0,-1681,-3043,-11353,-3014,-1733,0
6144,0,-8676,-54231,-56169,-15725,52621,0
6145,0,-19902,-22664,42965,29356,-6929,0
6146,0,-51837,11192,-20780,-18782,49594,0
6147,0,7294,-23569,-21610,-16559,-18289,0
6148,0,41209,-26296,-60512,-46292,15708,0
6149,0,-532,-22338,41293,20710,8389,0
6150,0,47251,31022,53795,-56516,-1025,0
6151,0,-20801,-35264,58769,30956,26795,0
6152,0,-51854,-10568,-10161,-50770,14931,0
6153,0,52013,62699,-59156,-30721,-65536,0
6154,0,59416,24087,-11616,63170,-10953,0
6155,0,34391,-2584,-55367,-31596,-13825,0
6156,0,-35175,46279,35431,-41424,-40781,0
6157,0,31621,21384,13928,11591,36370,0
6158,0,25059,42008,32108,-41194,26375,0
6159,0,-52659,5892,64228,52186,-9180,0
6160,0,41423,46261,61049,-50342,-36354,0
6161,0,28862,36794,60069,-37409,-28060,0
6162,0,-44888,31161,-13251,-17643,51717,0
6163,0,16883,-47352,-55700,-36550,34516,0
6164,0,-40382,15649,-41314,30438,30808,0
6165,0,2534,-18153,-29103,-17431,-5668,0
6166,0,36980,8017,-50669,-22738,-30246,0
6167,0,-20818,24261,53966,4921,-31588,0
6168,0,52034,-11109,-3597,49356,-19872,0
6169,0,-33042,-19076,44773,33986,-17338,0
6170,0,30178,-46055,49897,9295,54271,0
6171,0,-57148,48452,20916,-65536,-22100,0
6172,0,32099,15130,-45119,-5359,-35079,0
6173,0,-33349,-50264,46576,60146,4587,0
6174,0,24131,-50547,-1965,19270,-52593,0
6175,0,-11128,-32529,-52459,-10070,32872,0
6176,0,7448,23935,2768,4216,24710,0
6177,0,-42856,-54616,-24967,-65536,19943,0
6178,0,-56011,14092,44676,18407,-54745,0
6179,0,-158,-43849,59471,12721,41964,0
6180,0,583,8010,-4605,2323,7688,0
6181,0,9557,-18123,-14448,-4217,-20050,0
6182,0,29873,-28420,-26572,-18433,-36883,0
6183,0,-41754,-49350,-8430,-57795,-28958,0
6184,0,3272,-65013,-42442,-59610,26154,0
6185,0,-42263,-58685,30406,53534,-48623,0
6186,0,-11092,54569,9783,-34558,43664,0
6187,0,-41374,-1141,21626,-20080,-36192,0
6188,0,55088,63163,-21185,65535,-13515,0
6189,0,50608,-63921,41261,38657,65535,0
6190,0,-16978,40108,27,-17030,40086,0
6191,0,51101,-38908,-49802,-63884,-6635,0
6192,0,-29871,52361,-58040,46376,-38513,0
6193,0,64983,-60055,-15741,6208,-65536,0
6194,0,14300,37691,32224,-37305,15278,0
6195,0,27230,-47732,-43090,-54938,-1298,0
6196,0,61825,915,-56966,-56315,-25530,0
6197,0,-56399,-37061,24789,13333,-65536,0
6198,0,-22248,-54668,32097,53924,-23995,0
6199,0,53968,-64598,5293,65535,-48983,0
6200,0,23731,38098,30360,-35111,27961,0
6201,0,21923,40475,-44818,21937,-40467,0
6202,0,-38453,53175,-53064,61714,-22306,0
6203,0,-45205,-13835,34666,17885,-43761,0
6204,0,52026,-16567,59332,-44888,31085,0
6205,0,45269,30991,16513,9762,53986,0
6206,0,-34852,-57810,-14613,-63909,-21731,0
6207,0,-50596,15150,51755,30655,-43009,0
6208,0,-7295,-55310,-14902,-41747,-37008,0
6209,0,-60915,-49435,-10541,-65536,-13770,0
6210,0,48965,7412,-24822,25084,-42700,0
6211,0,-10000,-45675,53221,33732,32378,0
6212,0,54407,6683,44025,-33688,43242,0
6213,0,3457,42963,47177,-35318,-24707,0
6214,0,48893,-17532,41256,-3249,51840,0
6215,0,-6497,32623,-3584,-824,33253,0
6216,0,-17204,43112,-21502,28130,36923,0
6217,0,58695,-16528,4212,60817,-4421,0
6218,0,-48054,17672,19054,-43353,-27240,0
6219,0,41946,-41650,22832,56246,18181,0
6220,0,65152,13638,4865,60237,28326,0
6221,0,-54590,9839,-64588,54981,-7349,0
6222,0,35827,-41627,23250,53154,13822,0
6223,0,54213,-16824,-26883,-1067,-56754,0
6224,0,31651,14109,35994,-18816,29100,0
6225,0,-33406,3215,12000,-29779,-15477,0
6226,0,5294,2339,-15535,5478,-1868,0
6227,0,62167,-24737,-48771,-60957,-27585,0
6228,0,-57913,-27366,57810,63892,4549,0
6229,0,-5388,5337,-38220,6548,3826,0
6230,0,51501,44356,-57566,-31250,-60359,0
6231,0,-19776,-26909,-9502,-29597,-15466,0
6232,0,39511,19041,-31337,21705,-38113,0
6233,0,-38720,2087,-26139,-10116,37434,0
6234,0,65384,49706,-26940,65535,-49142,0
6235,0,38913,-10240,-49518,-35107,-19662,0
6236,0,-13480,-53476,4143,-2664,-55085,0
6237,0,-63759,-5927,58415,62065,-15759,0
6238,0,33374,-59125,-59080,-49796,46152,0
6239,0,-29095,45869,54720,2540,-54259,0
6240,0,-50557,8890,-30285,2824,51255,0
6241,0,23038,27096,488,22398,27628,0
6242,0,53900,-43141,19682,65535,18316,0
6243,0,-57261,-17566,-5666,-59874,-1560,0
6244,0,-18486,41837,41593,-30560,-34032,0
6245,0,-61745,-1271,-58670,58020,21160,0
6246,0,20391,-34057,62164,-14644,36895,0
6247,0,-41875,28276,51522,15178,-48194,0
6248,0,-2581,-14768,-24558,-14629,-3280,0
6249,0,-61759,1971,-43835,32949,52273,0
6250,0,-12330,24641,27250,-27007,-5459,0
6251,0,12827,-4492,-3771,11810,-6725,0
6252,0,26729,-15387,48292,-6786,30086,0
6253,0,-53204,-30573,41832,50129,-35391,0
6254,0,23987,31217,-23415,38530,-8084,0
6255,0,-55687,-40372,38822,54619,-41806,0
6256,0,-51350,52658,56616,24890,-65536,0
6257,0,-7157,19816,40750,-15711,-14038,0
6258,0,51021,23783,-32254,25033,-50419,0
6259,0,-59419,-40853,64270,61787,37174,0
6260,0,-40551,-29292,38414,39067,-31243,0
6261,0,15496,-10000,31287,11074,14748,0
6262,0,26500,59127,818,24162,60121,0
6263,0,-33064,-58698,-31657,-60375,29892,0
6264,0,-49655,-42011,-62082,42052,49621,0
6265,0,-22799,-10751,-33273,-10196,23053,0
6266,0,-4639,60351,-24882,54378,26586,0
6267,0,59822,-34297,41629,6596,65535,0
6268,0,-28995,50152,53268,-3699,-57812,0
6269,0,-2721,23429,-57206,11616,-20528,0
6270,0,-30806,62782,51271,-15783,-65536,0
6271,0,41510,21295,-6555,46059,7422,0
6272,0,1779,-30028,-48693,-22925,19475,0
6273,0,-22525,-27696,-11332,-33599,-12066,0
6274,0,43905,27762,-57700,-30659,-41933,0
6275,0,38496,-21284,37320,12445,42191,0
6276,0,33643,-1506,11596,29372,16474,0
6277,0,-39899,-43867,-44575,-15631,57201,0
6278,0,-56032,14022,-58074,57395,6484,0
6279,0,33514,10441,25193,2144,35037,0
6280,0,37779,-30930,-26440,-18233,-45293,0
6281,0,24596,5271,42206,-15493,19817,0
6282,0,57531,-45694,-46191,-65536,-18612,0
6283,0,-44172,-22919,22594,-452,-49762,0
6284,0,60670,-48325,2616,65535,-40357,0
6285,0,-4872,25771,-48535,22095,-14131,0
6286,0,35130,-38108,2362,39211,-33895,0
6287,0,47980,59450,-43447,28326,-65536,0
6288,0,43619,61914,18621,-20849,65535,0
6289,0,51801,20862,-9758,55643,-4736,0
6290,0,-50318,10320,-58512,50902,6884,0
6291,0,10287,-34026,-57469,-22360,27634,0
6292,0,-26761,-6756,29716,2783,-27460,0
6293,0,41770,18093,-61437,-37434,-25900,0
6294,0,-38143,-52161,-22174,-64127,7964,0
6295,0,-41330,24798,-49825,47113,10175,0
6296,0,-10858,-28962,-8011,-20918,-22785,0
6297,0,-11007,25152,-28648,22503,15728,0
6298,0,15446,20075,37204,-22883,10861,0
6299,0,-34773,-59407,19483,27084,-63284,0
6300,0,65252,-12416,3569,65535,-1125,0
6301,0,-37293,-60014,-37901,-49122,50788,0
6302,0,10523,-30909,-43112,-32193,5451,0
6303,0,-50007,-15152,57431,52020,-4921,0
6304,0,-10042,-63369,-33232,-63130,11449,0
6305,0,16344,17961,47553,-24274,717,0
6306,0,25092,5646,-32288,6222,-24955,0
6307,0,-54719,31841,-25828,12225,62118,0
6308,0,-28801,286,58458,27064,-9855,0
6309,0,-18242,-55664,-30517,-57305,12141,0
6310,0,53370,-24589,-30367,-18297,-55841,0
6311,0,-48511,-14631,44635,38459,-32990,0
6312,0,250,-30391,25748,28769,-9799,0
6313,0,-50857,51804,-44733,65535,14608,0
6314,0,41376,60788,19176,-23244,65535,0
6315,0,-36193,5741,-60585,36528,2929,0
6316,0,33662,-36316,-45749,-49130,-6184,0
6317,0,-30990,-56850,-27170,-63032,14807,0
6318,0,19004,-22302,20847,29037,3922,0
6319,0,8336,47508,-25468,47487,8457,0
6320,0,-51254,-23789,62416,54227,15886,0
6321,0,8847,-405,18393,5938,6571,0
6322,0,16781,-34294,-12630,-5719,-37749,0
6323,0,38707,-34208,17143,51409,5055,0
6324,0,-39618,-41956,24047,22259,-53240,0
6325,0,64537,-31461,21001,61091,37719,0
6326,0,43169,-3688,36068,-3159,43211,0
6327,0,42351,43090,-43423,16887,-58010,0
6328,0,31911,-31176,60828,-24125,37526,0
6329,0,37927,11827,-58794,-32207,-23260,0
6330,0,46898,9397,-52934,-33260,-34373,0
6331,0,19797,54801,-48443,26530,-51877,0
6332,0,60717,14361,3951,56928,25535,0
6333,0,2223,-53935,59247,13892,52163,0
6334,0,-44111,-43772,7263,-26531,-56195,0
6335,0,-51621,35750,-19191,-2833,62728,0
6336,0,55434,7311,-31980,9399,-55119,0
6337,0,-54986,-19786,15253,-27719,-51445,0
6338,0,15178,-7309,-36917,-10164,-13435,0
6339,0,27859,30785,-55050,-9582,-40398,0
6340,0,23064,42968,8096,5088,48501,0
6341,0,-19824,-44428,-47705,-20505,44118,0
6342,0,15706,9462,-37914,5340,-17541,0
6343,0,29780,46421,49356,-53765,-12293,0
6344,0,47432,41989,40146,-55818,29953,0
6345,0,-31265,-38560,21012,15896,-47029,0
6346,0,27545,3637,2581,26886,7009,0
6347,0,-54039,16010,13252,-52997,-19180,0
6348,0,-22244,24064,64040,20463,-25596,0
6349,0,-36051,-52444,6073,-19481,-60585,0
6350,0,53288,-32167,21352,55197,28768,0
6351,0,-49639,18463,50904,26007,-46136,0
6352,0,20492,27248,57244,-29442,-17191,0
6353,0,-63136,19268,-19217,-22845,61932,0
6354,0,32077,55705,5766,15658,62344,0
6355,0,15257,-19125,-4120,11208,-21747,0
6356,0,60828,21689,-44496,-14074,-63027,0
6357,0,17758,62267,22709,-46932,44608,0
6358,0,-55503,27855,26253,-43561,-44259,0
6359,0,58292,-24173,-55151,-62760,-6596,0
6360,0,-39455,11542,-64163,40129,-8922,0
6361,0,-59576,-36565,-48102,12830,65535,0
6362,0,7307,-34851,-23410,-28234,-21699,0
6363,0,-8136,-57477,62486,16423,55679,0
6364,0,-48058,53257,3121,-55459,45499,0
6365,0,8712,10387,42744,-13231,2955,0
6366,0,29945,-14727,7107,33145,-3875,0
6367,0,-46396,35786,-45488,55907,17541,0
6368,0,-28275,-10336,-19241,-25315,16293,0
6369,0,-60109,35596,-6160,-47148,51548,0
6370,0,24191,45788,-13177,46561,22668,0
6371,0,44337,26818,-42528,3941,-51667,0
6372,0,58684,-38054,53271,-27723,64213,0
6373,0,59939,-8946,62753,-58217,16839,0
6374,0,-62210,-5425,-61391,59915,17598,0
6375,0,-14716,63723,50073,-32172,-56940,0
6376,0,59768,-36382,55394,-35843,60093,0
6377,0,-42736,51718,-49313,65535,-6866,0
6378,0,-35214,3327,-26542,-7175,34636,0
6379,0,-37034,-15884,20125,-8041,-39486,0
6380,0,64913,64527,-37187,49437,-65536,0
6381,0,33934,-41423,65525,-33912,41441,0
6382,0,-41264,42291,45647,-10596,-58129,0
6383,0,-64887,56996,-8028,-38744,65535,0
6384,0,56580,-61290,52949,-11811,65535,0
6385,0,44277,36425,-35528,30266,-48695,0
6386,0,24268,-18324,18322,29598,6979,0
6387,0,1991,14184,60204,-5512,-13220,0
6388,0,54140,-30351,23891,49994,36783,0
6389,0,-46126,-3293,-56672,40667,22015,0
6390,0,40866,-64037,55148,-5316,65535,0
6391,0,54247,-41407,15221,65535,5296,0
6392,0,4745,-37616,53065,17250,33763,0
6393,0,-44428,64775,50836,-8114,-65536,0
6394,0,13566,-52851,-22693,-40506,-36559,0
6395,0,-34193,-19902,20042,-3277,-39427,0
6396,0,60404,36575,-51602,-24769,-65536,0
6397,0,8997,8684,-46783,1197,-12447,0
6398,0,-37679,-53177,30851,49495,-42400,0
6399,0,51190,2777,-52985,-40629,-31263,0
6400,0,-45433,53056,43796,-22898,-65536,0
6401,0,59437,-19401,59151,-50829,36409,0
6402,0,30864,32887,32852,-33011,30731,0
6403,0,16606,12339,-1018,17188,11514,0
6404,0,-34472,-54791,-42511,-33402,55450,0
6405,0,3475,-12664,-24518,-10348,-8086,0
6406,0,-18191,3173,-26040,-2756,18259,0
6407,0,-38054,-42419,65094,38944,41603,0
6408,0,-35890,36971,15740,-51472,2354,0
6409,0,55402,55140,54108,-65536,-18216,0
6410,0,29849,64597,31436,-62561,33910,0
6411,0,-57773,-7386,11242,-45794,-35988,0
6412,0,-11374,22652,-17317,9043,23679,0
6413,0,6759,6639,-26999,8232,-4690,0
6414,0,-7031,25023,-19844,16290,20254,0
6415,0,62060,29505,-58951,-49834,-47314,0
6416,0,-2043,2687,-30080,2402,2371,0
6417,0,-58664,-8356,-4875,-59005,5456,0
6418,0,51786,-15579,-32407,-14681,-52048,0
6419,0,8414,38714,13998,-17482,35552,0
6420,0,-49243,-35014,-23384,-52943,29119,0
6421,0,10577,20793,10007,-213,23328,0
6422,0,13926,36764,15016,-13765,36824,0
6423,0,-44278,36419,48732,4407,-57162,0
6424,0,-23139,-21012,8209,-13314,-28278,0
6425,0,-26352,16379,50349,8773,-29761,0
6426,0,57432,62247,2957,48062,65535,0
6427,0,62304,-40166,-46219,-65536,-25653,0
6428,0,44644,3982,1445,44261,7062,0
6429,0,39831,-59650,34052,57087,43425,0
6430,0,36925,-20640,59313,-29228,30581,0
6431,0,-61081,19647,51124,34556,-54063,0
6432,0,-30351,-36156,20854,14011,-45079,0
6433,0,-12856,-40684,-17260,-38651,-18071,0
6434,0,-35566,-9533,35576,14220,-33965,0
6435,0,52625,-20279,59457,-44580,34543,0
6436,0,-2543,33985,-25800,31273,13545,0
6437,0,59124,48017,-18306,65535,-14790,0
6438,0,30169,-1123,-8241,27413,-12647,0
6439,0,15962,26722,55525,-26496,-16334,0
6440,0,42422,21487,-33391,20211,-43045,0
6441,0,448,-57138,-53359,-31865,47430,0
6442,0,-39002,12185,30177,-16923,-37192,0
6443,0,50571,-56488,-38286,-65536,-34044,0
6444,0,-14168,28548,24372,-31816,-1854,0
6445,0,10021,-29855,40558,24142,20222,0
6446,0,61966,-31260,-59250,-65536,11460,0
6447,0,-25459,59358,-28358,52694,37348,0
6448,0,38673,-58073,-38365,-65536,-21895,0
6449,0,12803,-15409,-11322,3005,-19807,0
6450,0,57377,-7929,-33573,-10137,-57028,0
6451,0,-2575,42990,-38713,41980,-9615,0
6452,0,-6968,-7825,-19985,-10409,1200,0
6453,0,7378,-43773,22979,42378,-13215,0
6454,0,-60672,-40951,56977,65535,13352,0
6455,0,-30540,28859,14424,-41928,2757,0
6456,0,-64591,36222,-22010,-342,65535,0
6457,0,11223,-12196,37670,9248,13754,0
6458,0,-63251,-10406,19514,-29162,-57084,0
6459,0,-10507,-8539,39765,11522,-7111,0
6460,0,63020,30322,-32668,30624,-62874,0
6461,0,-61458,-39753,-36163,-29270,65535,0
6462,0,-29605,36049,56810,12409,-44967,0
6463,0,21144,4415,-43957,-7010,-20431,0
6464,0,64661,56364,35599,-64594,56441,0
6465,0,-35050,-61009,14607,12510,-65536,0
6466,0,29043,-8160,12108,28761,9103,0
6467,0,41714,-42231,64256,-39046,44709,0
6468,0,-5315,-43335,65089,6242,43211,0
6469,0,57551,62387,48289,-65536,91,0
6470,0,56398,34585,-23824,54901,-36915,0
6471,0,-23833,-2656,-53723,18688,15028,0
6472,0,31183,3543,-17241,23732,-20536,0
6473,0,62407,-32189,-4434,54212,-44630,0
6474,0,-1517,-53580,42054,49012,21702,0
6475,0,-27388,-44026,-18939,-51556,-5507,0
6476,0,36738,48144,-18996,60558,507,0
6477,0,-45357,-55444,-5934,-59094,-40487,0
6478,0,-43082,61211,-35368,65535,35139,0
6479,0,9328,42318,-35827,40501,-15411,0
6480,0,15465,-18728,-25647,-12470,-20842,0
6481,0,-44732,-54886,-50094,-3993,65535,0
6482,0,51468,-29764,36906,19038,56324,0
6483,0,14138,62359,-1876,19681,60837,0
6484,0,65357,-10645,55341,-52709,40083,0
6485,0,-53389,31418,54556,30379,-53987,0
6486,0,-8017,-59318,50333,45484,38911,0
6487,0,31596,-31429,15597,44538,-1563,0
6488,0,12518,5698,40522,-9855,9594,0
6489,0,10472,55432,-23014,54202,15637,0
6490,0,-11950,43542,-8952,7251,44566,0
6491,0,-1947,-40843,44988,35110,20958,0
6492,0,-9936,22284,-23428,15786,18604,0
6493,0,33256,53890,-14848,60381,19084,0
6494,0,-4002,24764,-5843,3000,24905,0
6495,0,-30315,-29447,-19286,-41765,6468,0
6496,0,14832,36880,-33318,36476,-15799,0
6497,0,8918,-14067,-9013,2208,-16509,0
6498,0,62761,-19912,-40988,-42481,-50307,0
6499,0,-44295,-54412,-43060,-26945,64782,0
6500,0,43470,-14753,-4497,39308,-23710,0
6501,0,2088,6720,-22895,6933,1204,0
6502,0,25677,-45309,20770,51987,-3100,0
6503,0,7014,33183,34420,-33634,4367,0
6504,0,-5921,-25782,-40100,-22167,14435,0
6505,0,-16295,-53638,35610,55354,-8859,0
6506,0,-46888,18592,-37637,28933,41317,0
6507,0,-51694,54964,-38952,65535,33383,0
6508,0,12898,61741,50250,-50888,-37266,0
6509,0,-22823,-34040,-36280,-29735,28204,0
6510,0,-39810,55565,21966,-65536,-7087,0
6511,0,-49492,-38341,37971,49371,-38497,0
6512,0,63292,-8332,42866,-22080,59898,0
6513,0,45175,-5353,-49955,-36786,-26763,0
6514,0,28971,-56747,31670,58193,25946,0
6515,0,35981,-11714,-9154,27595,-25891,0
6516,0,4291,-42442,-13472,-22117,-36477,0
6517,0,-47973,58952,-27630,45476,60899,0
6518,0,42949,-37722,-27126,-24876,-51466,0
6519,0,-32568,47483,-27617,38083,43186,0
6520,0,-62965,-6867,61789,63179,-4492,0
6521,0,2263,-37362,20490,32332,-18860,0
6522,0,-52103,17212,-6953,-43604,33311,0
6523,0,-49356,-42938,-20451,-63146,17095,0
6524,0,-20381,-5137,19150,-8299,-19311,0
6525,0,-54345,34359,-38524,47865,42929,0
6526,0,-7726,44442,31269,-44882,-4515,0
6527,0,-32367,26792,9045,-40628,10714,0
6528,0,-50538,-43801,-28573,-53013,40771,0
6529,0,4196,-4542,11859,5981,-1569,0
6530,0,23905,36170,-64872,-22742,-36912,0
6531,0,56202,29663,-63562,-53148,-34841,0
6532,0,-21435,-30906,9541,-5584,-37195,0
6533,0,16336,30180,59396,-24389,-24143,0
6534,0,12429,8720,-8150,14813,3330,0
6535,0,-58215,-26063,25006,3115,-63707,0
6536,0,-18074,7875,-4513,-15962,11571,0
6537,0,-54835,2475,13499,-45241,-31084,0
6538,0,-50998,28970,25000,-45539,-36963,0
6539,0,-296,22318,-57099,9054,-20401,0
6540,0,36874,-44440,-26683,-31958,-48096,0
6541,0,16227,483,-26460,5294,-15347,0
6542,0,-51565,-14575,-2425,-52908,-8496,0
6543,0,45632,59142,-36342,50497,-55047,0
6544,0,27517,58746,13226,-12631,63630,0
6545,0,62754,51923,53093,-65536,-7706,0
6546,0,53458,-45218,-22434,-14370,-65536,0
6547,0,10635,-10317,-35374,-11562,-9267,0
6548,0,-15013,-59197,25578,50643,-34132,0
6549,0,-4374,3479,26542,-4611,-3158,0
6550,0,7824,-49230,-63826,-11829,48424,0
6551,0,20522,-4651,-52087,-19198,-8616,0
6552,0,6885,8142,-55319,-2245,-10424,0
6553,0,43234,-27052,63031,-39682,32036,0
6554,0,19624,-42795,-47614,-45224,13089,0
6555,0,3533,-62894,50609,38594,49786,0
6556,0,53588,54610,42820,-65536,22179,0
6557,0,-30646,24299,-40238,33499,20186,0
6558,0,55428,11979,2928,53207,19616,0
6559,0,27285,27948,33294,-28627,26572,0
6560,0,-52139,12748,20282,-39909,-35893,0
6561,0,55435,46691,-56838,-31777,-65141,0
6562,0,-7267,-18834,64428,8257,18422,0
6563,0,58763,36214,-48917,-15187,-65536,0
6564,0,-60434,17348,19666,-49547,-38708,0
6565,0,-63895,47010,21348,-65536,-30089,0
6566,0,-51990,-51972,-57485,28602,65535,0
6567,0,-57847,-9706,-4221,-58617,2117,0
6568,0,60934,-34503,-59272,-65536,14936,0
6569,0,37850,10272,52672,-36819,13509,0
6570,0,7559,-32600,-39928,-33242,3853,0
6571,0,58966,-19178,-36464,-29270,-54663,0
6572,0,-843,-26089,-28688,-25756,-4243,0
6573,0,52027,-21310,-56411,-56156,-2736,0
6574,0,42952,54196,43483,-65536,10780,0
6575,0,29687,39360,-5549,38990,30172,0
6576,0,6579,49450,-25746,48848,10123,0
6577,0,40774,22673,42653,-38781,25935,0
6578,0,50993,12953,-40023,-5201,-52355,0
6579,0,-58801,4910,31158,-9429,-58248,0
6580,0,-18756,-61506,18368,35482,-53627,0
6581,0,-62345,-46726,-22088,-65536,31460,0
6582,0,-2153,11105,33509,-11022,-2546,0
6583,0,-63031,47624,-35342,55020,56690,0
6584,0,3179,-62794,-13667,-35738,-51730,0
6585,0,-50929,65034,14440,-65536,17561,0
6586,0,-39604,2408,-10579,-33450,21339,0
6587,0,5237,-12606,-35729,-13220,-3401,0
6588,0,-23733,16519,55120,12926,-25866,0
6589,0,1437,-18018,49569,11447,13988,0
6590,0,27034,54648,50127,-56783,-22203,0
6591,0,63599,42544,-12951,65535,-2391,0
6592,0,60755,40203,-33490,38077,-62110,0
6593,0,3595,47792,-44680,38267,-28856,0
6594,0,12532,-57654,14218,46055,-36878,0
6595,0,29464,31890,17314,-3647,43264,0
6596,0,26778,-177,15199,20097,17697,0
6597,0,32972,-14550,-5016,28558,-21983,0
6598,0,49966,-56942,-63753,-54645,52469,0
6599,0,-28103,-57516,31397,55546,-31820,0
6600,0,64244,-16865,-27183,731,-65536,0
6601,0,-31614,-63070,36704,65535,-19224,0
6602,0,42741,-51755,-23968,-29718,-60185,0
6603,0,-9262,-58172,39190,58244,8800,0
6604,0,64413,28171,-4125,65535,14968,0
6605,0,-59543,-60398,48135,65535,-3529,0
6606,0,22857,-26747,35905,23021,26606,0
6607,0,-36008,38324,64554,34165,-39976,0
6608,0,-2748,22839,-3389,982,22983,0
6609,0,55626,-44999,16374,65535,7480,0
6610,0,-7412,-21892,-60469,1929,23032,0
6611,0,39075,-38276,47734,3151,54608,0
6612,0,57199,23453,-11287,61108,-9357,0
6613,0,48246,63911,13123,1405,65535,0
6614,0,-53879,-62743,-62848,45370,65535,0
6615,0,19502,-28691,-23412,-17397,-30014,0
6616,0,-39529,-53540,61201,49725,44233,0
6617,0,14086,-6635,-62200,-14963,4307,0
6618,0,22379,14037,-57214,-15169,-21628,0
6619,0,25239,-3364,60511,-23708,9288,0
6620,0,-43001,24733,40981,-6345,-49199,0
6621,0,47973,27711,-12069,55318,-3031,0
6622,0,18010,-52991,674,19713,-52382,0
6623,0,44380,-52126,46240,14919,65535,0
6624,0,-13522,-59784,-57693,-9374,60573,0
6625,0,-26258,43681,41158,-29917,-41261,0
6626,0,8753,61003,65273,-9521,-60888,0
6627,0,22573,-41752,1294,25118,-40272,0
6628,0,-45875,56093,33065,-55434,-46669,0
6629,0,-65324,-4717,-62926,64225,12832,0
6630,0,3550,10966,52307,-9357,-6731,0
6631,0,19815,22013,17992,-3827,29369,0
6632,0,53986,-49165,-58528,-65536,28620,0
6633,0,41122,-19214,-53588,-44973,-6138,0
6634,0,32037,49537,52615,-54844,-21736,0
6635,0,24237,47349,51098,-48877,-20987,0
6636,0,-60415,-16510,-43953,16670,60371,0
6637,0,56578,-46391,62271,-48655,54643,0
6638,0,-28434,-35645,45846,45548,-2116,0
6639,0,38350,-57168,-52198,-64887,22992,0
6640,0,38781,32995,-28195,40639,-30677,0
6641,0,41458,-42009,-50290,-58911,3607,0
6642,0,25949,-21223,-2137,23643,-23765,0
6643,0,1401,-52072,36995,50725,11852,0
6644,0,49728,31231,33812,-33680,48104,0
6645,0,52095,23980,36628,-33155,46794,0
6646,0,-17897,53152,38695,-46004,-32079,0
6647,0,-16295,34827,34790,-33087,-19589,0
6648,0,64089,-23437,15114,63525,24927,0
6649,0,16476,-60958,-22610,-46163,-43085,0
6650,0,15462,-21952,48761,5084,26365,0
6651,0,-21577,-40154,-7178,-33858,-30522,0
6652,0,-19327,54343,-8026,2482,57624,0
6653,0,-38681,-16229,45372,35331,-22613,0
6654,0,6075,-29230,-1646,3752,-29618,0
6655,0,54214,-20888,32838,20706,54284,0
6656,0,10618,-31960,63192,-6968,32949,0
6657,0,38473,-15529,-14676,19293,-36730,0
6658,0,58373,-5657,-31002,-701,-58642,0
6659,0,-53863,-56778,-56374,24608,65535,0
6660,0,61711,44795,40504,-64114,41283,0
6661,0,29793,-666,59863,-28519,8644,0
6662,0,63968,7041,-35476,-1299,-64341,0
6663,0,47861,10468,49063,-41132,26616,0
6664,0,-59806,-50249,20384,8197,-65536,0
6665,0,-18488,15241,-36381,18199,15585,0
6666,0,-55897,58153,28386,-65536,-42543,0
6667,0,50076,-28684,22164,49430,29784,0
6668,0,63908,-44577,40731,17562,65535,0
6669,0,-49046,-15566,-5377,-51394,-2549,0
6670,0,-44062,21259,39862,-5345,-48630,0
6671,0,-40554,-7295,-14319,-35993,20059,0
6672,0,47688,-14557,28167,24637,43348,0
6673,0,61321,26342,-51651,-31964,-58587,0
6674,0,49621,25403,-16705,52780,-17939,0
6675,0,26432,-13452,-44234,-25278,-15512,0
6676,0,-4151,-51389,11610,23622,-45826,0
6677,0,61238,7854,21862,23772,56980,0
6678,0,49913,-972,41870,-20213,45648,0
6679,0,47882,-47245,58010,-28122,61106,0
6680,0,51910,-52886,46528,9981,65535,0
6681,0,57936,42022,-26534,57217,-42997,0
6682,0,-1279,61440,59084,-17483,-58914,0
6683,0,-36385,41516,29083,-47264,-28523,0
6684,0,-24509,-53157,54847,47423,34314,0
6685,0,-51331,-59716,3161,-41729,-65536,0
6686,0,44141,34305,-1000,45734,32151,0
6687,0,-35937,50250,-28315,41496,45767,0
6688,0,28968,42303,-17899,50948,5748,0
6689,0,63358,57627,-63890,-58619,-62442,0
6690,0,-7342,-9862,-39051,-7240,9937,0
6691,0,32621,38484,-55516,-11147,-49203,0
6692,0,-9108,-52232,-65064,7924,52425,0
6693,0,-10057,-19345,-9755,-17697,-12735,0
6694,0,13209,-16792,-60213,-17020,12914,0
6695,0,-61745,35244,48854,17758,-65536,0
6696,0,-39560,-55415,-23220,-65536,11001,0
6697,0,-34428,-30703,-28134,-37534,26818,0
6698,0,49959,-5272,281,50026,-4599,0
6699,0,26416,10308,496,26163,10933,0
6700,0,51847,-29203,5244,57482,-15389,0
6701,0,37584,51562,47338,-63656,-4372,0
6702,0,-63819,4510,-55940,59187,24291,0
6703,0,-29253,-35852,-51597,749,46266,0
6704,0,-3226,20916,57958,-4417,-20697,0
6705,0,-64524,41916,53773,32132,-65536,0
6706,0,13761,-14524,37806,10811,16835,0
6707,0,-1051,-18450,25837,17098,-7011,0
6708,0,9935,19136,64684,-10708,-18714,0
6709,0,-37913,-22141,40803,34764,-26816,0
6710,0,38271,-47940,56655,-15057,59466,0
6711,0,43505,-12605,-23588,7129,-44730,0
6712,0,3353,-12946,42067,10235,8607,0
6713,0,48403,-19081,-17746,17577,-48970,0
6714,0,27341,-9626,9835,28730,3842,0
6715,0,-51372,-34804,-39878,-15630,60051,0
6716,0,40803,-5919,-34730,-9725,-40067,0
6717,0,-45892,-9706,13575,-30633,-35523,0
6718,0,-22333,61999,36832,-56503,-33913,0
6719,0,-49755,-16841,54599,51503,-10328,0
6720,0,-50255,-52821,-12581,-65536,-14998,0
6721,0,-18415,55810,13979,-49095,32304,0
6722,0,-54756,-25569,55942,60416,-1392,0
6723,0,-50957,-18643,27179,4488,-54074,0
6724,0,392,-23082,43822,19718,12005,0
6725,0,59764,34195,-34363,29530,-62201,0
6726,0,-44565,43221,-1442,-41473,46196,0
6727,0,-19280,7087,-11271,-12888,15995,0
6728,0,23793,51887,14151,-14034,55330,0
6729,0,-26040,53677,54498,-4616,-59481,0
6730,0,-13755,-34200,-36928,-30798,20257,0
6731,0,47239,-14936,-10519,34143,-35900,0
6732,0,-46356,416,54060,39299,-24589,0
6733,0,22732,45750,-21140,50850,4910,0
6734,0,7733,22240,-40680,17796,-15418,0
6735,0,-38638,19185,-29919,13746,40890,0
6736,0,-22065,5502,-62234,22656,-1955,0
6737,0,29954,-1618,-64494,-29997,120,0
6738,0,44414,-18740,-33337,-19944,-43887,0
6739,0,-39575,-48053,15050,2023,-62219,0
6740,0,3781,34918,26702,-32368,13633,0
6741,0,-57565,49306,-50698,65535,229,0
6742,0,-50601,-20210,-32690,-20399,50525,0
6743,0,-27174,-45221,-907,-29114,-43997,0
6744,0,-55916,48440,-37625,60035,43231,0
6745,0,9948,-39032,-49365,-34422,20918,0
6746,0,-59230,-47945,-36516,-36589,65535,0
6747,0,-14773,-13348,-42044,-5695,19078,0
6748,0,28064,-12459,11377,30456,3906,0
6749,0,-36135,-1721,-35749,3443,36012,0
6750,0,27195,-26471,30837,28872,24632,0
6751,0,-55111,-43991,62188,61433,34619,0
6752,0,-39861,10426,-784,-39441,11916,0
6753,0,-9233,-64041,45239,58131,28414,0
6754,0,-56623,-31484,43319,54975,-34280,0
6755,0,2724,-5037,15196,5386,-1945,0
6756,0,-28524,56669,5482,-42266,47314,0
6757,0,63986,-45333,-59691,-65536,25870,0
6758,0,43979,-3073,62295,-42974,9841,0
6759,0,23557,-31630,-56384,-34762,18628,0
6760,0,-59654,52099,-44620,65535,22249,0
6761,0,22317,-20634,36921,15813,25957,0
6762,0,-421,13722,32159,-13728,-20,0
6763,0,33154,-27072,-47755,-42203,-7141,0
6764,0,18617,8592,57018,-20498,-493,0
6765,0,58447,-5067,60441,-55487,19050,0
6766,0,-7667,-4992,-14970,-9059,1281,0
6767,0,-40061,49008,-40645,60326,19170,0
6768,0,45281,-43894,-11547,15445,-61143,0
6769,0,-37398,40307,27747,-48060,-26712,0
6770,0,-7556,59536,-3624,2849,59946,0
6771,0,-3689,56706,-43538,51136,-24785,0
6772,0,-33266,-59033,33725,60497,-30524,0
6773,0,6026,40772,-42098,34156,-23067,0
6774,0,-47716,50601,-52038,65535,-11608,0
6775,0,-17375,-7732,37230,11244,-15338,0
6776,0,-35144,-23264,-63325,32486,26851,0
6777,0,-46207,-6343,-41799,13627,44605,0
6778,0,-10567,-57108,-53902,-21258,54047,0
6779,0,-32591,44642,13077,-52582,17036,0
6780,0,16299,-10769,-20855,-250,-19534,0
6781,0,-37540,7057,-42237,22803,30644,0
6782,0,2069,34065,-45120,27111,-20729,0
6783,0,-51184,-33633,-21079,-55692,25482,0
6784,0,4178,27988,-37904,26126,-10873,0
6785,0,28107,-47953,-11794,-1956,-55549,0
6786,0,33979,56871,55977,-55631,-35973,0
6787,0,-54884,-20563,-6652,-58564,-2321,0
6788,0,-696,52830,-33001,52835,106,0
6789,0,-33735,-31347,58591,42127,18601,0
6790,0,-56956,53984,51335,10284,-65536,0
6791,0,21022,1919,57519,-20208,6103,0
6792,0,-5373,65377,-26324,60649,24994,0
6793,0,17449,-46982,30851,48385,13064,0
6794,0,-13341,-31303,6679,-2811,-33911,0
6795,0,-62025,55092,3507,-65536,43937,0
6796,0,-7933,53577,63864,3618,-54040,0
6797,0,-13424,-63620,59647,30615,57362,0
6798,0,24091,46464,-29782,49425,-17216,0
6799,0,30503,2762,-55690,-25912,-16328,0
6800,0,-22264,-39417,-60416,12019,43646,0
6801,0,59985,-50567,-13042,19045,-65536,0
6802,0,-40772,63537,-25570,46001,59860,0
6803,0,-35214,-31827,35812,36609,-30212,0
6804,0,-43309,-59520,48081,65535,7717,0
6805,0,53798,14981,65369,-53916,-14550,0
6806,0,5617,58561,-16007,44697,38251,0
6807,0,-38882,-45087,-11376,-56629,-18380,0
6808,0,-21357,59235,-20922,38452,49864,0
6809,0,16897,50754,-38723,43942,-30506,0
6810,0,-38863,-54058,-26600,-63036,21425,0
6811,0,55231,-53614,-39396,-65536,-35717,0
6812,0,17174,60280,-1866,22490,58505,0
6813,0,30890,26670,-54392,-13007,-38682,0
6814,0,54554,-51112,6446,65535,-32101,0
6815,0,-65083,-34425,-40584,-8219,65535,0
6816,0,-31516,-9148,-54334,22401,23982,0
6817,0,-54125,36924,-30808,31683,57351,0
6818,0,-28758,-48869,-48500,-15929,54420,0
6819,0,-60031,-20014,59080,63275,780,0
6820,0,65196,50744,32826,-50925,65055,0
6821,0,-3866,35172,35025,-34549,-7641,0
6822,0,21932,6042,-21723,16292,-15877,0
6823,0,-8289,-40458,5881,3294,-41167,0
6824,0,19883,-45055,-10525,-4374,-49053,0
6825,0,53150,3386,62170,-53004,5197,0
6826,0,-6346,19652,-6704,186,20650,0
6827,0,-33906,-25333,-10246,-41846,-6347,0
6828,0,-51614,-4539,40701,23373,-46242,0
6829,0,11522,6297,-61398,-10055,-8444,0
6830,0,-21955,12068,61871,19508,-15720,0
6831,0,19988,-50701,-23139,-36493,-40477,0
6832,0,2398,37652,48800,-28736,-24447,0
6833,0,-18805,-36279,60882,26366,31219,0
6834,0,27543,20750,61445,-31058,-14985,0
6835,0,19280,-61377,-13321,-21102,-60775,0
6836,0,-31685,284,-12708,-25823,18363,0
6837,0,22050,45660,-8495,38331,33193,0
6838,0,-28693,-59800,-20816,-65536,-8307,0
6839,0,-19480,-64339,-37923,-57620,34626,0
6840,0,51938,-25741,-27114,-10896,-56934,0
6841,0,-39068,-52313,19241,18100,-62733,0
6842,0,33962,35551,8367,17387,45989,0
6843,0,-29525,34968,-22646,17162,42426,0
6844,0,19060,17860,9536,9220,24439,0
6845,0,-54573,3666,-60925,54049,8388,0
6846,0,52710,51773,9472,24661,65535,0
6847,0,-52565,7594,31525,-10711,-52020,0
6848,0,17397,-54742,6617,33604,-46585,0
6849,0,58312,50493,45753,-65536,17936,0
6850,0,35816,-52625,-16499,-12230,-62471,0
6851,0,-15880,-36445,4025,-8597,-38814,0
6852,0,-46341,26810,65177,45873,-27604,0
6853,0,56615,31787,59970,-62993,-15735,0
6854,0,45153,-59027,-26849,-44026,-59872,0
6855,0,16401,18449,-22274,24070,-5475,0
6856,0,-63702,-40827,27703,24314,-65536,0
6857,0,28945,4615,-28100,10923,-27199,0
6858,0,-31947,-49108,30645,45609,-36771,0
6859,0,-4428,-41167,-45370,-31366,27028,0
6860,0,25465,58105,-46317,30873,-55421,0
6861,0,57325,60229,15912,-172,65535,0
6862,0,-33673,15930,-9455,-23298,29066,0
6863,0,-13526,-15435,-20096,-20394,2296,0
6864,0,-10143,27697,-23978,21126,20584,0
6865,0,-11004,39905,10497,-28883,29652,0
6866,0,45078,-47194,24426,61020,23148,0
6867,0,-26894,-49506,-59060,10485,55355,0
6868,0,-51451,50745,-61894,59483,-41036,0
6869,0,-8072,62162,-45909,54986,-30097,0
6870,0,-17888,-14316,-26588,-18915,12930,0
6871,0,2997,-52522,17809,41557,-32258,0
6872,0,-12947,-14783,-4896,-16030,-11367,0
6873,0,-40124,15854,43263,5456,-42796,0
6874,0,-64055,-15386,-26009,-34978,55824,0
6875,0,-63800,58701,-7812,-37906,65535,0
6876,0,-64627,18065,-63237,65535,-10847,0
6877,0,-28258,52833,6774,-43638,41056,0
6878,0,59062,25803,-24872,45802,-45346,0
6879,0,21086,-14015,26501,19627,15994,0
6880,0,49813,63318,-59077,-28151,-65536,0
6881,0,58538,-34111,-12437,29286,-61095,0
6882,0,-814,-51395,-6688,-16969,-48520,0
6883,0,-40614,60533,24759,-65536,-14984,0
6884,0,46928,54170,9859,17125,65535,0
6885,0,21452,19294,8570,11962,26256,0
6886,0,27245,24521,-16969,36536,-2952,0
6887,0,-59497,-46121,-52618,21680,65535,0
6888,0,-6387,15382,630,-6848,15182,0
6889,0,-51584,-5415,-35280,821,51861,0
6890,0,30983,27481,44365,-39693,11815,0
6891,0,-51457,20216,-56694,55218,2736,0
6892,0,22306,-7529,50304,-11597,20488,0
6893,0,51825,-17247,-50630,-50450,-20931,0
6894,0,13030,55599,-61255,-1427,-57088,0
6895,0,38202,21888,63269,-40351,-17616,0
6896,0,53099,-25893,-2516,49598,-32093,0
6897,0,-13994,-17311,-47286,-4313,21838,0
6898,0,31487,-61207,-65210,-32440,60708,0
6899,0,-45519,42902,4785,-54082,31429,0
6900,0,11044,46776,-54402,14289,-45889,0
6901,0,-48486,-8884,-45488,20484,44836,0
6902,0,-57134,28457,-57298,63685,-4286,0
6903,0,-10199,-43374,-34007,-42692,12756,0
6904,0,10894,-51461,57683,8787,51862,0
6905,0,60096,14229,-65375,-59985,-14692,0
6906,0,31142,51447,-27753,57382,-17997,0
6907,0,-24012,-17343,1321,-22866,-18828,0
6908,0,-12367,8041,-49744,14512,2648,0
6909,0,-47962,-51726,-26194,-64045,29568,0
6910,0,11380,-47842,40063,41047,27083,0
6911,0,-43101,56174,-51575,65535,-17317,0
6912,0,62478,-11007,-122,62413,-11372,0
6913,0,-45079,15329,-49651,43206,20009,0
6914,0,-61763,7448,-21297,-25926,56551,0
6915,0,-37924,52038,52573,539,-64389,0
6916,0,64355,-19578,-32345,-18269,-64739,0
6917,0,43706,-6960,5204,44071,4046,0
6918,0,1202,-46178,-49905,-32333,32991,0
6919,0,-62922,-35358,38229,50438,-51628,0
6920,0,-35195,19774,36124,-13881,-37908,0
6921,0,65431,-61234,-20130,-13077,-65536,0
6922,0,27320,9964,22711,3838,28826,0
6923,0,-27289,58427,51166,-16073,-62451,0
6924,0,-13615,28316,24568,-31371,-1731,0
6925,0,16806,-25471,-18860,-9624,-28959,0
6926,0,-56795,-45064,-37665,-30618,65535,0
6927,0,-24416,-60842,-27365,-65066,8019,0
6928,0,-63874,-15160,-63917,62506,20067,0
6929,0,26314,-27570,23895,35972,12593,0
6930,0,53097,-43107,32569,43612,52684,0
6931,0,-38324,-44554,6329,-23263,-53969,0
6932,0,6081,-33249,15109,26585,-20873,0
6933,0,51608,-38646,-62499,-56669,30750,0
6934,0,37072,-63489,-25011,-45681,-57606,0
6935,0,-55670,-64763,27000,47106,-65536,0
6936,0,21504,11646,-17001,23224,-7661,0
6937,0,18949,-34584,-63675,-21955,32758,0
6938,0,-10957,45561,-62574,17294,-43552,0
6939,0,12045,-29568,-33839,-30147,-10512,0
6940,0,15752,-39104,-14195,-12359,-40305,0
6941,0,26032,-42528,48421,13356,48041,0
6942,0,7960,-64858,-60200,-24111,60734,0
6943,0,-63037,-56408,12332,-20902,-65536,0
6944,0,23047,55720,63465,-28456,-53161,0
6945,0,-39307,46174,-53495,58135,-17244,0
6946,0,30640,-49707,44625,25399,52579,0
6947,0,-59053,18296,-56860,61411,7122,0
6948,0,-37555,60155,64180,33568,-62467,0
6949,0,-18955,-28967,-34659,-27132,21499,0
6950,0,-44447,9543,-18120,-21422,40096,0
6951,0,46100,-29109,-64183,-47890,26060,0
6952,0,33775,21733,-24149,33465,-22207,0
6953,0,7909,62758,10282,-22728,59030,0
6954,0,19632,-63067,-50240,-56796,33720,0
6955,0,37001,47367,64521,-39261,-45512,0
6956,0,-13125,-6204,57916,14475,1106,0
6957,0,13207,52850,63159,-19130,-51006,0
6958,0,-35515,-48727,-16,-35552,-48700,0
6959,0,-47789,-5510,-36979,4183,47923,0
6960,0,-41705,21623,29330,-28172,-37592,0
6961,0,62579,-10622,-16140,37342,-51328,0
6962,0,44645,-62180,-10083,10633,-65536,0
6963,0,11684,46115,-36222,43559,-19125,0
6964,0,744,18929,31815,-18875,1608,0
6965,0,-39133,-63322,-25363,-65536,14685,0
6966,0,29235,47548,19346,-20502,51915,0
6967,0,-3460,60012,57373,-19690,-56796,0
6968,0,-63476,58743,34045,-54750,-65536,0
6969,0,9602,-4022,14059,10013,2850,0
6970,0,-1592,-58691,-36050,-57717,10768,0
6971,0,-16579,17322,-54747,22975,-6859,0
6972,0,-19776,7867,-34564,9538,19026,0
6973,0,-45976,38796,-51459,60137,-1570,0
6974,0,-53065,-27946,-33932,-24943,54541,0
6975,0,-63932,-41524,-58051,45279,61330,0
6976,0,35639,-26584,28088,33846,28832,0
6977,0,27870,52435,22841,-33842,48795,0
6978,0,-48975,-52611,-55813,20107,65535,0
6979,0,-25635,8344,-42624,19096,19029,0
6980,0,-53461,39258,-64795,54822,-37335,0
6981,0,4968,2105,-5679,5351,692,0
6982,0,45308,10782,62749,-46340,-4651,0
6983,0,56305,-35505,-476,55481,-36780,0
6984,0,18844,37032,-16584,39632,12482,0
6985,0,43085,-44982,29590,50999,35760,0
6986,0,-58513,-62171,-54036,17281,65535,0
6987,0,-5653,-8819,-61941,4057,9658,0
6988,0,20517,-12011,27974,16369,17242,0
6989,0,11805,-60111,-23367,-48968,-36808,0
6990,0,20484,30867,61077,-26566,-25819,0
6991,0,-20403,-63120,-26840,-65536,1888,0
6992,0,-17053,-27179,37837,30484,-10013,0
6993,0,3365,-25422,-45273,-22888,11564,0
6994,0,-55782,-35302,-45119,1837,65535,0
6995,0,-38087,57367,-42725,65535,7476,0
6996,0,18909,3062,50888,-16414,9875,0
6997,0,35125,37791,64598,-36788,-36174,0
6998,0,-5110,59422,-31569,59030,8515,0
6999,0,50073,-46364,-27601,-32673,-59912,0
7000,0,6133,31348,29511,-30013,10933,0
7001,0,10468,-34419,-3658,4303,-35717,0
7002,0,-18991,-880,-28071,-5098,18315,0
7003,0,-53527,-40817,-56482,31400,59542,0
7004,0,63532,18194,-16694,57307,-32914,0
7005,0,50812,-35555,-30427,-29641,-54474,0
7006,0,59773,7463,56867,-57699,17303,0
7007,0,-59950,-6766,-54474,48295,36158,0
7008,0,-17949,16687,-1372,-16813,17831,0
7009,0,23004,-63343,6041,40134,-54137,0
7010,0,32010,35424,53287,-46274,-11757,0
7011,0,-10702,29924,30446,-30928,-7312,0
7012,0,31948,61542,-7845,52318,45508,0
7013,0,35059,2650,23689,12378,32908,0
7014,0,8554,-38839,-14890,-18962,-34958,0
7015,0,-44322,55700,-41422,65535,18113,0
7016,0,28282,20804,24638,-8499,34065,0
7017,0,57873,54118,-45107,12654,-65536,0
7018,0,13109,40996,-1880,16745,39650,0
7019,0,55940,18379,65336,-56114,-17842,0
7020,0,-52910,-64005,50648,65535,13749,0
7021,0,-20606,-61219,48235,59065,26147,0
7022,0,-4602,18068,-63456,6378,-17520,0
7023,0,-30090,-48298,2143,-24978,-51129,0
7024,0,-58283,10543,5605,-58991,-5307,0
7025,0,38637,59111,-53718,-876,-65536,0
7026,0,60214,42590,850,58429,45007,0
7027,0,42659,48190,-21554,63237,-11967,0
7028,0,-12641,11835,-12769,-3546,16950,0
7029,0,-61697,-13629,-30729,-19585,60073,0
7030,0,2291,-45004,-15470,-28709,-34733,0
7031,0,51737,-28154,-42994,-49197,-32389,0
7032,0,-35879,-30385,-41310,-13589,45010,0
7033,0,-25444,-4297,-64894,25300,5078,0
7034,0,41415,18307,44979,-38141,24406,0
7035,0,57574,4146,-45106,-28659,-50106,0
7036,0,47728,-61012,26229,65535,26589,0
7037,0,-1870,-43583,-27177,-42522,-9738,0
7038,0,-876,3387,20314,-3294,1180,0
7039,0,-63133,23875,62125,58405,-33834,0
7040,0,20982,-65008,-59760,-37953,56797,0
7041,0,35336,-42583,-27843,-33137,-44316,0
7042,0,27103,41958,-22046,49862,-2973,0
7043,0,59246,-50376,-24834,-24782,-65536,0
7044,0,56827,-36534,32205,38054,55821,0
7045,0,-49854,11914,-59488,51179,2836,0
7046,0,2268,-36155,-51282,-24585,26606,0
7047,0,92,118,-35710,104,-108,0
7048,0,38880,5058,-63767,-38312,-8333,0
7049,0,49766,57329,57234,-65536,-33562,0
7050,0,32311,-34335,2810,36629,-29685,0
7051,0,-31362,6287,-52690,29233,12983,0
7052,0,-21932,43945,-26222,35029,34426,0
7053,0,34168,26322,29826,-21258,37529,0
7054,0,-65096,-12341,-55328,51656,41491,0
7055,0,-45497,-54873,37914,64322,-30720,0
7056,0,41597,-21177,29996,26501,38425,0
7057,0,53538,-65130,57604,-25542,65535,0
7058,0,-35822,61868,61351,22775,-65536,0
7059,0,-3045,14942,42316,-12059,-9334,0
7060,0,13805,-28818,54387,2799,31831,0
7061,0,-21204,-40559,60639,30057,34515,0
7062,0,-5175,-54161,12174,25525,-48048,0
7063,0,-10595,-16287,4575,-6798,-18202,0
7064,0,-60936,38739,32808,-38622,-61010,0
7065,0,-32302,-31270,55733,42960,13253,0
7066,0,-39199,32339,38604,-20258,-46605,0
7067,0,11410,24884,-48237,10644,-25221,0
7068,0,-19558,44875,-27583,38685,29996,0
7069,0,61937,32433,60450,-65536,-16522,0
7070,0,47056,33847,-55598,-26295,-51657,0
7071,0,-6934,-33298,18272,21137,-26647,0
7072,0,-8260,51578,11093,-33272,40268,0
7073,0,-25504,-39650,17967,13466,-45180,0
7074,0,-29085,-6720,-9124,-29194,6232,0
7075,0,-19924,51652,22492,-54933,6872,0
7076,0,-56621,14447,44592,18214,-55524,0
7077,0,58609,50792,-49888,-8253,-65536,0
7078,0,-51425,-12280,54615,50677,-15073,0
7079,0,-11044,-8234,63641,11745,7198,0
7080,0,-57623,-1388,5234,-55474,-15651,0
7081,0,-3994,-50599,-42256,-43700,25816,0
7082,0,30917,21531,40341,-31106,21257,0
7083,0,-27989,2043,24015,-13268,-24729,0
7084,0,21249,-47214,40530,36258,36960,0
7085,0,-28206,-1778,12877,-21972,-17776,0
7086,0,36240,-6502,8231,35955,7929,0
7087,0,-58206,-57254,46584,65535,-10693,0
7088,0,-61844,-49374,-12334,-65536,-6521,0
7089,0,-15188,-33966,-7191,-25773,-26835,0
7090,0,-33891,3401,-16973,-20807,26968,0
7091,0,33264,-43597,-25152,-28847,-46637,0
7092,0,-26323,7182,-33860,8549,25911,0
7093,0,50434,-52455,-12905,10668,-65536,0
7094,0,-51423,44059,-46667,65535,13194,0
7095,0,-6135,-14224,28647,12743,-8807,0
7096,0,-1496,-12630,-49169,-7865,9995,0
7097,0,60650,17947,-39843,-3253,-63166,0
7098,0,2988,-42184,-40975,-40107,13411,0
7099,0,59053,-42514,62162,-51436,51469,0
7100,0,-26535,-10881,-46435,7539,27671,0
7101,0,52962,-40624,-53399,-65536,4836,0
7102,0,-20060,63848,-57929,41511,-52496,0
7103,0,-41995,41868,49028,-263,-59300,0
7104,0,43487,-4688,63026,-42610,9874,0
7105,0,-23675,-62077,39196,65535,-3733,0
7106,0,62792,6737,-21402,38306,-50208,0
7107,0,-29595,-9095,-38031,-1420,30929,0
7108,0,-46657,-53149,-18065,-65536,1105,0
7109,0,-27423,34197,52501,2237,-43777,0
7110,0,-25900,-28828,-57585,13318,36394,0
7111,0,-7367,-18614,60442,11649,16281,0
7112,0,52708,58167,33339,-59588,51096,0
7113,0,-58437,-2624,16944,-38293,-44220,0
7114,0,5551,55682,23740,-48220,28392,0
7115,0,1335,55923,-10613,28406,48190,0
7116,0,56791,47616,-27369,60565,-42713,0
7117,0,-60564,31940,-7684,-45001,51605,0
7118,0,25119,30423,43668,-38899,6584,0
7119,0,7589,64053,-31426,64409,-3456,0
7120,0,27965,-3052,-17015,16945,-22455,0
7121,0,10879,-37793,63624,-7374,38630,0
7122,0,-52,-55558,-19501,-44727,-32958,0
7123,0,51965,-23856,9459,57164,1318,0
7124,0,7353,-63398,-13550,-32489,-54935,0
7125,0,17517,24816,-22480,30152,-3681,0
7126,0,45587,15844,44639,-37911,29865,0
7127,0,-20655,-41627,43339,46420,2144,0
7128,0,-18020,-9081,13289,-9084,-18018,0
7129,0,11366,53821,48637,-46821,-28873,0
7130,0,-28377,-59673,36088,63416,-18561,0
7131,0,-3841,27694,29966,-27959,-98,0
7132,0,53200,-59461,-31667,-56572,-56263,0
7133,0,-60541,-7335,-53080,45942,40105,0
7134,0,-27007,-56425,-3056,-34954,-51878,0
7135,0,-16924,-8499,-1561,-17512,-7210,0
7136,0,15303,-10420,43856,1226,18473,0
7137,0,39908,-22444,46592,-6859,45270,0
7138,0,30896,-54534,-2891,23066,-58279,0
7139,0,62789,65007,-25307,65535,-36058,0
7140,0,10966,6687,-2603,11713,5270,0
7141,0,-9505,-9952,16669,504,-13753,0
7142,0,-14385,57743,-15781,29172,51867,0
7143,0,29476,-23808,-20060,-2659,-37797,0
7144,0,4252,-65112,-7936,-20229,-62036,0
7145,0,-44538,64768,43395,-34824,-65536,0
7146,0,-43436,-18479,-24517,-33788,32963,0
7147,0,-55512,52508,62111,46183,-60875,0
7148,0,-61973,25888,-5043,-53973,39971,0
7149,0,36739,10144,30212,-5578,37703,0
7150,0,14141,45794,-17609,43621,19856,0
7151,0,35031,-63190,-58445,-54095,47895,0
7152,0,36644,23919,43046,-38407,20972,0
7153,0,50448,53338,8917,23798,65535,0
7154,0,-26567,25689,56861,13925,-34232,0
7155,0,2720,34831,5025,-5668,34474,0
7156,0,37674,-43023,-57481,-51103,25667,0
7157,0,-44668,-4932,934,-44403,-6926,0
7158,0,-7150,-12047,7899,-2190,-13837,0
7159,0,21578,-5121,64493,-21295,6193,0
7160,0,64757,-44890,60242,-51413,59711,0
7161,0,-3832,-10440,44368,10890,2256,0
7162,0,-28813,-20158,-26152,-28138,21090,0
7163,0,26734,-27925,-13640,4234,-38426,0
7164,0,-471,18780,-61124,4403,-18263,0
7165,0,-51935,53028,11322,-65536,18584,0
7166,0,41750,-11390,-26389,1707,-43242,0
7167,0,-39212,45271,-10323,-13009,58462,0
7168,0,21752,22484,-33318,21903,-22337,0
7169,0,-15150,-2501,-60852,14213,5812,0
7170,0,-53614,-16104,28931,6026,-55655,0
7171,0,-59649,24723,24687,-45424,-45890,0
7172,0,-4478,-17013,30021,16278,-6673,0
7173,0,-49672,12258,-35080,17677,48012,0
7174,0,-3221,-46006,45044,40055,22859,0
7175,0,-30399,-33394,-32793,-33358,30439,0
7176,0,-40988,31718,18777,-50323,-12397,0
7177,0,34997,-36067,62162,-28732,41232,0
7178,0,28880,-63912,16826,65535,-23376,0
7179,0,49749,-16639,14170,49160,18308,0
7180,0,36555,33662,-8271,46719,16934,0
7181,0,65130,13196,-58928,-57779,-32827,0
7182,0,-3664,-39973,52065,26982,29719,0
7183,0,-56992,-32497,51343,64745,-10591,0
7184,0,46960,-32945,64545,-45343,35138,0
7185,0,-12589,-58428,6417,5693,-59497,0
7186,0,-10160,-60400,-28017,-61134,-3740,0
7187,0,-46918,56904,51781,2222,-65536,0
7188,0,26391,-19830,-54760,-32742,4208,0
7189,0,-13185,-9986,3323,-11434,-11951,0
7190,0,-49984,-27812,-41423,-5304,56954,0
7191,0,-43290,9856,-15558,-25111,36615,0
7192,0,-60660,63832,35643,-54893,-65536,0
7193,0,43919,48417,55583,-61248,-22842,0
7194,0,22469,11945,24470,-2308,25342,0
7195,0,-43392,19119,-61906,46047,-11318,0
7196,0,12507,-4497,49356,-5781,11968,0
7197,0,-42496,21506,35867,-14979,-45211,0
7198,0,18167,5185,-23142,12731,-13958,0
7199,0,45444,-28938,-14143,17244,-51041,0
7200,0,24617,-32785,-58580,-33992,22922,0
7201,0,47452,24695,61350,-51422,-14741,0
7202,0,37548,-25000,-58554,-43677,11279,0
7203,0,15435,-44881,31458,45761,12588,0
7204,0,-8042,-64199,37694,64299,7201,0
7205,0,-1045,-69,44392,611,-851,0
7206,0,6809,-1477,38137,-305,6961,0
7207,0,52711,29717,-48104,-13312,-59029,0
7208,0,34394,47866,-44756,21483,-54887,0
7209,0,65028,-31605,-43091,-58696,-42218,0
7210,0,-33421,-32034,381,-32830,-32639,0
7211,0,64233,8948,60330,-64453,7193,0
7212,0,46511,-3571,-54205,-41663,-20982,0
7213,0,-28329,65059,-5112,-11699,65535,0
7214,0,34698,-60911,-6673,13784,-65536,0
7215,0,-35956,13319,-2367,-34217,17304,0
7216,0,-30385,19673,-1435,-28961,21715,0
7217,0,-34105,59304,3024,-42314,53756,0
7218,0,-56741,-65457,-35447,-57651,64657,0
7219,0,-37513,6560,-62111,38081,-340,0
7220,0,-33332,24268,49556,7197,-40598,0
7221,0,41384,50355,-51777,-1848,-65153,0
7222,0,-55495,-3012,-15524,-42865,35375,0
7223,0,-55940,-65356,31396,61538,-60114,0
7224,0,-5912,24943,-54544,17653,-18587,0
7225,0,-32191,-3668,54154,29421,-13570,0
7226,0,-13407,55552,53127,-20026,-53523,0
7227,0,-58042,-37776,49374,65535,-13609,0
7228,0,-38986,-44795,14946,17,-59384,0
7229,0,-29683,-5717,45972,22168,-20551,0
7230,0,-39092,58459,36076,-51552,-47833,0
7231,0,30852,-22034,-10178,16923,-33926,0
7232,0,-47289,-63713,-60904,32097,65535,0
7233,0,-38118,31857,4468,-44018,23027,0
7234,0,25895,-4813,32320,5368,25786,0
7235,0,45045,28041,38806,-39731,35168,0
7236,0,5589,-50940,-18149,-35331,-37119,0
7237,0,11067,-57302,-53005,-41518,41016,0
7238,0,42228,-4839,12115,37960,19123,0
7239,0,-35350,-10581,-59633,30990,20030,0
7240,0,-12376,36861,50361,-15268,-35760,0
7241,0,-26464,-45308,46697,51964,7274,0
7242,0,18177,-52629,2363,24009,-50237,0
7243,0,41369,-262,60198,-39956,10724,0
7244,0,56506,-32707,44647,-2920,65224,0
7245,0,52855,18725,10394,37480,41708,0
7246,0,-420,-56741,45089,47362,31250,0
7247,0,52115,-59903,-47907,-65536,773,0
7248,0,-16452,3703,57501,13855,-9613,0
7249,0,-37802,-10990,-51016,21962,32672,0
7250,0,65272,-65037,59079,-42359,65535,0
7251,0,24850,-13304,-52187,-27878,-4167,0
7252,0,56870,3852,44156,-32819,46605,0
7253,0,36002,-44571,-38735,-52918,-21963,0
7254,0,-16769,39114,58413,2703,-42471,0
7255,0,-51196,-37904,605,-50075,-39373,0
7256,0,-16426,-54391,38734,56816,-415,0
7257,0,-37293,-26294,2798,-33442,-31045,0
7258,0,-884,-47757,1346,2197,-47715,0
7259,0,-31319,38516,-13402,-1998,49602,0
7260,0,-64045,51077,14022,-65536,86,0
7261,0,61986,53033,20090,-8142,65535,0
7262,0,-16072,-25490,-10446,-26336,-14645,0
7263,0,36573,-28237,-55003,-45669,7022,0
7264,0,-61203,-41865,10221,-34301,-65536,0
7265,0,-47140,61464,-1526,-42522,64745,0
7266,0,12012,46342,-21937,46195,12566,0
7267,0,-41125,18730,-38280,28821,34806,0
7268,0,13271,19817,-63464,-11240,-21035,0
7269,0,-16044,-10966,-36409,-8013,17704,0
7270,0,5879,-32103,9991,20012,-25782,0
7271,0,40995,-30667,17641,50141,10341,0
7272,0,28508,-21116,28366,26619,23453,0
7273,0,13557,63896,39217,-64992,-6526,0
7274,0,-4152,-51724,5878,10394,-50839,0
7275,0,-32306,-43078,60501,41666,34107,0
7276,0,-2758,12869,40150,-11116,-7047,0
7277,0,5422,21495,18396,-13146,17850,0
7278,0,-44689,-61581,63776,49720,57596,0
7279,0,8771,-10850,-32898,-10905,-8703,0
7280,0,18339,-55365,-42317,-57770,8016,0
7281,0,64373,-60479,5197,65535,-42740,0
7282,0,11787,-3258,-50297,-10953,-5438,0
7283,0,4976,-38257,-7097,-8075,-37725,0
7284,0,50358,-11965,-36858,-21546,-47062,0
7285,0,-42066,-24440,-25097,-37929,30468,0
7286,0,-18495,5527,-43330,13803,13494,0
7287,0,43145,54982,-48151,11689,-65536,0
7288,0,27558,36986,21339,-17219,42789,0
7289,0,64626,5669,5641,60763,22727,0
7290,0,44676,-25767,16456,49764,13543,0
7291,0,62978,-4915,-32866,-5211,-62954,0
7292,0,-56605,52016,-44073,65535,21665,0
7293,0,-56574,-72,15002,-42517,-37322,0
7294,0,64714,-7395,51192,-45315,46788,0
7295,0,9532,-37059,-13755,-15169,-35130,0
7296,0,48078,-18085,31580,20792,46971,0
7297,0,-24566,-1432,-55221,20944,12919,0
7298,0,-9482,-52068,-19419,-47428,-23485,0
7299,0,-45655,-41318,-53149,14722,59790,0
7300,0,-39046,4527,42823,14089,-36696,0
7301,0,-27663,-59054,62676,35474,54719,0
7302,0,7924,-59638,-51854,-42650,42431,0
7303,0,-18731,22585,-53164,28155,-8259,0
7304,0,20735,7049,15019,10941,18971,0
7305,0,39548,38651,-6640,49658,24333,0
7306,0,-11461,20132,50899,-4241,-22774,0
7307,0,-2696,32079,-20562,25254,19965,0
7308,0,-33033,-21585,-7144,-38363,-9239,0
7309,0,-12424,64647,54905,-20692,-62494,0
7310,0,2235,-44245,64406,164,44301,0
7311,0,46781,14588,-27946,24918,-42195,0
7312,0,-41030,-8643,-39066,3948,41744,0
7313,0,-20946,24065,48291,-3517,-31710,0
7314,0,32604,-25687,56225,-18322,37244,0
7315,0,34630,-56955,54261,-388,65535,0
7316,0,46655,30231,-49369,-12178,-54243,0
7317,0,37573,34328,4130,30087,41048,0
7318,0,-34466,49359,21781,-59995,-4984,0
7319,0,-63647,-26344,58825,65535,4869,0
7320,0,-20832,-37455,16709,12395,-41027,0
7321,0,-19702,58343,-52257,50524,-35205,0
7322,0,28657,15621,-54343,-16645,-28075,0
7323,0,40659,42102,-40562,24358,-53221,0
7324,0,48973,-58020,-45755,-65536,-5953,0
7325,0,-22225,55786,-14074,17490,57447,0
7326,0,-58663,-12278,61303,59934,204,0
7327,0,49238,62912,-45457,23491,-65536,0
7328,0,22111,-18714,-6076,15806,-24275,0
7329,0,57936,-14675,13239,55356,22532,0
7330,0,34483,31859,18395,-2668,46872,0
7331,0,23995,-58446,8567,45333,-44007,0
7332,0,64910,-33311,-32092,-31191,-65536,0
7333,0,31579,10901,-64431,-30958,-12558,0
7334,0,-57520,62223,16948,-65536,1036,0
7335,0,-4688,57974,-44767,51196,-27604,0
7336,0,-65321,27797,19905,-60451,-37218,0
7337,0,61064,6399,-11575,55274,-26732,0
7338,0,47824,28122,-17341,53007,-16379,0
7339,0,-43371,-35727,-62002,36727,42528,0
7340,0,-64641,48057,-36710,59344,54463,0
7341,0,62202,-34389,54187,-35422,61619,0
7342,0,-28932,606,26332,-9363,-27382,0
7343,0,-21377,18748,41795,-8056,-27269,0
7344,0,-45921,-25348,11234,-26421,-45312,0
7345,0,7392,-44835,-51117,-34276,29832,0
7346,0,35796,-26712,53291,-15010,42067,0
7347,0,-10850,-23951,59495,17238,19856,0
7348,0,-56812,23669,34460,-18989,-58543,0
7349,0,-16104,47386,-57805,32173,-38337,0
7350,0,-37975,-29365,-34822,-25490,40678,0
7351,0,45045,30364,-33493,28781,-46073,0
7352,0,26924,-15996,-53122,-31263,-1847,0
7353,0,-14318,-45200,29772,42686,-20640,0
7354,0,-53672,51769,-53830,65535,-15268,0
7355,0,12227,-47960,-13212,-18529,-45895,0
7356,0,53077,-24711,-13371,27766,-51545,0
7357,0,-29860,12145,-5693,-25482,19744,0
7358,0,-21767,-53936,-32413,-54299,20846,0
7359,0,49297,-34320,-49087,-59093,-10774,0
7360,0,-39737,26991,-34392,30000,37518,0
7361,0,43445,62773,-63216,-36210,-65536,0
7362,0,-62023,-22889,64893,62699,20967,0
7363,0,8823,-4309,42559,-148,9818,0
7364,0,-59340,-49110,29634,39675,-65536,0
7365,0,27910,29854,9538,11864,39109,0
7366,0,13963,14366,-61442,-10894,-16813,0
7367,0,48371,32582,27461,-19360,55014,0
7368,0,5339,1648,47734,-4752,2939,0
7369,0,17887,-56286,-23106,-42364,-41150,0
7370,0,-38148,-47772,-7831,-53007,-30459,0
7371,0,36236,-4664,-39267,-15547,-33062,0
7372,0,-39010,33362,30296,-37740,-34792,0
7373,0,39398,42982,-24509,54851,-19774,0
7374,0,-40011,-42465,-42189,-20746,54532,0
7375,0,46454,26421,-13150,53100,-6039,0
7376,0,63697,-55304,-62810,-65536,46532,0
7377,0,581,-31672,-62054,-5835,31135,0
7378,0,43929,37109,-24779,50836,-26880,0
7379,0,27826,-20688,-47890,-33937,-7112,0
7380,0,18791,-31855,57668,-5738,36537,0
7381,0,-47410,9955,36353,-1701,-48414,0
7382,0,57626,-37041,-31355,-33056,-60001,0
7383,0,-40820,7816,-39041,19556,36673,0
7384,0,40702,-14157,-19325,13133,-41044,0
7385,0,-16677,21103,-48681,26778,-2526,0
7386,0,-16808,-15901,-59816,11874,19858,0
7387,0,-9910,-144,13006,-7961,-5903,0
7388,0,18504,25595,-9727,28035,14544,0
7389,0,46321,-37738,25608,51125,30919,0
7390,0,-13495,2627,-29361,398,13743,0
7391,0,63850,-56723,-49775,-65536,-2492,0
7392,0,-1898,21975,-11972,10337,19485,0
7393,0,-35368,12476,-10688,-24711,28212,0
7394,0,-27181,54368,21468,-60599,4741,0
7395,0,-62545,-51328,64974,63905,49625,0
7396,0,44444,40186,-56828,-24336,-54754,0
7397,0,-63633,-27688,-41890,1864,65535,0
7398,0,-51606,-52400,-20509,-65536,13897,0
7399,0,-61902,22784,-62408,64611,-13281,0
7400,0,29080,58128,52157,-58078,-29180,0
7401,0,24149,-20899,-8448,13962,-28723,0
7402,0,-15037,-38082,-24436,-40932,-956,0
7403,0,19871,-52659,19852,54416,-14378,0
7404,0,-2640,57963,38055,-55449,-17089,0
7405,0,31632,19021,45694,-33855,14705,0
7406,0,-7531,-9998,41905,12248,-2580,0
7407,0,6569,60055,16955,-39096,46058,0
7408,0,-29209,3419,-3920,-28056,8815,0
7409,0,-6847,25954,-3869,-1944,26772,0
7410,0,-12878,36368,-46616,36580,-12265,0
7411,0,51306,61694,544,49680,63011,0
7412,0,-8235,-64156,32380,63992,-9427,0
7413,0,-1772,-52167,-5296,-14817,-50050,0
7414,0,-48998,-26852,32824,26984,-48926,0
7415,0,3835,24236,-42773,19732,-14586,0
7416,0,27465,-22671,48683,-2592,35519,0
7417,0,-61066,40534,-3359,-53778,49800,0
7418,0,5736,-6937,20819,8939,1061,0
7419,0,5608,-38323,-32835,-38341,-5485,0
7420,0,-48269,17025,34565,-12809,-49555,0
7421,0,-35012,3175,22665,-19111,-29507,0
7422,0,-23415,-16880,1263,-22351,-18266,0
7423,0,20637,25439,5415,13416,29884,0
7424,0,-62325,-20160,36868,31943,-57188,0
7425,0,35523,-2953,44884,-17023,31318,0
7426,0,57438,12093,40610,-32336,48987,0
7427,0,-55090,47997,-48191,65535,8367,0
7428,0,64824,-18803,-60675,-65536,3326,0
7429,0,34388,63861,-49081,21077,-65536,0
7430,0,5616,-65345,1384,9936,-64829,0
7431,0,31,4924,44616,-4168,-2623,0
7432,0,50671,-49118,-42073,-65536,-24523,0
7433,0,27020,-2440,-20384,13092,-23762,0
7434,0,57123,-57639,41260,30312,65535,0
7435,0,-38413,-61973,-20699,-65536,-1726,0
7436,0,-23335,6623,64930,23133,-7298,0
7437,0,56129,-61326,-54415,-65536,24291,0
7438,0,4769,-4527,-53562,-6463,1212,0
7439,0,-55208,-4329,-30199,-11078,54258,0
7440,0,19243,-37684,-20248,-20230,-37163,0
7441,0,-55268,-8119,26457,-8716,-55177,0
7442,0,23750,48517,21611,-29637,45162,0
7443,0,-41639,-16204,-264,-41841,-15676,0
7444,0,-36306,-40544,30508,36381,-40477,0
7445,0,-31622,61503,50990,-15253,-65536,0
7446,0,-23285,45826,54298,-3523,-51282,0
7447,0,9740,-59077,-39182,-59254,8596,0
7448,0,-41629,-65476,22797,38989,-65536,0
7449,0,29625,43750,64595,-31568,-42370,0
7450,0,63863,42803,7499,44723,62533,0
7451,0,-63136,-5173,-56088,54507,32279,0
7452,0,-10056,-13423,-23444,-16451,3266,0
7453,0,25075,-20271,-56922,-31102,8505,0
7454,0,-40047,33784,-14564,-8961,51622,0
7455,0,25442,-58928,-26971,-49688,-40632,0
7456,0,-34262,8124,45486,12958,-32741,0
7457,0,-30340,44332,-19907,18628,50387,0
7458,0,55551,56469,46621,-65536,8942,0
7459,0,-63914,6184,60510,60593,-21256,0
7460,0,-1024,-64817,-21708,-56437,-31894,0
7461,0,-3244,31106,-65046,3974,-31021,0
7462,0,35440,-49297,-1991,30581,-52450,0
7463,0,-3030,-52985,-57659,-16718,50370,0
7464,0,3787,53507,46669,-44401,-30098,0
7465,0,58750,-28979,-35405,-36155,-54628,0
7466,0,11530,-9053,36460,6882,12944,0
7467,0,22783,-5373,-47681,-18992,-13683,0
7468,0,1043,30654,-21239,26638,15204,0
7469,0,14542,42425,26478,-36193,26485,0
7470,0,10910,13621,25997,-9430,14684,0
7471,0,3049,-39703,34747,39236,6796,0
7472,0,-61016,-57497,25816,34374,-65536,0
7473,0,-8438,-17172,-25751,-18995,2297,0
7474,0,29772,16527,341,29498,17012,0
7475,0,28666,-30946,235,29013,-30621,0
7476,0,-46235,-23101,-10489,-51645,2038,0
7477,0,-33171,-632,-36293,4955,32805,0
7478,0,-43453,-16995,55540,46395,-4953,0
7479,0,-52226,31317,50396,18279,-58088,0
7480,0,6063,-65200,62992,1914,65454,0
7481,0,16414,-53352,-1427,12729,-54349,0
7482,0,-52640,-44488,31518,41256,-55210,0
7483,0,25863,9450,-39871,271,-27534,0
7484,0,1840,-58563,-39887,-55802,17866,0
7485,0,-6641,52387,-64606,8969,-52039,0
7486,0,-46066,52905,-12997,-6540,65535,0
7487,0,-11501,54938,-45710,51386,-22581,0
7488,0,-48285,-10543,-50980,30226,39103,0
7489,0,33210,45252,374,32393,45840,0
7490,0,34780,-46393,-51576,-56059,14811,0
7491,0,-51530,2557,40405,16059,-49031,0
7492,0,37328,18386,7732,28134,30658,0
7493,0,-5587,-22177,-17292,-20124,-10866,0
7494,0,-6916,-37593,-11416,-25467,-28504,0
7495,0,-30821,50829,-25000,36132,47202,0
7496,0,-46594,18779,34998,-13700,-48332,0
7497,0,11467,-7199,-29420,-5274,-12470,0
7498,0,50739,27159,36508,-35772,45083,0
7499,0,60443,36704,9172,39072,58940,0
7500,0,-43983,-13626,-21811,-33844,31222,0
7501,0,-53721,30408,-51585,61002,9450,0
7502,0,48468,37957,-14401,61541,-1598,0
7503,0,33970,26003,-58985,-24276,-35225,0
7504,0,31199,41324,-3387,37469,35737,0
7505,0,50095,-52790,-50405,-65536,6269,0
7506,0,56208,59846,-26938,65535,-37518,0
7507,0,60261,-43329,-63791,-63671,38142,0
7508,0,-63553,-29354,-13143,-65536,13726,0
7509,0,42680,43393,53768,-59268,-13850,0
7510,0,53497,8247,-50579,-34906,-41371,0
7511,0,-50821,55376,-677,-48997,56996,0
7512,0,28575,-33146,65363,-28299,33382,0
7513,0,-8055,-63598,-48431,-41002,49279,0
7514,0,29869,-46846,-33898,-48394,-27289,0
7515,0,-25990,-11069,1794,-24943,-13260,0
7516,0,-14740,-4835,45085,12223,-9553,0
7517,0,26327,-55357,-37549,-59891,-13062,0
7518,0,-5204,14406,9609,-11065,10591,0
7519,0,-45368,58297,24168,-65536,-18209,0
7520,0,3107,55987,54708,-30471,-47072,0
7521,0,40109,26822,-4946,45287,16651,0
7522,0,34847,-15773,17941,34689,16119,0
7523,0,55684,39057,7963,37127,56989,0
7524,0,43684,49255,46738,-65536,3675,0
7525,0,-51805,31397,50194,17350,-58039,0
7526,0,-29364,-64567,-58158,5184,65535,0
7527,0,56925,23987,-16348,57254,-23192,0
7528,0,23707,-5453,47504,-11240,21573,0
7529,0,-30172,-59084,46056,65443,10887,0
7530,0,53962,-54064,36599,43301,62928,0
7531,0,-41453,-44453,32097,43097,-42861,0
7532,0,-30101,30207,23095,-40480,-13412,0
7533,0,26133,-36623,-37046,-41177,-18127,0
7534,0,-28072,25230,13082,-37536,3957,0
7535,0,20029,53496,-29058,56196,-10249,0
7536,0,46845,-34536,-2834,41736,-40562,0
7537,0,20808,44940,38613,-48942,7569,0
7538,0,-53588,58238,-61759,63199,-47636,0
7539,0,-52911,61873,14741,-65536,12703,0
7540,0,-37954,-30188,35138,34296,-34287,0
7541,0,13899,26216,34253,-27138,11999,0
7542,0,-26625,48911,32439,-49325,-25850,0
7543,0,35775,60163,-8329,56349,41524,0
7544,0,25873,-35733,31422,37327,23515,0
7545,0,57819,-54128,-3101,49165,-62094,0
7546,0,62467,30568,-30223,37943,-58283,0
7547,0,3985,12224,-28215,12797,-1244,0
7548,0,-55716,14867,-6232,-48873,30607,0
7549,0,15195,65129,-64433,-11732,-65536,0
7550,0,-43445,-41130,-43403,-14698,57992,0
7551,0,20929,-45564,-65334,-21369,45359,0
7552,0,-50067,5858,-41726,26171,43083,0
7553,0,55914,-11339,-62822,-56913,3989,0
7554,0,27491,29860,-32259,30522,-26754,0
7555,0,15190,28692,40430,-32233,3874,0
7556,0,19509,29352,-28111,32943,-12526,0
7557,0,-35879,33691,15346,-49209,902,0
7558,0,56566,48947,49734,-65536,3304,0
7559,0,-21031,-13474,49964,24588,-4390,0
7560,0,-19989,-29071,48829,34786,5884,0
7561,0,40300,20634,28280,-11555,43776,0
7562,0,-37391,-25341,60990,41986,16658,0
7563,0,-38782,-32734,-64663,37379,34328,0
7564,0,-9709,-44345,-21525,-43042,-14427,0
7565,0,-26995,41224,-31390,39352,29657,0
7566,0,-22535,-16290,-57191,14412,23780,0
7567,0,20859,-44516,9038,37621,-31646,0
7568,0,27503,-17354,-51715,-32359,-3235,0
7569,0,-9162,14009,-17245,4101,16229,0
7570,0,-30032,39036,22307,-48667,-7569,0
7571,0,34594,23762,1166,33213,25658,0
7572,0,13357,46999,-43866,33728,-35352,0
7573,0,-7900,33050,-17924,19871,27566,0
7574,0,-60466,-43128,56789,65535,14775,0
7575,0,-63271,-26682,-31142,-31528,61001,0
7576,0,48420,-49146,-27080,-34291,-59866,0
7577,0,-53926,9294,56562,45137,-30936,0
7578,0,26034,-35814,57512,-10693,42966,0
7579,0,50895,11430,28809,-1624,52138,0
7580,0,28439,-4989,-3466,27222,-9624,0
7581,0,-58812,48804,2702,-64623,40799,0
7582,0,-21981,49297,45561,-27663,-46348,0
7583,0,57975,63883,1708,52556,65535,0
7584,0,-12886,-55149,-59451,-3518,56525,0
7585,0,2495,-63485,57684,21015,59958,0
7586,0,14703,57128,-31945,57664,-12438,0
7587,0,46136,-37502,-63756,-49165,33434,0
7588,0,-44317,478,18901,-27714,-34586,0
7589,0,51088,-14206,29519,21959,48266,0
7590,0,14714,33429,40313,-36473,1933,0
7591,0,54116,4602,48415,-40257,36456,0
7592,0,-27658,-60500,-47394,-28388,60161,0
7593,0,-39800,65169,-38965,65535,18981,0
7594,0,-26755,-15861,-61260,22966,20975,0
7595,0,-60138,-22727,7894,-47487,-43337,0
7596,0,39746,-60583,10482,64010,-33953,0
7597,0,-31941,-2849,-11928,-28402,14889,0
7598,0,18389,-35766,-26069,-28133,-28738,0
7599,0,-56703,-46061,-43413,-12498,65535,0
7600,0,-18995,38445,-55122,35082,-24660,0
7601,0,-65193,-26789,4321,-58290,-39624,0
7602,0,60424,-53959,-1554,56241,-58306,0
7603,0,40221,-61707,-10676,4849,-65536,0
7604,0,-45106,-17483,-60463,39569,27830,0
7605,0,52175,-58781,-42794,-65536,-19088,0
7606,0,58008,39530,-25437,57082,-40855,0
7607,0,22392,59861,-9355,46132,44234,0
7608,0,13417,-12162,10493,17618,-4188,0
7609,0,7730,-7915,18817,11003,1157,0
7610,0,-20476,972,54354,17107,-11293,0
7611,0,-42339,52292,31474,-54816,-39016,0
7612,0,-35575,48492,24778,-58273,-14875,0
7613,0,42132,44685,10588,15102,59530,0
7614,0,-48924,54003,17079,-65536,1165,0
7615,0,-14710,-19572,40716,23638,-6377,0
7616,0,-61269,55402,-29712,45865,65535,0
7617,0,2521,51517,-62346,5356,-51300,0
7618,0,-56913,11465,39480,7121,-57618,0
7619,0,-36985,32272,-41075,44089,21577,0
7620,0,40149,8594,-36242,1820,-41018,0
7621,0,-34265,57504,-41975,65535,6418,0
7622,0,-46192,-51925,-57595,23593,65370,0
7623,0,51103,50687,56341,-65536,-24040,0
7624,0,6161,30624,-18435,27583,14661,0
7625,0,-4470,-45734,30938,45167,-8460,0
7626,0,-3430,24584,-53893,15929,-19037,0
7627,0,-56563,49584,2993,-63072,40987,0
7628,0,35287,38867,-12370,50983,12512,0
7629,0,63581,-751,9456,57489,27169,0
7630,0,58562,-20425,-65208,-58876,19502,0
7631,0,-19226,-15423,-25909,-20805,13216,0
7632,0,50247,54971,44952,-65536,11605,0
7633,0,-9711,46333,22648,-45516,13015,0
7634,0,41452,-26090,-49416,-47893,-10257,0
7635,0,-38007,-10479,-43133,8905,38406,0
7636,0,52738,-52650,1277,55860,-49325,0
7637,0,-17470,-51127,321,-16681,-51390,0
7638,0,50115,-3447,60944,-48153,14306,0
7639,0,-59162,-32985,-892,-60518,-30426,0
7640,0,63290,-38867,38615,19842,65535,0
7641,0,43022,5151,45223,-28447,32683,0
7642,0,-51789,-45851,20092,8075,-65536,0
7643,0,-13804,12494,-61168,16099,-9352,0
7644,0,30590,47118,-57866,-11609,-54964,0
7645,0,-17533,-59589,24940,49017,-38152,0
7646,0,16591,-42240,-47417,-42963,14618,0
7647,0,23563,-52294,56887,-501,57355,0
7648,0,-14141,43098,55961,-6417,-44903,0
7649,0,-49590,-14232,-45650,17110,48672,0
7650,0,-43241,-10839,-5922,-44546,1706,0
7651,0,47321,-29071,-42449,-47177,-29304,0
7652,0,-26712,40325,-51537,45995,-14971,0
7653,0,-6505,-39282,-31388,-39626,3894,0
7654,0,-44530,52439,-615,-42965,53729,0
7655,0,-50869,47379,-28270,35398,59828,0
7656,0,12539,-28824,64575,-11198,29371,0
7657,0,25875,56807,4548,12975,61059,0
7658,0,54978,-63359,-8074,26997,-65536,0
7659,0,-3764,-16740,-65426,3676,16760,0
7660,0,45317,9012,-40111,-7165,-45646,0
7661,0,20930,40336,-48361,15355,-42770,0
7662,0,-34867,-4789,64687,35033,3366,0
7663,0,1213,-28816,-27019,-27399,-9008,0
7664,0,-60662,-38739,-57978,42994,57725,0
7665,0,6871,-53620,2821,14037,-52204,0
7666,0,43495,56761,42884,-65536,12022,0
7667,0,16520,-502,-51580,-13270,-9852,0
7668,0,-47350,58586,36700,-48676,-57489,0
7669,0,-59436,-11862,-50254,36255,48569,0
7670,0,61414,49514,-24074,65535,-36114,0
7671,0,47095,52264,-36765,42339,-56186,0
7672,0,2127,-36135,-47167,-29218,21368,0
7673,0,60201,31729,-44529,-5352,-65536,0
7674,0,41881,40805,-7520,53582,23410,0
7675,0,-35796,31900,-9327,-18485,44241,0
7676,0,-39739,48566,48676,-7664,-62283,0
7677,0,-57145,60805,59625,37866,-65536,0
7678,0,-49606,52114,-34275,55558,45715,0
7679,0,-42564,58200,-53998,65535,-27163,0
7680,0,-51800,-46474,-2446,-56881,-40095,0
7681,0,35115,12857,-42618,-4521,-37120,0
7682,0,36035,60476,11979,-2595,65535,0
7683,0,-3806,52111,-29521,50891,11839,0
7684,0,-41249,6949,-14935,-26561,32316,0
7685,0,-26862,63378,-26605,52811,44151,0
7686,0,20944,29146,7920,8651,34832,0
7687,0,34729,31417,60203,-41545,-21614,0
7688,0,14302,6302,-2071,14856,4853,0
7689,0,-25285,6801,6453,-26155,-1219,0
7690,0,14307,50973,-14706,43927,29552,0
7691,0,35908,1208,53896,-31101,17988,0
7692,0,-7913,-62401,43753,57924,24521,0
7693,0,-25989,3027,-64389,26116,-1594,0
7694,0,23757,14849,56501,-27795,-3507,0
7695,0,-1072,50017,-33045,50027,408,0
7696,0,-47059,-62376,-50714,-5012,65535,0
7697,0,-13553,-1720,21143,-5708,-12412,0
7698,0,-54278,-24166,55271,59256,-4345,0
7699,0,-18464,57360,38713,-49855,-33846,0
7700,0,-56508,-59241,-4917,-65536,-44407,0
7701,0,-41138,2996,-53218,35840,20416,0
7702,0,19029,53587,64693,-21178,-52775,0
7703,0,-30943,-5275,-55699,25170,18756,0
7704,0,548,-16068,58850,4542,15423,0
7705,0,34765,58188,-37754,48303,-47552,0
7706,0,46820,23642,43498,-43617,29130,0
7707,0,51624,11262,8694,42647,31196,0
7708,0,23466,-40716,-15040,-9250,-46075,0
7709,0,49080,40004,-58547,-33198,-53917,0
7710,0,-18456,7951,-59525,19955,-2378,0
7711,0,9120,23871,-53207,5728,-24904,0
7712,0,-61660,62440,45369,-16369,-65536,0
7713,0,-41664,-15815,-48219,16443,41420,0
7714,0,-37955,-45170,-24763,-56095,18284,0
7715,0,-49779,33964,45870,1767,-60236,0
7716,0,17672,63127,-24975,65223,6585,0
7717,0,-10894,-38896,-39872,-33024,23260,0
7718,0,-19175,49181,-25111,39024,35547,0
7719,0,6952,-61653,-6056,-10987,-61063,0
7720,0,35148,-48770,9709,53297,-27808,0
7721,0,-10749,-61491,-39177,-55361,28842,0
7722,0,-44588,42935,10070,-59423,17332,0
7723,0,-57240,-33840,62266,61821,24489,0
7724,0,-11628,63931,-22780,51385,39774,0
7725,0,54080,64351,37927,-65536,36682,0
7726,0,-41057,-42303,15141,-2631,-58892,0
7727,0,-54897,54353,-9015,-27086,65535,0
7728,0,-56902,-23372,7867,-44297,-42683,0
7729,0,61011,14938,62735,-62462,-6636,0
7730,0,2855,-7307,-23919,-5484,-5610,0
7731,0,-7464,-55947,63065,14023,54673,0
7732,0,-62483,49451,62953,55897,-56789,0
7733,0,59061,19720,21577,13236,60843,0
7734,0,-28729,-2121,-50351,20037,20698,0
7735,0,30198,21271,-22551,32976,-16641,0
7736,0,-64216,57397,-31608,53739,65535,0
7737,0,-4513,-2824,63684,4746,2413,0
7738,0,25158,38692,35586,-41728,19718,0
7739,0,-49254,-61524,-51773,1208,65535,0
7740,0,52996,-28870,56153,-35173,49040,0
7741,0,-10298,-63711,-42406,-52441,37618,0
7742,0,-39230,-51098,64312,42159,48710,0
7743,0,4474,1761,60723,-4758,-691,0
7744,0,62903,-18664,2935,64899,-9658,0
7745,0,-34590,37642,-55160,48359,-16577,0
7746,0,10616,-7440,-4150,8936,-9391,0
7747,0,-6422,-61340,10161,23035,-57212,0
7748,0,-45392,53510,-62617,52412,-46656,0
7749,0,-48488,-8069,-4139,-49127,1647,0
7750,0,-46093,-57434,29955,50716,-53396,0
7751,0,-41006,19658,22994,-36057,-27710,0
7752,0,-17226,43061,55667,-4286,-46180,0
7753,0,-1155,-27423,-64655,-4,27448,0
7754,0,40696,33074,-37802,22390,-47421,0
7755,0,-28419,-30343,-41527,-16123,38320,0
7756,0,43622,47322,17498,-6045,64076,0
7757,0,32893,14629,56951,-35999,-250,0
7758,0,-59692,-45873,62347,65535,36248,0
7759,0,36019,-38933,16990,53037,-520,0
7760,0,-1665,-65004,60235,17953,62498,0
7761,0,22397,-12724,-391,22155,-13142,0
7762,0,60887,25191,-53718,-37855,-53934,0
7763,0,16110,13579,-51000,-3640,-20753,0
7764,0,36550,-46163,-55146,-54163,23094,0
7765,0,26697,-53423,18041,57974,-14343,0
7766,0,65470,40639,-10852,65535,2721,0
7767,0,39645,-1433,39424,-11075,38094,0
7768,0,33034,15479,40564,-26471,25103,0
7769,0,22549,64004,-62763,-13867,-65536,0
7770,0,-20929,-1122,-26405,-7355,19626,0
7771,0,59208,7190,-31057,12017,-58420,0
7772,0,-31083,-22836,32894,23024,-30945,0
7773,0,17587,11591,60768,-19756,-7305,0
7774,0,34845,-23530,-1058,33608,-25266,0
7775,0,-56821,-41819,62790,61818,34000,0
7776,0,-62891,59703,26523,-65536,-42487,0
7777,0,-63897,-48301,-35049,-41040,65535,0
7778,0,54365,34334,22961,-5983,64020,0
7779,0,-57544,-64915,43701,65535,-17335,0
7780,0,61294,2093,2371,60661,9031,0
7781,0,21436,-33209,-22536,-19196,-34552,0
7782,0,-52758,-6015,19063,-27458,-45449,0
7783,0,25283,51247,24405,-37317,43277,0
7784,0,-26826,-59133,-12663,-55765,-33267,0
7785,0,-19602,-40873,1798,-16011,-42409,0
7786,0,-61374,24907,-4408,-54785,37225,0
7787,0,12748,-10498,-61186,-14645,7632,0
7788,0,-7591,37604,51641,-17268,-34257,0
7789,0,-33974,-11289,5648,-29717,-19964,0
7790,0,48768,28200,-7073,55371,10374,0
7791,0,48180,38652,-3971,54623,28838,0
7792,0,39227,23367,-34797,19447,-41311,0
7793,0,23243,-22683,44664,6546,31811,0
7794,0,38769,-11139,19885,31531,25158,0
7795,0,-38453,56233,-21515,28496,61877,0
7796,0,-11296,48309,-59746,24101,-43365,0
7797,0,21112,65166,6112,1391,65535,0
7798,0,8761,46271,-29718,47054,-1926,0
7799,0,54927,34194,-48413,-12419,-63498,0
7800,0,-42018,-24349,51133,47902,-7988,0
7801,0,51603,-65284,61060,-36519,65535,0
7802,0,15064,-41979,10575,33550,-29386,0
7803,0,40372,23418,-40207,7852,-46007,0
7804,0,19616,-46823,65461,-19448,46893,0
7805,0,-14573,-42829,-60700,4343,45032,0
7806,0,-8786,-28017,49883,25531,14502,0
7807,0,52631,41531,-11261,65535,8574,0
7808,0,55933,3167,-15479,43369,-35464,0
7809,0,-51088,5603,35857,1996,-51356,0
7810,0,-61552,8387,-9114,-52222,33644,0
7811,0,55295,-53372,37382,39941,65535,0
7812,0,-65320,39824,50060,21247,-65536,0
7813,0,36560,-51926,9281,55349,-31137,0
7814,0,36872,-19718,-49420,-40168,-11615,0
7815,0,-63345,-40344,27844,24412,-65536,0
7816,0,-15344,60994,52426,-23446,-58361,0
7817,0,-34040,336,35327,3832,-33825,0
7818,0,-29765,-36720,5377,-19421,-43094,0
7819,0,2945,29972,-16002,22922,19534,0
7820,0,-60032,-20899,60352,63328,5492,0
7821,0,42857,-14322,5547,45115,-2556,0
7822,0,50487,63568,-20358,65535,-6188,0
7823,0,-50013,29234,51244,20229,-54284,0
7824,0,-6549,-43872,1577,-3217,-44241,0
7825,0,15852,-30153,-46436,-33568,5803,0
7826,0,-14190,-34492,-2220,-17773,-32790,0
7827,0,-56483,65332,-17892,12462,65535,0
7828,0,46474,54463,55399,-65536,-26453,0
7829,0,10898,-51983,27421,53048,-2637,0
7830,0,18242,-14250,28715,17504,15148,0
7831,0,-10654,-32924,977,-9101,-33387,0
7832,0,-54531,-8594,-58500,48615,26156,0
7833,0,-21790,12245,63210,20292,-14594,0
7834,0,47708,-42966,-23949,-19610,-61136,0
7835,0,-38015,-24008,-41062,-7416,44346,0
7836,0,-10566,25061,34111,-24329,-12156,0
7837,0,-42350,4590,-47150,30480,29758,0
7838,0,42200,46909,44463,-62167,10798,0
7839,0,-56540,46273,59374,40621,-60728,0
7840,0,52791,-38017,-46759,-62593,-17728,0
7841,0,-1831,23031,-64361,3125,-22891,0
7842,0,-36670,22364,-55939,42787,-3757,0
7843,0,-34535,54110,15972,-62396,15077,0
7844,0,-56956,-39266,44535,63634,-27140,0
7845,0,2096,20199,56576,-10317,-17492,0
7846,0,38134,-57593,5101,50943,-46648,0
7847,0,38328,1446,11736,31650,21666,0
7848,0,3099,34519,44571,-30801,-15889,0
7849,0,44640,3497,30328,1736,44743,0
7850,0,32377,56035,-336,33275,55506,0
7851,0,-43992,2099,38437,9787,-42941,0
7852,0,-36490,-56076,26277,42212,-51906,0
7853,0,50523,31568,6977,37361,46403,0
7854,0,22808,5889,-26888,12001,-20270,0
7855,0,-61310,-50660,63703,65519,45085,0
7856,0,-59857,58588,12866,-65536,13173,0
7857,0,-57393,-31811,7051,-43597,-49043,0
7858,0,-51597,-53967,46300,65535,-8513,0
7859,0,61870,-30313,-13819,30141,-61954,0
7860,0,36718,-50453,-21815,-25252,-57062,0
7861,0,-16819,50119,-18969,29216,44059,0
7862,0,-44532,-15791,20336,-11927,-45719,0
7863,0,-49045,12095,-37927,23733,44592,0
7864,0,-31448,49484,5693,-43622,39177,0
7865,0,-62428,-29903,28556,16776,-65536,0
7866,0,19528,-38537,11098,36378,-23305,0
7867,0,44525,-49092,25405,61457,24810,0
7868,0,-14662,31541,16593,-32788,11607,0
7869,0,36023,36028,47302,-50748,4508,0
7870,0,53761,-33319,16595,61426,15077,0
7871,0,37873,-2600,-33853,-4565,-37687,0
7872,0,32432,25700,-50723,-7839,-40631,0
7873,0,65167,14100,37321,-27876,60568,0
7874,0,-49670,-64844,4517,-34579,-65536,0
7875,0,-1203,-7078,38160,7150,646,0
7876,0,11261,42452,-13747,34897,26668,0
7877,0,-6147,16666,19238,-16995,5168,0
7878,0,3495,-2118,10118,4080,-244,0
7879,0,31413,-57652,-48124,-63816,15429,0
7880,0,51254,28613,28147,-16653,56288,0
7881,0,-26192,-35823,4556,-17808,-40647,0
7882,0,-47622,4307,-22911,-17839,44364,0
7883,0,-5989,-9163,61255,7731,7750,0
7884,0,30540,-14673,-25632,-3578,-33693,0
7885,0,59790,18905,-17030,54724,-30619,0
7886,0,-61089,-13339,33208,14624,-60794,0
7887,0,-43645,28714,18507,-49828,-15701,0
7888,0,-25120,-2141,29855,-1376,-25174,0
7889,0,-64325,-2512,24101,-23664,-59867,0
7890,0,-4461,23223,-19042,15647,17731,0
7891,0,-3621,-39092,-36540,-37804,10592,0
7892,0,7215,44837,42087,-43554,-12863,0
7893,0,40915,8988,20986,14307,39372,0
7894,0,34127,51240,37759,-57868,21012,0
7895,0,3762,59418,59903,-19476,-56261,0
7896,0,31829,-22238,25729,31521,22672,0
7897,0,52504,18414,22804,7782,55093,0
7898,0,-63738,-31030,-6745,-65536,-9171,0
7899,0,42431,43443,18269,-6192,60410,0
7900,0,52784,63246,-25685,65535,-28706,0
7901,0,16256,-51423,-49753,-47120,26235,0
7902,0,-33439,58050,-55663,56223,-36427,0
7903,0,25072,-50445,-54801,-46653,31572,0
7904,0,-39427,-15215,-28653,-22647,35680,0
7905,0,-33429,-62542,-51555,-12650,65535,0
7906,0,15989,-8251,35260,6287,16858,0
7907,0,63495,4145,42746,-32906,54461,0
7908,0,-25100,5563,14663,-22747,-11981,0
7909,0,51997,-25011,-38850,-38901,-42614,0
7910,0,-62205,52718,-8525,-36134,65535,0
7911,0,-59393,51725,38325,-34266,-65536,0
7912,0,-7843,-41063,-34984,-40000,12153,0
7913,0,-5455,17277,48463,-8885,-15789,0
7914,0,-55158,-9914,648,-54824,-11622,0
7915,0,46155,23331,-8069,51546,4196,0
7916,0,18266,44890,45865,-47059,-11585,0
7917,0,-25186,5208,35813,-1489,-25676,0
7918,0,38463,65075,47787,-65536,-13990,0
7919,0,-59343,52590,61378,47755,-63299,0
7920,0,15418,-42284,16444,40856,-18880,0
7921,0,-32563,59498,-30010,54686,40122,0
7922,0,-50765,-42689,-22952,-61065,25894,0
7923,0,601,26889,-22305,23866,12401,0
7924,0,3651,-38915,8173,18234,-34572,0
7925,0,51687,22457,-17056,51735,-22347,0
7926,0,-60427,-10224,3729,-57646,-20805,0
7927,0,-21517,57726,-11155,10904,60633,0
7928,0,19175,31385,-50698,5963,-36292,0
7929,0,30877,-65130,25452,65535,6621,0
7930,0,46065,-27725,-9462,29259,-45107,0
7931,0,28252,44798,-37561,37187,-37712,0
7932,0,30149,-18238,41448,4496,34948,0
7933,0,23868,-49309,-60191,-35585,41650,0
7934,0,18209,-48218,64075,-14790,49374,0
7935,0,-30489,-22117,47943,36793,-8065,0
7936,0,42384,3102,4111,40956,11341,0
7937,0,62042,48068,-7244,65535,24085,0
7938,0,-13972,44873,39947,-37528,-28292,0
7939,0,20738,-10859,55338,-13210,19326,0
7940,0,-33514,-12131,-29387,-17380,31117,0
7941,0,37183,31900,22583,-10732,47802,0
7942,0,37135,-34493,-35951,-39736,-31461,0
7943,0,37372,-50771,61637,-27287,56831,0
7944,0,40677,-50944,-29372,-43678,-48396,0
7945,0,35416,-18245,48551,-11044,38278,0
7946,0,-25812,48982,-51945,50227,-23297,0
7947,0,-6647,49509,3656,-15178,47592,0
7948,0,-13636,48150,53022,-15927,-47441,0
7949,0,-33127,-40424,27261,30380,-42527,0
7950,0,-26584,63158,-1569,-21763,64977,0
7951,0,2960,-55343,-50240,-39239,39139,0
7952,0,62307,-11975,27904,26048,57854,0
7953,0,-38855,32317,-33976,34512,36920,0
7954,0,-61960,-7555,21008,-26722,-56410,0
7955,0,-51464,36226,-56993,61633,-12739,0
7956,0,13341,-48849,-25852,-41847,-28514,0
7957,0,25640,60494,-47376,29735,-58590,0
7958,0,50610,64300,-2846,58885,56820,0
7959,0,-29777,13559,-29005,7997,31727,0
7960,0,6706,50583,-47218,34643,-37463,0
7961,0,-47342,-55704,49762,65535,8041,0
7962,0,51633,-6761,13065,45796,24787,0
7963,0,8301,-13982,-51884,-15097,6040,0
7964,0,13196,60284,-26264,61426,5933,0
7965,0,12455,-32418,-39644,-34704,-1292,0
7966,0,47435,-42885,52670,-13891,62420,0
7967,0,-18535,-63696,8428,7997,-65536,0
7968,0,36094,56436,-9764,57673,34082,0
7969,0,-61399,64039,29137,-65536,-49381,0
7970,0,62867,25843,-49878,-28347,-61779,0
7971,0,57672,-46771,-45406,-65536,-20775,0
7972,0,8093,35040,-16857,30924,18358,0
7973,0,-40507,65439,18751,-65536,9034,0
7974,0,-33652,-64670,45001,65535,7757,0
7975,0,-29620,-26334,-52538,8687,38670,0
7976,0,-101,-43599,-37323,-42542,9543,0
7977,0,-32817,8072,-55490,32823,8046,0
7978,0,-16878,55958,-34953,57416,10935,0
7979,0,-40004,45515,-53965,57978,-17622,0
7980,0,51800,-160,16850,35916,37327,0
7981,0,1948,31759,-17751,25164,19474,0
7982,0,28402,42520,53859,-46645,-20950,0
7983,0,-14694,28050,43583,-17083,-26663,0
7984,0,-26744,-33002,-8536,-37667,-19637,0
7985,0,-4079,3794,38201,-2616,-4918,0
7986,0,-40786,-22823,-15796,-45319,11429,0
7987,0,55611,-7700,-50867,-47398,-30088,0
7988,0,33767,-48272,-26882,-36962,-45872,0
7989,0,38329,-35116,8495,49103,-17064,0
7990,0,24367,39802,37047,-43931,15749,0
7991,0,-38373,-15120,13055,-22244,-34732,0
7992,0,21132,11146,-15626,23065,-6227,0
7993,0,40392,60719,-3670,50396,52712,0
7994,0,-64904,25972,-42570,52544,46111,0
7995,0,-65495,-17167,56147,65535,-13035,0
7996,0,18620,45396,-57141,647,-49062,0
7997,0,12922,4209,57873,-13572,713,0
7998,0,59725,-10644,33374,8905,60009,0
7999,0,52670,-37025,-56269,-63470,10796,0
8000,0,7759,-50497,-37655,-50919,4175,0
8001,0,-15168,38500,47696,-19105,-36706,0
8002,0,24956,15096,63271,-26445,-12303,0
8003,0,-33791,50922,57770,12954,-59725,0
8004,0,-9885,56034,15882,-45813,33744,0
8005,0,-46649,37130,-61404,53044,-27224,0
8006,0,6659,-21202,14769,18846,-11776,0
8007,0,12354,12513,1936,11141,13604,0
8008,0,-36128,38311,-19459,9258,51839,0
8009,0,63662,42737,48281,-65536,17924,0
8010,0,-47179,43741,40078,-24887,-59328,0
8011,0,-42429,46010,-62366,48905,-39057,0
8012,0,-18498,-56715,37278,59363,-5901,0
8013,0,6846,-35721,7549,19049,-30984,0
8014,0,39976,-46907,-9485,15314,-59698,0
8015,0,7314,51361,-18249,44105,27317,0
8016,0,-32495,13629,36971,-6850,-34565,0
8017,0,-4443,-11612,12258,2740,-12127,0
8018,0,-2184,-2775,36133,3090,-1710,0
8019,0,-34193,-12215,56094,36092,-3968,0
8020,0,21141,-51496,33759,50434,23563,0
8021,0,24663,-31227,-52350,-38348,10622,0
8022,0,8532,-42411,-18610,-27656,-33266,0
8023,0,-58536,16958,-60232,60920,-1689,0
8024,0,-41961,62863,45338,-28010,-65536,0
8025,0,38585,50536,-59321,-22051,-59636,0
8026,0,-6527,19787,55018,-3845,-20478,0
8027,0,-6503,-15218,64578,7195,14904,0
8028,0,29854,-13235,-11208,18874,-26650,0
8029,0,-24316,-20846,-6061,-29269,-13006,0
8030,0,-20112,-54491,20245,33602,-47378,0
8031,0,37774,-29818,37768,19998,43773,0
8032,0,30237,31700,54272,-42232,-11645,0
8033,0,40345,-4746,14359,34174,21964,0
8034,0,-12806,17233,22361,-21260,-3000,0
8035,0,27372,-27100,-9067,13416,-36106,0
8036,0,-23512,33627,-61515,29518,-28500,0
8037,0,-38096,-23851,-14569,-44513,6228,0
8038,0,-53024,62601,-46578,65535,3343,0
8039,0,62795,-42687,28734,53959,53421,0
8040,0,-20372,-45742,27251,38827,-31621,0
8041,0,-27187,-4028,-62110,26163,8419,0
8042,0,7795,35020,-25960,35671,3844,0
8043,0,-54931,42805,36362,-32754,-61456,0
8044,0,-12853,-20230,-18900,-23851,-2364,0
8045,0,31369,-24344,-62857,-34228,20126,0
8046,0,-28931,22715,-1399,-27344,24603,0
8047,0,-50930,-1864,-16050,-37882,34093,0
8048,0,42606,-64276,4134,54427,-54630,0
8049,0,25939,-55640,-1616,21555,-57481,0
8050,0,47866,-2143,-30890,2169,-47865,0
8051,0,-57191,-12117,51064,51720,-27253,0
8052,0,-60563,-56700,23957,26891,-65536,0
8053,0,-214,-2931,-36002,-2863,664,0
8054,0,49302,-3714,6213,48221,10917,0
8055,0,-53024,-44657,-53176,19048,65535,0
8056,0,58666,9398,41924,-33438,49112,0
8057,0,38110,63778,35861,-65536,28270,0
8058,0,53967,10580,63657,-54700,-5683,0
8059,0,-12941,62825,32656,-62894,-12604,0
8060,0,9798,-55349,-42708,-53678,16680,0
8061,0,22666,36710,-1011,24418,35569,0
8062,0,-37752,19780,-1191,-36562,21902,0
8063,0,-18033,-62561,-41532,-49766,41981,0
8064,0,51372,33971,40790,-50762,34876,0
8065,0,30405,-31804,-52381,-43310,7759,0
8066,0,-13995,-42049,-52512,-13225,42297,0
8067,0,-11606,-52438,-56385,-11765,52403,0
8068,0,40133,22856,-16138,44681,-11691,0
8069,0,31752,-3134,-43341,-18153,-26239,0
8070,0,-46021,-8697,-46602,21477,41621,0
8071,0,18799,-58950,57745,4005,61745,0
8072,0,-54180,7942,64559,53749,-10470,0
8073,0,63554,-47323,-36485,-57838,-54160,0
8074,0,45988,61147,-47354,17201,-65536,0
8075,0,8132,-42668,-43017,-41458,12960,0
8076,0,35013,-36193,-57680,-45870,20781,0
8077,0,62857,-29238,-41833,-52984,-44706,0
8078,0,14665,13253,-42115,5592,-18959,0
8079,0,-51626,5906,29895,-12938,-50326,0
8080,0,-36120,21520,-7943,-25536,33402,0
8081,0,27923,50901,-10067,48356,32130,0
8082,0,-36066,-54229,-52745,-1710,65105,0
8083,0,-61292,1114,-56199,55736,25523,0
8084,0,42697,-59417,5126,55868,-47246,0
8085,0,29611,23691,-7012,35768,12598,0
8086,0,-48016,-5432,43648,28633,-38926,0
8087,0,-32144,7815,-62387,32954,-2892,0
8088,0,-11075,-59743,-37641,-55557,24603,0
8089,0,-42420,30490,-9832,-23951,46427,0
8090,0,10517,19289,-29706,20620,-7583,0
8091,0,12557,21251,8456,3159,24481,0
8092,0,24530,11760,-14296,26435,-6420,0
8093,0,-35023,-38684,60646,43050,29491,0
8094,0,-47711,55849,35900,-48084,-55528,0
8095,0,58415,26179,26682,-8271,63476,0
8096,0,-30693,-53320,-9213,-50538,-35085,0
8097,0,-22008,-53494,-60176,7691,57331,0
8098,0,-60715,18604,5192,-63427,3075,0
8099,0,30877,-53789,-53298,-55491,27702,0
8100,0,-3855,53794,2954,-11409,52712,0
8101,0,52094,-46534,61176,-41305,56330,0
8102,0,6539,26172,-57122,4258,-26638,0
8103,0,-1838,-54754,32520,54728,-2489,0
8104,0,-24039,-53621,-62705,16564,56380,0
8105,0,52845,-61507,-21642,-26097,-65536,0
8106,0,29186,-18240,58551,-21571,26818,0
8107,0,-4509,60804,60045,-11467,-59883,0
8108,0,-22158,-36636,14225,5888,-42409,0
8109,0,-49371,42255,-28680,31833,56654,0
8110,0,-570,49258,-44217,42321,-25211,0
8111,0,-64624,35910,-60826,65535,-20531,0
8112,0,10639,63332,-40616,54994,-33163,0
8113,0,33128,63227,18365,-27648,65535,0
8114,0,1569,32636,-20307,27867,17059,0
8115,0,36636,-52287,57573,-14521,62171,0
8116,0,-33694,51479,30517,-54808,-27954,0
8117,0,-25597,-2538,57275,24595,-7532,0
8118,0,25449,-32347,-43056,-40541,-7103,0
8119,0,19368,-29952,-22026,-16530,-31607,0
8120,0,-15628,-63939,5042,130,-65536,0
8121,0,34087,6511,-32834,6403,-34108,0
8122,0,-53350,1688,55134,46047,-26996,0
8123,0,60685,63090,-16187,65535,2527,0
8124,0,48811,-16058,-4083,44756,-25244,0
8125,0,-47086,-5627,-43599,18478,43673,0
8126,0,-53459,44063,-15408,-9862,65535,0
8127,0,-29244,-24450,8314,-17463,-33883,0
8128,0,-33421,-2698,55140,30646,-13605,0
8129,0,31568,-13977,35464,9792,33106,0
8130,0,30314,-24080,-23761,-9184,-37609,0
8131,0,34471,49808,-59274,-18202,-57774,0
8132,0,-44686,40089,32779,-40065,-44707,0
8133,0,-30996,27953,-56275,39997,-11930,0
8134,0,29831,48846,-4653,39897,41037,0
8135,0,-64856,-15888,48498,55981,-36398,0
8136,0,444,7839,-28627,7773,1110,0
8137,0,54167,62193,26494,-43355,65535,0
8138,0,-13861,-29914,27277,25277,-21167,0
8139,0,63107,24364,-13982,64589,-20108,0
8140,0,3598,39581,33429,-39675,2342,0
8141,0,-63264,-2871,-56559,56298,29001,0
8142,0,-40808,-50047,16360,6459,-64252,0
8143,0,-38521,1663,43198,17008,-34603,0
8144,0,-42678,11790,-38270,22509,38129,0
8145,0,63398,-59885,48585,-114,65535,0
8146,0,-20198,-16613,-13752,-26142,-760,0
8147,0,-28781,-2120,-19433,-18872,21833,0
8148,0,55610,-17760,42165,-8223,57795,0
8149,0,-54647,35549,30053,-42340,-49571,0
8150,0,367,52091,25833,-49119,17347,0
8151,0,-6614,2067,-39163,3967,5682,0
8152,0,44841,28119,64060,-46717,-24879,0
8153,0,34621,16807,27855,-8264,37587,0
8154,0,34252,37222,8830,15940,48006,0
8155,0,39629,-32844,3439,44482,-25895,0
8156,0,-19027,-61248,37425,63941,-4995,0
8157,0,-59145,-28077,-8244,-65396,-3143,0
8158,0,-15553,-29347,59346,23454,23517,0
8159,0,43828,32919,384,43215,33720,0
8160,0,57650,54779,-53746,-19347,-65536,0
8161,0,-37531,-52063,59302,51196,38706,0
8162,0,53243,-822,-64344,-53203,-2220,0
8163,0,-54159,3730,-35318,10306,53300,0
8164,0,39238,35870,50867,-53126,-1988,0
8165,0,-47939,21282,42377,2246,-52403,0
8166,0,6656,43268,-32324,43400,-5733,0
8167,0,-1933,-18591,11540,8123,-16834,0
8168,0,46036,-1379,-44667,-26019,-38003,0
8169,0,-32432,-48171,-48337,-13347,56517,0
8170,0,58774,-32990,-47758,-63525,-22524,0
8171,0,20709,45707,-36953,40664,-29402,0
8172,0,-2132,43627,37282,-42152,-11449,0
8173,0,36350,-18260,-12909,19017,-35960,0
8174,0,-26529,-10395,-43204,3604,28264,0
8175,0,-23693,-7328,-44276,6176,24019,0
8176,0,55394,15070,21847,14641,55509,0
8177,0,-63305,-31298,1201,-61399,-34889,0
8178,0,-61799,-19189,-35135,-12069,63574,0
8179,0,-13591,25575,-1049,-12288,26226,0
8180,0,6697,-33172,-25133,-28578,-18125,0
8181,0,-43205,-59362,-22058,-65536,8479,0
8182,0,27665,64075,-20569,65535,12303,0
8183,0,-46363,9248,-56735,46085,10548,0
8184,0,-6292,-24321,14310,10537,-22805,0
8185,0,-28609,14136,56337,19839,-24994,0
8186,0,-34010,-2384,-63002,33471,6488,0
8187,0,-33789,12823,-32291,12047,34073,0
8188,0,-57949,-10553,-2685,-58824,-3028,0
8189,0,-34804,2355,19506,-22561,-26606,0
8190,0,-46906,-5308,-14926,-38885,26764,0
8191,0,-52238,17256,40227,2118,-54974,0
8192,1,32768,19,0,32768,0,12
8193,1,32767,220,0,32768,0,140
8194,1,32765,421,0,32768,0,268
8195,1,32762,622,0,32768,0,396
8196,1,32758,823,0,32769,0,524
8197,1,32752,1024,0,32768,0,652
8198,1,32745,1225,0,32768,0,780
8199,1,32737,1426,0,32768,0,908
8200,1,32728,1626,0,32769,0,1036
8201,1,32717,1827,0,32768,0,1164
8202,1,32705,2028,0,32768,0,1292
8203,1,32692,2229,0,32768,0,1420
8204,1,32678,2429,0,32768,0,1548
8205,1,32662,2630,0,32768,0,1676
8206,1,32646,2830,0,32769,0,1804
8207,1,32628,3030,0,32769,0,1932
8208,1,32608,3230,0,32768,0,2060
8209,1,32588,3430,0,32768,0,2188
8210,1,32566,3630,0,32768,0,2316
8211,1,32543,3830,0,32768,0,2444
8212,1,32519,4030,0,32768,0,2572
8213,1,32494,4229,0,32768,0,2700
8214,1,32467,4428,0,32768,0,2828
8215,1,32440,4628,0,32769,0,2956
8216,1,32411,4826,0,32769,0,3083
8217,1,32380,5025,0,32768,0,3212
8218,1,32349,5224,0,32768,0,3340
8219,1,32316,5422,0,32768,0,3468
8220,1,32282,5620,0,32768,0,3596
8221,1,32247,5818,0,32768,0,3724
8222,1,32211,6016,0,32768,0,3852
8223,1,32173,6214,0,32768,0,3980
8224,1,32135,6411,0,32768,0,4108
8225,1,32095,6608,0,32768,0,4236
8226,1,32054,6805,0,32769,0,4364
8227,1,32011,7001,0,32768,0,4492
8228,1,31968,7198,0,32769,0,4620
8229,1,31923,7394,0,32768,0,4748
8230,1,31877,7589,0,32768,0,4876
8231,1,31830,7785,0,32768,0,5004
8232,1,31781,7980,0,32768,0,5132
8233,1,31732,8175,0,32768,0,5260
8234,1,31681,8369,0,32768,0,5388
8235,1,31629,8564,0,32768,0,5516
8236,1,31576,8758,0,32768,0,5644
8237,1,31522,8951,0,32768,0,5772
8238,1,31466,9144,0,32768,0,5900
8239,1,31410,9337,0,32769,0,6028
8240,1,31352,9530,0,32769,0,6156
8241,1,31293,9722,0,32769,0,6284
8242,1,31232,9914,0,32768,0,6412
8243,1,31171,10105,0,32768,0,6540
8244,1,31108,10296,0,32768,0,6668
8245,1,31045,10487,0,32769,0,6796
8246,1,30980,10677,0,32769,0,6924
8247,1,30914,10867,0,32769,0,7052
8248,1,30846,11057,0,32768,0,7180
8249,1,30778,11246,0,32769,0,7308
8250,1,30708,11434,0,32768,0,7436
8251,1,30638,11623,0,32769,0,7564
8252,1,30566,11810,0,32768,0,7691
8253,1,30493,11998,0,32769,0,7820
8254,1,30418,12185,0,32768,0,7948
8255,1,30343,12371,0,32768,0,8076
8256,1,30267,12557,0,32769,0,8204
8257,1,30189,12742,0,32768,0,8332
8258,1,30110,12927,0,32768,0,8460
8259,1,30030,13112,0,32768,0,8588
8260,1,29949,13296,0,32768,0,8716
8261,1,29867,13479,0,32768,0,8844
8262,1,29784,13662,0,32768,0,8972
8263,1,29699,13845,0,32768,0,9100
8264,1,29614,14027,0,32768,0,9228
8265,1,29527,14208,0,32768,0,9356
8266,1,29440,14389,0,32769,0,9484
8267,1,29351,14570,0,32769,0,9612
8268,1,29261,14749,0,32768,0,9740
8269,1,29170,14929,0,32768,0,9868
8270,1,29078,15107,0,32768,0,9995
8271,1,28984,15286,0,32768,0,10124
8272,1,28890,15463,0,32768,0,10252
8273,1,28795,15640,0,32769,0,10380
8274,1,28698,15816,0,32768,0,10508
8275,1,28601,15992,0,32769,0,10636
8276,1,28502,16167,0,32768,0,10764
8277,1,28402,16342,0,32768,0,10892
8278,1,28301,16516,0,32768,0,11020
8279,1,28199,16689,0,32768,0,11148
8280,1,28096,16862,0,32768,0,11276
8281,1,27992,17034,0,32768,0,11404
8282,1,27887,17206,0,32768,0,11532
8283,1,27781,17376,0,32768,0,11660
8284,1,27674,17547,0,32768,0,11788
8285,1,27566,17716,0,32768,0,11916
8286,1,27457,17885,0,32769,0,12044
8287,1,27347,18053,0,32769,0,12172
8288,1,27235,18220,0,32768,0,12300
8289,1,27123,18387,0,32768,0,12428
8290,1,27010,18553,0,32768,0,12556
8291,1,26895,18719,0,32768,0,12684
8292,1,26780,18883,0,32768,0,12812
8293,1,26664,19047,0,32768,0,12940
8294,1,26546,19210,0,32768,0,13068
8295,1,26428,19373,0,32769,0,13196
8296,1,26308,19535,0,32768,0,13324
8297,1,26188,19696,0,32768,0,13452
8298,1,26067,19856,0,32768,0,13580
8299,1,25944,20016,0,32768,0,13708
8300,1,25821,20175,0,32768,0,13836
8301,1,25697,20333,0,32769,0,13964
8302,1,25572,20490,0,32768,0,14092
8303,1,25445,20646,0,32768,0,14220
8304,1,25318,20802,0,32768,0,14348
8305,1,25190,20957,0,32768,0,14476
8306,1,25061,21111,0,32768,0,14604
8307,1,24931,21265,0,32768,0,14732
8308,1,24800,21417,0,32768,0,14860
8309,1,24668,21569,0,32768,0,14988
8310,1,24535,21720,0,32768,0,15116
8311,1,24402,21870,0,32768,0,15244
8312,1,24267,22019,0,32768,0,15372
8313,1,24131,22168,0,32768,0,15500
8314,1,23995,22316,0,32768,0,15628
8315,1,23858,22462,0,32768,0,15755
8316,1,23719,22608,0,32768,0,15884
8317,1,23580,22753,0,32768,0,16012
8318,1,23440,22898,0,32768,0,16140
8319,1,23299,23041,0,32768,0,16268
8320,1,23157,23184,0,32768,0,16396
8321,1,23015,23325,0,32768,0,16524
8322,1,22871,23466,0,32768,0,16652
8323,1,22727,23606,0,32769,0,16780
8324,1,22581,23745,0,32768,0,16908
8325,1,22435,23883,0,32768,0,17036
8326,1,22288,24020,0,32768,0,17164
8327,1,22140,24157,0,32768,0,17292
8328,1,21992,24292,0,32768,0,17420
8329,1,21842,24426,0,32768,0,17548
8330,1,21692,24560,0,32768,0,17676
8331,1,21541,24693,0,32769,0,17804
8332,1,21389,24824,0,32768,0,17932
8333,1,21236,24955,0,32768,0,18060
8334,1,21083,25085,0,32768,0,18188
8335,1,20929,25214,0,32769,0,18316
8336,1,20773,25342,0,32768,0,18444
8337,1,20618,25469,0,32769,0,18572
8338,1,20461,25595,0,32768,0,18700
8339,1,20303,25720,0,32768,0,18828
8340,1,20145,25844,0,32768,0,18956
8341,1,19986,25967,0,32768,0,19084
8342,1,19827,26089,0,32768,0,19212
8343,1,19666,26210,0,32768,0,19340
8344,1,19505,26331,0,32769,0,19468
8345,1,19343,26450,0,32768,0,19596
8346,1,19180,26568,0,32768,0,19724
8347,1,19017,26685,0,32768,0,19852
8348,1,18853,26801,0,32768,0,19980
8349,1,18688,26916,0,32768,0,20108
8350,1,18523,27031,0,32769,0,20236
8351,1,18356,27144,0,32768,0,20364
8352,1,18189,27256,0,32768,0,20492
8353,1,18022,27367,0,32768,0,20620
8354,1,17854,27477,0,32768,0,20748
8355,1,17685,27586,0,32768,0,20876
8356,1,17515,27694,0,32768,0,21004
8357,1,17345,27801,0,32768,0,21132
8358,1,17174,27907,0,32768,0,21260
8359,1,17002,28012,0,32768,0,21388
8360,1,16830,28116,0,32769,0,21516
8361,1,16657,28218,0,32768,0,21644
8362,1,16484,28320,0,32768,0,21772
8363,1,16310,28421,0,32769,0,21900
8364,1,16135,28520,0,32768,0,22028
8365,1,15960,28619,0,32768,0,22156
8366,1,15784,28716,0,32768,0,22284
8367,1,15607,28812,0,32768,0,22412
8368,1,15430,28908,0,32768,0,22540
8369,1,15253,29002,0,32769,0,22668
8370,1,15074,29095,0,32768,0,22796
8371,1,14896,29187,0,32769,0,22924
8372,1,14716,29278,0,32768,0,23052
8373,1,14536,29367,0,32768,0,23180
8374,1,14356,29456,0,32768,0,23308
8375,1,14175,29543,0,32768,0,23436
8376,1,13993,29630,0,32768,0,23564
8377,1,13811,29715,0,32768,0,23692
8378,1,13629,29799,0,32768,0,23820
8379,1,13446,29882,0,32768,0,23947
8380,1,13262,29964,0,32768,0,24076
8381,1,13078,30045,0,32768,0,24204
8382,1,12893,30125,0,32768,0,24332
8383,1,12708,30203,0,32768,0,24460
8384,1,12523,30281,0,32769,0,24588
8385,1,12337,30357,0,32768,0,24716
8386,1,12150,30432,0,32768,0,24844
8387,1,11963,30506,0,32768,0,24972
8388,1,11776,30579,0,32768,0,25100
8389,1,11588,30651,0,32769,0,25228
8390,1,11400,30721,0,32768,0,25355
8391,1,11211,30791,0,32769,0,25484
8392,1,11022,30859,0,32768,0,25612
8393,1,10832,30926,0,32768,0,25740
8394,1,10642,30992,0,32768,0,25868
8395,1,10452,31056,0,32768,0,25996
8396,1,10261,31120,0,32768,0,26124
8397,1,10070,31182,0,32768,0,26252
8398,1,9878,31244,0,32769,0,26380
8399,1,9687,31304,0,32769,0,26508
8400,1,9494,31362,0,32768,0,26636
8401,1,9302,31420,0,32768,0,26764
8402,1,9109,31477,0,32769,0,26892
8403,1,8915,31532,0,32768,0,27020
8404,1,8722,31586,0,32768,0,27148
8405,1,8528,31639,0,32768,0,27276
8406,1,8333,31691,0,32769,0,27404
8407,1,8139,31741,0,32768,0,27532
8408,1,7944,31790,0,32768,0,27660
8409,1,7749,31839,0,32769,0,27788
8410,1,7553,31886,0,32768,0,27916
8411,1,7357,31931,0,32768,0,28044
8412,1,7161,31976,0,32768,0,28172
8413,1,6965,32019,0,32768,0,28300
8414,1,6768,32061,0,32768,0,28428
8415,1,6572,32102,0,32768,0,28556
8416,1,6374,32142,0,32768,0,28684
8417,1,6177,32181,0,32769,0,28812
8418,1,5980,32218,0,32769,0,28940
8419,1,5782,32254,0,32768,0,29068
8420,1,5584,32289,0,32768,0,29196
8421,1,5386,32322,0,32768,0,29324
8422,1,5187,32355,0,32768,0,29452
8423,1,4988,32386,0,32768,0,29580
8424,1,4790,32416,0,32768,0,29708
8425,1,4591,32445,0,32768,0,29836
8426,1,4392,32472,0,32768,0,29963
8427,1,4192,32499,0,32768,0,30092
8428,1,3993,32524,0,32768,0,30220
8429,1,3793,32548,0,32768,0,30348
8430,1,3593,32570,0,32768,0,30476
8431,1,3393,32592,0,32768,0,30604
8432,1,3193,32612,0,32768,0,30732
8433,1,2993,32631,0,32768,0,30860
8434,1,2793,32649,0,32768,0,30988
8435,1,2592,32665,0,32768,0,31116
8436,1,2392,32681,0,32769,0,31244
8437,1,2191,32695,0,32769,0,31372
8438,1,1991,32707,0,32768,0,31500
8439,1,1790,32719,0,32768,0,31628
8440,1,1589,32729,0,32768,0,31756
8441,1,1388,32739,0,32769,0,31884
8442,1,1188,32746,0,32768,0,32012
8443,1,987,32753,0,32768,0,32139
8444,1,786,32759,0,32769,0,32268
8445,1,585,32763,0,32768,0,32396
8446,1,384,32766,0,32768,0,32524
8447,1,182,32767,0,32768,0,32652
8448,1,-19,32768,0,32768,0,32780
8449,1,-220,32767,0,32768,0,32908
8450,1,-421,32765,0,32768,0,33036
8451,1,-622,32762,0,32768,0,33164
8452,1,-823,32758,0,32769,0,33292
8453,1,-1024,32752,0,32768,0,33420
8454,1,-1225,32745,0,32768,0,33548
8455,1,-1426,32737,0,32768,0,33676
8456,1,-1626,32728,0,32769,0,33804
8457,1,-1827,32717,0,32768,0,33932
8458,1,-2028,32705,0,32768,0,34060
8459,1,-2229,32692,0,32768,0,34188
8460,1,-2429,32678,0,32768,0,34316
8461,1,-2630,32662,0,32768,0,34444
8462,1,-2830,32646,0,32769,0,34572
8463,1,-3030,32628,0,32769,0,34700
8464,1,-3230,32608,0,32768,0,34828
8465,1,-3430,32588,0,32768,0,34956
8466,1,-3630,32566,0,32768,0,35084
8467,1,-3830,32543,0,32768,0,35212
8468,1,-4030,32519,0,32768,0,35340
8469,1,-4229,32494,0,32768,0,35468
8470,1,-4428,32467,0,32768,0,35596
8471,1,-4628,32440,0,32769,0,35724
8472,1,-4826,32411,0,32769,0,35851
8473,1,-5025,32380,0,32768,0,35980
8474,1,-5224,32349,0,32768,0,36108
8475,1,-5422,32316,0,32768,0,36236
8476,1,-5620,32282,0,32768,0,36364
8477,1,-5818,32247,0,32768,0,36492
8478,1,-6016,32211,0,32768,0,36620
8479,1,-6214,32173,0,32768,0,36748
8480,1,-6411,32135,0,32768,0,36876
8481,1,-6608,32095,0,32768,0,37004
8482,1,-6805,32054,0,32769,0,37132
8483,1,-7001,32011,0,32768,0,37260
8484,1,-7198,31968,0,32769,0,37388
8485,1,-7394,31923,0,32768,0,37516
8486,1,-7589,31877,0,32768,0,37644
8487,1,-7785,31830,0,32768,0,37772
8488,1,-7980,31781,0,32768,0,37900
8489,1,-8175,31732,0,32768,0,38028
8490,1,-8369,31681,0,32768,0,38156
8491,1,-8564,31629,0,32768,0,38284
8492,1,-8758,31576,0,32768,0,38412
8493,1,-8951,31522,0,32768,0,38540
8494,1,-9144,31466,0,32768,0,38668
8495,1,-9337,31410,0,32769,0,38796
8496,1,-9530,31352,0,32769,0,38924
8497,1,-9722,31293,0,32769,0,39052
8498,1,-9914,31232,0,32768,0,39180
8499,1,-10105,31171,0,32768,0,39308
8500,1,-10296,31108,0,32768,0,39436
8501,1,-10487,31045,0,32769,0,39564
8502,1,-10677,30980,0,32769,0,39692
8503,1,-10867,30914,0,32769,0,39820
8504,1,-11057,30846,0,32768,0,39948
8505,1,-11246,30778,0,32769,0,40076
8506,1,-11434,30708,0,32768,0,40204
8507,1,-11623,30638,0,32769,0,40332
8508,1,-11810,30566,0,32768,0,40459
8509,1,-11998,30493,0,32769,0,40588
8510,1,-12185,30418,0,32768,0,40716
8511,1,-12371,30343,0,32768,0,40844
8512,1,-12557,30267,0,32769,0,40972
8513,1,-12742,30189,0,32768,0,41100
8514,1,-12927,30110,0,32768,0,41228
8515,1,-13112,30030,0,32768,0,41356
8516,1,-13296,29949,0,32768,0,41484
8517,1,-13479,29867,0,32768,0,41612
8518,1,-13662,29784,0,32768,0,41740
8519,1,-13845,29699,0,32768,0,41868
8520,1,-14027,29614,0,32768,0,41996
8521,1,-14208,29527,0,32768,0,42124
8522,1,-14389,29440,0,32769,0,42252
8523,1,-14570,29351,0,32769,0,42380
8524,1,-14749,29261,0,32768,0,42508
8525,1,-14929,29170,0,32768,0,42636
8526,1,-15107,29078,0,32768,0,42763
8527,1,-15286,28984,0,32768,0,42892
8528,1,-15463,28890,0,32768,0,43020
8529,1,-15640,28795,0,32769,0,43148
8530,1,-15816,28698,0,32768,0,43276
8531,1,-15992,28601,0,32769,0,43404
8532,1,-16167,28502,0,32768,0,43532
8533,1,-16342,28402,0,32768,0,43660
8534,1,-16516,28301,0,32768,0,43788
8535,1,-16689,28199,0,32768,0,43916
8536,1,-16862,28096,0,32768,0,44044
8537,1,-17034,27992,0,32768,0,44172
8538,1,-17206,27887,0,32768,0,44300
8539,1,-17376,27781,0,32768,0,44428
8540,1,-17547,27674,0,32768,0,44556
8541,1,-17716,27566,0,32768,0,44684
8542,1,-17885,27457,0,32769,0,44812
8543,1,-18053,27347,0,32769,0,44940
8544,1,-18220,27235,0,32768,0,45068
8545,1,-18387,27123,0,32768,0,45196
8546,1,-18553,27010,0,32768,0,45324
8547,1,-18719,26895,0,32768,0,45452
8548,1,-18883,26780,0,32768,0,45580
8549,1,-19047,26664,0,32768,0,45708
8550,1,-19210,26546,0,32768,0,45836
8551,1,-19373,26428,0,32769,0,45964
8552,1,-19535,26308,0,32768,0,46092
8553,1,-19696,26188,0,32768,0,46220
8554,1,-19856,26067,0,32768,0,46348
8555,1,-20016,25944,0,32768,0,46476
8556,1,-20175,25821,0,32768,0,46604
8557,1,-20333,25697,0,32769,0,46732
8558,1,-20490,25572,0,32768,0,46860
8559,1,-20646,25445,0,32768,0,46988
8560,1,-20802,25318,0,32768,0,47116
8561,1,-20957,25190,0,32768,0,47244
8562,1,-21111,25061,0,32768,0,47372
8563,1,-21265,24931,0,32768,0,47500
8564,1,-21417,24800,0,32768,0,47628
8565,1,-21569,24668,0,32768,0,47756
8566,1,-21720,24535,0,32768,0,47884
8567,1,-21870,24402,0,32768,0,48012
8568,1,-22019,24267,0,32768,0,48140
8569,1,-22168,24131,0,32768,0,48268
8570,1,-22316,23995,0,32768,0,48396
8571,1,-22462,23858,0,32768,0,48523
8572,1,-22608,23719,0,32768,0,48652
8573,1,-22753,23580,0,32768,0,48780
8574,1,-22898,23440,0,32768,0,48908
8575,1,-23041,23299,0,32768,0,49036
8576,1,-23184,23157,0,32768,0,49164
8577,1,-23325,23015,0,32768,0,49292
8578,1,-23466,22871,0,32768,0,49420
8579,1,-23606,22727,0,32769,0,49548
8580,1,-23745,22581,0,32768,0,49676
8581,1,-23883,22435,0,32768,0,49804
8582,1,-24020,22288,0,32768,0,49932
8583,1,-24157,22140,0,32768,0,50060
8584,1,-24292,21992,0,32768,0,50188
8585,1,-24426,21842,0,32768,0,50316
8586,1,-24560,21692,0,32768,0,50444
8587,1,-24693,21541,0,32769,0,50572
8588,1,-24824,21389,0,32768,0,50700
8589,1,-24955,21236,0,32768,0,50828
8590,1,-25085,21083,0,32768,0,50956
8591,1,-25214,20929,0,32769,0,51084
8592,1,-25342,20773,0,32768,0,51212
8593,1,-25469,20618,0,32769,0,51340
8594,1,-25595,20461,0,32768,0,51468
8595,1,-25720,20303,0,32768,0,51596
8596,1,-25844,20145,0,32768,0,51724
8597,1,-25967,19986,0,32768,0,51852
8598,1,-26089,19827,0,32768,0,51980
8599,1,-26210,19666,0,32768,0,52108
8600,1,-26331,19505,0,32769,0,52236
8601,1,-26450,19343,0,32768,0,52364
8602,1,-26568,19180,0,32768,0,52492
8603,1,-26685,19017,0,32768,0,52620
8604,1,-26801,18853,0,32768,0,52748
8605,1,-26916,18688,0,32768,0,52876
8606,1,-27031,18523,0,32769,0,53004
8607,1,-27144,18356,0,32768,0,53132
8608,1,-27256,18189,0,32768,0,53260
8609,1,-27367,18022,0,32768,0,53388
8610,1,-27477,17854,0,32768,0,53516
8611,1,-27586,17685,0,32768,0,53644
8612,1,-27694,17515,0,32768,0,53772
8613,1,-27801,17345,0,32768,0,53900
8614,1,-27907,17174,0,32768,0,54028
8615,1,-28012,17002,0,32768,0,54156
8616,1,-28116,16830,0,32769,0,54284
8617,1,-28218,16657,0,32768,0,54412
8618,1,-28320,16484,0,32768,0,54540
8619,1,-28421,16310,0,32769,0,54668
8620,1,-28520,16135,0,32768,0,54796
8621,1,-28619,15960,0,32768,0,54924
8622,1,-28716,15784,0,32768,0,55052
8623,1,-28812,15607,0,32768,0,55180
8624,1,-28908,15430,0,32768,0,55308
8625,1,-29002,15253,0,32769,0,55436
8626,1,-29095,15074,0,32768,0,55564
8627,1,-29187,14896,0,32769,0,55692
8628,1,-29278,14716,0,32768,0,55820
8629,1,-29367,14536,0,32768,0,55948
8630,1,-29456,14356,0,32768,0,56076
8631,1,-29543,14175,0,32768,0,56204
8632,1,-29630,13993,0,32768,0,56332
8633,1,-29715,13811,0,32768,0,56460
8634,1,-29799,13629,0,32768,0,56588
8635,1,-29882,13446,0,32768,0,56715
8636,1,-29964,13262,0,32768,0,56844
8637,1,-30045,13078,0,32768,0,56972
8638,1,-30125,12893,0,32768,0,57100
8639,1,-30203,12708,0,32768,0,57228
8640,1,-30281,12523,0,32769,0,57356
8641,1,-30357,12337,0,32768,0,57484
8642,1,-30432,12150,0,32768,0,57612
8643,1,-30506,11963,0,32768,0,57740
8644,1,-30579,11776,0,32768,0,57868
8645,1,-30651,11588,0,32769,0,57996
8646,1,-30721,11400,0,32768,0,58123
8647,1,-30791,11211,0,32769,0,58252
8648,1,-30859,11022,0,32768,0,58380
8649,1,-30926,10832,0,32768,0,58508
8650,1,-30992,10642,0,32768,0,58636
8651,1,-31056,10452,0,32768,0,58764
8652,1,-31120,10261,0,32768,0,58892
8653,1,-31182,10070,0,32768,0,59020
8654,1,-31244,9878,0,32769,0,59148
8655,1,-31304,9687,0,32769,0,59276
8656,1,-31362,9494,0,32768,0,59404
8657,1,-31420,9302,0,32768,0,59532
8658,1,-31477,9109,0,32769,0,59660
8659,1,-31532,8915,0,32768,0,59788
8660,1,-31586,8722,0,32768,0,59916
8661,1,-31639,8528,0,32768,0,60044
8662,1,-31691,8333,0,32769,0,60172
8663,1,-31741,8139,0,32768,0,60300
8664,1,-31790,7944,0,32768,0,60428
8665,1,-31839,7749,0,32769,0,60556
8666,1,-31886,7553,0,32768,0,60684
8667,1,-31931,7357,0,32768,0,60812
8668,1,-31976,7161,0,32768,0,60940
8669,1,-32019,6965,0,32768,0,61068
8670,1,-32061,6768,0,32768,0,61196
8671,1,-32102,6572,0,32768,0,61324
8672,1,-32142,6374,0,32768,0,61452
8673,1,-32181,6177,0,32769,0,61580
8674,1,-32218,5980,0,32769,0,61708
8675,1,-32254,5782,0,32768,0,61836
8676,1,-32289,5584,0,32768,0,61964
8677,1,-32322,5386,0,32768,0,62092
8678,1,-32355,5187,0,32768,0,62220
8679,1,-32386,4988,0,32768,0,62348
8680,1,-32416,4790,0,32768,0,62476
8681,1,-32445,4591,0,32768,0,62604
8682,1,-32472,4392,0,32768,0,62731
8683,1,-32499,4192,0,32768,0,62860
8684,1,-32524,3993,0,32768,0,62988
8685,1,-32548,3793,0,32768,0,63116
8686,1,-32570,3593,0,32768,0,63244
8687,1,-32592,3393,0,32768,0,63372
8688,1,-32612,3193,0,32768,0,63500
8689,1,-32631,2993,0,32768,0,63628
8690,1,-32649,2793,0,32768,0,63756
8691,1,-32665,2592,0,32768,0,63884
8692,1,-32681,2392,0,32769,0,64012
8693,1,-32695,2191,0,32769,0,64140
8694,1,-32707,1991,0,32768,0,64268
8695,1,-32719,1790,0,32768,0,64396
8696,1,-32729,1589,0,32768,0,64524
8697,1,-32739,1388,0,32769,0,64652
8698,1,-32746,1188,0,32768,0,64780
8699,1,-32753,987,0,32768,0,64907
8700,1,-32759,786,0,32769,0,65036
8701,1,-32763,585,0,32768,0,65164
8702,1,-32766,384,0,32768,0,65292
8703,1,-32767,182,0,32768,0,65420
8704,1,-32768,-19,0,32768,0,-65524
8705,1,-32767,-220,0,32768,0,-65396
8706,1,-32765,-421,0,32768,0,-65268
8707,1,-32762,-622,0,32768,0,-65140
8708,1,-32758,-823,0,32769,0,-65012
8709,1,-32752,-1024,0,32768,0,-64884
8710,1,-32745,-1225,0,32768,0,-64756
8711,1,-32737,-1426,0,32768,0,-64628
8712,1,-32728,-1626,0,32769,0,-64500
8713,1,-32717,-1827,0,32768,0,-64372
8714,1,-32705,-2028,0,32768,0,-64244
8715,1,-32692,-2229,0,32768,0,-64116
8716,1,-32678,-2429,0,32768,0,-63988
8717,1,-32662,-2630,0,32768,0,-63860
8718,1,-32646,-2830,0,32769,0,-63732
8719,1,-32628,-3030,0,32769,0,-63604
8720,1,-32608,-3230,0,32768,0,-63476
8721,1,-32588,-3430,0,32768,0,-63348
8722,1,-32566,-3630,0,32768,0,-63220
8723,1,-32543,-3830,0,32768,0,-63092
8724,1,-32519,-4030,0,32768,0,-62964
8725,1,-32494,-4229,0,32768,0,-62836
8726,1,-32467,-4428,0,32768,0,-62708
8727,1,-32440,-4628,0,32769,0,-62580
8728,1,-32411,-4826,0,32769,0,-62453
8729,1,-32380,-5025,0,32768,0,-62324
8730,1,-32349,-5224,0,32768,0,-62196
8731,1,-32316,-5422,0,32768,0,-62068
8732,1,-32282,-5620,0,32768,0,-61940
8733,1,-32247,-5818,0,32768,0,-61812
8734,1,-32211,-6016,0,32768,0,-61684
8735,1,-32173,-6214,0,32768,0,-61556
8736,1,-32135,-6411,0,32768,0,-61428
8737,1,-32095,-6608,0,32768,0,-61300
8738,1,-32054,-6805,0,32769,0,-61172
8739,1,-32011,-7001,0,32768,0,-61044
8740,1,-31968,-7198,0,32769,0,-60916
8741,1,-31923,-7394,0,32768,0,-60788
8742,1,-31877,-7589,0,32768,0,-60660
8743,1,-31830,-7785,0,32768,0,-60532
8744,1,-31781,-7980,0,32768,0,-60404
8745,1,-31732,-8175,0,32768,0,-60276
8746,1,-31681,-8369,0,32768,0,-60148
8747,1,-31629,-8564,0,32768,0,-60020
8748,1,-31576,-8758,0,32768,0,-59892
8749,1,-31522,-8951,0,32768,0,-59764
8750,1,-31466,-9144,0,32768,0,-59636
8751,1,-31410,-9337,0,32769,0,-59508
8752,1,-31352,-9530,0,32769,0,-59380
8753,1,-31293,-9722,0,32769,0,-59252
8754,1,-31232,-9914,0,32768,0,-59124
8755,1,-31171,-10105,0,32768,0,-58996
8756,1,-31108,-10296,0,32768,0,-58868
8757,1,-31045,-10487,0,32769,0,-58740
8758,1,-30980,-10677,0,32769,0,-58612
8759,1,-30914,-10867,0,32769,0,-58484
8760,1,-30846,-11057,0,32768,0,-58356
8761,1,-30778,-11246,0,32769,0,-58228
8762,1,-30708,-11434,0,32768,0,-58100
8763,1,-30638,-11623,0,32769,0,-57972
8764,1,-30566,-11810,0,32768,0,-57845
8765,1,-30493,-11998,0,32769,0,-57716
8766,1,-30418,-12185,0,32768,0,-57588
8767,1,-30343,-12371,0,32768,0,-57460
8768,1,-30267,-12557,0,32769,0,-57332
8769,1,-30189,-12742,0,32768,0,-57204
8770,1,-30110,-12927,0,32768,0,-57076
8771,1,-30030,-13112,0,32768,0,-56948
8772,1,-29949,-13296,0,32768,0,-56820
8773,1,-29867,-13479,0,32768,0,-56692
8774,1,-29784,-13662,0,32768,0,-56564
8775,1,-29699,-13845,0,32768,0,-56436
8776,1,-29614,-14027,0,32768,0,-56308
8777,1,-29527,-14208,0,32768,0,-56180
8778,1,-29440,-14389,0,32769,0,-56052
8779,1,-29351,-14570,0,32769,0,-55924
8780,1,-29261,-14749,0,32768,0,-55796
8781,1,-29170,-14929,0,32768,0,-55668
8782,1,-29078,-15107,0,32768,0,-55541
8783,1,-28984,-15286,0,32768,0,-55412
8784,1,-28890,-15463,0,32768,0,-55284
8785,1,-28795,-15640,0,32769,0,-55156
8786,1,-28698,-15816,0,32768,0,-55028
8787,1,-28601,-15992,0,32769,0,-54900
8788,1,-28502,-16167,0,32768,0,-54772
8789,1,-28402,-16342,0,32768,0,-54644
8790,1,-28301,-16516,0,32768,0,-54516
8791,1,-28199,-16689,0,32768,0,-54388
8792,1,-28096,-16862,0,32768,0,-54260
8793,1,-27992,-17034,0,32768,0,-54132
8794,1,-27887,-17206,0,32768,0,-54004
8795,1,-27781,-17376,0,32768,0,-53876
8796,1,-27674,-17547,0,32768,0,-53748
8797,1,-27566,-17716,0,32768,0,-53620
8798,1,-27457,-17885,0,32769,0,-53492
8799,1,-27347,-18053,0,32769,0,-53364
8800,1,-27235,-18220,0,32768,0,-53236
8801,1,-27123,-18387,0,32768,0,-53108
8802,1,-27010,-18553,0,32768,0,-52980
8803,1,-26895,-18719,0,32768,0,-52852
8804,1,-26780,-18883,0,32768,0,-52724
8805,1,-26664,-19047,0,32768,0,-52596
8806,1,-26546,-19210,0,32768,0,-52468
8807,1,-26428,-19373,0,32769,0,-52340
8808,1,-26308,-19535,0,32768,0,-52212
8809,1,-26188,-19696,0,32768,0,-52084
8810,1,-26067,-19856,0,32768,0,-51956
8811,1,-25944,-20016,0,32768,0,-51828
8812,1,-25821,-20175,0,32768,0,-51700
8813,1,-25697,-20333,0,32769,0,-51572
8814,1,-25572,-20490,0,32768,0,-51444
8815,1,-25445,-20646,0,32768,0,-51316
8816,1,-25318,-20802,0,32768,0,-51188
8817,1,-25190,-20957,0,32768,0,-51060
8818,1,-25061,-21111,0,32768,0,-50932
8819,1,-24931,-21265,0,32768,0,-50804
8820,1,-24800,-21417,0,32768,0,-50676
8821,1,-24668,-21569,0,32768,0,-50548
8822,1,-24535,-21720,0,32768,0,-50420
8823,1,-24402,-21870,0,32768,0,-50292
8824,1,-24267,-22019,0,32768,0,-50164
8825,1,-24131,-22168,0,32768,0,-50036
8826,1,-23995,-22316,0,32768,0,-49908
8827,1,-23858,-22462,0,32768,0,-49781
8828,1,-23719,-22608,0,32768,0,-49652
8829,1,-23580,-22753,0,32768,0,-49524
8830,1,-23440,-22898,0,32768,0,-49396
8831,1,-23299,-23041,0,32768,0,-49268
8832,1,-23157,-23184,0,32768,0,-49140
8833,1,-23015,-23325,0,32768,0,-49012
8834,1,-22871,-23466,0,32768,0,-48884
8835,1,-22727,-23606,0,32769,0,-48756
8836,1,-22581,-23745,0,32768,0,-48628
8837,1,-22435,-23883,0,32768,0,-48500
8838,1,-22288,-24020,0,32768,0,-48372
8839,1,-22140,-24157,0,32768,0,-48244
8840,1,-21992,-24292,0,32768,0,-48116
8841,1,-21842,-24426,0,32768,0,-47988
8842,1,-21692,-24560,0,32768,0,-47860
8843,1,-21541,-24693,0,32769,0,-47732
8844,1,-21389,-24824,0,32768,0,-47604
8845,1,-21236,-24955,0,32768,0,-47476
8846,1,-21083,-25085,0,32768,0,-47348
8847,1,-20929,-25214,0,32769,0,-47220
8848,1,-20773,-25342,0,32768,0,-47092
8849,1,-20618,-25469,0,32769,0,-46964
8850,1,-20461,-25595,0,32768,0,-46836
8851,1,-20303,-25720,0,32768,0,-46708
8852,1,-20145,-25844,0,32768,0,-46580
8853,1,-19986,-25967,0,32768,0,-46452
8854,1,-19827,-26089,0,32768,0,-46324
8855,1,-19666,-26210,0,32768,0,-46196
8856,1,-19505,-26331,0,32769,0,-46068
8857,1,-19343,-26450,0,32768,0,-45940
8858,1,-19180,-26568,0,32768,0,-45812
8859,1,-19017,-26685,0,32768,0,-45684
8860,1,-18853,-26801,0,32768,0,-45556
8861,1,-18688,-26916,0,32768,0,-45428
8862,1,-18523,-27031,0,32769,0,-45300
8863,1,-18356,-27144,0,32768,0,-45172
8864,1,-18189,-27256,0,32768,0,-45044
8865,1,-18022,-27367,0,32768,0,-44916
8866,1,-17854,-27477,0,32768,0,-44788
8867,1,-17685,-27586,0,32768,0,-44660
8868,1,-17515,-27694,0,32768,0,-44532
8869,1,-17345,-27801,0,32768,0,-44404
8870,1,-17174,-27907,0,32768,0,-44276
8871,1,-17002,-28012,0,32768,0,-44148
8872,1,-16830,-28116,0,32769,0,-44020
8873,1,-16657,-28218,0,32768,0,-43892
8874,1,-16484,-28320,0,32768,0,-43764
8875,1,-16310,-28421,0,32769,0,-43636
8876,1,-16135,-28520,0,32768,0,-43508
8877,1,-15960,-28619,0,32768,0,-43380
8878,1,-15784,-28716,0,32768,0,-43252
8879,1,-15607,-28812,0,32768,0,-43124
8880,1,-15430,-28908,0,32768,0,-42996
8881,1,-15253,-29002,0,32769,0,-42868
8882,1,-15074,-29095,0,32768,0,-42740
8883,1,-14896,-29187,0,32769,0,-42612
8884,1,-14716,-29278,0,32768,0,-42484
8885,1,-14536,-29367,0,32768,0,-42356
8886,1,-14356,-29456,0,32768,0,-42228
8887,1,-14175,-29543,0,32768,0,-42100
8888,1,-13993,-29630,0,32768,0,-41972
8889,1,-13811,-29715,0,32768,0,-41844
8890,1,-13629,-29799,0,32768,0,-41716
8891,1,-13446,-29882,0,32768,0,-41589
8892,1,-13262,-29964,0,32768,0,-41460
8893,1,-13078,-30045,0,32768,0,-41332
8894,1,-12893,-30125,0,32768,0,-41204
8895,1,-12708,-30203,0,32768,0,-41076
8896,1,-12523,-30281,0,32769,0,-40948
8897,1,-12337,-30357,0,32768,0,-40820
8898,1,-12150,-30432,0,32768,0,-40692
8899,1,-11963,-30506,0,32768,0,-40564
8900,1,-11776,-30579,0,32768,0,-40436
8901,1,-11588,-30651,0,32769,0,-40308
8902,1,-11400,-30721,0,32768,0,-40181
8903,1,-11211,-30791,0,32769,0,-40052
8904,1,-11022,-30859,0,32768,0,-39924
8905,1,-10832,-30926,0,32768,0,-39796
8906,1,-10642,-30992,0,32768,0,-39668
8907,1,-10452,-31056,0,32768,0,-39540
8908,1,-10261,-31120,0,32768,0,-39412
8909,1,-10070,-31182,0,32768,0,-39284
8910,1,-9878,-31244,0,32769,0,-39156
8911,1,-9687,-31304,0,32769,0,-39028
8912,1,-9494,-31362,0,32768,0,-38900
8913,1,-9302,-31420,0,32768,0,-38772
8914,1,-9109,-31477,0,32769,0,-38644
8915,1,-8915,-31532,0,32768,0,-38516
8916,1,-8722,-31586,0,32768,0,-38388
8917,1,-8528,-31639,0,32768,0,-38260
8918,1,-8333,-31691,0,32769,0,-38132
8919,1,-8139,-31741,0,32768,0,-38004
8920,1,-7944,-31790,0,32768,0,-37876
8921,1,-7749,-31839,0,32769,0,-37748
8922,1,-7553,-31886,0,32768,0,-37620
8923,1,-7357,-31931,0,32768,0,-37492
8924,1,-7161,-31976,0,32768,0,-37364
8925,1,-6965,-32019,0,32768,0,-37236
8926,1,-6768,-32061,0,32768,0,-37108
8927,1,-6572,-32102,0,32768,0,-36980
8928,1,-6374,-32142,0,32768,0,-36852
8929,1,-6177,-32181,0,32769,0,-36724
8930,1,-5980,-32218,0,32769,0,-36596
8931,1,-5782,-32254,0,32768,0,-36468
8932,1,-5584,-32289,0,32768,0,-36340
8933,1,-5386,-32322,0,32768,0,-36212
8934,1,-5187,-32355,0,32768,0,-36084
8935,1,-4988,-32386,0,32768,0,-35956
8936,1,-4790,-32416,0,32768,0,-35828
8937,1,-4591,-32445,0,32768,0,-35700
8938,1,-4392,-32472,0,32768,0,-35573
8939,1,-4192,-32499,0,32768,0,-35444
8940,1,-3993,-32524,0,32768,0,-35316
8941,1,-3793,-32548,0,32768,0,-35188
8942,1,-3593,-32570,0,32768,0,-35060
8943,1,-3393,-32592,0,32768,0,-34932
8944,1,-3193,-32612,0,32768,0,-34804
8945,1,-2993,-32631,0,32768,0,-34676
8946,1,-2793,-32649,0,32768,0,-34548
8947,1,-2592,-32665,0,32768,0,-34420
8948,1,-2392,-32681,0,32769,0,-34292
8949,1,-2191,-32695,0,32769,0,-34164
8950,1,-1991,-32707,0,32768,0,-34036
8951,1,-1790,-32719,0,32768,0,-33908
8952,1,-1589,-32729,0,32768,0,-33780
8953,1,-1388,-32739,0,32769,0,-33652
8954,1,-1188,-32746,0,32768,0,-33524
8955,1,-987,-32753,0,32768,0,-33397
8956,1,-786,-32759,0,32769,0,-33268
8957,1,-585,-32763,0,32768,0,-33140
8958,1,-384,-32766,0,32768,0,-33012
8959,1,-182,-32767,0,32768,0,-32884
8960,1,19,-32768,0,32768,0,-32756
8961,1,220,-32767,0,32768,0,-32628
8962,1,421,-32765,0,32768,0,-32500
8963,1,622,-32762,0,32768,0,-32372
8964,1,823,-32758,0,32769,0,-32244
8965,1,1024,-32752,0,32768,0,-32116
8966,1,1225,-32745,0,32768,0,-31988
8967,1,1426,-32737,0,32768,0,-31860
8968,1,1626,-32728,0,32769,0,-31732
8969,1,1827,-32717,0,32768,0,-31604
8970,1,2028,-32705,0,32768,0,-31476
8971,1,2229,-32692,0,32768,0,-31348
8972,1,2429,-32678,0,32768,0,-31220
8973,1,2630,-32662,0,32768,0,-31092
8974,1,2830,-32646,0,32769,0,-30964
8975,1,3030,-32628,0,32769,0,-30836
8976,1,3230,-32608,0,32768,0,-30708
8977,1,3430,-32588,0,32768,0,-30580
8978,1,3630,-32566,0,32768,0,-30452
8979,1,3830,-32543,0,32768,0,-30324
8980,1,4030,-32519,0,32768,0,-30196
8981,1,4229,-32494,0,32768,0,-30068
8982,1,4428,-32467,0,32768,0,-29940
8983,1,4628,-32440,0,32769,0,-29812
8984,1,4826,-32411,0,32769,0,-29685
8985,1,5025,-32380,0,32768,0,-29556
8986,1,5224,-32349,0,32768,0,-29428
8987,1,5422,-32316,0,32768,0,-29300
8988,1,5620,-32282,0,32768,0,-29172
8989,1,5818,-32247,0,32768,0,-29044
8990,1,6016,-32211,0,32768,0,-28916
8991,1,6214,-32173,0,32768,0,-28788
8992,1,6411,-32135,0,32768,0,-28660
8993,1,6608,-32095,0,32768,0,-28532
8994,1,6805,-32054,0,32769,0,-28404
8995,1,7001,-32011,0,32768,0,-28276
8996,1,7198,-31968,0,32769,0,-28148
8997,1,7394,-31923,0,32768,0,-28020
8998,1,7589,-31877,0,32768,0,-27892
8999,1,7785,-31830,0,32768,0,-27764
9000,1,7980,-31781,0,32768,0,-27636
9001,1,8175,-31732,0,32768,0,-27508
9002,1,8369,-31681,0,32768,0,-27380
9003,1,8564,-31629,0,32768,0,-27252
9004,1,8758,-31576,0,32768,0,-27124
9005,1,8951,-31522,0,32768,0,-26996
9006,1,9144,-31466,0,32768,0,-26868
9007,1,9337,-31410,0,32769,0,-26740
9008,1,9530,-31352,0,32769,0,-26612
9009,1,9722,-31293,0,32769,0,-26484
9010,1,9914,-31232,0,32768,0,-26356
9011,1,10105,-31171,0,32768,0,-26228
9012,1,10296,-31108,0,32768,0,-26100
9013,1,10487,-31045,0,32769,0,-25972
9014,1,10677,-30980,0,32769,0,-25844
9015,1,10867,-30914,0,32769,0,-25716
9016,1,11057,-30846,0,32768,0,-25588
9017,1,11246,-30778,0,32769,0,-25460
9018,1,11434,-30708,0,32768,0,-25332
9019,1,11623,-30638,0,32769,0,-25204
9020,1,11810,-30566,0,32768,0,-25077
9021,1,11998,-30493,0,32769,0,-24948
9022,1,12185,-30418,0,32768,0,-24820
9023,1,12371,-30343,0,32768,0,-24692
9024,1,12557,-30267,0,32769,0,-24564
9025,1,12742,-30189,0,32768,0,-24436
9026,1,12927,-30110,0,32768,0,-24308
9027,1,13112,-30030,0,32768,0,-24180
9028,1,13296,-29949,0,32768,0,-24052
9029,1,13479,-29867,0,32768,0,-23924
9030,1,13662,-29784,0,32768,0,-23796
9031,1,13845,-29699,0,32768,0,-23668
9032,1,14027,-29614,0,32768,0,-23540
9033,1,14208,-29527,0,32768,0,-23412
9034,1,14389,-29440,0,32769,0,-23284
9035,1,14570,-29351,0,32769,0,-23156
9036,1,14749,-29261,0,32768,0,-23028
9037,1,14929,-29170,0,32768,0,-22900
9038,1,15107,-29078,0,32768,0,-22773
9039,1,15286,-28984,0,32768,0,-22644
9040,1,15463,-28890,0,32768,0,-22516
9041,1,15640,-28795,0,32769,0,-22388
9042,1,15816,-28698,0,32768,0,-22260
9043,1,15992,-28601,0,32769,0,-22132
9044,1,16167,-28502,0,32768,0,-22004
9045,1,16342,-28402,0,32768,0,-21876
9046,1,16516,-28301,0,32768,0,-21748
9047,1,16689,-28199,0,32768,0,-21620
9048,1,16862,-28096,0,32768,0,-21492
9049,1,17034,-27992,0,32768,0,-21364
9050,1,17206,-27887,0,32768,0,-21236
9051,1,17376,-27781,0,32768,0,-21108
9052,1,17547,-27674,0,32768,0,-20980
9053,1,17716,-27566,0,32768,0,-20852
9054,1,17885,-27457,0,32769,0,-20724
9055,1,18053,-27347,0,32769,0,-20596
9056,1,18220,-27235,0,32768,0,-20468
9057,1,18387,-27123,0,32768,0,-20340
9058,1,18553,-27010,0,32768,0,-20212
9059,1,18719,-26895,0,32768,0,-20084
9060,1,18883,-26780,0,32768,0,-19956
9061,1,19047,-26664,0,32768,0,-19828
9062,1,19210,-26546,0,32768,0,-19700
9063,1,19373,-26428,0,32769,0,-19572
9064,1,19535,-26308,0,32768,0,-19444
9065,1,19696,-26188,0,32768,0,-19316
9066,1,19856,-26067,0,32768,0,-19188
9067,1,20016,-25944,0,32768,0,-19060
9068,1,20175,-25821,0,32768,0,-18932
9069,1,20333,-25697,0,32769,0,-18804
9070,1,20490,-25572,0,32768,0,-18676
9071,1,20646,-25445,0,32768,0,-18548
9072,1,20802,-25318,0,32768,0,-18420
9073,1,20957,-25190,0,32768,0,-18292
9074,1,21111,-25061,0,32768,0,-18164
9075,1,21265,-24931,0,32768,0,-18036
9076,1,21417,-24800,0,32768,0,-17908
9077,1,21569,-24668,0,32768,0,-17780
9078,1,21720,-24535,0,32768,0,-17652
9079,1,21870,-24402,0,32768,0,-17524
9080,1,22019,-24267,0,32768,0,-17396
9081,1,22168,-24131,0,32768,0,-17268
9082,1,22316,-23995,0,32768,0,-17140
9083,1,22462,-23858,0,32768,0,-17013
9084,1,22608,-23719,0,32768,0,-16884
9085,1,22753,-23580,0,32768,0,-16756
9086,1,22898,-23440,0,32768,0,-16628
9087,1,23041,-23299,0,32768,0,-16500
9088,1,23184,-23157,0,32768,0,-16372
9089,1,23325,-23015,0,32768,0,-16244
9090,1,23466,-22871,0,32768,0,-16116
9091,1,23606,-22727,0,32769,0,-15988
9092,1,23745,-22581,0,32768,0,-15860
9093,1,23883,-22435,0,32768,0,-15732
9094,1,24020,-22288,0,32768,0,-15604
9095,1,24157,-22140,0,32768,0,-15476
9096,1,24292,-21992,0,32768,0,-15348
9097,1,24426,-21842,0,32768,0,-15220
9098,1,24560,-21692,0,32768,0,-15092
9099,1,24693,-21541,0,32769,0,-14964
9100,1,24824,-21389,0,32768,0,-14836
9101,1,24955,-21236,0,32768,0,-14708
9102,1,25085,-21083,0,32768,0,-14580
9103,1,25214,-20929,0,32769,0,-14452
9104,1,25342,-20773,0,32768,0,-14324
9105,1,25469,-20618,0,32769,0,-14196
9106,1,25595,-20461,0,32768,0,-14068
9107,1,25720,-20303,0,32768,0,-13940
9108,1,25844,-20145,0,32768,0,-13812
9109,1,25967,-19986,0,32768,0,-13684
9110,1,26089,-19827,0,32768,0,-13556
9111,1,26210,-19666,0,32768,0,-13428
9112,1,26331,-19505,0,32769,0,-13300
9113,1,26450,-19343,0,32768,0,-13172
9114,1,26568,-19180,0,32768,0,-13044
9115,1,26685,-19017,0,32768,0,-12916
9116,1,26801,-18853,0,32768,0,-12788
9117,1,26916,-18688,0,32768,0,-12660
9118,1,27031,-18523,0,32769,0,-12532
9119,1,27144,-18356,0,32768,0,-12404
9120,1,27256,-18189,0,32768,0,-12276
9121,1,27367,-18022,0,32768,0,-12148
9122,1,27477,-17854,0,32768,0,-12020
9123,1,27586,-17685,0,32768,0,-11892
9124,1,27694,-17515,0,32768,0,-11764
9125,1,27801,-17345,0,32768,0,-11636
9126,1,27907,-17174,0,32768,0,-11508
9127,1,28012,-17002,0,32768,0,-11380
9128,1,28116,-16830,0,32769,0,-11252
9129,1,28218,-16657,0,32768,0,-11124
9130,1,28320,-16484,0,32768,0,-10996
9131,1,28421,-16310,0,32769,0,-10868
9132,1,28520,-16135,0,32768,0,-10740
9133,1,28619,-15960,0,32768,0,-10612
9134,1,28716,-15784,0,32768,0,-10484
9135,1,28812,-15607,0,32768,0,-10356
9136,1,28908,-15430,0,32768,0,-10228
9137,1,29002,-15253,0,32769,0,-10100
9138,1,29095,-15074,0,32768,0,-9972
9139,1,29187,-14896,0,32769,0,-9844
9140,1,29278,-14716,0,32768,0,-9716
9141,1,29367,-14536,0,32768,0,-9588
9142,1,29456,-14356,0,32768,0,-9460
9143,1,29543,-14175,0,32768,0,-9332
9144,1,29630,-13993,0,32768,0,-9204
9145,1,29715,-13811,0,32768,0,-9076
9146,1,29799,-13629,0,32768,0,-8948
9147,1,29882,-13446,0,32768,0,-8821
9148,1,29964,-13262,0,32768,0,-8692
9149,1,30045,-13078,0,32768,0,-8564
9150,1,30125,-12893,0,32768,0,-8436
9151,1,30203,-12708,0,32768,0,-8308
9152,1,30281,-12523,0,32769,0,-8180
9153,1,30357,-12337,0,32768,0,-8052
9154,1,30432,-12150,0,32768,0,-7924
9155,1,30506,-11963,0,32768,0,-7796
9156,1,30579,-11776,0,32768,0,-7668
9157,1,30651,-11588,0,32769,0,-7540
9158,1,30721,-11400,0,32768,0,-7413
9159,1,30791,-11211,0,32769,0,-7284
9160,1,30859,-11022,0,32768,0,-7156
9161,1,30926,-10832,0,32768,0,-7028
9162,1,30992,-10642,0,32768,0,-6900
9163,1,31056,-10452,0,32768,0,-6772
9164,1,31120,-10261,0,32768,0,-6644
9165,1,31182,-10070,0,32768,0,-6516
9166,1,31244,-9878,0,32769,0,-6388
9167,1,31304,-9687,0,32769,0,-6260
9168,1,31362,-9494,0,32768,0,-6132
9169,1,31420,-9302,0,32768,0,-6004
9170,1,31477,-9109,0,32769,0,-5876
9171,1,31532,-8915,0,32768,0,-5748
9172,1,31586,-8722,0,32768,0,-5620
9173,1,31639,-8528,0,32768,0,-5492
9174,1,31691,-8333,0,32769,0,-5364
9175,1,31741,-8139,0,32768,0,-5236
9176,1,31790,-7944,0,32768,0,-5108
9177,1,31839,-7749,0,32769,0,-4980
9178,1,31886,-7553,0,32768,0,-4852
9179,1,31931,-7357,0,32768,0,-4724
9180,1,31976,-7161,0,32768,0,-4596
9181,1,32019,-6965,0,32768,0,-4468
9182,1,32061,-6768,0,32768,0,-4340
9183,1,32102,-6572,0,32768,0,-4212
9184,1,32142,-6374,0,32768,0,-4084
9185,1,32181,-6177,0,32769,0,-3956
9186,1,32218,-5980,0,32769,0,-3828
9187,1,32254,-5782,0,32768,0,-3700
9188,1,32289,-5584,0,32768,0,-3572
9189,1,32322,-5386,0,32768,0,-3444
9190,1,32355,-5187,0,32768,0,-3316
9191,1,32386,-4988,0,32768,0,-3188
9192,1,32416,-4790,0,32768,0,-3060
9193,1,32445,-4591,0,32768,0,-2932
9194,1,32472,-4392,0,32768,0,-2805
9195,1,32499,-4192,0,32768,0,-2676
9196,1,32524,-3993,0,32768,0,-2548
9197,1,32548,-3793,0,32768,0,-2420
9198,1,32570,-3593,0,32768,0,-2292
9199,1,32592,-3393,0,32768,0,-2164
9200,1,32612,-3193,0,32768,0,-2036
9201,1,32631,-2993,0,32768,0,-1908
9202,1,32649,-2793,0,32768,0,-1780
9203,1,32665,-2592,0,32768,0,-1652
9204,1,32681,-2392,0,32769,0,-1524
9205,1,32695,-2191,0,32769,0,-1396
9206,1,32707,-1991,0,32768,0,-1268
9207,1,32719,-1790,0,32768,0,-1140
9208,1,32729,-1589,0,32768,0,-1012
9209,1,32739,-1388,0,32769,0,-884
9210,1,32746,-1188,0,32768,0,-756
9211,1,32753,-987,0,32768,0,-629
9212,1,32759,-786,0,32769,0,-500
9213,1,32763,-585,0,32768,0,-372
9214,1,32766,-384,0,32768,0,-244
9215,1,32767,-182,0,32768,0,-116
9216,1,16384,9,0,16384,0,11
9217,1,16384,110,0,16384,0,140
9218,1,16383,210,0,16384,0,267
9219,1,16381,311,0,16384,0,396
9220,1,16379,411,0,16384,0,523
9221,1,16376,512,0,16384,0,652
9222,1,16373,612,0,16385,0,779
9223,1,16368,713,0,16384,0,908
9224,1,16364,813,0,16384,0,1036
9225,1,16359,914,0,16385,0,1164
9226,1,16353,1014,0,16385,0,1292
9227,1,16346,1114,0,16384,0,1420
9228,1,16339,1215,0,16384,0,1548
9229,1,16331,1315,0,16384,0,1676
9230,1,16323,1415,0,16384,0,1804
9231,1,16314,1515,0,16384,0,1932
9232,1,16304,1615,0,16384,0,2060
9233,1,16294,1715,0,16384,0,2188
9234,1,16283,1815,0,16384,0,2316
9235,1,16272,1915,0,16385,0,2444
9236,1,16260,2015,0,16385,0,2572
9237,1,16247,2115,0,16384,0,2701
9238,1,16234,2214,0,16384,0,2828
9239,1,16220,2314,0,16384,0,2956
9240,1,16205,2413,0,16384,0,3084
9241,1,16190,2513,0,16384,0,3212
9242,1,16174,2612,0,16384,0,3340
9243,1,16158,2711,0,16384,0,3468
9244,1,16141,2810,0,16384,0,3596
9245,1,16124,2909,0,16385,0,3724
9246,1,16105,3008,0,16384,0,3852
9247,1,16087,3107,0,16385,0,3980
9248,1,16067,3205,0,16384,0,4107
9249,1,16047,3304,0,16384,0,4236
9250,1,16027,3402,0,16384,0,4363
9251,1,16006,3501,0,16385,0,4492
9252,1,15984,3599,0,16384,0,4620
9253,1,15961,3697,0,16384,0,4748
9254,1,15938,3795,0,16384,0,4876
9255,1,15915,3892,0,16384,0,5003
9256,1,15891,3990,0,16385,0,5132
9257,1,15866,4087,0,16384,0,5259
9258,1,15841,4185,0,16385,0,5388
9259,1,15815,4282,0,16385,0,5516
9260,1,15788,4379,0,16384,0,5644
9261,1,15761,4476,0,16384,0,5772
9262,1,15733,4572,0,16384,0,5900
9263,1,15705,4669,0,16385,0,6028
9264,1,15676,4765,0,16384,0,6156
9265,1,15646,4861,0,16384,0,6284
9266,1,15616,4957,0,16384,0,6412
9267,1,15585,5053,0,16384,0,6540
9268,1,15554,5148,0,16384,0,6668
9269,1,15522,5244,0,16384,0,6796
9270,1,15490,5339,0,16385,0,6924
9271,1,15457,5434,0,16385,0,7052
9272,1,15423,5528,0,16384,0,7180
9273,1,15389,5623,0,16384,0,7308
9274,1,15354,5717,0,16384,0,7436
9275,1,15319,5811,0,16384,0,7563
9276,1,15283,5905,0,16384,0,7692
9277,1,15246,5999,0,16384,0,7820
9278,1,15209,6092,0,16384,0,7947
9279,1,15172,6186,0,16385,0,8076
9280,1,15133,6278,0,16384,0,8204
9281,1,15094,6371,0,16384,0,8332
9282,1,15055,6464,0,16384,0,8460
9283,1,15015,6556,0,16384,0,8588
9284,1,14975,6648,0,16385,0,8716
9285,1,14934,6740,0,16385,0,8844
9286,1,14892,6831,0,16384,0,8972
9287,1,14850,6922,0,16384,0,9099
9288,1,14807,7013,0,16384,0,9228
9289,1,14764,7104,0,16385,0,9355
9290,1,14720,7195,0,16385,0,9484
9291,1,14675,7285,0,16384,0,9612
9292,1,14630,7375,0,16384,0,9740
9293,1,14585,7464,0,16384,0,9868
9294,1,14539,7554,0,16385,0,9996
9295,1,14492,7643,0,16384,0,10124
9296,1,14445,7732,0,16384,0,10252
9297,1,14397,7820,0,16384,0,10380
9298,1,14349,7908,0,16384,0,10508
9299,1,14300,7996,0,16384,0,10636
9300,1,14251,8084,0,16384,0,10764
9301,1,14201,8171,0,16384,0,10892
9302,1,14151,8258,0,16385,0,11020
9303,1,14100,8345,0,16385,0,11148
9304,1,14048,8431,0,16384,0,11276
9305,1,13996,8517,0,16384,0,11404
9306,1,13944,8603,0,16385,0,11532
9307,1,13891,8688,0,16384,0,11659
9308,1,13837,8773,0,16384,0,11788
9309,1,13783,8858,0,16384,0,11916
9310,1,13728,8942,0,16384,0,12044
9311,1,13673,9026,0,16384,0,12171
9312,1,13618,9110,0,16384,0,12299
9313,1,13561,9194,0,16384,0,12429
9314,1,13505,9277,0,16385,0,12556
9315,1,13448,9359,0,16384,0,12683
9316,1,13390,9442,0,16384,0,12812
9317,1,13332,9524,0,16384,0,12940
9318,1,13273,9605,0,16384,0,13068
9319,1,13214,9687,0,16385,0,13196
9320,1,13154,9767,0,16384,0,13323
9321,1,13094,9848,0,16384,0,13452
9322,1,13033,9928,0,16384,0,13580
9323,1,12972,10008,0,16384,0,13708
9324,1,12911,10087,0,16384,0,13835
9325,1,12848,10166,0,16384,0,13964
9326,1,12786,10245,0,16384,0,14092
9327,1,12723,10323,0,16384,0,14219
9328,1,12659,10401,0,16384,0,14348
9329,1,12595,10479,0,16384,0,14476
9330,1,12531,10556,0,16385,0,14604
9331,1,12466,10632,0,16384,0,14731
9332,1,12400,10709,0,16384,0,14860
9333,1,12334,10785,0,16384,0,14988
9334,1,12268,10860,0,16384,0,15116
9335,1,12201,10935,0,16384,0,15244
9336,1,12133,11010,0,16384,0,15373
9337,1,12066,11084,0,16384,0,15500
9338,1,11997,11158,0,16384,0,15629
9339,1,11929,11231,0,16384,0,15755
9340,1,11860,11304,0,16384,0,15883
9341,1,11790,11377,0,16384,0,16012
9342,1,11720,11449,0,16384,0,16140
9343,1,11650,11521,0,16385,0,16268
9344,1,11579,11592,0,16384,0,16396
9345,1,11507,11663,0,16384,0,16524
9346,1,11436,11733,0,16384,0,16651
9347,1,11363,11803,0,16384,0,16780
9348,1,11291,11872,0,16384,0,16907
9349,1,11218,11942,0,16385,0,17036
9350,1,11144,12010,0,16384,0,17164
9351,1,11070,12078,0,16384,0,17292
9352,1,10996,12146,0,16384,0,17420
9353,1,10921,12213,0,16384,0,17548
9354,1,10846,12280,0,16384,0,17676
9355,1,10770,12346,0,16384,0,17804
9356,1,10695,12412,0,16384,0,17931
9357,1,10618,12478,0,16384,0,18060
9358,1,10541,12542,0,16383,0,18188
9359,1,10464,12607,0,16384,0,18316
9360,1,10387,12671,0,16385,0,18444
9361,1,10309,12734,0,16384,0,18571
9362,1,10230,12797,0,16384,0,18700
9363,1,10152,12860,0,16384,0,18828
9364,1,10073,12922,0,16384,0,18955
9365,1,9993,12984,0,16385,0,19084
9366,1,9913,13045,0,16384,0,19212
9367,1,9833,13105,0,16384,0,19340
9368,1,9752,13165,0,16384,0,19468
9369,1,9672,13225,0,16385,0,19596
9370,1,9590,13284,0,16384,0,19724
9371,1,9508,13343,0,16384,0,19853
9372,1,9426,13401,0,16384,0,19980
9373,1,9344,13458,0,16384,0,20108
9374,1,9261,13515,0,16384,0,20236
9375,1,9178,13572,0,16384,0,20364
9376,1,9095,13628,0,16384,0,20492
9377,1,9011,13684,0,16385,0,20620
9378,1,8927,13739,0,16385,0,20748
9379,1,8842,13793,0,16384,0,20876
9380,1,8758,13847,0,16384,0,21003
9381,1,8672,13901,0,16384,0,21132
9382,1,8587,13953,0,16384,0,21260
9383,1,8501,14006,0,16384,0,21388
9384,1,8415,14058,0,16384,0,21516
9385,1,8329,14109,0,16384,0,21643
9386,1,8242,14160,0,16384,0,21772
9387,1,8155,14210,0,16384,0,21900
9388,1,8068,14260,0,16384,0,22027
9389,1,7980,14309,0,16384,0,22156
9390,1,7892,14358,0,16384,0,22284
9391,1,7804,14406,0,16384,0,22411
9392,1,7715,14454,0,16384,0,22540
9393,1,7626,14501,0,16384,0,22668
9394,1,7537,14547,0,16384,0,22796
9395,1,7448,14593,0,16384,0,22924
9396,1,7358,14639,0,16384,0,23052
9397,1,7268,14684,0,16384,0,23180
9398,1,7178,14728,0,16384,0,23308
9399,1,7087,14772,0,16384,0,23437
9400,1,6997,14815,0,16384,0,23563
9401,1,6906,14858,0,16385,0,23692
9402,1,6814,14900,0,16384,0,23820
9403,1,6723,14941,0,16384,0,23947
9404,1,6631,14982,0,16384,0,24076
9405,1,6539,15023,0,16385,0,24204
9406,1,6447,15062,0,16384,0,24331
9407,1,6354,15102,0,16384,0,24460
9408,1,6261,15140,0,16384,0,24588
9409,1,6168,15179,0,16384,0,24716
9410,1,6075,15216,0,16384,0,24844
9411,1,5982,15253,0,16384,0,24971
9412,1,5888,15289,0,16384,0,25099
9413,1,5794,15325,0,16384,0,25228
9414,1,5700,15361,0,16385,0,25356
9415,1,5605,15395,0,16384,0,25484
9416,1,5511,15429,0,16384,0,25612
9417,1,5416,15463,0,16384,0,25740
9418,1,5321,15496,0,16384,0,25868
9419,1,5226,15528,0,16384,0,25996
9420,1,5131,15560,0,16384,0,26123
9421,1,5035,15591,0,16384,0,26252
9422,1,4939,15622,0,16384,0,26380
9423,1,4843,15652,0,16384,0,26508
9424,1,4747,15681,0,16384,0,26636
9425,1,4651,15710,0,16384,0,26764
9426,1,4554,15738,0,16384,0,26892
9427,1,4458,15766,0,16384,0,27020
9428,1,4361,15793,0,16384,0,27148
9429,1,4264,15819,0,16384,0,27275
9430,1,4167,15845,0,16384,0,27403
9431,1,4069,15871,0,16384,0,27532
9432,1,3972,15895,0,16384,0,27660
9433,1,3874,15919,0,16384,0,27788
9434,1,3777,15943,0,16384,0,27916
9435,1,3679,15966,0,16384,0,28044
9436,1,3581,15988,0,16384,0,28172
9437,1,3483,16010,0,16385,0,28299
9438,1,3384,16031,0,16384,0,28428
9439,1,3286,16051,0,16384,0,28556
9440,1,3187,16071,0,16384,0,28684
9441,1,3089,16090,0,16384,0,28811
9442,1,2990,16109,0,16384,0,28940
9443,1,2891,16127,0,16384,0,29068
9444,1,2792,16144,0,16384,0,29196
9445,1,2693,16161,0,16384,0,29324
9446,1,2594,16177,0,16384,0,29451
9447,1,2494,16193,0,16384,0,29580
9448,1,2395,16208,0,16384,0,29708
9449,1,2295,16222,0,16384,0,29836
9450,1,2196,16236,0,16384,0,29963
9451,1,2096,16249,0,16384,0,30092
9452,1,1996,16262,0,16384,0,30220
9453,1,1897,16274,0,16384,0,30347
9454,1,1797,16285,0,16384,0,30475
9455,1,1697,16296,0,16384,0,30603
9456,1,1597,16306,0,16384,0,30731
9457,1,1497,16316,0,16385,0,30859
9458,1,1396,16324,0,16384,0,30989
9459,1,1296,16333,0,16384,0,31116
9460,1,1196,16340,0,16384,0,31244
9461,1,1096,16347,0,16384,0,31371
9462,1,995,16354,0,16384,0,31500
9463,1,895,16360,0,16385,0,31628
9464,1,795,16365,0,16384,0,31755
9465,1,694,16369,0,16384,0,31884
9466,1,594,16373,0,16384,0,32011
9467,1,493,16377,0,16385,0,32140
9468,1,393,16379,0,16384,0,32268
9469,1,292,16381,0,16384,0,32396
9470,1,192,16383,0,16384,0,32523
9471,1,91,16384,0,16384,0,32652
9472,1,-9,16384,0,16384,0,32779
9473,1,-110,16384,0,16384,0,32908
9474,1,-210,16383,0,16384,0,33035
9475,1,-311,16381,0,16384,0,33164
9476,1,-411,16379,0,16384,0,33291
9477,1,-512,16376,0,16384,0,33420
9478,1,-612,16373,0,16385,0,33547
9479,1,-713,16368,0,16384,0,33676
9480,1,-813,16364,0,16384,0,33804
9481,1,-914,16359,0,16385,0,33932
9482,1,-1014,16353,0,16385,0,34060
9483,1,-1114,16346,0,16384,0,34188
9484,1,-1215,16339,0,16384,0,34316
9485,1,-1315,16331,0,16384,0,34444
9486,1,-1415,16323,0,16384,0,34572
9487,1,-1515,16314,0,16384,0,34700
9488,1,-1615,16304,0,16384,0,34828
9489,1,-1715,16294,0,16384,0,34956
9490,1,-1815,16283,0,16384,0,35084
9491,1,-1915,16272,0,16385,0,35212
9492,1,-2015,16260,0,16385,0,35340
9493,1,-2115,16247,0,16384,0,35469
9494,1,-2214,16234,0,16384,0,35596
9495,1,-2314,16220,0,16384,0,35724
9496,1,-2413,16205,0,16384,0,35852
9497,1,-2513,16190,0,16384,0,35980
9498,1,-2612,16174,0,16384,0,36108
9499,1,-2711,16158,0,16384,0,36236
9500,1,-2810,16141,0,16384,0,36364
9501,1,-2909,16124,0,16385,0,36492
9502,1,-3008,16105,0,16384,0,36620
9503,1,-3107,16087,0,16385,0,36748
9504,1,-3205,16067,0,16384,0,36875
9505,1,-3304,16047,0,16384,0,37004
9506,1,-3402,16027,0,16384,0,37131
9507,1,-3501,16006,0,16385,0,37260
9508,1,-3599,15984,0,16384,0,37388
9509,1,-3697,15961,0,16384,0,37516
9510,1,-3795,15938,0,16384,0,37644
9511,1,-3892,15915,0,16384,0,37771
9512,1,-3990,15891,0,16385,0,37900
9513,1,-4087,15866,0,16384,0,38027
9514,1,-4185,15841,0,16385,0,38156
9515,1,-4282,15815,0,16385,0,38284
9516,1,-4379,15788,0,16384,0,38412
9517,1,-4476,15761,0,16384,0,38540
9518,1,-4572,15733,0,16384,0,38668
9519,1,-4669,15705,0,16385,0,38796
9520,1,-4765,15676,0,16384,0,38924
9521,1,-4861,15646,0,16384,0,39052
9522,1,-4957,15616,0,16384,0,39180
9523,1,-5053,15585,0,16384,0,39308
9524,1,-5148,15554,0,16384,0,39436
9525,1,-5244,15522,0,16384,0,39564
9526,1,-5339,15490,0,16385,0,39692
9527,1,-5434,15457,0,16385,0,39820
9528,1,-5528,15423,0,16384,0,39948
9529,1,-5623,15389,0,16384,0,40076
9530,1,-5717,15354,0,16384,0,40204
9531,1,-5811,15319,0,16384,0,40331
9532,1,-5905,15283,0,16384,0,40460
9533,1,-5999,15246,0,16384,0,40588
9534,1,-6092,15209,0,16384,0,40715
9535,1,-6186,15172,0,16385,0,40844
9536,1,-6278,15133,0,16384,0,40972
9537,1,-6371,15094,0,16384,0,41100
9538,1,-6464,15055,0,16384,0,41228
9539,1,-6556,15015,0,16384,0,41356
9540,1,-6648,14975,0,16385,0,41484
9541,1,-6740,14934,0,16385,0,41612
9542,1,-6831,14892,0,16384,0,41740
9543,1,-6922,14850,0,16384,0,41867
9544,1,-7013,14807,0,16384,0,41996
9545,1,-7104,14764,0,16385,0,42123
9546,1,-7195,14720,0,16385,0,42252
9547,1,-7285,14675,0,16384,0,42380
9548,1,-7375,14630,0,16384,0,42508
9549,1,-7464,14585,0,16384,0,42636
9550,1,-7554,14539,0,16385,0,42764
9551,1,-7643,14492,0,16384,0,42892
9552,1,-7732,14445,0,16384,0,43020
9553,1,-7820,14397,0,16384,0,43148
9554,1,-7908,14349,0,16384,0,43276
9555,1,-7996,14300,0,16384,0,43404
9556,1,-8084,14251,0,16384,0,43532
9557,1,-8171,14201,0,16384,0,43660
9558,1,-8258,14151,0,16385,0,43788
9559,1,-8345,14100,0,16385,0,43916
9560,1,-8431,14048,0,16384,0,44044
9561,1,-8517,13996,0,16384,0,44172
9562,1,-8603,13944,0,16385,0,44300
9563,1,-8688,13891,0,16384,0,44427
9564,1,-8773,13837,0,16384,0,44556
9565,1,-8858,13783,0,16384,0,44684
9566,1,-8942,13728,0,16384,0,44812
9567,1,-9026,13673,0,16384,0,44939
9568,1,-9110,13618,0,16384,0,45067
9569,1,-9194,13561,0,16384,0,45197
9570,1,-9277,13505,0,16385,0,45324
9571,1,-9359,13448,0,16384,0,45451
9572,1,-9442,13390,0,16384,0,45580
9573,1,-9524,13332,0,16384,0,45708
9574,1,-9605,13273,0,16384,0,45836
9575,1,-9687,13214,0,16385,0,45964
9576,1,-9767,13154,0,16384,0,46091
9577,1,-9848,13094,0,16384,0,46220
9578,1,-9928,13033,0,16384,0,46348
9579,1,-10008,12972,0,16384,0,46476
9580,1,-10087,12911,0,16384,0,46603
9581,1,-10166,12848,0,16384,0,46732
9582,1,-10245,12786,0,16384,0,46860
9583,1,-10323,12723,0,16384,0,46987
9584,1,-10401,12659,0,16384,0,47116
9585,1,-10479,12595,0,16384,0,47244
9586,1,-10556,12531,0,16385,0,47372
9587,1,-10632,12466,0,16384,0,47499
9588,1,-10709,12400,0,16384,0,47628
9589,1,-10785,12334,0,16384,0,47756
9590,1,-10860,12268,0,16384,0,47884
9591,1,-10935,12201,0,16384,0,48012
9592,1,-11010,12133,0,16384,0,48141
9593,1,-11084,12066,0,16384,0,48268
9594,1,-11158,11997,0,16384,0,48397
9595,1,-11231,11929,0,16384,0,48523
9596,1,-11304,11860,0,16384,0,48651
9597,1,-11377,11790,0,16384,0,48780
9598,1,-11449,11720,0,16384,0,48908
9599,1,-11521,11650,0,16385,0,49036
9600,1,-11592,11579,0,16384,0,49164
9601,1,-11663,11507,0,16384,0,49292
9602,1,-11733,11436,0,16384,0,49419
9603,1,-11803,11363,0,16384,0,49548
9604,1,-11872,11291,0,16384,0,49675
9605,1,-11942,11218,0,16385,0,49804
9606,1,-12010,11144,0,16384,0,49932
9607,1,-12078,11070,0,16384,0,50060
9608,1,-12146,10996,0,16384,0,50188
9609,1,-12213,10921,0,16384,0,50316
9610,1,-12280,10846,0,16384,0,50444
9611,1,-12346,10770,0,16384,0,50572
9612,1,-12412,10695,0,16384,0,50699
9613,1,-12478,10618,0,16384,0,50828
9614,1,-12542,10541,0,16383,0,50956
9615,1,-12607,10464,0,16384,0,51084
9616,1,-12671,10387,0,16385,0,51212
9617,1,-12734,10309,0,16384,0,51339
9618,1,-12797,10230,0,16384,0,51468
9619,1,-12860,10152,0,16384,0,51596
9620,1,-12922,10073,0,16384,0,51723
9621,1,-12984,9993,0,16385,0,51852
9622,1,-13045,9913,0,16384,0,51980
9623,1,-13105,9833,0,16384,0,52108
9624,1,-13165,9752,0,16384,0,52236
9625,1,-13225,9672,0,16385,0,52364
9626,1,-13284,9590,0,16384,0,52492
9627,1,-13343,9508,0,16384,0,52621
9628,1,-13401,9426,0,16384,0,52748
9629,1,-13458,9344,0,16384,0,52876
9630,1,-13515,9261,0,16384,0,53004
9631,1,-13572,9178,0,16384,0,53132
9632,1,-13628,9095,0,16384,0,53260
9633,1,-13684,9011,0,16385,0,53388
9634,1,-13739,8927,0,16385,0,53516
9635,1,-13793,8842,0,16384,0,53644
9636,1,-13847,8758,0,16384,0,53771
9637,1,-13901,8672,0,16384,0,53900
9638,1,-13953,8587,0,16384,0,54028
9639,1,-14006,8501,0,16384,0,54156
9640,1,-14058,8415,0,16384,0,54284
9641,1,-14109,8329,0,16384,0,54411
9642,1,-14160,8242,0,16384,0,54540
9643,1,-14210,8155,0,16384,0,54668
9644,1,-14260,8068,0,16384,0,54795
9645,1,-14309,7980,0,16384,0,54924
9646,1,-14358,7892,0,16384,0,55052
9647,1,-14406,7804,0,16384,0,55179
9648,1,-14454,7715,0,16384,0,55308
9649,1,-14501,7626,0,16384,0,55436
9650,1,-14547,7537,0,16384,0,55564
9651,1,-14593,7448,0,16384,0,55692
9652,1,-14639,7358,0,16384,0,55820
9653,1,-14684,7268,0,16384,0,55948
9654,1,-14728,7178,0,16384,0,56076
9655,1,-14772,7087,0,16384,0,56205
9656,1,-14815,6997,0,16384,0,56331
9657,1,-14858,6906,0,16385,0,56460
9658,1,-14900,6814,0,16384,0,56588
9659,1,-14941,6723,0,16384,0,56715
9660,1,-14982,6631,0,16384,0,56844
9661,1,-15023,6539,0,16385,0,56972
9662,1,-15062,6447,0,16384,0,57099
9663,1,-15102,6354,0,16384,0,57228
9664,1,-15140,6261,0,16384,0,57356
9665,1,-15179,6168,0,16384,0,57484
9666,1,-15216,6075,0,16384,0,57612
9667,1,-15253,5982,0,16384,0,57739
9668,1,-15289,5888,0,16384,0,57867
9669,1,-15325,5794,0,16384,0,57996
9670,1,-15361,5700,0,16385,0,58124
9671,1,-15395,5605,0,16384,0,58252
9672,1,-15429,5511,0,16384,0,58380
9673,1,-15463,5416,0,16384,0,58508
9674,1,-15496,5321,0,16384,0,58636
9675,1,-15528,5226,0,16384,0,58764
9676,1,-15560,5131,0,16384,0,58891
9677,1,-15591,5035,0,16384,0,59020
9678,1,-15622,4939,0,16384,0,59148
9679,1,-15652,4843,0,16384,0,59276
9680,1,-15681,4747,0,16384,0,59404
9681,1,-15710,4651,0,16384,0,59532
9682,1,-15738,4554,0,16384,0,59660
9683,1,-15766,4458,0,16384,0,59788
9684,1,-15793,4361,0,16384,0,59916
9685,1,-15819,4264,0,16384,0,60043
9686,1,-15845,4167,0,16384,0,60171
9687,1,-15871,4069,0,16384,0,60300
9688,1,-15895,3972,0,16384,0,60428
9689,1,-15919,3874,0,16384,0,60556
9690,1,-15943,3777,0,16384,0,60684
9691,1,-15966,3679,0,16384,0,60812
9692,1,-15988,3581,0,16384,0,60940
9693,1,-16010,3483,0,16385,0,61067
9694,1,-16031,3384,0,16384,0,61196
9695,1,-16051,3286,0,16384,0,61324
9696,1,-16071,3187,0,16384,0,61452
9697,1,-16090,3089,0,16384,0,61579
9698,1,-16109,2990,0,16384,0,61708
9699,1,-16127,2891,0,16384,0,61836
9700,1,-16144,2792,0,16384,0,61964
9701,1,-16161,2693,0,16384,0,62092
9702,1,-16177,2594,0,16384,0,62219
9703,1,-16193,2494,0,16384,0,62348
9704,1,-16208,2395,0,16384,0,62476
9705,1,-16222,2295,0,16384,0,62604
9706,1,-16236,2196,0,16384,0,62731
9707,1,-16249,2096,0,16384,0,62860
9708,1,-16262,1996,0,16384,0,62988
9709,1,-16274,1897,0,16384,0,63115
9710,1,-16285,1797,0,16384,0,63243
9711,1,-16296,1697,0,16384,0,63371
9712,1,-16306,1597,0,16384,0,63499
9713,1,-16316,1497,0,16385,0,63627
9714,1,-16324,1396,0,16384,0,63757
9715,1,-16333,1296,0,16384,0,63884
9716,1,-16340,1196,0,16384,0,64012
9717,1,-16347,1096,0,16384,0,64139
9718,1,-16354,995,0,16384,0,64268
9719,1,-16360,895,0,16385,0,64396
9720,1,-16365,795,0,16384,0,64523
9721,1,-16369,694,0,16384,0,64652
9722,1,-16373,594,0,16384,0,64779
9723,1,-16377,493,0,16385,0,64908
9724,1,-16379,393,0,16384,0,65036
9725,1,-16381,292,0,16384,0,65164
9726,1,-16383,192,0,16384,0,65291
9727,1,-16384,91,0,16384,0,65420
9728,1,-16384,-9,0,16384,0,-65525
9729,1,-16384,-110,0,16384,0,-65396
9730,1,-16383,-210,0,16384,0,-65269
9731,1,-16381,-311,0,16384,0,-65140
9732,1,-16379,-411,0,16384,0,-65013
9733,1,-16376,-512,0,16384,0,-64884
9734,1,-16373,-612,0,16385,0,-64757
9735,1,-16368,-713,0,16384,0,-64628
9736,1,-16364,-813,0,16384,0,-64500
9737,1,-16359,-914,0,16385,0,-64372
9738,1,-16353,-1014,0,16385,0,-64244
9739,1,-16346,-1114,0,16384,0,-64116
9740,1,-16339,-1215,0,16384,0,-63988
9741,1,-16331,-1315,0,16384,0,-63860
9742,1,-16323,-1415,0,16384,0,-63732
9743,1,-16314,-1515,0,16384,0,-63604
9744,1,-16304,-1615,0,16384,0,-63476
9745,1,-16294,-1715,0,16384,0,-63348
9746,1,-16283,-1815,0,16384,0,-63220
9747,1,-16272,-1915,0,16385,0,-63092
9748,1,-16260,-2015,0,16385,0,-62964
9749,1,-16247,-2115,0,16384,0,-62835
9750,1,-16234,-2214,0,16384,0,-62708
9751,1,-16220,-2314,0,16384,0,-62580
9752,1,-16205,-2413,0,16384,0,-62452
9753,1,-16190,-2513,0,16384,0,-62324
9754,1,-16174,-2612,0,16384,0,-62196
9755,1,-16158,-2711,0,16384,0,-62068
9756,1,-16141,-2810,0,16384,0,-61940
9757,1,-16124,-2909,0,16385,0,-61812
9758,1,-16105,-3008,0,16384,0,-61684
9759,1,-16087,-3107,0,16385,0,-61556
9760,1,-16067,-3205,0,16384,0,-61429
9761,1,-16047,-3304,0,16384,0,-61300
9762,1,-16027,-3402,0,16384,0,-61173
9763,1,-16006,-3501,0,16385,0,-61044
9764,1,-15984,-3599,0,16384,0,-60916
9765,1,-15961,-3697,0,16384,0,-60788
9766,1,-15938,-3795,0,16384,0,-60660
9767,1,-15915,-3892,0,16384,0,-60533
9768,1,-15891,-3990,0,16385,0,-60404
9769,1,-15866,-4087,0,16384,0,-60277
9770,1,-15841,-4185,0,16385,0,-60148
9771,1,-15815,-4282,0,16385,0,-60020
9772,1,-15788,-4379,0,16384,0,-59892
9773,1,-15761,-4476,0,16384,0,-59764
9774,1,-15733,-4572,0,16384,0,-59636
9775,1,-15705,-4669,0,16385,0,-59508
9776,1,-15676,-4765,0,16384,0,-59380
9777,1,-15646,-4861,0,16384,0,-59252
9778,1,-15616,-4957,0,16384,0,-59124
9779,1,-15585,-5053,0,16384,0,-58996
9780,1,-15554,-5148,0,16384,0,-58868
9781,1,-15522,-5244,0,16384,0,-58740
9782,1,-15490,-5339,0,16385,0,-58612
9783,1,-15457,-5434,0,16385,0,-58484
9784,1,-15423,-5528,0,16384,0,-58356
9785,1,-15389,-5623,0,16384,0,-58228
9786,1,-15354,-5717,0,16384,0,-58100
9787,1,-15319,-5811,0,16384,0,-57973
9788,1,-15283,-5905,0,16384,0,-57844
9789,1,-15246,-5999,0,16384,0,-57716
9790,1,-15209,-6092,0,16384,0,-57589
9791,1,-15172,-6186,0,16385,0,-57460
9792,1,-15133,-6278,0,16384,0,-57332
9793,1,-15094,-6371,0,16384,0,-57204
9794,1,-15055,-6464,0,16384,0,-57076
9795,1,-15015,-6556,0,16384,0,-56948
9796,1,-14975,-6648,0,16385,0,-56820
9797,1,-14934,-6740,0,16385,0,-56692
9798,1,-14892,-6831,0,16384,0,-56564
9799,1,-14850,-6922,0,16384,0,-56437
9800,1,-14807,-7013,0,16384,0,-56308
9801,1,-14764,-7104,0,16385,0,-56181
9802,1,-14720,-7195,0,16385,0,-56052
9803,1,-14675,-7285,0,16384,0,-55924
9804,1,-14630,-7375,0,16384,0,-55796
9805,1,-14585,-7464,0,16384,0,-55668
9806,1,-14539,-7554,0,16385,0,-55540
9807,1,-14492,-7643,0,16384,0,-55412
9808,1,-14445,-7732,0,16384,0,-55284
9809,1,-14397,-7820,0,16384,0,-55156
9810,1,-14349,-7908,0,16384,0,-55028
9811,1,-14300,-7996,0,16384,0,-54900
9812,1,-14251,-8084,0,16384,0,-54772
9813,1,-14201,-8171,0,16384,0,-54644
9814,1,-14151,-8258,0,16385,0,-54516
9815,1,-14100,-8345,0,16385,0,-54388
9816,1,-14048,-8431,0,16384,0,-54260
9817,1,-13996,-8517,0,16384,0,-54132
9818,1,-13944,-8603,0,16385,0,-54004
9819,1,-13891,-8688,0,16384,0,-53877
9820,1,-13837,-8773,0,16384,0,-53748
9821,1,-13783,-8858,0,16384,0,-53620
9822,1,-13728,-8942,0,16384,0,-53492
9823,1,-13673,-9026,0,16384,0,-53365
9824,1,-13618,-9110,0,16384,0,-53237
9825,1,-13561,-9194,0,16384,0,-53107
9826,1,-13505,-9277,0,16385,0,-52980
9827,1,-13448,-9359,0,16384,0,-52853
9828,1,-13390,-9442,0,16384,0,-52724
9829,1,-13332,-9524,0,16384,0,-52596
9830,1,-13273,-9605,0,16384,0,-52468
9831,1,-13214,-9687,0,16385,0,-52340
9832,1,-13154,-9767,0,16384,0,-52213
9833,1,-13094,-9848,0,16384,0,-52084
9834,1,-13033,-9928,0,16384,0,-51956
9835,1,-12972,-10008,0,16384,0,-51828
9836,1,-12911,-10087,0,16384,0,-51701
9837,1,-12848,-10166,0,16384,0,-51572
9838,1,-12786,-10245,0,16384,0,-51444
9839,1,-12723,-10323,0,16384,0,-51317
9840,1,-12659,-10401,0,16384,0,-51188
9841,1,-12595,-10479,0,16384,0,-51060
9842,1,-12531,-10556,0,16385,0,-50932
9843,1,-12466,-10632,0,16384,0,-50805
9844,1,-12400,-10709,0,16384,0,-50676
9845,1,-12334,-10785,0,16384,0,-50548
9846,1,-12268,-10860,0,16384,0,-50420
9847,1,-12201,-10935,0,16384,0,-50292
9848,1,-12133,-11010,0,16384,0,-50163
9849,1,-12066,-11084,0,16384,0,-50036
9850,1,-11997,-11158,0,16384,0,-49907
9851,1,-11929,-11231,0,16384,0,-49781
9852,1,-11860,-11304,0,16384,0,-49653
9853,1,-11790,-11377,0,16384,0,-49524
9854,1,-11720,-11449,0,16384,0,-49396
9855,1,-11650,-11521,0,16385,0,-49268
9856,1,-11579,-11592,0,16384,0,-49140
9857,1,-11507,-11663,0,16384,0,-49012
9858,1,-11436,-11733,0,16384,0,-48885
9859,1,-11363,-11803,0,16384,0,-48756
9860,1,-11291,-11872,0,16384,0,-48629
9861,1,-11218,-11942,0,16385,0,-48500
9862,1,-11144,-12010,0,16384,0,-48372
9863,1,-11070,-12078,0,16384,0,-48244
9864,1,-10996,-12146,0,16384,0,-48116
9865,1,-10921,-12213,0,16384,0,-47988
9866,1,-10846,-12280,0,16384,0,-47860
9867,1,-10770,-12346,0,16384,0,-47732
9868,1,-10695,-12412,0,16384,0,-47605
9869,1,-10618,-12478,0,16384,0,-47476
9870,1,-10541,-12542,0,16383,0,-47348
9871,1,-10464,-12607,0,16384,0,-47220
9872,1,-10387,-12671,0,16385,0,-47092
9873,1,-10309,-12734,0,16384,0,-46965
9874,1,-10230,-12797,0,16384,0,-46836
9875,1,-10152,-12860,0,16384,0,-46708
9876,1,-10073,-12922,0,16384,0,-46581
9877,1,-9993,-12984,0,16385,0,-46452
9878,1,-9913,-13045,0,16384,0,-46324
9879,1,-9833,-13105,0,16384,0,-46196
9880,1,-9752,-13165,0,16384,0,-46068
9881,1,-9672,-13225,0,16385,0,-45940
9882,1,-9590,-13284,0,16384,0,-45812
9883,1,-9508,-13343,0,16384,0,-45683
9884,1,-9426,-13401,0,16384,0,-45556
9885,1,-9344,-13458,0,16384,0,-45428
9886,1,-9261,-13515,0,16384,0,-45300
9887,1,-9178,-13572,0,16384,0,-45172
9888,1,-9095,-13628,0,16384,0,-45044
9889,1,-9011,-13684,0,16385,0,-44916
9890,1,-8927,-13739,0,16385,0,-44788
9891,1,-8842,-13793,0,16384,0,-44660
9892,1,-8758,-13847,0,16384,0,-44533
9893,1,-8672,-13901,0,16384,0,-44404
9894,1,-8587,-13953,0,16384,0,-44276
9895,1,-8501,-14006,0,16384,0,-44148
9896,1,-8415,-14058,0,16384,0,-44020
9897,1,-8329,-14109,0,16384,0,-43893
9898,1,-8242,-14160,0,16384,0,-43764
9899,1,-8155,-14210,0,16384,0,-43636
9900,1,-8068,-14260,0,16384,0,-43509
9901,1,-7980,-14309,0,16384,0,-43380
9902,1,-7892,-14358,0,16384,0,-43252
9903,1,-7804,-14406,0,16384,0,-43125
9904,1,-7715,-14454,0,16384,0,-42996
9905,1,-7626,-14501,0,16384,0,-42868
9906,1,-7537,-14547,0,16384,0,-42740
9907,1,-7448,-14593,0,16384,0,-42612
9908,1,-7358,-14639,0,16384,0,-42484
9909,1,-7268,-14684,0,16384,0,-42356
9910,1,-7178,-14728,0,16384,0,-42228
9911,1,-7087,-14772,0,16384,0,-42099
9912,1,-6997,-14815,0,16384,0,-41973
9913,1,-6906,-14858,0,16385,0,-41844
9914,1,-6814,-14900,0,16384,0,-41716
9915,1,-6723,-14941,0,16384,0,-41589
9916,1,-6631,-14982,0,16384,0,-41460
9917,1,-6539,-15023,0,16385,0,-41332
9918,1,-6447,-15062,0,16384,0,-41205
9919,1,-6354,-15102,0,16384,0,-41076
9920,1,-6261,-15140,0,16384,0,-40948
9921,1,-6168,-15179,0,16384,0,-40820
9922,1,-6075,-15216,0,16384,0,-40692
9923,1,-5982,-15253,0,16384,0,-40565
9924,1,-5888,-15289,0,16384,0,-40437
9925,1,-5794,-15325,0,16384,0,-40308
9926,1,-5700,-15361,0,16385,0,-40180
9927,1,-5605,-15395,0,16384,0,-40052
9928,1,-5511,-15429,0,16384,0,-39924
9929,1,-5416,-15463,0,16384,0,-39796
9930,1,-5321,-15496,0,16384,0,-39668
9931,1,-5226,-15528,0,16384,0,-39540
9932,1,-5131,-15560,0,16384,0,-39413
9933,1,-5035,-15591,0,16384,0,-39284
9934,1,-4939,-15622,0,16384,0,-39156
9935,1,-4843,-15652,0,16384,0,-39028
9936,1,-4747,-15681,0,16384,0,-38900
9937,1,-4651,-15710,0,16384,0,-38772
9938,1,-4554,-15738,0,16384,0,-38644
9939,1,-4458,-15766,0,16384,0,-38516
9940,1,-4361,-15793,0,16384,0,-38388
9941,1,-4264,-15819,0,16384,0,-38261
9942,1,-4167,-15845,0,16384,0,-38133
9943,1,-4069,-15871,0,16384,0,-38004
9944,1,-3972,-15895,0,16384,0,-37876
9945,1,-3874,-15919,0,16384,0,-37748
9946,1,-3777,-15943,0,16384,0,-37620
9947,1,-3679,-15966,0,16384,0,-37492
9948,1,-3581,-15988,0,16384,0,-37364
9949,1,-3483,-16010,0,16385,0,-37237
9950,1,-3384,-16031,0,16384,0,-37108
9951,1,-3286,-16051,0,16384,0,-36980
9952,1,-3187,-16071,0,16384,0,-36852
9953,1,-3089,-16090,0,16384,0,-36725
9954,1,-2990,-16109,0,16384,0,-36596
9955,1,-2891,-16127,0,16384,0,-36468
9956,1,-2792,-16144,0,16384,0,-36340
9957,1,-2693,-16161,0,16384,0,-36212
9958,1,-2594,-16177,0,16384,0,-36085
9959,1,-2494,-16193,0,16384,0,-35956
9960,1,-2395,-16208,0,16384,0,-35828
9961,1,-2295,-16222,0,16384,0,-35700
9962,1,-2196,-16236,0,16384,0,-35573
9963,1,-2096,-16249,0,16384,0,-35444
9964,1,-1996,-16262,0,16384,0,-35316
9965,1,-1897,-16274,0,16384,0,-35189
9966,1,-1797,-16285,0,16384,0,-35061
9967,1,-1697,-16296,0,16384,0,-34933
9968,1,-1597,-16306,0,16384,0,-34805
9969,1,-1497,-16316,0,16385,0,-34677
9970,1,-1396,-16324,0,16384,0,-34547
9971,1,-1296,-16333,0,16384,0,-34420
9972,1,-1196,-16340,0,16384,0,-34292
9973,1,-1096,-16347,0,16384,0,-34165
9974,1,-995,-16354,0,16384,0,-34036
9975,1,-895,-16360,0,16385,0,-33908
9976,1,-795,-16365,0,16384,0,-33781
9977,1,-694,-16369,0,16384,0,-33652
9978,1,-594,-16373,0,16384,0,-33525
9979,1,-493,-16377,0,16385,0,-33396
9980,1,-393,-16379,0,16384,0,-33268
9981,1,-292,-16381,0,16384,0,-33140
9982,1,-192,-16383,0,16384,0,-33013
9983,1,-91,-16384,0,16384,0,-32884
9984,1,9,-16384,0,16384,0,-32757
9985,1,110,-16384,0,16384,0,-32628
9986,1,210,-16383,0,16384,0,-32501
9987,1,311,-16381,0,16384,0,-32372
9988,1,411,-16379,0,16384,0,-32245
9989,1,512,-16376,0,16384,0,-32116
9990,1,612,-16373,0,16385,0,-31989
9991,1,713,-16368,0,16384,0,-31860
9992,1,813,-16364,0,16384,0,-31732
9993,1,914,-16359,0,16385,0,-31604
9994,1,1014,-16353,0,16385,0,-31476
9995,1,1114,-16346,0,16384,0,-31348
9996,1,1215,-16339,0,16384,0,-31220
9997,1,1315,-16331,0,16384,0,-31092
9998,1,1415,-16323,0,16384,0,-30964
9999,1,1515,-16314,0,16384,0,-30836
10000,1,1615,-16304,0,16384,0,-30708
10001,1,1715,-16294,0,16384,0,-30580
10002,1,1815,-16283,0,16384,0,-30452
10003,1,1915,-16272,0,16385,0,-30324
10004,1,2015,-16260,0,16385,0,-30196
10005,1,2115,-16247,0,16384,0,-30067
10006,1,2214,-16234,0,16384,0,-29940
10007,1,2314,-16220,0,16384,0,-29812
10008,1,2413,-16205,0,16384,0,-29684
10009,1,2513,-16190,0,16384,0,-29556
10010,1,2612,-16174,0,16384,0,-29428
10011,1,2711,-16158,0,16384,0,-29300
10012,1,2810,-16141,0,16384,0,-29172
10013,1,2909,-16124,0,16385,0,-29044
10014,1,3008,-16105,0,16384,0,-28916
10015,1,3107,-16087,0,16385,0,-28788
10016,1,3205,-16067,0,16384,0,-28661
10017,1,3304,-16047,0,16384,0,-28532
10018,1,3402,-16027,0,16384,0,-28405
10019,1,3501,-16006,0,16385,0,-28276
10020,1,3599,-15984,0,16384,0,-28148
10021,1,3697,-15961,0,16384,0,-28020
10022,1,3795,-15938,0,16384,0,-27892
10023,1,3892,-15915,0,16384,0,-27765
10024,1,3990,-15891,0,16385,0,-27636
10025,1,4087,-15866,0,16384,0,-27509
10026,1,4185,-15841,0,16385,0,-27380
10027,1,4282,-15815,0,16385,0,-27252
10028,1,4379,-15788,0,16384,0,-27124
10029,1,4476,-15761,0,16384,0,-26996
10030,1,4572,-15733,0,16384,0,-26868
10031,1,4669,-15705,0,16385,0,-26740
10032,1,4765,-15676,0,16384,0,-26612
10033,1,4861,-15646,0,16384,0,-26484
10034,1,4957,-15616,0,16384,0,-26356
10035,1,5053,-15585,0,16384,0,-26228
10036,1,5148,-15554,0,16384,0,-26100
10037,1,5244,-15522,0,16384,0,-25972
10038,1,5339,-15490,0,16385,0,-25844
10039,1,5434,-15457,0,16385,0,-25716
10040,1,5528,-15423,0,16384,0,-25588
10041,1,5623,-15389,0,16384,0,-25460
10042,1,5717,-15354,0,16384,0,-25332
10043,1,5811,-15319,0,16384,0,-25205
10044,1,5905,-15283,0,16384,0,-25076
10045,1,5999,-15246,0,16384,0,-24948
10046,1,6092,-15209,0,16384,0,-24821
10047,1,6186,-15172,0,16385,0,-24692
10048,1,6278,-15133,0,16384,0,-24564
10049,1,6371,-15094,0,16384,0,-24436
10050,1,6464,-15055,0,16384,0,-24308
10051,1,6556,-15015,0,16384,0,-24180
10052,1,6648,-14975,0,16385,0,-24052
10053,1,6740,-14934,0,16385,0,-23924
10054,1,6831,-14892,0,16384,0,-23796
10055,1,6922,-14850,0,16384,0,-23669
10056,1,7013,-14807,0,16384,0,-23540
10057,1,7104,-14764,0,16385,0,-23413
10058,1,7195,-14720,0,16385,0,-23284
10059,1,7285,-14675,0,16384,0,-23156
10060,1,7375,-14630,0,16384,0,-23028
10061,1,7464,-14585,0,16384,0,-22900
10062,1,7554,-14539,0,16385,0,-22772
10063,1,7643,-14492,0,16384,0,-22644
10064,1,7732,-14445,0,16384,0,-22516
10065,1,7820,-14397,0,16384,0,-22388
10066,1,7908,-14349,0,16384,0,-22260
10067,1,7996,-14300,0,16384,0,-22132
10068,1,8084,-14251,0,16384,0,-22004
10069,1,8171,-14201,0,16384,0,-21876
10070,1,8258,-14151,0,16385,0,-21748
10071,1,8345,-14100,0,16385,0,-21620
10072,1,8431,-14048,0,16384,0,-21492
10073,1,8517,-13996,0,16384,0,-21364
10074,1,8603,-13944,0,16385,0,-21236
10075,1,8688,-13891,0,16384,0,-21109
10076,1,8773,-13837,0,16384,0,-20980
10077,1,8858,-13783,0,16384,0,-20852
10078,1,8942,-13728,0,16384,0,-20724
10079,1,9026,-13673,0,16384,0,-20597
10080,1,9110,-13618,0,16384,0,-20469
10081,1,9194,-13561,0,16384,0,-20339
10082,1,9277,-13505,0,16385,0,-20212
10083,1,9359,-13448,0,16384,0,-20085
10084,1,9442,-13390,0,16384,0,-19956
10085,1,9524,-13332,0,16384,0,-19828
10086,1,9605,-13273,0,16384,0,-19700
10087,1,9687,-13214,0,16385,0,-19572
10088,1,9767,-13154,0,16384,0,-19445
10089,1,9848,-13094,0,16384,0,-19316
10090,1,9928,-13033,0,16384,0,-19188
10091,1,10008,-12972,0,16384,0,-19060
10092,1,10087,-12911,0,16384,0,-18933
10093,1,10166,-12848,0,16384,0,-18804
10094,1,10245,-12786,0,16384,0,-18676
10095,1,10323,-12723,0,16384,0,-18549
10096,1,10401,-12659,0,16384,0,-18420
10097,1,10479,-12595,0,16384,0,-18292
10098,1,10556,-12531,0,16385,0,-18164
10099,1,10632,-12466,0,16384,0,-18037
10100,1,10709,-12400,0,16384,0,-17908
10101,1,10785,-12334,0,16384,0,-17780
10102,1,10860,-12268,0,16384,0,-17652
10103,1,10935,-12201,0,16384,0,-17524
10104,1,11010,-12133,0,16384,0,-17395
10105,1,11084,-12066,0,16384,0,-17268
10106,1,11158,-11997,0,16384,0,-17139
10107,1,11231,-11929,0,16384,0,-17013
10108,1,11304,-11860,0,16384,0,-16885
10109,1,11377,-11790,0,16384,0,-16756
10110,1,11449,-11720,0,16384,0,-16628
10111,1,11521,-11650,0,16385,0,-16500
10112,1,11592,-11579,0,16384,0,-16372
10113,1,11663,-11507,0,16384,0,-16244
10114,1,11733,-11436,0,16384,0,-16117
10115,1,11803,-11363,0,16384,0,-15988
10116,1,11872,-11291,0,16384,0,-15861
10117,1,11942,-11218,0,16385,0,-15732
10118,1,12010,-11144,0,16384,0,-15604
10119,1,12078,-11070,0,16384,0,-15476
10120,1,12146,-10996,0,16384,0,-15348
10121,1,12213,-10921,0,16384,0,-15220
10122,1,12280,-10846,0,16384,0,-15092
10123,1,12346,-10770,0,16384,0,-14964
10124,1,12412,-10695,0,16384,0,-14837
10125,1,12478,-10618,0,16384,0,-14708
10126,1,12542,-10541,0,16383,0,-14580
10127,1,12607,-10464,0,16384,0,-14452
10128,1,12671,-10387,0,16385,0,-14324
10129,1,12734,-10309,0,16384,0,-14197
10130,1,12797,-10230,0,16384,0,-14068
10131,1,12860,-10152,0,16384,0,-13940
10132,1,12922,-10073,0,16384,0,-13813
10133,1,12984,-9993,0,16385,0,-13684
10134,1,13045,-9913,0,16384,0,-13556
10135,1,13105,-9833,0,16384,0,-13428
10136,1,13165,-9752,0,16384,0,-13300
10137,1,13225,-9672,0,16385,0,-13172
10138,1,13284,-9590,0,16384,0,-13044
10139,1,13343,-9508,0,16384,0,-12915
10140,1,13401,-9426,0,16384,0,-12788
10141,1,13458,-9344,0,16384,0,-12660
10142,1,13515,-9261,0,16384,0,-12532
10143,1,13572,-9178,0,16384,0,-12404
10144,1,13628,-9095,0,16384,0,-12276
10145,1,13684,-9011,0,16385,0,-12148
10146,1,13739,-8927,0,16385,0,-12020
10147,1,13793,-8842,0,16384,0,-11892
10148,1,13847,-8758,0,16384,0,-11765
10149,1,13901,-8672,0,16384,0,-11636
10150,1,13953,-8587,0,16384,0,-11508
10151,1,14006,-8501,0,16384,0,-11380
10152,1,14058,-8415,0,16384,0,-11252
10153,1,14109,-8329,0,16384,0,-11125
10154,1,14160,-8242,0,16384,0,-10996
10155,1,14210,-8155,0,16384,0,-10868
10156,1,14260,-8068,0,16384,0,-10741
10157,1,14309,-7980,0,16384,0,-10612
10158,1,14358,-7892,0,16384,0,-10484
10159,1,14406,-7804,0,16384,0,-10357
10160,1,14454,-7715,0,16384,0,-10228
10161,1,14501,-7626,0,16384,0,-10100
10162,1,14547,-7537,0,16384,0,-9972
10163,1,14593,-7448,0,16384,0,-9844
10164,1,14639,-7358,0,16384,0,-9716
10165,1,14684,-7268,0,16384,0,-9588
10166,1,14728,-7178,0,16384,0,-9460
10167,1,14772,-7087,0,16384,0,-9331
10168,1,14815,-6997,0,16384,0,-9205
10169,1,14858,-6906,0,16385,0,-9076
10170,1,14900,-6814,0,16384,0,-8948
10171,1,14941,-6723,0,16384,0,-8821
10172,1,14982,-6631,0,16384,0,-8692
10173,1,15023,-6539,0,16385,0,-8564
10174,1,15062,-6447,0,16384,0,-8437
10175,1,15102,-6354,0,16384,0,-8308
10176,1,15140,-6261,0,16384,0,-8180
10177,1,15179,-6168,0,16384,0,-8052
10178,1,15216,-6075,0,16384,0,-7924
10179,1,15253,-5982,0,16384,0,-7797
10180,1,15289,-5888,0,16384,0,-7669
10181,1,15325,-5794,0,16384,0,-7540
10182,1,15361,-5700,0,16385,0,-7412
10183,1,15395,-5605,0,16384,0,-7284
10184,1,15429,-5511,0,16384,0,-7156
10185,1,15463,-5416,0,16384,0,-7028
10186,1,15496,-5321,0,16384,0,-6900
10187,1,15528,-5226,0,16384,0,-6772
10188,1,15560,-5131,0,16384,0,-6645
10189,1,15591,-5035,0,16384,0,-6516
10190,1,15622,-4939,0,16384,0,-6388
10191,1,15652,-4843,0,16384,0,-6260
10192,1,15681,-4747,0,16384,0,-6132
10193,1,15710,-4651,0,16384,0,-6004
10194,1,15738,-4554,0,16384,0,-5876
10195,1,15766,-4458,0,16384,0,-5748
10196,1,15793,-4361,0,16384,0,-5620
10197,1,15819,-4264,0,16384,0,-5493
10198,1,15845,-4167,0,16384,0,-5365
10199,1,15871,-4069,0,16384,0,-5236
10200,1,15895,-3972,0,16384,0,-5108
10201,1,15919,-3874,0,16384,0,-4980
10202,1,15943,-3777,0,16384,0,-4852
10203,1,15966,-3679,0,16384,0,-4724
10204,1,15988,-3581,0,16384,0,-4596
10205,1,16010,-3483,0,16385,0,-4469
10206,1,16031,-3384,0,16384,0,-4340
10207,1,16051,-3286,0,16384,0,-4212
10208,1,16071,-3187,0,16384,0,-4084
10209,1,16090,-3089,0,16384,0,-3957
10210,1,16109,-2990,0,16384,0,-3828
10211,1,16127,-2891,0,16384,0,-3700
10212,1,16144,-2792,0,16384,0,-3572
10213,1,16161,-2693,0,16384,0,-3444
10214,1,16177,-2594,0,16384,0,-3317
10215,1,16193,-2494,0,16384,0,-3188
10216,1,16208,-2395,0,16384,0,-3060
10217,1,16222,-2295,0,16384,0,-2932
10218,1,16236,-2196,0,16384,0,-2805
10219,1,16249,-2096,0,16384,0,-2676
10220,1,16262,-1996,0,16384,0,-2548
10221,1,16274,-1897,0,16384,0,-2421
10222,1,16285,-1797,0,16384,0,-2293
10223,1,16296,-1697,0,16384,0,-2165
10224,1,16306,-1597,0,16384,0,-2037
10225,1,16316,-1497,0,16385,0,-1909
10226,1,16324,-1396,0,16384,0,-1779
10227,1,16333,-1296,0,16384,0,-1652
10228,1,16340,-1196,0,16384,0,-1524
10229,1,16347,-1096,0,16384,0,-1397
10230,1,16354,-995,0,16384,0,-1268
10231,1,16360,-895,0,16385,0,-1140
10232,1,16365,-795,0,16384,0,-1013
10233,1,16369,-694,0,16384,0,-884
10234,1,16373,-594,0,16384,0,-757
10235,1,16377,-493,0,16385,0,-628
10236,1,16379,-393,0,16384,0,-500
10237,1,16381,-292,0,16384,0,-372
10238,1,16383,-192,0,16384,0,-245
10239,1,16384,-91,0,16384,0,-116
10240,1,1638,1,0,1638,0,12
10241,1,1638,11,0,1638,0,142
10242,1,1638,21,0,1638,0,269
10243,1,1638,31,0,1639,0,393
10244,1,1638,41,0,1639,0,522
10245,1,1638,51,0,1639,0,649
10246,1,1637,61,0,1638,0,778
10247,1,1637,71,0,1639,0,905
10248,1,1636,81,0,1638,0,1032
10249,1,1636,91,0,1639,0,1160
10250,1,1635,101,0,1638,0,1287
10251,1,1635,111,0,1639,0,1414
10252,1,1634,121,0,1639,0,1543
10253,1,1633,131,0,1638,0,1670
10254,1,1632,141,0,1638,0,1796
10255,1,1631,152,0,1638,0,1938
10256,1,1630,162,0,1638,0,2066
10257,1,1629,172,0,1638,0,2195
10258,1,1628,182,0,1638,0,2323
10259,1,1627,192,0,1639,0,2449
10260,1,1626,201,0,1638,0,2568
10261,1,1625,211,0,1639,0,2693
10262,1,1623,221,0,1638,0,2824
10263,1,1622,231,0,1639,0,2951
10264,1,1621,241,0,1639,0,3079
10265,1,1619,251,0,1638,0,3209
10266,1,1617,261,0,1638,0,3339
10267,1,1616,271,0,1639,0,3466
10268,1,1614,281,0,1639,0,3594
10269,1,1612,291,0,1638,0,3726
10270,1,1611,301,0,1639,0,3853
10271,1,1609,311,0,1639,0,3983
10272,1,1607,321,0,1639,0,4116
10273,1,1605,330,0,1639,0,4230
10274,1,1603,340,0,1639,0,4360
10275,1,1601,350,0,1639,0,4490
10276,1,1598,360,0,1638,0,4622
10277,1,1596,370,0,1638,0,4753
10278,1,1594,379,0,1639,0,4869
10279,1,1591,389,0,1638,0,5003
10280,1,1589,399,0,1639,0,5131
10281,1,1587,409,0,1639,0,5261
10282,1,1584,418,0,1638,0,5383
10283,1,1581,428,0,1638,0,5515
10284,1,1579,438,0,1639,0,5645
10285,1,1576,448,0,1639,0,5778
10286,1,1573,457,0,1638,0,5899
10287,1,1570,467,0,1638,0,6032
10288,1,1568,476,0,1639,0,6149
10289,1,1565,486,0,1639,0,6282
10290,1,1562,496,0,1639,0,6414
10291,1,1559,505,0,1639,0,6535
10292,1,1555,515,0,1638,0,6674
10293,1,1552,524,0,1638,0,6791
10294,1,1549,534,0,1639,0,6926
10295,1,1546,543,0,1639,0,7047
10296,1,1542,553,0,1638,0,7184
10297,1,1539,562,0,1639,0,7303
10298,1,1535,572,0,1638,0,7440
10299,1,1532,581,0,1639,0,7561
10300,1,1528,591,0,1638,0,7700
10301,1,1525,600,0,1639,0,7819
10302,1,1521,609,0,1639,0,7944
10303,1,1517,619,0,1639,0,8081
10304,1,1513,628,0,1638,0,8209
10305,1,1509,637,0,1638,0,8333
10306,1,1506,646,0,1639,0,8453
10307,1,1502,656,0,1639,0,8588
10308,1,1497,665,0,1638,0,8721
10309,1,1493,674,0,1638,0,8847
10310,1,1489,683,0,1638,0,8971
10311,1,1485,692,0,1639,0,9097
10312,1,1481,701,0,1639,0,9223
10313,1,1476,710,0,1638,0,9352
10314,1,1472,719,0,1638,0,9479
10315,1,1468,728,0,1639,0,9604
10316,1,1463,737,0,1638,0,9735
10317,1,1458,746,0,1638,0,9866
10318,1,1454,755,0,1638,0,9991
10319,1,1449,764,0,1638,0,10123
10320,1,1445,773,0,1639,0,10247
10321,1,1440,782,0,1639,0,10379
10322,1,1435,791,0,1639,0,10510
10323,1,1430,800,0,1639,0,10640
10324,1,1425,808,0,1638,0,10761
10325,1,1420,817,0,1639,0,10892
10326,1,1415,826,0,1639,0,11023
10327,1,1410,834,0,1638,0,11141
10328,1,1405,843,0,1639,0,11274
10329,1,1400,852,0,1639,0,11405
10330,1,1394,860,0,1638,0,11531
10331,1,1389,869,0,1638,0,11665
10332,1,1384,877,0,1639,0,11784
10333,1,1378,886,0,1638,0,11920
10334,1,1373,894,0,1639,0,12040
10335,1,1367,903,0,1638,0,12177
10336,1,1362,911,0,1639,0,12299
10337,1,1356,919,0,1638,0,12425
10338,1,1350,928,0,1638,0,12563
10339,1,1345,936,0,1639,0,12683
10340,1,1339,944,0,1639,0,12810
10341,1,1333,952,0,1638,0,12938
10342,1,1327,961,0,1639,0,13075
10343,1,1321,969,0,1639,0,13201
10344,1,1315,977,0,1638,0,13329
10345,1,1309,985,0,1638,0,13458
10346,1,1303,993,0,1638,0,13584
10347,1,1297,1001,0,1639,0,13713
10348,1,1291,1009,0,1639,0,13840
10349,1,1285,1017,0,1639,0,13967
10350,1,1279,1024,0,1639,0,14085
10351,1,1272,1032,0,1638,0,14219
10352,1,1266,1040,0,1639,0,14347
10353,1,1260,1048,0,1639,0,14472
10354,1,1253,1056,0,1639,0,14609
10355,1,1247,1063,0,1639,0,14726
10356,1,1240,1071,0,1639,0,14863
10357,1,1233,1078,0,1638,0,14987
10358,1,1227,1086,0,1639,0,15113
10359,1,1220,1094,0,1639,0,15250
10360,1,1213,1101,0,1638,0,15376
10361,1,1207,1108,0,1639,0,15493
10362,1,1200,1116,0,1639,0,15630
10363,1,1193,1123,0,1639,0,15754
10364,1,1186,1130,0,1638,0,15880
10365,1,1179,1138,0,1639,0,16016
10366,1,1172,1145,0,1639,0,16142
10367,1,1165,1152,0,1639,0,16269
10368,1,1158,1159,0,1639,0,16394
10369,1,1151,1166,0,1639,0,16519
10370,1,1144,1173,0,1639,0,16645
10371,1,1136,1180,0,1638,0,16780
10372,1,1129,1187,0,1638,0,16907
10373,1,1122,1194,0,1639,0,17033
10374,1,1114,1201,0,1638,0,17168
10375,1,1107,1208,0,1639,0,17294
10376,1,1100,1215,0,1639,0,17418
10377,1,1092,1221,0,1638,0,17546
10378,1,1085,1228,0,1639,0,17673
10379,1,1077,1235,0,1639,0,17807
10380,1,1069,1241,0,1638,0,17934
10381,1,1062,1248,0,1639,0,18060
10382,1,1054,1254,0,1638,0,18189
10383,1,1046,1261,0,1639,0,18322
10384,1,1039,1267,0,1639,0,18439
10385,1,1031,1273,0,1638,0,18566
10386,1,1023,1280,0,1639,0,18701
10387,1,1015,1286,0,1639,0,18829
10388,1,1007,1292,0,1638,0,18957
10389,1,999,1298,0,1638,0,19083
10390,1,991,1304,0,1638,0,19211
10391,1,983,1311,0,1639,0,19347
10392,1,975,1317,0,1639,0,19474
10393,1,967,1322,0,1638,0,19594
10394,1,959,1328,0,1638,0,19721
10395,1,951,1334,0,1638,0,19848
10396,1,943,1340,0,1639,0,19977
10397,1,934,1346,0,1638,0,20114
10398,1,926,1352,0,1639,0,20242
10399,1,918,1357,0,1639,0,20360
10400,1,909,1363,0,1639,0,20499
10401,1,901,1368,0,1638,0,20620
10402,1,893,1374,0,1639,0,20746
10403,1,884,1379,0,1638,0,20877
10404,1,876,1385,0,1639,0,21001
10405,1,867,1390,0,1638,0,21134
10406,1,859,1395,0,1639,0,21255
10407,1,850,1401,0,1639,0,21392
10408,1,842,1406,0,1639,0,21512
10409,1,833,1411,0,1639,0,21642
10410,1,824,1416,0,1638,0,21774
10411,1,815,1421,0,1638,0,21906
10412,1,807,1426,0,1639,0,22025
10413,1,798,1431,0,1639,0,22156
10414,1,789,1436,0,1639,0,22286
10415,1,780,1441,0,1639,0,22418
10416,1,772,1445,0,1638,0,22532
10417,1,763,1450,0,1639,0,22663
10418,1,754,1455,0,1639,0,22795
10419,1,745,1459,0,1638,0,22920
10420,1,736,1464,0,1639,0,23052
10421,1,727,1468,0,1638,0,23176
10422,1,718,1473,0,1639,0,23307
10423,1,709,1477,0,1638,0,23434
10424,1,700,1481,0,1638,0,23557
10425,1,691,1486,0,1639,0,23688
10426,1,681,1490,0,1638,0,23825
10427,1,672,1494,0,1638,0,23950
10428,1,663,1498,0,1638,0,24075
10429,1,654,1502,0,1639,0,24200
10430,1,645,1506,0,1638,0,24328
10431,1,635,1510,0,1638,0,24465
10432,1,626,1514,0,1638,0,24590
10433,1,617,1518,0,1639,0,24716
10434,1,608,1522,0,1639,0,24842
10435,1,598,1525,0,1638,0,24973
10436,1,589,1529,0,1639,0,25098
10437,1,579,1533,0,1639,0,25235
10438,1,570,1536,0,1639,0,25356
10439,1,561,1540,0,1639,0,25482
10440,1,551,1543,0,1638,0,25614
10441,1,542,1546,0,1638,0,25735
10442,1,532,1550,0,1639,0,25872
10443,1,523,1553,0,1639,0,25993
10444,1,513,1556,0,1638,0,26125
10445,1,503,1559,0,1638,0,26257
10446,1,494,1562,0,1639,0,26377
10447,1,484,1565,0,1638,0,26512
10448,1,475,1568,0,1639,0,26631
10449,1,465,1571,0,1639,0,26764
10450,1,455,1574,0,1639,0,26897
10451,1,446,1577,0,1639,0,27018
10452,1,436,1579,0,1638,0,27148
10453,1,426,1582,0,1639,0,27280
10454,1,417,1585,0,1639,0,27401
10455,1,407,1587,0,1639,0,27531
10456,1,397,1590,0,1639,0,27663
10457,1,387,1592,0,1639,0,27795
10458,1,378,1594,0,1638,0,27912
10459,1,368,1597,0,1639,0,28044
10460,1,358,1599,0,1639,0,28174
10461,1,348,1601,0,1639,0,28304
10462,1,338,1603,0,1638,0,28434
10463,1,329,1605,0,1638,0,28552
10464,1,319,1607,0,1639,0,28679
10465,1,309,1609,0,1638,0,28810
10466,1,299,1611,0,1639,0,28940
10467,1,289,1613,0,1639,0,29070
10468,1,279,1614,0,1638,0,29197
10469,1,269,1616,0,1638,0,29327
10470,1,259,1618,0,1639,0,29457
10471,1,249,1619,0,1638,0,29586
10472,1,239,1621,0,1639,0,29714
10473,1,230,1622,0,1638,0,29831
10474,1,220,1624,0,1639,0,29958
10475,1,210,1625,0,1639,0,30087
10476,1,200,1626,0,1639,0,30215
10477,1,190,1627,0,1638,0,30343
10478,1,180,1629,0,1639,0,30474
10479,1,170,1630,0,1639,0,30601
10480,1,160,1631,0,1639,0,30730
10481,1,150,1632,0,1639,0,30856
10482,1,140,1632,0,1638,0,30984
10483,1,130,1633,0,1638,0,31113
10484,1,120,1634,0,1639,0,31236
10485,1,110,1635,0,1639,0,31366
10486,1,100,1635,0,1638,0,31494
10487,1,90,1636,0,1639,0,31622
10488,1,79,1636,0,1638,0,31762
10489,1,69,1637,0,1639,0,31888
10490,1,59,1637,0,1638,0,32017
10491,1,49,1638,0,1639,0,32144
10492,1,39,1638,0,1639,0,32273
10493,1,29,1638,0,1638,0,32400
10494,1,19,1638,0,1638,0,32526
10495,1,9,1638,0,1638,0,32654
10496,1,-1,1638,0,1638,0,32780
10497,1,-11,1638,0,1638,0,32910
10498,1,-21,1638,0,1638,0,33037
10499,1,-31,1638,0,1639,0,33161
10500,1,-41,1638,0,1639,0,33290
10501,1,-51,1638,0,1639,0,33417
10502,1,-61,1637,0,1638,0,33546
10503,1,-71,1637,0,1639,0,33673
10504,1,-81,1636,0,1638,0,33800
10505,1,-91,1636,0,1639,0,33928
10506,1,-101,1635,0,1638,0,34055
10507,1,-111,1635,0,1639,0,34182
10508,1,-121,1634,0,1639,0,34311
10509,1,-131,1633,0,1638,0,34438
10510,1,-141,1632,0,1638,0,34564
10511,1,-152,1631,0,1638,0,34706
10512,1,-162,1630,0,1638,0,34834
10513,1,-172,1629,0,1638,0,34963
10514,1,-182,1628,0,1638,0,35091
10515,1,-192,1627,0,1639,0,35217
10516,1,-201,1626,0,1638,0,35336
10517,1,-211,1625,0,1639,0,35461
10518,1,-221,1623,0,1638,0,35592
10519,1,-231,1622,0,1639,0,35719
10520,1,-241,1621,0,1639,0,35847
10521,1,-251,1619,0,1638,0,35977
10522,1,-261,1617,0,1638,0,36107
10523,1,-271,1616,0,1639,0,36234
10524,1,-281,1614,0,1639,0,36362
10525,1,-291,1612,0,1638,0,36494
10526,1,-301,1611,0,1639,0,36621
10527,1,-311,1609,0,1639,0,36751
10528,1,-321,1607,0,1639,0,36884
10529,1,-330,1605,0,1639,0,36998
10530,1,-340,1603,0,1639,0,37128
10531,1,-350,1601,0,1639,0,37258
10532,1,-360,1598,0,1638,0,37390
10533,1,-370,1596,0,1638,0,37521
10534,1,-379,1594,0,1639,0,37637
10535,1,-389,1591,0,1638,0,37771
10536,1,-399,1589,0,1639,0,37899
10537,1,-409,1587,0,1639,0,38029
10538,1,-418,1584,0,1638,0,38151
10539,1,-428,1581,0,1638,0,38283
10540,1,-438,1579,0,1639,0,38413
10541,1,-448,1576,0,1639,0,38546
10542,1,-457,1573,0,1638,0,38667
10543,1,-467,1570,0,1638,0,38800
10544,1,-476,1568,0,1639,0,38917
10545,1,-486,1565,0,1639,0,39050
10546,1,-496,1562,0,1639,0,39182
10547,1,-505,1559,0,1639,0,39303
10548,1,-515,1555,0,1638,0,39442
10549,1,-524,1552,0,1638,0,39559
10550,1,-534,1549,0,1639,0,39694
10551,1,-543,1546,0,1639,0,39815
10552,1,-553,1542,0,1638,0,39952
10553,1,-562,1539,0,1639,0,40071
10554,1,-572,1535,0,1638,0,40208
10555,1,-581,1532,0,1639,0,40329
10556,1,-591,1528,0,1638,0,40468
10557,1,-600,1525,0,1639,0,40587
10558,1,-609,1521,0,1639,0,40712
10559,1,-619,1517,0,1639,0,40849
10560,1,-628,1513,0,1638,0,40977
10561,1,-637,1509,0,1638,0,41101
10562,1,-646,1506,0,1639,0,41221
10563,1,-656,1502,0,1639,0,41356
10564,1,-665,1497,0,1638,0,41489
10565,1,-674,1493,0,1638,0,41615
10566,1,-683,1489,0,1638,0,41739
10567,1,-692,1485,0,1639,0,41865
10568,1,-701,1481,0,1639,0,41991
10569,1,-710,1476,0,1638,0,42120
10570,1,-719,1472,0,1638,0,42247
10571,1,-728,1468,0,1639,0,42372
10572,1,-737,1463,0,1638,0,42503
10573,1,-746,1458,0,1638,0,42634
10574,1,-755,1454,0,1638,0,42759
10575,1,-764,1449,0,1638,0,42891
10576,1,-773,1445,0,1639,0,43015
10577,1,-782,1440,0,1639,0,43147
10578,1,-791,1435,0,1639,0,43278
10579,1,-800,1430,0,1639,0,43408
10580,1,-808,1425,0,1638,0,43529
10581,1,-817,1420,0,1639,0,43660
10582,1,-826,1415,0,1639,0,43791
10583,1,-834,1410,0,1638,0,43909
10584,1,-843,1405,0,1639,0,44042
10585,1,-852,1400,0,1639,0,44173
10586,1,-860,1394,0,1638,0,44299
10587,1,-869,1389,0,1638,0,44433
10588,1,-877,1384,0,1639,0,44552
10589,1,-886,1378,0,1638,0,44688
10590,1,-894,1373,0,1639,0,44808
10591,1,-903,1367,0,1638,0,44945
10592,1,-911,1362,0,1639,0,45067
10593,1,-919,1356,0,1638,0,45193
10594,1,-928,1350,0,1638,0,45331
10595,1,-936,1345,0,1639,0,45451
10596,1,-944,1339,0,1639,0,45578
10597,1,-952,1333,0,1638,0,45706
10598,1,-961,1327,0,1639,0,45843
10599,1,-969,1321,0,1639,0,45969
10600,1,-977,1315,0,1638,0,46097
10601,1,-985,1309,0,1638,0,46226
10602,1,-993,1303,0,1638,0,46352
10603,1,-1001,1297,0,1639,0,46481
10604,1,-1009,1291,0,1639,0,46608
10605,1,-1017,1285,0,1639,0,46735
10606,1,-1024,1279,0,1639,0,46853
10607,1,-1032,1272,0,1638,0,46987
10608,1,-1040,1266,0,1639,0,47115
10609,1,-1048,1260,0,1639,0,47240
10610,1,-1056,1253,0,1639,0,47377
10611,1,-1063,1247,0,1639,0,47494
10612,1,-1071,1240,0,1639,0,47631
10613,1,-1078,1233,0,1638,0,47755
10614,1,-1086,1227,0,1639,0,47881
10615,1,-1094,1220,0,1639,0,48018
10616,1,-1101,1213,0,1638,0,48144
10617,1,-1108,1207,0,1639,0,48261
10618,1,-1116,1200,0,1639,0,48398
10619,1,-1123,1193,0,1639,0,48522
10620,1,-1130,1186,0,1638,0,48648
10621,1,-1138,1179,0,1639,0,48784
10622,1,-1145,1172,0,1639,0,48910
10623,1,-1152,1165,0,1639,0,49037
10624,1,-1159,1158,0,1639,0,49162
10625,1,-1166,1151,0,1639,0,49287
10626,1,-1173,1144,0,1639,0,49413
10627,1,-1180,1136,0,1638,0,49548
10628,1,-1187,1129,0,1638,0,49675
10629,1,-1194,1122,0,1639,0,49801
10630,1,-1201,1114,0,1638,0,49936
10631,1,-1208,1107,0,1639,0,50062
10632,1,-1215,1100,0,1639,0,50186
10633,1,-1221,1092,0,1638,0,50314
10634,1,-1228,1085,0,1639,0,50441
10635,1,-1235,1077,0,1639,0,50575
10636,1,-1241,1069,0,1638,0,50702
10637,1,-1248,1062,0,1639,0,50828
10638,1,-1254,1054,0,1638,0,50957
10639,1,-1261,1046,0,1639,0,51090
10640,1,-1267,1039,0,1639,0,51207
10641,1,-1273,1031,0,1638,0,51334
10642,1,-1280,1023,0,1639,0,51469
10643,1,-1286,1015,0,1639,0,51597
10644,1,-1292,1007,0,1638,0,51725
10645,1,-1298,999,0,1638,0,51851
10646,1,-1304,991,0,1638,0,51979
10647,1,-1311,983,0,1639,0,52115
10648,1,-1317,975,0,1639,0,52242
10649,1,-1322,967,0,1638,0,52362
10650,1,-1328,959,0,1638,0,52489
10651,1,-1334,951,0,1638,0,52616
10652,1,-1340,943,0,1639,0,52745
10653,1,-1346,934,0,1638,0,52882
10654,1,-1352,926,0,1639,0,53010
10655,1,-1357,918,0,1639,0,53128
10656,1,-1363,909,0,1639,0,53267
10657,1,-1368,901,0,1638,0,53388
10658,1,-1374,893,0,1639,0,53514
10659,1,-1379,884,0,1638,0,53645
10660,1,-1385,876,0,1639,0,53769
10661,1,-1390,867,0,1638,0,53902
10662,1,-1395,859,0,1639,0,54023
10663,1,-1401,850,0,1639,0,54160
10664,1,-1406,842,0,1639,0,54280
10665,1,-1411,833,0,1639,0,54410
10666,1,-1416,824,0,1638,0,54542
10667,1,-1421,815,0,1638,0,54674
10668,1,-1426,807,0,1639,0,54793
10669,1,-1431,798,0,1639,0,54924
10670,1,-1436,789,0,1639,0,55054
10671,1,-1441,780,0,1639,0,55186
10672,1,-1445,772,0,1638,0,55300
10673,1,-1450,763,0,1639,0,55431
10674,1,-1455,754,0,1639,0,55563
10675,1,-1459,745,0,1638,0,55688
10676,1,-1464,736,0,1639,0,55820
10677,1,-1468,727,0,1638,0,55944
10678,1,-1473,718,0,1639,0,56075
10679,1,-1477,709,0,1638,0,56202
10680,1,-1481,700,0,1638,0,56325
10681,1,-1486,691,0,1639,0,56456
10682,1,-1490,681,0,1638,0,56593
10683,1,-1494,672,0,1638,0,56718
10684,1,-1498,663,0,1638,0,56843
10685,1,-1502,654,0,1639,0,56968
10686,1,-1506,645,0,1638,0,57096
10687,1,-1510,635,0,1638,0,57233
10688,1,-1514,626,0,1638,0,57358
10689,1,-1518,617,0,1639,0,57484
10690,1,-1522,608,0,1639,0,57610
10691,1,-1525,598,0,1638,0,57741
10692,1,-1529,589,0,1639,0,57866
10693,1,-1533,579,0,1639,0,58003
10694,1,-1536,570,0,1639,0,58124
10695,1,-1540,561,0,1639,0,58250
10696,1,-1543,551,0,1638,0,58382
10697,1,-1546,542,0,1638,0,58503
10698,1,-1550,532,0,1639,0,58640
10699,1,-1553,523,0,1639,0,58761
10700,1,-1556,513,0,1638,0,58893
10701,1,-1559,503,0,1638,0,59025
10702,1,-1562,494,0,1639,0,59145
10703,1,-1565,484,0,1638,0,59280
10704,1,-1568,475,0,1639,0,59399
10705,1,-1571,465,0,1639,0,59532
10706,1,-1574,455,0,1639,0,59665
10707,1,-1577,446,0,1639,0,59786
10708,1,-1579,436,0,1638,0,59916
10709,1,-1582,426,0,1639,0,60048
10710,1,-1585,417,0,1639,0,60169
10711,1,-1587,407,0,1639,0,60299
10712,1,-1590,397,0,1639,0,60431
10713,1,-1592,387,0,1639,0,60563
10714,1,-1594,378,0,1638,0,60680
10715,1,-1597,368,0,1639,0,60812
10716,1,-1599,358,0,1639,0,60942
10717,1,-1601,348,0,1639,0,61072
10718,1,-1603,338,0,1638,0,61202
10719,1,-1605,329,0,1638,0,61320
10720,1,-1607,319,0,1639,0,61447
10721,1,-1609,309,0,1638,0,61578
10722,1,-1611,299,0,1639,0,61708
10723,1,-1613,289,0,1639,0,61838
10724,1,-1614,279,0,1638,0,61965
10725,1,-1616,269,0,1638,0,62095
10726,1,-1618,259,0,1639,0,62225
10727,1,-1619,249,0,1638,0,62354
10728,1,-1621,239,0,1639,0,62482
10729,1,-1622,230,0,1638,0,62599
10730,1,-1624,220,0,1639,0,62726
10731,1,-1625,210,0,1639,0,62855
10732,1,-1626,200,0,1639,0,62983
10733,1,-1627,190,0,1638,0,63111
10734,1,-1629,180,0,1639,0,63242
10735,1,-1630,170,0,1639,0,63369
10736,1,-1631,160,0,1639,0,63498
10737,1,-1632,150,0,1639,0,63624
10738,1,-1632,140,0,1638,0,63752
10739,1,-1633,130,0,1638,0,63881
10740,1,-1634,120,0,1639,0,64004
10741,1,-1635,110,0,1639,0,64134
10742,1,-1635,100,0,1638,0,64262
10743,1,-1636,90,0,1639,0,64390
10744,1,-1636,79,0,1638,0,64530
10745,1,-1637,69,0,1639,0,64656
10746,1,-1637,59,0,1638,0,64785
10747,1,-1638,49,0,1639,0,64912
10748,1,-1638,39,0,1639,0,65041
10749,1,-1638,29,0,1638,0,65168
10750,1,-1638,19,0,1638,0,65294
10751,1,-1638,9,0,1638,0,65422
10752,1,-1638,-1,0,1638,0,-65524
10753,1,-1638,-11,0,1638,0,-65394
10754,1,-1638,-21,0,1638,0,-65267
10755,1,-1638,-31,0,1639,0,-65143
10756,1,-1638,-41,0,1639,0,-65014
10757,1,-1638,-51,0,1639,0,-64887
10758,1,-1637,-61,0,1638,0,-64758
10759,1,-1637,-71,0,1639,0,-64631
10760,1,-1636,-81,0,1638,0,-64504
10761,1,-1636,-91,0,1639,0,-64376
10762,1,-1635,-101,0,1638,0,-64249
10763,1,-1635,-111,0,1639,0,-64122
10764,1,-1634,-121,0,1639,0,-63993
10765,1,-1633,-131,0,1638,0,-63866
10766,1,-1632,-141,0,1638,0,-63740
10767,1,-1631,-152,0,1638,0,-63598
10768,1,-1630,-162,0,1638,0,-63470
10769,1,-1629,-172,0,1638,0,-63341
10770,1,-1628,-182,0,1638,0,-63213
10771,1,-1627,-192,0,1639,0,-63087
10772,1,-1626,-201,0,1638,0,-62968
10773,1,-1625,-211,0,1639,0,-62843
10774,1,-1623,-221,0,1638,0,-62712
10775,1,-1622,-231,0,1639,0,-62585
10776,1,-1621,-241,0,1639,0,-62457
10777,1,-1619,-251,0,1638,0,-62327
10778,1,-1617,-261,0,1638,0,-62197
10779,1,-1616,-271,0,1639,0,-62070
10780,1,-1614,-281,0,1639,0,-61942
10781,1,-1612,-291,0,1638,0,-61810
10782,1,-1611,-301,0,1639,0,-61683
10783,1,-1609,-311,0,1639,0,-61553
10784,1,-1607,-321,0,1639,0,-61420
10785,1,-1605,-330,0,1639,0,-61306
10786,1,-1603,-340,0,1639,0,-61176
10787,1,-1601,-350,0,1639,0,-61046
10788,1,-1598,-360,0,1638,0,-60914
10789,1,-1596,-370,0,1638,0,-60783
10790,1,-1594,-379,0,1639,0,-60667
10791,1,-1591,-389,0,1638,0,-60533
10792,1,-1589,-399,0,1639,0,-60405
10793,1,-1587,-409,0,1639,0,-60275
10794,1,-1584,-418,0,1638,0,-60153
10795,1,-1581,-428,0,1638,0,-60021
10796,1,-1579,-438,0,1639,0,-59891
10797,1,-1576,-448,0,1639,0,-59758
10798,1,-1573,-457,0,1638,0,-59637
10799,1,-1570,-467,0,1638,0,-59504
10800,1,-1568,-476,0,1639,0,-59387
10801,1,-1565,-486,0,1639,0,-59254
10802,1,-1562,-496,0,1639,0,-59122
10803,1,-1559,-505,0,1639,0,-59001
10804,1,-1555,-515,0,1638,0,-58862
10805,1,-1552,-524,0,1638,0,-58745
10806,1,-1549,-534,0,1639,0,-58610
10807,1,-1546,-543,0,1639,0,-58489
10808,1,-1542,-553,0,1638,0,-58352
10809,1,-1539,-562,0,1639,0,-58233
10810,1,-1535,-572,0,1638,0,-58096
10811,1,-1532,-581,0,1639,0,-57975
10812,1,-1528,-591,0,1638,0,-57836
10813,1,-1525,-600,0,1639,0,-57717
10814,1,-1521,-609,0,1639,0,-57592
10815,1,-1517,-619,0,1639,0,-57455
10816,1,-1513,-628,0,1638,0,-57327
10817,1,-1509,-637,0,1638,0,-57203
10818,1,-1506,-646,0,1639,0,-57083
10819,1,-1502,-656,0,1639,0,-56948
10820,1,-1497,-665,0,1638,0,-56815
10821,1,-1493,-674,0,1638,0,-56689
10822,1,-1489,-683,0,1638,0,-56565
10823,1,-1485,-692,0,1639,0,-56439
10824,1,-1481,-701,0,1639,0,-56313
10825,1,-1476,-710,0,1638,0,-56184
10826,1,-1472,-719,0,1638,0,-56057
10827,1,-1468,-728,0,1639,0,-55932
10828,1,-1463,-737,0,1638,0,-55801
10829,1,-1458,-746,0,1638,0,-55670
10830,1,-1454,-755,0,1638,0,-55545
10831,1,-1449,-764,0,1638,0,-55413
10832,1,-1445,-773,0,1639,0,-55289
10833,1,-1440,-782,0,1639,0,-55157
10834,1,-1435,-791,0,1639,0,-55026
10835,1,-1430,-800,0,1639,0,-54896
10836,1,-1425,-808,0,1638,0,-54775
10837,1,-1420,-817,0,1639,0,-54644
10838,1,-1415,-826,0,1639,0,-54513
10839,1,-1410,-834,0,1638,0,-54395
10840,1,-1405,-843,0,1639,0,-54262
10841,1,-1400,-852,0,1639,0,-54131
10842,1,-1394,-860,0,1638,0,-54005
10843,1,-1389,-869,0,1638,0,-53871
10844,1,-1384,-877,0,1639,0,-53752
10845,1,-1378,-886,0,1638,0,-53616
10846,1,-1373,-894,0,1639,0,-53496
10847,1,-1367,-903,0,1638,0,-53359
10848,1,-1362,-911,0,1639,0,-53237
10849,1,-1356,-919,0,1638,0,-53111
10850,1,-1350,-928,0,1638,0,-52973
10851,1,-1345,-936,0,1639,0,-52853
10852,1,-1339,-944,0,1639,0,-52726
10853,1,-1333,-952,0,1638,0,-52598
10854,1,-1327,-961,0,1639,0,-52461
10855,1,-1321,-969,0,1639,0,-52335
10856,1,-1315,-977,0,1638,0,-52207
10857,1,-1309,-985,0,1638,0,-52078
10858,1,-1303,-993,0,1638,0,-51952
10859,1,-1297,-1001,0,1639,0,-51823
10860,1,-1291,-1009,0,1639,0,-51696
10861,1,-1285,-1017,0,1639,0,-51569
10862,1,-1279,-1024,0,1639,0,-51451
10863,1,-1272,-1032,0,1638,0,-51317
10864,1,-1266,-1040,0,1639,0,-51189
10865,1,-1260,-1048,0,1639,0,-51064
10866,1,-1253,-1056,0,1639,0,-50927
10867,1,-1247,-1063,0,1639,0,-50810
10868,1,-1240,-1071,0,1639,0,-50673
10869,1,-1233,-1078,0,1638,0,-50549
10870,1,-1227,-1086,0,1639,0,-50423
10871,1,-1220,-1094,0,1639,0,-50286
10872,1,-1213,-1101,0,1638,0,-50160
10873,1,-1207,-1108,0,1639,0,-50043
10874,1,-1200,-1116,0,1639,0,-49906
10875,1,-1193,-1123,0,1639,0,-49782
10876,1,-1186,-1130,0,1638,0,-49656
10877,1,-1179,-1138,0,1639,0,-49520
10878,1,-1172,-1145,0,1639,0,-49394
10879,1,-1165,-1152,0,1639,0,-49267
10880,1,-1158,-1159,0,1639,0,-49142
10881,1,-1151,-1166,0,1639,0,-49017
10882,1,-1144,-1173,0,1639,0,-48891
10883,1,-1136,-1180,0,1638,0,-48756
10884,1,-1129,-1187,0,1638,0,-48629
10885,1,-1122,-1194,0,1639,0,-48503
10886,1,-1114,-1201,0,1638,0,-48368
10887,1,-1107,-1208,0,1639,0,-48242
10888,1,-1100,-1215,0,1639,0,-48118
10889,1,-1092,-1221,0,1638,0,-47990
10890,1,-1085,-1228,0,1639,0,-47863
10891,1,-1077,-1235,0,1639,0,-47729
10892,1,-1069,-1241,0,1638,0,-47602
10893,1,-1062,-1248,0,1639,0,-47476
10894,1,-1054,-1254,0,1638,0,-47347
10895,1,-1046,-1261,0,1639,0,-47214
10896,1,-1039,-1267,0,1639,0,-47097
10897,1,-1031,-1273,0,1638,0,-46970
10898,1,-1023,-1280,0,1639,0,-46835
10899,1,-1015,-1286,0,1639,0,-46707
10900,1,-1007,-1292,0,1638,0,-46579
10901,1,-999,-1298,0,1638,0,-46453
10902,1,-991,-1304,0,1638,0,-46325
10903,1,-983,-1311,0,1639,0,-46189
10904,1,-975,-1317,0,1639,0,-46062
10905,1,-967,-1322,0,1638,0,-45942
10906,1,-959,-1328,0,1638,0,-45815
10907,1,-951,-1334,0,1638,0,-45688
10908,1,-943,-1340,0,1639,0,-45559
10909,1,-934,-1346,0,1638,0,-45422
10910,1,-926,-1352,0,1639,0,-45294
10911,1,-918,-1357,0,1639,0,-45176
10912,1,-909,-1363,0,1639,0,-45037
10913,1,-901,-1368,0,1638,0,-44916
10914,1,-893,-1374,0,1639,0,-44790
10915,1,-884,-1379,0,1638,0,-44659
10916,1,-876,-1385,0,1639,0,-44535
10917,1,-867,-1390,0,1638,0,-44402
10918,1,-859,-1395,0,1639,0,-44281
10919,1,-850,-1401,0,1639,0,-44144
10920,1,-842,-1406,0,1639,0,-44024
10921,1,-833,-1411,0,1639,0,-43894
10922,1,-824,-1416,0,1638,0,-43762
10923,1,-815,-1421,0,1638,0,-43630
10924,1,-807,-1426,0,1639,0,-43511
10925,1,-798,-1431,0,1639,0,-43380
10926,1,-789,-1436,0,1639,0,-43250
10927,1,-780,-1441,0,1639,0,-43118
10928,1,-772,-1445,0,1638,0,-43004
10929,1,-763,-1450,0,1639,0,-42873
10930,1,-754,-1455,0,1639,0,-42741
10931,1,-745,-1459,0,1638,0,-42616
10932,1,-736,-1464,0,1639,0,-42484
10933,1,-727,-1468,0,1638,0,-42360
10934,1,-718,-1473,0,1639,0,-42229
10935,1,-709,-1477,0,1638,0,-42102
10936,1,-700,-1481,0,1638,0,-41979
10937,1,-691,-1486,0,1639,0,-41848
10938,1,-681,-1490,0,1638,0,-41711
10939,1,-672,-1494,0,1638,0,-41586
10940,1,-663,-1498,0,1638,0,-41461
10941,1,-654,-1502,0,1639,0,-41336
10942,1,-645,-1506,0,1638,0,-41208
10943,1,-635,-1510,0,1638,0,-41071
10944,1,-626,-1514,0,1638,0,-40946
10945,1,-617,-1518,0,1639,0,-40820
10946,1,-608,-1522,0,1639,0,-40694
10947,1,-598,-1525,0,1638,0,-40563
10948,1,-589,-1529,0,1639,0,-40438
10949,1,-579,-1533,0,1639,0,-40301
10950,1,-570,-1536,0,1639,0,-40180
10951,1,-561,-1540,0,1639,0,-40054
10952,1,-551,-1543,0,1638,0,-39922
10953,1,-542,-1546,0,1638,0,-39801
10954,1,-532,-1550,0,1639,0,-39664
10955,1,-523,-1553,0,1639,0,-39543
10956,1,-513,-1556,0,1638,0,-39411
10957,1,-503,-1559,0,1638,0,-39279
10958,1,-494,-1562,0,1639,0,-39159
10959,1,-484,-1565,0,1638,0,-39024
10960,1,-475,-1568,0,1639,0,-38905
10961,1,-465,-1571,0,1639,0,-38772
10962,1,-455,-1574,0,1639,0,-38639
10963,1,-446,-1577,0,1639,0,-38518
10964,1,-436,-1579,0,1638,0,-38388
10965,1,-426,-1582,0,1639,0,-38256
10966,1,-417,-1585,0,1639,0,-38135
10967,1,-407,-1587,0,1639,0,-38005
10968,1,-397,-1590,0,1639,0,-37873
10969,1,-387,-1592,0,1639,0,-37741
10970,1,-378,-1594,0,1638,0,-37624
10971,1,-368,-1597,0,1639,0,-37492
10972,1,-358,-1599,0,1639,0,-37362
10973,1,-348,-1601,0,1639,0,-37232
10974,1,-338,-1603,0,1638,0,-37102
10975,1,-329,-1605,0,1638,0,-36984
10976,1,-319,-1607,0,1639,0,-36857
10977,1,-309,-1609,0,1638,0,-36726
10978,1,-299,-1611,0,1639,0,-36596
10979,1,-289,-1613,0,1639,0,-36466
10980,1,-279,-1614,0,1638,0,-36339
10981,1,-269,-1616,0,1638,0,-36209
10982,1,-259,-1618,0,1639,0,-36079
10983,1,-249,-1619,0,1638,0,-35950
10984,1,-239,-1621,0,1639,0,-35822
10985,1,-230,-1622,0,1638,0,-35705
10986,1,-220,-1624,0,1639,0,-35578
10987,1,-210,-1625,0,1639,0,-35449
10988,1,-200,-1626,0,1639,0,-35321
10989,1,-190,-1627,0,1638,0,-35193
10990,1,-180,-1629,0,1639,0,-35062
10991,1,-170,-1630,0,1639,0,-34935
10992,1,-160,-1631,0,1639,0,-34806
10993,1,-150,-1632,0,1639,0,-34680
10994,1,-140,-1632,0,1638,0,-34552
10995,1,-130,-1633,0,1638,0,-34423
10996,1,-120,-1634,0,1639,0,-34300
10997,1,-110,-1635,0,1639,0,-34170
10998,1,-100,-1635,0,1638,0,-34042
10999,1,-90,-1636,0,1639,0,-33914
11000,1,-79,-1636,0,1638,0,-33774
11001,1,-69,-1637,0,1639,0,-33648
11002,1,-59,-1637,0,1638,0,-33519
11003,1,-49,-1638,0,1639,0,-33392
11004,1,-39,-1638,0,1639,0,-33263
11005,1,-29,-1638,0,1638,0,-33136
11006,1,-19,-1638,0,1638,0,-33010
11007,1,-9,-1638,0,1638,0,-32882
11008,1,1,-1638,0,1638,0,-32756
11009,1,11,-1638,0,1638,0,-32626
11010,1,21,-1638,0,1638,0,-32499
11011,1,31,-1638,0,1639,0,-32375
11012,1,41,-1638,0,1639,0,-32246
11013,1,51,-1638,0,1639,0,-32119
11014,1,61,-1637,0,1638,0,-31990
11015,1,71,-1637,0,1639,0,-31863
11016,1,81,-1636,0,1638,0,-31736
11017,1,91,-1636,0,1639,0,-31608
11018,1,101,-1635,0,1638,0,-31481
11019,1,111,-1635,0,1639,0,-31354
11020,1,121,-1634,0,1639,0,-31225
11021,1,131,-1633,0,1638,0,-31098
11022,1,141,-1632,0,1638,0,-30972
11023,1,152,-1631,0,1638,0,-30830
11024,1,162,-1630,0,1638,0,-30702
11025,1,172,-1629,0,1638,0,-30573
11026,1,182,-1628,0,1638,0,-30445
11027,1,192,-1627,0,1639,0,-30319
11028,1,201,-1626,0,1638,0,-30200
11029,1,211,-1625,0,1639,0,-30075
11030,1,221,-1623,0,1638,0,-29944
11031,1,231,-1622,0,1639,0,-29817
11032,1,241,-1621,0,1639,0,-29689
11033,1,251,-1619,0,1638,0,-29559
11034,1,261,-1617,0,1638,0,-29429
11035,1,271,-1616,0,1639,0,-29302
11036,1,281,-1614,0,1639,0,-29174
11037,1,291,-1612,0,1638,0,-29042
11038,1,301,-1611,0,1639,0,-28915
11039,1,311,-1609,0,1639,0,-28785
11040,1,321,-1607,0,1639,0,-28652
11041,1,330,-1605,0,1639,0,-28538
11042,1,340,-1603,0,1639,0,-28408
11043,1,350,-1601,0,1639,0,-28278
11044,1,360,-1598,0,1638,0,-28146
11045,1,370,-1596,0,1638,0,-28015
11046,1,379,-1594,0,1639,0,-27899
11047,1,389,-1591,0,1638,0,-27765
11048,1,399,-1589,0,1639,0,-27637
11049,1,409,-1587,0,1639,0,-27507
11050,1,418,-1584,0,1638,0,-27385
11051,1,428,-1581,0,1638,0,-27253
11052,1,438,-1579,0,1639,0,-27123
11053,1,448,-1576,0,1639,0,-26990
11054,1,457,-1573,0,1638,0,-26869
11055,1,467,-1570,0,1638,0,-26736
11056,1,476,-1568,0,1639,0,-26619
11057,1,486,-1565,0,1639,0,-26486
11058,1,496,-1562,0,1639,0,-26354
11059,1,505,-1559,0,1639,0,-26233
11060,1,515,-1555,0,1638,0,-26094
11061,1,524,-1552,0,1638,0,-25977
11062,1,534,-1549,0,1639,0,-25842
11063,1,543,-1546,0,1639,0,-25721
11064,1,553,-1542,0,1638,0,-25584
11065,1,562,-1539,0,1639,0,-25465
11066,1,572,-1535,0,1638,0,-25328
11067,1,581,-1532,0,1639,0,-25207
11068,1,591,-1528,0,1638,0,-25068
11069,1,600,-1525,0,1639,0,-24949
11070,1,609,-1521,0,1639,0,-24824
11071,1,619,-1517,0,1639,0,-24687
11072,1,628,-1513,0,1638,0,-24559
11073,1,637,-1509,0,1638,0,-24435
11074,1,646,-1506,0,1639,0,-24315
11075,1,656,-1502,0,1639,0,-24180
11076,1,665,-1497,0,1638,0,-24047
11077,1,674,-1493,0,1638,0,-23921
11078,1,683,-1489,0,1638,0,-23797
11079,1,692,-1485,0,1639,0,-23671
11080,1,701,-1481,0,1639,0,-23545
11081,1,710,-1476,0,1638,0,-23416
11082,1,719,-1472,0,1638,0,-23289
11083,1,728,-1468,0,1639,0,-23164
11084,1,737,-1463,0,1638,0,-23033
11085,1,746,-1458,0,1638,0,-22902
11086,1,755,-1454,0,1638,0,-22777
11087,1,764,-1449,0,1638,0,-22645
11088,1,773,-1445,0,1639,0,-22521
11089,1,782,-1440,0,1639,0,-22389
11090,1,791,-1435,0,1639,0,-22258
11091,1,800,-1430,0,1639,0,-22128
11092,1,808,-1425,0,1638,0,-22007
11093,1,817,-1420,0,1639,0,-21876
11094,1,826,-1415,0,1639,0,-21745
11095,1,834,-1410,0,1638,0,-21627
11096,1,843,-1405,0,1639,0,-21494
11097,1,852,-1400,0,1639,0,-21363
11098,1,860,-1394,0,1638,0,-21237
11099,1,869,-1389,0,1638,0,-21103
11100,1,877,-1384,0,1639,0,-20984
11101,1,886,-1378,0,1638,0,-20848
11102,1,894,-1373,0,1639,0,-20728
11103,1,903,-1367,0,1638,0,-20591
11104,1,911,-1362,0,1639,0,-20469
11105,1,919,-1356,0,1638,0,-20343
11106,1,928,-1350,0,1638,0,-20205
11107,1,936,-1345,0,1639,0,-20085
11108,1,944,-1339,0,1639,0,-19958
11109,1,952,-1333,0,1638,0,-19830
11110,1,961,-1327,0,1639,0,-19693
11111,1,969,-1321,0,1639,0,-19567
11112,1,977,-1315,0,1638,0,-19439
11113,1,985,-1309,0,1638,0,-19310
11114,1,993,-1303,0,1638,0,-19184
11115,1,1001,-1297,0,1639,0,-19055
11116,1,1009,-1291,0,1639,0,-18928
11117,1,1017,-1285,0,1639,0,-18801
11118,1,1024,-1279,0,1639,0,-18683
11119,1,1032,-1272,0,1638,0,-18549
11120,1,1040,-1266,0,1639,0,-18421
11121,1,1048,-1260,0,1639,0,-18296
11122,1,1056,-1253,0,1639,0,-18159
11123,1,1063,-1247,0,1639,0,-18042
11124,1,1071,-1240,0,1639,0,-17905
11125,1,1078,-1233,0,1638,0,-17781
11126,1,1086,-1227,0,1639,0,-17655
11127,1,1094,-1220,0,1639,0,-17518
11128,1,1101,-1213,0,1638,0,-17392
11129,1,1108,-1207,0,1639,0,-17275
11130,1,1116,-1200,0,1639,0,-17138
11131,1,1123,-1193,0,1639,0,-17014
11132,1,1130,-1186,0,1638,0,-16888
11133,1,1138,-1179,0,1639,0,-16752
11134,1,1145,-1172,0,1639,0,-16626
11135,1,1152,-1165,0,1639,0,-16499
11136,1,1159,-1158,0,1639,0,-16374
11137,1,1166,-1151,0,1639,0,-16249
11138,1,1173,-1144,0,1639,0,-16123
11139,1,1180,-1136,0,1638,0,-15988
11140,1,1187,-1129,0,1638,0,-15861
11141,1,1194,-1122,0,1639,0,-15735
11142,1,1201,-1114,0,1638,0,-15600
11143,1,1208,-1107,0,1639,0,-15474
11144,1,1215,-1100,0,1639,0,-15350
11145,1,1221,-1092,0,1638,0,-15222
11146,1,1228,-1085,0,1639,0,-15095
11147,1,1235,-1077,0,1639,0,-14961
11148,1,1241,-1069,0,1638,0,-14834
11149,1,1248,-1062,0,1639,0,-14708
11150,1,1254,-1054,0,1638,0,-14579
11151,1,1261,-1046,0,1639,0,-14446
11152,1,1267,-1039,0,1639,0,-14329
11153,1,1273,-1031,0,1638,0,-14202
11154,1,1280,-1023,0,1639,0,-14067
11155,1,1286,-1015,0,1639,0,-13939
11156,1,1292,-1007,0,1638,0,-13811
11157,1,1298,-999,0,1638,0,-13685
11158,1,1304,-991,0,1638,0,-13557
11159,1,1311,-983,0,1639,0,-13421
11160,1,1317,-975,0,1639,0,-13294
11161,1,1322,-967,0,1638,0,-13174
11162,1,1328,-959,0,1638,0,-13047
11163,1,1334,-951,0,1638,0,-12920
11164,1,1340,-943,0,1639,0,-12791
11165,1,1346,-934,0,1638,0,-12654
11166,1,1352,-926,0,1639,0,-12526
11167,1,1357,-918,0,1639,0,-12408
11168,1,1363,-909,0,1639,0,-12269
11169,1,1368,-901,0,1638,0,-12148
11170,1,1374,-893,0,1639,0,-12022
11171,1,1379,-884,0,1638,0,-11891
11172,1,1385,-876,0,1639,0,-11767
11173,1,1390,-867,0,1638,0,-11634
11174,1,1395,-859,0,1639,0,-11513
11175,1,1401,-850,0,1639,0,-11376
11176,1,1406,-842,0,1639,0,-11256
11177,1,1411,-833,0,1639,0,-11126
11178,1,1416,-824,0,1638,0,-10994
11179,1,1421,-815,0,1638,0,-10862
11180,1,1426,-807,0,1639,0,-10743
11181,1,1431,-798,0,1639,0,-10612
11182,1,1436,-789,0,1639,0,-10482
11183,1,1441,-780,0,1639,0,-10350
11184,1,1445,-772,0,1638,0,-10236
11185,1,1450,-763,0,1639,0,-10105
11186,1,1455,-754,0,1639,0,-9973
11187,1,1459,-745,0,1638,0,-9848
11188,1,1464,-736,0,1639,0,-9716
11189,1,1468,-727,0,1638,0,-9592
11190,1,1473,-718,0,1639,0,-9461
11191,1,1477,-709,0,1638,0,-9334
11192,1,1481,-700,0,1638,0,-9211
11193,1,1486,-691,0,1639,0,-9080
11194,1,1490,-681,0,1638,0,-8943
11195,1,1494,-672,0,1638,0,-8818
11196,1,1498,-663,0,1638,0,-8693
11197,1,1502,-654,0,1639,0,-8568
11198,1,1506,-645,0,1638,0,-8440
11199,1,1510,-635,0,1638,0,-8303
11200,1,1514,-626,0,1638,0,-8178
11201,1,1518,-617,0,1639,0,-8052
11202,1,1522,-608,0,1639,0,-7926
11203,1,1525,-598,0,1638,0,-7795
11204,1,1529,-589,0,1639,0,-7670
11205,1,1533,-579,0,1639,0,-7533
11206,1,1536,-570,0,1639,0,-7412
11207,1,1540,-561,0,1639,0,-7286
11208,1,1543,-551,0,1638,0,-7154
11209,1,1546,-542,0,1638,0,-7033
11210,1,1550,-532,0,1639,0,-6896
11211,1,1553,-523,0,1639,0,-6775
11212,1,1556,-513,0,1638,0,-6643
11213,1,1559,-503,0,1638,0,-6511
11214,1,1562,-494,0,1639,0,-6391
11215,1,1565,-484,0,1638,0,-6256
11216,1,1568,-475,0,1639,0,-6137
11217,1,1571,-465,0,1639,0,-6004
11218,1,1574,-455,0,1639,0,-5871
11219,1,1577,-446,0,1639,0,-5750
11220,1,1579,-436,0,1638,0,-5620
11221,1,1582,-426,0,1639,0,-5488
11222,1,1585,-417,0,1639,0,-5367
11223,1,1587,-407,0,1639,0,-5237
11224,1,1590,-397,0,1639,0,-5105
11225,1,1592,-387,0,1639,0,-4973
11226,1,1594,-378,0,1638,0,-4856
11227,1,1597,-368,0,1639,0,-4724
11228,1,1599,-358,0,1639,0,-4594
11229,1,1601,-348,0,1639,0,-4464
11230,1,1603,-338,0,1638,0,-4334
11231,1,1605,-329,0,1638,0,-4216
11232,1,1607,-319,0,1639,0,-4089
11233,1,1609,-309,0,1638,0,-3958
11234,1,1611,-299,0,1639,0,-3828
11235,1,1613,-289,0,1639,0,-3698
11236,1,1614,-279,0,1638,0,-3571
11237,1,1616,-269,0,1638,0,-3441
11238,1,1618,-259,0,1639,0,-3311
11239,1,1619,-249,0,1638,0,-3182
11240,1,1621,-239,0,1639,0,-3054
11241,1,1622,-230,0,1638,0,-2937
11242,1,1624,-220,0,1639,0,-2810
11243,1,1625,-210,0,1639,0,-2681
11244,1,1626,-200,0,1639,0,-2553
11245,1,1627,-190,0,1638,0,-2425
11246,1,1629,-180,0,1639,0,-2294
11247,1,1630,-170,0,1639,0,-2167
11248,1,1631,-160,0,1639,0,-2038
11249,1,1632,-150,0,1639,0,-1912
11250,1,1632,-140,0,1638,0,-1784
11251,1,1633,-130,0,1638,0,-1655
11252,1,1634,-120,0,1639,0,-1532
11253,1,1635,-110,0,1639,0,-1402
11254,1,1635,-100,0,1638,0,-1274
11255,1,1636,-90,0,1639,0,-1146
11256,1,1636,-79,0,1638,0,-1006
11257,1,1637,-69,0,1639,0,-880
11258,1,1637,-59,0,1638,0,-751
11259,1,1638,-49,0,1639,0,-624
11260,1,1638,-39,0,1639,0,-495
11261,1,1638,-29,0,1638,0,-368
11262,1,1638,-19,0,1638,0,-242
11263,1,1638,-9,0,1638,0,-114
11264,1,45875,26,0,45875,0,12
11265,1,45874,308,0,45875,0,140
11266,1,45871,589,0,45875,0,268
11267,1,45867,870,0,45876,0,396
11268,1,45861,1152,0,45876,0,524
11269,1,45853,1433,0,45876,0,652
11270,1,45843,1715,0,45875,0,780
11271,1,45832,1996,0,45876,0,908
11272,1,45819,2277,0,45876,0,1036
11273,1,45804,2558,0,45875,0,1164
11274,1,45787,2839,0,45875,0,1292
11275,1,45769,3120,0,45875,0,1420
11276,1,45749,3401,0,45875,0,1548
11277,1,45727,3681,0,45875,0,1676
11278,1,45704,3962,0,45876,0,1804
11279,1,45679,4242,0,45876,0,1932
11280,1,45652,4522,0,45876,0,2060
11281,1,45623,4802,0,45875,0,2188
11282,1,45593,5082,0,45876,0,2316
11283,1,45561,5362,0,45876,0,2444
11284,1,45527,5641,0,45876,0,2572
11285,1,45492,5921,0,45876,0,2700
11286,1,45454,6200,0,45875,0,2828
11287,1,45415,6479,0,45875,0,2956
11288,1,45375,6757,0,45876,0,3084
11289,1,45333,7035,0,45876,0,3212
11290,1,45289,7313,0,45876,0,3340
11291,1,45243,7591,0,45876,0,3468
11292,1,45195,7869,0,45875,0,3596
11293,1,45146,8146,0,45875,0,3724
11294,1,45095,8423,0,45875,0,3852
11295,1,45043,8699,0,45876,0,3980
11296,1,44989,8975,0,45876,0,4108
11297,1,44933,9251,0,45876,0,4236
11298,1,44875,9527,0,45875,0,4364
11299,1,44816,9802,0,45876,0,4492
11300,1,44755,10077,0,45876,0,4620
11301,1,44692,10351,0,45875,0,4748
11302,1,44628,10625,0,45876,0,4876
11303,1,44562,10899,0,45876,0,5004
11304,1,44494,11172,0,45875,0,5132
11305,1,44425,11445,0,45876,0,5260
11306,1,44354,11717,0,45876,0,5388
11307,1,44281,11989,0,45876,0,5516
11308,1,44206,12261,0,45875,0,5644
11309,1,44130,12532,0,45875,0,5772
11310,1,44053,12802,0,45876,0,5900
11311,1,43973,13072,0,45875,0,6028
11312,1,43892,13342,0,45875,0,6156
11313,1,43810,13611,0,45876,0,6284
11314,1,43725,13879,0,45875,0,6412
11315,1,43639,14147,0,45875,0,6540
11316,1,43552,14415,0,45876,0,6668
11317,1,43462,14682,0,45875,0,6796
11318,1,43371,14948,0,45875,0,6924
11319,1,43279,15214,0,45876,0,7052
11320,1,43185,15479,0,45876,0,7180
11321,1,43089,15744,0,45875,0,7308
11322,1,42992,16008,0,45876,0,7436
11323,1,42893,16272,0,45876,0,7564
11324,1,42792,16535,0,45876,0,7692
11325,1,42690,16797,0,45876,0,7820
11326,1,42586,17058,0,45876,0,7948
11327,1,42480,17319,0,45875,0,8076
11328,1,42373,17580,0,45875,0,8204
11329,1,42265,17839,0,45876,0,8332
11330,1,42154,18098,0,45875,0,8460
11331,1,42042,18357,0,45875,0,8588
11332,1,41929,18614,0,45875,0,8716
11333,1,41814,18871,0,45875,0,8844
11334,1,41697,19127,0,45875,0,8972
11335,1,41579,19383,0,45875,0,9100
11336,1,41460,19638,0,45876,0,9228
11337,1,41338,19892,0,45875,0,9356
11338,1,41215,20145,0,45875,0,9484
11339,1,41091,20398,0,45876,0,9612
11340,1,40965,20649,0,45875,0,9740
11341,1,40838,20900,0,45876,0,9868
11342,1,40709,21150,0,45876,0,9996
11343,1,40578,21400,0,45876,0,10124
11344,1,40446,21648,0,45875,0,10252
11345,1,40312,21896,0,45875,0,10380
11346,1,40177,22143,0,45875,0,10508
11347,1,40041,22389,0,45876,0,10636
11348,1,39903,22634,0,45876,0,10764
11349,1,39763,22879,0,45876,0,10892
11350,1,39622,23122,0,45875,0,11020
11351,1,39479,23365,0,45875,0,11148
11352,1,39335,23607,0,45875,0,11276
11353,1,39189,23848,0,45875,0,11404
11354,1,39042,24088,0,45875,0,11532
11355,1,38894,24327,0,45875,0,11660
11356,1,38744,24565,0,45875,0,11788
11357,1,38592,24802,0,45875,0,11916
11358,1,38440,25039,0,45876,0,12044
11359,1,38285,25274,0,45875,0,12172
11360,1,38129,25509,0,45875,0,12300
11361,1,37972,25742,0,45875,0,12428
11362,1,37813,25975,0,45875,0,12556
11363,1,37653,26206,0,45875,0,12684
11364,1,37492,26437,0,45876,0,12812
11365,1,37329,26666,0,45875,0,12940
11366,1,37165,26895,0,45876,0,13068
11367,1,36999,27122,0,45875,0,13196
11368,1,36832,27349,0,45876,0,13324
11369,1,36663,27574,0,45875,0,13452
11370,1,36493,27799,0,45875,0,13580
11371,1,36322,28022,0,45875,0,13708
11372,1,36150,28244,0,45875,0,13836
11373,1,35976,28466,0,45876,0,13964
11374,1,35800,28686,0,45875,0,14092
11375,1,35624,28905,0,45876,0,14220
11376,1,35445,29123,0,45875,0,14348
11377,1,35266,29340,0,45875,0,14476
11378,1,35085,29556,0,45875,0,14604
11379,1,34903,29771,0,45875,0,14732
11380,1,34720,29984,0,45875,0,14860
11381,1,34535,30197,0,45875,0,14988
11382,1,34350,30408,0,45876,0,15116
11383,1,34162,30618,0,45875,0,15244
11384,1,33974,30827,0,45875,0,15372
11385,1,33784,31035,0,45875,0,15500
11386,1,33593,31242,0,45876,0,15628
11387,1,33401,31447,0,45876,0,15756
11388,1,33207,31652,0,45876,0,15884
11389,1,33012,31855,0,45875,0,16012
11390,1,32816,32057,0,45876,0,16140
11391,1,32619,32258,0,45876,0,16268
11392,1,32420,32457,0,45875,0,16396
11393,1,32220,32655,0,45875,0,16524
11394,1,32020,32852,0,45875,0,16652
11395,1,31817,33048,0,45875,0,16780
11396,1,31614,33243,0,45876,0,16908
11397,1,31409,33436,0,45875,0,17036
11398,1,31204,33628,0,45875,0,17164
11399,1,30997,33819,0,45875,0,17292
11400,1,30789,34009,0,45876,0,17420
11401,1,30579,34197,0,45875,0,17548
11402,1,30369,34384,0,45875,0,17676
11403,1,30157,34570,0,45875,0,17804
11404,1,29945,34754,0,45875,0,17932
11405,1,29731,34937,0,45875,0,18060
11406,1,29516,35119,0,45875,0,18188
11407,1,29300,35299,0,45875,0,18316
11408,1,29083,35479,0,45876,0,18444
11409,1,28865,35656,0,45876,0,18572
11410,1,28645,35833,0,45876,0,18700
11411,1,28425,36008,0,45876,0,18828
11412,1,28203,36182,0,45876,0,18956
11413,1,27981,36354,0,45876,0,19084
11414,1,27757,36525,0,45875,0,19212
11415,1,27533,36695,0,45876,0,19340
11416,1,27307,36863,0,45876,0,19468
11417,1,27080,37030,0,45876,0,19596
11418,1,26852,37195,0,45875,0,19724
11419,1,26624,37359,0,45875,0,19852
11420,1,26394,37522,0,45876,0,19980
11421,1,26163,37683,0,45875,0,20108
11422,1,25932,37843,0,45876,0,20236
11423,1,25699,38001,0,45875,0,20364
11424,1,25465,38158,0,45875,0,20492
11425,1,25231,38314,0,45876,0,20620
11426,1,24995,38468,0,45875,0,20748
11427,1,24759,38621,0,45876,0,20876
11428,1,24521,38772,0,45876,0,21004
11429,1,24283,38921,0,45875,0,21132
11430,1,24043,39070,0,45876,0,21260
11431,1,23803,39217,0,45876,0,21388
11432,1,23562,39362,0,45875,0,21516
11433,1,23320,39506,0,45876,0,21644
11434,1,23077,39648,0,45875,0,21772
11435,1,22834,39789,0,45876,0,21900
11436,1,22589,39928,0,45875,0,22028
11437,1,22344,40066,0,45875,0,22156
11438,1,22097,40202,0,45875,0,22284
11439,1,21850,40337,0,45875,0,22412
11440,1,21602,40471,0,45875,0,22540
11441,1,21354,40602,0,45875,0,22668
11442,1,21104,40733,0,45876,0,22796
11443,1,20854,40861,0,45875,0,22924
11444,1,20603,40989,0,45876,0,23052
11445,1,20351,41114,0,45875,0,23180
11446,1,20098,41238,0,45875,0,23308
11447,1,19845,41361,0,45876,0,23436
11448,1,19591,41482,0,45876,0,23564
11449,1,19336,41601,0,45875,0,23692
11450,1,19080,41719,0,45875,0,23820
11451,1,18824,41835,0,45875,0,23948
11452,1,18567,41950,0,45876,0,24076
11453,1,18309,42063,0,45875,0,24204
11454,1,18051,42175,0,45876,0,24332
11455,1,17791,42285,0,45876,0,24460
11456,1,17532,42393,0,45876,0,24588
11457,1,17271,42500,0,45875,0,24716
11458,1,17010,42605,0,45875,0,24844
11459,1,16748,42709,0,45876,0,24972
11460,1,16486,42811,0,45876,0,25100
11461,1,16223,42911,0,45875,0,25228
11462,1,15959,43010,0,45876,0,25356
11463,1,15695,43107,0,45875,0,25484
11464,1,15430,43202,0,45875,0,25612
11465,1,15165,43296,0,45875,0,25740
11466,1,14899,43388,0,45875,0,25868
11467,1,14633,43479,0,45876,0,25996
11468,1,14365,43568,0,45875,0,26124
11469,1,14098,43655,0,45875,0,26252
11470,1,13830,43741,0,45876,0,26380
11471,1,13561,43825,0,45876,0,26508
11472,1,13292,43907,0,45875,0,26636
11473,1,13022,43988,0,45875,0,26764
11474,1,12752,44067,0,45875,0,26892
11475,1,12482,44145,0,45876,0,27020
11476,1,12210,44220,0,45875,0,27148
11477,1,11939,44294,0,45875,0,27276
11478,1,11667,44367,0,45876,0,27404
11479,1,11394,44438,0,45876,0,27532
11480,1,11122,44507,0,45876,0,27660
11481,1,10848,44574,0,45875,0,27788
11482,1,10575,44640,0,45876,0,27916
11483,1,10300,44704,0,45875,0,28044
11484,1,10026,44766,0,45875,0,28172
11485,1,9751,44827,0,45875,0,28300
11486,1,9476,44886,0,45876,0,28428
11487,1,9200,44943,0,45875,0,28556
11488,1,8924,44999,0,45876,0,28684
11489,1,8648,45053,0,45876,0,28812
11490,1,8371,45105,0,45875,0,28940
11491,1,8094,45155,0,45875,0,29068
11492,1,7817,45204,0,45875,0,29196
11493,1,7540,45251,0,45875,0,29324
11494,1,7262,45297,0,45876,0,29452
11495,1,6984,45340,0,45875,0,29580
11496,1,6706,45382,0,45875,0,29708
11497,1,6427,45423,0,45876,0,29836
11498,1,6148,45461,0,45875,0,29964
11499,1,5869,45498,0,45875,0,30092
11500,1,5590,45533,0,45875,0,30220
11501,1,5310,45567,0,45876,0,30348
11502,1,5031,45599,0,45876,0,30476
11503,1,4751,45629,0,45876,0,30604
11504,1,4471,45657,0,45876,0,30732
11505,1,4190,45683,0,45875,0,30860
11506,1,3910,45708,0,45875,0,30988
11507,1,3629,45731,0,45875,0,31116
11508,1,3349,45753,0,45876,0,31244
11509,1,3068,45772,0,45875,0,31372
11510,1,2787,45790,0,45875,0,31500
11511,1,2506,45807,0,45876,0,31628
11512,1,2225,45821,0,45875,0,31756
11513,1,1944,45834,0,45875,0,31884
11514,1,1663,45845,0,45875,0,32012
11515,1,1381,45854,0,45875,0,32140
11516,1,1100,45862,0,45875,0,32268
11517,1,818,45868,0,45875,0,32396
11518,1,537,45872,0,45875,0,32524
11519,1,255,45874,0,45875,0,32652
11520,1,-26,45875,0,45875,0,32780
11521,1,-308,45874,0,45875,0,32908
11522,1,-589,45871,0,45875,0,33036
11523,1,-870,45867,0,45876,0,33164
11524,1,-1152,45861,0,45876,0,33292
11525,1,-1433,45853,0,45876,0,33420
11526,1,-1715,45843,0,45875,0,33548
11527,1,-1996,45832,0,45876,0,33676
11528,1,-2277,45819,0,45876,0,33804
11529,1,-2558,45804,0,45875,0,33932
11530,1,-2839,45787,0,45875,0,34060
11531,1,-3120,45769,0,45875,0,34188
11532,1,-3401,45749,0,45875,0,34316
11533,1,-3681,45727,0,45875,0,34444
11534,1,-3962,45704,0,45876,0,34572
11535,1,-4242,45679,0,45876,0,34700
11536,1,-4522,45652,0,45876,0,34828
11537,1,-4802,45623,0,45875,0,34956
11538,1,-5082,45593,0,45876,0,35084
11539,1,-5362,45561,0,45876,0,35212
11540,1,-5641,45527,0,45876,0,35340
11541,1,-5921,45492,0,45876,0,35468
11542,1,-6200,45454,0,45875,0,35596
11543,1,-6479,45415,0,45875,0,35724
11544,1,-6757,45375,0,45876,0,35852
11545,1,-7035,45333,0,45876,0,35980
11546,1,-7313,45289,0,45876,0,36108
11547,1,-7591,45243,0,45876,0,36236
11548,1,-7869,45195,0,45875,0,36364
11549,1,-8146,45146,0,45875,0,36492
11550,1,-8423,45095,0,45875,0,36620
11551,1,-8699,45043,0,45876,0,36748
11552,1,-8975,44989,0,45876,0,36876
11553,1,-9251,44933,0,45876,0,37004
11554,1,-9527,44875,0,45875,0,37132
11555,1,-9802,44816,0,45876,0,37260
11556,1,-10077,44755,0,45876,0,37388
11557,1,-10351,44692,0,45875,0,37516
11558,1,-10625,44628,0,45876,0,37644
11559,1,-10899,44562,0,45876,0,37772
11560,1,-11172,44494,0,45875,0,37900
11561,1,-11445,44425,0,45876,0,38028
11562,1,-11717,44354,0,45876,0,38156
11563,1,-11989,44281,0,45876,0,38284
11564,1,-12261,44206,0,45875,0,38412
11565,1,-12532,44130,0,45875,0,38540
11566,1,-12802,44053,0,45876,0,38668
11567,1,-13072,43973,0,45875,0,38796
11568,1,-13342,43892,0,45875,0,38924
11569,1,-13611,43810,0,45876,0,39052
11570,1,-13879,43725,0,45875,0,39180
11571,1,-14147,43639,0,45875,0,39308
11572,1,-14415,43552,0,45876,0,39436
11573,1,-14682,43462,0,45875,0,39564
11574,1,-14948,43371,0,45875,0,39692
11575,1,-15214,43279,0,45876,0,39820
11576,1,-15479,43185,0,45876,0,39948
11577,1,-15744,43089,0,45875,0,40076
11578,1,-16008,42992,0,45876,0,40204
11579,1,-16272,42893,0,45876,0,40332
11580,1,-16535,42792,0,45876,0,40460
11581,1,-16797,42690,0,45876,0,40588
11582,1,-17058,42586,0,45876,0,40716
11583,1,-17319,42480,0,45875,0,40844
11584,1,-17580,42373,0,45875,0,40972
11585,1,-17839,42265,0,45876,0,41100
11586,1,-18098,42154,0,45875,0,41228
11587,1,-18357,42042,0,45875,0,41356
11588,1,-18614,41929,0,45875,0,41484
11589,1,-18871,41814,0,45875,0,41612
11590,1,-19127,41697,0,45875,0,41740
11591,1,-19383,41579,0,45875,0,41868
11592,1,-19638,41460,0,45876,0,41996
11593,1,-19892,41338,0,45875,0,42124
11594,1,-20145,41215,0,45875,0,42252
11595,1,-20398,41091,0,45876,0,42380
11596,1,-20649,40965,0,45875,0,42508
11597,1,-20900,40838,0,45876,0,42636
11598,1,-21150,40709,0,45876,0,42764
11599,1,-21400,40578,0,45876,0,42892
11600,1,-21648,40446,0,45875,0,43020
11601,1,-21896,40312,0,45875,0,43148
11602,1,-22143,40177,0,45875,0,43276
11603,1,-22389,40041,0,45876,0,43404
11604,1,-22634,39903,0,45876,0,43532
11605,1,-22879,39763,0,45876,0,43660
11606,1,-23122,39622,0,45875,0,43788
11607,1,-23365,39479,0,45875,0,43916
11608,1,-23607,39335,0,45875,0,44044
11609,1,-23848,39189,0,45875,0,44172
11610,1,-24088,39042,0,45875,0,44300
11611,1,-24327,38894,0,45875,0,44428
11612,1,-24565,38744,0,45875,0,44556
11613,1,-24802,38592,0,45875,0,44684
11614,1,-25039,38440,0,45876,0,44812
11615,1,-25274,38285,0,45875,0,44940
11616,1,-25509,38129,0,45875,0,45068
11617,1,-25742,37972,0,45875,0,45196
11618,1,-25975,37813,0,45875,0,45324
11619,1,-26206,37653,0,45875,0,45452
11620,1,-26437,37492,0,45876,0,45580
11621,1,-26666,37329,0,45875,0,45708
11622,1,-26895,37165,0,45876,0,45836
11623,1,-27122,36999,0,45875,0,45964
11624,1,-27349,36832,0,45876,0,46092
11625,1,-27574,36663,0,45875,0,46220
11626,1,-27799,36493,0,45875,0,46348
11627,1,-28022,36322,0,45875,0,46476
11628,1,-28244,36150,0,45875,0,46604
11629,1,-28466,35976,0,45876,0,46732
11630,1,-28686,35800,0,45875,0,46860
11631,1,-28905,35624,0,45876,0,46988
11632,1,-29123,35445,0,45875,0,47116
11633,1,-29340,35266,0,45875,0,47244
11634,1,-29556,35085,0,45875,0,47372
11635,1,-29771,34903,0,45875,0,47500
11636,1,-29984,34720,0,45875,0,47628
11637,1,-30197,34535,0,45875,0,47756
11638,1,-30408,34350,0,45876,0,47884
11639,1,-30618,34162,0,45875,0,48012
11640,1,-30827,33974,0,45875,0,48140
11641,1,-31035,33784,0,45875,0,48268
11642,1,-31242,33593,0,45876,0,48396
11643,1,-31447,33401,0,45876,0,48524
11644,1,-31652,33207,0,45876,0,48652
11645,1,-31855,33012,0,45875,0,48780
11646,1,-32057,32816,0,45876,0,48908
11647,1,-32258,32619,0,45876,0,49036
11648,1,-32457,32420,0,45875,0,49164
11649,1,-32655,32220,0,45875,0,49292
11650,1,-32852,32020,0,45875,0,49420
11651,1,-33048,31817,0,45875,0,49548
11652,1,-33243,31614,0,45876,0,49676
11653,1,-33436,31409,0,45875,0,49804
11654,1,-33628,31204,0,45875,0,49932
11655,1,-33819,30997,0,45875,0,50060
11656,1,-34009,30789,0,45876,0,50188
11657,1,-34197,30579,0,45875,0,50316
11658,1,-34384,30369,0,45875,0,50444
11659,1,-34570,30157,0,45875,0,50572
11660,1,-34754,29945,0,45875,0,50700
11661,1,-34937,29731,0,45875,0,50828
11662,1,-35119,29516,0,45875,0,50956
11663,1,-35299,29300,0,45875,0,51084
11664,1,-35479,29083,0,45876,0,51212
11665,1,-35656,28865,0,45876,0,51340
11666,1,-35833,28645,0,45876,0,51468
11667,1,-36008,28425,0,45876,0,51596
11668,1,-36182,28203,0,45876,0,51724
11669,1,-36354,27981,0,45876,0,51852
11670,1,-36525,27757,0,45875,0,51980
11671,1,-36695,27533,0,45876,0,52108
11672,1,-36863,27307,0,45876,0,52236
11673,1,-37030,27080,0,45876,0,52364
11674,1,-37195,26852,0,45875,0,52492
11675,1,-37359,26624,0,45875,0,52620
11676,1,-37522,26394,0,45876,0,52748
11677,1,-37683,26163,0,45875,0,52876
11678,1,-37843,25932,0,45876,0,53004
11679,1,-38001,25699,0,45875,0,53132
11680,1,-38158,25465,0,45875,0,53260
11681,1,-38314,25231,0,45876,0,53388
11682,1,-38468,24995,0,45875,0,53516
11683,1,-38621,24759,0,45876,0,53644
11684,1,-38772,24521,0,45876,0,53772
11685,1,-38921,24283,0,45875,0,53900
11686,1,-39070,24043,0,45876,0,54028
11687,1,-39217,23803,0,45876,0,54156
11688,1,-39362,23562,0,45875,0,54284
11689,1,-39506,23320,0,45876,0,54412
11690,1,-39648,23077,0,45875,0,54540
11691,1,-39789,22834,0,45876,0,54668
11692,1,-39928,22589,0,45875,0,54796
11693,1,-40066,22344,0,45875,0,54924
11694,1,-40202,22097,0,45875,0,55052
11695,1,-40337,21850,0,45875,0,55180
11696,1,-40471,21602,0,45875,0,55308
11697,1,-40602,21354,0,45875,0,55436
11698,1,-40733,21104,0,45876,0,55564
11699,1,-40861,20854,0,45875,0,55692
11700,1,-40989,20603,0,45876,0,55820
11701,1,-41114,20351,0,45875,0,55948
11702,1,-41238,20098,0,45875,0,56076
11703,1,-41361,19845,0,45876,0,56204
11704,1,-41482,19591,0,45876,0,56332
11705,1,-41601,19336,0,45875,0,56460
11706,1,-41719,19080,0,45875,0,56588
11707,1,-41835,18824,0,45875,0,56716
11708,1,-41950,18567,0,45876,0,56844
11709,1,-42063,18309,0,45875,0,56972
11710,1,-42175,18051,0,45876,0,57100
11711,1,-42285,17791,0,45876,0,57228
11712,1,-42393,17532,0,45876,0,57356
11713,1,-42500,17271,0,45875,0,57484
11714,1,-42605,17010,0,45875,0,57612
11715,1,-42709,16748,0,45876,0,57740
11716,1,-42811,16486,0,45876,0,57868
11717,1,-42911,16223,0,45875,0,57996
11718,1,-43010,15959,0,45876,0,58124
11719,1,-43107,15695,0,45875,0,58252
11720,1,-43202,15430,0,45875,0,58380
11721,1,-43296,15165,0,45875,0,58508
11722,1,-43388,14899,0,45875,0,58636
11723,1,-43479,14633,0,45876,0,58764
11724,1,-43568,14365,0,45875,0,58892
11725,1,-43655,14098,0,45875,0,59020
11726,1,-43741,13830,0,45876,0,59148
11727,1,-43825,13561,0,45876,0,59276
11728,1,-43907,13292,0,45875,0,59404
11729,1,-43988,13022,0,45875,0,59532
11730,1,-44067,12752,0,45875,0,59660
11731,1,-44145,12482,0,45876,0,59788
11732,1,-44220,12210,0,45875,0,59916
11733,1,-44294,11939,0,45875,0,60044
11734,1,-44367,11667,0,45876,0,60172
11735,1,-44438,11394,0,45876,0,60300
11736,1,-44507,11122,0,45876,0,60428
11737,1,-44574,10848,0,45875,0,60556
11738,1,-44640,10575,0,45876,0,60684
11739,1,-44704,10300,0,45875,0,60812
11740,1,-44766,10026,0,45875,0,60940
11741,1,-44827,9751,0,45875,0,61068
11742,1,-44886,9476,0,45876,0,61196
11743,1,-44943,9200,0,45875,0,61324
11744,1,-44999,8924,0,45876,0,61452
11745,1,-45053,8648,0,45876,0,61580
11746,1,-45105,8371,0,45875,0,61708
11747,1,-45155,8094,0,45875,0,61836
11748,1,-45204,7817,0,45875,0,61964
11749,1,-45251,7540,0,45875,0,62092
11750,1,-45297,7262,0,45876,0,62220
11751,1,-45340,6984,0,45875,0,62348
11752,1,-45382,6706,0,45875,0,62476
11753,1,-45423,6427,0,45876,0,62604
11754,1,-45461,6148,0,45875,0,62732
11755,1,-45498,5869,0,45875,0,62860
11756,1,-45533,5590,0,45875,0,62988
11757,1,-45567,5310,0,45876,0,63116
11758,1,-45599,5031,0,45876,0,63244
11759,1,-45629,4751,0,45876,0,63372
11760,1,-45657,4471,0,45876,0,63500
11761,1,-45683,4190,0,45875,0,63628
11762,1,-45708,3910,0,45875,0,63756
11763,1,-45731,3629,0,45875,0,63884
11764,1,-45753,3349,0,45876,0,64012
11765,1,-45772,3068,0,45875,0,64140
11766,1,-45790,2787,0,45875,0,64268
11767,1,-45807,2506,0,45876,0,64396
11768,1,-45821,2225,0,45875,0,64524
11769,1,-45834,1944,0,45875,0,64652
11770,1,-45845,1663,0,45875,0,64780
11771,1,-45854,1381,0,45875,0,64908
11772,1,-45862,1100,0,45875,0,65036
11773,1,-45868,818,0,45875,0,65164
11774,1,-45872,537,0,45875,0,65292
11775,1,-45874,255,0,45875,0,65420
11776,1,-45875,-26,0,45875,0,-65524
11777,1,-45874,-308,0,45875,0,-65396
11778,1,-45871,-589,0,45875,0,-65268
11779,1,-45867,-870,0,45876,0,-65140
11780,1,-45861,-1152,0,45876,0,-65012
11781,1,-45853,-1433,0,45876,0,-64884
11782,1,-45843,-1715,0,45875,0,-64756
11783,1,-45832,-1996,0,45876,0,-64628
11784,1,-45819,-2277,0,45876,0,-64500
11785,1,-45804,-2558,0,45875,0,-64372
11786,1,-45787,-2839,0,45875,0,-64244
11787,1,-45769,-3120,0,45875,0,-64116
11788,1,-45749,-3401,0,45875,0,-63988
11789,1,-45727,-3681,0,45875,0,-63860
11790,1,-45704,-3962,0,45876,0,-63732
11791,1,-45679,-4242,0,45876,0,-63604
11792,1,-45652,-4522,0,45876,0,-63476
11793,1,-45623,-4802,0,45875,0,-63348
11794,1,-45593,-5082,0,45876,0,-63220
11795,1,-45561,-5362,0,45876,0,-63092
11796,1,-45527,-5641,0,45876,0,-62964
11797,1,-45492,-5921,0,45876,0,-62836
11798,1,-45454,-6200,0,45875,0,-62708
11799,1,-45415,-6479,0,45875,0,-62580
11800,1,-45375,-6757,0,45876,0,-62452
11801,1,-45333,-7035,0,45876,0,-62324
11802,1,-45289,-7313,0,45876,0,-62196
11803,1,-45243,-7591,0,45876,0,-62068
11804,1,-45195,-7869,0,45875,0,-61940
11805,1,-45146,-8146,0,45875,0,-61812
11806,1,-45095,-8423,0,45875,0,-61684
11807,1,-45043,-8699,0,45876,0,-61556
11808,1,-44989,-8975,0,45876,0,-61428
11809,1,-44933,-9251,0,45876,0,-61300
11810,1,-44875,-9527,0,45875,0,-61172
11811,1,-44816,-9802,0,45876,0,-61044
11812,1,-44755,-10077,0,45876,0,-60916
11813,1,-44692,-10351,0,45875,0,-60788
11814,1,-44628,-10625,0,45876,0,-60660
11815,1,-44562,-10899,0,45876,0,-60532
11816,1,-44494,-11172,0,45875,0,-60404
11817,1,-44425,-11445,0,45876,0,-60276
11818,1,-44354,-11717,0,45876,0,-60148
11819,1,-44281,-11989,0,45876,0,-60020
11820,1,-44206,-12261,0,45875,0,-59892
11821,1,-44130,-12532,0,45875,0,-59764
11822,1,-44053,-12802,0,45876,0,-59636
11823,1,-43973,-13072,0,45875,0,-59508
11824,1,-43892,-13342,0,45875,0,-59380
11825,1,-43810,-13611,0,45876,0,-59252
11826,1,-43725,-13879,0,45875,0,-59124
11827,1,-43639,-14147,0,45875,0,-58996
11828,1,-43552,-14415,0,45876,0,-58868
11829,1,-43462,-14682,0,45875,0,-58740
11830,1,-43371,-14948,0,45875,0,-58612
11831,1,-43279,-15214,0,45876,0,-58484
11832,1,-43185,-15479,0,45876,0,-58356
11833,1,-43089,-15744,0,45875,0,-58228
11834,1,-42992,-16008,0,45876,0,-58100
11835,1,-42893,-16272,0,45876,0,-57972
11836,1,-42792,-16535,0,45876,0,-57844
11837,1,-42690,-16797,0,45876,0,-57716
11838,1,-42586,-17058,0,45876,0,-57588
11839,1,-42480,-17319,0,45875,0,-57460
11840,1,-42373,-17580,0,45875,0,-57332
11841,1,-42265,-17839,0,45876,0,-57204
11842,1,-42154,-18098,0,45875,0,-57076
11843,1,-42042,-18357,0,45875,0,-56948
11844,1,-41929,-18614,0,45875,0,-56820
11845,1,-41814,-18871,0,45875,0,-56692
11846,1,-41697,-19127,0,45875,0,-56564
11847,1,-41579,-19383,0,45875,0,-56436
11848,1,-41460,-19638,0,45876,0,-56308
11849,1,-41338,-19892,0,45875,0,-56180
11850,1,-41215,-20145,0,45875,0,-56052
11851,1,-41091,-20398,0,45876,0,-55924
11852,1,-40965,-20649,0,45875,0,-55796
11853,1,-40838,-20900,0,45876,0,-55668
11854,1,-40709,-21150,0,45876,0,-55540
11855,1,-40578,-21400,0,45876,0,-55412
11856,1,-40446,-21648,0,45875,0,-55284
11857,1,-40312,-21896,0,45875,0,-55156
11858,1,-40177,-22143,0,45875,0,-55028
11859,1,-40041,-22389,0,45876,0,-54900
11860,1,-39903,-22634,0,45876,0,-54772
11861,1,-39763,-22879,0,45876,0,-54644
11862,1,-39622,-23122,0,45875,0,-54516
11863,1,-39479,-23365,0,45875,0,-54388
11864,1,-39335,-23607,0,45875,0,-54260
11865,1,-39189,-23848,0,45875,0,-54132
11866,1,-39042,-24088,0,45875,0,-54004
11867,1,-38894,-24327,0,45875,0,-53876
11868,1,-38744,-24565,0,45875,0,-53748
11869,1,-38592,-24802,0,45875,0,-53620
11870,1,-38440,-25039,0,45876,0,-53492
11871,1,-38285,-25274,0,45875,0,-53364
11872,1,-38129,-25509,0,45875,0,-53236
11873,1,-37972,-25742,0,45875,0,-53108
11874,1,-37813,-25975,0,45875,0,-52980
11875,1,-37653,-26206,0,45875,0,-52852
11876,1,-37492,-26437,0,45876,0,-52724
11877,1,-37329,-26666,0,45875,0,-52596
11878,1,-37165,-26895,0,45876,0,-52468
11879,1,-36999,-27122,0,45875,0,-52340
11880,1,-36832,-27349,0,45876,0,-52212
11881,1,-36663,-27574,0,45875,0,-52084
11882,1,-36493,-27799,0,45875,0,-51956
11883,1,-36322,-28022,0,45875,0,-51828
11884,1,-36150,-28244,0,45875,0,-51700
11885,1,-35976,-28466,0,45876,0,-51572
11886,1,-35800,-28686,0,45875,0,-51444
11887,1,-35624,-28905,0,45876,0,-51316
11888,1,-35445,-29123,0,45875,0,-51188
11889,1,-35266,-29340,0,45875,0,-51060
11890,1,-35085,-29556,0,45875,0,-50932
11891,1,-34903,-29771,0,45875,0,-50804
11892,1,-34720,-29984,0,45875,0,-50676
11893,1,-34535,-30197,0,45875,0,-50548
11894,1,-34350,-30408,0,45876,0,-50420
11895,1,-34162,-30618,0,45875,0,-50292
11896,1,-33974,-30827,0,45875,0,-50164
11897,1,-33784,-31035,0,45875,0,-50036
11898,1,-33593,-31242,0,45876,0,-49908
11899,1,-33401,-31447,0,45876,0,-49780
11900,1,-33207,-31652,0,45876,0,-49652
11901,1,-33012,-31855,0,45875,0,-49524
11902,1,-32816,-32057,0,45876,0,-49396
11903,1,-32619,-32258,0,45876,0,-49268
11904,1,-32420,-32457,0,45875,0,-49140
11905,1,-32220,-32655,0,45875,0,-49012
11906,1,-32020,-32852,0,45875,0,-48884
11907,1,-31817,-33048,0,45875,0,-48756
11908,1,-31614,-33243,0,45876,0,-48628
11909,1,-31409,-33436,0,45875,0,-48500
11910,1,-31204,-33628,0,45875,0,-48372
11911,1,-30997,-33819,0,45875,0,-48244
11912,1,-30789,-34009,0,45876,0,-48116
11913,1,-30579,-34197,0,45875,0,-47988
11914,1,-30369,-34384,0,45875,0,-47860
11915,1,-30157,-34570,0,45875,0,-47732
11916,1,-29945,-34754,0,45875,0,-47604
11917,1,-29731,-34937,0,45875,0,-47476
11918,1,-29516,-35119,0,45875,0,-47348
11919,1,-29300,-35299,0,45875,0,-47220
11920,1,-29083,-35479,0,45876,0,-47092
11921,1,-28865,-35656,0,45876,0,-46964
11922,1,-28645,-35833,0,45876,0,-46836
11923,1,-28425,-36008,0,45876,0,-46708
11924,1,-28203,-36182,0,45876,0,-46580
11925,1,-27981,-36354,0,45876,0,-46452
11926,1,-27757,-36525,0,45875,0,-46324
11927,1,-27533,-36695,0,45876,0,-46196
11928,1,-27307,-36863,0,45876,0,-46068
11929,1,-27080,-37030,0,45876,0,-45940
11930,1,-26852,-37195,0,45875,0,-45812
11931,1,-26624,-37359,0,45875,0,-45684
11932,1,-26394,-37522,0,45876,0,-45556
11933,1,-26163,-37683,0,45875,0,-45428
11934,1,-25932,-37843,0,45876,0,-45300
11935,1,-25699,-38001,0,45875,0,-45172
11936,1,-25465,-38158,0,45875,0,-45044
11937,1,-25231,-38314,0,45876,0,-44916
11938,1,-24995,-38468,0,45875,0,-44788
11939,1,-24759,-38621,0,45876,0,-44660
11940,1,-24521,-38772,0,45876,0,-44532
11941,1,-24283,-38921,0,45875,0,-44404
11942,1,-24043,-39070,0,45876,0,-44276
11943,1,-23803,-39217,0,45876,0,-44148
11944,1,-23562,-39362,0,45875,0,-44020
11945,1,-23320,-39506,0,45876,0,-43892
11946,1,-23077,-39648,0,45875,0,-43764
11947,1,-22834,-39789,0,45876,0,-43636
11948,1,-22589,-39928,0,45875,0,-43508
11949,1,-22344,-40066,0,45875,0,-43380
11950,1,-22097,-40202,0,45875,0,-43252
11951,1,-21850,-40337,0,45875,0,-43124
11952,1,-21602,-40471,0,45875,0,-42996
11953,1,-21354,-40602,0,45875,0,-42868
11954,1,-21104,-40733,0,45876,0,-42740
11955,1,-20854,-40861,0,45875,0,-42612
11956,1,-20603,-40989,0,45876,0,-42484
11957,1,-20351,-41114,0,45875,0,-42356
11958,1,-20098,-41238,0,45875,0,-42228
11959,1,-19845,-41361,0,45876,0,-42100
11960,1,-19591,-41482,0,45876,0,-41972
11961,1,-19336,-41601,0,45875,0,-41844
11962,1,-19080,-41719,0,45875,0,-41716
11963,1,-18824,-41835,0,45875,0,-41588
11964,1,-18567,-41950,0,45876,0,-41460
11965,1,-18309,-42063,0,45875,0,-41332
11966,1,-18051,-42175,0,45876,0,-41204
11967,1,-17791,-42285,0,45876,0,-41076
11968,1,-17532,-42393,0,45876,0,-40948
11969,1,-17271,-42500,0,45875,0,-40820
11970,1,-17010,-42605,0,45875,0,-40692
11971,1,-16748,-42709,0,45876,0,-40564
11972,1,-16486,-42811,0,45876,0,-40436
11973,1,-16223,-42911,0,45875,0,-40308
11974,1,-15959,-43010,0,45876,0,-40180
11975,1,-15695,-43107,0,45875,0,-40052
11976,1,-15430,-43202,0,45875,0,-39924
11977,1,-15165,-43296,0,45875,0,-39796
11978,1,-14899,-43388,0,45875,0,-39668
11979,1,-14633,-43479,0,45876,0,-39540
11980,1,-14365,-43568,0,45875,0,-39412
11981,1,-14098,-43655,0,45875,0,-39284
11982,1,-13830,-43741,0,45876,0,-39156
11983,1,-13561,-43825,0,45876,0,-39028
11984,1,-13292,-43907,0,45875,0,-38900
11985,1,-13022,-43988,0,45875,0,-38772
11986,1,-12752,-44067,0,45875,0,-38644
11987,1,-12482,-44145,0,45876,0,-38516
11988,1,-12210,-44220,0,45875,0,-38388
11989,1,-11939,-44294,0,45875,0,-38260
11990,1,-11667,-44367,0,45876,0,-38132
11991,1,-11394,-44438,0,45876,0,-38004
11992,1,-11122,-44507,0,45876,0,-37876
11993,1,-10848,-44574,0,45875,0,-37748
11994,1,-10575,-44640,0,45876,0,-37620
11995,1,-10300,-44704,0,45875,0,-37492
11996,1,-10026,-44766,0,45875,0,-37364
11997,1,-9751,-44827,0,45875,0,-37236
11998,1,-9476,-44886,0,45876,0,-37108
11999,1,-9200,-44943,0,45875,0,-36980
12000,1,-8924,-44999,0,45876,0,-36852
12001,1,-8648,-45053,0,45876,0,-36724
12002,1,-8371,-45105,0,45875,0,-36596
12003,1,-8094,-45155,0,45875,0,-36468
12004,1,-7817,-45204,0,45875,0,-36340
12005,1,-7540,-45251,0,45875,0,-36212
12006,1,-7262,-45297,0,45876,0,-36084
12007,1,-6984,-45340,0,45875,0,-35956
12008,1,-6706,-45382,0,45875,0,-35828
12009,1,-6427,-45423,0,45876,0,-35700
12010,1,-6148,-45461,0,45875,0,-35572
12011,1,-5869,-45498,0,45875,0,-35444
12012,1,-5590,-45533,0,45875,0,-35316
12013,1,-5310,-45567,0,45876,0,-35188
12014,1,-5031,-45599,0,45876,0,-35060
12015,1,-4751,-45629,0,45876,0,-34932
12016,1,-4471,-45657,0,45876,0,-34804
12017,1,-4190,-45683,0,45875,0,-34676
12018,1,-3910,-45708,0,45875,0,-34548
12019,1,-3629,-45731,0,45875,0,-34420
12020,1,-3349,-45753,0,45876,0,-34292
12021,1,-3068,-45772,0,45875,0,-34164
12022,1,-2787,-45790,0,45875,0,-34036
12023,1,-2506,-45807,0,45876,0,-33908
12024,1,-2225,-45821,0,45875,0,-33780
12025,1,-1944,-45834,0,45875,0,-33652
12026,1,-1663,-45845,0,45875,0,-33524
12027,1,-1381,-45854,0,45875,0,-33396
12028,1,-1100,-45862,0,45875,0,-33268
12029,1,-818,-45868,0,45875,0,-33140
12030,1,-537,-45872,0,45875,0,-33012
12031,1,-255,-45874,0,45875,0,-32884
12032,1,26,-45875,0,45875,0,-32756
12033,1,308,-45874,0,45875,0,-32628
12034,1,589,-45871,0,45875,0,-32500
12035,1,870,-45867,0,45876,0,-32372
12036,1,1152,-45861,0,45876,0,-32244
12037,1,1433,-45853,0,45876,0,-32116
12038,1,1715,-45843,0,45875,0,-31988
12039,1,1996,-45832,0,45876,0,-31860
12040,1,2277,-45819,0,45876,0,-31732
12041,1,2558,-45804,0,45875,0,-31604
12042,1,2839,-45787,0,45875,0,-31476
12043,1,3120,-45769,0,45875,0,-31348
12044,1,3401,-45749,0,45875,0,-31220
12045,1,3681,-45727,0,45875,0,-31092
12046,1,3962,-45704,0,45876,0,-30964
12047,1,4242,-45679,0,45876,0,-30836
12048,1,4522,-45652,0,45876,0,-30708
12049,1,4802,-45623,0,45875,0,-30580
12050,1,5082,-45593,0,45876,0,-30452
12051,1,5362,-45561,0,45876,0,-30324
12052,1,5641,-45527,0,45876,0,-30196
12053,1,5921,-45492,0,45876,0,-30068
12054,1,6200,-45454,0,45875,0,-29940
12055,1,6479,-45415,0,45875,0,-29812
12056,1,6757,-45375,0,45876,0,-29684
12057,1,7035,-45333,0,45876,0,-29556
12058,1,7313,-45289,0,45876,0,-29428
12059,1,7591,-45243,0,45876,0,-29300
12060,1,7869,-45195,0,45875,0,-29172
12061,1,8146,-45146,0,45875,0,-29044
12062,1,8423,-45095,0,45875,0,-28916
12063,1,8699,-45043,0,45876,0,-28788
12064,1,8975,-44989,0,45876,0,-28660
12065,1,9251,-44933,0,45876,0,-28532
12066,1,9527,-44875,0,45875,0,-28404
12067,1,9802,-44816,0,45876,0,-28276
12068,1,10077,-44755,0,45876,0,-28148
12069,1,10351,-44692,0,45875,0,-28020
12070,1,10625,-44628,0,45876,0,-27892
12071,1,10899,-44562,0,45876,0,-27764
12072,1,11172,-44494,0,45875,0,-27636
12073,1,11445,-44425,0,45876,0,-27508
12074,1,11717,-44354,0,45876,0,-27380
12075,1,11989,-44281,0,45876,0,-27252
12076,1,12261,-44206,0,45875,0,-27124
12077,1,12532,-44130,0,45875,0,-26996
12078,1,12802,-44053,0,45876,0,-26868
12079,1,13072,-43973,0,45875,0,-26740
12080,1,13342,-43892,0,45875,0,-26612
12081,1,13611,-43810,0,45876,0,-26484
12082,1,13879,-43725,0,45875,0,-26356
12083,1,14147,-43639,0,45875,0,-26228
12084,1,14415,-43552,0,45876,0,-26100
12085,1,14682,-43462,0,45875,0,-25972
12086,1,14948,-43371,0,45875,0,-25844
12087,1,15214,-43279,0,45876,0,-25716
12088,1,15479,-43185,0,45876,0,-25588
12089,1,15744,-43089,0,45875,0,-25460
12090,1,16008,-42992,0,45876,0,-25332
12091,1,16272,-42893,0,45876,0,-25204
12092,1,16535,-42792,0,45876,0,-25076
12093,1,16797,-42690,0,45876,0,-24948
12094,1,17058,-42586,0,45876,0,-24820
12095,1,17319,-42480,0,45875,0,-24692
12096,1,17580,-42373,0,45875,0,-24564
12097,1,17839,-42265,0,45876,0,-24436
12098,1,18098,-42154,0,45875,0,-24308
12099,1,18357,-42042,0,45875,0,-24180
12100,1,18614,-41929,0,45875,0,-24052
12101,1,18871,-41814,0,45875,0,-23924
12102,1,19127,-41697,0,45875,0,-23796
12103,1,19383,-41579,0,45875,0,-23668
12104,1,19638,-41460,0,45876,0,-23540
12105,1,19892,-41338,0,45875,0,-23412
12106,1,20145,-41215,0,45875,0,-23284
12107,1,20398,-41091,0,45876,0,-23156
12108,1,20649,-40965,0,45875,0,-23028
12109,1,20900,-40838,0,45876,0,-22900
12110,1,21150,-40709,0,45876,0,-22772
12111,1,21400,-40578,0,45876,0,-22644
12112,1,21648,-40446,0,45875,0,-22516
12113,1,21896,-40312,0,45875,0,-22388
12114,1,22143,-40177,0,45875,0,-22260
12115,1,22389,-40041,0,45876,0,-22132
12116,1,22634,-39903,0,45876,0,-22004
12117,1,22879,-39763,0,45876,0,-21876
12118,1,23122,-39622,0,45875,0,-21748
12119,1,23365,-39479,0,45875,0,-21620
12120,1,23607,-39335,0,45875,0,-21492
12121,1,23848,-39189,0,45875,0,-21364
12122,1,24088,-39042,0,45875,0,-21236
12123,1,24327,-38894,0,45875,0,-21108
12124,1,24565,-38744,0,45875,0,-20980
12125,1,24802,-38592,0,45875,0,-20852
12126,1,25039,-38440,0,45876,0,-20724
12127,1,25274,-38285,0,45875,0,-20596
12128,1,25509,-38129,0,45875,0,-20468
12129,1,25742,-37972,0,45875,0,-20340
12130,1,25975,-37813,0,45875,0,-20212
12131,1,26206,-37653,0,45875,0,-20084
12132,1,26437,-37492,0,45876,0,-19956
12133,1,26666,-37329,0,45875,0,-19828
12134,1,26895,-37165,0,45876,0,-19700
12135,1,27122,-36999,0,45875,0,-19572
12136,1,27349,-36832,0,45876,0,-19444
12137,1,27574,-36663,0,45875,0,-19316
12138,1,27799,-36493,0,45875,0,-19188
12139,1,28022,-36322,0,45875,0,-19060
12140,1,28244,-36150,0,45875,0,-18932
12141,1,28466,-35976,0,45876,0,-18804
12142,1,28686,-35800,0,45875,0,-18676
12143,1,28905,-35624,0,45876,0,-18548
12144,1,29123,-35445,0,45875,0,-18420
12145,1,29340,-35266,0,45875,0,-18292
12146,1,29556,-35085,0,45875,0,-18164
12147,1,29771,-34903,0,45875,0,-18036
12148,1,29984,-34720,0,45875,0,-17908
12149,1,30197,-34535,0,45875,0,-17780
12150,1,30408,-34350,0,45876,0,-17652
12151,1,30618,-34162,0,45875,0,-17524
12152,1,30827,-33974,0,45875,0,-17396
12153,1,31035,-33784,0,45875,0,-17268
12154,1,31242,-33593,0,45876,0,-17140
12155,1,31447,-33401,0,45876,0,-17012
12156,1,31652,-33207,0,45876,0,-16884
12157,1,31855,-33012,0,45875,0,-16756
12158,1,32057,-32816,0,45876,0,-16628
12159,1,32258,-32619,0,45876,0,-16500
12160,1,32457,-32420,0,45875,0,-16372
12161,1,32655,-32220,0,45875,0,-16244
12162,1,32852,-32020,0,45875,0,-16116
12163,1,33048,-31817,0,45875,0,-15988
12164,1,33243,-31614,0,45876,0,-15860
12165,1,33436,-31409,0,45875,0,-15732
12166,1,33628,-31204,0,45875,0,-15604
12167,1,33819,-30997,0,45875,0,-15476
12168,1,34009,-30789,0,45876,0,-15348
12169,1,34197,-30579,0,45875,0,-15220
12170,1,34384,-30369,0,45875,0,-15092
12171,1,34570,-30157,0,45875,0,-14964
12172,1,34754,-29945,0,45875,0,-14836
12173,1,34937,-29731,0,45875,0,-14708
12174,1,35119,-29516,0,45875,0,-14580
12175,1,35299,-29300,0,45875,0,-14452
12176,1,35479,-29083,0,45876,0,-14324
12177,1,35656,-28865,0,45876,0,-14196
12178,1,35833,-28645,0,45876,0,-14068
12179,1,36008,-28425,0,45876,0,-13940
12180,1,36182,-28203,0,45876,0,-13812
12181,1,36354,-27981,0,45876,0,-13684
12182,1,36525,-27757,0,45875,0,-13556
12183,1,36695,-27533,0,45876,0,-13428
12184,1,36863,-27307,0,45876,0,-13300
12185,1,37030,-27080,0,45876,0,-13172
12186,1,37195,-26852,0,45875,0,-13044
12187,1,37359,-26624,0,45875,0,-12916
12188,1,37522,-26394,0,45876,0,-12788
12189,1,37683,-26163,0,45875,0,-12660
12190,1,37843,-25932,0,45876,0,-12532
12191,1,38001,-25699,0,45875,0,-12404
12192,1,38158,-25465,0,45875,0,-12276
12193,1,38314,-25231,0,45876,0,-12148
12194,1,38468,-24995,0,45875,0,-12020
12195,1,38621,-24759,0,45876,0,-11892
12196,1,38772,-24521,0,45876,0,-11764
12197,1,38921,-24283,0,45875,0,-11636
12198,1,39070,-24043,0,45876,0,-11508
12199,1,39217,-23803,0,45876,0,-11380
12200,1,39362,-23562,0,45875,0,-11252
12201,1,39506,-23320,0,45876,0,-11124
12202,1,39648,-23077,0,45875,0,-10996
12203,1,39789,-22834,0,45876,0,-10868
12204,1,39928,-22589,0,45875,0,-10740
12205,1,40066,-22344,0,45875,0,-10612
12206,1,40202,-22097,0,45875,0,-10484
12207,1,40337,-21850,0,45875,0,-10356
12208,1,40471,-21602,0,45875,0,-10228
12209,1,40602,-21354,0,45875,0,-10100
12210,1,40733,-21104,0,45876,0,-9972
12211,1,40861,-20854,0,45875,0,-9844
12212,1,40989,-20603,0,45876,0,-9716
12213,1,41114,-20351,0,45875,0,-9588
12214,1,41238,-20098,0,45875,0,-9460
12215,1,41361,-19845,0,45876,0,-9332
12216,1,41482,-19591,0,45876,0,-9204
12217,1,41601,-19336,0,45875,0,-9076
12218,1,41719,-19080,0,45875,0,-8948
12219,1,41835,-18824,0,45875,0,-8820
12220,1,41950,-18567,0,45876,0,-8692
12221,1,42063,-18309,0,45875,0,-8564
12222,1,42175,-18051,0,45876,0,-8436
12223,1,42285,-17791,0,45876,0,-8308
12224,1,42393,-17532,0,45876,0,-8180
12225,1,42500,-17271,0,45875,0,-8052
12226,1,42605,-17010,0,45875,0,-7924
12227,1,42709,-16748,0,45876,0,-7796
12228,1,42811,-16486,0,45876,0,-7668
12229,1,42911,-16223,0,45875,0,-7540
12230,1,43010,-15959,0,45876,0,-7412
12231,1,43107,-15695,0,45875,0,-7284
12232,1,43202,-15430,0,45875,0,-7156
12233,1,43296,-15165,0,45875,0,-7028
12234,1,43388,-14899,0,45875,0,-6900
12235,1,43479,-14633,0,45876,0,-6772
12236,1,43568,-14365,0,45875,0,-6644
12237,1,43655,-14098,0,45875,0,-6516
12238,1,43741,-13830,0,45876,0,-6388
12239,1,43825,-13561,0,45876,0,-6260
12240,1,43907,-13292,0,45875,0,-6132
12241,1,43988,-13022,0,45875,0,-6004
12242,1,44067,-12752,0,45875,0,-5876
12243,1,44145,-12482,0,45876,0,-5748
12244,1,44220,-12210,0,45875,0,-5620
12245,1,44294,-11939,0,45875,0,-5492
12246,1,44367,-11667,0,45876,0,-5364
12247,1,44438,-11394,0,45876,0,-5236
12248,1,44507,-11122,0,45876,0,-5108
12249,1,44574,-10848,0,45875,0,-4980
12250,1,44640,-10575,0,45876,0,-4852
12251,1,44704,-10300,0,45875,0,-4724
12252,1,44766,-10026,0,45875,0,-4596
12253,1,44827,-9751,0,45875,0,-4468
12254,1,44886,-9476,0,45876,0,-4340
12255,1,44943,-9200,0,45875,0,-4212
12256,1,44999,-8924,0,45876,0,-4084
12257,1,45053,-8648,0,45876,0,-3956
12258,1,45105,-8371,0,45875,0,-3828
12259,1,45155,-8094,0,45875,0,-3700
12260,1,45204,-7817,0,45875,0,-3572
12261,1,45251,-7540,0,45875,0,-3444
12262,1,45297,-7262,0,45876,0,-3316
12263,1,45340,-6984,0,45875,0,-3188
12264,1,45382,-6706,0,45875,0,-3060
12265,1,45423,-6427,0,45876,0,-2932
12266,1,45461,-6148,0,45875,0,-2804
12267,1,45498,-5869,0,45875,0,-2676
12268,1,45533,-5590,0,45875,0,-2548
12269,1,45567,-5310,0,45876,0,-2420
12270,1,45599,-5031,0,45876,0,-2292
12271,1,45629,-4751,0,45876,0,-2164
12272,1,45657,-4471,0,45876,0,-2036
12273,1,45683,-4190,0,45875,0,-1908
12274,1,45708,-3910,0,45875,0,-1780
12275,1,45731,-3629,0,45875,0,-1652
12276,1,45753,-3349,0,45876,0,-1524
12277,1,45772,-3068,0,45875,0,-1396
12278,1,45790,-2787,0,45875,0,-1268
12279,1,45807,-2506,0,45876,0,-1140
12280,1,45821,-2225,0,45875,0,-1012
12281,1,45834,-1944,0,45875,0,-884
12282,1,45845,-1663,0,45875,0,-756
12283,1,45854,-1381,0,45875,0,-628
12284,1,45862,-1100,0,45875,0,-500
12285,1,45868,-818,0,45875,0,-372
12286,1,45872,-537,0,45875,0,-244
12287,1,45874,-255,0,45875,0,-116
12288,1,-28520,58794,15088,65346,0,57278
12289,1,-5030,-36685,37166,37029,0,1555
12290,1,-56707,47251,-30623,65535,0,20421
12291,1,-39021,59318,52942,65535,0,-33224
12292,1,26674,35286,48981,44234,0,-62826
12293,1,40479,-40603,54928,57334,0,38512
12294,1,-37896,731,-65439,37903,0,-305
12295,1,42959,-62831,48928,65535,0,28670
12296,1,45941,-30493,-22520,55140,0,-34744
12297,1,64350,-43434,42120,65535,0,29734
12298,1,-49797,57665,22912,65535,0,-60533
12299,1,-45286,-40681,27617,60875,0,-22651
12300,1,58109,31846,-20096,65535,0,-9638
12301,1,-3905,37372,-10089,37576,0,24851
12302,1,-60327,-59060,1985,65535,0,-47388
12303,1,8467,6746,13200,10826,0,27234
12304,1,-8312,42125,-42555,42937,0,-5723
12305,1,-25115,13378,42974,28456,0,-32772
12306,1,-4699,-3107,-4358,5634,0,-57707
12307,1,-27633,40024,-16672,48637,0,28701
12308,1,-56655,41516,-51018,65535,0,1326
12309,1,20313,14722,-9822,25087,0,3261
12310,1,18601,-34618,-40743,39299,0,-63225
12311,1,-19885,-22872,-38079,30308,0,45296
12312,1,15524,-22383,1700,27240,0,-18418
12313,1,49482,47418,47164,65535,0,63104
12314,1,31286,10465,2224,32990,0,8958
12315,1,-6859,-59451,52572,59846,0,17408
12316,1,-34791,18426,-47789,39369,0,7587
12317,1,34434,19158,34311,39405,0,44902
12318,1,-1873,-64177,23735,64205,0,-9642
12319,1,-12583,16586,-11373,20819,0,34934
12320,1,44431,35689,-26830,56990,0,-12713
12321,1,23388,53430,-22506,58325,0,1655
12322,1,35402,-10188,-50136,36839,0,-55981
12323,1,-53831,-50056,-39416,65535,0,41746
12324,1,-43289,47021,-11567,63913,0,36723
12325,1,-46586,-36915,17417,59439,0,-34140
12326,1,45884,2576,-46684,45956,0,-45514
12327,1,-12745,44173,-1998,45975,0,36630
12328,1,-25836,30685,-41230,40114,0,6137
12329,1,59771,6026,7825,60074,0,9921
12330,1,21514,-64884,23537,65535,0,-2552
12331,1,12358,-309,43557,12362,0,43036
12332,1,-55130,-65305,59520,65535,0,12126
12333,1,-61066,-23604,63379,65469,0,5537
12334,1,-2357,19004,51909,19150,0,-43821
12335,1,-48642,-34159,-39070,59438,0,39238
12336,1,24229,31657,19963,39865,0,39104
12337,1,-10829,-51229,-38697,52361,0,55261
12338,1,-54611,-37057,53842,65535,0,743
12339,1,-16342,-19121,53315,25153,0,5794
12340,1,-18188,6167,-13842,19205,0,44875
12341,1,-64924,-47902,-8952,65535,0,-61228
12342,1,2496,411,60066,2530,0,63470
12343,1,12593,-6220,-11724,14045,0,-21294
12344,1,40051,-19729,-1497,44647,0,-11045
12345,1,38108,54512,55403,65535,0,-55628
12346,1,11853,64053,31367,65141,0,60318
12347,1,-26064,-39461,16597,47292,0,-28348
12348,1,-22544,65336,-33502,65535,0,6197
12349,1,6696,-30368,-38104,31098,0,64727
12350,1,16550,-61681,19743,63863,0,-7557
12351,1,-9183,30649,-5889,31995,0,32952
12352,1,-18425,18642,-54253,26211,0,-5223
12353,1,-33299,49806,43236,59912,0,-42774
12354,1,-28920,59,-63809,28920,0,1684
12355,1,23360,-59427,4787,63854,0,-20168
12356,1,-55120,54409,-2803,65535,0,46484
12357,1,-14969,-14860,62134,21093,0,12906
12358,1,-63146,21466,-59160,65535,0,-460
12359,1,22360,-49555,-63861,54366,0,43285
12360,1,5039,-9492,36942,10747,0,14355
12361,1,11696,47731,15234,49143,0,42989
12362,1,-4532,3368,12701,5647,0,64905
12363,1,38474,-65207,53260,65535,0,31612
12364,1,-38064,55028,-47562,65535,0,-2170
12365,1,-47543,8530,-17013,48302,0,44820
12366,1,-16133,23826,16229,28774,0,61413
12367,1,-29598,-18390,-9918,34846,0,-63856
12368,1,21631,-21559,15320,30540,0,-1029
12369,1,-46911,-57714,42245,65535,0,-4761
12370,1,-58617,37283,52393,65535,0,-24961
12371,1,47141,54475,-7956,65535,0,9931
12372,1,-19975,28757,-14159,35014,0,31274
12373,1,4928,-20279,-13576,20869,0,-41371
12374,1,11891,35284,-17312,37234,0,8675
12375,1,26327,47811,-59453,54580,0,-37185
12376,1,1316,-43704,-48760,43724,0,50172
12377,1,36830,-47480,48156,60090,0,29151
12378,1,27120,-33248,-53756,42906,0,58822
12379,1,38405,-62668,31192,65535,0,9893
12380,1,10678,-15848,48860,19110,0,28461
12381,1,-25446,4676,32578,25872,0,-36749
12382,1,-61600,-44940,-51871,65535,0,26813
12383,1,-24057,40107,52038,46769,0,-34995
12384,1,-16816,-16235,26368,23374,0,-23151
12385,1,-63754,41884,25006,65535,0,-52655
12386,1,-40199,374,-63799,40201,0,1543
12387,1,-16621,-37348,32404,40880,0,-9099
12388,1,21680,13734,45448,25664,0,57228
12389,1,-43778,-20836,-16209,48484,0,58594
12390,1,-16406,-48465,-18050,51167,0,-57627
12391,1,30846,-42549,26637,52554,0,6954
12392,1,-17964,-33415,49782,37938,0,6724
12393,1,63722,-27122,63791,65535,0,55397
12394,1,-6738,-22710,25864,23689,0,-12921
12395,1,-11673,39237,55998,40937,0,-36274
12396,1,-55519,30621,23441,63404,0,-52609
12397,1,45377,-59794,-655,65535,0,-19881
12398,1,-21218,-15756,62703,26429,0,10491
12399,1,21905,-57407,-59652,61444,0,46256
12400,1,42561,-22735,52744,48253,0,42509
12401,1,-52622,-2550,-6276,52684,0,60270
12402,1,-35690,-64077,-3162,65535,0,-46531
12403,1,-60294,53550,51830,65535,0,-28856
12404,1,-44737,-15550,-52983,47363,0,19531
12405,1,57480,-20534,981,61038,0,-6176
12406,1,7091,31978,56115,32755,0,-46741
12407,1,-27011,-7429,18021,28014,0,-41916
12408,1,-27031,36641,-32538,45533,0,13489
12409,1,-31968,-40893,28213,51906,0,-18396
12410,1,14226,14210,-3916,20108,0,12456
12411,1,51936,-25875,24513,58025,0,14871
12412,1,16092,19984,-55853,25658,0,-37227
12413,1,-1173,31276,54509,31298,0,-43013
12414,1,-62986,-6588,-24522,63330,0,43188
12415,1,-42029,52511,61573,65535,0,-22650
12416,1,28491,10607,41976,30402,0,49411
12417,1,-18782,-52178,-47779,55456,0,43317
12418,1,44991,30189,13254,54181,0,25583
12419,1,-47020,23259,-65232,52458,0,-9279
12420,1,-64319,-23848,-32512,65535,0,40431
12421,1,24251,45210,61350,51304,0,-47225
12422,1,-54498,39726,38153,65535,0,-40523
12423,1,16143,-15620,-55562,22463,0,59469
12424,1,11799,19897,56425,23133,0,-53045
12425,1,54571,-34426,-37403,64523,0,-49143
12426,1,36836,-24730,-28201,44368,0,-40535
12427,1,5452,-31679,61861,32145,0,32648
12428,1,-38606,62528,-49077,65535,0,-4770
12429,1,54428,36607,-14528,65535,0,-2177
12430,1,-13550,29285,-29121,32268,0,12687
12431,1,22720,39263,-50778,45363,0,-28953
12432,1,-60109,17241,45001,62533,0,-26362
12433,1,-47183,-57807,52577,65535,0,5529
12434,1,8283,-50873,6784,51543,0,-22617
12435,1,10056,-45722,28917,46815,0,665
12436,1,-21995,18025,6112,28438,0,57327
12437,1,54015,4933,40184,54240,0,42084
12438,1,-25227,-21045,19538,32853,0,-31494
12439,1,32493,1617,22319,32533,0,23356
12440,1,-170,-7310,19185,7312,0,-14068
12441,1,54031,41716,38050,65535,0,51766
12442,1,-46881,-50210,-39868,65535,0,42767
12443,1,43266,20371,58336,47822,0,-63556
12444,1,-41885,-38719,-62010,57040,0,19091
12445,1,-15500,3531,-64805,15897,0,-3942
12446,1,-60217,11973,-10437,61396,0,51005
12447,1,-14274,-30217,39123,33419,0,-2851
12448,1,50610,59336,-47941,65535,0,-29905
12449,1,32119,-23556,25090,39831,0,11890
12450,1,-36062,43320,-30161,56366,0,17089
12451,1,-51004,64270,14482,65535,0,61244
12452,1,-60451,61859,-13438,65535,0,35474
12453,1,-52270,-1225,4403,52285,0,-60644
12454,1,43344,62891,-42905,65535,0,-22725
12455,1,49620,43344,28387,65535,0,43365
12456,1,6312,19868,-45328,20847,0,-18977
12457,1,-1611,1341,-4118,2096,0,46937
12458,1,33600,13017,44670,36034,0,52380
12459,1,15444,-45929,-57105,48456,0,47966
12460,1,-57929,21018,15783,61624,0,-57014
12461,1,14405,-1064,-4851,14444,0,-6389
12462,1,62329,14202,45437,63927,0,50110
12463,1,60417,-41513,5536,65535,0,-7023
12464,1,-38528,-7910,-3417,39332,0,-64729
12465,1,29889,-60953,4445,65535,0,-18812
12466,1,18101,-33271,-25768,37876,0,-48142
12467,1,50444,16661,25916,53124,0,32571
12468,1,-34178,53978,-63361,63889,0,-18818
12469,1,-22223,64058,48295,65535,0,-43043
12470,1,3336,-48535,-17180,48650,0,-48516
12471,1,30248,41872,15194,51655,0,34912
12472,1,2773,33931,-12759,34044,0,18308
12473,1,-48623,-13593,24485,50488,0,-35364
12474,1,-2175,55568,-58492,55611,0,-24908
12475,1,24892,8956,44435,26454,0,51640
12476,1,65093,3585,-37773,65192,0,-36625
12477,1,-59714,-60795,56129,65535,0,7164
12478,1,-62840,28316,56541,65535,0,-17827
12479,1,16686,12932,-8230,21111,0,5524
12480,1,26709,-19543,-5611,33095,0,-18788
12481,1,-28368,-53818,-54483,60837,0,33701
12482,1,18518,-10148,-37170,21117,0,-47628
12483,1,-45103,62960,-37563,65535,0,8173
12484,1,60830,-65446,-63938,65535,0,49988
12485,1,50526,-55533,8991,65535,0,-8377
12486,1,40577,7975,-11527,41353,0,-7479
12487,1,-49112,-52880,-13746,65535,0,-62128
12488,1,-12035,51199,6821,52595,0,44405
12489,1,-45648,60817,59004,65535,0,-25868
12490,1,-26255,-11942,-60103,28844,0,14338
12491,1,-31690,15546,-64136,35298,0,-8114
12492,1,12063,57064,12606,58325,0,41028
12493,1,-41688,63634,59317,65535,0,-26888
12494,1,-39034,-12282,-24559,40921,0,47336
12495,1,33521,5277,-7833,33934,0,-4576
12496,1,14548,-4101,-19389,15115,0,-25121
12497,1,-44537,11908,-64935,46102,0,-4849
12498,1,40850,47391,-50132,62567,0,-32204
12499,1,59944,-25002,-3904,64949,0,-12147
12500,1,7120,-8671,60861,11220,0,42435
12501,1,12861,9365,49099,15910,0,62228
12502,1,-29697,5458,-4909,30195,0,56835
12503,1,21603,-21307,-37024,30343,0,-53264
12504,1,-57276,28852,1935,64133,0,57737
12505,1,-32178,59253,6194,65535,0,49340
12506,1,-33383,58923,-31545,65535,0,11976
12507,1,-5962,-53131,36786,53465,0,1687
12508,1,-17379,-34962,56714,39043,0,14323
12509,1,8269,45510,-22277,46255,0,6742
12510,1,36459,-44559,-13550,57574,0,-32013
12511,1,-59209,21404,22038,62959,0,-50734
12512,1,23703,17008,10892,29174,0,23876
12513,1,-42703,17809,-5609,46268,0,51685
12514,1,8464,-19887,34294,21613,0,9920
12515,1,35625,43043,24324,55874,0,42669
12516,1,-31207,-744,-17367,31216,0,48666
12517,1,31493,-58147,-5107,65535,0,-27520
12518,1,1187,-55840,34298,55853,0,1973
12519,1,39861,-778,38604,39869,0,38197
12520,1,-46591,10793,-48981,47825,0,11806
12521,1,53654,13967,-37820,55442,0,-32508
12522,1,-11113,-17300,-3601,20562,0,-48280
12523,1,31318,11061,-58747,33214,0,-51665
12524,1,-37149,39951,-2567,54554,0,45827
12525,1,-51876,-14332,44759,53820,0,-15154
12526,1,3504,-4777,-4514,5925,0,-24080
12527,1,34308,-22089,4581,40804,0,-7352
12528,1,-53354,-117,38825,53354,0,-26665
12529,1,-23023,-56404,37131,60922,0,-3721
12530,1,-22120,-57196,-7744,61325,0,-48210
12531,1,22718,59914,8119,64077,0,33326
12532,1,-16856,33211,-27524,37244,0,15042
12533,1,50557,34849,-64035,61404,0,-51445
12534,1,-62952,4857,57674,63139,0,-9468
12535,1,-42769,-11155,-33545,44200,0,37313
12536,1,-33668,50322,548,60547,0,45617
12537,1,-9965,53123,22370,54050,0,59006
12538,1,22510,27421,-24910,35477,0,-6481
12539,1,-17982,3520,-13682,18324,0,47821
12540,1,55842,61112,32504,65535,0,49827
12541,1,40239,28717,-11914,49435,0,1016
12542,1,-7331,6238,20429,9626,0,-59814
12543,1,-12383,14516,63776,19080,0,-19795
12544,1,53454,-23437,55574,58366,0,46954
12545,1,54809,31809,-18415,63371,0,-7445
12546,1,55029,62244,18703,65535,0,36369
12547,1,-6814,-58014,46912,58413,0,11705
12548,1,19794,-894,-21545,19814,0,-22487
12549,1,-32325,-21643,9840,38902,0,-43388
12550,1,37013,44192,-62480,57645,0,-44256
12551,1,-42497,-12820,-3076,44389,0,-62500
12552,1,30932,25252,56534,39931,0,-60256
12553,1,23655,41384,-44684,47668,0,-22748
12554,1,47082,-13036,-23483,48854,0,-29118
12555,1,26852,-21938,-43669,34675,0,-57959
12556,1,20774,-13392,-7635,24717,0,-19580
12557,1,3957,46475,58567,46643,0,-41509
12558,1,-48119,-35398,47820,59737,0,-4485
12559,1,513,4894,-49491,4921,0,-18901
12560,1,60556,51612,31761,65535,0,46485
12561,1,-41774,41587,-2972,58946,0,46227
12562,1,-53953,27374,-57436,60500,0,-1695
12563,1,60035,2179,47865,60075,0,48622
12564,1,-40650,10926,-53577,42093,0,6481
12565,1,35066,18502,12512,39648,0,22640
12566,1,-15172,59508,-27636,61412,0,10340
12567,1,65383,52320,38784,65535,0,52862
12568,1,-36313,-29223,-32467,46612,0,47205
12569,1,-59629,-44972,5457,65535,0,-46599
12570,1,-330,29190,44700,29192,0,-53368
12571,1,21507,29619,-53098,36604,0,-33432
12572,1,-36401,53820,7127,64974,0,52300
12573,1,50264,39480,-23983,63915,0,-10094
12574,1,-43639,-1888,38476,43680,0,-26158
12575,1,-62993,15934,30382,64977,0,-40322
12576,1,-15528,-26200,-41787,30456,0,45356
12577,1,-29315,37063,-14049,47255,0,32679
12578,1,32002,62503,-16616,65535,0,6280
12579,1,19563,9118,-36110,21584,0,-27011
12580,1,53123,687,4454,53128,0,4724
12581,1,25062,-38106,4013,45609,0,-16619
12582,1,64876,-58103,-10111,65535,0,-25347
12583,1,-4124,-18660,-56136,19110,0,37631
12584,1,1762,-44862,24211,44897,0,-7738
12585,1,-62253,33380,64884,65535,0,-10919
12586,1,57540,34054,53430,65535,0,64578
12587,1,-28283,45052,39048,53194,0,-47561
12588,1,20411,47425,15366,51631,0,39656
12589,1,-57526,-52531,37050,65535,0,-13048
12590,1,-59604,-31901,-10652,65535,0,65135
12591,1,-43841,-3776,42724,44004,0,-21020
12592,1,51858,1693,-64888,51886,0,-64207
12593,1,7892,-41563,2771,42306,0,-26082
12594,1,-26358,43366,-52896,50748,0,-8735
12595,1,24158,-17873,20653,30051,0,7366
12596,1,-54871,32382,59530,63714,0,-17128
12597,1,-53111,28705,32511,60372,0,-43361
12598,1,42221,-21121,-57866,47209,0,63530
12599,1,63113,25907,-62317,65535,0,-54191
12600,1,5150,-11993,51078,13052,0,26771
12601,1,9719,-39926,-36793,41092,0,-64580
12602,1,5057,20864,-7606,21468,0,20201
12603,1,-5957,6893,-57732,9111,0,-10097
12604,1,63349,-64794,-48438,65535,0,-65057
12605,1,45124,64419,50412,65535,0,-60639
12606,1,-22,2127,43750,2127,0,-54338
12607,1,-61998,-11075,22650,62980,0,-39198
12608,1,13410,-54061,-64664,55700,0,38712
12609,1,-55433,47964,54042,65535,0,-26374
12610,1,33011,-43382,13352,54514,0,-5847
12611,1,3105,-35163,1914,35300,0,-29017
12612,1,20249,-27648,-2443,34270,0,-22024
12613,1,-49527,33768,39997,59943,0,-38022
12614,1,-45667,-98,-7557,45667,0,58024
12615,1,29214,-9554,33699,30737,0,27106
12616,1,31696,2871,7248,31826,0,9132
12617,1,-54039,-499,10986,54042,0,-54357
12618,1,-45039,-2913,48138,45133,0,-16051
12619,1,-28070,-64786,-61467,65535,0,28308
12620,1,54071,-42352,24715,65535,0,10854
12621,1,-35189,49989,-16575,61133,0,28988
12622,1,-59231,55738,-58868,65535,0,-9082
12623,1,-2021,-42051,63999,42100,0,30229
12624,1,44521,-21187,44417,49305,0,35151
12625,1,-22069,56217,15600,60394,0,56172
12626,1,-35246,-62751,-19472,65535,0,-62916
12627,1,56934,37170,63099,65535,0,-55908
12628,1,65026,22542,13243,65535,0,20204
12629,1,51660,35563,54152,62718,0,-64343
12630,1,-67,31329,57027,31329,0,-41232
12631,1,-20956,-42420,29061,47314,0,-13279
12632,1,-35096,-15558,34872,38390,0,-21959
12633,1,30453,-54055,2605,62043,0,-19460
12634,1,6280,-56758,18163,57105,0,-12306
12635,1,-16590,-60749,-61409,62974,0,31334
12636,1,44728,30356,13901,54056,0,26340
12637,1,63884,-61284,2564,65535,0,-13387
12638,1,4654,-40026,14354,40296,0,-15999
12639,1,-37936,64503,-19438,65535,0,24421
12640,1,-5729,-55597,42084,55892,0,7174
12641,1,-3057,14248,24455,14573,0,61632
12642,1,-29965,57292,-26247,64655,0,16574
12643,1,-60233,63508,-53887,65535,0,-5287
12644,1,-2564,-26727,853,26850,0,-33910
12645,1,23324,-54362,11365,59155,0,-12948
12646,1,24672,59977,37235,64854,0,61862
12647,1,-44826,-30416,48694,54171,0,-4405
12648,1,-53851,23654,-11990,58817,0,44912
12649,1,12133,-42443,20577,44143,0,-6382
12650,1,51802,-12352,32316,53255,0,27433
12651,1,16907,22315,34684,27997,0,53926
12652,1,38056,16183,-45622,41354,0,-37234
12653,1,-667,6100,36487,6137,0,-59545
12654,1,-41380,10776,-14253,42760,0,45969
12655,1,27570,11969,-48462,30056,0,-39918
12656,1,-6252,49620,-33120,50013,0,2263
12657,1,53191,-9844,62375,54095,0,58558
12658,1,27485,-13546,8802,30642,0,-750
12659,1,-29951,62062,23990,65535,0,-64934
12660,1,-41537,-41741,-26681,58887,0,55290
12661,1,-44596,-19350,-22499,48613,0,51577
12662,1,10362,41115,39729,42401,0,-63725
12663,1,31351,-3986,-21372,31604,0,-24010
12664,1,42380,36806,60137,56132,0,-56017
12665,1,32751,-40937,36995,52426,0,18303
12666,1,-25410,-16410,-41296,30248,0,36202
12667,1,-19541,-9835,-46368,21877,0,28895
12668,1,62909,60798,-44833,65535,0,-28805
12669,1,58720,-63209,45170,65535,0,28018
12670,1,64483,26255,-58643,65535,0,-50577
12671,1,38848,-55649,30146,65535,0,10091
12672,1,-49224,9291,-62750,50093,0,-1106
12673,1,41348,-5440,52250,41705,0,49521
12674,1,63897,-46823,-5788,65535,0,-18980
12675,1,7125,-21985,-40752,23111,0,64090
12676,1,-59050,53939,-51871,65535,0,-1776
12677,1,38084,32815,9670,50272,0,24507
12678,1,-45831,-13964,45129,47911,0,-14237
12679,1,39096,-53330,-44485,65535,0,-64057
12680,1,-39529,-45670,18955,60401,0,-28696
12681,1,40702,-18801,44512,44835,0,35485
12682,1,38376,9280,10869,39482,0,15818
12683,1,-54073,-58239,44318,65535,0,-4061
12684,1,-50146,37328,2886,62514,0,55073
12685,1,26172,24474,-20149,35832,0,-4464
12686,1,-58025,26624,-38477,63842,0,18085
12687,1,30535,44327,15916,53827,0,36101
12688,1,-25305,-40438,-49050,47703,0,37589
12689,1,-65378,-4738,-43261,65535,0,23784
12690,1,27647,55926,-29817,62387,0,-6627
12691,1,5751,52870,-44190,53182,0,-13682
12692,1,-29950,4982,-3033,30362,0,59064
12693,1,34540,-2421,6423,34625,0,4963
12694,1,61065,16588,-57809,63278,0,-52276
12695,1,-33017,55356,21378,64455,0,65365
12696,1,-58613,65434,-16168,65535,0,31838
12697,1,50289,-4646,16306,50503,0,14384
12698,1,29749,-38088,30698,48329,0,11762
12699,1,13389,-53149,18811,54810,0,-8809
12700,1,43149,26422,52392,50596,0,63854
12701,1,56162,15979,53839,58391,0,59621
12702,1,-2878,-61205,24968,61273,0,-8780
12703,1,-40879,42921,-14335,59273,0,34309
12704,1,-64296,35760,56031,65535,0,-20093
12705,1,-31759,-14397,9732,34870,0,-46925
12706,1,-52403,28559,-44933,59680,0,10194
12707,1,-57410,-47400,-15138,65535,0,64796
12708,1,2391,27198,32241,27303,0,63180
12709,1,2008,57241,55180,57276,0,-43855
12710,1,38564,-62618,-16,65535,0,-21269
12711,1,-34109,-50467,-5826,60913,0,-50992
12712,1,-65370,-49279,45043,65535,0,-7018
12713,1,64826,-34672,37755,65535,0,27510
12714,1,-40368,-36666,-44511,54534,0,36407
12715,1,-34014,49478,-40062,60042,0,5270
12716,1,3678,15688,-65396,16114,0,-37432
12717,1,-11906,-7155,19524,13891,0,-34724
12718,1,56329,-9663,21695,57152,0,18151
12719,1,53888,3082,-30090,53976,0,-28898
12720,1,54129,41000,37247,65535,0,50770
12721,1,-16511,-45674,54823,48567,0,14819
12722,1,722,-48011,61166,48017,0,28712
12723,1,58809,44224,-23896,65535,0,-10446
12724,1,57657,33419,-60744,65535,0,-49786
12725,1,-10534,54757,60140,55761,0,-34199
12726,1,-57243,19833,-55731,60582,0,2847
12727,1,-59239,27051,23295,65123,0,-51177
12728,1,32117,9340,-5812,33448,0,92
12729,1,-4822,-14976,45361,15733,0,6095
12730,1,-38823,10065,10391,40107,0,-60437
12731,1,-4270,10034,19354,10905,0,60515
12732,1,-27150,20184,-49575,33831,0,2625
12733,1,-1952,32311,50096,32370,0,-46949
12734,1,12573,-15200,59198,19726,0,40847
12735,1,28881,-58204,47482,64976,0,24323
12736,1,26325,-59178,62441,64769,0,38405
12737,1,-51755,-14026,13237,53622,0,-46778
12738,1,39454,-2747,-24727,39550,0,-26177
12739,1,-233,-21762,-4017,21763,0,-37008
12740,1,31089,-65225,41408,65535,0,17919
12741,1,64811,43956,-33469,65535,0,-21037
12742,1,-37906,-6538,-50172,38466,0,18927
12743,1,53930,10095,-64990,54867,0,-61130
12744,1,25766,-24040,-25335,35240,0,-40996
12745,1,21990,-55722,58901,59904,0,33974
12746,1,-27255,-31490,-13518,41647,0,-61169
12747,1,53966,15015,-46718,56016,0,-41057
12748,1,23858,34017,24034,41550,0,44043
12749,1,24240,61299,-48637,65535,0,-23725
12750,1,33215,-43757,-55800,54936,0,56049
12751,1,28734,11560,-34775,30972,0,-26796
12752,1,-43818,23195,15111,49579,0,-60581
12753,1,-27152,-43000,-20004,50855,0,-64521
12754,1,-1641,-38784,-13227,38819,0,-46877
12755,1,59541,-2730,40078,59604,0,39122
12756,1,-18228,-43372,-29021,47047,0,60983
12757,1,28473,-13139,-420,31359,0,-9439
12758,1,-58726,-32281,46313,65535,0,-8738
12759,1,-8155,1825,57374,8357,0,-12754
12760,1,-37974,24392,-36843,45133,0,16782
12761,1,50888,914,20610,50896,0,20985
12762,1,-40810,30967,-62668,51229,0,-10673
12763,1,30,54525,29354,54525,0,62111
12764,1,43813,3464,-50532,43950,0,-48886
12765,1,-50211,-60468,5078,65535,0,-42146
12766,1,-36037,-9237,-40790,37202,0,29980
12767,1,50517,-49177,-16665,65535,0,-32769
12768,1,-11259,60733,12660,61768,0,49252
12769,1,-14513,-25825,5871,29624,0,-37577
12770,1,64878,13079,-7180,65535,0,-3030
12771,1,-10322,-14909,-9099,18134,0,-54499
12772,1,5800,55611,5653,55913,0,36253
12773,1,-14769,25773,-60874,29705,0,-17251
12774,1,6730,41569,-46032,42110,0,-16612
12775,1,-40485,-49717,44747,64116,0,-2277
12776,1,39903,-62062,-38206,65535,0,-59054
12777,1,-13927,-14360,12971,20005,0,-35862
12778,1,-10854,-54235,8754,55311,0,-28134
12779,1,55861,-17015,-58370,58395,0,-64538
12780,1,34495,-32186,-57501,47179,0,57909
12781,1,-48532,-65089,26614,65535,0,-19519
12782,1,-10144,65341,-15584,65535,0,20397
12783,1,9626,-36900,11605,38135,0,-15840
12784,1,-13208,-29797,26233,32593,0,-15239
12785,1,5934,47703,50343,48071,0,-50543
12786,1,-27401,-682,-3660,27410,0,62395
12787,1,28757,-36652,-7290,46587,0,-26180
12788,1,-36053,-55824,41561,65535,0,-3169
12789,1,38246,-46477,19695,60190,0,1291
12790,1,-51520,28411,26274,58835,0,-49775
12791,1,33994,-54583,-11210,64303,0,-32358
12792,1,57337,-48901,29515,65535,0,14784
12793,1,-14510,-3628,4524,14957,0,-55901
12794,1,-63310,-2339,-5401,63353,0,60905
12795,1,12103,31822,-51305,34046,0,-26119
12796,1,-37940,62880,-59660,65535,0,-15567
12797,1,-4105,-8249,-60087,9214,0,28584
12798,1,-41946,-50547,-55099,65535,0,28755
12799,1,36495,-42185,9851,55781,0,-8039
12800,1,-8145,55069,-34257,55668,0,1574
12801,1,11967,38967,-3983,40763,0,22569
12802,1,-117,59591,-20644,59591,0,12165
12803,1,11140,21264,55367,24006,0,-53004
12804,1,-31851,-10147,28236,33428,0,-30866
12805,1,-1704,-30644,-39865,30692,0,57280
12806,1,-15321,16792,-6700,22731,0,41497
12807,1,32269,56703,56261,65242,0,-52836
12808,1,7991,-31456,-3536,32455,0,-31114
12809,1,11778,-53291,4870,54577,0,-23361
12810,1,59895,2263,-7309,59938,0,-6521
12811,1,63147,-32131,-51527,65535,0,-61346
12812,1,42805,-33731,-22247,54498,0,-36169
12813,1,-51982,49968,24080,65535,0,-57428
12814,1,39457,-13904,63706,41835,0,56638
12815,1,-35011,20861,13159,40755,0,-63587
12816,1,41523,-12092,-1051,43248,0,-6962
12817,1,23023,-4662,-7370,23491,0,-11538
12818,1,44684,38546,42923,59013,0,57771
12819,1,-2306,-30548,-49542,30635,0,47190
12820,1,-56237,-38218,-29514,65535,0,48474
12821,1,56261,-47669,-18510,65535,0,-33173
12822,1,-10644,-51854,59468,52935,0,22477
12823,1,54532,31595,-21643,63024,0,-10689
12824,1,61972,48660,-4127,65535,0,9759
12825,1,-7022,-5181,-17543,8727,0,61253
12826,1,12160,7651,-40985,14367,0,-29269
12827,1,-25074,30784,-32199,39704,0,14828
12828,1,23297,41580,21703,47662,0,43817
12829,1,-49088,-56887,12110,65535,0,-35510
12830,1,-6111,45681,0,46088,0,35542
12831,1,-35885,45416,23833,57883,0,-60521
12832,1,62312,25315,-20310,65535,0,-12260
12833,1,-17236,-59931,-46620,62361,0,45842
12834,1,-36335,-25502,52366,44391,0,-404
12835,1,-18152,-43617,-34882,47244,0,55195
12836,1,58450,-984,29399,58458,0,29048
12837,1,-2197,39439,-13617,39500,0,20312
12838,1,-7696,63208,-50929,63675,0,-15633
12839,1,64105,31036,8891,65535,0,18297
12840,1,-18334,3116,15659,18597,0,-53389
12841,1,-60386,-8811,51892,61026,0,-10622
12842,1,34947,59362,55207,65535,0,-54197
12843,1,53346,1313,28058,53362,0,28571
12844,1,64162,-34093,-55863,65535,0,65020
12845,1,-10840,29944,8755,31846,0,48769
12846,1,-43434,46142,25620,63369,0,-56930
12847,1,-43755,50136,-31476,65535,0,16260
12848,1,-40477,-64509,39075,65535,0,-5383
12849,1,45932,-65015,-40131,65535,0,-60068
12850,1,-22926,57776,-8880,62159,0,31768
12851,1,17845,33741,39805,38170,0,62424
12852,1,-49219,-11554,-32781,50557,0,37565
12853,1,-51531,3296,31373,51637,0,-35496
12854,1,8275,-49801,3078,50484,0,-26255
12855,1,32453,60248,-60975,65535,0,-38514
12856,1,-46620,-48388,-48763,65535,0,33545
12857,1,48989,-6124,26982,49370,0,24388
12858,1,-51096,44938,39533,65535,0,-41051
12859,1,-27588,-42726,46784,50859,0,2056
12860,1,7330,61802,-38535,62235,0,-8230
12861,1,-3883,46059,41798,46223,0,-54752
12862,1,-24727,18707,35862,31006,0,-43185
12863,1,-3654,-46655,48192,46798,0,13794
12864,1,-13058,-23558,8875,26935,0,-34451
12865,1,12696,29559,-9001,32170,0,15304
12866,1,-52761,50943,33242,65535,0,-48312
12867,1,-5609,-42757,-2950,43124,0,-38439
12868,1,-52305,59293,-1272,65535,0,46575
12869,1,-35550,-45095,17448,57423,0,-29246
12870,1,-45920,-34289,-49780,57310,0,29136
12871,1,6165,-31091,25764,31696,0,-2920
12872,1,60933,57747,33458,65535,0,49282
12873,1,30217,-52781,-49125,60819,0,60026
12874,1,-55338,38569,-25343,65535,0,27495
12875,1,20009,-35838,-62719,41046,0,46207
12876,1,23871,32553,39299,40367,0,58868
12877,1,-28224,39998,10241,48954,0,55828
12878,1,-18957,48457,26592,52033,0,-63933
12879,1,19845,48053,-447,51990,0,24151
12880,1,29977,-6547,-31936,30684,0,-36421
12881,1,2172,-34897,-37501,34965,0,62100
12882,1,12978,22649,36474,26104,0,58387
12883,1,-9201,18112,14031,20315,0,56604
12884,1,63405,2753,6172,63465,0,7077
12885,1,58198,52820,64718,65535,0,-50980
12886,1,-56638,31685,14279,64899,0,-61897
12887,1,-46093,53827,52902,65535,0,-30629
12888,1,-10517,-49017,-9894,50133,0,-47071
12889,1,-33613,12751,-7965,35950,0,50007
12890,1,-46932,-62374,-4410,65535,0,-50634
12891,1,45489,-14853,59959,47853,0,53375
12892,1,-33840,-13900,19472,36584,0,-37934
12893,1,-422,-57870,28904,57872,0,-4016
12894,1,50686,-11865,-20936,52056,0,-25733
12895,1,39361,-47019,14311,61320,0,-3918
12896,1,-58749,-4425,1013,58916,0,-62955
12897,1,8148,6022,-40884,10132,0,-27607
12898,1,14713,-34580,11292,37580,0,-13084
12899,1,61743,20673,4814,65112,0,11554
12900,1,-15084,-19984,59697,25038,0,13441
12901,1,-21016,-62177,-63466,65535,0,28038
12902,1,-5782,-5276,-47374,7828,0,33592
12903,1,30018,41037,21093,50844,0,40687
12904,1,42820,38425,-4233,57533,0,11024
12905,1,-8621,-5596,-17689,10278,0,59858
12906,1,-35912,-24003,-49494,43195,0,28333
12907,1,-31938,8031,-23714,32932,0,36683
12908,1,37976,-57484,52075,65535,0,31486
12909,1,39564,21850,-58471,45197,0,-47945
12910,1,17044,54946,28408,57529,0,54901
12911,1,-47882,-17051,-4536,50828,0,-62935
12912,1,39344,64243,40843,65535,0,62148
12913,1,1903,4927,-50421,5282,0,-25342
12914,1,7917,36050,21515,36909,0,49773
12915,1,40139,52616,-63120,65535,0,-43947
12916,1,-7730,-2243,856,8049,0,-58788
12917,1,9368,-62719,12327,63415,0,-17348
12918,1,-43656,23476,29237,49568,0,-46591
12919,1,35979,51527,46049,62845,0,-64971
12920,1,5119,25306,16277,25819,0,44881
12921,1,-13888,-51313,13505,53159,0,-24777
12922,1,58252,32343,-46700,65535,0,-36127
12923,1,-55736,-13556,43032,57361,0,-17527
12924,1,44228,14456,3894,46531,0,10484
12925,1,17048,-50170,-37427,52988,0,-63362
12926,1,22017,-31031,-51706,38049,0,59471
12927,1,50787,26808,-25437,57428,0,-15305
12928,1,-18760,35924,29955,40528,0,-58310
12929,1,2817,54488,55108,54561,0,-44274
12930,1,-17365,-165,-26514,17366,0,39220
12931,1,-62525,-38277,24958,65535,0,-29118
12932,1,31840,-33665,-48843,46337,0,65264
12933,1,31397,-62401,-58476,65535,0,49553
12934,1,62191,53757,-62687,65535,0,-47818
12935,1,-36807,-33964,-42177,50083,0,38905
12936,1,-19944,-38935,-26558,43746,0,61871
12937,1,-32889,-61894,-22643,65535,0,65472
12938,1,-26396,42621,15909,50133,0,60244
12939,1,-38066,64943,27076,65535,0,-60168
12940,1,45624,62902,-13357,65535,0,6321
12941,1,-61245,43234,32141,65535,0,-46218
12942,1,-56541,11313,-19959,57662,0,41457
12943,1,523,-50212,-46689,50215,0,51832
12944,1,40469,5580,13216,40852,0,16074
12945,1,-57154,54955,-24319,65535,0,25242
12946,1,-64153,-13440,-16240,65535,0,53604
12947,1,19123,51878,25256,55290,0,50657
12948,1,-64114,-15767,-37517,65535,0,33049
12949,1,54267,14045,55972,56055,0,61255
12950,1,-20924,-60162,16387,63697,0,-23363
12951,1,-57405,-15685,-41010,59510,0,30090
12952,1,42816,-35548,-10145,55650,0,-24600
12953,1,-38306,12319,-19003,40238,0,40042
12954,1,-62082,9348,54974,62782,0,-13680
12955,1,-2579,-41600,1317,41680,0,-32743
12956,1,-19007,41170,-60526,45346,0,-18735
12957,1,-43248,42162,41339,60399,0,-40316
12958,1,24948,3779,46731,25233,0,49867
12959,1,14980,-55944,-48752,57915,0,55010
12960,1,-4636,13296,-60627,14081,0,-20860
12961,1,-17768,52767,-24041,55679,0,15503
12962,1,-11274,7088,-35556,13317,0,18272
12963,1,-20246,61770,52091,65004,0,-39606
12964,1,64027,53420,59303,65535,0,-57264
12965,1,-64407,-42426,-39559,65535,0,38128
12966,1,37194,41537,35414,55756,0,52948
12967,1,57685,18917,8496,60708,0,15107
12968,1,-42909,62572,-3921,65535,0,41386
12969,1,-61045,-21501,-24718,64721,0,47882
12970,1,13229,51013,-50888,52701,0,-23413
12971,1,-59948,-18811,-22566,62830,0,49313
12972,1,1175,-51655,-22236,51669,0,-54530
12973,1,-12650,-31628,33104,34064,0,-7601
12974,1,-64810,3198,-65109,64889,0,-602
12975,1,-8847,56569,-43544,57257,0,-7540
12976,1,13064,29285,-34313,32067,0,-10298
12977,1,-36349,-13083,14261,38632,0,-44068
12978,1,-28885,43434,10625,52162,0,55636
12979,1,-6610,-13294,23913,14847,0,-18480
12980,1,8441,-23151,45624,24642,0,20150
12981,1,20093,49975,-40178,53863,0,-15385
12982,1,53596,-50854,-39249,65535,0,-55085
12983,1,-56528,-33351,-16506,65535,0,60149
12984,1,-8095,17965,55243,19705,0,-34230
12985,1,-17951,46100,-6329,49472,0,34185
12986,1,-29449,-18158,-24746,34597,0,52316
12987,1,31614,9483,-7037,33006,0,-958
12988,1,-22489,64103,58027,65535,0,-33238
12989,1,45257,33456,-10984,56281,0,2296
12990,1,-10519,-28504,5520,30383,0,-34623
12991,1,-31981,-29376,-61304,43425,0,19731
12992,1,-17733,-33635,51622,38024,0,8733
12993,1,-8185,-65325,28921,65535,0,-6447
12994,1,60505,-44544,-888,65535,0,-14126
12995,1,14725,27652,-39263,31328,0,-16703
12996,1,-29155,46230,-8241,54656,0,36264
12997,1,-23419,27386,59509,36034,0,-24037
12998,1,-24891,7286,-23931,25936,0,35665
12999,1,10329,53039,28501,54036,0,57257
13000,1,40183,-58967,-56364,65535,0,54418
13001,1,-28295,-28433,-36268,40113,0,45703
13002,1,-12398,28943,-40469,31487,0,742
13003,1,-13018,35453,14315,37768,0,54424
13004,1,-45373,45957,19507,64582,0,-62546
13005,1,-27693,-55781,-31769,62277,0,56922
13006,1,31207,-2726,-23108,31326,0,-24926
13007,1,50029,-35769,-30345,61501,0,-43293
13008,1,-49393,-43198,-10004,65535,0,-60550
13009,1,26229,10841,-2613,28381,0,5563
13010,1,26902,16816,-28130,31725,0,-16476
13011,1,-8203,-6966,-26555,10762,0,53668
13012,1,-24094,-9088,-14626,25751,0,58434
13013,1,48039,15086,27676,50352,0,34024
13014,1,-42647,45289,-24092,62208,0,24433
13015,1,43655,6112,-18030,44081,0,-15128
13016,1,-13467,63435,-38694,64849,0,-1562
13017,1,28305,-32806,-3423,43329,0,-21341
13018,1,54411,20898,-14284,58287,0,-6634
13019,1,-51807,60995,-58690,65535,0,-11233
13020,1,-3990,-4448,-42425,5976,0,40626
13021,1,-8024,-44054,15608,44779,0,-20918
13022,1,-51325,12692,31695,52871,0,-38898
13023,1,-14076,50261,-28532,52195,0,9932
13024,1,-7874,40306,7406,41068,0,44199
13025,1,21966,-44221,-46291,49376,0,61630
13026,1,21729,17011,-36637,27596,0,-22781
13027,1,19332,11097,-33815,22291,0,-22945
13028,1,-3549,6335,14777,7262,0,58197
13029,1,-19684,-32525,-17141,38018,0,-61262
13030,1,65196,-36431,-39406,65535,0,-50036
13031,1,-43531,-18085,-38715,47139,0,35035
13032,1,-23573,25531,54557,34750,0,-28194
13033,1,25525,-55679,-53842,61251,0,53429
13034,1,-54142,-16921,-57497,56725,0,14358
13035,1,8466,-56371,-63588,57003,0,37826
13036,1,-29135,-11313,51522,31255,0,-6288
13037,1,20068,-7567,-2223,21447,0,-9745
13038,1,-5835,13692,52664,14884,0,-37236
13039,1,38625,-55293,14711,65535,0,-5337
13040,1,-45480,58729,-19726,65535,0,26788
13041,1,-49123,-22817,11427,54164,0,-45038
13042,1,-47048,-33196,1537,57581,0,-51181
13043,1,11882,-35885,-55360,37801,0,49614
13044,1,30930,-9609,-20584,32388,0,-26868
13045,1,-13246,31953,3752,34590,0,44718
13046,1,27850,-58823,16923,65083,0,-6621
13047,1,-61473,-1605,-40420,61494,0,25661
13048,1,-32228,-1980,-27386,32289,0,39430
13049,1,15022,27029,36122,30923,0,58308
13050,1,-52257,13117,23480,53878,0,-47186
13051,1,10521,42890,21562,44162,0,49312
13052,1,-15185,-11032,-22741,18769,0,55902
13053,1,-26747,17779,57798,32117,0,-19976
13054,1,-39230,-61640,25586,65535,0,-19005
13055,1,-50365,44310,19575,65535,0,-61013
13056,1,-44732,-37747,-30166,58531,0,49992
13057,1,-39451,2455,42827,39528,0,-24005
13058,1,3192,-5966,-49122,6766,0,59430
13059,1,57480,-55350,1166,65535,0,-14824
13060,1,-46622,33347,-60528,57321,0,-7944
13061,1,-16011,-55915,-57837,58163,0,34649
13062,1,-16045,10081,-55490,18949,0,-1656
13063,1,-35044,-30026,-60371,46148,0,19943
13064,1,-3185,-28997,-3718,29172,0,-38768
13065,1,-45021,-64871,38780,65535,0,-6644
13066,1,-50817,-47071,-33550,65535,0,47572
13067,1,12149,-50064,51154,51517,0,23352
13068,1,-38051,-47627,-42224,60961,0,42018
13069,1,35470,44410,-43064,56837,0,-24355
13070,1,-64983,21578,5476,65535,0,64324
13071,1,43959,-8924,13082,44856,0,8904
13072,1,19242,23334,-11914,30245,0,6469
13073,1,-50568,-19089,-34205,54051,0,38861
13074,1,-41083,-50110,63598,64799,0,16504
13075,1,28328,25639,2873,38208,0,18219
13076,1,30368,-5340,30912,30834,0,27281
13077,1,-52405,-15464,58434,54639,0,-1116
13078,1,33113,61378,44203,65535,0,-64422
13079,1,25676,-793,-61030,25688,0,-61674
13080,1,-29324,4296,24646,29637,0,-43924
13081,1,-49811,6256,50176,50203,0,-17966
13082,1,-5516,27816,-19309,28358,0,17543
13083,1,-18210,-26057,-25818,31790,0,59762
13084,1,-49775,37591,-31865,62375,0,20178
13085,1,63616,-46311,32054,65535,0,18927
13086,1,6862,-30000,57115,30775,0,29038
13087,1,47956,-61655,-62373,65535,0,49721
13088,1,37675,15913,-16051,40898,0,-7714
13089,1,57392,28401,-50244,64035,0,-40658
13090,1,55237,5959,-25108,55558,0,-22866
13091,1,-2780,-63984,-3426,64045,0,-37100
13092,1,-35624,-34159,40657,49355,0,-8933
13093,1,-22059,54590,-257,58879,0,40522
13094,1,26038,9798,4193,27821,0,11701
13095,1,-25228,-28963,52422,38410,0,4705
13096,1,-4100,-55647,-25243,55798,0,-59545
13097,1,59990,4984,53332,60197,0,55061
13098,1,-63610,-38653,-26346,65535,0,50581
13099,1,25257,7019,-18712,26214,0,-13057
13100,1,-50470,10423,-8803,51535,0,52485
13101,1,42707,-24345,39974,49159,0,29166
13102,1,-42312,-55175,-62659,65535,0,21998
13103,1,-50489,54826,27328,65535,0,-55451
13104,1,-41783,-52294,-53924,65535,0,30317
13105,1,-64645,14949,-32489,65535,0,28306
13106,1,-10043,-54151,-48757,55075,0,45722
13107,1,-63661,58999,-34190,65535,0,15754
13108,1,49690,59080,-31465,65535,0,-13285
13109,1,-57990,-7287,12961,58446,0,-49967
13110,1,55730,-23209,2880,60370,0,-5352
13111,1,-27813,42940,63443,51161,0,-22871
13112,1,-49519,8241,-11857,50200,0,50239
13113,1,-47852,-11995,-23634,49333,0,47026
13114,1,11443,47877,-60466,49226,0,-32592
13115,1,-53144,9461,32134,53980,0,-37077
13116,1,-4691,20054,-33048,20595,0,4514
13117,1,-52801,35323,-63039,63527,0,-9803
13118,1,-31600,24632,-48483,40066,0,3241
13119,1,12804,2319,-23718,13012,0,-19980
13120,1,13858,-37870,-58643,40326,0,46979
13121,1,-42998,-25476,13087,49979,0,-41291
13122,1,-63226,45548,-28654,65535,0,23859
13123,1,-4315,-15796,-708,16375,0,-39039
13124,1,-56008,-57044,-22004,65535,0,60107
13125,1,54190,-33819,30530,63877,0,18891
13126,1,-26430,44065,9560,51384,0,53598
13127,1,28099,-46985,-63705,54746,0,45842
13128,1,-10169,16141,-34397,19077,0,10099
13129,1,-47103,47795,37656,65535,0,-44416
13130,1,-36163,36991,-45990,51731,0,2926
13131,1,9694,44894,-43142,45929,0,-14810
13132,1,-6928,-42415,-6846,42977,0,-42992
13133,1,-29557,-52312,4443,60085,0,-39054
13134,1,-16488,-15357,-27430,22532,0,53749
13135,1,40890,234,-22212,40891,0,-22093
13136,1,-46583,47332,13354,65535,0,62340
13137,1,57482,-8102,22169,58050,0,19248
13138,1,1573,-19088,-27326,19153,0,-58379
13139,1,-18442,-54491,17958,57527,0,-21618
13140,1,-24050,32702,54965,40594,0,-30111
13141,1,-48699,39086,31967,62445,0,-47678
13142,1,-19449,-9900,-21890,21824,0,53468
13143,1,-19900,-58971,54937,62238,0,15380
13144,1,-45770,9106,-14359,46667,0,47080
13145,1,-38986,48054,-13652,61880,0,33335
13146,1,53337,-39279,27842,65535,0,14600
13147,1,11504,-37474,-43601,39200,0,60916
13148,1,55930,51999,14222,65535,0,29847
13149,1,50773,36185,-52922,62348,0,-40005
13150,1,-2521,-49757,3649,49821,0,-30175
13151,1,24126,19439,-18166,30983,0,-4018
13152,1,59270,-33470,-12178,65535,0,-22902
13153,1,8316,-1499,-4035,8450,0,-7755
13154,1,42202,63987,7159,65535,0,27764
13155,1,-12183,17792,-19391,21564,0,25902
13156,1,-51838,-24215,46223,57215,0,-10197
13157,1,-36436,3257,55939,36581,0,-11457
13158,1,-51318,12538,-1476,52828,0,59061
13159,1,-36994,36451,42723,51935,0,-39043
13160,1,-58867,61690,-60745,65535,0,-12081
13161,1,-60976,-1261,-34367,60989,0,31600
13162,1,-26377,-15820,-3756,30758,0,-58022
13163,1,17036,50393,19603,53195,0,45570
13164,1,-4576,49945,32641,50155,0,-63757
13165,1,53342,-28755,48525,60599,0,38211
13166,1,-11575,31144,-33790,33226,0,6401
13167,1,-15745,-44255,-37250,46973,0,53923
13168,1,63396,8055,-59298,63906,0,-56662
13169,1,48824,-1610,51723,48851,0,51035
13170,1,-48011,8358,-23663,48733,0,38277
13171,1,-42908,3807,-65329,43077,0,-1639
13172,1,-24331,38188,58193,45281,0,-28277
13173,1,-22855,21754,-13944,31553,0,35723
13174,1,23740,1476,41548,23786,0,42843
13175,1,-15062,-21550,1302,26292,0,-44191
13176,1,11255,-41778,-29576,43268,0,-56854
13177,1,-61257,55965,25476,65535,0,-55503
13178,1,3726,24955,7346,25232,0,37022
13179,1,-64836,-2472,-24899,64883,0,41432
13180,1,10011,-22741,4536,24847,0,-19581
13181,1,34574,701,4664,34581,0,5087
13182,1,34708,-10045,26868,36133,0,20991
13183,1,-43678,6035,55658,44093,0,-12742
13184,1,-25804,25140,7413,36026,0,56837
13185,1,-34807,57639,31441,65535,0,-55530
13186,1,-59209,35758,-63911,65535,0,-9709
13187,1,40953,-59739,44699,65535,0,24467
13188,1,-21344,-44474,13181,49331,0,-28921
13189,1,-49385,53633,-47624,65535,0,668
13190,1,9634,19603,-48908,21843,0,-25669
13191,1,-3087,-29497,-42859,29658,0,53270
13192,1,20941,6249,-13210,21854,0,-7160
13193,1,-15207,-49957,-3479,52220,0,-42411
13194,1,51748,-7166,-17336,52242,0,-20207
13195,1,-15633,65047,-193,65535,0,37495
13196,1,-46381,24053,-41736,52247,0,13820
13197,1,-36859,-55834,60634,65535,0,15694
13198,1,2929,-35122,-18608,35244,0,-49640
13199,1,4088,19411,52615,19837,0,-50019
13200,1,3275,-45378,17329,45496,0,-13936
13201,1,-22610,-46960,-16436,52120,0,-58565
13202,1,-17506,42624,-23826,46079,0,17072
13203,1,65189,15414,-24707,65535,0,-19863
13204,1,32973,7146,-2440,33739,0,2012
13205,1,27977,-55771,-53243,62395,0,54760
13206,1,5032,49057,12843,49315,0,43479
13207,1,53164,-26986,-30495,59621,0,-40293
13208,1,17914,58494,9402,61176,0,35971
13209,1,51150,37085,-18061,63179,0,-4974
13210,1,1449,1667,35240,2209,0,53081
13211,1,-33694,-30288,11108,45306,0,-39153
13212,1,58506,13699,19157,60089,0,23955
13213,1,57177,-33072,-12250,65535,0,-23189
13214,1,39895,48589,35093,62869,0,53520
13215,1,-23976,42055,36515,48410,0,-50980
13216,1,-59120,61008,-36145,65535,0,12679
13217,1,30911,1047,-43904,30929,0,-43198
13218,1,-34674,-63289,11667,65535,0,-31556
13219,1,6251,9807,-35788,11630,0,-14858
13220,1,-7735,-40773,2343,41500,0,-34336
13221,1,57325,-14287,37464,59079,0,32369
13222,1,-61019,4366,-2296,61175,0,61750
13223,1,-21498,-56425,-39744,60382,0,50966
13224,1,46820,50645,-8772,65535,0,8430
13225,1,15262,1526,-61525,15338,0,-59446
13226,1,50089,61533,44505,65535,0,63020
13227,1,23752,59422,50987,63993,0,-55250
13228,1,49752,-47772,-31404,65535,0,-47365
13229,1,18467,-27048,35823,32751,0,15552
13230,1,1201,60573,31263,60585,0,63617
13231,1,-16119,4299,-4993,16683,0,55106
13232,1,29655,8538,-2715,30860,0,3133
13233,1,-14717,-61686,-19310,63417,0,-56964
13234,1,-35943,19484,18105,40885,0,-57793
13235,1,42655,-36197,-2344,55944,0,-17023
13236,1,-59070,45617,50339,65535,0,-28915
13237,1,35624,-62335,-19040,65535,0,-40977
13238,1,23365,25010,-52905,34226,0,-35812
13239,1,4221,-7499,-31599,8606,0,-53672
13240,1,40224,33379,-26013,52270,0,-11564
13241,1,47172,21721,38346,51933,0,47348
13242,1,-25863,-536,-22300,25869,0,43668
13243,1,41415,44933,59182,61108,0,-54657
13244,1,-47113,-16592,-41175,49950,0,31425
13245,1,7052,-64478,-16486,64863,0,-46982
13246,1,57380,44914,-56856,65535,0,-43002
13247,1,61884,-58468,31196,65535,0,15404
13248,1,-30165,-21663,-36681,37138,0,41847
13249,1,30131,37387,-42364,48018,0,-23747
13250,1,56600,-35921,-24844,65535,0,-36641
13251,1,57084,21638,-19037,61048,0,-11479
13252,1,-48511,-7827,-43345,49139,0,25528
13253,1,-20681,23422,53889,31246,0,-29326
13254,1,35480,3894,49119,35693,0,51399
13255,1,30535,-29407,-605,42393,0,-16597
13256,1,-60565,52517,57089,65535,0,-23349
13257,1,45474,-32161,47683,55698,0,34842
13258,1,-26252,-33783,60179,42784,0,13630
13259,1,-64668,6393,45054,64984,0,-22538
13260,1,-26180,54434,-166,60403,0,41954
13261,1,33810,46209,-52290,57257,0,-32699
13262,1,-15763,-39322,35353,42364,0,-5368
13263,1,-19791,-9204,-17243,21827,0,57374
13264,1,-50695,6797,53280,51149,0,-15036
13265,1,23556,-16755,-26944,28907,0,-39841
13266,1,34191,-52535,48510,62682,0,27778
13267,1,29203,-48530,-965,56639,0,-22433
13268,1,-52387,19154,54599,55779,0,-18249
13269,1,-35798,26570,-33219,44581,0,18997
13270,1,-27356,-61417,21941,65535,0,-19568
13271,1,53403,-34221,-10933,63427,0,-22821
13272,1,2653,18054,59908,18248,0,-41440
13273,1,-36599,9313,24151,37765,0,-46583
13274,1,767,42483,-19020,42490,0,13371
13275,1,41095,-53783,6572,65535,0,-12585
13276,1,-4758,4412,-50959,6489,0,-1020
13277,1,-4154,-26892,35508,27211,0,-457
13278,1,-42923,-283,8376,42924,0,-57022
13279,1,-17107,-6668,-43075,18361,0,30214
13280,1,-62950,13107,31365,64300,0,-38453
13281,1,-23570,48959,38081,54337,0,-50863
13282,1,37186,-378,-31596,37188,0,-31808
13283,1,29216,16204,-17083,33409,0,-6519
13284,1,21092,-43078,24381,47965,0,1111
13285,1,2666,-52534,46182,52602,0,14472
13286,1,-43570,-25569,27025,50519,0,-27440
13287,1,-31583,39865,33750,50860,0,-50577
13288,1,-63546,58535,1376,65535,0,51384
13289,1,-402,-27519,7034,27522,0,-26039
13290,1,-41213,1988,29585,41261,0,-36956
13291,1,-19537,34896,-45708,39993,0,-2293
13292,1,-54098,-60997,-55972,65535,0,27197
13293,1,14680,-18966,-44822,23984,0,-63849
13294,1,-15043,-57924,-2560,59846,0,-40628
13295,1,48570,-40454,-18685,63211,0,-33172
13296,1,-1741,-25748,-12336,25807,0,-46512
13297,1,4583,41803,52343,42054,0,-48239
13298,1,-50727,-52309,26391,65535,0,-22441
13299,1,-3237,-3044,11277,4444,0,-38516
13300,1,48958,-35073,-12927,60225,0,-25895
13301,1,54968,39871,36126,65535,0,49217
13302,1,9004,32577,-35668,33799,0,-8525
13303,1,-23110,-52191,23601,57079,0,-17863
13304,1,-21395,-33180,52956,39480,0,8241
13305,1,44423,44244,38037,62697,0,54379
13306,1,-20587,-31524,-29195,37651,0,57041
13307,1,62539,-36838,44249,65535,0,33144
13308,1,-44593,-29458,-61564,53445,0,16150
13309,1,-54431,-5951,52511,54756,0,-10753
13310,1,-52379,42333,-19358,65535,0,31998
13311,1,36474,17048,62935,40262,0,-59016
13312,1,10155,-8431,21520,13199,0,7066
13313,1,-3922,48770,-54939,48928,0,-20497
13314,1,-47959,14588,-13592,50129,0,45784
13315,1,44506,-30562,40466,53989,0,27913
13316,1,7947,-36630,-6144,37482,0,-34455
13317,1,33221,-6331,56187,33819,0,52259
13318,1,-56475,-17782,-15664,59209,0,56235
13319,1,-16340,53882,3652,56305,0,42562
13320,1,-14679,34592,-18247,37578,0,22893
13321,1,-50257,12571,3895,51806,0,64318
13322,1,45352,5090,-45315,45637,0,-42983
13323,1,58160,3201,9196,58248,0,10343
13324,1,57568,21474,45489,61443,0,52937
13325,1,-48603,-36555,-1875,60816,0,-53959
13326,1,-56675,2268,44264,56721,0,-22106
13327,1,-23620,27071,23598,35927,0,-59740
13328,1,16234,-53877,-57320,56270,0,47089
13329,1,-22841,53372,63223,58054,0,-26645
13330,1,45329,-3709,5460,45481,0,3757
13331,1,61161,31128,-54977,65535,0,-45156
13332,1,-48834,54491,-16574,65535,0,31437
13333,1,20620,28523,29120,35196,0,48830
13334,1,36270,55576,-52465,65535,0,-31759
13335,1,-59023,-24103,-39401,63755,0,34223
13336,1,-46553,56461,-16987,65535,0,30165
13337,1,-17266,-23568,56216,29216,0,10258
13338,1,-30051,45241,34643,54313,0,-51430
13339,1,25786,-15834,27601,30260,0,16113
13340,1,42040,63425,-59917,65535,0,-39360
13341,1,62565,-40383,6630,65535,0,-5327
13342,1,51188,-32405,-21773,60583,0,-33546
13343,1,-14121,19026,-17927,23694,0,28160
13344,1,33298,-52183,-31634,61902,0,-52554
13345,1,22398,-16407,31326,27765,0,18137
13346,1,-25038,48756,-18199,54810,0,24466
13347,1,63192,63526,15344,65535,0,31783
13348,1,2582,62722,-29692,62775,0,2218
13349,1,19653,46857,19051,50812,0,43534
13350,1,60269,-8380,-3627,60849,0,-6509
13351,1,54445,176,47749,54446,0,47816
13352,1,-31435,20762,-3827,37673,0,49533
13353,1,-54848,-54798,-45998,65535,0,35912
13354,1,-65234,-51107,-7403,65535,0,-59076
13355,1,5078,-34753,-31910,35122,0,-61651
13356,1,57707,-27968,-57278,64127,0,64380
13357,1,-18184,-3043,291,18437,0,-61786
13358,1,34023,46644,48052,57734,0,-63398
13359,1,-22334,-20498,-60709,30315,0,20317
13360,1,34434,-64845,37208,65535,0,14623
13361,1,17527,33587,21206,37885,0,43941
13362,1,-42861,-47754,55532,64168,0,7505
13363,1,-30357,31789,-34775,43956,0,13896
13364,1,-18038,-42390,-41183,46068,0,48728
13365,1,-9868,11254,-21266,14968,0,26519
13366,1,9651,-35320,21719,36615,0,-5485
13367,1,24873,8602,-38640,26319,0,-31694
13368,1,56905,30628,37799,64624,0,48099
13369,1,567,-4425,-40992,4461,0,59971
13370,1,17489,-36829,46261,40771,0,22741
13371,1,64317,4347,-48420,64464,0,-47012
13372,1,42973,-19198,26435,47067,0,17670
13373,1,49454,29896,7470,57788,0,18813
13374,1,46506,8348,-25189,47250,0,-21484
13375,1,-44070,-52913,55642,65535,0,8387
13376,1,31592,-60130,-56014,65535,0,52382
13377,1,-17454,5323,55634,18248,0,-16077
13378,1,52917,-38947,-59383,65535,0,58453
13379,1,-15601,31345,-5161,35013,0,37241
13380,1,4781,10933,-28339,11933,0,-4171
13381,1,-8855,-15910,-23913,18208,0,63796
13382,1,-15443,47028,-14378,49499,0,25009
13383,1,46955,-10386,-30331,48090,0,-34872
13384,1,28158,-58471,37485,64898,0,14079
13385,1,-53987,26673,56112,60217,0,-18997
13386,1,-19247,41800,-22178,46019,0,19592
13387,1,-51319,46134,38646,65535,0,-42165
13388,1,-20876,36935,33185,42427,0,-54387
13389,1,11117,43859,18527,45246,0,46117
13390,1,-61179,11603,-54321,62270,0,7305
13391,1,-6964,-14093,-32475,15720,0,56255
13392,1,-19994,1380,-9980,20042,0,54119
13393,1,-24922,39019,9814,46299,0,54439
13394,1,-54512,-27050,51777,60855,0,-4150
13395,1,9351,-38725,9714,39838,0,-18111
13396,1,13699,44001,10246,46084,0,36718
13397,1,59054,-62350,-4937,65535,0,-21887
13398,1,47255,48300,-21220,65535,0,-4608
13399,1,-60278,37247,-11829,65535,0,42161
13400,1,-8199,21535,-16734,23043,0,23623
13401,1,-41599,-54947,9101,65535,0,-37185
13402,1,-32506,20170,-28919,38256,0,25032
13403,1,59450,-31561,40996,65535,0,30815
13404,1,47430,47556,56392,65535,0,-58268
13405,1,-30921,32383,39121,44775,0,-43281
13406,1,-31830,6770,21375,32542,0,-48533
13407,1,-1600,-25062,22877,25113,0,-11221
13408,1,-42581,-11883,40153,44208,0,-19706
13409,1,-26010,7337,-13543,27025,0,46258
13410,1,-13261,61627,-36654,63038,0,535
13411,1,-59943,-9838,-44315,60745,0,24614
13412,1,46108,50837,-30821,65535,0,-13420
13413,1,-53083,-54441,-14491,65535,0,-63380
13414,1,29098,-37859,47754,47750,0,28656
13415,1,-49562,10245,59240,50610,0,-10548
13416,1,-57122,49149,22162,65535,0,-58196
13417,1,-27374,-1024,-18139,27393,0,48177
13418,1,63585,7834,-9386,64066,0,-6829
13419,1,28733,56008,4315,62948,0,27195
13420,1,25465,59669,7408,64876,0,31761
13421,1,-62244,35214,61423,65535,0,-14853
13422,1,53906,9679,25629,54768,0,29335
13423,1,14679,23963,-40927,28102,0,-19624
13424,1,-1451,-32832,-42216,32864,0,55167
13425,1,24061,26825,-30168,36035,0,-12652
13426,1,-35818,31827,-18029,47916,0,32352
13427,1,55914,-33436,-38698,65149,0,-49941
13428,1,61987,-63467,42974,65535,0,26344
13429,1,51599,16688,34384,54231,0,40909
13430,1,51493,-41005,-4761,65535,0,-18790
13431,1,-54912,60101,-59060,65535,0,-10849
13432,1,-51157,-64860,-51313,65535,0,33060
13433,1,15830,-46271,-55375,48904,0,49805
13434,1,59933,-33956,33456,65535,0,22703
13435,1,-51178,-60547,-45981,65535,0,37684
13436,1,-46770,6200,46737,47179,0,-21548
13437,1,-47944,36770,-15852,60421,0,36036
13438,1,22538,57331,-22153,61602,0,2801
13439,1,63136,50654,52768,65535,0,-64199
13440,1,-45120,10114,-10872,46240,0,50064
13441,1,57235,-234,-51743,57236,0,-51828
13442,1,-15499,8541,45781,17697,0,-30262
13443,1,61833,-1981,33702,61865,0,33034
13444,1,45122,55701,5954,65535,0,24519
13445,1,7529,-37801,-23000,38544,0,-51667
13446,1,-45973,-44257,-56553,63814,0,24970
13447,1,-1506,-8486,-1687,8619,0,-38119
13448,1,-20469,11660,13264,23557,0,-63074
13449,1,-3717,-39647,35604,39821,0,886
13450,1,-47270,-57309,7473,65535,0,-39683
13451,1,-11565,39465,38732,41125,0,-53625
13452,1,-64890,10039,44077,65535,0,-24661
13453,1,42326,52199,37294,65535,0,55849
13454,1,-33695,-55541,64353,64963,0,20209
13455,1,26017,41491,16405,48974,0,37489
13456,1,21466,-19448,46325,28966,0,30969
13457,1,38512,23739,-60173,45241,0,-48650
13458,1,48043,-39551,-32163,62229,0,-46531
13459,1,-26264,-46538,49448,53438,0,5962
13460,1,820,-44421,56292,44429,0,23909
13461,1,64802,-49214,18732,65535,0,5182
13462,1,15063,45010,-40920,47464,0,-14889
13463,1,58931,-31932,56016,65535,0,45657
13464,1,-25443,-37386,6791,45222,0,-38442
13465,1,-56196,21105,-63087,60029,0,-5045
13466,1,-22368,-36273,59174,42615,0,14879
13467,1,27006,-42052,37794,49977,0,16935
13468,1,2330,-40816,-11309,40883,0,-42887
13469,1,11825,-41486,16361,43139,0,-10615
13470,1,-23967,16092,-38035,28868,0,15166
13471,1,-55850,39273,-58192,65535,0,-5441
13472,1,-42664,12012,25416,44323,0,-45845
13473,1,-50473,45944,-50370,65535,0,-239
13474,1,29894,53891,45084,61627,0,-63785
13475,1,10491,-22968,20449,25251,0,-3381
13476,1,45221,-12566,-14261,46935,0,-19915
13477,1,16333,42652,6327,45672,0,31466
13478,1,10721,62643,-38828,63554,0,-9596
13479,1,58159,-39916,-39709,65535,0,-52257
13480,1,-35749,63639,-1042,65535,0,42403
13481,1,40441,28525,-62535,49489,0,-49720
13482,1,63488,12413,-21353,64690,0,-17325
13483,1,-4602,-58711,-43859,58891,0,52813
13484,1,-46921,-60896,-29280,65535,0,55329
13485,1,-49439,1498,-34781,49462,0,30123
13486,1,-21883,16948,31838,27679,0,-47445
13487,1,37390,-13689,54987,39817,0,47666
13488,1,47666,64364,63949,65535,0,-47652
13489,1,45696,-41680,34825,61850,0,19399
13490,1,-5583,59166,41585,59429,0,-54756
13491,1,37155,24444,-35688,44475,0,-23549
13492,1,61543,5675,-60492,61804,0,-58574
13493,1,-59328,61943,48681,65535,0,-33689
13494,1,1393,-15940,-49973,16001,0,50149
13495,1,-48382,50361,-56003,65535,0,-7269
13496,1,-21971,-54079,-61231,58372,0,29023
13497,1,42460,-61786,-25309,65535,0,-45517
13498,1,41280,-60886,32012,65535,0,11673
13499,1,56350,44662,-16256,65535,0,-2275
13500,1,-11187,28156,-15502,30297,0,25156
13501,1,32478,58228,-60727,65535,0,-38573
13502,1,28479,-3683,-52093,28716,0,-54776
13503,1,-23855,40771,-62574,47237,0,-18762
13504,1,-49219,-34541,65451,60130,0,12680
13505,1,29900,47133,1382,55817,0,22357
13506,1,-58541,48994,-56765,65535,0,-5766
13507,1,-33393,-52614,-42542,62317,0,43965
13508,1,-24556,63250,-27983,65535,0,12510
13509,1,5962,62262,62948,62547,0,-37347
13510,1,5901,-57343,20364,57646,0,-10265
13511,1,-12293,7689,46018,14500,0,-31178
13512,1,20051,57585,3711,60976,0,29489
13513,1,-47207,44899,2415,65149,0,52090
13514,1,39431,11443,-24467,41058,0,-18575
13515,1,56923,54183,-25109,65535,0,-9239
13516,1,17919,62088,8064,64622,0,34971
13517,1,-34066,7121,-34671,34802,0,26566
13518,1,4135,16609,18679,17116,0,46357
13519,1,-32390,24407,1233,40556,0,53298
13520,1,4761,-39613,45589,39898,0,15316
13521,1,22687,33825,56392,40729,0,-54237
13522,1,37464,-59783,54365,65535,0,33275
13523,1,-53527,32416,24320,62578,0,-52575
13524,1,61135,-2649,-21507,61193,0,-22410
13525,1,-25242,47006,41824,53355,0,-46200
13526,1,-33799,53900,21969,63621,0,-64651
13527,1,-22580,-25294,-27318,33907,0,55783
13528,1,-11712,19433,35072,22690,0,-51917
13529,1,2067,50225,-18065,50268,0,13845
13530,1,-13201,42396,1159,44404,0,40224
13531,1,58235,28380,-50860,64782,0,-41400
13532,1,-4782,-18531,-26669,19138,0,-64705
13533,1,64704,12637,-40760,65535,0,-36736
13534,1,-12909,25376,39363,28471,0,-49124
13535,1,7687,-8275,-7656,11295,0,-24808
13536,1,-50298,52929,13615,65535,0,62235
13537,1,11016,32858,2989,34656,0,29009
13538,1,-24747,26230,23891,36062,0,-58636
13539,1,19524,31523,-58341,37080,0,-37141
13540,1,-44868,56398,-58613,65535,0,-11826
13541,1,28981,37847,48435,47669,0,-63501
13542,1,-27091,-50933,-41830,57690,0,46276
13543,1,58428,-4239,-6260,58582,0,-7771
13544,1,-21076,-36367,63075,42033,0,19350
13545,1,40686,-39265,31372,56543,0,15359
13546,1,58484,-44352,16309,65535,0,2774
13547,1,22529,-44148,27154,49564,0,4229
13548,1,-19047,51947,-26720,55329,0,13379
13549,1,-53653,60614,10559,65535,0,58442
13550,1,-19604,-40211,53257,44735,0,11026
13551,1,12638,-27151,-41710,29949,0,-65390
13552,1,10479,-38175,16948,39587,0,-10231
13553,1,-49170,-57114,-18346,65535,0,65130
13554,1,-56782,-32192,49258,65273,0,-5519
13555,1,18349,-38492,-58664,42642,0,48920
13556,1,35747,-23739,-265,42911,0,-12494
13557,1,37293,-61392,-15450,65535,0,-36830
13558,1,-54258,-458,-15357,54260,0,50355
13559,1,48518,-15404,28938,50905,0,22525
13560,1,36126,-43771,32531,56754,0,14157
13561,1,57404,-60091,15774,65535,0,-1087
13562,1,43118,-6343,44770,43582,0,41723
13563,1,54730,48758,7568,65535,0,22750
13564,1,-52973,22665,45473,57618,0,-28497
13565,1,8126,-12397,40366,14823,0,19702
13566,1,12094,40713,14557,42472,0,41301
13567,1,7438,-46163,17156,46759,0,-12279
13568,1,-49620,48411,-50268,65535,0,-859
13569,1,-49051,-32127,46651,58636,0,-6789
13570,1,30213,3254,2160,30388,0,4398
13571,1,23673,-64783,-590,65535,0,-26049
13572,1,12264,-53297,-62073,54690,0,40949
13573,1,-54118,-54455,34351,65535,0,-14736
13574,1,17453,-19745,52007,26353,0,34339
13575,1,-28723,-1886,8375,28785,0,-55793
13576,1,43322,3880,-18879,43496,0,-17016
13577,1,-35513,28393,-16709,45468,0,34758
13578,1,-29076,41115,-51561,50358,0,-5952
13579,1,54479,12437,40995,55881,0,45677
13580,1,-32272,-49585,27743,59162,0,-17061
13581,1,35778,20321,-7843,41146,0,2932
13582,1,9447,38566,-12298,39706,0,15459
13583,1,44311,-29663,-37225,53323,0,-49531
13584,1,58644,35995,8619,65535,0,20103
13585,1,32834,-21930,57236,39484,0,44952
13586,1,-12187,54646,13349,55989,0,50694
13587,1,9317,16859,-55983,19262,0,-33747
13588,1,-43178,-17094,37611,46439,0,-20061
13589,1,31122,48856,-40190,57927,0,-19254
13590,1,56616,-42816,42329,65535,0,28822
13591,1,58704,-35767,12634,65535,0,1219
13592,1,37409,16570,-20614,40915,0,-11916
13593,1,50979,52366,44195,65535,0,60859
13594,1,55318,-3870,47201,55453,0,45744
13595,1,42785,-16729,27409,45939,0,19634
13596,1,-37690,-31703,-41734,49251,0,38391
13597,1,-21174,-35164,-16056,41047,0,-60131
13598,1,-56523,-45723,164,65535,0,-51183
13599,1,-35163,7549,13450,35964,0,-56498
13600,1,50519,-59782,-61607,65535,0,51333
13601,1,-6518,38463,-27704,39011,0,8566
13602,1,36360,40480,-37158,54412,0,-19657
13603,1,57343,-12289,51711,58645,0,47307
13604,1,61083,-31597,35292,65535,0,25334
13605,1,32909,34325,44181,47552,0,61004
13606,1,-48293,-22278,20186,53184,0,-36334
13607,1,56286,1557,-13999,56308,0,-13422
13608,1,-2016,-38763,46287,38816,0,12435
13609,1,-52401,49302,8035,65535,0,57823
13610,1,502,25991,-49786,25996,0,-17421
13611,1,-46598,-58527,-22417,65535,0,61860
13612,1,20099,11370,-7754,23092,0,2985
13613,1,56122,-3087,-39352,56207,0,-40498
13614,1,-3576,-39976,54127,40136,0,19498
13615,1,40199,47668,36184,62356,0,54337
13616,1,-65382,45089,28387,65535,0,-49743
13617,1,-18184,40453,18977,44352,0,60558
13618,1,64622,36639,-7722,65535,0,3038
13619,1,-24510,24614,-34708,34736,0,14400
13620,1,-22699,-26031,-47247,34538,0,36097
13621,1,9749,49205,-32860,50162,0,-4172
13622,1,-32560,16652,13860,36571,0,-61538
13623,1,49904,-1450,9419,49925,0,8813
13624,1,-24614,45133,-55164,51409,0,-11981
13625,1,-11864,-26915,-7437,29414,0,-48866
13626,1,36961,42433,45405,56274,0,63224
13627,1,-60453,-6988,-36646,60856,0,31291
13628,1,-3249,-6180,-64879,6982,0,23328
13629,1,22937,59509,28735,63777,0,53828
13630,1,22049,-47486,20876,52356,0,-2824
13631,1,18849,-11039,-64033,21844,0,55987
13632,1,-6015,-5551,44235,8185,0,-5753
13633,1,-43970,-62090,-14192,65535,0,-59814
13634,1,42819,33371,-34800,54287,0,-20990
13635,1,15400,6115,-45178,16570,0,-37293
13636,1,-27996,-23722,35882,36695,0,-14990
13637,1,23611,50061,-53780,55350,0,-30206
13638,1,-55047,-15047,-24907,57067,0,46195
13639,1,10460,-56286,-11876,57250,0,-40811
13640,1,-42596,4816,39211,42868,0,-28674
13641,1,-40662,12192,-65087,42451,0,-5628
13642,1,-26715,61374,60977,65535,0,-28763
13643,1,16085,33343,33801,37020,0,57193
13644,1,-3167,-56180,-41678,56269,0,55451
13645,1,26649,-15962,6575,31064,0,-4683
13646,1,-57025,20648,59894,60648,0,-12889
13647,1,40440,-21361,59139,45735,0,49001
13648,1,-21390,-42473,42189,47555,0,-311
13649,1,30639,-56967,31757,64684,0,9283
13650,1,-56425,-50604,15737,65535,0,-34548
13651,1,16658,-40523,-37442,43813,0,-62074
13652,1,58334,-54336,-24681,65535,0,-40325
13653,1,-49369,10186,-46886,50409,0,14406
13654,1,44577,-54120,42467,65535,0,24072
13655,1,-21568,36865,45127,42711,0,-42134
13656,1,18720,56388,-41044,59415,0,-14963
13657,1,-8614,-34039,31760,35112,0,-6179
13658,1,30048,21351,-22286,36861,0,-9399
13659,1,33864,30699,-15400,45708,0,-38
13660,1,-60180,-52544,62711,65535,0,12148
13661,1,1208,-31946,29815,31969,0,-2165
13662,1,-27046,-45935,-52583,53306,0,34620
13663,1,-63240,49850,-9378,65535,0,42232
13664,1,20899,-7498,-31208,22204,0,-38394
13665,1,-56173,-8878,47168,56871,0,-15098
13666,1,37242,49258,35192,61752,0,54455
13667,1,-61431,-54344,27243,65535,0,-23184
13668,1,-95,-39208,39801,39208,0,6982
13669,1,52120,16460,-43718,54658,0,-37337
13670,1,53954,-59804,22959,65535,0,5503
13671,1,-40014,-63147,39514,65535,0,-5036
13672,1,57087,41901,-33405,65535,0,-20197
13673,1,54351,-10491,-51687,55355,0,-55665
13674,1,-20386,-25962,53118,33010,0,6464
13675,1,-26696,-27830,39822,38564,0,-8896
13676,1,2258,-46755,31693,46810,0,-68
13677,1,49982,-61721,7322,65535,0,-11246
13678,1,-177,33436,50898,33437,0,-47296
13679,1,45638,4192,-253,45830,0,1658
13680,1,62815,29981,17542,65535,0,26832
13681,1,31921,-19834,56141,37581,0,44543
13682,1,24986,-45227,8793,51670,0,-13446
13683,1,44766,22476,-46636,50092,0,-36929
13684,1,43296,-65088,34435,65535,0,13912
13685,1,-27297,-34388,26565,43905,0,-20199
13686,1,18915,-25583,55808,31816,0,36321
13687,1,459,7790,1568,7804,0,33108
13688,1,-63511,51113,-7307,65535,0,44093
13689,1,30750,-48146,3917,57128,0,-16994
13690,1,-1599,8343,-64503,8495,0,-27785
13691,1,51164,-13872,-58756,53011,0,-64279
13692,1,-1317,38203,-24534,38226,0,8953
13693,1,-53442,-40231,4191,65535,0,-47884
13694,1,29967,13505,-14699,32870,0,-5866
13695,1,14477,-31439,6841,34612,0,-16925
13696,1,-45335,55777,-3820,65535,0,43185
13697,1,20974,45071,41370,49712,0,65052
13698,1,17918,-14672,-10264,23159,0,-24577
13699,1,-8662,-56303,-21780,56966,0,-57732
13700,1,10234,25248,14280,27243,0,39015
13701,1,8252,33627,29632,34625,0,57380
13702,1,56992,61040,-26211,65535,0,-9112
13703,1,-32116,36728,-30558,48789,0,17199
13704,1,-58149,-52247,-36999,65535,0,43807
13705,1,-31155,47837,8719,57088,0,53529
13706,1,-43116,-21865,51451,48343,0,-4294
13707,1,-29130,-42940,19969,51889,0,-25234
13708,1,8154,46837,45541,47542,0,-56359
13709,1,17248,44883,36394,48083,0,61508
13710,1,-25815,-54579,-29166,60376,0,59922
13711,1,-51557,22050,33560,56075,0,-40407
13712,1,-16510,-20631,50310,26424,0,3463
13713,1,50918,-58475,46287,65535,0,28464
13714,1,27017,-48758,-33180,55743,0,-55393
13715,1,-21895,57117,-58538,61170,0,-18134
13716,1,-51119,-56196,-55067,65535,0,27839
13717,1,-6311,-46207,46477,46636,0,10877
13718,1,19986,-49084,19846,52997,0,-4856
13719,1,-11262,40174,21486,41723,0,59956
13720,1,-38587,23016,-6290,44930,0,48027
13721,1,-8565,-962,-30098,8619,0,37771
13722,1,-26801,-5727,-4073,27406,0,-65217
13723,1,-48603,60172,-5030,65535,0,41912
13724,1,-21814,38303,59294,44079,0,-28210
13725,1,6288,31593,-41978,32213,0,-13308
13726,1,-33830,-56365,-60455,65535,0,26572
13727,1,21095,-43682,-42611,48509,0,65078
13728,1,-4932,48345,17961,48596,0,52850
13729,1,5355,33854,-34257,34275,0,-4762
13730,1,40048,-41730,-13659,57838,0,-30472
13731,1,-13774,63729,22519,65201,0,59727
13732,1,7326,4922,43183,8826,0,55524
13733,1,-42578,45750,1815,62498,0,50218
13734,1,-21514,11416,42076,24355,0,-33637
13735,1,4968,36602,-50916,36938,0,-20962
13736,1,16123,42091,-17731,45073,0,7406
13737,1,-53233,29031,-18324,60635,0,36797
13738,1,56781,2470,47660,56835,0,48567
13739,1,-55565,57007,-12173,65535,0,36712
13740,1,23016,12865,-49406,26368,0,-38773
13741,1,30918,17804,-57370,35678,0,-46471
13742,1,45570,15921,-22127,48271,0,-15115
13743,1,-44139,-13428,37254,46137,0,-22121
13744,1,-47194,10663,-34038,48384,0,26863
13745,1,59729,-47062,-12283,65535,0,-26204
13746,1,-11223,-63799,-54721,64779,0,39951
13747,1,-16202,-21353,9980,26804,0,-36328
13748,1,-40099,39330,12704,56168,0,62058
13749,1,-20135,-52508,54851,56236,0,14444
13750,1,-31929,-9532,4025,33322,0,-55459
13751,1,-28007,42439,-63534,50848,0,-18597
13752,1,-46082,64077,-22345,65535,0,23429
13753,1,46040,-9836,-28190,47079,0,-32581
13754,1,-17616,40317,65125,43998,0,-24586
13755,1,10205,33217,37825,34750,0,64375
13756,1,2647,8143,-6887,8563,0,19324
13757,1,32995,-28588,6120,43657,0,-8774
13758,1,3760,-18975,-37510,19344,0,64875
13759,1,50145,32813,-13846,59927,0,-1759
13760,1,8589,-51541,-12432,52252,0,-41755
13761,1,35022,1460,-58088,35053,0,-57219
13762,1,41406,53283,10852,65535,0,29839
13763,1,-296,-59064,14742,59065,0,-18131
13764,1,-25842,62324,-2069,65535,0,38899
13765,1,41642,-59102,17453,65535,0,-2511
13766,1,-6910,65209,-15291,65535,0,19679
13767,1,26296,44017,46964,51274,0,-62574
13768,1,28345,14275,62559,31737,0,-58781
13769,1,29656,-49218,56190,57462,0,34735
13770,1,-53164,-41433,-32148,65535,0,47198
13771,1,-16059,8563,-47597,18200,0,7720
13772,1,-51237,-13312,-34792,52938,0,36047
13773,1,49182,32477,16406,58938,0,28581
13774,1,41177,-12722,-26951,43098,0,-33202
13775,1,-25291,-3420,-64771,25521,0,3569
13776,1,13190,-52136,-64892,53779,0,38581
13777,1,-55352,21813,57964,59495,0,-15403
13778,1,-13045,-62990,49635,64327,0,12607
13779,1,-7068,-41005,4009,41610,0,-32320
13780,1,40410,-40521,-22634,57227,0,-39047
13781,1,46037,38972,49747,60318,0,64401
13782,1,35856,-53791,5958,64646,0,-14545
13783,1,-58917,-10944,-46717,59925,0,22650
13784,1,-12909,61422,50910,62764,0,-43073
13785,1,-36505,-25465,-23516,44510,0,54726
13786,1,-19593,43897,-8407,48071,0,33119
13787,1,-60088,48486,-21284,65535,0,30089
13788,1,-2817,-27832,-2337,27974,0,-37209
13789,1,-48481,2755,42207,48559,0,-24513
13790,1,-46113,-30672,-25237,55382,0,52543
13791,1,-46625,18995,-8773,50346,0,48693
13792,1,-13483,-64196,19053,65535,0,-18034
13793,1,62127,21824,61232,65535,0,-62793
13794,1,-48633,-44082,27087,65535,0,-23088
13795,1,34188,-31068,-40795,46196,0,-56182
13796,1,36027,4020,-10403,36251,0,-8085
13797,1,46201,42160,25843,62546,0,41274
13798,1,10879,-60774,40547,61740,0,11474
13799,1,-54869,35041,25414,65104,0,-51978
13800,1,-59803,-45964,-25815,65535,0,53391
13801,1,47955,63777,-55066,65535,0,-35747
13802,1,-39608,1632,-50017,39642,0,14660
13803,1,-9073,-43619,64207,44553,0,27161
13804,1,18940,24203,-45104,30733,0,-26188
13805,1,-53053,30673,-1103,61282,0,53498
13806,1,33742,8800,2829,34871,0,8151
13807,1,-12753,-53136,-31096,54645,0,62294
13808,1,-52541,-53988,-15831,65535,0,-64700
13809,1,54429,59020,-38869,65535,0,-21641
13810,1,38462,1273,51994,38483,0,52684
13811,1,-9676,7496,62354,12240,0,-16932
13812,1,3395,-43442,61258,43575,0,30117
13813,1,56120,6606,-33910,56508,0,-31466
13814,1,-23731,21298,61916,31887,0,-18878
13815,1,-58518,-9933,39110,59355,0,-22918
13816,1,43031,17903,45708,46607,0,53933
13817,1,-22304,-29235,-24925,36772,0,59784
13818,1,-58553,5475,40639,58809,0,-26842
13819,1,57446,34964,-23028,65535,0,-11622
13820,1,-6374,12347,52951,13895,0,-35412
13821,1,45471,-10406,42314,46647,0,37621
13822,1,6420,26211,-62219,26986,0,-34462
13823,1,30505,-15101,51168,34038,0,41579
13824,1,404,-53699,-20057,53701,0,-52668
13825,1,-43887,38412,31041,58323,0,-49493
13826,1,-382,-59732,-57395,59733,0,40776
13827,1,-53477,-33865,59067,63298,0,5307
13828,1,-52980,28483,-40132,60151,0,15114
13829,1,-2898,-26592,24651,26750,0,-10381
13830,1,-12207,-47558,-56594,49100,0,36469
13831,1,22596,-16076,-12654,27731,0,-25554
13832,1,45698,42953,3295,62716,0,19033
13833,1,-1734,42539,43136,42575,0,-54318
13834,1,3713,2248,23524,4341,0,34881
13835,1,61055,-60442,27222,65535,0,10943
13836,1,17625,-2021,29904,17741,0,27522
13837,1,19263,-10641,52090,22007,0,41562
13838,1,-44395,50373,-48265,65535,0,-427
13839,1,-23410,-32440,6253,40005,0,-39555
13840,1,55568,-43022,-54034,65535,0,63294
13841,1,62079,28309,38055,65535,0,46980
13842,1,-65361,-39918,-3325,65535,0,-57424
13843,1,-49441,-21405,-34538,53876,0,39521
13844,1,51001,-50307,-56705,65535,0,58126
13845,1,-12114,31587,-42368,33830,0,-1960
13846,1,51272,21083,-43773,55438,0,-35635
13847,1,4256,49624,840,49806,0,31823
13848,1,-42206,-48705,-44097,64448,0,39312
13849,1,-16134,60322,-39844,62442,0,-1624
13850,1,38568,-37492,-53179,53788,0,61804
13851,1,-36164,-26910,39586,45078,0,-12605
13852,1,19171,52604,-18402,55989,0,7076
13853,1,-33419,-10233,-30127,34951,0,41608
13854,1,18207,-8143,-409,19945,0,-9182
13855,1,12397,29300,51963,31815,0,-54691
13856,1,-46400,58105,35851,65535,0,-48396
13857,1,22723,37259,31392,43642,0,52736
13858,1,51874,56922,-49640,65535,0,-32289
13859,1,22974,24705,41522,33737,0,58663
13860,1,37179,-8807,-17476,38208,0,-22328
13861,1,52712,18027,64472,55710,0,-59726
13862,1,-38655,-19446,-10122,43271,0,65137
13863,1,56226,64032,-27426,65535,0,-9690
13864,1,-17312,28999,-47502,33774,0,-3507
13865,1,-28894,31072,-7012,42430,0,41383
13866,1,-50780,-48852,-31541,65535,0,49975
13867,1,-13422,-61698,-552,63141,0,-37789
13868,1,10274,-45462,55731,46609,0,27599
13869,1,-19831,34218,-36843,39549,0,6882
13870,1,41880,59238,17466,65535,0,37396
13871,1,-43405,-62246,-38670,65535,0,46931
13872,1,64641,-65352,15695,65535,0,-803
13873,1,59350,49714,47319,65535,0,61865
13874,1,3817,14559,-12721,15051,0,14698
13875,1,-51098,35857,24413,62424,0,-53887
13876,1,47264,-39921,-54005,61868,0,62436
13877,1,-10958,-34532,-16320,36229,0,-55498
13878,1,8998,42209,-63782,43158,0,-35395
13879,1,-6066,247,46630,6071,0,-19755
13880,1,46463,64166,30314,65535,0,50008
13881,1,-16139,-49265,3025,51841,0,-36347
13882,1,13858,-20997,3450,25158,0,-17148
13883,1,45590,8459,57111,46368,0,60938
13884,1,20002,26403,38425,33124,0,57668
13885,1,4873,4183,-34494,6422,0,-19696
13886,1,-53433,-8146,10892,54051,0,-51488
13887,1,7213,32403,50144,33196,0,-52729
13888,1,-6953,-26338,46001,27241,0,7849
13889,1,56523,-51475,-49772,65535,0,-65182
13890,1,41096,39219,-41816,56807,0,-25919
13891,1,17367,-38783,-26479,42494,0,-50464
13892,1,53716,-48812,-23872,65535,0,-39259
13893,1,-42827,-37471,-23344,56906,0,57187
13894,1,25436,58320,-25299,63626,0,-1110
13895,1,11853,-52085,37917,53417,0,9817
13896,1,49782,-59782,53104,65535,0,34821
13897,1,-51299,-28562,-1101,58715,0,-56039
13898,1,61535,55400,19449,65535,0,34740
13899,1,38475,-18730,20078,42792,0,10627
13900,1,6951,15113,-50936,16635,0,-27161
13901,1,-22400,-14900,58667,26903,0,5376
13902,1,5433,-6822,-51417,8721,0,60917
13903,1,-45416,64380,-4843,65535,0,40741
13904,1,-8316,-56599,35312,57207,0,-499
13905,1,14339,43774,53210,46063,0,-51698
13906,1,-28856,-59871,-51317,65535,0,37618
13907,1,-15088,51207,4437,53384,0,43182
13908,1,-57341,-61359,-64400,65535,0,18226
13909,1,43685,48112,-14726,64986,0,2663
13910,1,-52248,13781,-62191,54035,0,-2035
13911,1,35770,-61281,-96,65535,0,-21842
13912,1,14387,27396,-44254,30944,0,-21574
13913,1,-51419,55303,-60767,65535,0,-12374
13914,1,-55921,54143,43153,65535,0,-38430
13915,1,-45275,1640,15944,45305,0,-50347
13916,1,41831,-4003,-45664,42022,0,-47654
13917,1,-28307,-50586,12884,57968,0,-30527
13918,1,15784,47364,-17673,49925,0,8385
13919,1,-33098,-31547,-2323,45724,0,-51975
13920,1,-10022,41553,-57141,42745,0,-19436
13921,1,-34219,-31956,-4551,46820,0,-54416
13922,1,38136,39795,-58130,55118,0,-41302
13923,1,32587,38041,31974,50091,0,49966
13924,1,-56798,-56540,-26382,65535,0,55491
13925,1,53770,52181,18168,65535,0,34239
13926,1,56053,40186,26834,65535,0,39809
13927,1,-64271,39155,7540,65535,0,61662
13928,1,-6418,65451,-30481,65535,0,4326
13929,1,26134,-5204,46535,26647,0,42435
13930,1,-29975,-19541,1122,35782,0,-52362
13931,1,-46574,59073,-50748,65535,0,-4053
13932,1,22654,-45886,-8999,51174,0,-32200
13933,1,40999,6948,-18303,41584,0,-14801
13934,1,-59959,-7074,-14724,60375,0,53262
13935,1,45469,-21257,-38496,50193,0,-47619
13936,1,11549,-22949,13661,25691,0,-9381
13937,1,-64585,-40990,-23892,65535,0,53441
13938,1,62406,-38524,-3210,65535,0,-14747
13939,1,38606,-16672,43703,42052,0,35199
13940,1,4571,52695,-62449,52893,0,-31486
13941,1,-37347,9544,7755,38547,0,-63000
13942,1,-53296,30397,29841,61355,0,-46508
13943,1,46134,58340,-30921,65535,0,-12111
13944,1,8713,38325,27104,39303,0,55209
13945,1,48315,-19213,56712,51995,0,48816
13946,1,53066,-1950,-32417,53102,0,-33183
13947,1,39252,6490,1842,39785,0,5260
13948,1,12191,62223,-13110,63406,0,15622
13949,1,-24213,-18424,-40594,30426,0,38511
13950,1,-32542,27646,-17909,42700,0,32936
13951,1,-50324,53593,24181,65535,0,-58395
13952,1,-10047,17440,34971,20127,0,-52430
13953,1,-48211,-10169,-36095,49272,0,33777
13954,1,41140,-40509,13652,57737,0,-2571
13955,1,-6638,53409,39557,53820,0,-56168
13956,1,-56068,-44292,22043,65535,0,-29546
13957,1,-58377,-22368,-44466,62516,0,28703
13958,1,10362,54821,40207,55792,0,-61994
13959,1,58261,-51434,-41586,65535,0,-56673
13960,1,16456,32861,8637,36751,0,31720
13961,1,-8957,59229,-53435,59903,0,-17536
13962,1,30474,-27095,21860,40778,0,6699
13963,1,-6581,15335,-33106,16688,0,8119
13964,1,-16925,59627,-7993,61983,0,30544
13965,1,31794,-51633,65458,60637,0,44204
13966,1,-37358,-46619,36907,59741,0,-9954
13967,1,-26060,42858,64791,50159,0,-22116
13968,1,-7674,-49937,-27945,50523,0,-63894
13969,1,-8020,58775,-14640,59320,0,20957
13970,1,-7777,20348,46863,21784,0,-43825
13971,1,12738,19352,37001,23168,0,57625
13972,1,52905,-38304,-62065,65316,0,55934
13973,1,63552,-21907,11137,65535,0,4212
13974,1,-34823,19785,40068,40051,0,-36246
13975,1,26500,52964,34746,59224,0,57836
13976,1,-6794,58969,34651,59359,0,-61260
13977,1,-45739,-41121,9307,61506,0,-40953
13978,1,23942,64961,32511,65535,0,57913
13979,1,8339,11943,-31187,14566,0,-11135
13980,1,-12952,-55922,55737,57403,0,18221
13981,1,42905,47421,-57669,63950,0,-40243
13982,1,18846,-57559,-35436,60566,0,-61603
13983,1,50006,11002,-36370,51202,0,-31852
13984,1,-28498,45965,57032,54083,0,-29694
13985,1,41299,12632,7206,43188,0,13398
13986,1,8487,-18570,46525,20418,0,22700
13987,1,769,-5079,-7018,5137,0,-36651
13988,1,-57709,-2739,-35553,57774,0,30972
13989,1,-41276,-34418,-26319,53743,0,53716
13990,1,19464,27059,13240,33332,0,33000
13991,1,34844,-63747,-60489,65535,0,48250
13992,1,9210,11680,20859,14875,0,39698
13993,1,60653,-16681,-54712,62905,0,-60311
13994,1,-44808,-59068,4737,65535,0,-41569
13995,1,-54363,-63967,-61325,65535,0,22284
13996,1,-56059,23127,-49541,60642,0,7833
13997,1,-20566,29502,-11943,35963,0,33525
13998,1,-57104,30863,-29086,64911,0,26114
13999,1,-32559,52942,33440,62153,0,-53362
14000,1,80,34858,-37978,34858,0,-5258
14001,1,-40900,34288,-61482,53371,0,-10500
14002,1,-46231,-24083,7280,52128,0,-48238
14003,1,-56001,13654,53937,57642,0,-16588
14004,1,16026,-58043,-39007,60215,0,64917
14005,1,-35565,-5903,17054,36052,0,-45051
14006,1,-21072,32979,34877,39136,0,-51566
14007,1,7158,28326,22332,29217,0,49937
14008,1,34609,35439,-17063,49535,0,-432
14009,1,44565,64028,-58557,65535,0,-38474
14010,1,-61287,15888,56815,63313,0,-14012
14011,1,-63853,48726,-24505,65535,0,27433
14012,1,-45099,-49766,-31035,65535,0,51910
14013,1,-1807,1572,-19907,2395,0,30694
14014,1,4033,64769,16578,64895,0,48049
14015,1,-3731,62861,-58651,62972,0,-24646
14016,1,61948,-25943,-20731,65535,0,-29004
14017,1,-61876,-42222,53098,65535,0,53
14018,1,53558,-62377,49293,65535,0,31325
14019,1,20538,61411,6093,64754,0,32128
14020,1,32828,-10866,42827,34580,0,36159
14021,1,18388,-25399,38312,31357,0,18616
14022,1,33375,-40150,-47602,52211,0,65169
14023,1,-50183,-48633,11248,65535,0,-38231
14024,1,32932,22983,-29779,40159,0,-17068
14025,1,56340,-34840,23520,65535,0,11967
14026,1,47153,16959,54264,50110,0,61466
14027,1,40875,-46663,-62107,62034,0,51204
14028,1,-38416,-52390,-13536,64966,0,-59503
14029,1,23351,-489,-14016,23356,0,-14453
14030,1,12037,-5636,35359,13291,0,26224
14031,1,32560,14763,-43841,35751,0,-34961
14032,1,47316,29527,41525,55773,0,53163
14033,1,59583,-28110,-57406,65535,0,64470
14034,1,-36283,-3501,-51821,36452,0,15722
14035,1,64919,38340,12959,65535,0,24088
14036,1,-63300,58829,32773,65535,0,-48384
14037,1,-37914,17090,-7477,41588,0,49225
14038,1,662,-60406,9031,60410,0,-23508
14039,1,24292,-20077,28585,31515,0,14177
14040,1,45814,-50584,-51702,65535,0,61955
14041,1,-44797,862,47473,44805,0,-18464
14042,1,10220,26035,58814,27969,0,-47293
14043,1,45061,-48098,-51307,65535,0,62701
14044,1,29066,37886,1769,47751,0,20885
14045,1,14518,40815,26806,43320,0,52445
14046,1,-17853,-38721,-56023,42639,0,33269
14047,1,50986,51362,22740,65535,0,39201
14048,1,-40446,63605,-58318,65535,0,-13735
14049,1,-40240,9939,-24940,41449,0,35545
14050,1,-59574,-18112,41093,62267,0,-18286
14051,1,-22482,13770,64618,26364,0,-12382
14052,1,49229,-56703,60280,65535,0,42427
14053,1,-54576,-45034,34712,65535,0,-16432
14054,1,-62976,-36200,-46236,65535,0,30183
14055,1,-54102,41730,-46035,65535,0,5795
14056,1,-40766,-64476,-64381,65535,0,22162
14057,1,29165,26907,25326,39681,0,40870
14058,1,36867,50722,-42481,62705,0,-22824
14059,1,-3993,-49562,-47796,49723,0,48831
14060,1,58149,46659,-58856,65535,0,-44750
14061,1,23557,3055,-4841,23755,0,-2151
14062,1,47993,8638,38687,48764,0,42402
14063,1,59571,33964,-32904,65535,0,-22094
14064,1,42770,-43239,-38169,60819,0,-54667
14065,1,10134,-41858,-8227,43067,0,-36040
14066,1,6608,41214,27401,41741,0,56853
14067,1,-353,16628,-8822,16632,0,24389
14068,1,-19460,-13709,27018,23804,0,-25715
14069,1,29051,-58990,-26544,65535,0,-49766
14070,1,25668,-25859,-63971,36436,0,50640
14071,1,-3066,-44227,40085,44333,0,5873
14072,1,51388,38976,42228,64497,0,55765
14073,1,65153,-8302,-33727,65535,0,-36371
14074,1,-51125,57940,31459,65535,0,-51763
14075,1,53867,-2030,57144,53905,0,56358
14076,1,49265,54838,-4041,65535,0,13459
14077,1,51252,-11411,-62179,52507,0,64323
14078,1,53252,-48571,-60671,65535,0,54975
14079,1,-50057,36094,-7247,61713,0,45257
14080,1,59534,-11991,-7667,60730,0,-11813
14081,1,-48690,44608,-33160,65535,0,16904
14082,1,-13926,-3369,36917,14328,0,-23668
14083,1,54908,64432,44733,65535,0,62778
14084,1,-17673,-17953,-3248,25192,0,-52236
14085,1,-25461,-53230,-12918,59006,0,-54993
14086,1,-48462,-13117,4265,50206,0,-55757
14087,1,64245,37498,-22698,65535,0,-11677
14088,1,-1269,-65088,61775,65101,0,28600
14089,1,-14458,17420,12288,22639,0,59507
14090,1,-24932,-37393,-19891,44943,0,-64926
14091,1,-55982,7222,-58718,56446,0,4142
14092,1,-31873,-23382,39225,39530,0,-13108
14093,1,4139,21330,61578,21728,0,-40724
14094,1,18767,2481,39704,18931,0,42446
14095,1,-60944,26027,-1783,65535,0,55333
14096,1,36072,61963,57712,65535,0,-51590
14097,1,-26473,60942,-43509,65535,0,-2192
14098,1,12730,8908,40252,15537,0,52989
14099,1,27897,-57061,-25992,63516,0,-49274
14100,1,-52569,-424,-27442,52571,0,38262
14101,1,53445,-18316,36219,56497,0,29332
14102,1,11571,-41721,45693,43296,0,18569
14103,1,763,-49467,-62806,49473,0,35820
14104,1,29752,-31276,-34250,43167,0,-51155
14105,1,-21602,37580,-51413,43347,0,-7762
14106,1,20274,58422,17829,61840,0,43629
14107,1,2091,-49666,28614,49710,0,-3276
14108,1,58686,-45835,50787,65535,0,36955
14109,1,39478,55530,-58635,65535,0,-38759
14110,1,-23569,-24952,50644,34324,0,2086
14111,1,-65248,-55843,40167,65535,0,-10602
14112,1,13908,-56103,19381,57801,0,-8318
14113,1,-4803,-12124,-56113,13041,0,34322
14114,1,-42630,63406,-14821,65535,0,30295
14115,1,20763,-31184,-18445,37464,0,-38959
14116,1,34685,43817,-18345,55884,0,455
14117,1,2048,-36846,-36313,36903,0,63149
14118,1,39384,-65247,9003,65535,0,-12436
14119,1,33319,20358,-39230,39046,0,-27788
14120,1,-36044,-18682,23869,40598,0,-31692
14121,1,25885,-52801,-49856,58805,0,57956
14122,1,29903,-57852,5618,65124,0,-17198
14123,1,60996,-32824,20918,65535,0,10619
14124,1,13438,13589,-50699,19112,0,-34199
14125,1,2889,-35554,-59834,35672,0,40161
14126,1,-13340,-18558,-7967,22855,0,-53737
14127,1,57248,42438,-56547,65535,0,-43240
14128,1,61895,-10464,-58545,62774,0,-62039
14129,1,-18571,36443,-58072,40902,0,-15472
14130,1,40409,-38440,45776,55772,0,29913
14131,1,49915,-37226,27959,62268,0,14591
14132,1,-31118,-17695,45273,35798,0,-9477
14133,1,61809,53747,35342,65535,0,50273
14134,1,12615,-2950,-3452,12956,0,-8244
14135,1,-12620,7422,-10410,14641,0,44036
14136,1,51265,49141,-47432,65535,0,-31489
14137,1,-39203,-2352,52631,39274,0,-11655
14138,1,31416,1951,22707,31477,0,24001
14139,1,-10021,-26608,49144,28433,0,8862
14140,1,25783,-17191,6981,30989,0,-5286
14141,1,-37685,-33899,46420,50688,0,-3834
14142,1,-46285,2968,45143,46380,0,-21729
14143,1,-9009,-35341,-61639,36471,0,31458
14144,1,1145,17879,25602,17916,0,57036
14145,1,6774,29465,-56862,30234,0,-28808
14146,1,25625,4428,-52647,26005,0,-49078
14147,1,-17479,-53026,41675,55833,0,2265
14148,1,-37832,8681,-25339,38815,0,35492
14149,1,46737,3809,12803,46892,0,14499
14150,1,-12680,-9645,-37495,15932,0,41606
14151,1,-50523,28163,-46507,57842,0,8421
14152,1,63063,-43825,4680,65535,0,-7989
14153,1,28512,58196,57619,64805,0,-50188
14154,1,-7284,928,-58144,7343,0,4748
14155,1,-57428,-36293,8879,65535,0,-44900
14156,1,29454,13211,8111,32281,0,16907
14157,1,-40555,-6152,24478,41019,0,-37917
14158,1,-8794,-4418,-38968,9842,0,36280
14159,1,-3343,42169,-22473,42302,0,11945
14160,1,-19312,58564,32933,61666,0,-58726
14161,1,5006,-9641,-58911,10863,0,49384
14162,1,-1730,-57066,-61720,57093,0,35952
14163,1,1260,63696,64203,63709,0,-34514
14164,1,10820,19868,-36208,22624,0,-13843
14165,1,23169,38966,40137,45334,0,61715
14166,1,3269,-63514,-35993,63598,0,63384
14167,1,1713,11965,-39386,12087,0,-9584
14168,1,-29748,24194,42626,38345,0,-37154
14169,1,-47941,-40407,-48077,62699,0,32068
14170,1,-46601,17750,-32163,49867,0,25781
14171,1,21549,635,2914,21558,0,3529
14172,1,26259,-40474,33696,48246,0,12934
14173,1,3276,-25442,-27687,25652,0,-57784
14174,1,55692,-20144,-61009,59223,0,62823
14175,1,-50265,-41348,-15367,65087,0,64529
14176,1,-58997,41517,-65040,65535,0,-12296
14177,1,50792,56207,-47795,65535,0,-30356
14178,1,32460,23589,-41367,40126,0,-28257
14179,1,49385,-57442,-64069,65535,0,49049
14180,1,-27749,-8755,30763,29098,0,-28398
14181,1,42471,7700,22064,43164,0,25805
14182,1,21619,-9268,43218,23522,0,34769
14183,1,-13464,43697,59215,45724,0,-32854
14184,1,6939,8635,-49844,11078,0,-31197
14185,1,47766,-10747,42559,48960,0,37942
14186,1,46424,-10788,-45522,47661,0,-50285
14187,1,-59341,-14240,-47698,61026,0,22751
14188,1,-64150,60601,-45557,65535,0,4188
14189,1,49,32123,26578,32123,0,59314
14190,1,-5104,-39583,-13465,39911,0,-48908
14191,1,-51160,-35002,58113,61988,0,5094
14192,1,53328,-65032,-31601,65535,0,-50041
14193,1,64774,-50474,9995,65535,0,-3814
14194,1,14610,-20565,35221,25227,0,15338
14195,1,-37688,-39343,-6674,54482,0,-55378
14196,1,25078,62817,-23861,65535,0,983
14197,1,-44014,-25145,34061,50691,0,-20647
14198,1,16801,43059,23878,46221,0,48885
14199,1,64393,-53441,-7353,65535,0,-21804
14200,1,14116,12237,-30181,18682,0,-15282
14201,1,59031,-9089,-47769,59727,0,-50956
14202,1,13965,27070,60344,30460,0,-47895
14203,1,-20935,16968,761,26948,0,52088
14204,1,-21244,-40362,-14040,45612,0,-56915
14205,1,31873,-50537,48541,59749,0,27511
14206,1,-40436,-36153,-19404,54241,0,61351
14207,1,12331,26624,-34378,29341,0,-10658
14208,1,50132,58243,39892,65535,0,57834
14209,1,64606,27810,65220,65535,0,-57372
14210,1,-11352,-21043,11602,23910,0,-31486
14211,1,48222,35815,44144,60068,0,57470
14212,1,28519,63681,52478,65535,0,-54610
14213,1,39590,-18923,17026,43880,0,7725
14214,1,12209,57947,56829,59219,0,-45807
14215,1,16637,-13230,-23378,21256,0,-37393
14216,1,23394,-45677,50624,51319,0,27730
14217,1,-33891,-42781,2240,54579,0,-44504
14218,1,-50253,-7197,54017,50766,0,-8552
14219,1,-19037,45027,5519,48886,0,46631
14220,1,21315,-23160,-20156,31476,0,-37405
14221,1,20773,25688,23004,33036,0,41587
14222,1,-16602,-43328,-53737,46400,0,36934
14223,1,30555,-36471,-48627,47579,0,64225
14224,1,-59592,48305,-36478,65535,0,14848
14225,1,-4376,13850,15212,14525,0,54364
14226,1,-49402,-36342,46588,61330,0,-5717
14227,1,105,-60014,2736,60014,0,-29995
14228,1,-42984,-54657,59268,65535,0,12598
14229,1,-64690,-57403,-11317,65535,0,-61713
14230,1,37107,28752,-60135,46943,0,-46383
14231,1,-22377,-18567,7445,29077,0,-43643
14232,1,31361,61881,-17111,65535,0,5872
14233,1,39106,-6797,-43195,39692,0,-46785
14234,1,22858,11198,-10707,25454,0,-1204
14235,1,-39029,-52209,32304,65185,0,-13855
14236,1,-29976,-16244,-35847,34094,0,40049
14237,1,50241,36167,51758,61905,0,64774
14238,1,65377,-40094,61608,65535,0,50132
14239,1,33539,-18861,-37956,38479,0,-48643
14240,1,-34770,60263,-28939,65535,0,14746
14241,1,6419,-25209,18155,26014,0,-9412
14242,1,-39221,-11291,50428,40814,0,-9261
14243,1,2386,9159,32658,9465,0,60110
14244,1,59599,33119,32694,65535,0,43275
14245,1,-6780,26532,-38309,27385,0,-322
14246,1,-35448,37934,-34279,51919,0,14167
14247,1,38854,-57707,13629,65535,0,-6777
14248,1,-50666,26416,-22602,57139,0,32908
14249,1,-45609,19361,4837,49548,0,61999
14250,1,-42775,42152,-37799,60054,0,11506
14251,1,-12710,9286,40903,15741,0,-37795
14252,1,-33857,62724,893,65535,0,43986
14253,1,19815,-64370,27325,65535,0,787
14254,1,54744,-60810,51766,65535,0,34288
14255,1,-30070,-49560,-10798,57969,0,-54943
14256,1,-37786,-6860,52714,38404,0,-9076
14257,1,-34433,27947,38737,44347,0,-41022
14258,1,5541,-63393,-43136,63635,0,56987
14259,1,-22854,-54470,-6040,59070,0,-47095
14260,1,-4728,27257,-58621,27664,0,-22270
14261,1,-6916,39202,10037,39808,0,46448
14262,1,7577,15489,62196,17243,0,-45599
14263,1,-22646,36249,-27020,42742,0,17397
14264,1,20366,32245,-42833,38138,0,-21817
14265,1,-50973,-58072,60458,65535,0,12662
14266,1,44631,1778,7823,44667,0,8654
14267,1,56325,-2372,-39531,56375,0,-40409
14268,1,41674,-5728,-21178,42066,0,-24027
14269,1,11810,49616,-35468,51002,0,-7575
14270,1,-48851,-59033,-18446,65535,0,65437
14271,1,-43511,-15577,-22922,46215,0,49786
14272,1,-11446,-57544,-11339,58672,0,-48203
14273,1,37317,59046,31944,65535,0,52954
14274,1,-51856,-50263,-3139,65535,0,-52616
14275,1,-5835,-47422,-54141,47780,0,41609
14276,1,26831,-26516,-33237,37723,0,-49498
14277,1,-20266,-51003,28182,54882,0,-12476
14278,1,38601,-39826,48425,55463,0,31715
14279,1,12806,-55060,48295,56530,0,20294
14280,1,-46176,-5741,-22730,46532,0,45386
14281,1,-50852,30259,22787,59174,0,-53946
14282,1,-65418,-62170,-11208,65535,0,-60891
14283,1,-38847,53448,-40331,65535,0,5548
14284,1,12651,2389,63328,12875,0,-63851
14285,1,-24090,10309,22742,26203,0,-51229
14286,1,45493,30026,-43633,54509,0,-31463
14287,1,48062,19743,-36535,51959,0,-28404
14288,1,-41203,-20593,59224,46063,0,3357
14289,1,14574,-48047,9770,50209,0,-16854
14290,1,21249,-52863,57703,56974,0,32908
14291,1,22683,-46946,46989,52139,0,23610
14292,1,45339,17273,-61602,48518,0,-54009
14293,1,7778,-28523,-32534,29565,0,-59748
14294,1,-2456,-10664,-32081,10943,0,61501
14295,1,15826,19695,57240,25266,0,-55185
14296,1,26209,-5496,-34934,26779,0,-39246
14297,1,-7461,-49418,26930,49978,0,-8964
14298,1,54668,-24239,-7956,59801,0,-16662
14299,1,-46658,-1119,61806,46672,0,-3230
14300,1,55331,-28271,-21460,62135,0,-31314
14301,1,1755,-35232,33127,35276,0,1397
14302,1,-31804,39686,61840,50858,0,-22371
14303,1,60626,-22222,17396,64571,0,10067
14304,1,-27148,57746,-7582,63809,0,34354
14305,1,8387,-50870,56470,51557,0,27111
14306,1,6951,-29304,44700,30117,0,16790
14307,1,-52880,-61196,-16251,65535,0,-63885
14308,1,-30951,-10797,23639,32780,0,-34895
14309,1,-39645,64202,-35377,65535,0,8931
14310,1,14132,-51722,4003,53618,0,-23201
14311,1,-33483,-39167,19143,51528,0,-28380
14312,1,-48743,43602,22591,65399,0,-58169
14313,1,11918,-10376,-24425,15802,0,-39368
14314,1,-3315,-15233,6962,15590,0,-30276
14315,1,10898,-20181,31707,22936,0,9268
14316,1,53124,-25396,-58165,58882,0,63604
14317,1,53436,-49050,51092,65535,0,35600
14318,1,-63470,-19604,-62258,65535,0,9527
14319,1,-4915,1045,-3695,5025,0,57471
14320,1,-43105,60915,39052,65535,0,-46405
14321,1,20206,-36822,52635,42002,0,30337
14322,1,28152,-56479,-26240,63107,0,-49362
14323,1,9145,-47286,-21920,48162,0,-50703
14324,1,-13402,14628,-17538,19839,0,30702
14325,1,-27681,19055,46447,33606,0,-31666
14326,1,10542,24732,18393,26885,0,42756
14327,1,-41184,-33789,36242,53271,0,-14961
14328,1,7621,44934,-11105,45576,0,18158
14329,1,-52372,-41273,-37961,65535,0,41498
14330,1,36453,23487,-23545,43365,0,-11605
14331,1,46825,-50248,-842,65535,0,-17961
14332,1,56149,45392,-6776,65535,0,7406
14333,1,-45207,-54914,3369,65535,0,-43767
14334,1,-8372,-50794,-28162,51480,0,-64338
14335,1,-8006,29901,41562,30954,0,-51284
14336,0,0,0,0,0,0,0
14337,0,1,0,0,1,0,0
14338,0,-1,0,0,-1,0,0
14339,0,32768,0,0,32768,0,0
14340,0,-32768,0,0,-32768,0,0
14341,0,65535,0,0,65535,0,0
14342,0,-65536,0,0,-65536,0,0
14343,0,0,1,0,0,1,0
14344,0,1,1,0,1,1,0
14345,0,-1,1,0,-1,1,0
14346,0,32768,1,0,32768,1,0
14347,0,-32768,1,0,-32768,1,0
14348,0,65535,1,0,65535,1,0
14349,0,-65536,1,0,-65536,1,0
14350,0,0,-1,0,0,-1,0
14351,0,1,-1,0,1,-1,0
14352,0,-1,-1,0,-1,-1,0
14353,0,32768,-1,0,32768,-1,0
14354,0,-32768,-1,0,-32768,-1,0
14355,0,65535,-1,0,65535,-1,0
14356,0,-65536,-1,0,-65536,-1,0
14357,0,0,32768,0,0,32768,0
14358,0,1,32768,0,1,32768,0
14359,0,-1,32768,0,-1,32768,0
14360,0,32768,32768,0,32768,32768,0
14361,0,-32768,32768,0,-32768,32768,0
14362,0,65535,32768,0,65535,32768,0
14363,0,-65536,32768,0,-65536,32768,0
14364,0,0,-32768,0,0,-32768,0
14365,0,1,-32768,0,1,-32768,0
14366,0,-1,-32768,0,-1,-32768,0
14367,0,32768,-32768,0,32768,-32768,0
14368,0,-32768,-32768,0,-32768,-32768,0
14369,0,65535,-32768,0,65535,-32768,0
14370,0,-65536,-32768,0,-65536,-32768,0
14371,0,0,65535,0,0,65535,0
14372,0,1,65535,0,1,65535,0
14373,0,-1,65535,0,-1,65535,0
14374,0,32768,65535,0,32768,65535,0
14375,0,-32768,65535,0,-32768,65535,0
14376,0,65535,65535,0,65535,65535,0
14377,0,-65536,65535,0,-65536,65535,0
14378,0,0,-65536,0,0,-65536,0
14379,0,1,-65536,0,1,-65536,0
14380,0,-1,-65536,0,-1,-65536,0
14381,0,32768,-65536,0,32768,-65536,0
14382,0,-32768,-65536,0,-32768,-65536,0
14383,0,65535,-65536,0,65535,-65536,0
14384,0,-65536,-65536,0,-65536,-65536,0
14385,0,0,0,1,0,0,0
14386,0,1,0,1,1,0,0
14387,0,-1,0,1,-1,0,0
14388,0,32768,0,1,32768,2,0
14389,0,-32768,0,1,-32768,-2,0
14390,0,65535,0,1,65535,3,0
14391,0,-65536,0,1,-65536,-3,0
14392,0,0,1,1,0,1,0
14393,0,1,1,1,1,1,0
14394,0,-1,1,1,-1,1,0
14395,0,32768,1,1,32768,3,0
14396,0,-32768,1,1,-32768,-1,0
14397,0,65535,1,1,65535,4,0
14398,0,-65536,1,1,-65536,-2,0
14399,0,0,-1,1,0,-1,0
14400,0,1,-1,1,1,-1,0
14401,0,-1,-1,1,-1,-1,0
14402,0,32768,-1,1,32768,1,0
14403,0,-32768,-1,1,-32768,-3,0
14404,0,65535,-1,1,65535,2,0
14405,0,-65536,-1,1,-65536,-4,0
14406,0,0,32768,1,-2,32768,0
14407,0,1,32768,1,-1,32768,0
14408,0,-1,32768,1,-3,32768,0
14409,0,32768,32768,1,32766,32770,0
14410,0,-32768,32768,1,-32770,32767,0
14411,0,65535,32768,1,65534,32771,0
14412,0,-65536,32768,1,-65536,32765,0
14413,0,0,-32768,1,2,-32768,0
14414,0,1,-32768,1,3,-32768,0
14415,0,-1,-32768,1,1,-32768,0
14416,0,32768,-32768,1,32770,-32766,0
14417,0,-32768,-32768,1,-32766,-32770,0
14418,0,65535,-32768,1,65535,-32765,0
14419,0,-65536,-32768,1,-65535,-32771,0
14420,0,0,65535,1,-3,65535,0
14421,0,1,65535,1,-2,65535,0
14422,0,-1,65535,1,-4,65535,0
14423,0,32768,65535,1,32765,65535,0
14424,0,-32768,65535,1,-32771,65534,0
14425,0,65535,65535,1,65532,65535,0
14426,0,-65536,65535,1,-65536,65532,0
14427,0,0,-65536,1,3,-65536,0
14428,0,1,-65536,1,4,-65536,0
14429,0,-1,-65536,1,2,-65536,0
14430,0,32768,-65536,1,32771,-65535,0
14431,0,-32768,-65536,1,-32765,-65536,0
14432,0,65535,-65536,1,65535,-65533,0
14433,0,-65536,-65536,1,-65533,-65536,0
14434,0,0,0,-1,0,0,0
14435,0,1,0,-1,1,0,0
14436,0,-1,0,-1,-1,0,0
14437,0,32768,0,-1,32768,-2,0
14438,0,-32768,0,-1,-32768,2,0
14439,0,65535,0,-1,65535,-3,0
14440,0,-65536,0,-1,-65536,3,0
14441,0,0,1,-1,0,1,0
14442,0,1,1,-1,1,1,0
14443,0,-1,1,-1,-1,1,0
14444,0,32768,1,-1,32768,-1,0
14445,0,-32768,1,-1,-32768,3,0
14446,0,65535,1,-1,65535,-2,0
14447,0,-65536,1,-1,-65536,4,0
14448,0,0,-1,-1,0,-1,0
14449,0,1,-1,-1,1,-1,0
14450,0,-1,-1,-1,-1,-1,0
14451,0,32768,-1,-1,32768,-3,0
14452,0,-32768,-1,-1,-32768,1,0
14453,0,65535,-1,-1,65535,-4,0
14454,0,-65536,-1,-1,-65536,2,0
14455,0,0,32768,-1,2,32768,0
14456,0,1,32768,-1,3,32768,0
14457,0,-1,32768,-1,1,32768,0
14458,0,32768,32768,-1,32770,32766,0
14459,0,-32768,32768,-1,-32766,32770,0
14460,0,65535,32768,-1,65535,32765,0
14461,0,-65536,32768,-1,-65535,32771,0
14462,0,0,-32768,-1,-2,-32768,0
14463,0,1,-32768,-1,-1,-32768,0
14464,0,-1,-32768,-1,-3,-32768,0
14465,0,32768,-32768,-1,32767,-32770,0
14466,0,-32768,-32768,-1,-32770,-32766,0
14467,0,65535,-32768,-1,65534,-32771,0
14468,0,-65536,-32768,-1,-65536,-32765,0
14469,0,0,65535,-1,3,65535,0
14470,0,1,65535,-1,4,65535,0
14471,0,-1,65535,-1,2,65535,0
14472,0,32768,65535,-1,32771,65534,0
14473,0,-32768,65535,-1,-32765,65535,0
14474,0,65535,65535,-1,65535,65532,0
14475,0,-65536,65535,-1,-65533,65535,0
14476,0,0,-65536,-1,-3,-65536,0
14477,0,1,-65536,-1,-2,-65536,0
14478,0,-1,-65536,-1,-4,-65536,0
14479,0,32768,-65536,-1,32765,-65536,0
14480,0,-32768,-65536,-1,-32771,-65535,0
14481,0,65535,-65536,-1,65532,-65536,0
14482,0,-65536,-65536,-1,-65536,-65533,0
14483,0,0,0,32768,0,0,0
14484,0,1,0,32768,0,1,0
14485,0,-1,0,32768,0,-1,0
14486,0,32768,0,32768,0,32768,0
14487,0,-32768,0,32768,0,-32768,0
14488,0,65535,0,32768,0,65535,0
14489,0,-65536,0,32768,0,-65536,0
14490,0,0,1,32768,-1,0,0
14491,0,1,1,32768,-1,1,0
14492,0,-1,1,32768,-1,-1,0
14493,0,32768,1,32768,-1,32768,0
14494,0,-32768,1,32768,-1,-32768,0
14495,0,65535,1,32768,-1,65535,0
14496,0,-65536,1,32768,-1,-65536,0
14497,0,0,-1,32768,1,0,0
14498,0,1,-1,32768,1,1,0
14499,0,-1,-1,32768,1,-1,0
14500,0,32768,-1,32768,1,32768,0
14501,0,-32768,-1,32768,1,-32768,0
14502,0,65535,-1,32768,1,65535,0
14503,0,-65536,-1,32768,1,-65536,0
14504,0,0,32768,32768,-32768,0,0
14505,0,1,32768,32768,-32768,1,0
14506,0,-1,32768,32768,-32768,-1,0
14507,0,32768,32768,32768,-32768,32768,0
14508,0,-32768,32768,32768,-32768,-32768,0
14509,0,65535,32768,32768,-32768,65535,0
14510,0,-65536,32768,32768,-32768,-65536,0
14511,0,0,-32768,32768,32768,0,0
14512,0,1,-32768,32768,32768,1,0
14513,0,-1,-32768,32768,32768,-1,0
14514,0,32768,-32768,32768,32768,32768,0
14515,0,-32768,-32768,32768,32768,-32768,0
14516,0,65535,-32768,32768,32768,65535,0
14517,0,-65536,-32768,32768,32768,-65536,0
14518,0,0,65535,32768,-65535,0,0
14519,0,1,65535,32768,-65535,1,0
14520,0,-1,65535,32768,-65535,-1,0
14521,0,32768,65535,32768,-65535,32768,0
14522,0,-32768,65535,32768,-65535,-32768,0
14523,0,65535,65535,32768,-65535,65535,0
14524,0,-65536,65535,32768,-65535,-65536,0
14525,0,0,-65536,32768,65535,0,0
14526,0,1,-65536,32768,65535,1,0
14527,0,-1,-65536,32768,65535,-1,0
14528,0,32768,-65536,32768,65535,32768,0
14529,0,-32768,-65536,32768,65535,-32768,0
14530,0,65535,-65536,32768,65535,65535,0
14531,0,-65536,-65536,32768,65535,-65536,0
14532,0,0,0,32767,0,0,0
14533,0,1,0,32767,0,1,0
14534,0,-1,0,32767,0,-1,0
14535,0,32768,0,32767,2,32768,0
14536,0,-32768,0,32767,-2,-32768,0
14537,0,65535,0,32767,3,65535,0
14538,0,-65536,0,32767,-3,-65536,0
14539,0,0,1,32767,-1,0,0
14540,0,1,1,32767,-1,1,0
14541,0,-1,1,32767,-1,-1,0
14542,0,32768,1,32767,1,32768,0
14543,0,-32768,1,32767,-3,-32768,0
14544,0,65535,1,32767,2,65535,0
14545,0,-65536,1,32767,-4,-65536,0
14546,0,0,-1,32767,1,0,0
14547,0,1,-1,32767,1,1,0
14548,0,-1,-1,32767,1,-1,0
14549,0,32768,-1,32767,3,32768,0
14550,0,-32768,-1,32767,-1,-32768,0
14551,0,65535,-1,32767,4,65535,0
14552,0,-65536,-1,32767,-2,-65536,0
14553,0,0,32768,32767,-32768,2,0
14554,0,1,32768,32767,-32768,3,0
14555,0,-1,32768,32767,-32768,1,0
14556,0,32768,32768,32767,-32766,32770,0
14557,0,-32768,32768,32767,-32770,-32766,0
14558,0,65535,32768,32767,-32765,65535,0
14559,0,-65536,32768,32767,-32771,-65535,0
14560,0,0,-32768,32767,32768,-2,0
14561,0,1,-32768,32767,32768,-1,0
14562,0,-1,-32768,32767,32768,-3,0
14563,0,32768,-32768,32767,32770,32766,0
14564,0,-32768,-32768,32767,32767,-32770,0
14565,0,65535,-32768,32767,32771,65534,0
14566,0,-65536,-32768,32767,32765,-65536,0
14567,0,0,65535,32767,-65535,3,0
14568,0,1,65535,32767,-65535,4,0
14569,0,-1,65535,32767,-65535,2,0
14570,0,32768,65535,32767,-65534,32771,0
14571,0,-32768,65535,32767,-65536,-32765,0
14572,0,65535,65535,32767,-65532,65535,0
14573,0,-65536,65535,32767,-65536,-65533,0
14574,0,0,-65536,32767,65535,-3,0
14575,0,1,-65536,32767,65535,-2,0
14576,0,-1,-65536,32767,65535,-4,0
14577,0,32768,-65536,32767,65535,32765,0
14578,0,-32768,-65536,32767,65535,-32771,0
14579,0,65535,-65536,32767,65535,65532,0
14580,0,-65536,-65536,32767,65533,-65536,0
14581,0,0,0,32769,0,0,0
14582,0,1,0,32769,0,1,0
14583,0,-1,0,32769,0,-1,0
14584,0,32768,0,32769,-2,32768,0
14585,0,-32768,0,32769,2,-32768,0
14586,0,65535,0,32769,-3,65535,0
14587,0,-65536,0,32769,3,-65536,0
14588,0,0,1,32769,-1,0,0
14589,0,1,1,32769,-1,1,0
14590,0,-1,1,32769,-1,-1,0
14591,0,32768,1,32769,-3,32768,0
14592,0,-32768,1,32769,1,-32768,0
14593,0,65535,1,32769,-4,65535,0
14594,0,-65536,1,32769,2,-65536,0
14595,0,0,-1,32769,1,0,0
14596,0,1,-1,32769,1,1,0
14597,0,-1,-1,32769,1,-1,0
14598,0,32768,-1,32769,-1,32768,0
14599,0,-32768,-1,32769,3,-32768,0
14600,0,65535,-1,32769,-2,65535,0
14601,0,-65536,-1,32769,4,-65536,0
14602,0,0,32768,32769,-32768,-2,0
14603,0,1,32768,32769,-32768,-1,0
14604,0,-1,32768,32769,-32768,-3,0
14605,0,32768,32768,32769,-32770,32767,0
14606,0,-32768,32768,32769,-32766,-32770,0
14607,0,65535,32768,32769,-32771,65534,0
14608,0,-65536,32768,32769,-32765,-65536,0
14609,0,0,-32768,32769,32768,2,0
14610,0,1,-32768,32769,32768,3,0
14611,0,-1,-32768,32769,32768,1,0
14612,0,32768,-32768,32769,32766,32770,0
14613,0,-32768,-32768,32769,32770,-32766,0
14614,0,65535,-32768,32769,32765,65535,0
14615,0,-65536,-32768,32769,32771,-65535,0
14616,0,0,65535,32769,-65535,-3,0
14617,0,1,65535,32769,-65535,-2,0
14618,0,-1,65535,32769,-65535,-4,0
14619,0,32768,65535,32769,-65536,32765,0
14620,0,-32768,65535,32769,-65534,-32771,0
14621,0,65535,65535,32769,-65536,65532,0
14622,0,-65536,65535,32769,-65532,-65536,0
14623,0,0,-65536,32769,65535,3,0
14624,0,1,-65536,32769,65535,4,0
14625,0,-1,-65536,32769,65535,2,0
14626,0,32768,-65536,32769,65535,32771,0
14627,0,-32768,-65536,32769,65535,-32765,0
14628,0,65535,-65536,32769,65533,65535,0
14629,0,-65536,-65536,32769,65535,-65533,0
14630,0,0,0,-32768,0,0,0
14631,0,1,0,-32768,0,-1,0
14632,0,-1,0,-32768,0,1,0
14633,0,32768,0,-32768,0,-32768,0
14634,0,-32768,0,-32768,0,32768,0
14635,0,65535,0,-32768,0,-65535,0
14636,0,-65536,0,-32768,0,65535,0
14637,0,0,1,-32768,1,0,0
14638,0,1,1,-32768,1,-1,0
14639,0,-1,1,-32768,1,1,0
14640,0,32768,1,-32768,1,-32768,0
14641,0,-32768,1,-32768,1,32768,0
14642,0,65535,1,-32768,1,-65535,0
14643,0,-65536,1,-32768,1,65535,0
14644,0,0,-1,-32768,-1,0,0
14645,0,1,-1,-32768,-1,-1,0
14646,0,-1,-1,-32768,-1,1,0
14647,0,32768,-1,-32768,-1,-32768,0
14648,0,-32768,-1,-32768,-1,32768,0
14649,0,65535,-1,-32768,-1,-65535,0
14650,0,-65536,-1,-32768,-1,65535,0
14651,0,0,32768,-32768,32768,0,0
14652,0,1,32768,-32768,32768,-1,0
14653,0,-1,32768,-32768,32768,1,0
14654,0,32768,32768,-32768,32768,-32768,0
14655,0,-32768,32768,-32768,32768,32768,0
14656,0,65535,32768,-32768,32768,-65535,0
14657,0,-65536,32768,-32768,32768,65535,0
14658,0,0,-32768,-32768,-32768,0,0
14659,0,1,-32768,-32768,-32768,-1,0
14660,0,-1,-32768,-32768,-32768,1,0
14661,0,32768,-32768,-32768,-32768,-32768,0
14662,0,-32768,-32768,-32768,-32768,32768,0
14663,0,65535,-32768,-32768,-32768,-65535,0
14664,0,-65536,-32768,-32768,-32768,65535,0
14665,0,0,65535,-32768,65535,0,0
14666,0,1,65535,-32768,65535,-1,0
14667,0,-1,65535,-32768,65535,1,0
14668,0,32768,65535,-32768,65535,-32768,0
14669,0,-32768,65535,-32768,65535,32768,0
14670,0,65535,65535,-32768,65535,-65535,0
14671,0,-65536,65535,-32768,65535,65535,0
14672,0,0,-65536,-32768,-65536,0,0
14673,0,1,-65536,-32768,-65536,-1,0
14674,0,-1,-65536,-32768,-65536,1,0
14675,0,32768,-65536,-32768,-65536,-32768,0
14676,0,-32768,-65536,-32768,-65536,32768,0
14677,0,65535,-65536,-32768,-65536,-65535,0
14678,0,-65536,-65536,-32768,-65536,65535,0
14679,0,0,0,-32769,0,0,0
14680,0,1,0,-32769,0,-1,0
14681,0,-1,0,-32769,0,1,0
14682,0,32768,0,-32769,-2,-32768,0
14683,0,-32768,0,-32769,2,32768,0
14684,0,65535,0,-32769,-3,-65535,0
14685,0,-65536,0,-32769,3,65535,0
14686,0,0,1,-32769,1,0,0
14687,0,1,1,-32769,1,-1,0
14688,0,-1,1,-32769,1,1,0
14689,0,32768,1,-32769,-1,-32768,0
14690,0,-32768,1,-32769,3,32768,0
14691,0,65535,1,-32769,-2,-65535,0
14692,0,-65536,1,-32769,4,65535,0
14693,0,0,-1,-32769,-1,0,0
14694,0,1,-1,-32769,-1,-1,0
14695,0,-1,-1,-32769,-1,1,0
14696,0,32768,-1,-32769,-3,-32768,0
14697,0,-32768,-1,-32769,1,32768,0
14698,0,65535,-1,-32769,-4,-65535,0
14699,0,-65536,-1,-32769,2,65535,0
14700,0,0,32768,-32769,32768,-2,0
14701,0,1,32768,-32769,32768,-3,0
14702,0,-1,32768,-32769,32768,-1,0
14703,0,32768,32768,-32769,32767,-32770,0
14704,0,-32768,32768,-32769,32770,32766,0
14705,0,65535,32768,-32769,32765,-65536,0
14706,0,-65536,32768,-32769,32771,65535,0
14707,0,0,-32768,-32769,-32768,2,0
14708,0,1,-32768,-32769,-32768,1,0
14709,0,-1,-32768,-32769,-32768,3,0
14710,0,32768,-32768,-32769,-32770,-32766,0
14711,0,-32768,-32768,-32769,-32766,32770,0
14712,0,65535,-32768,-32769,-32771,-65534,0
14713,0,-65536,-32768,-32769,-32765,65535,0
14714,0,0,65535,-32769,65535,-3,0
14715,0,1,65535,-32769,65535,-4,0
14716,0,-1,65535,-32769,65535,-2,0
14717,0,32768,65535,-32769,65534,-32771,0
14718,0,-32768,65535,-32769,65535,32765,0
14719,0,65535,65535,-32769,65532,-65536,0
14720,0,-65536,65535,-32769,65535,65533,0
14721,0,0,-65536,-32769,-65536,3,0
14722,0,1,-65536,-32769,-65536,2,0
14723,0,-1,-65536,-32769,-65536,4,0
14724,0,32768,-65536,-32769,-65536,-32765,0
14725,0,-32768,-65536,-32769,-65535,32771,0
14726,0,65535,-65536,-32769,-65536,-65532,0
14727,0,-65536,-65536,-32769,-65533,65535,0
14728,0,0,0,-32767,0,0,0
14729,0,1,0,-32767,0,-1,0
14730,0,-1,0,-32767,0,1,0
14731,0,32768,0,-32767,2,-32768,0
14732,0,-32768,0,-32767,-2,32768,0
14733,0,65535,0,-32767,3,-65535,0
14734,0,-65536,0,-32767,-3,65535,0
14735,0,0,1,-32767,1,0,0
14736,0,1,1,-32767,1,-1,0
14737,0,-1,1,-32767,1,1,0
14738,0,32768,1,-32767,3,-32768,0
14739,0,-32768,1,-32767,-1,32768,0
14740,0,65535,1,-32767,4,-65535,0
14741,0,-65536,1,-32767,-2,65535,0
14742,0,0,-1,-32767,-1,0,0
14743,0,1,-1,-32767,-1,-1,0
14744,0,-1,-1,-32767,-1,1,0
14745,0,32768,-1,-32767,1,-32768,0
14746,0,-32768,-1,-32767,-3,32768,0
14747,0,65535,-1,-32767,2,-65535,0
14748,0,-65536,-1,-32767,-4,65535,0
14749,0,0,32768,-32767,32768,2,0
14750,0,1,32768,-32767,32768,1,0
14751,0,-1,32768,-32767,32768,3,0
14752,0,32768,32768,-32767,32770,-32766,0
14753,0,-32768,32768,-32767,32766,32770,0
14754,0,65535,32768,-32767,32771,-65534,0
14755,0,-65536,32768,-32767,32765,65535,0
14756,0,0,-32768,-32767,-32768,-2,0
14757,0,1,-32768,-32767,-32768,-3,0
14758,0,-1,-32768,-32767,-32768,-1,0
14759,0,32768,-32768,-32767,-32766,-32770,0
14760,0,-32768,-32768,-32767,-32770,32767,0
14761,0,65535,-32768,-32767,-32765,-65536,0
14762,0,-65536,-32768,-32767,-32771,65535,0
14763,0,0,65535,-32767,65535,3,0
14764,0,1,65535,-32767,65535,2,0
14765,0,-1,65535,-32767,65535,4,0
14766,0,32768,65535,-32767,65535,-32765,0
14767,0,-32768,65535,-32767,65534,32771,0
14768,0,65535,65535,-32767,65535,-65532,0
14769,0,-65536,65535,-32767,65532,65535,0
14770,0,0,-65536,-32767,-65536,-3,0
14771,0,1,-65536,-32767,-65536,-4,0
14772,0,-1,-65536,-32767,-65536,-2,0
14773,0,32768,-65536,-32767,-65535,-32771,0
14774,0,-32768,-65536,-32767,-65536,32765,0
14775,0,65535,-65536,-32767,-65533,-65536,0
14776,0,-65536,-65536,-32767,-65536,65533,0
14777,0,0,0,65535,0,0,0
14778,0,1,0,65535,-1,0,0
14779,0,-1,0,65535,1,0,0
14780,0,32768,0,65535,-32768,2,0
14781,0,-32768,0,65535,32768,-2,0
14782,0,65535,0,65535,-65535,3,0
14783,0,-65536,0,65535,65535,-3,0
14784,0,0,1,65535,0,-1,0
14785,0,1,1,65535,-1,-1,0
14786,0,-1,1,65535,1,-1,0
14787,0,32768,1,65535,-32768,1,0
14788,0,-32768,1,65535,32768,-3,0
14789,0,65535,1,65535,-65535,2,0
14790,0,-65536,1,65535,65535,-4,0
14791,0,0,-1,65535,0,1,0
14792,0,1,-1,65535,-1,1,0
14793,0,-1,-1,65535,1,1,0
14794,0,32768,-1,65535,-32768,3,0
14795,0,-32768,-1,65535,32768,-1,0
14796,0,65535,-1,65535,-65535,4,0
14797,0,-65536,-1,65535,65535,-2,0
14798,0,0,32768,65535,-2,-32768,0
14799,0,1,32768,65535,-3,-32768,0
14800,0,-1,32768,65535,-1,-32768,0
14801,0,32768,32768,65535,-32770,-32766,0
14802,0,-32768,32768,65535,32767,-32770,0
14803,0,65535,32768,65535,-65536,-32765,0
14804,0,-65536,32768,65535,65535,-32771,0
14805,0,0,-32768,65535,2,32768,0
14806,0,1,-32768,65535,1,32768,0
14807,0,-1,-32768,65535,3,32768,0
14808,0,32768,-32768,65535,-32766,32770,0
14809,0,-32768,-32768,65535,32770,32766,0
14810,0,65535,-32768,65535,-65534,32771,0
14811,0,-65536,-32768,65535,65535,32765,0
14812,0,0,65535,65535,-3,-65535,0
14813,0,1,65535,65535,-4,-65535,0
14814,0,-1,65535,65535,-2,-65535,0
14815,0,32768,65535,65535,-32771,-65534,0
14816,0,-32768,65535,65535,32765,-65536,0
14817,0,65535,65535,65535,-65536,-65532,0
14818,0,-65536,65535,65535,65533,-65536,0
14819,0,0,-65536,65535,3,65535,0
14820,0,1,-65536,65535,2,65535,0
14821,0,-1,-65536,65535,4,65535,0
14822,0,32768,-65536,65535,-32765,65535,0
14823,0,-32768,-65536,65535,32771,65535,0
14824,0,65535,-65536,65535,-65532,65535,0
14825,0,-65536,-65536,65535,65535,65533,0
14826,0,0,0,-65536,0,0,0
14827,0,1,0,-65536,-1,0,0
14828,0,-1,0,-65536,1,0,0
14829,0,32768,0,-65536,-32768,0,0
14830,0,-32768,0,-65536,32768,0,0
14831,0,65535,0,-65536,-65535,0,0
14832,0,-65536,0,-65536,65535,0,0
14833,0,0,1,-65536,0,-1,0
14834,0,1,1,-65536,-1,-1,0
14835,0,-1,1,-65536,1,-1,0
14836,0,32768,1,-65536,-32768,-1,0
14837,0,-32768,1,-65536,32768,-1,0
14838,0,65535,1,-65536,-65535,-1,0
14839,0,-65536,1,-65536,65535,-1,0
14840,0,0,-1,-65536,0,1,0
14841,0,1,-1,-65536,-1,1,0
14842,0,-1,-1,-65536,1,1,0
14843,0,32768,-1,-65536,-32768,1,0
14844,0,-32768,-1,-65536,32768,1,0
14845,0,65535,-1,-65536,-65535,1,0
14846,0,-65536,-1,-65536,65535,1,0
14847,0,0,32768,-65536,0,-32768,0
14848,0,1,32768,-65536,-1,-32768,0
14849,0,-1,32768,-65536,1,-32768,0
14850,0,32768,32768,-65536,-32768,-32768,0
14851,0,-32768,32768,-65536,32768,-32768,0
14852,0,65535,32768,-65536,-65535,-32768,0
14853,0,-65536,32768,-65536,65535,-32768,0
14854,0,0,-32768,-65536,0,32768,0
14855,0,1,-32768,-65536,-1,32768,0
14856,0,-1,-32768,-65536,1,32768,0
14857,0,32768,-32768,-65536,-32768,32768,0
14858,0,-32768,-32768,-65536,32768,32768,0
14859,0,65535,-32768,-65536,-65535,32768,0
14860,0,-65536,-32768,-65536,65535,32768,0
14861,0,0,65535,-65536,0,-65535,0
14862,0,1,65535,-65536,-1,-65535,0
14863,0,-1,65535,-65536,1,-65535,0
14864,0,32768,65535,-65536,-32768,-65535,0
14865,0,-32768,65535,-65536,32768,-65535,0
14866,0,65535,65535,-65536,-65535,-65535,0
14867,0,-65536,65535,-65536,65535,-65535,0
14868,0,0,-65536,-65536,0,65535,0
14869,0,1,-65536,-65536,-1,65535,0
14870,0,-1,-65536,-65536,1,65535,0
14871,0,32768,-65536,-65536,-32768,65535,0
14872,0,-32768,-65536,-65536,32768,65535,0
14873,0,65535,-65536,-65536,-65536,65535,0
14874,0,-65536,-65536,-65536,65535,65535,0
14875,0,0,0,36366,0,0,0
14876,0,1,0,36366,0,1,0
14877,0,-1,0,36366,0,-1,0
14878,0,32768,0,36366,-5624,32282,0
14879,0,-32768,0,36366,5624,-32282,0
14880,0,65535,0,36366,-11247,64563,0
14881,0,-65536,0,36366,11248,-64564,0
14882,0,0,1,36366,-1,0,0
14883,0,1,1,36366,-1,1,0
14884,0,-1,1,36366,-1,-1,0
14885,0,32768,1,36366,-5625,32282,0
14886,0,-32768,1,36366,5623,-32282,0
14887,0,65535,1,36366,-11248,64563,0
14888,0,-65536,1,36366,11247,-64564,0
14889,0,0,-1,36366,1,0,0
14890,0,1,-1,36366,1,1,0
14891,0,-1,-1,36366,1,-1,0
14892,0,32768,-1,36366,-5623,32282,0
14893,0,-32768,-1,36366,5625,-32282,0
14894,0,65535,-1,36366,-11246,64563,0
14895,0,-65536,-1,36366,11248,-64564,0
14896,0,0,32768,36366,-32282,-5624,0
14897,0,1,32768,36366,-32282,-5623,0
14898,0,-1,32768,36366,-32282,-5625,0
14899,0,32768,32768,36366,-37906,26658,0
14900,0,-32768,32768,36366,-26658,-37906,0
14901,0,65535,32768,36366,-43529,58939,0
14902,0,-65536,32768,36366,-21034,-65536,0
14903,0,0,-32768,36366,32282,5624,0
14904,0,1,-32768,36366,32282,5625,0
14905,0,-1,-32768,36366,32282,5623,0
14906,0,32768,-32768,36366,26658,37906,0
14907,0,-32768,-32768,36366,37906,-26658,0
14908,0,65535,-32768,36366,21034,65535,0
14909,0,-65536,-32768,36366,43529,-58940,0
14910,0,0,65535,36366,-64563,-11247,0
14911,0,1,65535,36366,-64563,-11246,0
14912,0,-1,65535,36366,-64563,-11248,0
14913,0,32768,65535,36366,-65536,21035,0
14914,0,-32768,65535,36366,-58939,-43529,0
14915,0,65535,65535,36366,-65536,53315,0
14916,0,-65536,65535,36366,-53315,-65536,0
14917,0,0,-65536,36366,64564,11248,0
14918,0,1,-65536,36366,64564,11249,0
14919,0,-1,-65536,36366,64564,11247,0
14920,0,32768,-65536,36366,58940,43529,0
14921,0,-32768,-65536,36366,65535,-21034,0
14922,0,65535,-65536,36366,53316,65535,0
14923,0,-65536,-65536,36366,65535,-53316,0
14924,0,0,0,-36366,0,0,0
14925,0,1,0,-36366,0,-1,0
14926,0,-1,0,-36366,0,1,0
14927,0,32768,0,-36366,-5624,-32282,0
14928,0,-32768,0,-36366,5624,32282,0
14929,0,65535,0,-36366,-11247,-64563,0
14930,0,-65536,0,-36366,11247,64564,0
14931,0,0,1,-36366,1,0,0
14932,0,1,1,-36366,1,-1,0
14933,0,-1,1,-36366,1,1,0
14934,0,32768,1,-36366,-5623,-32282,0
14935,0,-32768,1,-36366,5625,32282,0
14936,0,65535,1,-36366,-11246,-64563,0
14937,0,-65536,1,-36366,11248,64564,0
14938,0,0,-1,-36366,-1,0,0
14939,0,1,-1,-36366,-1,-1,0
14940,0,-1,-1,-36366,-1,1,0
14941,0,32768,-1,-36366,-5625,-32282,0
14942,0,-32768,-1,-36366,5623,32282,0
14943,0,65535,-1,-36366,-11248,-64563,0
14944,0,-65536,-1,-36366,11246,64564,0
14945,0,0,32768,-36366,32282,-5624,0
14946,0,1,32768,-36366,32282,-5625,0
14947,0,-1,32768,-36366,32282,-5623,0
14948,0,32768,32768,-36366,26658,-37906,0
14949,0,-32768,32768,-36366,37906,26658,0
14950,0,65535,32768,-36366,21035,-65536,0
14951,0,-65536,32768,-36366,43529,58940,0
14952,0,0,-32768,-36366,-32282,5624,0
14953,0,1,-32768,-36366,-32282,5623,0
14954,0,-1,-32768,-36366,-32282,5625,0
14955,0,32768,-32768,-36366,-37905,-26658,0
14956,0,-32768,-32768,-36366,-26658,37906,0
14957,0,65535,-32768,-36366,-43529,-58939,0
14958,0,-65536,-32768,-36366,-21035,65535,0
14959,0,0,65535,-36366,64563,-11247,0
14960,0,1,65535,-36366,64563,-11248,0
14961,0,-1,65535,-36366,64563,-11246,0
14962,0,32768,65535,-36366,58939,-43529,0
14963,0,-32768,65535,-36366,65535,21035,0
14964,0,65535,65535,-36366,53316,-65536,0
14965,0,-65536,65535,-36366,65535,53317,0
14966,0,0,-65536,-36366,-64564,11247,0
14967,0,1,-65536,-36366,-64564,11246,0
14968,0,-1,-65536,-36366,-64564,11248,0
14969,0,32768,-65536,-36366,-65536,-21035,0
14970,0,-32768,-65536,-36366,-58940,43529,0
14971,0,65535,-65536,-36366,-65536,-53315,0
14972,0,-65536,-65536,-36366,-53316,65535,0
14973,1,0,0,0,0,0,36366
14974,1,1,0,0,1,0,310
14975,1,-1,0,0,1,0,-64545
14976,1,32768,0,0,32768,0,0
14977,1,-32768,0,0,32768,0,-65536
14978,1,65535,0,0,65535,0,0
14979,1,-65536,0,0,65535,0,-65536
14980,1,0,1,0,1,0,33759
14981,1,1,1,0,2,0,15746
14982,1,-1,1,0,2,0,48514
14983,1,32768,1,0,32768,0,1
14984,1,-32768,1,0,32768,0,65535
14985,1,65535,1,0,65535,0,0
14986,1,-65536,1,0,65535,0,-65536
14987,1,0,-1,0,1,0,-32458
14988,1,1,-1,0,2,0,-17022
14989,1,-1,-1,0,2,0,-49790
14990,1,32768,-1,0,32768,0,-1
14991,1,-32768,-1,0,32768,0,-65535
14992,1,65535,-1,0,65535,0,0
14993,1,-65536,-1,0,65535,0,-65536
14994,1,0,32768,0,32768,0,32768
14995,1,1,32768,0,32768,0,32767
14996,1,-1,32768,0,32768,0,32769
14997,1,32768,32768,0,46341,0,16384
14998,1,-32768,32768,0,46341,0,49152
14999,1,65535,32768,0,65535,0,9672
15000,1,-65536,32768,0,65535,0,55864
15001,1,0,-32768,0,32768,0,-32768
15002,1,1,-32768,0,32768,0,-32767
15003,1,-1,-32768,0,32768,0,-32769
15004,1,32768,-32768,0,46341,0,-16384
15005,1,-32768,-32768,0,46341,0,-49152
15006,1,65535,-32768,0,65535,0,-9672
15007,1,-65536,-32768,0,65535,0,-55864
15008,1,0,65535,0,65535,0,32768
15009,1,1,65535,0,65535,0,32768
15010,1,-1,65535,0,65535,0,32768
15011,1,32768,65535,0,65535,0,23096
15012,1,-32768,65535,0,65535,0,42440
15013,1,65535,65535,0,65535,0,16384
15014,1,-65536,65535,0,65535,0,49152
15015,1,0,-65536,0,65535,0,-32768
15016,1,1,-65536,0,65535,0,-32768
15017,1,-1,-65536,0,65535,0,-32768
15018,1,32768,-65536,0,65535,0,-23096
15019,1,-32768,-65536,0,65535,0,-42440
15020,1,65535,-65536,0,65535,0,-16384
15021,1,-65536,-65536,0,65535,0,-49152
15022,1,0,0,1,0,0,36367
15023,1,1,0,1,1,0,311
15024,1,-1,0,1,1,0,-64544
15025,1,32768,0,1,32768,0,1
15026,1,-32768,0,1,32768,0,-65535
15027,1,65535,0,1,65535,0,1
15028,1,-65536,0,1,65535,0,-65535
15029,1,0,1,1,1,0,33760
15030,1,1,1,1,2,0,15747
15031,1,-1,1,1,2,0,48515
15032,1,32768,1,1,32768,0,2
15033,1,-32768,1,1,32768,0,-65536
15034,1,65535,1,1,65535,0,1
15035,1,-65536,1,1,65535,0,-65535
15036,1,0,-1,1,1,0,-32457
15037,1,1,-1,1,2,0,-17021
15038,1,-1,-1,1,2,0,-49789
15039,1,32768,-1,1,32768,0,0
15040,1,-32768,-1,1,32768,0,-65534
15041,1,65535,-1,1,65535,0,1
15042,1,-65536,-1,1,65535,0,-65535
15043,1,0,32768,1,32768,0,32769
15044,1,1,32768,1,32768,0,32768
15045,1,-1,32768,1,32768,0,32770
15046,1,32768,32768,1,46341,0,16385
15047,1,-32768,32768,1,46341,0,49153
15048,1,65535,32768,1,65535,0,9673
15049,1,-65536,32768,1,65535,0,55865
15050,1,0,-32768,1,32768,0,-32767
15051,1,1,-32768,1,32768,0,-32766
15052,1,-1,-32768,1,32768,0,-32768
15053,1,32768,-32768,1,46341,0,-16383
15054,1,-32768,-32768,1,46341,0,-49151
15055,1,65535,-32768,1,65535,0,-9671
15056,1,-65536,-32768,1,65535,0,-55863
15057,1,0,65535,1,65535,0,32769
15058,1,1,65535,1,65535,0,32769
15059,1,-1,65535,1,65535,0,32769
15060,1,32768,65535,1,65535,0,23097
15061,1,-32768,65535,1,65535,0,42441
15062,1,65535,65535,1,65535,0,16385
15063,1,-65536,65535,1,65535,0,49153
15064,1,0,-65536,1,65535,0,-32767
15065,1,1,-65536,1,65535,0,-32767
15066,1,-1,-65536,1,65535,0,-32767
15067,1,32768,-65536,1,65535,0,-23095
15068,1,-32768,-65536,1,65535,0,-42439
15069,1,65535,-65536,1,65535,0,-16383
15070,1,-65536,-65536,1,65535,0,-49151
15071,1,0,0,-1,0,0,36365
15072,1,1,0,-1,1,0,309
15073,1,-1,0,-1,1,0,-64546
15074,1,32768,0,-1,32768,0,-1
15075,1,-32768,0,-1,32768,0,65535
15076,1,65535,0,-1,65535,0,-1
15077,1,-65536,0,-1,65535,0,65535
15078,1,0,1,-1,1,0,33758
15079,1,1,1,-1,2,0,15745
15080,1,-1,1,-1,2,0,48513
15081,1,32768,1,-1,32768,0,0
15082,1,-32768,1,-1,32768,0,65534
15083,1,65535,1,-1,65535,0,-1
15084,1,-65536,1,-1,65535,0,65535
15085,1,0,-1,-1,1,0,-32459
15086,1,1,-1,-1,2,0,-17023
15087,1,-1,-1,-1,2,0,-49791
15088,1,32768,-1,-1,32768,0,-2
15089,1,-32768,-1,-1,32768,0,-65536
15090,1,65535,-1,-1,65535,0,-1
15091,1,-65536,-1,-1,65535,0,65535
15092,1,0,32768,-1,32768,0,32767
15093,1,1,32768,-1,32768,0,32766
15094,1,-1,32768,-1,32768,0,32768
15095,1,32768,32768,-1,46341,0,16383
15096,1,-32768,32768,-1,46341,0,49151
15097,1,65535,32768,-1,65535,0,9671
15098,1,-65536,32768,-1,65535,0,55863
15099,1,0,-32768,-1,32768,0,-32769
15100,1,1,-32768,-1,32768,0,-32768
15101,1,-1,-32768,-1,32768,0,-32770
15102,1,32768,-32768,-1,46341,0,-16385
15103,1,-32768,-32768,-1,46341,0,-49153
15104,1,65535,-32768,-1,65535,0,-9673
15105,1,-65536,-32768,-1,65535,0,-55865
15106,1,0,65535,-1,65535,0,32767
15107,1,1,65535,-1,65535,0,32767
15108,1,-1,65535,-1,65535,0,32767
15109,1,32768,65535,-1,65535,0,23095
15110,1,-32768,65535,-1,65535,0,42439
15111,1,65535,65535,-1,65535,0,16383
15112,1,-65536,65535,-1,65535,0,49151
15113,1,0,-65536,-1,65535,0,-32769
15114,1,1,-65536,-1,65535,0,-32769
15115,1,-1,-65536,-1,65535,0,-32769
15116,1,32768,-65536,-1,65535,0,-23097
15117,1,-32768,-65536,-1,65535,0,-42441
15118,1,65535,-65536,-1,65535,0,-16385
15119,1,-65536,-65536,-1,65535,0,-49153
15120,1,0,0,32768,0,0,-61938
15121,1,1,0,32768,1,0,33078
15122,1,-1,0,32768,1,0,-31777
15123,1,32768,0,32768,32768,0,32768
15124,1,-32768,0,32768,32768,0,-32768
15125,1,65535,0,32768,65535,0,32768
15126,1,-65536,0,32768,65535,0,-32768
15127,1,0,1,32768,1,0,-64545
15128,1,1,1,32768,2,0,48514
15129,1,-1,1,32768,2,0,-49790
15130,1,32768,1,32768,32768,0,32769
15131,1,-32768,1,32768,32768,0,-32769
15132,1,65535,1,32768,65535,0,32768
15133,1,-65536,1,32768,65535,0,-32768
15134,1,0,-1,32768,1,0,310
15135,1,1,-1,32768,2,0,15746
15136,1,-1,-1,32768,2,0,-17022
15137,1,32768,-1,32768,32768,0,32767
15138,1,-32768,-1,32768,32768,0,-32767
15139,1,65535,-1,32768,65535,0,32768
15140,1,-65536,-1,32768,65535,0,-32768
15141,1,0,32768,32768,32768,0,-65536
15142,1,1,32768,32768,32768,0,65535
15143,1,-1,32768,32768,32768,0,-65535
15144,1,32768,32768,32768,46341,0,49152
15145,1,-32768,32768,32768,46341,0,-49152
15146,1,65535,32768,32768,65535,0,42440
15147,1,-65536,32768,32768,65535,0,-42440
15148,1,0,-32768,32768,32768,0,0
15149,1,1,-32768,32768,32768,0,1
15150,1,-1,-32768,32768,32768,0,-1
15151,1,32768,-32768,32768,46341,0,16384
15152,1,-32768,-32768,32768,46341,0,-16384
15153,1,65535,-32768,32768,65535,0,23096
15154,1,-65536,-32768,32768,65535,0,-23096
15155,1,0,65535,32768,65535,0,-65536
15156,1,1,65535,32768,65535,0,-65536
15157,1,-1,65535,32768,65535,0,-65536
15158,1,32768,65535,32768,65535,0,55864
15159,1,-32768,65535,32768,65535,0,-55864
15160,1,65535,65535,32768,65535,0,49152
15161,1,-65536,65535,32768,65535,0,-49152
15162,1,0,-65536,32768,65535,0,0
15163,1,1,-65536,32768,65535,0,0
15164,1,-1,-65536,32768,65535,0,0
15165,1,32768,-65536,32768,65535,0,9672
15166,1,-32768,-65536,32768,65535,0,-9672
15167,1,65535,-65536,32768,65535,0,16384
15168,1,-65536,-65536,32768,65535,0,-16384
15169,1,0,0,32767,0,0,-61939
15170,1,1,0,32767,1,0,33077
15171,1,-1,0,32767,1,0,-31778
15172,1,32768,0,32767,32768,0,32767
15173,1,-32768,0,32767,32768,0,-32769
15174,1,65535,0,32767,65535,0,32767
15175,1,-65536,0,32767,65535,0,-32769
15176,1,0,1,32767,1,0,-64546
15177,1,1,1,32767,2,0,48513
15178,1,-1,1,32767,2,0,-49791
15179,1,32768,1,32767,32768,0,32768
15180,1,-32768,1,32767,32768,0,-32770
15181,1,65535,1,32767,65535,0,32767
15182,1,-65536,1,32767,65535,0,-32769
15183,1,0,-1,32767,1,0,309
15184,1,1,-1,32767,2,0,15745
15185,1,-1,-1,32767,2,0,-17023
15186,1,32768,-1,32767,32768,0,32766
15187,1,-32768,-1,32767,32768,0,-32768
15188,1,65535,-1,32767,65535,0,32767
15189,1,-65536,-1,32767,65535,0,-32769
15190,1,0,32768,32767,32768,0,65535
15191,1,1,32768,32767,32768,0,65534
15192,1,-1,32768,32767,32768,0,-65536
15193,1,32768,32768,32767,46341,0,49151
15194,1,-32768,32768,32767,46341,0,-49153
15195,1,65535,32768,32767,65535,0,42439
15196,1,-65536,32768,32767,65535,0,-42441
15197,1,0,-32768,32767,32768,0,-1
15198,1,1,-32768,32767,32768,0,0
15199,1,-1,-32768,32767,32768,0,-2
15200,1,32768,-32768,32767,46341,0,16383
15201,1,-32768,-32768,32767,46341,0,-16385
15202,1,65535,-32768,32767,65535,0,23095
15203,1,-65536,-32768,32767,65535,0,-23097
15204,1,0,65535,32767,65535,0,65535
15205,1,1,65535,32767,65535,0,65535
15206,1,-1,65535,32767,65535,0,65535
15207,1,32768,65535,32767,65535,0,55863
15208,1,-32768,65535,32767,65535,0,-55865
15209,1,65535,65535,32767,65535,0,49151
15210,1,-65536,65535,32767,65535,0,-49153
15211,1,0,-65536,32767,65535,0,-1
15212,1,1,-65536,32767,65535,0,-1
15213,1,-1,-65536,32767,65535,0,-1
15214,1,32768,-65536,32767,65535,0,9671
15215,1,-32768,-65536,32767,65535,0,-9673
15216,1,65535,-65536,32767,65535,0,16383
15217,1,-65536,-65536,32767,65535,0,-16385
15218,1,0,0,32769,0,0,-61937
15219,1,1,0,32769,1,0,33079
15220,1,-1,0,32769,1,0,-31776
15221,1,32768,0,32769,32768,0,32769
15222,1,-32768,0,32769,32768,0,-32767
15223,1,65535,0,32769,65535,0,32769
15224,1,-65536,0,32769,65535,0,-32767
15225,1,0,1,32769,1,0,-64544
15226,1,1,1,32769,2,0,48515
15227,1,-1,1,32769,2,0,-49789
15228,1,32768,1,32769,32768,0,32770
15229,1,-32768,1,32769,32768,0,-32768
15230,1,65535,1,32769,65535,0,32769
15231,1,-65536,1,32769,65535,0,-32767
15232,1,0,-1,32769,1,0,311
15233,1,1,-1,32769,2,0,15747
15234,1,-1,-1,32769,2,0,-17021
15235,1,32768,-1,32769,32768,0,32768
15236,1,-32768,-1,32769,32768,0,-32766
15237,1,65535,-1,32769,65535,0,32769
15238,1,-65536,-1,32769,65535,0,-32767
15239,1,0,32768,32769,32768,0,-65535
15240,1,1,32768,32769,32768,0,-65536
15241,1,-1,32768,32769,32768,0,-65534
15242,1,32768,32768,32769,46341,0,49153
15243,1,-32768,32768,32769,46341,0,-49151
15244,1,65535,32768,32769,65535,0,42441
15245,1,-65536,32768,32769,65535,0,-42439
15246,1,0,-32768,32769,32768,0,1
15247,1,1,-32768,32769,32768,0,2
15248,1,-1,-32768,32769,32768,0,0
15249,1,32768,-32768,32769,46341,0,16385
15250,1,-32768,-32768,32769,46341,0,-16383
15251,1,65535,-32768,32769,65535,0,23097
15252,1,-65536,-32768,32769,65535,0,-23095
15253,1,0,65535,32769,65535,0,-65535
15254,1,1,65535,32769,65535,0,-65535
15255,1,-1,65535,32769,65535,0,-65535
15256,1,32768,65535,32769,65535,0,55865
15257,1,-32768,65535,32769,65535,0,-55863
15258,1,65535,65535,32769,65535,0,49153
15259,1,-65536,65535,32769,65535,0,-49151
15260,1,0,-65536,32769,65535,0,1
15261,1,1,-65536,32769,65535,0,1
15262,1,-1,-65536,32769,65535,0,1
15263,1,32768,-65536,32769,65535,0,9673
15264,1,-32768,-65536,32769,65535,0,-9671
15265,1,65535,-65536,32769,65535,0,16385
15266,1,-65536,-65536,32769,65535,0,-16383
15267,1,0,0,-32768,0,0,3598
15268,1,1,0,-32768,1,0,-32458
15269,1,-1,0,-32768,1,0,33759
15270,1,32768,0,-32768,32768,0,-32768
15271,1,-32768,0,-32768,32768,0,32768
15272,1,65535,0,-32768,65535,0,-32768
15273,1,-65536,0,-32768,65535,0,32768
15274,1,0,1,-32768,1,0,991
15275,1,1,1,-32768,2,0,-17022
15276,1,-1,1,-32768,2,0,15746
15277,1,32768,1,-32768,32768,0,-32767
15278,1,-32768,1,-32768,32768,0,32767
15279,1,65535,1,-32768,65535,0,-32768
15280,1,-65536,1,-32768,65535,0,32768
15281,1,0,-1,-32768,1,0,-65226
15282,1,1,-1,-32768,2,0,-49790
15283,1,-1,-1,-32768,2,0,48514
15284,1,32768,-1,-32768,32768,0,-32769
15285,1,-32768,-1,-32768,32768,0,32769
15286,1,65535,-1,-32768,65535,0,-32768
15287,1,-65536,-1,-32768,65535,0,32768
15288,1,0,32768,-32768,32768,0,0
15289,1,1,32768,-32768,32768,0,-1
15290,1,-1,32768,-32768,32768,0,1
15291,1,32768,32768,-32768,46341,0,-16384
15292,1,-32768,32768,-32768,46341,0,16384
15293,1,65535,32768,-32768,65535,0,-23096
15294,1,-65536,32768,-32768,65535,0,23096
15295,1,0,-32768,-32768,32768,0,-65536
15296,1,1,-32768,-32768,32768,0,-65535
15297,1,-1,-32768,-32768,32768,0,65535
15298,1,32768,-32768,-32768,46341,0,-49152
15299,1,-32768,-32768,-32768,46341,0,49152
15300,1,65535,-32768,-32768,65535,0,-42440
15301,1,-65536,-32768,-32768,65535,0,42440
15302,1,0,65535,-32768,65535,0,0
15303,1,1,65535,-32768,65535,0,0
15304,1,-1,65535,-32768,65535,0,0
15305,1,32768,65535,-32768,65535,0,-9672
15306,1,-32768,65535,-32768,65535,0,9672
15307,1,65535,65535,-32768,65535,0,-16384
15308,1,-65536,65535,-32768,65535,0,16384
15309,1,0,-65536,-32768,65535,0,-65536
15310,1,1,-65536,-32768,65535,0,-65536
15311,1,-1,-65536,-32768,65535,0,-65536
15312,1,32768,-65536,-32768,65535,0,-55864
15313,1,-32768,-65536,-32768,65535,0,55864
15314,1,65535,-65536,-32768,65535,0,-49152
15315,1,-65536,-65536,-32768,65535,0,49152
15316,1,0,0,-32769,0,0,3597
15317,1,1,0,-32769,1,0,-32459
15318,1,-1,0,-32769,1,0,33758
15319,1,32768,0,-32769,32768,0,-32769
15320,1,-32768,0,-32769,32768,0,32767
15321,1,65535,0,-32769,65535,0,-32769
15322,1,-65536,0,-32769,65535,0,32767
15323,1,0,1,-32769,1,0,990
15324,1,1,1,-32769,2,0,-17023
15325,1,-1,1,-32769,2,0,15745
15326,1,32768,1,-32769,32768,0,-32768
15327,1,-32768,1,-32769,32768,0,32766
15328,1,65535,1,-32769,65535,0,-32769
15329,1,-65536,1,-32769,65535,0,32767
15330,1,0,-1,-32769,1,0,-65227
15331,1,1,-1,-32769,2,0,-49791
15332,1,-1,-1,-32769,2,0,48513
15333,1,32768,-1,-32769,32768,0,-32770
15334,1,-32768,-1,-32769,32768,0,32768
15335,1,65535,-1,-32769,65535,0,-32769
15336,1,-65536,-1,-32769,65535,0,32767
15337,1,0,32768,-32769,32768,0,-1
15338,1,1,32768,-32769,32768,0,-2
15339,1,-1,32768,-32769,32768,0,0
15340,1,32768,32768,-32769,46341,0,-16385
15341,1,-32768,32768,-32769,46341,0,16383
15342,1,65535,32768,-32769,65535,0,-23097
15343,1,-65536,32768,-32769,65535,0,23095
15344,1,0,-32768,-32769,32768,0,65535
15345,1,1,-32768,-32769,32768,0,-65536
15346,1,-1,-32768,-32769,32768,0,65534
15347,1,32768,-32768,-32769,46341,0,-49153
15348,1,-32768,-32768,-32769,46341,0,49151
15349,1,65535,-32768,-32769,65535,0,-42441
15350,1,-65536,-32768,-32769,65535,0,42439
15351,1,0,65535,-32769,65535,0,-1
15352,1,1,65535,-32769,65535,0,-1
15353,1,-1,65535,-32769,65535,0,-1
15354,1,32768,65535,-32769,65535,0,-9673
15355,1,-32768,65535,-32769,65535,0,9671
15356,1,65535,65535,-32769,65535,0,-16385
15357,1,-65536,65535,-32769,65535,0,16383
15358,1,0,-65536,-32769,65535,0,65535
15359,1,1,-65536,-32769,65535,0,65535
15360,1,-1,-65536,-32769,65535,0,65535
15361,1,32768,-65536,-32769,65535,0,-55865
15362,1,-32768,-65536,-32769,65535,0,55863
15363,1,65535,-65536,-32769,65535,0,-49153
15364,1,-65536,-65536,-32769,65535,0,49151
15365,1,0,0,-32767,0,0,3599
15366,1,1,0,-32767,1,0,-32457
15367,1,-1,0,-32767,1,0,33760
15368,1,32768,0,-32767,32768,0,-32767
15369,1,-32768,0,-32767,32768,0,32769
15370,1,65535,0,-32767,65535,0,-32767
15371,1,-65536,0,-32767,65535,0,32769
15372,1,0,1,-32767,1,0,992
15373,1,1,1,-32767,2,0,-17021
15374,1,-1,1,-32767,2,0,15747
15375,1,32768,1,-32767,32768,0,-32766
15376,1,-32768,1,-32767,32768,0,32768
15377,1,65535,1,-32767,65535,0,-32767
15378,1,-65536,1,-32767,65535,0,32769
15379,1,0,-1,-32767,1,0,-65225
15380,1,1,-1,-32767,2,0,-49789
15381,1,-1,-1,-32767,2,0,48515
15382,1,32768,-1,-32767,32768,0,-32768
15383,1,-32768,-1,-32767,32768,0,32770
15384,1,65535,-1,-32767,65535,0,-32767
15385,1,-65536,-1,-32767,65535,0,32769
15386,1,0,32768,-32767,32768,0,1
15387,1,1,32768,-32767,32768,0,0
15388,1,-1,32768,-32767,32768,0,2
15389,1,32768,32768,-32767,46341,0,-16383
15390,1,-32768,32768,-32767,46341,0,16385
15391,1,65535,32768,-32767,65535,0,-23095
15392,1,-65536,32768,-32767,65535,0,23097
15393,1,0,-32768,-32767,32768,0,-65535
15394,1,1,-32768,-32767,32768,0,-65534
15395,1,-1,-32768,-32767,32768,0,-65536
15396,1,32768,-32768,-32767,46341,0,-49151
15397,1,-32768,-32768,-32767,46341,0,49153
15398,1,65535,-32768,-32767,65535,0,-42439
15399,1,-65536,-32768,-32767,65535,0,42441
15400,1,0,65535,-32767,65535,0,1
15401,1,1,65535,-32767,65535,0,1
15402,1,-1,65535,-32767,65535,0,1
15403,1,32768,65535,-32767,65535,0,-9671
15404,1,-32768,65535,-32767,65535,0,9673
15405,1,65535,65535,-32767,65535,0,-16383
15406,1,-65536,65535,-32767,65535,0,16385
15407,1,0,-65536,-32767,65535,0,-65535
15408,1,1,-65536,-32767,65535,0,-65535
15409,1,-1,-65536,-32767,65535,0,-65535
15410,1,32768,-65536,-32767,65535,0,-55863
15411,1,-32768,-65536,-32767,65535,0,55865
15412,1,65535,-65536,-32767,65535,0,-49151
15413,1,-65536,-65536,-32767,65535,0,49153
15414,1,0,0,65535,0,0,-29171
15415,1,1,0,65535,1,0,-65227
15416,1,-1,0,65535,1,0,990
15417,1,32768,0,65535,32768,0,65535
15418,1,-32768,0,65535,32768,0,-1
15419,1,65535,0,65535,65535,0,65535
15420,1,-65536,0,65535,65535,0,-1
15421,1,0,1,65535,1,0,-31778
15422,1,1,1,65535,2,0,-49791
15423,1,-1,1,65535,2,0,-17023
15424,1,32768,1,65535,32768,0,-65536
15425,1,-32768,1,65535,32768,0,-2
15426,1,65535,1,65535,65535,0,65535
15427,1,-65536,1,65535,65535,0,-1
15428,1,0,-1,65535,1,0,33077
15429,1,1,-1,65535,2,0,48513
15430,1,-1,-1,65535,2,0,15745
15431,1,32768,-1,65535,32768,0,65534
15432,1,-32768,-1,65535,32768,0,0
15433,1,65535,-1,65535,65535,0,65535
15434,1,-65536,-1,65535,65535,0,-1
15435,1,0,32768,65535,32768,0,-32769
15436,1,1,32768,65535,32768,0,-32770
15437,1,-1,32768,65535,32768,0,-32768
15438,1,32768,32768,65535,46341,0,-49153
15439,1,-32768,32768,65535,46341,0,-16385
15440,1,65535,32768,65535,65535,0,-55865
15441,1,-65536,32768,65535,65535,0,-9673
15442,1,0,-32768,65535,32768,0,32767
15443,1,1,-32768,65535,32768,0,32768
15444,1,-1,-32768,65535,32768,0,32766
15445,1,32768,-32768,65535,46341,0,49151
15446,1,-32768,-32768,65535,46341,0,16383
15447,1,65535,-32768,65535,65535,0,55863
15448,1,-65536,-32768,65535,65535,0,9671
15449,1,0,65535,65535,65535,0,-32769
15450,1,1,65535,65535,65535,0,-32769
15451,1,-1,65535,65535,65535,0,-32769
15452,1,32768,65535,65535,65535,0,-42441
15453,1,-32768,65535,65535,65535,0,-23097
15454,1,65535,65535,65535,65535,0,-49153
15455,1,-65536,65535,65535,65535,0,-16385
15456,1,0,-65536,65535,65535,0,32767
15457,1,1,-65536,65535,65535,0,32767
15458,1,-1,-65536,65535,65535,0,32767
15459,1,32768,-65536,65535,65535,0,42439
15460,1,-32768,-65536,65535,65535,0,23095
15461,1,65535,-65536,65535,65535,0,49151
15462,1,-65536,-65536,65535,65535,0,16383
15463,1,0,0,-65536,0,0,-29170
15464,1,1,0,-65536,1,0,-65226
15465,1,-1,0,-65536,1,0,991
15466,1,32768,0,-65536,32768,0,-65536
15467,1,-32768,0,-65536,32768,0,0
15468,1,65535,0,-65536,65535,0,-65536
15469,1,-65536,0,-65536,65535,0,0
15470,1,0,1,-65536,1,0,-31777
15471,1,1,1,-65536,2,0,-49790
15472,1,-1,1,-65536,2,0,-17022
15473,1,32768,1,-65536,32768,0,-65535
15474,1,-32768,1,-65536,32768,0,-1
15475,1,65535,1,-65536,65535,0,-65536
15476,1,-65536,1,-65536,65535,0,0
15477,1,0,-1,-65536,1,0,33078
15478,1,1,-1,-65536,2,0,48514
15479,1,-1,-1,-65536,2,0,15746
15480,1,32768,-1,-65536,32768,0,65535
15481,1,-32768,-1,-65536,32768,0,1
15482,1,65535,-1,-65536,65535,0,-65536
15483,1,-65536,-1,-65536,65535,0,0
15484,1,0,32768,-65536,32768,0,-32768
15485,1,1,32768,-65536,32768,0,-32769
15486,1,-1,32768,-65536,32768,0,-32767
15487,1,32768,32768,-65536,46341,0,-49152
15488,1,-32768,32768,-65536,46341,0,-16384
15489,1,65535,32768,-65536,65535,0,-55864
15490,1,-65536,32768,-65536,65535,0,-9672
15491,1,0,-32768,-65536,32768,0,32768
15492,1,1,-32768,-65536,32768,0,32769
15493,1,-1,-32768,-65536,32768,0,32767
15494,1,32768,-32768,-65536,46341,0,49152
15495,1,-32768,-32768,-65536,46341,0,16384
15496,1,65535,-32768,-65536,65535,0,55864
15497,1,-65536,-32768,-65536,65535,0,9672
15498,1,0,65535,-65536,65535,0,-32768
15499,1,1,65535,-65536,65535,0,-32768
15500,1,-1,65535,-65536,65535,0,-32768
15501,1,32768,65535,-65536,65535,0,-42440
15502,1,-32768,65535,-65536,65535,0,-23096
15503,1,65535,65535,-65536,65535,0,-49152
15504,1,-65536,65535,-65536,65535,0,-16384
15505,1,0,-65536,-65536,65535,0,32768
15506,1,1,-65536,-65536,65535,0,32768
15507,1,-1,-65536,-65536,65535,0,32768
15508,1,32768,-65536,-65536,65535,0,42440
15509,1,-32768,-65536,-65536,65535,0,23096
15510,1,65535,-65536,-65536,65535,0,49152
15511,1,-65536,-65536,-65536,65535,0,16384
15512,1,0,0,36366,0,0,-58340
15513,1,1,0,36366,1,0,36676
15514,1,-1,0,36366,1,0,-28179
15515,1,32768,0,36366,32768,0,36366
15516,1,-32768,0,36366,32768,0,-29170
15517,1,65535,0,36366,65535,0,36366
15518,1,-65536,0,36366,65535,0,-29170
15519,1,0,1,36366,1,0,-60947
15520,1,1,1,36366,2,0,52112
15521,1,-1,1,36366,2,0,-46192
15522,1,32768,1,36366,32768,0,36367
15523,1,-32768,1,36366,32768,0,-29171
15524,1,65535,1,36366,65535,0,36366
15525,1,-65536,1,36366,65535,0,-29170
15526,1,0,-1,36366,1,0,3908
15527,1,1,-1,36366,2,0,19344
15528,1,-1,-1,36366,2,0,-13424
15529,1,32768,-1,36366,32768,0,36365
15530,1,-32768,-1,36366,32768,0,-29169
15531,1,65535,-1,36366,65535,0,36366
15532,1,-65536,-1,36366,65535,0,-29170
15533,1,0,32768,36366,32768,0,-61938
15534,1,1,32768,36366,32768,0,-61939
15535,1,-1,32768,36366,32768,0,-61937
15536,1,32768,32768,36366,46341,0,52750
15537,1,-32768,32768,36366,46341,0,-45554
15538,1,65535,32768,36366,65535,0,46038
15539,1,-65536,32768,36366,65535,0,-38842
15540,1,0,-32768,36366,32768,0,3598
15541,1,1,-32768,36366,32768,0,3599
15542,1,-1,-32768,36366,32768,0,3597
15543,1,32768,-32768,36366,46341,0,19982
15544,1,-32768,-32768,36366,46341,0,-12786
15545,1,65535,-32768,36366,65535,0,26694
15546,1,-65536,-32768,36366,65535,0,-19498
15547,1,0,65535,36366,65535,0,-61938
15548,1,1,65535,36366,65535,0,-61938
15549,1,-1,65535,36366,65535,0,-61938
15550,1,32768,65535,36366,65535,0,59462
15551,1,-32768,65535,36366,65535,0,-52266
15552,1,65535,65535,36366,65535,0,52750
15553,1,-65536,65535,36366,65535,0,-45554
15554,1,0,-65536,36366,65535,0,3598
15555,1,1,-65536,36366,65535,0,3598
15556,1,-1,-65536,36366,65535,0,3598
15557,1,32768,-65536,36366,65535,0,13270
15558,1,-32768,-65536,36366,65535,0,-6074
15559,1,65535,-65536,36366,65535,0,19982
15560,1,-65536,-65536,36366,65535,0,-12786
15561,1,0,0,-36366,0,0,0
15562,1,1,0,-36366,1,0,-36056
15563,1,-1,0,-36366,1,0,30161
15564,1,32768,0,-36366,32768,0,-36366
15565,1,-32768,0,-36366,32768,0,29170
15566,1,65535,0,-36366,65535,0,-36366
15567,1,-65536,0,-36366,65535,0,29170
15568,1,0,1,-36366,1,0,-2607
15569,1,1,1,-36366,2,0,-20620
15570,1,-1,1,-36366,2,0,12148
15571,1,32768,1,-36366,32768,0,-36365
15572,1,-32768,1,-36366,32768,0,29169
15573,1,65535,1,-36366,65535,0,-36366
15574,1,-65536,1,-36366,65535,0,29170
15575,1,0,-1,-36366,1,0,62248
15576,1,1,-1,-36366,2,0,-53388
15577,1,-1,-1,-36366,2,0,44916
15578,1,32768,-1,-36366,32768,0,-36367
15579,1,-32768,-1,-36366,32768,0,29171
15580,1,65535,-1,-36366,65535,0,-36366
15581,1,-65536,-1,-36366,65535,0,29170
15582,1,0,32768,-36366,32768,0,-3598
15583,1,1,32768,-36366,32768,0,-3599
15584,1,-1,32768,-36366,32768,0,-3597
15585,1,32768,32768,-36366,46341,0,-19982
15586,1,-32768,32768,-36366,46341,0,12786
15587,1,65535,32768,-36366,65535,0,-26694
15588,1,-65536,32768,-36366,65535,0,19498
15589,1,0,-32768,-36366,32768,0,61938
15590,1,1,-32768,-36366,32768,0,61939
15591,1,-1,-32768,-36366,32768,0,61937
15592,1,32768,-32768,-36366,46341,0,-52750
15593,1,-32768,-32768,-36366,46341,0,45554
15594,1,65535,-32768,-36366,65535,0,-46038
15595,1,-65536,-32768,-36366,65535,0,38842
15596,1,0,65535,-36366,65535,0,-3598
15597,1,1,65535,-36366,65535,0,-3598
15598,1,-1,65535,-36366,65535,0,-3598
15599,1,32768,65535,-36366,65535,0,-13270
15600,1,-32768,65535,-36366,65535,0,6074
15601,1,65535,65535,-36366,65535,0,-19982
15602,1,-65536,65535,-36366,65535,0,12786
15603,1,0,-65536,-36366,65535,0,61938
15604,1,1,-65536,-36366,65535,0,61938
15605,1,-1,-65536,-36366,65535,0,61938
15606,1,32768,-65536,-36366,65535,0,-59462
15607,1,-32768,-65536,-36366,65535,0,52266
15608,1,65535,-65536,-36366,65535,0,-52750
15609,1,-65536,-65536,-36366,65535,0,45554
