seq,mode,x,y,z,xo,yo,zo
0,0,32768,0,-65536,-32768,10,6
1,0,32768,0,-65504,-32768,-54,-3
2,0,32768,0,-65472,-32768,-86,9
3,0,32768,0,-65440,-32768,-150,0
4,0,32768,0,-65408,-32767,-214,-9
5,0,32768,0,-65376,-32767,-246,3
6,0,32768,0,-65344,-32767,-310,-6
7,0,32768,0,-65312,-32766,-342,6
8,0,32768,0,-65280,-32765,-406,-3
9,0,32768,0,-65248,-32765,-438,9
10,0,32768,0,-65216,-32764,-502,1
11,0,32768,0,-65184,-32763,-566,-8
12,0,32768,0,-65152,-32763,-598,3
13,0,32768,0,-65120,-32761,-662,-5
14,0,32768,0,-65088,-32761,-694,6
15,0,32768,0,-65056,-32759,-758,-2
16,0,32768,0,-65024,-32759,-790,9
17,0,32768,0,-64992,-32757,-854,0
18,0,32768,0,-64960,-32755,-918,-8
19,0,32768,0,-64928,-32754,-950,3
20,0,32768,0,-64896,-32753,-1014,-5
21,0,32768,0,-64864,-32751,-1046,6
22,0,32768,0,-64832,-32749,-1110,-3
23,0,32768,0,-64800,-32748,-1142,9
24,0,32768,0,-64768,-32746,-1206,0
25,0,32768,0,-64736,-32744,-1269,-8
26,0,32768,0,-64704,-32742,-1301,3
27,0,32768,0,-64672,-32740,-1365,-6
28,0,32768,0,-64640,-32738,-1397,6
29,0,32768,0,-64608,-32735,-1461,-3
30,0,32768,0,-64576,-32734,-1493,9
31,0,32768,0,-64544,-32731,-1557,0
32,0,32768,0,-64512,-32728,-1621,-8
33,0,32768,0,-64480,-32726,-1653,3
34,0,32768,0,-64448,-32723,-1717,-6
35,0,32768,0,-64416,-32721,-1749,6
36,0,32768,0,-64384,-32718,-1813,-3
37,0,32768,0,-64352,-32716,-1845,9
38,0,32768,0,-64320,-32712,-1909,0
39,0,32768,0,-64288,-32708,-1973,-9
40,0,32768,0,-64256,-32706,-2005,3
41,0,32768,0,-64224,-32703,-2068,-6
42,0,32768,0,-64192,-32701,-2100,6
43,0,32768,0,-64160,-32696,-2164,-3
44,0,32768,0,-64128,-32694,-2196,9
45,0,32768,0,-64096,-32690,-2260,0
46,0,32768,0,-64064,-32685,-2324,-9
47,0,32768,0,-64032,-32683,-2356,3
48,0,32768,0,-64000,-32678,-2420,-6
49,0,32768,0,-63968,-32676,-2452,6
50,0,32768,0,-63936,-32671,-2515,-3
51,0,32768,0,-63904,-32667,-2575,-9
52,0,32768,0,-63872,-32664,-2607,3
53,0,32768,0,-63840,-32659,-2670,-6
54,0,32768,0,-63808,-32657,-2702,6
55,0,32768,0,-63776,-32651,-2766,-3
56,0,32768,0,-63744,-32648,-2798,9
57,0,32768,0,-63712,-32643,-2862,0
58,0,32768,0,-63680,-32637,-2926,-9
59,0,32768,0,-63648,-32634,-2957,3
60,0,32768,0,-63616,-32629,-3021,-6
61,0,32768,0,-63584,-32626,-3053,6
62,0,32768,0,-63552,-32619,-3117,-3
63,0,32768,0,-63520,-32616,-3149,8
64,0,32768,0,-63488,-32610,-3212,0
65,0,32768,0,-63456,-32604,-3276,-9
66,0,32768,0,-63424,-32601,-3308,3
67,0,32768,0,-63392,-32594,-3372,-6
68,0,32768,0,-63360,-32591,-3403,5
69,0,32768,0,-63328,-32584,-3467,-3
70,0,32768,0,-63296,-32581,-3499,8
71,0,32768,0,-63264,-32574,-3562,0
72,0,32768,0,-63232,-32567,-3626,-9
73,0,32768,0,-63200,-32563,-3658,3
74,0,32768,0,-63168,-32556,-3721,-6
75,0,32768,0,-63136,-32552,-3753,5
76,0,32768,0,-63104,-32545,-3817,-3
77,0,32768,0,-63072,-32541,-3849,8
78,0,32768,0,-63040,-32534,-3912,0
79,0,32768,0,-63008,-32526,-3976,-9
80,0,32768,0,-62976,-32522,-4008,2
81,0,32768,0,-62944,-32514,-4071,-6
82,0,32768,0,-62912,-32510,-4103,5
83,0,32768,0,-62880,-32502,-4166,-3
84,0,32768,0,-62848,-32498,-4198,8
85,0,32768,0,-62816,-32490,-4261,-1
86,0,32768,0,-62784,-32481,-4325,-9
87,0,32768,0,-62752,-32477,-4357,2
88,0,32768,0,-62720,-32469,-4420,-6
89,0,32768,0,-62688,-32464,-4452,5
90,0,32768,0,-62656,-32455,-4515,-4
91,0,32768,0,-62624,-32451,-4546,9
92,0,32768,0,-62592,-32442,-4609,0
93,0,32768,0,-62560,-32433,-4673,-9
94,0,32768,0,-62528,-32429,-4705,3
95,0,32768,0,-62496,-32419,-4768,-6
96,0,32768,0,-62464,-32415,-4799,6
97,0,32768,0,-62432,-32405,-4863,-3
98,0,32768,0,-62400,-32400,-4895,8
99,0,32768,0,-62368,-32391,-4958,0
100,0,32768,0,-62336,-32381,-5021,-9
101,0,32768,0,-62304,-32376,-5053,3
102,0,32768,0,-62272,-32366,-5116,-6
103,0,32768,0,-62240,-32361,-5147,5
104,0,32768,0,-62208,-32351,-5211,-3
105,0,32768,0,-62176,-32346,-5242,8
106,0,32768,0,-62144,-32336,-5305,0
107,0,32768,0,-62112,-32325,-5369,-9
108,0,32768,0,-62080,-32320,-5400,2
109,0,32768,0,-62048,-32309,-5463,-6
110,0,32768,0,-62016,-32304,-5495,5
111,0,32768,0,-61984,-32293,-5558,-3
112,0,32768,0,-61952,-32288,-5589,8
113,0,32768,0,-61920,-32277,-5652,0
114,0,32768,0,-61888,-32266,-5715,-9
115,0,32768,0,-61856,-32260,-5747,2
116,0,32768,0,-61824,-32249,-5810,-6
117,0,32768,0,-61792,-32243,-5841,5
118,0,32768,0,-61760,-32232,-5904,-3
119,0,32768,0,-61728,-32226,-5936,8
120,0,32768,0,-61696,-32214,-5999,-1
121,0,32768,0,-61664,-32203,-6062,-9
122,0,32768,0,-61632,-32197,-6093,2
123,0,32768,0,-61600,-32185,-6156,-6
124,0,32768,0,-61568,-32179,-6187,5
125,0,32768,0,-61536,-32166,-6250,-4
126,0,32768,0,-61504,-32160,-6282,8
127,0,32768,0,-61472,-32148,-6345,-1
128,0,32768,0,-61440,-32135,-6407,-9
129,0,32768,0,-61408,-32129,-6439,2
130,0,32768,0,-61376,-32116,-6502,-7
131,0,32768,0,-61344,-32110,-6533,5
132,0,32768,0,-61312,-32098,-6591,-1
133,0,32768,0,-61280,-32085,-6654,-9
134,0,32768,0,-61248,-32079,-6685,2
135,0,32768,0,-61216,-32066,-6748,-7
136,0,32768,0,-61184,-32059,-6779,5
137,0,32768,0,-61152,-32046,-6842,-4
138,0,32768,0,-61120,-32039,-6873,8
139,0,32768,0,-61088,-32026,-6935,-1
140,0,32768,0,-61056,-32012,-6998,-10
141,0,32768,0,-61024,-32005,-7029,2
142,0,32768,0,-60992,-31991,-7092,-7
143,0,32768,0,-60960,-31984,-7123,5
144,0,32768,0,-60928,-31971,-7185,-4
145,0,32768,0,-60896,-31963,-7217,8
146,0,32768,0,-60864,-31949,-7279,-1
147,0,32768,0,-60832,-31935,-7342,-10
148,0,32768,0,-60800,-31928,-7373,2
149,0,32768,0,-60768,-31913,-7435,-7
150,0,32768,0,-60736,-31906,-7466,5
151,0,32768,0,-60704,-31891,-7529,-4
152,0,32768,0,-60672,-31884,-7559,8
153,0,32768,0,-60640,-31869,-7622,-1
154,0,32768,0,-60608,-31854,-7684,-10
155,0,32768,0,-60576,-31847,-7715,2
156,0,32768,0,-60544,-31832,-7777,-7
157,0,32768,0,-60512,-31824,-7808,5
158,0,32768,0,-60480,-31809,-7871,-4
159,0,32768,0,-60448,-31801,-7902,8
160,0,32768,0,-60416,-31785,-7964,-1
161,0,32768,0,-60384,-31770,-8026,-10
162,0,32768,0,-60352,-31762,-8057,2
163,0,32768,0,-60320,-31746,-8119,-7
164,0,32768,0,-60288,-31738,-8150,5
165,0,32768,0,-60256,-31722,-8212,-4
166,0,32768,0,-60224,-31714,-8243,8
167,0,32768,0,-60192,-31698,-8305,-1
168,0,32768,0,-60160,-31682,-8367,-10
169,0,32768,0,-60128,-31674,-8398,2
170,0,32768,0,-60096,-31657,-8459,-7
171,0,32768,0,-60064,-31649,-8490,5
172,0,32768,0,-60032,-31633,-8551,-4
173,0,32768,0,-60000,-31624,-8582,8
174,0,32768,0,-59968,-31607,-8644,-1
175,0,32768,0,-59936,-31590,-8706,-10
176,0,32768,0,-59904,-31582,-8737,2
177,0,32768,0,-59872,-31565,-8798,-7
178,0,32768,0,-59840,-31556,-8829,5
179,0,32768,0,-59808,-31539,-8891,-4
180,0,32768,0,-59776,-31530,-8922,8
181,0,32768,0,-59744,-31513,-8983,-1
182,0,32768,0,-59712,-31495,-9045,-10
183,0,32768,0,-59680,-31486,-9075,2
184,0,32768,0,-59648,-31468,-9137,-7
185,0,32768,0,-59616,-31459,-9168,5
186,0,32768,0,-59584,-31441,-9229,-4
187,0,32768,0,-59552,-31432,-9260,8
188,0,32768,0,-59520,-31414,-9321,-1
189,0,32768,0,-59488,-31396,-9383,-10
190,0,32768,0,-59456,-31387,-9413,2
191,0,32768,0,-59424,-31368,-9474,-7
192,0,32768,0,-59392,-31359,-9505,5
193,0,32768,0,-59360,-31341,-9566,-4
194,0,32768,0,-59328,-31331,-9597,8
195,0,32768,0,-59296,-31312,-9658,-1
196,0,32768,0,-59264,-31293,-9719,-10
197,0,32768,0,-59232,-31284,-9750,2
198,0,32768,0,-59200,-31265,-9811,-7
199,0,32768,0,-59168,-31255,-9841,5
200,0,32768,0,-59136,-31236,-9902,-4
201,0,32768,0,-59104,-31226,-9933,8
202,0,32768,0,-59072,-31207,-9994,-1
203,0,32768,0,-59040,-31187,-10055,-10
204,0,32768,0,-59008,-31177,-10085,2
205,0,32768,0,-58976,-31158,-10146,-7
206,0,32768,0,-58944,-31148,-10177,5
207,0,32768,0,-58912,-31128,-10237,-4
208,0,32768,0,-58880,-31118,-10268,7
209,0,32768,0,-58848,-31098,-10329,-1
210,0,32768,0,-58816,-31086,-10365,6
211,0,32768,0,-58784,-31065,-10426,-3
212,0,32768,0,-58752,-31055,-10457,9
213,0,32768,0,-58720,-31035,-10517,0
214,0,32768,0,-58688,-31014,-10578,-9
215,0,32768,0,-58656,-31004,-10608,3
216,0,32768,0,-58624,-30983,-10669,-6
217,0,32768,0,-58592,-30972,-10699,6
218,0,32768,0,-58560,-30951,-10759,-3
219,0,32768,0,-58528,-30941,-10789,9
220,0,32768,0,-58496,-30920,-10850,0
221,0,32768,0,-58464,-30898,-10910,-9
222,0,32768,0,-58432,-30888,-10941,3
223,0,32768,0,-58400,-30866,-11001,-6
224,0,32768,0,-58368,-30856,-11031,6
225,0,32768,0,-58336,-30834,-11091,-3
226,0,32768,0,-58304,-30823,-11121,8
227,0,32768,0,-58272,-30801,-11182,0
228,0,32768,0,-58240,-30780,-11242,-9
229,0,32768,0,-58208,-30769,-11272,3
230,0,32768,0,-58176,-30746,-11332,-6
231,0,32768,0,-58144,-30735,-11362,6
232,0,32768,0,-58112,-30713,-11422,-3
233,0,32768,0,-58080,-30702,-11452,8
234,0,32768,0,-58048,-30680,-11512,0
235,0,32768,0,-58016,-30657,-11572,-9
236,0,32768,0,-57984,-30646,-11602,3
237,0,32768,0,-57952,-30623,-11661,-6
238,0,32768,0,-57920,-30612,-11691,5
239,0,32768,0,-57888,-30589,-11751,-3
240,0,32768,0,-57856,-30577,-11781,8
241,0,32768,0,-57824,-30554,-11841,0
242,0,32768,0,-57792,-30531,-11900,-9
243,0,32768,0,-57760,-30519,-11930,2
244,0,32768,0,-57728,-30496,-11990,-6
245,0,32768,0,-57696,-30484,-12019,5
246,0,32768,0,-57664,-30460,-12079,-3
247,0,32768,0,-57632,-30449,-12109,8
248,0,32768,0,-57600,-30425,-12167,0
249,0,32768,0,-57568,-30402,-12227,-9
250,0,32768,0,-57536,-30390,-12257,3
251,0,32768,0,-57504,-30366,-12316,-6
252,0,32768,0,-57472,-30354,-12346,6
253,0,32768,0,-57440,-30329,-12405,-3
254,0,32768,0,-57408,-30317,-12434,9
255,0,32768,0,-57376,-30293,-12494,0
256,0,32768,0,-57344,-30268,-12553,-9
257,0,32768,0,-57312,-30256,-12582,3
258,0,32768,0,-57280,-30232,-12641,-6
259,0,32768,0,-57248,-30219,-12671,6
260,0,32768,0,-57216,-30194,-12730,-3
261,0,32768,0,-57184,-30182,-12759,8
262,0,32768,0,-57152,-30157,-12818,0
263,0,32768,0,-57120,-30132,-12877,-9
264,0,32768,0,-57088,-30119,-12907,3
265,0,32768,0,-57056,-30094,-12966,-6
266,0,32768,0,-57024,-30081,-12995,5
267,0,32768,0,-56992,-30056,-13054,-3
268,0,32768,0,-56960,-30043,-13083,8
269,0,32768,0,-56928,-30018,-13141,0
270,0,32768,0,-56896,-29992,-13200,-9
271,0,32768,0,-56864,-29979,-13229,3
272,0,32768,0,-56832,-29953,-13288,-6
273,0,32768,0,-56800,-29940,-13317,5
274,0,32768,0,-56768,-29914,-13376,-3
275,0,32768,0,-56736,-29901,-13405,8
276,0,32768,0,-56704,-29875,-13463,0
277,0,32768,0,-56672,-29848,-13521,-9
278,0,32768,0,-56640,-29835,-13551,2
279,0,32768,0,-56608,-29808,-13609,-6
280,0,32768,0,-56576,-29795,-13638,5
281,0,32768,0,-56544,-29769,-13696,-3
282,0,32768,0,-56512,-29755,-13725,8
283,0,32768,0,-56480,-29728,-13783,-1
284,0,32768,0,-56448,-29701,-13841,-9
285,0,32768,0,-56416,-29688,-13870,2
286,0,32768,0,-56384,-29661,-13928,-6
287,0,32768,0,-56352,-29647,-13957,5
288,0,32768,0,-56320,-29619,-14015,-4
289,0,32768,0,-56288,-29594,-14069,-9
290,0,32768,0,-56256,-29580,-14098,2
291,0,32768,0,-56224,-29553,-14155,-6
292,0,32768,0,-56192,-29539,-14184,5
293,0,32768,0,-56160,-29511,-14242,-4
294,0,32768,0,-56128,-29497,-14271,8
295,0,32768,0,-56096,-29469,-14328,-1
296,0,32768,0,-56064,-29441,-14386,-9
297,0,32768,0,-56032,-29427,-14415,2
298,0,32768,0,-56000,-29399,-14472,-7
299,0,32768,0,-55968,-29385,-14501,5
300,0,32768,0,-55936,-29357,-14558,-4
301,0,32768,0,-55904,-29342,-14587,8
302,0,32768,0,-55872,-29314,-14644,-1
303,0,32768,0,-55840,-29285,-14701,-10
304,0,32768,0,-55808,-29271,-14730,2
305,0,32768,0,-55776,-29242,-14787,-7
306,0,32768,0,-55744,-29227,-14816,5
307,0,32768,0,-55712,-29198,-14873,-4
308,0,32768,0,-55680,-29184,-14901,8
309,0,32768,0,-55648,-29155,-14958,-1
310,0,32768,0,-55616,-29126,-15015,-10
311,0,32768,0,-55584,-29111,-15043,2
312,0,32768,0,-55552,-29081,-15100,-7
313,0,32768,0,-55520,-29067,-15129,5
314,0,32768,0,-55488,-29037,-15185,-4
315,0,32768,0,-55456,-29022,-15214,8
316,0,32768,0,-55424,-28992,-15270,-1
317,0,32768,0,-55392,-28962,-15327,-10
318,0,32768,0,-55360,-28947,-15355,2
319,0,32768,0,-55328,-28918,-15412,-7
320,0,32768,0,-55296,-28902,-15440,5
321,0,32768,0,-55264,-28872,-15496,-4
322,0,32768,0,-55232,-28857,-15525,8
323,0,32768,0,-55200,-28827,-15581,-1
324,0,32768,0,-55168,-28796,-15637,-10
325,0,32768,0,-55136,-28781,-15665,2
326,0,32768,0,-55104,-28750,-15722,-7
327,0,32768,0,-55072,-28735,-15750,5
328,0,32768,0,-55040,-28704,-15806,-4
329,0,32768,0,-55008,-28688,-15834,8
330,0,32768,0,-54976,-28658,-15889,-1
331,0,32768,0,-54944,-28627,-15945,-9
332,0,32768,0,-54912,-28611,-15973,2
333,0,32768,0,-54880,-28580,-16029,-7
334,0,32768,0,-54848,-28564,-16057,5
335,0,32768,0,-54816,-28533,-16113,-4
336,0,32768,0,-54784,-28517,-16140,8
337,0,32768,0,-54752,-28486,-16196,-1
338,0,32768,0,-54720,-28454,-16252,-10
339,0,32768,0,-54688,-28438,-16280,2
340,0,32768,0,-54656,-28406,-16335,-7
341,0,32768,0,-54624,-28390,-16363,5
342,0,32768,0,-54592,-28358,-16418,-4
343,0,32768,0,-54560,-28342,-16446,8
344,0,32768,0,-54528,-28310,-16501,-1
345,0,32768,0,-54496,-28278,-16556,-10
346,0,32768,0,-54464,-28261,-16584,2
347,0,32768,0,-54432,-28229,-16639,-7
348,0,32768,0,-54400,-28213,-16667,5
349,0,32768,0,-54368,-28180,-16722,-4
350,0,32768,0,-54336,-28164,-16749,8
351,0,32768,0,-54304,-28131,-16804,-1
352,0,32768,0,-54272,-28098,-16859,-10
353,0,32768,0,-54240,-28082,-16887,2
354,0,32768,0,-54208,-28049,-16942,-7
355,0,32768,0,-54176,-28032,-16969,5
356,0,32768,0,-54144,-27999,-17024,-4
357,0,32768,0,-54112,-27982,-17051,8
358,0,32768,0,-54080,-27949,-17106,-1
359,0,32768,0,-54048,-27915,-17160,-10
360,0,32768,0,-54016,-27899,-17187,2
361,0,32768,0,-53984,-27865,-17242,-7
362,0,32768,0,-53952,-27848,-17269,5
363,0,32768,0,-53920,-27814,-17323,-4
364,0,32768,0,-53888,-27797,-17351,8
365,0,32768,0,-53856,-27764,-17405,-1
366,0,32768,0,-53824,-27729,-17459,-10
367,0,32768,0,-53792,-27712,-17486,2
368,0,32768,0,-53760,-27678,-17540,-7
369,0,32768,0,-53728,-27661,-17567,5
370,0,32768,0,-53696,-27629,-17617,-1
371,0,32768,0,-53664,-27595,-17671,-10
372,0,32768,0,-53632,-27578,-17698,2
373,0,32768,0,-53600,-27543,-17752,-7
374,0,32768,0,-53568,-27525,-17779,4
375,0,32768,0,-53536,-27491,-17833,-4
376,0,32768,0,-53504,-27473,-17860,7
377,0,32768,0,-53472,-27438,-17913,-1
378,0,32768,0,-53440,-27403,-17967,-10
379,0,32768,0,-53408,-27386,-17994,1
380,0,32768,0,-53376,-27351,-18047,-7
381,0,32768,0,-53344,-27333,-18074,4
382,0,32768,0,-53312,-27297,-18127,-4
383,0,32768,0,-53280,-27280,-18154,7
384,0,32768,0,-53248,-27244,-18207,-2
385,0,32768,0,-53216,-27227,-18234,10
386,0,32768,0,-53184,-27191,-18287,1
387,0,32768,0,-53152,-27155,-18340,-7
388,0,32768,0,-53120,-27137,-18366,4
389,0,32768,0,-53088,-27101,-18419,-5
390,0,32768,0,-53056,-27083,-18446,7
391,0,32768,0,-53024,-27047,-18498,-2
392,0,32768,0,-52992,-27029,-18525,10
393,0,32768,0,-52960,-26993,-18578,1
394,0,32768,0,-52928,-26956,-18630,-7
395,0,32768,0,-52896,-26938,-18657,4
396,0,32768,0,-52864,-26902,-18709,-5
397,0,32768,0,-52832,-26883,-18736,7
398,0,32768,0,-52800,-26847,-18788,-2
399,0,32768,0,-52768,-26828,-18814,10
400,0,32768,0,-52736,-26792,-18866,1
401,0,32768,0,-52704,-26755,-18919,-8
402,0,32768,0,-52672,-26736,-18945,4
403,0,32768,0,-52640,-26699,-18997,-5
404,0,32768,0,-52608,-26681,-19023,7
405,0,32768,0,-52576,-26643,-19075,-2
406,0,32768,0,-52544,-26625,-19101,10
407,0,32768,0,-52512,-26587,-19153,1
408,0,32768,0,-52480,-26550,-19205,-8
409,0,32768,0,-52448,-26531,-19231,4
410,0,32768,0,-52416,-26494,-19282,-4
411,0,32768,0,-52384,-26475,-19308,7
412,0,32768,0,-52352,-26437,-19360,-1
413,0,32768,0,-52320,-26400,-19412,-10
414,0,32768,0,-52288,-26381,-19437,1
415,0,32768,0,-52256,-26343,-19489,-7
416,0,32768,0,-52224,-26324,-19514,4
417,0,32768,0,-52192,-26285,-19566,-4
418,0,32768,0,-52160,-26266,-19592,7
419,0,32768,0,-52128,-26228,-19643,-2
420,0,32768,0,-52096,-26209,-19668,10
421,0,32768,0,-52064,-26170,-19720,1
422,0,32768,0,-52032,-26132,-19771,-7
423,0,32768,0,-52000,-26112,-19796,4
424,0,32768,0,-51968,-26074,-19847,-5
425,0,32768,0,-51936,-26054,-19873,7
426,0,32768,0,-51904,-26015,-19923,-2
427,0,32768,0,-51872,-25996,-19949,10
428,0,32768,0,-51840,-25957,-20000,1
429,0,32768,0,-51808,-25918,-20050,-8
430,0,32768,0,-51776,-25898,-20076,4
431,0,32768,0,-51744,-25859,-20126,-5
432,0,32768,0,-51712,-25839,-20151,7
433,0,32768,0,-51680,-25800,-20202,-2
434,0,32768,0,-51648,-25780,-20227,10
435,0,32768,0,-51616,-25741,-20277,1
436,0,32768,0,-51584,-25701,-20327,-8
437,0,32768,0,-51552,-25681,-20353,4
438,0,32768,0,-51520,-25641,-20403,-5
439,0,32768,0,-51488,-25621,-20428,7
440,0,32768,0,-51456,-25581,-20478,-2
441,0,32768,0,-51424,-25561,-20503,10
442,0,32768,0,-51392,-25521,-20553,1
443,0,32768,0,-51360,-25481,-20602,-8
444,0,32768,0,-51328,-25461,-20627,4
445,0,32768,0,-51296,-25420,-20677,-5
446,0,32768,0,-51264,-25400,-20702,7
447,0,32768,0,-51232,-25360,-20751,-2
448,0,32768,0,-51200,-25339,-20776,10
449,0,32768,0,-51168,-25299,-20826,1
450,0,32768,0,-51136,-25258,-20875,-8
451,0,32768,0,-51104,-25241,-20896,7
452,0,32768,0,-51072,-25200,-20945,-2
453,0,32768,0,-51040,-25179,-20970,10
454,0,32768,0,-51008,-25138,-21019,1
455,0,32768,0,-50976,-25097,-21068,-8
456,0,32768,0,-50944,-25077,-21092,4
457,0,32768,0,-50912,-25036,-21141,-5
458,0,32768,0,-50880,-25015,-21166,7
459,0,32768,0,-50848,-24973,-21215,-2
460,0,32768,0,-50816,-24953,-21239,10
461,0,32768,0,-50784,-24911,-21288,1
462,0,32768,0,-50752,-24870,-21336,-8
463,0,32768,0,-50720,-24849,-21361,4
464,0,32768,0,-50688,-24807,-21409,-5
465,0,32768,0,-50656,-24786,-21433,7
466,0,32768,0,-50624,-24744,-21482,-2
467,0,32768,0,-50592,-24723,-21506,9
468,0,32768,0,-50560,-24681,-21554,1
469,0,32768,0,-50528,-24639,-21602,-8
470,0,32768,0,-50496,-24618,-21626,4
471,0,32768,0,-50464,-24576,-21674,-5
472,0,32768,0,-50432,-24554,-21698,7
473,0,32768,0,-50400,-24512,-21746,-2
474,0,32768,0,-50368,-24491,-21770,9
475,0,32768,0,-50336,-24448,-21818,1
476,0,32768,0,-50304,-24406,-21866,-8
477,0,32768,0,-50272,-24384,-21890,4
478,0,32768,0,-50240,-24341,-21937,-5
479,0,32768,0,-50208,-24320,-21961,6
480,0,32768,0,-50176,-24277,-22008,-2
481,0,32768,0,-50144,-24255,-22032,9
482,0,32768,0,-50112,-24212,-22079,1
483,0,32768,0,-50080,-24169,-22127,-8
484,0,32768,0,-50048,-24148,-22150,3
485,0,32768,0,-50016,-24104,-22197,-5
486,0,32768,0,-49984,-24083,-22221,6
487,0,32768,0,-49952,-24039,-22268,-2
488,0,32768,0,-49920,-24017,-22291,9
489,0,32768,0,-49888,-23974,-22338,0
490,0,32768,0,-49856,-23930,-22385,-8
491,0,32768,0,-49824,-23908,-22409,3
492,0,32768,0,-49792,-23865,-22454,-5
493,0,32768,0,-49760,-23843,-22478,7
494,0,32768,0,-49728,-23799,-22524,-2
495,0,32768,0,-49696,-23777,-22548,10
496,0,32768,0,-49664,-23733,-22594,1
497,0,32768,0,-49632,-23689,-22640,-8
498,0,32768,0,-49600,-23667,-22663,4
499,0,32768,0,-49568,-23622,-22710,-5
500,0,32768,0,-49536,-23600,-22733,7
501,0,32768,0,-49504,-23556,-22779,-2
502,0,32768,0,-49472,-23533,-22802,9
503,0,32768,0,-49440,-23489,-22848,1
504,0,32768,0,-49408,-23444,-22893,-8
505,0,32768,0,-49376,-23422,-22916,4
506,0,32768,0,-49344,-23377,-22962,-5
507,0,32768,0,-49312,-23355,-22985,6
508,0,32768,0,-49280,-23310,-23030,-2
509,0,32768,0,-49248,-23287,-23053,9
510,0,32768,0,-49216,-23242,-23099,1
511,0,32768,0,-49184,-23197,-23144,-8
512,0,32768,0,-49152,-23167,-23174,-4
513,0,32768,0,-49120,-23144,-23197,8
514,0,32768,0,-49088,-23099,-23242,-1
515,0,32768,0,-49056,-23053,-23287,-9
516,0,32768,0,-49024,-23030,-23310,2
517,0,32768,0,-48992,-22985,-23355,-6
518,0,32768,0,-48960,-22962,-23377,5
519,0,32768,0,-48928,-22916,-23422,-4
520,0,32768,0,-48896,-22893,-23444,8
521,0,32768,0,-48864,-22848,-23489,-1
522,0,32768,0,-48832,-22802,-23533,-9
523,0,32768,0,-48800,-22779,-23556,2
524,0,32768,0,-48768,-22733,-23600,-7
525,0,32768,0,-48736,-22710,-23622,5
526,0,32768,0,-48704,-22663,-23667,-4
527,0,32768,0,-48672,-22640,-23689,8
528,0,32768,0,-48640,-22594,-23733,-1
529,0,32768,0,-48608,-22548,-23777,-10
530,0,32768,0,-48576,-22524,-23799,2
531,0,32768,0,-48544,-22478,-23843,-7
532,0,32768,0,-48512,-22454,-23865,5
533,0,32768,0,-48480,-22409,-23908,-3
534,0,32768,0,-48448,-22385,-23930,8
535,0,32768,0,-48416,-22338,-23974,0
536,0,32768,0,-48384,-22291,-24017,-9
537,0,32768,0,-48352,-22268,-24039,2
538,0,32768,0,-48320,-22221,-24083,-6
539,0,32768,0,-48288,-22197,-24104,5
540,0,32768,0,-48256,-22150,-24148,-3
541,0,32768,0,-48224,-22127,-24169,8
542,0,32768,0,-48192,-22079,-24212,-1
543,0,32768,0,-48160,-22032,-24255,-9
544,0,32768,0,-48128,-22008,-24277,2
545,0,32768,0,-48096,-21961,-24320,-6
546,0,32768,0,-48064,-21937,-24341,5
547,0,32768,0,-48032,-21890,-24384,-4
548,0,32768,0,-48000,-21866,-24406,8
549,0,32768,0,-47968,-21818,-24448,-1
550,0,32768,0,-47936,-21770,-24491,-9
551,0,32768,0,-47904,-21746,-24512,2
552,0,32768,0,-47872,-21698,-24554,-7
553,0,32768,0,-47840,-21674,-24576,5
554,0,32768,0,-47808,-21626,-24618,-4
555,0,32768,0,-47776,-21602,-24639,8
556,0,32768,0,-47744,-21554,-24681,-1
557,0,32768,0,-47712,-21506,-24723,-9
558,0,32768,0,-47680,-21482,-24744,2
559,0,32768,0,-47648,-21433,-24786,-7
560,0,32768,0,-47616,-21409,-24807,5
561,0,32768,0,-47584,-21361,-24849,-4
562,0,32768,0,-47552,-21336,-24870,8
563,0,32768,0,-47520,-21288,-24911,-1
564,0,32768,0,-47488,-21239,-24953,-10
565,0,32768,0,-47456,-21215,-24973,2
566,0,32768,0,-47424,-21166,-25015,-7
567,0,32768,0,-47392,-21141,-25036,5
568,0,32768,0,-47360,-21092,-25077,-4
569,0,32768,0,-47328,-21068,-25097,8
570,0,32768,0,-47296,-21019,-25138,-1
571,0,32768,0,-47264,-20970,-25179,-10
572,0,32768,0,-47232,-20945,-25200,2
573,0,32768,0,-47200,-20896,-25241,-7
574,0,32768,0,-47168,-20875,-25258,8
575,0,32768,0,-47136,-20826,-25299,-1
576,0,32768,0,-47104,-20776,-25339,-10
577,0,32768,0,-47072,-20751,-25360,2
578,0,32768,0,-47040,-20702,-25400,-7
579,0,32768,0,-47008,-20677,-25420,5
580,0,32768,0,-46976,-20627,-25461,-4
581,0,32768,0,-46944,-20602,-25481,8
582,0,32768,0,-46912,-20553,-25521,-1
583,0,32768,0,-46880,-20503,-25561,-10
584,0,32768,0,-46848,-20478,-25581,2
585,0,32768,0,-46816,-20428,-25621,-7
586,0,32768,0,-46784,-20403,-25641,5
587,0,32768,0,-46752,-20353,-25681,-4
588,0,32768,0,-46720,-20327,-25701,8
589,0,32768,0,-46688,-20277,-25741,-1
590,0,32768,0,-46656,-20227,-25780,-10
591,0,32768,0,-46624,-20202,-25800,2
592,0,32768,0,-46592,-20151,-25839,-7
593,0,32768,0,-46560,-20126,-25859,5
594,0,32768,0,-46528,-20076,-25898,-4
595,0,32768,0,-46496,-20050,-25918,8
596,0,32768,0,-46464,-20000,-25957,-1
597,0,32768,0,-46432,-19949,-25996,-10
598,0,32768,0,-46400,-19923,-26015,2
599,0,32768,0,-46368,-19873,-26054,-7
600,0,32768,0,-46336,-19847,-26074,5
601,0,32768,0,-46304,-19796,-26112,-4
602,0,32768,0,-46272,-19771,-26132,7
603,0,32768,0,-46240,-19720,-26170,-1
604,0,32768,0,-46208,-19668,-26209,-10
605,0,32768,0,-46176,-19643,-26228,2
606,0,32768,0,-46144,-19592,-26266,-7
607,0,32768,0,-46112,-19566,-26285,4
608,0,32768,0,-46080,-19514,-26324,-4
609,0,32768,0,-46048,-19489,-26343,7
610,0,32768,0,-46016,-19437,-26381,-1
611,0,32768,0,-45984,-19386,-26419,-10
612,0,32768,0,-45952,-19360,-26437,1
613,0,32768,0,-45920,-19308,-26475,-7
614,0,32768,0,-45888,-19282,-26494,4
615,0,32768,0,-45856,-19231,-26531,-4
616,0,32768,0,-45824,-19205,-26550,8
617,0,32768,0,-45792,-19153,-26587,-1
618,0,32768,0,-45760,-19101,-26625,-10
619,0,32768,0,-45728,-19075,-26643,2
620,0,32768,0,-45696,-19023,-26681,-7
621,0,32768,0,-45664,-18997,-26699,5
622,0,32768,0,-45632,-18945,-26736,-4
623,0,32768,0,-45600,-18919,-26755,8
624,0,32768,0,-45568,-18866,-26792,-1
625,0,32768,0,-45536,-18814,-26828,-10
626,0,32768,0,-45504,-18788,-26847,2
627,0,32768,0,-45472,-18736,-26883,-7
628,0,32768,0,-45440,-18709,-26902,5
629,0,32768,0,-45408,-18657,-26938,-4
630,0,32768,0,-45376,-18630,-26956,7
631,0,32768,0,-45344,-18578,-26993,-1
632,0,32768,0,-45312,-18525,-27029,-10
633,0,32768,0,-45280,-18498,-27047,2
634,0,32768,0,-45248,-18446,-27083,-7
635,0,32768,0,-45216,-18419,-27101,5
636,0,32768,0,-45184,-18366,-27137,-4
637,0,32768,0,-45152,-18340,-27155,7
638,0,32768,0,-45120,-18287,-27191,-1
639,0,32768,0,-45088,-18234,-27227,-10
640,0,32768,0,-45056,-18207,-27244,2
641,0,32768,0,-45024,-18154,-27280,-7
642,0,32768,0,-44992,-18127,-27297,4
643,0,32768,0,-44960,-18074,-27333,-4
644,0,32768,0,-44928,-18047,-27351,7
645,0,32768,0,-44896,-17994,-27386,-1
646,0,32768,0,-44864,-17940,-27421,-10
647,0,32768,0,-44832,-17913,-27438,1
648,0,32768,0,-44800,-17860,-27473,-7
649,0,32768,0,-44768,-17833,-27491,4
650,0,32768,0,-44736,-17779,-27525,-4
651,0,32768,0,-44704,-17752,-27543,7
652,0,32768,0,-44672,-17698,-27578,-2
653,0,32768,0,-44640,-17671,-27595,10
654,0,32768,0,-44608,-17617,-27629,1
655,0,32768,0,-44576,-17567,-27661,-5
656,0,32768,0,-44544,-17540,-27678,7
657,0,32768,0,-44512,-17486,-27712,-2
658,0,32768,0,-44480,-17459,-27729,10
659,0,32768,0,-44448,-17405,-27764,1
660,0,32768,0,-44416,-17351,-27797,-8
661,0,32768,0,-44384,-17323,-27814,4
662,0,32768,0,-44352,-17269,-27848,-5
663,0,32768,0,-44320,-17242,-27865,7
664,0,32768,0,-44288,-17187,-27899,-2
665,0,32768,0,-44256,-17160,-27915,10
666,0,32768,0,-44224,-17106,-27949,1
667,0,32768,0,-44192,-17051,-27982,-8
668,0,32768,0,-44160,-17024,-27999,4
669,0,32768,0,-44128,-16969,-28032,-5
670,0,32768,0,-44096,-16942,-28049,7
671,0,32768,0,-44064,-16887,-28082,-2
672,0,32768,0,-44032,-16859,-28098,10
673,0,32768,0,-44000,-16804,-28131,1
674,0,32768,0,-43968,-16749,-28164,-8
675,0,32768,0,-43936,-16722,-28180,4
676,0,32768,0,-43904,-16667,-28213,-5
677,0,32768,0,-43872,-16639,-28229,7
678,0,32768,0,-43840,-16584,-28261,-2
679,0,32768,0,-43808,-16556,-28278,10
680,0,32768,0,-43776,-16501,-28310,1
681,0,32768,0,-43744,-16446,-28342,-8
682,0,32768,0,-43712,-16418,-28358,4
683,0,32768,0,-43680,-16363,-28390,-5
684,0,32768,0,-43648,-16335,-28406,7
685,0,32768,0,-43616,-16280,-28438,-2
686,0,32768,0,-43584,-16252,-28454,10
687,0,32768,0,-43552,-16196,-28486,1
688,0,32768,0,-43520,-16140,-28517,-8
689,0,32768,0,-43488,-16113,-28533,4
690,0,32768,0,-43456,-16057,-28564,-5
691,0,32768,0,-43424,-16029,-28580,7
692,0,32768,0,-43392,-15973,-28611,-2
693,0,32768,0,-43360,-15945,-28627,9
694,0,32768,0,-43328,-15889,-28658,1
695,0,32768,0,-43296,-15834,-28688,-8
696,0,32768,0,-43264,-15806,-28704,4
697,0,32768,0,-43232,-15750,-28735,-5
698,0,32768,0,-43200,-15722,-28750,7
699,0,32768,0,-43168,-15665,-28781,-2
700,0,32768,0,-43136,-15637,-28796,10
701,0,32768,0,-43104,-15581,-28827,1
702,0,32768,0,-43072,-15525,-28857,-8
703,0,32768,0,-43040,-15496,-28872,4
704,0,32768,0,-43008,-15440,-28902,-5
705,0,32768,0,-42976,-15412,-28918,7
706,0,32768,0,-42944,-15355,-28947,-2
707,0,32768,0,-42912,-15327,-28962,10
708,0,32768,0,-42880,-15270,-28992,1
709,0,32768,0,-42848,-15214,-29022,-8
710,0,32768,0,-42816,-15185,-29037,4
711,0,32768,0,-42784,-15129,-29067,-5
712,0,32768,0,-42752,-15100,-29081,7
713,0,32768,0,-42720,-15043,-29111,-2
714,0,32768,0,-42688,-15015,-29126,10
715,0,32768,0,-42656,-14958,-29155,1
716,0,32768,0,-42624,-14901,-29184,-8
717,0,32768,0,-42592,-14873,-29198,4
718,0,32768,0,-42560,-14816,-29227,-5
719,0,32768,0,-42528,-14787,-29242,7
720,0,32768,0,-42496,-14730,-29271,-2
721,0,32768,0,-42464,-14701,-29285,10
722,0,32768,0,-42432,-14644,-29314,1
723,0,32768,0,-42400,-14587,-29342,-8
724,0,32768,0,-42368,-14558,-29357,4
725,0,32768,0,-42336,-14501,-29385,-5
726,0,32768,0,-42304,-14472,-29399,7
727,0,32768,0,-42272,-14415,-29427,-2
728,0,32768,0,-42240,-14386,-29441,9
729,0,32768,0,-42208,-14328,-29469,1
730,0,32768,0,-42176,-14271,-29497,-8
731,0,32768,0,-42144,-14242,-29511,4
732,0,32768,0,-42112,-14184,-29539,-5
733,0,32768,0,-42080,-14155,-29553,6
734,0,32768,0,-42048,-14098,-29580,-2
735,0,32768,0,-42016,-14069,-29594,9
736,0,32768,0,-41984,-14015,-29619,4
737,0,32768,0,-41952,-13957,-29647,-5
738,0,32768,0,-41920,-13928,-29661,6
739,0,32768,0,-41888,-13870,-29688,-2
740,0,32768,0,-41856,-13841,-29701,9
741,0,32768,0,-41824,-13783,-29728,1
742,0,32768,0,-41792,-13725,-29755,-8
743,0,32768,0,-41760,-13696,-29769,3
744,0,32768,0,-41728,-13638,-29795,-5
745,0,32768,0,-41696,-13609,-29808,6
746,0,32768,0,-41664,-13551,-29835,-2
747,0,32768,0,-41632,-13521,-29848,9
748,0,32768,0,-41600,-13463,-29875,0
749,0,32768,0,-41568,-13405,-29901,-8
750,0,32768,0,-41536,-13376,-29914,3
751,0,32768,0,-41504,-13317,-29940,-5
752,0,32768,0,-41472,-13288,-29953,6
753,0,32768,0,-41440,-13229,-29979,-3
754,0,32768,0,-41408,-13200,-29992,9
755,0,32768,0,-41376,-13141,-30018,0
756,0,32768,0,-41344,-13083,-30043,-8
757,0,32768,0,-41312,-13054,-30056,3
758,0,32768,0,-41280,-12995,-30081,-5
759,0,32768,0,-41248,-12966,-30094,6
760,0,32768,0,-41216,-12907,-30119,-3
761,0,32768,0,-41184,-12877,-30132,9
762,0,32768,0,-41152,-12818,-30157,0
763,0,32768,0,-41120,-12759,-30182,-8
764,0,32768,0,-41088,-12730,-30194,3
765,0,32768,0,-41056,-12671,-30219,-6
766,0,32768,0,-41024,-12641,-30232,6
767,0,32768,0,-40992,-12582,-30256,-3
768,0,32768,0,-40960,-12553,-30268,9
769,0,32768,0,-40928,-12494,-30293,0
770,0,32768,0,-40896,-12434,-30317,-9
771,0,32768,0,-40864,-12405,-30329,3
772,0,32768,0,-40832,-12346,-30354,-6
773,0,32768,0,-40800,-12316,-30366,6
774,0,32768,0,-40768,-12257,-30390,-3
775,0,32768,0,-40736,-12227,-30402,9
776,0,32768,0,-40704,-12167,-30425,0
777,0,32768,0,-40672,-12109,-30449,-8
778,0,32768,0,-40640,-12079,-30460,3
779,0,32768,0,-40608,-12019,-30484,-5
780,0,32768,0,-40576,-11990,-30496,6
781,0,32768,0,-40544,-11930,-30519,-2
782,0,32768,0,-40512,-11900,-30531,9
783,0,32768,0,-40480,-11841,-30554,0
784,0,32768,0,-40448,-11781,-30577,-8
785,0,32768,0,-40416,-11751,-30589,3
786,0,32768,0,-40384,-11691,-30612,-5
787,0,32768,0,-40352,-11661,-30623,6
788,0,32768,0,-40320,-11602,-30646,-3
789,0,32768,0,-40288,-11572,-30657,9
790,0,32768,0,-40256,-11512,-30680,0
791,0,32768,0,-40224,-11452,-30702,-8
792,0,32768,0,-40192,-11422,-30713,3
793,0,32768,0,-40160,-11362,-30735,-6
794,0,32768,0,-40128,-11332,-30746,6
795,0,32768,0,-40096,-11272,-30769,-3
796,0,32768,0,-40064,-11242,-30780,9
797,0,32768,0,-40032,-11182,-30801,0
798,0,32768,0,-40000,-11121,-30823,-8
799,0,32768,0,-39968,-11091,-30834,3
800,0,32768,0,-39936,-11031,-30856,-6
801,0,32768,0,-39904,-11001,-30866,6
802,0,32768,0,-39872,-10941,-30888,-3
803,0,32768,0,-39840,-10910,-30898,9
804,0,32768,0,-39808,-10850,-30920,0
805,0,32768,0,-39776,-10789,-30941,-9
806,0,32768,0,-39744,-10759,-30951,3
807,0,32768,0,-39712,-10699,-30972,-6
808,0,32768,0,-39680,-10669,-30983,6
809,0,32768,0,-39648,-10608,-31004,-3
810,0,32768,0,-39616,-10578,-31014,9
811,0,32768,0,-39584,-10517,-31035,0
812,0,32768,0,-39552,-10457,-31055,-9
813,0,32768,0,-39520,-10426,-31065,3
814,0,32768,0,-39488,-10365,-31086,-6
815,0,32768,0,-39456,-10329,-31098,1
816,0,32768,0,-39424,-10268,-31118,-7
817,0,32768,0,-39392,-10237,-31128,4
818,0,32768,0,-39360,-10177,-31148,-5
819,0,32768,0,-39328,-10146,-31158,7
820,0,32768,0,-39296,-10085,-31177,-2
821,0,32768,0,-39264,-10055,-31187,10
822,0,32768,0,-39232,-9994,-31207,1
823,0,32768,0,-39200,-9933,-31226,-8
824,0,32768,0,-39168,-9902,-31236,4
825,0,32768,0,-39136,-9841,-31255,-5
826,0,32768,0,-39104,-9811,-31265,7
827,0,32768,0,-39072,-9750,-31284,-2
828,0,32768,0,-39040,-9719,-31293,10
829,0,32768,0,-39008,-9658,-31312,1
830,0,32768,0,-38976,-9597,-31331,-8
831,0,32768,0,-38944,-9566,-31341,4
832,0,32768,0,-38912,-9505,-31359,-5
833,0,32768,0,-38880,-9474,-31368,7
834,0,32768,0,-38848,-9413,-31387,-2
835,0,32768,0,-38816,-9383,-31396,10
836,0,32768,0,-38784,-9321,-31414,1
837,0,32768,0,-38752,-9260,-31432,-8
838,0,32768,0,-38720,-9229,-31441,4
839,0,32768,0,-38688,-9168,-31459,-5
840,0,32768,0,-38656,-9137,-31468,7
841,0,32768,0,-38624,-9075,-31486,-2
842,0,32768,0,-38592,-9045,-31495,10
843,0,32768,0,-38560,-8983,-31513,1
844,0,32768,0,-38528,-8922,-31530,-8
845,0,32768,0,-38496,-8891,-31539,4
846,0,32768,0,-38464,-8829,-31556,-5
847,0,32768,0,-38432,-8798,-31565,7
848,0,32768,0,-38400,-8737,-31582,-2
849,0,32768,0,-38368,-8706,-31590,10
850,0,32768,0,-38336,-8644,-31607,1
851,0,32768,0,-38304,-8582,-31624,-8
852,0,32768,0,-38272,-8551,-31633,4
853,0,32768,0,-38240,-8490,-31649,-5
854,0,32768,0,-38208,-8459,-31657,7
855,0,32768,0,-38176,-8398,-31674,-2
856,0,32768,0,-38144,-8367,-31682,10
857,0,32768,0,-38112,-8305,-31698,1
858,0,32768,0,-38080,-8243,-31714,-8
859,0,32768,0,-38048,-8212,-31722,4
860,0,32768,0,-38016,-8150,-31738,-5
861,0,32768,0,-37984,-8119,-31746,7
862,0,32768,0,-37952,-8057,-31762,-2
863,0,32768,0,-37920,-8026,-31770,10
864,0,32768,0,-37888,-7964,-31785,1
865,0,32768,0,-37856,-7902,-31801,-8
866,0,32768,0,-37824,-7871,-31809,4
867,0,32768,0,-37792,-7808,-31824,-5
868,0,32768,0,-37760,-7777,-31832,7
869,0,32768,0,-37728,-7715,-31847,-2
870,0,32768,0,-37696,-7684,-31854,10
871,0,32768,0,-37664,-7622,-31869,1
872,0,32768,0,-37632,-7559,-31884,-8
873,0,32768,0,-37600,-7529,-31891,4
874,0,32768,0,-37568,-7466,-31906,-5
875,0,32768,0,-37536,-7435,-31913,7
876,0,32768,0,-37504,-7373,-31928,-2
877,0,32768,0,-37472,-7342,-31935,10
878,0,32768,0,-37440,-7279,-31949,1
879,0,32768,0,-37408,-7217,-31963,-8
880,0,32768,0,-37376,-7185,-31971,4
881,0,32768,0,-37344,-7123,-31984,-5
882,0,32768,0,-37312,-7092,-31991,7
883,0,32768,0,-37280,-7029,-32005,-2
884,0,32768,0,-37248,-6998,-32012,10
885,0,32768,0,-37216,-6935,-32026,1
886,0,32768,0,-37184,-6873,-32039,-8
887,0,32768,0,-37152,-6842,-32046,4
888,0,32768,0,-37120,-6779,-32059,-5
889,0,32768,0,-37088,-6748,-32066,7
890,0,32768,0,-37056,-6685,-32079,-2
891,0,32768,0,-37024,-6654,-32085,9
892,0,32768,0,-36992,-6591,-32098,1
893,0,32768,0,-36960,-6533,-32110,-5
894,0,32768,0,-36928,-6502,-32116,7
895,0,32768,0,-36896,-6439,-32129,-2
896,0,32768,0,-36864,-6407,-32135,9
897,0,32768,0,-36832,-6345,-32148,1
898,0,32768,0,-36800,-6282,-32160,-8
899,0,32768,0,-36768,-6250,-32166,4
900,0,32768,0,-36736,-6187,-32179,-5
901,0,32768,0,-36704,-6156,-32185,6
902,0,32768,0,-36672,-6093,-32197,-2
903,0,32768,0,-36640,-6062,-32203,9
904,0,32768,0,-36608,-5999,-32214,1
905,0,32768,0,-36576,-5936,-32226,-8
906,0,32768,0,-36544,-5904,-32232,3
907,0,32768,0,-36512,-5841,-32243,-5
908,0,32768,0,-36480,-5810,-32249,6
909,0,32768,0,-36448,-5747,-32260,-2
910,0,32768,0,-36416,-5715,-32266,9
911,0,32768,0,-36384,-5652,-32277,0
912,0,32768,0,-36352,-5589,-32288,-8
913,0,32768,0,-36320,-5558,-32293,3
914,0,32768,0,-36288,-5495,-32304,-5
915,0,32768,0,-36256,-5463,-32309,6
916,0,32768,0,-36224,-5400,-32320,-2
917,0,32768,0,-36192,-5369,-32325,9
918,0,32768,0,-36160,-5305,-32336,0
919,0,32768,0,-36128,-5242,-32346,-8
920,0,32768,0,-36096,-5211,-32351,3
921,0,32768,0,-36064,-5147,-32361,-5
922,0,32768,0,-36032,-5116,-32366,6
923,0,32768,0,-36000,-5053,-32376,-3
924,0,32768,0,-35968,-5021,-32381,9
925,0,32768,0,-35936,-4958,-32391,0
926,0,32768,0,-35904,-4895,-32400,-8
927,0,32768,0,-35872,-4863,-32405,3
928,0,32768,0,-35840,-4799,-32415,-6
929,0,32768,0,-35808,-4768,-32419,6
930,0,32768,0,-35776,-4705,-32429,-3
931,0,32768,0,-35744,-4673,-32433,9
932,0,32768,0,-35712,-4609,-32442,0
933,0,32768,0,-35680,-4546,-32451,-9
934,0,32768,0,-35648,-4515,-32455,4
935,0,32768,0,-35616,-4452,-32464,-5
936,0,32768,0,-35584,-4420,-32469,6
937,0,32768,0,-35552,-4357,-32477,-2
938,0,32768,0,-35520,-4325,-32481,9
939,0,32768,0,-35488,-4261,-32490,1
940,0,32768,0,-35456,-4198,-32498,-8
941,0,32768,0,-35424,-4166,-32502,3
942,0,32768,0,-35392,-4103,-32510,-5
943,0,32768,0,-35360,-4071,-32514,6
944,0,32768,0,-35328,-4008,-32522,-2
945,0,32768,0,-35296,-3976,-32526,9
946,0,32768,0,-35264,-3912,-32534,0
947,0,32768,0,-35232,-3849,-32541,-8
948,0,32768,0,-35200,-3817,-32545,3
949,0,32768,0,-35168,-3753,-32552,-5
950,0,32768,0,-35136,-3721,-32556,6
951,0,32768,0,-35104,-3658,-32563,-3
952,0,32768,0,-35072,-3626,-32567,9
953,0,32768,0,-35040,-3562,-32574,0
954,0,32768,0,-35008,-3499,-32581,-8
955,0,32768,0,-34976,-3467,-32584,3
956,0,32768,0,-34944,-3403,-32591,-5
957,0,32768,0,-34912,-3372,-32594,6
958,0,32768,0,-34880,-3308,-32601,-3
959,0,32768,0,-34848,-3276,-32604,9
960,0,32768,0,-34816,-3212,-32610,0
961,0,32768,0,-34784,-3149,-32616,-8
962,0,32768,0,-34752,-3117,-32619,3
963,0,32768,0,-34720,-3053,-32626,-6
964,0,32768,0,-34688,-3021,-32629,6
965,0,32768,0,-34656,-2957,-32634,-3
966,0,32768,0,-34624,-2926,-32637,9
967,0,32768,0,-34592,-2862,-32643,0
968,0,32768,0,-34560,-2798,-32648,-9
969,0,32768,0,-34528,-2766,-32651,3
970,0,32768,0,-34496,-2702,-32657,-6
971,0,32768,0,-34464,-2670,-32659,6
972,0,32768,0,-34432,-2607,-32664,-3
973,0,32768,0,-34400,-2575,-32667,9
974,0,32768,0,-34368,-2515,-32671,3
975,0,32768,0,-34336,-2452,-32676,-6
976,0,32768,0,-34304,-2420,-32678,6
977,0,32768,0,-34272,-2356,-32683,-3
978,0,32768,0,-34240,-2324,-32685,9
979,0,32768,0,-34208,-2260,-32690,0
980,0,32768,0,-34176,-2196,-32694,-9
981,0,32768,0,-34144,-2164,-32696,3
982,0,32768,0,-34112,-2100,-32701,-6
983,0,32768,0,-34080,-2068,-32703,6
984,0,32768,0,-34048,-2005,-32706,-3
985,0,32768,0,-34016,-1973,-32708,9
986,0,32768,0,-33984,-1909,-32712,0
987,0,32768,0,-33952,-1845,-32716,-9
988,0,32768,0,-33920,-1813,-32718,3
989,0,32768,0,-33888,-1749,-32721,-6
990,0,32768,0,-33856,-1717,-32723,6
991,0,32768,0,-33824,-1653,-32726,-3
992,0,32768,0,-33792,-1621,-32728,8
993,0,32768,0,-33760,-1557,-32731,0
994,0,32768,0,-33728,-1493,-32734,-9
995,0,32768,0,-33696,-1461,-32735,3
996,0,32768,0,-33664,-1397,-32738,-6
997,0,32768,0,-33632,-1365,-32740,6
998,0,32768,0,-33600,-1301,-32742,-3
999,0,32768,0,-33568,-1269,-32744,8
1000,0,32768,0,-33536,-1206,-32746,0
1001,0,32768,0,-33504,-1142,-32748,-9
1002,0,32768,0,-33472,-1110,-32749,3
1003,0,32768,0,-33440,-1046,-32751,-6
1004,0,32768,0,-33408,-1014,-32753,5
1005,0,32768,0,-33376,-950,-32754,-3
1006,0,32768,0,-33344,-918,-32755,8
1007,0,32768,0,-33312,-854,-32757,0
1008,0,32768,0,-33280,-790,-32759,-9
1009,0,32768,0,-33248,-758,-32759,2
1010,0,32768,0,-33216,-694,-32761,-6
1011,0,32768,0,-33184,-662,-32761,5
1012,0,32768,0,-33152,-598,-32763,-3
1013,0,32768,0,-33120,-566,-32763,8
1014,0,32768,0,-33088,-502,-32764,-1
1015,0,32768,0,-33056,-438,-32765,-9
1016,0,32768,0,-33024,-406,-32765,3
1017,0,32768,0,-32992,-342,-32766,-6
1018,0,32768,0,-32960,-310,-32767,6
1019,0,32768,0,-32928,-246,-32767,-3
1020,0,32768,0,-32896,-214,-32767,9
1021,0,32768,0,-32864,-150,-32768,0
1022,0,32768,0,-32832,-86,-32768,-9
1023,0,32768,0,-32800,-54,-32768,3
1024,0,32768,0,-32768,-10,-32768,6
1025,0,32768,0,-32736,54,-32768,-3
1026,0,32768,0,-32704,86,-32768,9
1027,0,32768,0,-32672,150,-32768,0
1028,0,32768,0,-32640,214,-32767,-9
1029,0,32768,0,-32608,246,-32767,3
1030,0,32768,0,-32576,310,-32767,-6
1031,0,32768,0,-32544,342,-32766,6
1032,0,32768,0,-32512,406,-32766,-3
1033,0,32768,0,-32480,438,-32765,9
1034,0,32768,0,-32448,502,-32764,1
1035,0,32768,0,-32416,566,-32763,-8
1036,0,32768,0,-32384,598,-32763,3
1037,0,32768,0,-32352,662,-32761,-5
1038,0,32768,0,-32320,694,-32761,6
1039,0,32768,0,-32288,758,-32759,-2
1040,0,32768,0,-32256,790,-32758,9
1041,0,32768,0,-32224,854,-32757,0
1042,0,32768,0,-32192,918,-32755,-8
1043,0,32768,0,-32160,950,-32754,3
1044,0,32768,0,-32128,1014,-32752,-5
1045,0,32768,0,-32096,1046,-32751,6
1046,0,32768,0,-32064,1110,-32749,-3
1047,0,32768,0,-32032,1142,-32748,9
1048,0,32768,0,-32000,1206,-32746,0
1049,0,32768,0,-31968,1269,-32743,-8
1050,0,32768,0,-31936,1301,-32742,3
1051,0,32768,0,-31904,1365,-32740,-6
1052,0,32768,0,-31872,1397,-32738,6
1053,0,32768,0,-31840,1461,-32736,-3
1054,0,32768,0,-31808,1493,-32734,9
1055,0,32768,0,-31776,1557,-32731,0
1056,0,32768,0,-31744,1621,-32728,-8
1057,0,32768,0,-31712,1653,-32726,3
1058,0,32768,0,-31680,1717,-32723,-6
1059,0,32768,0,-31648,1749,-32721,6
1060,0,32768,0,-31616,1813,-32718,-3
1061,0,32768,0,-31584,1845,-32716,9
1062,0,32768,0,-31552,1909,-32712,0
1063,0,32768,0,-31520,1973,-32709,-9
1064,0,32768,0,-31488,2005,-32707,3
1065,0,32768,0,-31456,2068,-32703,-6
1066,0,32768,0,-31424,2100,-32701,6
1067,0,32768,0,-31392,2164,-32697,-3
1068,0,32768,0,-31360,2196,-32694,9
1069,0,32768,0,-31328,2260,-32690,0
1070,0,32768,0,-31296,2324,-32686,-9
1071,0,32768,0,-31264,2356,-32683,3
1072,0,32768,0,-31232,2420,-32679,-6
1073,0,32768,0,-31200,2452,-32676,6
1074,0,32768,0,-31168,2516,-32672,-3
1075,0,32768,0,-31136,2575,-32667,-9
1076,0,32768,0,-31104,2607,-32664,3
1077,0,32768,0,-31072,2671,-32659,-6
1078,0,32768,0,-31040,2702,-32656,6
1079,0,32768,0,-31008,2766,-32651,-3
1080,0,32768,0,-30976,2798,-32648,9
1081,0,32768,0,-30944,2862,-32643,0
1082,0,32768,0,-30912,2926,-32637,-9
1083,0,32768,0,-30880,2958,-32634,3
1084,0,32768,0,-30848,3021,-32628,-6
1085,0,32768,0,-30816,3053,-32625,6
1086,0,32768,0,-30784,3117,-32619,-3
1087,0,32768,0,-30752,3149,-32616,8
1088,0,32768,0,-30720,3212,-32610,0
1089,0,32768,0,-30688,3276,-32604,-9
1090,0,32768,0,-30656,3308,-32601,3
1091,0,32768,0,-30624,3372,-32594,-6
1092,0,32768,0,-30592,3403,-32591,5
1093,0,32768,0,-30560,3467,-32584,-3
1094,0,32768,0,-30528,3499,-32581,8
1095,0,32768,0,-30496,3562,-32574,0
1096,0,32768,0,-30464,3626,-32567,-9
1097,0,32768,0,-30432,3658,-32563,3
1098,0,32768,0,-30400,3721,-32556,-6
1099,0,32768,0,-30368,3753,-32552,5
1100,0,32768,0,-30336,3817,-32545,-3
1101,0,32768,0,-30304,3849,-32541,8
1102,0,32768,0,-30272,3912,-32534,0
1103,0,32768,0,-30240,3976,-32526,-9
1104,0,32768,0,-30208,4008,-32522,2
1105,0,32768,0,-30176,4071,-32514,-6
1106,0,32768,0,-30144,4103,-32510,5
1107,0,32768,0,-30112,4166,-32502,-3
1108,0,32768,0,-30080,4198,-32498,8
1109,0,32768,0,-30048,4261,-32490,-1
1110,0,32768,0,-30016,4325,-32481,-9
1111,0,32768,0,-29984,4357,-32477,2
1112,0,32768,0,-29952,4420,-32469,-6
1113,0,32768,0,-29920,4452,-32464,5
1114,0,32768,0,-29888,4515,-32456,-4
1115,0,32768,0,-29856,4546,-32451,9
1116,0,32768,0,-29824,4609,-32442,0
1117,0,32768,0,-29792,4673,-32433,-9
1118,0,32768,0,-29760,4705,-32429,3
1119,0,32768,0,-29728,4768,-32419,-6
1120,0,32768,0,-29696,4800,-32415,6
1121,0,32768,0,-29664,4863,-32405,-3
1122,0,32768,0,-29632,4895,-32401,8
1123,0,32768,0,-29600,4958,-32391,0
1124,0,32768,0,-29568,5021,-32381,-9
1125,0,32768,0,-29536,5053,-32376,3
1126,0,32768,0,-29504,5116,-32366,-6
1127,0,32768,0,-29472,5148,-32361,5
1128,0,32768,0,-29440,5211,-32351,-3
1129,0,32768,0,-29408,5242,-32346,8
1130,0,32768,0,-29376,5306,-32336,0
1131,0,32768,0,-29344,5369,-32325,-9
1132,0,32768,0,-29312,5400,-32320,2
1133,0,32768,0,-29280,5463,-32310,-6
1134,0,32768,0,-29248,5495,-32304,5
1135,0,32768,0,-29216,5558,-32293,-3
1136,0,32768,0,-29184,5589,-32288,8
1137,0,32768,0,-29152,5653,-32277,0
1138,0,32768,0,-29120,5716,-32266,-9
1139,0,32768,0,-29088,5747,-32260,2
1140,0,32768,0,-29056,5810,-32249,-6
1141,0,32768,0,-29024,5841,-32243,5
1142,0,32768,0,-28992,5904,-32232,-3
1143,0,32768,0,-28960,5936,-32226,8
1144,0,32768,0,-28928,5999,-32214,-1
1145,0,32768,0,-28896,6062,-32202,-9
1146,0,32768,0,-28864,6093,-32197,2
1147,0,32768,0,-28832,6156,-32185,-6
1148,0,32768,0,-28800,6188,-32179,5
1149,0,32768,0,-28768,6250,-32167,-4
1150,0,32768,0,-28736,6282,-32161,8
1151,0,32768,0,-28704,6345,-32148,-1
1152,0,32768,0,-28672,6407,-32136,-9
1153,0,32768,0,-28640,6439,-32129,2
1154,0,32768,0,-28608,6502,-32117,-7
1155,0,32768,0,-28576,6533,-32111,5
1156,0,32768,0,-28544,6591,-32098,-1
1157,0,32768,0,-28512,6654,-32085,-9
1158,0,32768,0,-28480,6685,-32079,2
1159,0,32768,0,-28448,6748,-32066,-7
1160,0,32768,0,-28416,6779,-32059,5
1161,0,32768,0,-28384,6842,-32046,-4
1162,0,32768,0,-28352,6873,-32039,8
1163,0,32768,0,-28320,6935,-32026,-1
1164,0,32768,0,-28288,6998,-32012,-10
1165,0,32768,0,-28256,7029,-32005,2
1166,0,32768,0,-28224,7092,-31991,-7
1167,0,32768,0,-28192,7123,-31984,5
1168,0,32768,0,-28160,7185,-31970,-4
1169,0,32768,0,-28128,7217,-31963,8
1170,0,32768,0,-28096,7279,-31949,-1
1171,0,32768,0,-28064,7342,-31935,-10
1172,0,32768,0,-28032,7373,-31928,2
1173,0,32768,0,-28000,7435,-31913,-7
1174,0,32768,0,-27968,7466,-31906,5
1175,0,32768,0,-27936,7529,-31892,-4
1176,0,32768,0,-27904,7559,-31884,8
1177,0,32768,0,-27872,7622,-31869,-1
1178,0,32768,0,-27840,7684,-31854,-10
1179,0,32768,0,-27808,7715,-31847,2
1180,0,32768,0,-27776,7777,-31832,-7
1181,0,32768,0,-27744,7808,-31824,5
1182,0,32768,0,-27712,7871,-31809,-4
1183,0,32768,0,-27680,7902,-31801,8
1184,0,32768,0,-27648,7964,-31786,-1
1185,0,32768,0,-27616,8026,-31770,-10
1186,0,32768,0,-27584,8057,-31762,2
1187,0,32768,0,-27552,8119,-31746,-7
1188,0,32768,0,-27520,8150,-31739,5
1189,0,32768,0,-27488,8212,-31722,-4
1190,0,32768,0,-27456,8243,-31714,8
1191,0,32768,0,-27424,8305,-31698,-1
1192,0,32768,0,-27392,8367,-31682,-10
1193,0,32768,0,-27360,8398,-31674,2
1194,0,32768,0,-27328,8459,-31657,-7
1195,0,32768,0,-27296,8490,-31649,5
1196,0,32768,0,-27264,8551,-31632,-4
1197,0,32768,0,-27232,8582,-31624,8
1198,0,32768,0,-27200,8644,-31607,-1
1199,0,32768,0,-27168,8706,-31590,-10
1200,0,32768,0,-27136,8737,-31582,2
1201,0,32768,0,-27104,8798,-31565,-7
1202,0,32768,0,-27072,8829,-31556,5
1203,0,32768,0,-27040,8891,-31539,-4
1204,0,32768,0,-27008,8922,-31530,8
1205,0,32768,0,-26976,8983,-31513,-1
1206,0,32768,0,-26944,9045,-31495,-10
1207,0,32768,0,-26912,9076,-31486,2
1208,0,32768,0,-26880,9137,-31468,-7
1209,0,32768,0,-26848,9168,-31459,5
1210,0,32768,0,-26816,9229,-31442,-4
1211,0,32768,0,-26784,9260,-31433,8
1212,0,32768,0,-26752,9321,-31414,-1
1213,0,32768,0,-26720,9383,-31396,-10
1214,0,32768,0,-26688,9413,-31387,2
1215,0,32768,0,-26656,9475,-31369,-7
1216,0,32768,0,-26624,9505,-31359,5
1217,0,32768,0,-26592,9566,-31341,-4
1218,0,32768,0,-26560,9597,-31331,8
1219,0,32768,0,-26528,9658,-31312,-1
1220,0,32768,0,-26496,9719,-31294,-10
1221,0,32768,0,-26464,9750,-31284,2
1222,0,32768,0,-26432,9811,-31265,-7
1223,0,32768,0,-26400,9841,-31255,5
1224,0,32768,0,-26368,9902,-31236,-4
1225,0,32768,0,-26336,9933,-31227,8
1226,0,32768,0,-26304,9994,-31207,-1
1227,0,32768,0,-26272,10055,-31187,-10
1228,0,32768,0,-26240,10085,-31177,2
1229,0,32768,0,-26208,10146,-31158,-7
1230,0,32768,0,-26176,10177,-31148,5
1231,0,32768,0,-26144,10238,-31128,-4
1232,0,32768,0,-26112,10268,-31118,7
1233,0,32768,0,-26080,10329,-31098,-1
1234,0,32768,0,-26048,10366,-31085,6
1235,0,32768,0,-26016,10426,-31065,-3
1236,0,32768,0,-25984,10457,-31055,9
1237,0,32768,0,-25952,10517,-31034,0
1238,0,32768,0,-25920,10578,-31014,-9
1239,0,32768,0,-25888,10608,-31003,3
1240,0,32768,0,-25856,10669,-30983,-6
1241,0,32768,0,-25824,10699,-30972,6
1242,0,32768,0,-25792,10759,-30951,-3
1243,0,32768,0,-25760,10790,-30941,9
1244,0,32768,0,-25728,10850,-30919,0
1245,0,32768,0,-25696,10910,-30898,-9
1246,0,32768,0,-25664,10941,-30888,3
1247,0,32768,0,-25632,11001,-30866,-6
1248,0,32768,0,-25600,11031,-30855,6
1249,0,32768,0,-25568,11091,-30834,-3
1250,0,32768,0,-25536,11121,-30823,8
1251,0,32768,0,-25504,11182,-30801,0
1252,0,32768,0,-25472,11242,-30779,-9
1253,0,32768,0,-25440,11272,-30768,3
1254,0,32768,0,-25408,11332,-30746,-6
1255,0,32768,0,-25376,11362,-30735,6
1256,0,32768,0,-25344,11422,-30713,-3
1257,0,32768,0,-25312,11452,-30702,8
1258,0,32768,0,-25280,11512,-30679,0
1259,0,32768,0,-25248,11572,-30657,-9
1260,0,32768,0,-25216,11602,-30646,3
1261,0,32768,0,-25184,11662,-30623,-6
1262,0,32768,0,-25152,11691,-30611,5
1263,0,32768,0,-25120,11751,-30588,-3
1264,0,32768,0,-25088,11781,-30577,8
1265,0,32768,0,-25056,11841,-30554,0
1266,0,32768,0,-25024,11900,-30531,-9
1267,0,32768,0,-24992,11930,-30519,2
1268,0,32768,0,-24960,11990,-30496,-6
1269,0,32768,0,-24928,12019,-30484,5
1270,0,32768,0,-24896,12079,-30461,-3
1271,0,32768,0,-24864,12109,-30449,8
1272,0,32768,0,-24832,12167,-30425,0
1273,0,32768,0,-24800,12227,-30401,-9
1274,0,32768,0,-24768,12257,-30389,3
1275,0,32768,0,-24736,12316,-30365,-6
1276,0,32768,0,-24704,12346,-30353,6
1277,0,32768,0,-24672,12405,-30329,-3
1278,0,32768,0,-24640,12434,-30317,9
1279,0,32768,0,-24608,12494,-30293,0
1280,0,32768,0,-24576,12553,-30268,-9
1281,0,32768,0,-24544,12582,-30256,3
1282,0,32768,0,-24512,12641,-30231,-6
1283,0,32768,0,-24480,12671,-30219,6
1284,0,32768,0,-24448,12730,-30194,-3
1285,0,32768,0,-24416,12759,-30182,8
1286,0,32768,0,-24384,12818,-30157,0
1287,0,32768,0,-24352,12877,-30132,-9
1288,0,32768,0,-24320,12907,-30119,3
1289,0,32768,0,-24288,12966,-30094,-6
1290,0,32768,0,-24256,12995,-30081,5
1291,0,32768,0,-24224,13054,-30056,-3
1292,0,32768,0,-24192,13083,-30043,8
1293,0,32768,0,-24160,13141,-30017,0
1294,0,32768,0,-24128,13200,-29992,-9
1295,0,32768,0,-24096,13229,-29979,3
1296,0,32768,0,-24064,13288,-29953,-6
1297,0,32768,0,-24032,13317,-29940,5
1298,0,32768,0,-24000,13376,-29914,-3
1299,0,32768,0,-23968,13405,-29901,8
1300,0,32768,0,-23936,13463,-29875,0
1301,0,32768,0,-23904,13522,-29848,-9
1302,0,32768,0,-23872,13551,-29835,2
1303,0,32768,0,-23840,13609,-29808,-6
1304,0,32768,0,-23808,13638,-29795,5
1305,0,32768,0,-23776,13696,-29768,-3
1306,0,32768,0,-23744,13725,-29755,8
1307,0,32768,0,-23712,13783,-29728,-1
1308,0,32768,0,-23680,13841,-29701,-9
1309,0,32768,0,-23648,13870,-29688,2
1310,0,32768,0,-23616,13928,-29661,-6
1311,0,32768,0,-23584,13957,-29647,5
1312,0,32768,0,-23552,14015,-29620,-4
1313,0,32768,0,-23520,14069,-29594,-9
1314,0,32768,0,-23488,14098,-29580,2
1315,0,32768,0,-23456,14155,-29553,-6
1316,0,32768,0,-23424,14184,-29539,5
1317,0,32768,0,-23392,14242,-29511,-4
1318,0,32768,0,-23360,14271,-29497,8
1319,0,32768,0,-23328,14328,-29469,-1
1320,0,32768,0,-23296,14386,-29441,-9
1321,0,32768,0,-23264,14415,-29427,2
1322,0,32768,0,-23232,14472,-29399,-7
1323,0,32768,0,-23200,14501,-29385,5
1324,0,32768,0,-23168,14558,-29356,-4
1325,0,32768,0,-23136,14587,-29342,8
1326,0,32768,0,-23104,14644,-29314,-1
1327,0,32768,0,-23072,14701,-29285,-10
1328,0,32768,0,-23040,14730,-29271,2
1329,0,32768,0,-23008,14787,-29242,-7
1330,0,32768,0,-22976,14816,-29227,5
1331,0,32768,0,-22944,14873,-29198,-4
1332,0,32768,0,-22912,14901,-29184,8
1333,0,32768,0,-22880,14958,-29155,-1
1334,0,32768,0,-22848,15015,-29125,-10
1335,0,32768,0,-22816,15043,-29111,2
1336,0,32768,0,-22784,15100,-29081,-7
1337,0,32768,0,-22752,15129,-29067,5
1338,0,32768,0,-22720,15185,-29037,-4
1339,0,32768,0,-22688,15214,-29022,8
1340,0,32768,0,-22656,15271,-28992,-1
1341,0,32768,0,-22624,15327,-28962,-10
1342,0,32768,0,-22592,15355,-28948,2
1343,0,32768,0,-22560,15412,-28917,-7
1344,0,32768,0,-22528,15440,-28902,5
1345,0,32768,0,-22496,15496,-28872,-4
1346,0,32768,0,-22464,15525,-28857,8
1347,0,32768,0,-22432,15581,-28827,-1
1348,0,32768,0,-22400,15637,-28796,-10
1349,0,32768,0,-22368,15665,-28781,2
1350,0,32768,0,-22336,15722,-28750,-7
1351,0,32768,0,-22304,15750,-28735,5
1352,0,32768,0,-22272,15806,-28704,-4
1353,0,32768,0,-22240,15834,-28689,8
1354,0,32768,0,-22208,15889,-28658,-1
1355,0,32768,0,-22176,15945,-28627,-9
1356,0,32768,0,-22144,15973,-28611,2
1357,0,32768,0,-22112,16029,-28580,-7
1358,0,32768,0,-22080,16057,-28564,5
1359,0,32768,0,-22048,16113,-28533,-4
1360,0,32768,0,-22016,16141,-28517,8
1361,0,32768,0,-21984,16196,-28486,-1
1362,0,32768,0,-21952,16252,-28454,-10
1363,0,32768,0,-21920,16280,-28438,2
1364,0,32768,0,-21888,16335,-28406,-7
1365,0,32768,0,-21856,16363,-28390,5
1366,0,32768,0,-21824,16418,-28358,-4
1367,0,32768,0,-21792,16446,-28342,8
1368,0,32768,0,-21760,16501,-28310,-1
1369,0,32768,0,-21728,16557,-28278,-10
1370,0,32768,0,-21696,16584,-28262,2
1371,0,32768,0,-21664,16639,-28229,-7
1372,0,32768,0,-21632,16667,-28213,5
1373,0,32768,0,-21600,16722,-28180,-4
1374,0,32768,0,-21568,16749,-28164,8
1375,0,32768,0,-21536,16804,-28131,-1
1376,0,32768,0,-21504,16859,-28098,-10
1377,0,32768,0,-21472,16887,-28082,2
1378,0,32768,0,-21440,16942,-28049,-7
1379,0,32768,0,-21408,16969,-28032,5
1380,0,32768,0,-21376,17024,-27999,-4
1381,0,32768,0,-21344,17051,-27982,8
1382,0,32768,0,-21312,17106,-27949,-1
1383,0,32768,0,-21280,17160,-27916,-10
1384,0,32768,0,-21248,17187,-27899,2
1385,0,32768,0,-21216,17242,-27865,-7
1386,0,32768,0,-21184,17269,-27848,5
1387,0,32768,0,-21152,17323,-27814,-4
1388,0,32768,0,-21120,17351,-27798,8
1389,0,32768,0,-21088,17405,-27764,-1
1390,0,32768,0,-21056,17459,-27730,-10
1391,0,32768,0,-21024,17486,-27713,2
1392,0,32768,0,-20992,17540,-27679,-7
1393,0,32768,0,-20960,17567,-27661,5
1394,0,32768,0,-20928,17617,-27629,-1
1395,0,32768,0,-20896,17671,-27595,-10
1396,0,32768,0,-20864,17698,-27577,2
1397,0,32768,0,-20832,17752,-27543,-7
1398,0,32768,0,-20800,17779,-27525,4
1399,0,32768,0,-20768,17833,-27490,-4
1400,0,32768,0,-20736,17860,-27473,7
1401,0,32768,0,-20704,17913,-27438,-1
1402,0,32768,0,-20672,17967,-27403,-10
1403,0,32768,0,-20640,17994,-27386,1
1404,0,32768,0,-20608,18047,-27350,-7
1405,0,32768,0,-20576,18074,-27333,4
1406,0,32768,0,-20544,18127,-27297,-4
1407,0,32768,0,-20512,18154,-27280,7
1408,0,32768,0,-20480,18207,-27244,-2
1409,0,32768,0,-20448,18234,-27226,10
1410,0,32768,0,-20416,18287,-27191,1
1411,0,32768,0,-20384,18340,-27155,-7
1412,0,32768,0,-20352,18366,-27137,4
1413,0,32768,0,-20320,18419,-27101,-5
1414,0,32768,0,-20288,18446,-27083,7
1415,0,32768,0,-20256,18498,-27047,-2
1416,0,32768,0,-20224,18525,-27029,10
1417,0,32768,0,-20192,18578,-26993,1
1418,0,32768,0,-20160,18630,-26956,-7
1419,0,32768,0,-20128,18657,-26938,4
1420,0,32768,0,-20096,18709,-26902,-5
1421,0,32768,0,-20064,18736,-26883,7
1422,0,32768,0,-20032,18788,-26847,-2
1423,0,32768,0,-20000,18814,-26829,10
1424,0,32768,0,-19968,18866,-26792,1
1425,0,32768,0,-19936,18919,-26755,-8
1426,0,32768,0,-19904,18945,-26736,4
1427,0,32768,0,-19872,18997,-26699,-5
1428,0,32768,0,-19840,19023,-26681,7
1429,0,32768,0,-19808,19075,-26643,-2
1430,0,32768,0,-19776,19101,-26625,10
1431,0,32768,0,-19744,19153,-26588,1
1432,0,32768,0,-19712,19205,-26550,-8
1433,0,32768,0,-19680,19231,-26531,4
1434,0,32768,0,-19648,19282,-26494,-4
1435,0,32768,0,-19616,19308,-26475,7
1436,0,32768,0,-19584,19360,-26437,-1
1437,0,32768,0,-19552,19412,-26400,-10
1438,0,32768,0,-19520,19437,-26381,1
1439,0,32768,0,-19488,19489,-26342,-7
1440,0,32768,0,-19456,19514,-26323,4
1441,0,32768,0,-19424,19566,-26285,-4
1442,0,32768,0,-19392,19592,-26266,7
1443,0,32768,0,-19360,19643,-26228,-2
1444,0,32768,0,-19328,19668,-26209,10
1445,0,32768,0,-19296,19720,-26170,1
1446,0,32768,0,-19264,19771,-26132,-7
1447,0,32768,0,-19232,19796,-26112,4
1448,0,32768,0,-19200,19847,-26074,-5
1449,0,32768,0,-19168,19873,-26054,7
1450,0,32768,0,-19136,19923,-26015,-2
1451,0,32768,0,-19104,19949,-25996,10
1452,0,32768,0,-19072,20000,-25957,1
1453,0,32768,0,-19040,20050,-25918,-8
1454,0,32768,0,-19008,20076,-25898,4
1455,0,32768,0,-18976,20126,-25859,-5
1456,0,32768,0,-18944,20151,-25839,7
1457,0,32768,0,-18912,20202,-25800,-2
1458,0,32768,0,-18880,20227,-25780,10
1459,0,32768,0,-18848,20277,-25741,1
1460,0,32768,0,-18816,20327,-25701,-8
1461,0,32768,0,-18784,20353,-25681,4
1462,0,32768,0,-18752,20403,-25641,-5
1463,0,32768,0,-18720,20428,-25621,7
1464,0,32768,0,-18688,20478,-25582,-2
1465,0,32768,0,-18656,20503,-25561,10
1466,0,32768,0,-18624,20553,-25521,1
1467,0,32768,0,-18592,20602,-25481,-8
1468,0,32768,0,-18560,20627,-25461,4
1469,0,32768,0,-18528,20677,-25421,-5
1470,0,32768,0,-18496,20702,-25400,7
1471,0,32768,0,-18464,20751,-25360,-2
1472,0,32768,0,-18432,20776,-25340,10
1473,0,32768,0,-18400,20826,-25299,1
1474,0,32768,0,-18368,20875,-25259,-8
1475,0,32768,0,-18336,20896,-25241,7
1476,0,32768,0,-18304,20945,-25200,-2
1477,0,32768,0,-18272,20970,-25179,10
1478,0,32768,0,-18240,21019,-25138,1
1479,0,32768,0,-18208,21068,-25097,-8
1480,0,32768,0,-18176,21092,-25077,4
1481,0,32768,0,-18144,21141,-25035,-5
1482,0,32768,0,-18112,21166,-25015,7
1483,0,32768,0,-18080,21215,-24974,-2
1484,0,32768,0,-18048,21239,-24953,10
1485,0,32768,0,-18016,21288,-24911,1
1486,0,32768,0,-17984,21336,-24869,-8
1487,0,32768,0,-17952,21361,-24849,4
1488,0,32768,0,-17920,21409,-24807,-5
1489,0,32768,0,-17888,21434,-24786,7
1490,0,32768,0,-17856,21482,-24744,-2
1491,0,32768,0,-17824,21506,-24723,9
1492,0,32768,0,-17792,21554,-24681,1
1493,0,32768,0,-17760,21603,-24639,-8
1494,0,32768,0,-17728,21627,-24618,4
1495,0,32768,0,-17696,21674,-24576,-5
1496,0,32768,0,-17664,21698,-24554,7
1497,0,32768,0,-17632,21746,-24512,-2
1498,0,32768,0,-17600,21770,-24491,9
1499,0,32768,0,-17568,21818,-24448,1
1500,0,32768,0,-17536,21866,-24406,-8
1501,0,32768,0,-17504,21890,-24384,4
1502,0,32768,0,-17472,21937,-24341,-5
1503,0,32768,0,-17440,21961,-24320,6
1504,0,32768,0,-17408,22009,-24277,-2
1505,0,32768,0,-17376,22032,-24256,9
1506,0,32768,0,-17344,22079,-24212,1
1507,0,32768,0,-17312,22127,-24169,-8
1508,0,32768,0,-17280,22150,-24148,3
1509,0,32768,0,-17248,22197,-24104,-5
1510,0,32768,0,-17216,22221,-24083,6
1511,0,32768,0,-17184,22268,-24039,-2
1512,0,32768,0,-17152,22291,-24018,9
1513,0,32768,0,-17120,22338,-23974,0
1514,0,32768,0,-17088,22385,-23930,-8
1515,0,32768,0,-17056,22409,-23909,3
1516,0,32768,0,-17024,22455,-23865,-5
1517,0,32768,0,-16992,22478,-23843,7
1518,0,32768,0,-16960,22525,-23799,-2
1519,0,32768,0,-16928,22548,-23777,10
1520,0,32768,0,-16896,22594,-23733,1
1521,0,32768,0,-16864,22641,-23689,-8
1522,0,32768,0,-16832,22664,-23667,4
1523,0,32768,0,-16800,22710,-23622,-5
1524,0,32768,0,-16768,22733,-23600,7
1525,0,32768,0,-16736,22779,-23556,-2
1526,0,32768,0,-16704,22802,-23533,9
1527,0,32768,0,-16672,22848,-23489,1
1528,0,32768,0,-16640,22894,-23444,-8
1529,0,32768,0,-16608,22917,-23422,4
1530,0,32768,0,-16576,22962,-23377,-5
1531,0,32768,0,-16544,22985,-23355,6
1532,0,32768,0,-16512,23031,-23310,-2
1533,0,32768,0,-16480,23053,-23287,9
1534,0,32768,0,-16448,23099,-23242,1
1535,0,32768,0,-16416,23144,-23197,-8
1536,0,32768,0,-16384,23175,-23167,-4
1537,0,32768,0,-16352,23197,-23144,8
1538,0,32768,0,-16320,23242,-23099,-1
1539,0,32768,0,-16288,23287,-23053,-9
1540,0,32768,0,-16256,23310,-23030,2
1541,0,32768,0,-16224,23355,-22985,-6
1542,0,32768,0,-16192,23377,-22962,5
1543,0,32768,0,-16160,23422,-22916,-4
1544,0,32768,0,-16128,23444,-22893,8
1545,0,32768,0,-16096,23489,-22848,-1
1546,0,32768,0,-16064,23534,-22802,-9
1547,0,32768,0,-16032,23556,-22779,2
1548,0,32768,0,-16000,23600,-22733,-7
1549,0,32768,0,-15968,23622,-22710,5
1550,0,32768,0,-15936,23667,-22663,-4
1551,0,32768,0,-15904,23689,-22640,8
1552,0,32768,0,-15872,23733,-22594,-1
1553,0,32768,0,-15840,23777,-22548,-10
1554,0,32768,0,-15808,23799,-22525,2
1555,0,32768,0,-15776,23843,-22478,-7
1556,0,32768,0,-15744,23865,-22455,5
1557,0,32768,0,-15712,23908,-22408,-3
1558,0,32768,0,-15680,23930,-22385,8
1559,0,32768,0,-15648,23974,-22338,0
1560,0,32768,0,-15616,24017,-22291,-9
1561,0,32768,0,-15584,24039,-22268,2
1562,0,32768,0,-15552,24083,-22221,-6
1563,0,32768,0,-15520,24104,-22197,5
1564,0,32768,0,-15488,24148,-22150,-3
1565,0,32768,0,-15456,24169,-22127,8
1566,0,32768,0,-15424,24212,-22079,-1
1567,0,32768,0,-15392,24255,-22032,-9
1568,0,32768,0,-15360,24277,-22008,2
1569,0,32768,0,-15328,24320,-21961,-6
1570,0,32768,0,-15296,24341,-21937,5
1571,0,32768,0,-15264,24384,-21890,-4
1572,0,32768,0,-15232,24406,-21866,8
1573,0,32768,0,-15200,24448,-21818,-1
1574,0,32768,0,-15168,24491,-21770,-9
1575,0,32768,0,-15136,24512,-21746,2
1576,0,32768,0,-15104,24555,-21698,-7
1577,0,32768,0,-15072,24576,-21674,5
1578,0,32768,0,-15040,24618,-21626,-4
1579,0,32768,0,-15008,24639,-21602,8
1580,0,32768,0,-14976,24681,-21554,-1
1581,0,32768,0,-14944,24723,-21506,-9
1582,0,32768,0,-14912,24744,-21482,2
1583,0,32768,0,-14880,24786,-21433,-7
1584,0,32768,0,-14848,24807,-21409,5
1585,0,32768,0,-14816,24849,-21361,-4
1586,0,32768,0,-14784,24870,-21336,8
1587,0,32768,0,-14752,24911,-21288,-1
1588,0,32768,0,-14720,24953,-21239,-10
1589,0,32768,0,-14688,24974,-21215,2
1590,0,32768,0,-14656,25015,-21166,-7
1591,0,32768,0,-14624,25036,-21141,5
1592,0,32768,0,-14592,25077,-21093,-4
1593,0,32768,0,-14560,25097,-21068,8
1594,0,32768,0,-14528,25139,-21019,-1
1595,0,32768,0,-14496,25180,-20970,-10
1596,0,32768,0,-14464,25200,-20945,2
1597,0,32768,0,-14432,25241,-20896,-7
1598,0,32768,0,-14400,25258,-20875,8
1599,0,32768,0,-14368,25299,-20825,-1
1600,0,32768,0,-14336,25339,-20776,-10
1601,0,32768,0,-14304,25360,-20751,2
1602,0,32768,0,-14272,25400,-20702,-7
1603,0,32768,0,-14240,25421,-20677,5
1604,0,32768,0,-14208,25461,-20627,-4
1605,0,32768,0,-14176,25481,-20602,8
1606,0,32768,0,-14144,25521,-20552,-1
1607,0,32768,0,-14112,25561,-20503,-10
1608,0,32768,0,-14080,25581,-20478,2
1609,0,32768,0,-14048,25621,-20428,-7
1610,0,32768,0,-14016,25641,-20403,5
1611,0,32768,0,-13984,25681,-20353,-4
1612,0,32768,0,-13952,25701,-20327,8
1613,0,32768,0,-13920,25741,-20277,-1
1614,0,32768,0,-13888,25780,-20227,-10
1615,0,32768,0,-13856,25800,-20202,2
1616,0,32768,0,-13824,25839,-20151,-7
1617,0,32768,0,-13792,25859,-20126,5
1618,0,32768,0,-13760,25898,-20075,-4
1619,0,32768,0,-13728,25918,-20050,8
1620,0,32768,0,-13696,25957,-19999,-1
1621,0,32768,0,-13664,25996,-19949,-10
1622,0,32768,0,-13632,26015,-19923,2
1623,0,32768,0,-13600,26054,-19872,-7
1624,0,32768,0,-13568,26074,-19847,5
1625,0,32768,0,-13536,26112,-19796,-4
1626,0,32768,0,-13504,26132,-19771,7
1627,0,32768,0,-13472,26170,-19720,-1
1628,0,32768,0,-13440,26209,-19668,-10
1629,0,32768,0,-13408,26228,-19643,2
1630,0,32768,0,-13376,26266,-19592,-7
1631,0,32768,0,-13344,26285,-19566,4
1632,0,32768,0,-13312,26324,-19514,-4
1633,0,32768,0,-13280,26343,-19489,7
1634,0,32768,0,-13248,26381,-19437,-1
1635,0,32768,0,-13216,26419,-19386,-10
1636,0,32768,0,-13184,26438,-19360,1
1637,0,32768,0,-13152,26475,-19308,-7
1638,0,32768,0,-13120,26494,-19283,4
1639,0,32768,0,-13088,26531,-19231,-4
1640,0,32768,0,-13056,26550,-19205,8
1641,0,32768,0,-13024,26587,-19153,-1
1642,0,32768,0,-12992,26625,-19101,-10
1643,0,32768,0,-12960,26644,-19075,2
1644,0,32768,0,-12928,26681,-19023,-7
1645,0,32768,0,-12896,26699,-18997,5
1646,0,32768,0,-12864,26736,-18945,-4
1647,0,32768,0,-12832,26755,-18919,8
1648,0,32768,0,-12800,26792,-18867,-1
1649,0,32768,0,-12768,26829,-18814,-10
1650,0,32768,0,-12736,26847,-18788,2
1651,0,32768,0,-12704,26883,-18736,-7
1652,0,32768,0,-12672,26902,-18709,5
1653,0,32768,0,-12640,26938,-18657,-4
1654,0,32768,0,-12608,26956,-18630,7
1655,0,32768,0,-12576,26993,-18578,-1
1656,0,32768,0,-12544,27029,-18525,-10
1657,0,32768,0,-12512,27047,-18499,2
1658,0,32768,0,-12480,27083,-18446,-7
1659,0,32768,0,-12448,27101,-18419,5
1660,0,32768,0,-12416,27137,-18366,-4
1661,0,32768,0,-12384,27155,-18340,7
1662,0,32768,0,-12352,27191,-18287,-1
1663,0,32768,0,-12320,27227,-18234,-10
1664,0,32768,0,-12288,27244,-18207,2
1665,0,32768,0,-12256,27280,-18154,-7
1666,0,32768,0,-12224,27298,-18127,4
1667,0,32768,0,-12192,27333,-18074,-4
1668,0,32768,0,-12160,27351,-18047,7
1669,0,32768,0,-12128,27386,-17994,-1
1670,0,32768,0,-12096,27421,-17940,-10
1671,0,32768,0,-12064,27438,-17913,1
1672,0,32768,0,-12032,27473,-17860,-7
1673,0,32768,0,-12000,27491,-17833,4
1674,0,32768,0,-11968,27525,-17779,-4
1675,0,32768,0,-11936,27543,-17752,7
1676,0,32768,0,-11904,27578,-17699,-2
1677,0,32768,0,-11872,27595,-17672,10
1678,0,32768,0,-11840,27629,-17618,1
1679,0,32768,0,-11808,27661,-17567,-5
1680,0,32768,0,-11776,27678,-17540,7
1681,0,32768,0,-11744,27712,-17486,-2
1682,0,32768,0,-11712,27730,-17459,10
1683,0,32768,0,-11680,27764,-17405,1
1684,0,32768,0,-11648,27797,-17350,-8
1685,0,32768,0,-11616,27814,-17323,4
1686,0,32768,0,-11584,27848,-17269,-5
1687,0,32768,0,-11552,27865,-17242,7
1688,0,32768,0,-11520,27899,-17187,-2
1689,0,32768,0,-11488,27915,-17160,10
1690,0,32768,0,-11456,27949,-17105,1
1691,0,32768,0,-11424,27982,-17051,-8
1692,0,32768,0,-11392,27999,-17023,4
1693,0,32768,0,-11360,28032,-16969,-5
1694,0,32768,0,-11328,28049,-16941,7
1695,0,32768,0,-11296,28082,-16887,-2
1696,0,32768,0,-11264,28098,-16859,10
1697,0,32768,0,-11232,28131,-16804,1
1698,0,32768,0,-11200,28164,-16749,-8
1699,0,32768,0,-11168,28180,-16722,4
1700,0,32768,0,-11136,28213,-16667,-5
1701,0,32768,0,-11104,28229,-16639,7
1702,0,32768,0,-11072,28262,-16584,-2
1703,0,32768,0,-11040,28278,-16556,10
1704,0,32768,0,-11008,28310,-16501,1
1705,0,32768,0,-10976,28342,-16446,-8
1706,0,32768,0,-10944,28358,-16418,4
1707,0,32768,0,-10912,28390,-16363,-5
1708,0,32768,0,-10880,28406,-16335,7
1709,0,32768,0,-10848,28438,-16279,-2
1710,0,32768,0,-10816,28454,-16252,10
1711,0,32768,0,-10784,28486,-16196,1
1712,0,32768,0,-10752,28517,-16141,-8
1713,0,32768,0,-10720,28533,-16113,4
1714,0,32768,0,-10688,28564,-16057,-5
1715,0,32768,0,-10656,28580,-16029,7
1716,0,32768,0,-10624,28611,-15973,-2
1717,0,32768,0,-10592,28627,-15945,9
1718,0,32768,0,-10560,28658,-15889,1
1719,0,32768,0,-10528,28689,-15834,-8
1720,0,32768,0,-10496,28704,-15806,4
1721,0,32768,0,-10464,28735,-15750,-5
1722,0,32768,0,-10432,28750,-15721,7
1723,0,32768,0,-10400,28781,-15665,-2
1724,0,32768,0,-10368,28796,-15637,10
1725,0,32768,0,-10336,28827,-15581,1
1726,0,32768,0,-10304,28857,-15525,-8
1727,0,32768,0,-10272,28872,-15496,4
1728,0,32768,0,-10240,28902,-15440,-5
1729,0,32768,0,-10208,28918,-15412,7
1730,0,32768,0,-10176,28948,-15355,-2
1731,0,32768,0,-10144,28962,-15327,10
1732,0,32768,0,-10112,28992,-15270,1
1733,0,32768,0,-10080,29022,-15214,-8
1734,0,32768,0,-10048,29037,-15186,4
1735,0,32768,0,-10016,29067,-15129,-5
1736,0,32768,0,-9984,29081,-15100,7
1737,0,32768,0,-9952,29111,-15043,-2
1738,0,32768,0,-9920,29126,-15015,10
1739,0,32768,0,-9888,29155,-14958,1
1740,0,32768,0,-9856,29184,-14901,-8
1741,0,32768,0,-9824,29198,-14873,4
1742,0,32768,0,-9792,29227,-14816,-5
1743,0,32768,0,-9760,29242,-14787,7
1744,0,32768,0,-9728,29271,-14730,-2
1745,0,32768,0,-9696,29285,-14701,10
1746,0,32768,0,-9664,29314,-14644,1
1747,0,32768,0,-9632,29342,-14587,-8
1748,0,32768,0,-9600,29357,-14558,4
1749,0,32768,0,-9568,29385,-14501,-5
1750,0,32768,0,-9536,29399,-14472,7
1751,0,32768,0,-9504,29427,-14415,-2
1752,0,32768,0,-9472,29441,-14386,9
1753,0,32768,0,-9440,29469,-14328,1
1754,0,32768,0,-9408,29497,-14271,-8
1755,0,32768,0,-9376,29511,-14242,4
1756,0,32768,0,-9344,29539,-14184,-5
1757,0,32768,0,-9312,29553,-14156,6
1758,0,32768,0,-9280,29581,-14098,-2
1759,0,32768,0,-9248,29594,-14069,9
1760,0,32768,0,-9216,29620,-14015,4
1761,0,32768,0,-9184,29647,-13957,-5
1762,0,32768,0,-9152,29661,-13928,6
1763,0,32768,0,-9120,29688,-13870,-2
1764,0,32768,0,-9088,29701,-13841,9
1765,0,32768,0,-9056,29728,-13783,1
1766,0,32768,0,-9024,29755,-13725,-8
1767,0,32768,0,-8992,29769,-13696,3
1768,0,32768,0,-8960,29795,-13638,-5
1769,0,32768,0,-8928,29809,-13609,6
1770,0,32768,0,-8896,29835,-13551,-2
1771,0,32768,0,-8864,29848,-13521,9
1772,0,32768,0,-8832,29875,-13463,0
1773,0,32768,0,-8800,29901,-13405,-8
1774,0,32768,0,-8768,29914,-13376,3
1775,0,32768,0,-8736,29940,-13317,-5
1776,0,32768,0,-8704,29953,-13288,6
1777,0,32768,0,-8672,29979,-13229,-3
1778,0,32768,0,-8640,29992,-13200,9
1779,0,32768,0,-8608,30018,-13142,0
1780,0,32768,0,-8576,30043,-13083,-8
1781,0,32768,0,-8544,30056,-13054,3
1782,0,32768,0,-8512,30081,-12995,-5
1783,0,32768,0,-8480,30094,-12965,6
1784,0,32768,0,-8448,30119,-12907,-3
1785,0,32768,0,-8416,30132,-12877,9
1786,0,32768,0,-8384,30157,-12818,0
1787,0,32768,0,-8352,30182,-12760,-8
1788,0,32768,0,-8320,30194,-12730,3
1789,0,32768,0,-8288,30219,-12671,-6
1790,0,32768,0,-8256,30232,-12642,6
1791,0,32768,0,-8224,30256,-12582,-3
1792,0,32768,0,-8192,30268,-12553,9
1793,0,32768,0,-8160,30293,-12494,0
1794,0,32768,0,-8128,30317,-12435,-9
1795,0,32768,0,-8096,30329,-12405,3
1796,0,32768,0,-8064,30354,-12346,-6
1797,0,32768,0,-8032,30366,-12316,6
1798,0,32768,0,-8000,30390,-12257,-3
1799,0,32768,0,-7968,30402,-12227,9
1800,0,32768,0,-7936,30426,-12168,0
1801,0,32768,0,-7904,30449,-12109,-8
1802,0,32768,0,-7872,30461,-12079,3
1803,0,32768,0,-7840,30484,-12019,-5
1804,0,32768,0,-7808,30496,-11990,6
1805,0,32768,0,-7776,30519,-11930,-2
1806,0,32768,0,-7744,30531,-11900,9
1807,0,32768,0,-7712,30554,-11841,0
1808,0,32768,0,-7680,30577,-11781,-8
1809,0,32768,0,-7648,30589,-11751,3
1810,0,32768,0,-7616,30612,-11691,-5
1811,0,32768,0,-7584,30623,-11661,6
1812,0,32768,0,-7552,30646,-11602,-3
1813,0,32768,0,-7520,30657,-11572,9
1814,0,32768,0,-7488,30680,-11512,0
1815,0,32768,0,-7456,30702,-11452,-8
1816,0,32768,0,-7424,30713,-11422,3
1817,0,32768,0,-7392,30735,-11362,-6
1818,0,32768,0,-7360,30747,-11332,6
1819,0,32768,0,-7328,30769,-11272,-3
1820,0,32768,0,-7296,30780,-11242,9
1821,0,32768,0,-7264,30801,-11182,0
1822,0,32768,0,-7232,30823,-11121,-8
1823,0,32768,0,-7200,30834,-11091,3
1824,0,32768,0,-7168,30856,-11031,-6
1825,0,32768,0,-7136,30866,-11001,6
1826,0,32768,0,-7104,30888,-10941,-3
1827,0,32768,0,-7072,30898,-10910,9
1828,0,32768,0,-7040,30920,-10850,0
1829,0,32768,0,-7008,30941,-10790,-9
1830,0,32768,0,-6976,30951,-10760,3
1831,0,32768,0,-6944,30972,-10699,-6
1832,0,32768,0,-6912,30983,-10669,6
1833,0,32768,0,-6880,31004,-10608,-3
1834,0,32768,0,-6848,31014,-10578,9
1835,0,32768,0,-6816,31035,-10517,0
1836,0,32768,0,-6784,31055,-10457,-9
1837,0,32768,0,-6752,31065,-10427,3
1838,0,32768,0,-6720,31086,-10366,-6
1839,0,32768,0,-6688,31098,-10328,1
1840,0,32768,0,-6656,31118,-10268,-7
1841,0,32768,0,-6624,31128,-10237,4
1842,0,32768,0,-6592,31148,-10176,-5
1843,0,32768,0,-6560,31158,-10146,7
1844,0,32768,0,-6528,31177,-10085,-2
1845,0,32768,0,-6496,31187,-10055,10
1846,0,32768,0,-6464,31207,-9993,1
1847,0,32768,0,-6432,31226,-9933,-8
1848,0,32768,0,-6400,31236,-9902,4
1849,0,32768,0,-6368,31255,-9841,-5
1850,0,32768,0,-6336,31265,-9811,7
1851,0,32768,0,-6304,31284,-9750,-2
1852,0,32768,0,-6272,31294,-9719,10
1853,0,32768,0,-6240,31312,-9658,1
1854,0,32768,0,-6208,31331,-9597,-8
1855,0,32768,0,-6176,31341,-9566,4
1856,0,32768,0,-6144,31359,-9505,-5
1857,0,32768,0,-6112,31368,-9474,7
1858,0,32768,0,-6080,31387,-9413,-2
1859,0,32768,0,-6048,31396,-9382,10
1860,0,32768,0,-6016,31414,-9321,1
1861,0,32768,0,-5984,31432,-9260,-8
1862,0,32768,0,-5952,31441,-9229,4
1863,0,32768,0,-5920,31459,-9168,-5
1864,0,32768,0,-5888,31468,-9137,7
1865,0,32768,0,-5856,31486,-9075,-2
1866,0,32768,0,-5824,31495,-9045,10
1867,0,32768,0,-5792,31513,-8983,1
1868,0,32768,0,-5760,31530,-8922,-8
1869,0,32768,0,-5728,31539,-8891,4
1870,0,32768,0,-5696,31556,-8829,-5
1871,0,32768,0,-5664,31565,-8798,7
1872,0,32768,0,-5632,31582,-8737,-2
1873,0,32768,0,-5600,31590,-8706,10
1874,0,32768,0,-5568,31607,-8644,1
1875,0,32768,0,-5536,31624,-8582,-8
1876,0,32768,0,-5504,31633,-8551,4
1877,0,32768,0,-5472,31649,-8490,-5
1878,0,32768,0,-5440,31657,-8459,7
1879,0,32768,0,-5408,31674,-8397,-2
1880,0,32768,0,-5376,31682,-8366,10
1881,0,32768,0,-5344,31698,-8305,1
1882,0,32768,0,-5312,31714,-8243,-8
1883,0,32768,0,-5280,31722,-8212,4
1884,0,32768,0,-5248,31738,-8150,-5
1885,0,32768,0,-5216,31746,-8119,7
1886,0,32768,0,-5184,31762,-8057,-2
1887,0,32768,0,-5152,31770,-8026,10
1888,0,32768,0,-5120,31786,-7964,1
1889,0,32768,0,-5088,31801,-7901,-8
1890,0,32768,0,-5056,31809,-7870,4
1891,0,32768,0,-5024,31824,-7808,-5
1892,0,32768,0,-4992,31832,-7777,7
1893,0,32768,0,-4960,31847,-7715,-2
1894,0,32768,0,-4928,31855,-7684,10
1895,0,32768,0,-4896,31869,-7622,1
1896,0,32768,0,-4864,31884,-7559,-8
1897,0,32768,0,-4832,31891,-7528,4
1898,0,32768,0,-4800,31906,-7466,-5
1899,0,32768,0,-4768,31913,-7435,7
1900,0,32768,0,-4736,31928,-7373,-2
1901,0,32768,0,-4704,31935,-7341,10
1902,0,32768,0,-4672,31949,-7279,1
1903,0,32768,0,-4640,31963,-7217,-8
1904,0,32768,0,-4608,31971,-7185,4
1905,0,32768,0,-4576,31985,-7123,-5
1906,0,32768,0,-4544,31992,-7092,7
1907,0,32768,0,-4512,32005,-7029,-2
1908,0,32768,0,-4480,32012,-6998,10
1909,0,32768,0,-4448,32026,-6935,1
1910,0,32768,0,-4416,32039,-6873,-8
1911,0,32768,0,-4384,32046,-6842,4
1912,0,32768,0,-4352,32059,-6779,-5
1913,0,32768,0,-4320,32066,-6748,7
1914,0,32768,0,-4288,32079,-6685,-2
1915,0,32768,0,-4256,32085,-6654,9
1916,0,32768,0,-4224,32098,-6591,1
1917,0,32768,0,-4192,32110,-6532,-5
1918,0,32768,0,-4160,32117,-6501,7
1919,0,32768,0,-4128,32129,-6439,-2
1920,0,32768,0,-4096,32135,-6407,9
1921,0,32768,0,-4064,32148,-6344,1
1922,0,32768,0,-4032,32160,-6282,-8
1923,0,32768,0,-4000,32166,-6250,4
1924,0,32768,0,-3968,32179,-6187,-5
1925,0,32768,0,-3936,32185,-6156,6
1926,0,32768,0,-3904,32197,-6093,-2
1927,0,32768,0,-3872,32203,-6062,9
1928,0,32768,0,-3840,32214,-5999,1
1929,0,32768,0,-3808,32226,-5936,-8
1930,0,32768,0,-3776,32232,-5904,3
1931,0,32768,0,-3744,32243,-5841,-5
1932,0,32768,0,-3712,32249,-5810,6
1933,0,32768,0,-3680,32260,-5747,-2
1934,0,32768,0,-3648,32266,-5715,9
1935,0,32768,0,-3616,32277,-5652,0
1936,0,32768,0,-3584,32288,-5589,-8
1937,0,32768,0,-3552,32293,-5558,3
1938,0,32768,0,-3520,32304,-5495,-5
1939,0,32768,0,-3488,32309,-5463,6
1940,0,32768,0,-3456,32320,-5400,-2
1941,0,32768,0,-3424,32325,-5369,9
1942,0,32768,0,-3392,32336,-5306,0
1943,0,32768,0,-3360,32346,-5242,-8
1944,0,32768,0,-3328,32351,-5211,3
1945,0,32768,0,-3296,32361,-5147,-5
1946,0,32768,0,-3264,32366,-5116,6
1947,0,32768,0,-3232,32376,-5053,-3
1948,0,32768,0,-3200,32381,-5021,9
1949,0,32768,0,-3168,32391,-4958,0
1950,0,32768,0,-3136,32401,-4895,-8
1951,0,32768,0,-3104,32405,-4863,3
1952,0,32768,0,-3072,32415,-4800,-6
1953,0,32768,0,-3040,32419,-4768,6
1954,0,32768,0,-3008,32429,-4705,-3
1955,0,32768,0,-2976,32433,-4673,9
1956,0,32768,0,-2944,32442,-4610,0
1957,0,32768,0,-2912,32451,-4546,-9
1958,0,32768,0,-2880,32455,-4515,4
1959,0,32768,0,-2848,32464,-4451,-5
1960,0,32768,0,-2816,32469,-4420,6
1961,0,32768,0,-2784,32477,-4356,-2
1962,0,32768,0,-2752,32481,-4325,9
1963,0,32768,0,-2720,32490,-4261,1
1964,0,32768,0,-2688,32498,-4198,-8
1965,0,32768,0,-2656,32502,-4166,3
1966,0,32768,0,-2624,32510,-4103,-5
1967,0,32768,0,-2592,32514,-4071,6
1968,0,32768,0,-2560,32522,-4007,-2
1969,0,32768,0,-2528,32526,-3976,9
1970,0,32768,0,-2496,32534,-3912,0
1971,0,32768,0,-2464,32541,-3849,-8
1972,0,32768,0,-2432,32545,-3817,3
1973,0,32768,0,-2400,32552,-3753,-5
1974,0,32768,0,-2368,32556,-3721,6
1975,0,32768,0,-2336,32563,-3658,-3
1976,0,32768,0,-2304,32567,-3626,9
1977,0,32768,0,-2272,32574,-3563,0
1978,0,32768,0,-2240,32581,-3499,-8
1979,0,32768,0,-2208,32584,-3467,3
1980,0,32768,0,-2176,32591,-3403,-5
1981,0,32768,0,-2144,32594,-3371,6
1982,0,32768,0,-2112,32601,-3308,-3
1983,0,32768,0,-2080,32604,-3276,9
1984,0,32768,0,-2048,32610,-3212,0
1985,0,32768,0,-2016,32617,-3149,-8
1986,0,32768,0,-1984,32620,-3117,3
1987,0,32768,0,-1952,32626,-3053,-6
1988,0,32768,0,-1920,32629,-3021,6
1989,0,32768,0,-1888,32634,-2958,-3
1990,0,32768,0,-1856,32637,-2926,9
1991,0,32768,0,-1824,32643,-2862,0
1992,0,32768,0,-1792,32648,-2798,-9
1993,0,32768,0,-1760,32651,-2766,3
1994,0,32768,0,-1728,32657,-2703,-6
1995,0,32768,0,-1696,32659,-2671,6
1996,0,32768,0,-1664,32664,-2607,-3
1997,0,32768,0,-1632,32667,-2575,9
1998,0,32768,0,-1600,32671,-2515,3
1999,0,32768,0,-1568,32676,-2451,-6
2000,0,32768,0,-1536,32679,-2419,6
2001,0,32768,0,-1504,32683,-2356,-3
2002,0,32768,0,-1472,32685,-2324,9
2003,0,32768,0,-1440,32690,-2260,0
2004,0,32768,0,-1408,32694,-2196,-9
2005,0,32768,0,-1376,32697,-2164,3
2006,0,32768,0,-1344,32701,-2100,-6
2007,0,32768,0,-1312,32703,-2068,6
2008,0,32768,0,-1280,32707,-2004,-3
2009,0,32768,0,-1248,32709,-1972,9
2010,0,32768,0,-1216,32712,-1909,0
2011,0,32768,0,-1184,32716,-1845,-9
2012,0,32768,0,-1152,32718,-1813,3
2013,0,32768,0,-1120,32721,-1749,-6
2014,0,32768,0,-1088,32723,-1717,6
2015,0,32768,0,-1056,32726,-1653,-3
2016,0,32768,0,-1024,32728,-1621,8
2017,0,32768,0,-992,32731,-1557,0
2018,0,32768,0,-960,32734,-1493,-9
2019,0,32768,0,-928,32735,-1461,3
2020,0,32768,0,-896,32738,-1397,-6
2021,0,32768,0,-864,32740,-1365,6
2022,0,32768,0,-832,32742,-1301,-3
2023,0,32768,0,-800,32744,-1270,8
2024,0,32768,0,-768,32746,-1206,0
2025,0,32768,0,-736,32748,-1142,-9
2026,0,32768,0,-704,32749,-1110,3
2027,0,32768,0,-672,32751,-1046,-6
2028,0,32768,0,-640,32753,-1014,5
2029,0,32768,0,-608,32754,-950,-3
2030,0,32768,0,-576,32755,-918,8
2031,0,32768,0,-544,32757,-854,0
2032,0,32768,0,-512,32759,-790,-9
2033,0,32768,0,-480,32759,-758,2
2034,0,32768,0,-448,32761,-694,-6
2035,0,32768,0,-416,32761,-662,5
2036,0,32768,0,-384,32763,-598,-3
2037,0,32768,0,-352,32763,-566,8
2038,0,32768,0,-320,32764,-502,-1
2039,0,32768,0,-288,32765,-438,-9
2040,0,32768,0,-256,32765,-406,3
2041,0,32768,0,-224,32766,-342,-6
2042,0,32768,0,-192,32767,-310,6
2043,0,32768,0,-160,32767,-246,-3
2044,0,32768,0,-128,32767,-214,9
2045,0,32768,0,-96,32768,-150,0
2046,0,32768,0,-64,32768,-86,-9
2047,0,32768,0,-32,32768,-54,3
2048,0,32768,0,0,32768,-10,6
2049,0,32768,0,32,32768,54,-3
2050,0,32768,0,64,32768,86,9
2051,0,32768,0,96,32768,150,0
2052,0,32768,0,128,32767,214,-9
2053,0,32768,0,160,32767,246,3
2054,0,32768,0,192,32767,310,-6
2055,0,32768,0,224,32766,342,6
2056,0,32768,0,256,32766,406,-3
2057,0,32768,0,288,32765,438,9
2058,0,32768,0,320,32764,502,1
2059,0,32768,0,352,32763,566,-8
2060,0,32768,0,384,32763,598,3
2061,0,32768,0,416,32761,662,-5
2062,0,32768,0,448,32761,694,6
2063,0,32768,0,480,32759,758,-2
2064,0,32768,0,512,32759,790,9
2065,0,32768,0,544,32757,854,0
2066,0,32768,0,576,32755,918,-8
2067,0,32768,0,608,32754,950,3
2068,0,32768,0,640,32752,1014,-5
2069,0,32768,0,672,32751,1046,6
2070,0,32768,0,704,32749,1109,-3
2071,0,32768,0,736,32748,1142,9
2072,0,32768,0,768,32746,1205,0
2073,0,32768,0,800,32744,1269,-8
2074,0,32768,0,832,32742,1301,3
2075,0,32768,0,864,32740,1365,-6
2076,0,32768,0,896,32738,1397,6
2077,0,32768,0,928,32736,1461,-3
2078,0,32768,0,960,32734,1493,9
2079,0,32768,0,992,32731,1557,0
2080,0,32768,0,1024,32728,1621,-8
2081,0,32768,0,1056,32726,1653,3
2082,0,32768,0,1088,32723,1717,-6
2083,0,32768,0,1120,32721,1749,6
2084,0,32768,0,1152,32718,1813,-3
2085,0,32768,0,1184,32716,1845,9
2086,0,32768,0,1216,32712,1909,0
2087,0,32768,0,1248,32709,1973,-9
2088,0,32768,0,1280,32707,2004,3
2089,0,32768,0,1312,32703,2068,-6
2090,0,32768,0,1344,32701,2100,6
2091,0,32768,0,1376,32697,2164,-3
2092,0,32768,0,1408,32694,2196,9
2093,0,32768,0,1440,32690,2260,0
2094,0,32768,0,1472,32686,2324,-9
2095,0,32768,0,1504,32683,2356,3
2096,0,32768,0,1536,32679,2420,-6
2097,0,32768,0,1568,32676,2451,6
2098,0,32768,0,1600,32672,2515,-3
2099,0,32768,0,1632,32667,2575,-9
2100,0,32768,0,1664,32664,2607,3
2101,0,32768,0,1696,32659,2671,-6
2102,0,32768,0,1728,32656,2703,6
2103,0,32768,0,1760,32651,2766,-3
2104,0,32768,0,1792,32648,2798,9
2105,0,32768,0,1824,32643,2862,0
2106,0,32768,0,1856,32637,2926,-9
2107,0,32768,0,1888,32634,2958,3
2108,0,32768,0,1920,32628,3021,-6
2109,0,32768,0,1952,32625,3053,6
2110,0,32768,0,1984,32619,3117,-3
2111,0,32768,0,2016,32616,3149,8
2112,0,32768,0,2048,32610,3212,0
2113,0,32768,0,2080,32604,3276,-9
2114,0,32768,0,2112,32601,3308,3
2115,0,32768,0,2144,32594,3372,-6
2116,0,32768,0,2176,32591,3403,5
2117,0,32768,0,2208,32584,3467,-3
2118,0,32768,0,2240,32581,3499,8
2119,0,32768,0,2272,32574,3563,0
2120,0,32768,0,2304,32567,3626,-9
2121,0,32768,0,2336,32563,3658,3
2122,0,32768,0,2368,32556,3721,-6
2123,0,32768,0,2400,32552,3753,5
2124,0,32768,0,2432,32545,3817,-3
2125,0,32768,0,2464,32541,3849,8
2126,0,32768,0,2496,32534,3912,0
2127,0,32768,0,2528,32526,3976,-9
2128,0,32768,0,2560,32522,4007,2
2129,0,32768,0,2592,32514,4071,-6
2130,0,32768,0,2624,32510,4103,5
2131,0,32768,0,2656,32502,4166,-3
2132,0,32768,0,2688,32498,4198,8
2133,0,32768,0,2720,32490,4261,-1
2134,0,32768,0,2752,32481,4325,-9
2135,0,32768,0,2784,32477,4357,2
2136,0,32768,0,2816,32469,4420,-6
2137,0,32768,0,2848,32464,4452,5
2138,0,32768,0,2880,32456,4515,-4
2139,0,32768,0,2912,32451,4546,9
2140,0,32768,0,2944,32442,4610,0
2141,0,32768,0,2976,32433,4673,-9
2142,0,32768,0,3008,32429,4705,3
2143,0,32768,0,3040,32419,4768,-6
2144,0,32768,0,3072,32415,4800,6
2145,0,32768,0,3104,32405,4863,-3
2146,0,32768,0,3136,32401,4895,8
2147,0,32768,0,3168,32391,4958,0
2148,0,32768,0,3200,32381,5021,-9
2149,0,32768,0,3232,32376,5053,3
2150,0,32768,0,3264,32366,5116,-6
2151,0,32768,0,3296,32361,5147,5
2152,0,32768,0,3328,32351,5211,-3
2153,0,32768,0,3360,32346,5242,8
2154,0,32768,0,3392,32336,5306,0
2155,0,32768,0,3424,32325,5369,-9
2156,0,32768,0,3456,32320,5400,2
2157,0,32768,0,3488,32310,5463,-6
2158,0,32768,0,3520,32304,5495,5
2159,0,32768,0,3552,32293,5558,-3
2160,0,32768,0,3584,32288,5589,8
2161,0,32768,0,3616,32277,5652,0
2162,0,32768,0,3648,32266,5715,-9
2163,0,32768,0,3680,32260,5747,2
2164,0,32768,0,3712,32249,5810,-6
2165,0,32768,0,3744,32243,5841,5
2166,0,32768,0,3776,32232,5904,-3
2167,0,32768,0,3808,32226,5936,8
2168,0,32768,0,3840,32214,5999,-1
2169,0,32768,0,3872,32203,6062,-9
2170,0,32768,0,3904,32197,6093,2
2171,0,32768,0,3936,32185,6156,-6
2172,0,32768,0,3968,32179,6187,5
2173,0,32768,0,4000,32167,6250,-4
2174,0,32768,0,4032,32161,6282,8
2175,0,32768,0,4064,32148,6344,-1
2176,0,32768,0,4096,32136,6407,-9
2177,0,32768,0,4128,32129,6439,2
2178,0,32768,0,4160,32117,6501,-7
2179,0,32768,0,4192,32111,6533,5
2180,0,32768,0,4224,32098,6591,-1
2181,0,32768,0,4256,32085,6654,-9
2182,0,32768,0,4288,32079,6685,2
2183,0,32768,0,4320,32066,6748,-7
2184,0,32768,0,4352,32059,6779,5
2185,0,32768,0,4384,32046,6842,-4
2186,0,32768,0,4416,32039,6873,8
2187,0,32768,0,4448,32026,6935,-1
2188,0,32768,0,4480,32012,6998,-10
2189,0,32768,0,4512,32005,7029,2
2190,0,32768,0,4544,31991,7092,-7
2191,0,32768,0,4576,31984,7123,5
2192,0,32768,0,4608,31971,7186,-4
2193,0,32768,0,4640,31964,7217,8
2194,0,32768,0,4672,31949,7279,-1
2195,0,32768,0,4704,31935,7341,-10
2196,0,32768,0,4736,31928,7373,2
2197,0,32768,0,4768,31914,7435,-7
2198,0,32768,0,4800,31906,7466,5
2199,0,32768,0,4832,31892,7528,-4
2200,0,32768,0,4864,31884,7560,8
2201,0,32768,0,4896,31869,7622,-1
2202,0,32768,0,4928,31854,7684,-10
2203,0,32768,0,4960,31847,7715,2
2204,0,32768,0,4992,31832,7777,-7
2205,0,32768,0,5024,31824,7808,5
2206,0,32768,0,5056,31809,7871,-4
2207,0,32768,0,5088,31801,7902,8
2208,0,32768,0,5120,31786,7964,-1
2209,0,32768,0,5152,31770,8026,-10
2210,0,32768,0,5184,31762,8057,2
2211,0,32768,0,5216,31746,8119,-7
2212,0,32768,0,5248,31739,8150,5
2213,0,32768,0,5280,31723,8212,-4
2214,0,32768,0,5312,31715,8243,8
2215,0,32768,0,5344,31698,8305,-1
2216,0,32768,0,5376,31682,8366,-10
2217,0,32768,0,5408,31674,8397,2
2218,0,32768,0,5440,31658,8459,-7
2219,0,32768,0,5472,31649,8490,5
2220,0,32768,0,5504,31632,8552,-4
2221,0,32768,0,5536,31624,8582,8
2222,0,32768,0,5568,31607,8644,-1
2223,0,32768,0,5600,31590,8706,-10
2224,0,32768,0,5632,31582,8737,2
2225,0,32768,0,5664,31565,8798,-7
2226,0,32768,0,5696,31556,8829,5
2227,0,32768,0,5728,31539,8891,-4
2228,0,32768,0,5760,31530,8922,8
2229,0,32768,0,5792,31513,8983,-1
2230,0,32768,0,5824,31495,9045,-10
2231,0,32768,0,5856,31486,9075,2
2232,0,32768,0,5888,31469,9137,-7
2233,0,32768,0,5920,31459,9168,5
2234,0,32768,0,5952,31442,9229,-4
2235,0,32768,0,5984,31433,9260,8
2236,0,32768,0,6016,31414,9321,-1
2237,0,32768,0,6048,31396,9382,-10
2238,0,32768,0,6080,31387,9413,2
2239,0,32768,0,6112,31369,9474,-7
2240,0,32768,0,6144,31359,9505,5
2241,0,32768,0,6176,31341,9566,-4
2242,0,32768,0,6208,31331,9597,8
2243,0,32768,0,6240,31313,9658,-1
2244,0,32768,0,6272,31294,9719,-10
2245,0,32768,0,6304,31284,9750,2
2246,0,32768,0,6336,31265,9811,-7
2247,0,32768,0,6368,31255,9841,5
2248,0,32768,0,6400,31236,9902,-4
2249,0,32768,0,6432,31227,9933,8
2250,0,32768,0,6464,31207,9994,-1
2251,0,32768,0,6496,31187,10055,-10
2252,0,32768,0,6528,31178,10085,2
2253,0,32768,0,6560,31158,10146,-7
2254,0,32768,0,6592,31148,10176,5
2255,0,32768,0,6624,31128,10237,-4
2256,0,32768,0,6656,31118,10268,7
2257,0,32768,0,6688,31098,10328,-1
2258,0,32768,0,6720,31085,10366,6
2259,0,32768,0,6752,31065,10427,-3
2260,0,32768,0,6784,31055,10457,9
2261,0,32768,0,6816,31034,10518,0
2262,0,32768,0,6848,31014,10578,-9
2263,0,32768,0,6880,31003,10608,3
2264,0,32768,0,6912,30983,10669,-6
2265,0,32768,0,6944,30972,10699,6
2266,0,32768,0,6976,30951,10760,-3
2267,0,32768,0,7008,30941,10790,9
2268,0,32768,0,7040,30919,10850,0
2269,0,32768,0,7072,30898,10911,-9
2270,0,32768,0,7104,30888,10941,3
2271,0,32768,0,7136,30866,11001,-6
2272,0,32768,0,7168,30855,11031,6
2273,0,32768,0,7200,30834,11091,-3
2274,0,32768,0,7232,30823,11121,8
2275,0,32768,0,7264,30801,11182,0
2276,0,32768,0,7296,30779,11242,-9
2277,0,32768,0,7328,30768,11272,3
2278,0,32768,0,7360,30746,11332,-6
2279,0,32768,0,7392,30735,11362,6
2280,0,32768,0,7424,30713,11422,-3
2281,0,32768,0,7456,30702,11452,8
2282,0,32768,0,7488,30679,11512,0
2283,0,32768,0,7520,30657,11572,-9
2284,0,32768,0,7552,30646,11602,3
2285,0,32768,0,7584,30623,11661,-6
2286,0,32768,0,7616,30611,11691,5
2287,0,32768,0,7648,30588,11751,-3
2288,0,32768,0,7680,30577,11781,8
2289,0,32768,0,7712,30554,11841,0
2290,0,32768,0,7744,30531,11900,-9
2291,0,32768,0,7776,30519,11930,2
2292,0,32768,0,7808,30496,11990,-6
2293,0,32768,0,7840,30484,12019,5
2294,0,32768,0,7872,30461,12079,-3
2295,0,32768,0,7904,30449,12109,8
2296,0,32768,0,7936,30425,12168,0
2297,0,32768,0,7968,30401,12227,-9
2298,0,32768,0,8000,30389,12257,3
2299,0,32768,0,8032,30365,12316,-6
2300,0,32768,0,8064,30353,12346,6
2301,0,32768,0,8096,30329,12405,-3
2302,0,32768,0,8128,30317,12435,9
2303,0,32768,0,8160,30293,12494,0
2304,0,32768,0,8192,30268,12553,-9
2305,0,32768,0,8224,30256,12582,3
2306,0,32768,0,8256,30231,12642,-6
2307,0,32768,0,8288,30219,12671,6
2308,0,32768,0,8320,30194,12730,-3
2309,0,32768,0,8352,30182,12760,8
2310,0,32768,0,8384,30157,12819,0
2311,0,32768,0,8416,30132,12877,-9
2312,0,32768,0,8448,30119,12907,3
2313,0,32768,0,8480,30094,12966,-6
2314,0,32768,0,8512,30081,12995,5
2315,0,32768,0,8544,30056,13054,-3
2316,0,32768,0,8576,30043,13083,8
2317,0,32768,0,8608,30017,13142,0
2318,0,32768,0,8640,29992,13200,-9
2319,0,32768,0,8672,29979,13230,3
2320,0,32768,0,8704,29953,13288,-6
2321,0,32768,0,8736,29940,13317,5
2322,0,32768,0,8768,29914,13376,-3
2323,0,32768,0,8800,29901,13405,8
2324,0,32768,0,8832,29875,13463,0
2325,0,32768,0,8864,29848,13521,-9
2326,0,32768,0,8896,29835,13551,2
2327,0,32768,0,8928,29808,13609,-6
2328,0,32768,0,8960,29795,13638,5
2329,0,32768,0,8992,29769,13696,-3
2330,0,32768,0,9024,29755,13725,8
2331,0,32768,0,9056,29728,13783,-1
2332,0,32768,0,9088,29701,13841,-9
2333,0,32768,0,9120,29688,13870,2
2334,0,32768,0,9152,29661,13928,-6
2335,0,32768,0,9184,29647,13957,5
2336,0,32768,0,9216,29620,14015,-4
2337,0,32768,0,9248,29594,14069,-9
2338,0,32768,0,9280,29580,14098,2
2339,0,32768,0,9312,29553,14156,-6
2340,0,32768,0,9344,29539,14184,5
2341,0,32768,0,9376,29511,14242,-4
2342,0,32768,0,9408,29497,14271,8
2343,0,32768,0,9440,29469,14328,-1
2344,0,32768,0,9472,29441,14386,-9
2345,0,32768,0,9504,29427,14415,2
2346,0,32768,0,9536,29399,14472,-7
2347,0,32768,0,9568,29385,14501,5
2348,0,32768,0,9600,29356,14558,-4
2349,0,32768,0,9632,29342,14587,8
2350,0,32768,0,9664,29314,14644,-1
2351,0,32768,0,9696,29285,14701,-10
2352,0,32768,0,9728,29271,14730,2
2353,0,32768,0,9760,29242,14787,-7
2354,0,32768,0,9792,29228,14816,5
2355,0,32768,0,9824,29198,14873,-4
2356,0,32768,0,9856,29184,14901,8
2357,0,32768,0,9888,29155,14958,-1
2358,0,32768,0,9920,29125,15015,-10
2359,0,32768,0,9952,29111,15044,2
2360,0,32768,0,9984,29081,15100,-7
2361,0,32768,0,10016,29067,15129,5
2362,0,32768,0,10048,29037,15186,-4
2363,0,32768,0,10080,29022,15214,8
2364,0,32768,0,10112,28992,15270,-1
2365,0,32768,0,10144,28963,15327,-10
2366,0,32768,0,10176,28948,15355,2
2367,0,32768,0,10208,28917,15412,-7
2368,0,32768,0,10240,28902,15440,5
2369,0,32768,0,10272,28872,15496,-4
2370,0,32768,0,10304,28857,15525,8
2371,0,32768,0,10336,28827,15581,-1
2372,0,32768,0,10368,28796,15637,-10
2373,0,32768,0,10400,28781,15665,2
2374,0,32768,0,10432,28750,15721,-7
2375,0,32768,0,10464,28735,15750,5
2376,0,32768,0,10496,28704,15806,-4
2377,0,32768,0,10528,28689,15834,8
2378,0,32768,0,10560,28658,15889,-1
2379,0,32768,0,10592,28627,15945,-9
2380,0,32768,0,10624,28611,15973,2
2381,0,32768,0,10656,28580,16029,-7
2382,0,32768,0,10688,28564,16057,5
2383,0,32768,0,10720,28533,16113,-4
2384,0,32768,0,10752,28517,16141,8
2385,0,32768,0,10784,28486,16196,-1
2386,0,32768,0,10816,28454,16252,-10
2387,0,32768,0,10848,28438,16280,2
2388,0,32768,0,10880,28406,16335,-7
2389,0,32768,0,10912,28390,16363,5
2390,0,32768,0,10944,28358,16418,-4
2391,0,32768,0,10976,28342,16446,8
2392,0,32768,0,11008,28310,16501,-1
2393,0,32768,0,11040,28278,16556,-10
2394,0,32768,0,11072,28262,16584,2
2395,0,32768,0,11104,28229,16639,-7
2396,0,32768,0,11136,28213,16667,5
2397,0,32768,0,11168,28180,16722,-4
2398,0,32768,0,11200,28164,16749,8
2399,0,32768,0,11232,28131,16804,-1
2400,0,32768,0,11264,28098,16859,-10
2401,0,32768,0,11296,28082,16887,2
2402,0,32768,0,11328,28049,16941,-7
2403,0,32768,0,11360,28032,16969,5
2404,0,32768,0,11392,27999,17024,-4
2405,0,32768,0,11424,27982,17051,8
2406,0,32768,0,11456,27949,17105,-1
2407,0,32768,0,11488,27916,17160,-10
2408,0,32768,0,11520,27899,17187,2
2409,0,32768,0,11552,27865,17242,-7
2410,0,32768,0,11584,27848,17269,5
2411,0,32768,0,11616,27815,17323,-4
2412,0,32768,0,11648,27798,17350,8
2413,0,32768,0,11680,27764,17405,-1
2414,0,32768,0,11712,27730,17459,-10
2415,0,32768,0,11744,27713,17486,2
2416,0,32768,0,11776,27679,17540,-7
2417,0,32768,0,11808,27661,17567,5
2418,0,32768,0,11840,27629,17618,-1
2419,0,32768,0,11872,27595,17672,-10
2420,0,32768,0,11904,27577,17699,2
2421,0,32768,0,11936,27543,17752,-7
2422,0,32768,0,11968,27525,17779,4
2423,0,32768,0,12000,27490,17833,-4
2424,0,32768,0,12032,27473,17860,7
2425,0,32768,0,12064,27438,17913,-1
2426,0,32768,0,12096,27403,17967,-10
2427,0,32768,0,12128,27386,17994,1
2428,0,32768,0,12160,27350,18047,-7
2429,0,32768,0,12192,27333,18074,4
2430,0,32768,0,12224,27297,18127,-4
2431,0,32768,0,12256,27280,18154,7
2432,0,32768,0,12288,27244,18207,-2
2433,0,32768,0,12320,27226,18234,10
2434,0,32768,0,12352,27191,18287,1
2435,0,32768,0,12384,27155,18340,-7
2436,0,32768,0,12416,27137,18366,4
2437,0,32768,0,12448,27101,18419,-5
2438,0,32768,0,12480,27083,18446,7
2439,0,32768,0,12512,27047,18499,-2
2440,0,32768,0,12544,27029,18525,10
2441,0,32768,0,12576,26993,18578,1
2442,0,32768,0,12608,26957,18630,-7
2443,0,32768,0,12640,26938,18657,4
2444,0,32768,0,12672,26902,18709,-5
2445,0,32768,0,12704,26883,18736,7
2446,0,32768,0,12736,26847,18788,-2
2447,0,32768,0,12768,26829,18814,10
2448,0,32768,0,12800,26792,18867,1
2449,0,32768,0,12832,26755,18919,-8
2450,0,32768,0,12864,26736,18945,4
2451,0,32768,0,12896,26699,18997,-5
2452,0,32768,0,12928,26681,19023,7
2453,0,32768,0,12960,26643,19075,-2
2454,0,32768,0,12992,26625,19101,10
2455,0,32768,0,13024,26588,19153,1
2456,0,32768,0,13056,26550,19205,-8
2457,0,32768,0,13088,26531,19231,4
2458,0,32768,0,13120,26494,19283,-4
2459,0,32768,0,13152,26475,19308,7
2460,0,32768,0,13184,26437,19360,-1
2461,0,32768,0,13216,26400,19412,-10
2462,0,32768,0,13248,26381,19437,1
2463,0,32768,0,13280,26343,19489,-7
2464,0,32768,0,13312,26324,19515,4
2465,0,32768,0,13344,26285,19566,-4
2466,0,32768,0,13376,26266,19592,7
2467,0,32768,0,13408,26228,19643,-2
2468,0,32768,0,13440,26209,19668,10
2469,0,32768,0,13472,26170,19720,1
2470,0,32768,0,13504,26132,19771,-7
2471,0,32768,0,13536,26112,19796,4
2472,0,32768,0,13568,26074,19847,-5
2473,0,32768,0,13600,26054,19873,7
2474,0,32768,0,13632,26015,19923,-2
2475,0,32768,0,13664,25996,19949,10
2476,0,32768,0,13696,25957,20000,1
2477,0,32768,0,13728,25918,20050,-8
2478,0,32768,0,13760,25898,20075,4
2479,0,32768,0,13792,25859,20126,-5
2480,0,32768,0,13824,25839,20151,7
2481,0,32768,0,13856,25800,20202,-2
2482,0,32768,0,13888,25780,20227,10
2483,0,32768,0,13920,25741,20277,1
2484,0,32768,0,13952,25701,20327,-8
2485,0,32768,0,13984,25681,20353,4
2486,0,32768,0,14016,25641,20403,-5
2487,0,32768,0,14048,25621,20428,7
2488,0,32768,0,14080,25582,20478,-2
2489,0,32768,0,14112,25561,20503,10
2490,0,32768,0,14144,25521,20553,1
2491,0,32768,0,14176,25481,20602,-8
2492,0,32768,0,14208,25461,20627,4
2493,0,32768,0,14240,25421,20677,-5
2494,0,32768,0,14272,25400,20702,7
2495,0,32768,0,14304,25360,20751,-2
2496,0,32768,0,14336,25340,20776,10
2497,0,32768,0,14368,25299,20825,1
2498,0,32768,0,14400,25259,20875,-8
2499,0,32768,0,14432,25241,20896,7
2500,0,32768,0,14464,25200,20945,-2
2501,0,32768,0,14496,25179,20970,10
2502,0,32768,0,14528,25138,21019,1
2503,0,32768,0,14560,25097,21068,-8
2504,0,32768,0,14592,25077,21093,4
2505,0,32768,0,14624,25036,21142,-5
2506,0,32768,0,14656,25015,21166,7
2507,0,32768,0,14688,24974,21215,-2
2508,0,32768,0,14720,24953,21239,10
2509,0,32768,0,14752,24911,21288,1
2510,0,32768,0,14784,24870,21336,-8
2511,0,32768,0,14816,24849,21361,4
2512,0,32768,0,14848,24807,21409,-5
2513,0,32768,0,14880,24786,21433,7
2514,0,32768,0,14912,24744,21482,-2
2515,0,32768,0,14944,24723,21506,9
2516,0,32768,0,14976,24681,21554,1
2517,0,32768,0,15008,24639,21602,-8
2518,0,32768,0,15040,24618,21626,4
2519,0,32768,0,15072,24576,21675,-5
2520,0,32768,0,15104,24554,21698,7
2521,0,32768,0,15136,24512,21746,-2
2522,0,32768,0,15168,24491,21770,9
2523,0,32768,0,15200,24448,21818,1
2524,0,32768,0,15232,24406,21866,-8
2525,0,32768,0,15264,24384,21890,4
2526,0,32768,0,15296,24342,21937,-5
2527,0,32768,0,15328,24320,21961,6
2528,0,32768,0,15360,24277,22008,-2
2529,0,32768,0,15392,24256,22032,9
2530,0,32768,0,15424,24213,22079,1
2531,0,32768,0,15456,24169,22127,-8
2532,0,32768,0,15488,24148,22150,3
2533,0,32768,0,15520,24105,22197,-5
2534,0,32768,0,15552,24083,22221,6
2535,0,32768,0,15584,24039,22268,-2
2536,0,32768,0,15616,24018,22291,9
2537,0,32768,0,15648,23974,22338,0
2538,0,32768,0,15680,23930,22385,-8
2539,0,32768,0,15712,23909,22408,3
2540,0,32768,0,15744,23865,22455,-5
2541,0,32768,0,15776,23843,22478,7
2542,0,32768,0,15808,23799,22525,-2
2543,0,32768,0,15840,23777,22548,10
2544,0,32768,0,15872,23733,22594,1
2545,0,32768,0,15904,23689,22640,-8
2546,0,32768,0,15936,23667,22664,4
2547,0,32768,0,15968,23622,22710,-5
2548,0,32768,0,16000,23600,22733,7
2549,0,32768,0,16032,23556,22779,-2
2550,0,32768,0,16064,23533,22802,9
2551,0,32768,0,16096,23489,22848,1
2552,0,32768,0,16128,23444,22893,-8
2553,0,32768,0,16160,23422,22916,4
2554,0,32768,0,16192,23377,22962,-5
2555,0,32768,0,16224,23355,22985,6
2556,0,32768,0,16256,23310,23030,-2
2557,0,32768,0,16288,23287,23053,9
2558,0,32768,0,16320,23242,23099,1
2559,0,32768,0,16352,23197,23144,-8
2560,0,32768,0,16384,23167,23174,-4
2561,0,32768,0,16416,23144,23197,8
2562,0,32768,0,16448,23099,23242,-1
2563,0,32768,0,16480,23053,23287,-9
2564,0,32768,0,16512,23030,23310,2
2565,0,32768,0,16544,22985,23355,-6
2566,0,32768,0,16576,22962,23377,5
2567,0,32768,0,16608,22916,23422,-4
2568,0,32768,0,16640,22893,23444,8
2569,0,32768,0,16672,22848,23489,-1
2570,0,32768,0,16704,22802,23533,-9
2571,0,32768,0,16736,22779,23556,2
2572,0,32768,0,16768,22733,23600,-7
2573,0,32768,0,16800,22710,23622,5
2574,0,32768,0,16832,22664,23667,-4
2575,0,32768,0,16864,22640,23689,8
2576,0,32768,0,16896,22594,23733,-1
2577,0,32768,0,16928,22548,23777,-10
2578,0,32768,0,16960,22525,23799,2
2579,0,32768,0,16992,22478,23843,-7
2580,0,32768,0,17024,22455,23865,5
2581,0,32768,0,17056,22408,23909,-3
2582,0,32768,0,17088,22385,23930,8
2583,0,32768,0,17120,22338,23974,0
2584,0,32768,0,17152,22291,24018,-9
2585,0,32768,0,17184,22268,24039,2
2586,0,32768,0,17216,22221,24083,-6
2587,0,32768,0,17248,22197,24105,5
2588,0,32768,0,17280,22150,24148,-3
2589,0,32768,0,17312,22127,24169,8
2590,0,32768,0,17344,22079,24213,-1
2591,0,32768,0,17376,22032,24256,-9
2592,0,32768,0,17408,22008,24277,2
2593,0,32768,0,17440,21961,24320,-6
2594,0,32768,0,17472,21937,24342,5
2595,0,32768,0,17504,21890,24384,-4
2596,0,32768,0,17536,21866,24406,8
2597,0,32768,0,17568,21818,24448,-1
2598,0,32768,0,17600,21770,24491,-9
2599,0,32768,0,17632,21746,24512,2
2600,0,32768,0,17664,21698,24554,-7
2601,0,32768,0,17696,21675,24576,5
2602,0,32768,0,17728,21626,24618,-4
2603,0,32768,0,17760,21602,24639,8
2604,0,32768,0,17792,21554,24681,-1
2605,0,32768,0,17824,21506,24723,-9
2606,0,32768,0,17856,21482,24744,2
2607,0,32768,0,17888,21433,24786,-7
2608,0,32768,0,17920,21409,24807,5
2609,0,32768,0,17952,21361,24849,-4
2610,0,32768,0,17984,21336,24870,8
2611,0,32768,0,18016,21288,24911,-1
2612,0,32768,0,18048,21239,24953,-10
2613,0,32768,0,18080,21215,24974,2
2614,0,32768,0,18112,21166,25015,-7
2615,0,32768,0,18144,21142,25036,5
2616,0,32768,0,18176,21093,25077,-4
2617,0,32768,0,18208,21068,25097,8
2618,0,32768,0,18240,21019,25138,-1
2619,0,32768,0,18272,20970,25179,-10
2620,0,32768,0,18304,20945,25200,2
2621,0,32768,0,18336,20896,25241,-7
2622,0,32768,0,18368,20875,25259,8
2623,0,32768,0,18400,20825,25299,-1
2624,0,32768,0,18432,20776,25340,-10
2625,0,32768,0,18464,20751,25360,2
2626,0,32768,0,18496,20702,25400,-7
2627,0,32768,0,18528,20677,25421,5
2628,0,32768,0,18560,20627,25461,-4
2629,0,32768,0,18592,20602,25481,8
2630,0,32768,0,18624,20553,25521,-1
2631,0,32768,0,18656,20503,25561,-10
2632,0,32768,0,18688,20478,25582,2
2633,0,32768,0,18720,20428,25621,-7
2634,0,32768,0,18752,20403,25641,5
2635,0,32768,0,18784,20353,25681,-4
2636,0,32768,0,18816,20327,25701,8
2637,0,32768,0,18848,20277,25741,-1
2638,0,32768,0,18880,20227,25780,-10
2639,0,32768,0,18912,20202,25800,2
2640,0,32768,0,18944,20151,25839,-7
2641,0,32768,0,18976,20126,25859,5
2642,0,32768,0,19008,20075,25898,-4
2643,0,32768,0,19040,20050,25918,8
2644,0,32768,0,19072,20000,25957,-1
2645,0,32768,0,19104,19949,25996,-10
2646,0,32768,0,19136,19923,26015,2
2647,0,32768,0,19168,19873,26054,-7
2648,0,32768,0,19200,19847,26074,5
2649,0,32768,0,19232,19796,26112,-4
2650,0,32768,0,19264,19771,26132,7
2651,0,32768,0,19296,19720,26170,-1
2652,0,32768,0,19328,19668,26209,-10
2653,0,32768,0,19360,19643,26228,2
2654,0,32768,0,19392,19592,26266,-7
2655,0,32768,0,19424,19566,26285,4
2656,0,32768,0,19456,19515,26324,-4
2657,0,32768,0,19488,19489,26343,7
2658,0,32768,0,19520,19437,26381,-1
2659,0,32768,0,19552,19386,26418,-10
2660,0,32768,0,19584,19360,26437,1
2661,0,32768,0,19616,19308,26475,-7
2662,0,32768,0,19648,19283,26494,4
2663,0,32768,0,19680,19231,26531,-4
2664,0,32768,0,19712,19205,26550,8
2665,0,32768,0,19744,19153,26588,-1
2666,0,32768,0,19776,19101,26625,-10
2667,0,32768,0,19808,19075,26643,2
2668,0,32768,0,19840,19023,26681,-7
2669,0,32768,0,19872,18997,26699,5
2670,0,32768,0,19904,18945,26736,-4
2671,0,32768,0,19936,18919,26755,8
2672,0,32768,0,19968,18867,26792,-1
2673,0,32768,0,20000,18814,26829,-10
2674,0,32768,0,20032,18788,26847,2
2675,0,32768,0,20064,18736,26883,-7
2676,0,32768,0,20096,18709,26902,5
2677,0,32768,0,20128,18657,26938,-4
2678,0,32768,0,20160,18630,26957,7
2679,0,32768,0,20192,18578,26993,-1
2680,0,32768,0,20224,18525,27029,-10
2681,0,32768,0,20256,18499,27047,2
2682,0,32768,0,20288,18446,27083,-7
2683,0,32768,0,20320,18419,27101,5
2684,0,32768,0,20352,18366,27137,-4
2685,0,32768,0,20384,18340,27155,7
2686,0,32768,0,20416,18287,27191,-1
2687,0,32768,0,20448,18234,27226,-10
2688,0,32768,0,20480,18207,27244,2
2689,0,32768,0,20512,18154,27280,-7
2690,0,32768,0,20544,18127,27297,4
2691,0,32768,0,20576,18074,27333,-4
2692,0,32768,0,20608,18047,27350,7
2693,0,32768,0,20640,17994,27386,-1
2694,0,32768,0,20672,17940,27421,-10
2695,0,32768,0,20704,17913,27438,1
2696,0,32768,0,20736,17860,27473,-7
2697,0,32768,0,20768,17833,27490,4
2698,0,32768,0,20800,17779,27525,-4
2699,0,32768,0,20832,17752,27543,7
2700,0,32768,0,20864,17699,27577,-2
2701,0,32768,0,20896,17672,27595,10
2702,0,32768,0,20928,17618,27629,1
2703,0,32768,0,20960,17567,27661,-5
2704,0,32768,0,20992,17540,27679,7
2705,0,32768,0,21024,17486,27713,-2
2706,0,32768,0,21056,17459,27730,10
2707,0,32768,0,21088,17405,27764,1
2708,0,32768,0,21120,17350,27798,-8
2709,0,32768,0,21152,17323,27815,4
2710,0,32768,0,21184,17269,27848,-5
2711,0,32768,0,21216,17242,27865,7
2712,0,32768,0,21248,17187,27899,-2
2713,0,32768,0,21280,17160,27916,10
2714,0,32768,0,21312,17105,27949,1
2715,0,32768,0,21344,17051,27982,-8
2716,0,32768,0,21376,17024,27999,4
2717,0,32768,0,21408,16969,28032,-5
2718,0,32768,0,21440,16941,28049,7
2719,0,32768,0,21472,16887,28082,-2
2720,0,32768,0,21504,16859,28098,10
2721,0,32768,0,21536,16804,28131,1
2722,0,32768,0,21568,16749,28164,-8
2723,0,32768,0,21600,16722,28180,4
2724,0,32768,0,21632,16667,28213,-5
2725,0,32768,0,21664,16639,28229,7
2726,0,32768,0,21696,16584,28262,-2
2727,0,32768,0,21728,16556,28278,10
2728,0,32768,0,21760,16501,28310,1
2729,0,32768,0,21792,16446,28342,-8
2730,0,32768,0,21824,16418,28358,4
2731,0,32768,0,21856,16363,28390,-5
2732,0,32768,0,21888,16335,28406,7
2733,0,32768,0,21920,16280,28438,-2
2734,0,32768,0,21952,16252,28454,10
2735,0,32768,0,21984,16196,28486,1
2736,0,32768,0,22016,16141,28517,-8
2737,0,32768,0,22048,16113,28533,4
2738,0,32768,0,22080,16057,28564,-5
2739,0,32768,0,22112,16029,28580,7
2740,0,32768,0,22144,15973,28611,-2
2741,0,32768,0,22176,15945,28627,9
2742,0,32768,0,22208,15889,28658,1
2743,0,32768,0,22240,15834,28689,-8
2744,0,32768,0,22272,15806,28704,4
2745,0,32768,0,22304,15750,28735,-5
2746,0,32768,0,22336,15721,28750,7
2747,0,32768,0,22368,15665,28781,-2
2748,0,32768,0,22400,15637,28796,10
2749,0,32768,0,22432,15581,28827,1
2750,0,32768,0,22464,15525,28857,-8
2751,0,32768,0,22496,15496,28872,4
2752,0,32768,0,22528,15440,28902,-5
2753,0,32768,0,22560,15412,28917,7
2754,0,32768,0,22592,15355,28948,-2
2755,0,32768,0,22624,15327,28963,10
2756,0,32768,0,22656,15270,28992,1
2757,0,32768,0,22688,15214,29022,-8
2758,0,32768,0,22720,15186,29037,4
2759,0,32768,0,22752,15129,29067,-5
2760,0,32768,0,22784,15100,29081,7
2761,0,32768,0,22816,15044,29111,-2
2762,0,32768,0,22848,15015,29125,10
2763,0,32768,0,22880,14958,29155,1
2764,0,32768,0,22912,14901,29184,-8
2765,0,32768,0,22944,14873,29198,4
2766,0,32768,0,22976,14816,29228,-5
2767,0,32768,0,23008,14787,29242,7
2768,0,32768,0,23040,14730,29271,-2
2769,0,32768,0,23072,14701,29285,10
2770,0,32768,0,23104,14644,29314,1
2771,0,32768,0,23136,14587,29342,-8
2772,0,32768,0,23168,14558,29356,4
2773,0,32768,0,23200,14501,29385,-5
2774,0,32768,0,23232,14472,29399,7
2775,0,32768,0,23264,14415,29427,-2
2776,0,32768,0,23296,14386,29441,9
2777,0,32768,0,23328,14328,29469,1
2778,0,32768,0,23360,14271,29497,-8
2779,0,32768,0,23392,14242,29511,4
2780,0,32768,0,23424,14184,29539,-5
2781,0,32768,0,23456,14156,29553,6
2782,0,32768,0,23488,14098,29580,-2
2783,0,32768,0,23520,14069,29594,9
2784,0,32768,0,23552,14015,29620,4
2785,0,32768,0,23584,13957,29647,-5
2786,0,32768,0,23616,13928,29661,6
2787,0,32768,0,23648,13870,29688,-2
2788,0,32768,0,23680,13841,29701,9
2789,0,32768,0,23712,13783,29728,1
2790,0,32768,0,23744,13725,29755,-8
2791,0,32768,0,23776,13696,29769,3
2792,0,32768,0,23808,13638,29795,-5
2793,0,32768,0,23840,13609,29808,6
2794,0,32768,0,23872,13551,29835,-2
2795,0,32768,0,23904,13521,29848,9
2796,0,32768,0,23936,13463,29875,0
2797,0,32768,0,23968,13405,29901,-8
2798,0,32768,0,24000,13376,29914,3
2799,0,32768,0,24032,13317,29940,-5
2800,0,32768,0,24064,13288,29953,6
2801,0,32768,0,24096,13230,29979,-3
2802,0,32768,0,24128,13200,29992,9
2803,0,32768,0,24160,13142,30017,0
2804,0,32768,0,24192,13083,30043,-8
2805,0,32768,0,24224,13054,30056,3
2806,0,32768,0,24256,12995,30081,-5
2807,0,32768,0,24288,12966,30094,6
2808,0,32768,0,24320,12907,30119,-3
2809,0,32768,0,24352,12877,30132,9
2810,0,32768,0,24384,12819,30157,0
2811,0,32768,0,24416,12760,30182,-8
2812,0,32768,0,24448,12730,30194,3
2813,0,32768,0,24480,12671,30219,-6
2814,0,32768,0,24512,12642,30231,6
2815,0,32768,0,24544,12582,30256,-3
2816,0,32768,0,24576,12553,30268,9
2817,0,32768,0,24608,12494,30293,0
2818,0,32768,0,24640,12435,30317,-9
2819,0,32768,0,24672,12405,30329,3
2820,0,32768,0,24704,12346,30353,-6
2821,0,32768,0,24736,12316,30365,6
2822,0,32768,0,24768,12257,30389,-3
2823,0,32768,0,24800,12227,30401,9
2824,0,32768,0,24832,12168,30425,0
2825,0,32768,0,24864,12109,30449,-8
2826,0,32768,0,24896,12079,30461,3
2827,0,32768,0,24928,12019,30484,-5
2828,0,32768,0,24960,11990,30496,6
2829,0,32768,0,24992,11930,30519,-2
2830,0,32768,0,25024,11900,30531,9
2831,0,32768,0,25056,11841,30554,0
2832,0,32768,0,25088,11781,30577,-8
2833,0,32768,0,25120,11751,30588,3
2834,0,32768,0,25152,11691,30611,-5
2835,0,32768,0,25184,11661,30623,6
2836,0,32768,0,25216,11602,30646,-3
2837,0,32768,0,25248,11572,30657,9
2838,0,32768,0,25280,11512,30679,0
2839,0,32768,0,25312,11452,30702,-8
2840,0,32768,0,25344,11422,30713,3
2841,0,32768,0,25376,11362,30735,-6
2842,0,32768,0,25408,11332,30746,6
2843,0,32768,0,25440,11272,30768,-3
2844,0,32768,0,25472,11242,30779,9
2845,0,32768,0,25504,11182,30801,0
2846,0,32768,0,25536,11121,30823,-8
2847,0,32768,0,25568,11091,30834,3
2848,0,32768,0,25600,11031,30855,-6
2849,0,32768,0,25632,11001,30866,6
2850,0,32768,0,25664,10941,30888,-3
2851,0,32768,0,25696,10911,30898,9
2852,0,32768,0,25728,10850,30919,0
2853,0,32768,0,25760,10790,30941,-9
2854,0,32768,0,25792,10760,30951,3
2855,0,32768,0,25824,10699,30972,-6
2856,0,32768,0,25856,10669,30983,6
2857,0,32768,0,25888,10608,31003,-3
2858,0,32768,0,25920,10578,31014,9
2859,0,32768,0,25952,10518,31034,0
2860,0,32768,0,25984,10457,31055,-9
2861,0,32768,0,26016,10427,31065,3
2862,0,32768,0,26048,10366,31085,-6
2863,0,32768,0,26080,10328,31098,1
2864,0,32768,0,26112,10268,31118,-7
2865,0,32768,0,26144,10237,31128,4
2866,0,32768,0,26176,10176,31148,-5
2867,0,32768,0,26208,10146,31158,7
2868,0,32768,0,26240,10085,31178,-2
2869,0,32768,0,26272,10055,31187,10
2870,0,32768,0,26304,9994,31207,1
2871,0,32768,0,26336,9933,31227,-8
2872,0,32768,0,26368,9902,31236,4
2873,0,32768,0,26400,9841,31255,-5
2874,0,32768,0,26432,9811,31265,7
2875,0,32768,0,26464,9750,31284,-2
2876,0,32768,0,26496,9719,31294,10
2877,0,32768,0,26528,9658,31313,1
2878,0,32768,0,26560,9597,31331,-8
2879,0,32768,0,26592,9566,31341,4
2880,0,32768,0,26624,9505,31359,-5
2881,0,32768,0,26656,9474,31369,7
2882,0,32768,0,26688,9413,31387,-2
2883,0,32768,0,26720,9382,31396,10
2884,0,32768,0,26752,9321,31414,1
2885,0,32768,0,26784,9260,31433,-8
2886,0,32768,0,26816,9229,31442,4
2887,0,32768,0,26848,9168,31459,-5
2888,0,32768,0,26880,9137,31469,7
2889,0,32768,0,26912,9075,31486,-2
2890,0,32768,0,26944,9045,31495,10
2891,0,32768,0,26976,8983,31513,1
2892,0,32768,0,27008,8922,31530,-8
2893,0,32768,0,27040,8891,31539,4
2894,0,32768,0,27072,8829,31556,-5
2895,0,32768,0,27104,8798,31565,7
2896,0,32768,0,27136,8737,31582,-2
2897,0,32768,0,27168,8706,31590,10
2898,0,32768,0,27200,8644,31607,1
2899,0,32768,0,27232,8582,31624,-8
2900,0,32768,0,27264,8552,31632,4
2901,0,32768,0,27296,8490,31649,-5
2902,0,32768,0,27328,8459,31658,7
2903,0,32768,0,27360,8397,31674,-2
2904,0,32768,0,27392,8366,31682,10
2905,0,32768,0,27424,8305,31698,1
2906,0,32768,0,27456,8243,31715,-8
2907,0,32768,0,27488,8212,31723,4
2908,0,32768,0,27520,8150,31739,-5
2909,0,32768,0,27552,8119,31746,7
2910,0,32768,0,27584,8057,31762,-2
2911,0,32768,0,27616,8026,31770,10
2912,0,32768,0,27648,7964,31786,1
2913,0,32768,0,27680,7902,31801,-8
2914,0,32768,0,27712,7871,31809,4
2915,0,32768,0,27744,7808,31824,-5
2916,0,32768,0,27776,7777,31832,7
2917,0,32768,0,27808,7715,31847,-2
2918,0,32768,0,27840,7684,31854,10
2919,0,32768,0,27872,7622,31869,1
2920,0,32768,0,27904,7560,31884,-8
2921,0,32768,0,27936,7528,31892,4
2922,0,32768,0,27968,7466,31906,-5
2923,0,32768,0,28000,7435,31914,7
2924,0,32768,0,28032,7373,31928,-2
2925,0,32768,0,28064,7341,31935,10
2926,0,32768,0,28096,7279,31949,1
2927,0,32768,0,28128,7217,31964,-8
2928,0,32768,0,28160,7186,31971,4
2929,0,32768,0,28192,7123,31984,-5
2930,0,32768,0,28224,7092,31991,7
2931,0,32768,0,28256,7029,32005,-2
2932,0,32768,0,28288,6998,32012,10
2933,0,32768,0,28320,6935,32026,1
2934,0,32768,0,28352,6873,32039,-8
2935,0,32768,0,28384,6842,32046,4
2936,0,32768,0,28416,6779,32059,-5
2937,0,32768,0,28448,6748,32066,7
2938,0,32768,0,28480,6685,32079,-2
2939,0,32768,0,28512,6654,32085,9
2940,0,32768,0,28544,6591,32098,1
2941,0,32768,0,28576,6533,32111,-5
2942,0,32768,0,28608,6501,32117,7
2943,0,32768,0,28640,6439,32129,-2
2944,0,32768,0,28672,6407,32136,9
2945,0,32768,0,28704,6344,32148,1
2946,0,32768,0,28736,6282,32161,-8
2947,0,32768,0,28768,6250,32167,4
2948,0,32768,0,28800,6187,32179,-5
2949,0,32768,0,28832,6156,32185,6
2950,0,32768,0,28864,6093,32197,-2
2951,0,32768,0,28896,6062,32203,9
2952,0,32768,0,28928,5999,32214,1
2953,0,32768,0,28960,5936,32226,-8
2954,0,32768,0,28992,5904,32232,3
2955,0,32768,0,29024,5841,32243,-5
2956,0,32768,0,29056,5810,32249,6
2957,0,32768,0,29088,5747,32260,-2
2958,0,32768,0,29120,5715,32266,9
2959,0,32768,0,29152,5652,32277,0
2960,0,32768,0,29184,5589,32288,-8
2961,0,32768,0,29216,5558,32293,3
2962,0,32768,0,29248,5495,32304,-5
2963,0,32768,0,29280,5463,32310,6
2964,0,32768,0,29312,5400,32320,-2
2965,0,32768,0,29344,5369,32325,9
2966,0,32768,0,29376,5306,32336,0
2967,0,32768,0,29408,5242,32346,-8
2968,0,32768,0,29440,5211,32351,3
2969,0,32768,0,29472,5147,32361,-5
2970,0,32768,0,29504,5116,32366,6
2971,0,32768,0,29536,5053,32376,-3
2972,0,32768,0,29568,5021,32381,9
2973,0,32768,0,29600,4958,32391,0
2974,0,32768,0,29632,4895,32401,-8
2975,0,32768,0,29664,4863,32405,3
2976,0,32768,0,29696,4800,32415,-6
2977,0,32768,0,29728,4768,32419,6
2978,0,32768,0,29760,4705,32429,-3
2979,0,32768,0,29792,4673,32433,9
2980,0,32768,0,29824,4610,32442,0
2981,0,32768,0,29856,4546,32451,-9
2982,0,32768,0,29888,4515,32456,4
2983,0,32768,0,29920,4452,32464,-5
2984,0,32768,0,29952,4420,32469,6
2985,0,32768,0,29984,4357,32477,-2
2986,0,32768,0,30016,4325,32481,9
2987,0,32768,0,30048,4261,32490,1
2988,0,32768,0,30080,4198,32498,-8
2989,0,32768,0,30112,4166,32502,3
2990,0,32768,0,30144,4103,32510,-5
2991,0,32768,0,30176,4071,32514,6
2992,0,32768,0,30208,4007,32522,-2
2993,0,32768,0,30240,3976,32526,9
2994,0,32768,0,30272,3912,32534,0
2995,0,32768,0,30304,3849,32541,-8
2996,0,32768,0,30336,3817,32545,3
2997,0,32768,0,30368,3753,32552,-5
2998,0,32768,0,30400,3721,32556,6
2999,0,32768,0,30432,3658,32563,-3
3000,0,32768,0,30464,3626,32567,9
3001,0,32768,0,30496,3563,32574,0
3002,0,32768,0,30528,3499,32581,-8
3003,0,32768,0,30560,3467,32584,3
3004,0,32768,0,30592,3403,32591,-5
3005,0,32768,0,30624,3372,32594,6
3006,0,32768,0,30656,3308,32601,-3
3007,0,32768,0,30688,3276,32604,9
3008,0,32768,0,30720,3212,32610,0
3009,0,32768,0,30752,3149,32616,-8
3010,0,32768,0,30784,3117,32619,3
3011,0,32768,0,30816,3053,32625,-6
3012,0,32768,0,30848,3021,32628,6
3013,0,32768,0,30880,2958,32634,-3
3014,0,32768,0,30912,2926,32637,9
3015,0,32768,0,30944,2862,32643,0
3016,0,32768,0,30976,2798,32648,-9
3017,0,32768,0,31008,2766,32651,3
3018,0,32768,0,31040,2703,32656,-6
3019,0,32768,0,31072,2671,32659,6
3020,0,32768,0,31104,2607,32664,-3
3021,0,32768,0,31136,2575,32667,9
3022,0,32768,0,31168,2515,32672,3
3023,0,32768,0,31200,2451,32676,-6
3024,0,32768,0,31232,2420,32679,6
3025,0,32768,0,31264,2356,32683,-3
3026,0,32768,0,31296,2324,32686,9
3027,0,32768,0,31328,2260,32690,0
3028,0,32768,0,31360,2196,32694,-9
3029,0,32768,0,31392,2164,32697,3
3030,0,32768,0,31424,2100,32701,-6
3031,0,32768,0,31456,2068,32703,6
3032,0,32768,0,31488,2004,32707,-3
3033,0,32768,0,31520,1973,32709,9
3034,0,32768,0,31552,1909,32712,0
3035,0,32768,0,31584,1845,32716,-9
3036,0,32768,0,31616,1813,32718,3
3037,0,32768,0,31648,1749,32721,-6
3038,0,32768,0,31680,1717,32723,6
3039,0,32768,0,31712,1653,32726,-3
3040,0,32768,0,31744,1621,32728,8
3041,0,32768,0,31776,1557,32731,0
3042,0,32768,0,31808,1493,32734,-9
3043,0,32768,0,31840,1461,32736,3
3044,0,32768,0,31872,1397,32738,-6
3045,0,32768,0,31904,1365,32740,6
3046,0,32768,0,31936,1301,32742,-3
3047,0,32768,0,31968,1269,32744,8
3048,0,32768,0,32000,1205,32746,0
3049,0,32768,0,32032,1142,32748,-9
3050,0,32768,0,32064,1109,32749,3
3051,0,32768,0,32096,1046,32751,-6
3052,0,32768,0,32128,1014,32752,5
3053,0,32768,0,32160,950,32754,-3
3054,0,32768,0,32192,918,32755,8
3055,0,32768,0,32224,854,32757,0
3056,0,32768,0,32256,790,32759,-9
3057,0,32768,0,32288,758,32759,2
3058,0,32768,0,32320,694,32761,-6
3059,0,32768,0,32352,662,32761,5
3060,0,32768,0,32384,598,32763,-3
3061,0,32768,0,32416,566,32763,8
3062,0,32768,0,32448,502,32764,-1
3063,0,32768,0,32480,438,32765,-9
3064,0,32768,0,32512,406,32766,3
3065,0,32768,0,32544,342,32766,-6
3066,0,32768,0,32576,310,32767,6
3067,0,32768,0,32608,246,32767,-3
3068,0,32768,0,32640,214,32767,9
3069,0,32768,0,32672,150,32768,0
3070,0,32768,0,32704,86,32768,-9
3071,0,32768,0,32736,54,32768,3
3072,0,32768,0,32768,10,32768,6
3073,0,32768,0,32800,-54,32768,-3
3074,0,32768,0,32832,-86,32768,9
3075,0,32768,0,32864,-150,32768,0
3076,0,32768,0,32896,-214,32767,-9
3077,0,32768,0,32928,-246,32767,3
3078,0,32768,0,32960,-310,32767,-6
3079,0,32768,0,32992,-342,32766,6
3080,0,32768,0,33024,-406,32765,-3
3081,0,32768,0,33056,-438,32765,9
3082,0,32768,0,33088,-502,32764,1
3083,0,32768,0,33120,-566,32763,-8
3084,0,32768,0,33152,-598,32763,3
3085,0,32768,0,33184,-662,32761,-5
3086,0,32768,0,33216,-694,32761,6
3087,0,32768,0,33248,-758,32759,-2
3088,0,32768,0,33280,-790,32759,9
3089,0,32768,0,33312,-854,32757,0
3090,0,32768,0,33344,-918,32755,-8
3091,0,32768,0,33376,-950,32754,3
3092,0,32768,0,33408,-1014,32753,-5
3093,0,32768,0,33440,-1046,32751,6
3094,0,32768,0,33472,-1110,32749,-3
3095,0,32768,0,33504,-1142,32748,9
3096,0,32768,0,33536,-1206,32746,0
3097,0,32768,0,33568,-1270,32744,-8
3098,0,32768,0,33600,-1301,32742,3
3099,0,32768,0,33632,-1365,32740,-6
3100,0,32768,0,33664,-1397,32738,6
3101,0,32768,0,33696,-1461,32735,-3
3102,0,32768,0,33728,-1493,32734,9
3103,0,32768,0,33760,-1557,32731,0
3104,0,32768,0,33792,-1621,32728,-8
3105,0,32768,0,33824,-1653,32726,3
3106,0,32768,0,33856,-1717,32723,-6
3107,0,32768,0,33888,-1749,32721,6
3108,0,32768,0,33920,-1813,32718,-3
3109,0,32768,0,33952,-1845,32716,9
3110,0,32768,0,33984,-1909,32712,0
3111,0,32768,0,34016,-1972,32709,-9
3112,0,32768,0,34048,-2004,32707,3
3113,0,32768,0,34080,-2068,32703,-6
3114,0,32768,0,34112,-2100,32701,6
3115,0,32768,0,34144,-2164,32697,-3
3116,0,32768,0,34176,-2196,32694,9
3117,0,32768,0,34208,-2260,32690,0
3118,0,32768,0,34240,-2324,32685,-9
3119,0,32768,0,34272,-2356,32683,3
3120,0,32768,0,34304,-2419,32679,-6
3121,0,32768,0,34336,-2451,32676,6
3122,0,32768,0,34368,-2515,32671,-3
3123,0,32768,0,34400,-2575,32667,-9
3124,0,32768,0,34432,-2607,32664,3
3125,0,32768,0,34464,-2671,32659,-6
3126,0,32768,0,34496,-2703,32657,6
3127,0,32768,0,34528,-2766,32651,-3
3128,0,32768,0,34560,-2798,32648,9
3129,0,32768,0,34592,-2862,32643,0
3130,0,32768,0,34624,-2926,32637,-9
3131,0,32768,0,34656,-2958,32634,3
3132,0,32768,0,34688,-3021,32629,-6
3133,0,32768,0,34720,-3053,32626,6
3134,0,32768,0,34752,-3117,32620,-3
3135,0,32768,0,34784,-3149,32617,8
3136,0,32768,0,34816,-3212,32610,0
3137,0,32768,0,34848,-3276,32604,-9
3138,0,32768,0,34880,-3308,32601,3
3139,0,32768,0,34912,-3371,32594,-6
3140,0,32768,0,34944,-3403,32591,5
3141,0,32768,0,34976,-3467,32584,-3
3142,0,32768,0,35008,-3499,32581,8
3143,0,32768,0,35040,-3563,32574,0
3144,0,32768,0,35072,-3626,32567,-9
3145,0,32768,0,35104,-3658,32563,3
3146,0,32768,0,35136,-3721,32556,-6
3147,0,32768,0,35168,-3753,32552,5
3148,0,32768,0,35200,-3817,32545,-3
3149,0,32768,0,35232,-3849,32541,8
3150,0,32768,0,35264,-3912,32534,0
3151,0,32768,0,35296,-3976,32526,-9
3152,0,32768,0,35328,-4007,32522,2
3153,0,32768,0,35360,-4071,32514,-6
3154,0,32768,0,35392,-4103,32510,5
3155,0,32768,0,35424,-4166,32502,-3
3156,0,32768,0,35456,-4198,32498,8
3157,0,32768,0,35488,-4261,32490,-1
3158,0,32768,0,35520,-4325,32481,-9
3159,0,32768,0,35552,-4356,32477,2
3160,0,32768,0,35584,-4420,32469,-6
3161,0,32768,0,35616,-4451,32464,5
3162,0,32768,0,35648,-4515,32455,-4
3163,0,32768,0,35680,-4546,32451,9
3164,0,32768,0,35712,-4610,32442,0
3165,0,32768,0,35744,-4673,32433,-9
3166,0,32768,0,35776,-4705,32429,3
3167,0,32768,0,35808,-4768,32419,-6
3168,0,32768,0,35840,-4800,32415,6
3169,0,32768,0,35872,-4863,32405,-3
3170,0,32768,0,35904,-4895,32401,8
3171,0,32768,0,35936,-4958,32391,0
3172,0,32768,0,35968,-5021,32381,-9
3173,0,32768,0,36000,-5053,32376,3
3174,0,32768,0,36032,-5116,32366,-6
3175,0,32768,0,36064,-5147,32361,5
3176,0,32768,0,36096,-5211,32351,-3
3177,0,32768,0,36128,-5242,32346,8
3178,0,32768,0,36160,-5306,32336,0
3179,0,32768,0,36192,-5369,32325,-9
3180,0,32768,0,36224,-5400,32320,2
3181,0,32768,0,36256,-5463,32309,-6
3182,0,32768,0,36288,-5495,32304,5
3183,0,32768,0,36320,-5558,32293,-3
3184,0,32768,0,36352,-5589,32288,8
3185,0,32768,0,36384,-5652,32277,0
3186,0,32768,0,36416,-5715,32266,-9
3187,0,32768,0,36448,-5747,32260,2
3188,0,32768,0,36480,-5810,32249,-6
3189,0,32768,0,36512,-5841,32243,5
3190,0,32768,0,36544,-5904,32232,-3
3191,0,32768,0,36576,-5936,32226,8
3192,0,32768,0,36608,-5999,32214,-1
3193,0,32768,0,36640,-6062,32203,-9
3194,0,32768,0,36672,-6093,32197,2
3195,0,32768,0,36704,-6156,32185,-6
3196,0,32768,0,36736,-6187,32179,5
3197,0,32768,0,36768,-6250,32166,-4
3198,0,32768,0,36800,-6282,32160,8
3199,0,32768,0,36832,-6344,32148,-1
3200,0,32768,0,36864,-6407,32135,-9
3201,0,32768,0,36896,-6439,32129,2
3202,0,32768,0,36928,-6501,32117,-7
3203,0,32768,0,36960,-6532,32110,5
3204,0,32768,0,36992,-6591,32098,-1
3205,0,32768,0,37024,-6654,32085,-9
3206,0,32768,0,37056,-6685,32079,2
3207,0,32768,0,37088,-6748,32066,-7
3208,0,32768,0,37120,-6779,32059,5
3209,0,32768,0,37152,-6842,32046,-4
3210,0,32768,0,37184,-6873,32039,8
3211,0,32768,0,37216,-6935,32026,-1
3212,0,32768,0,37248,-6998,32012,-10
3213,0,32768,0,37280,-7029,32005,2
3214,0,32768,0,37312,-7092,31992,-7
3215,0,32768,0,37344,-7123,31985,5
3216,0,32768,0,37376,-7185,31971,-4
3217,0,32768,0,37408,-7217,31963,8
3218,0,32768,0,37440,-7279,31949,-1
3219,0,32768,0,37472,-7341,31935,-10
3220,0,32768,0,37504,-7373,31928,2
3221,0,32768,0,37536,-7435,31913,-7
3222,0,32768,0,37568,-7466,31906,5
3223,0,32768,0,37600,-7528,31891,-4
3224,0,32768,0,37632,-7559,31884,8
3225,0,32768,0,37664,-7622,31869,-1
3226,0,32768,0,37696,-7684,31855,-10
3227,0,32768,0,37728,-7715,31847,2
3228,0,32768,0,37760,-7777,31832,-7
3229,0,32768,0,37792,-7808,31824,5
3230,0,32768,0,37824,-7870,31809,-4
3231,0,32768,0,37856,-7901,31801,8
3232,0,32768,0,37888,-7964,31786,-1
3233,0,32768,0,37920,-8026,31770,-10
3234,0,32768,0,37952,-8057,31762,2
3235,0,32768,0,37984,-8119,31746,-7
3236,0,32768,0,38016,-8150,31738,5
3237,0,32768,0,38048,-8212,31722,-4
3238,0,32768,0,38080,-8243,31714,8
3239,0,32768,0,38112,-8305,31698,-1
3240,0,32768,0,38144,-8366,31682,-10
3241,0,32768,0,38176,-8397,31674,2
3242,0,32768,0,38208,-8459,31657,-7
3243,0,32768,0,38240,-8490,31649,5
3244,0,32768,0,38272,-8551,31633,-4
3245,0,32768,0,38304,-8582,31624,8
3246,0,32768,0,38336,-8644,31607,-1
3247,0,32768,0,38368,-8706,31590,-10
3248,0,32768,0,38400,-8737,31582,2
3249,0,32768,0,38432,-8798,31565,-7
3250,0,32768,0,38464,-8829,31556,5
3251,0,32768,0,38496,-8891,31539,-4
3252,0,32768,0,38528,-8922,31530,8
3253,0,32768,0,38560,-8983,31513,-1
3254,0,32768,0,38592,-9045,31495,-10
3255,0,32768,0,38624,-9075,31486,2
3256,0,32768,0,38656,-9137,31468,-7
3257,0,32768,0,38688,-9168,31459,5
3258,0,32768,0,38720,-9229,31441,-4
3259,0,32768,0,38752,-9260,31432,8
3260,0,32768,0,38784,-9321,31414,-1
3261,0,32768,0,38816,-9382,31396,-10
3262,0,32768,0,38848,-9413,31387,2
3263,0,32768,0,38880,-9474,31368,-7
3264,0,32768,0,38912,-9505,31359,5
3265,0,32768,0,38944,-9566,31341,-4
3266,0,32768,0,38976,-9597,31331,8
3267,0,32768,0,39008,-9658,31312,-1
3268,0,32768,0,39040,-9719,31294,-10
3269,0,32768,0,39072,-9750,31284,2
3270,0,32768,0,39104,-9811,31265,-7
3271,0,32768,0,39136,-9841,31255,5
3272,0,32768,0,39168,-9902,31236,-4
3273,0,32768,0,39200,-9933,31226,8
3274,0,32768,0,39232,-9993,31207,-1
3275,0,32768,0,39264,-10055,31187,-10
3276,0,32768,0,39296,-10085,31177,2
3277,0,32768,0,39328,-10146,31158,-7
3278,0,32768,0,39360,-10176,31148,5
3279,0,32768,0,39392,-10237,31128,-4
3280,0,32768,0,39424,-10268,31118,7
3281,0,32768,0,39456,-10328,31098,-1
3282,0,32768,0,39488,-10366,31086,6
3283,0,32768,0,39520,-10427,31065,-3
3284,0,32768,0,39552,-10457,31055,9
3285,0,32768,0,39584,-10517,31035,0
3286,0,32768,0,39616,-10578,31014,-9
3287,0,32768,0,39648,-10608,31004,3
3288,0,32768,0,39680,-10669,30983,-6
3289,0,32768,0,39712,-10699,30972,6
3290,0,32768,0,39744,-10760,30951,-3
3291,0,32768,0,39776,-10790,30941,9
3292,0,32768,0,39808,-10850,30920,0
3293,0,32768,0,39840,-10910,30898,-9
3294,0,32768,0,39872,-10941,30888,3
3295,0,32768,0,39904,-11001,30866,-6
3296,0,32768,0,39936,-11031,30856,6
3297,0,32768,0,39968,-11091,30834,-3
3298,0,32768,0,40000,-11121,30823,8
3299,0,32768,0,40032,-11182,30801,0
3300,0,32768,0,40064,-11242,30780,-9
3301,0,32768,0,40096,-11272,30769,3
3302,0,32768,0,40128,-11332,30747,-6
3303,0,32768,0,40160,-11362,30735,6
3304,0,32768,0,40192,-11422,30713,-3
3305,0,32768,0,40224,-11452,30702,8
3306,0,32768,0,40256,-11512,30680,0
3307,0,32768,0,40288,-11572,30657,-9
3308,0,32768,0,40320,-11602,30646,3
3309,0,32768,0,40352,-11661,30623,-6
3310,0,32768,0,40384,-11691,30612,5
3311,0,32768,0,40416,-11751,30589,-3
3312,0,32768,0,40448,-11781,30577,8
3313,0,32768,0,40480,-11841,30554,0
3314,0,32768,0,40512,-11900,30531,-9
3315,0,32768,0,40544,-11930,30519,2
3316,0,32768,0,40576,-11990,30496,-6
3317,0,32768,0,40608,-12019,30484,5
3318,0,32768,0,40640,-12079,30461,-3
3319,0,32768,0,40672,-12109,30449,8
3320,0,32768,0,40704,-12168,30426,0
3321,0,32768,0,40736,-12227,30402,-9
3322,0,32768,0,40768,-12257,30390,3
3323,0,32768,0,40800,-12316,30366,-6
3324,0,32768,0,40832,-12346,30354,6
3325,0,32768,0,40864,-12405,30329,-3
3326,0,32768,0,40896,-12435,30317,9
3327,0,32768,0,40928,-12494,30293,0
3328,0,32768,0,40960,-12553,30268,-9
3329,0,32768,0,40992,-12582,30256,3
3330,0,32768,0,41024,-12642,30232,-6
3331,0,32768,0,41056,-12671,30219,6
3332,0,32768,0,41088,-12730,30194,-3
3333,0,32768,0,41120,-12760,30182,8
3334,0,32768,0,41152,-12818,30157,0
3335,0,32768,0,41184,-12877,30132,-9
3336,0,32768,0,41216,-12907,30119,3
3337,0,32768,0,41248,-12965,30094,-6
3338,0,32768,0,41280,-12995,30081,5
3339,0,32768,0,41312,-13054,30056,-3
3340,0,32768,0,41344,-13083,30043,8
3341,0,32768,0,41376,-13142,30018,0
3342,0,32768,0,41408,-13200,29992,-9
3343,0,32768,0,41440,-13229,29979,3
3344,0,32768,0,41472,-13288,29953,-6
3345,0,32768,0,41504,-13317,29940,5
3346,0,32768,0,41536,-13376,29914,-3
3347,0,32768,0,41568,-13405,29901,8
3348,0,32768,0,41600,-13463,29875,0
3349,0,32768,0,41632,-13521,29848,-9
3350,0,32768,0,41664,-13551,29835,2
3351,0,32768,0,41696,-13609,29809,-6
3352,0,32768,0,41728,-13638,29795,5
3353,0,32768,0,41760,-13696,29769,-3
3354,0,32768,0,41792,-13725,29755,8
3355,0,32768,0,41824,-13783,29728,-1
3356,0,32768,0,41856,-13841,29701,-9
3357,0,32768,0,41888,-13870,29688,2
3358,0,32768,0,41920,-13928,29661,-6
3359,0,32768,0,41952,-13957,29647,5
3360,0,32768,0,41984,-14015,29620,-4
3361,0,32768,0,42016,-14069,29594,-9
3362,0,32768,0,42048,-14098,29581,2
3363,0,32768,0,42080,-14156,29553,-6
3364,0,32768,0,42112,-14184,29539,5
3365,0,32768,0,42144,-14242,29511,-4
3366,0,32768,0,42176,-14271,29497,8
3367,0,32768,0,42208,-14328,29469,-1
3368,0,32768,0,42240,-14386,29441,-9
3369,0,32768,0,42272,-14415,29427,2
3370,0,32768,0,42304,-14472,29399,-7
3371,0,32768,0,42336,-14501,29385,5
3372,0,32768,0,42368,-14558,29357,-4
3373,0,32768,0,42400,-14587,29342,8
3374,0,32768,0,42432,-14644,29314,-1
3375,0,32768,0,42464,-14701,29285,-10
3376,0,32768,0,42496,-14730,29271,2
3377,0,32768,0,42528,-14787,29242,-7
3378,0,32768,0,42560,-14816,29227,5
3379,0,32768,0,42592,-14873,29198,-4
3380,0,32768,0,42624,-14901,29184,8
3381,0,32768,0,42656,-14958,29155,-1
3382,0,32768,0,42688,-15015,29126,-10
3383,0,32768,0,42720,-15043,29111,2
3384,0,32768,0,42752,-15100,29081,-7
3385,0,32768,0,42784,-15129,29067,5
3386,0,32768,0,42816,-15186,29037,-4
3387,0,32768,0,42848,-15214,29022,8
3388,0,32768,0,42880,-15270,28992,-1
3389,0,32768,0,42912,-15327,28962,-10
3390,0,32768,0,42944,-15355,28948,2
3391,0,32768,0,42976,-15412,28918,-7
3392,0,32768,0,43008,-15440,28902,5
3393,0,32768,0,43040,-15496,28872,-4
3394,0,32768,0,43072,-15525,28857,8
3395,0,32768,0,43104,-15581,28827,-1
3396,0,32768,0,43136,-15637,28796,-10
3397,0,32768,0,43168,-15665,28781,2
3398,0,32768,0,43200,-15721,28750,-7
3399,0,32768,0,43232,-15750,28735,5
3400,0,32768,0,43264,-15806,28704,-4
3401,0,32768,0,43296,-15834,28689,8
3402,0,32768,0,43328,-15889,28658,-1
3403,0,32768,0,43360,-15945,28627,-9
3404,0,32768,0,43392,-15973,28611,2
3405,0,32768,0,43424,-16029,28580,-7
3406,0,32768,0,43456,-16057,28564,5
3407,0,32768,0,43488,-16113,28533,-4
3408,0,32768,0,43520,-16141,28517,8
3409,0,32768,0,43552,-16196,28486,-1
3410,0,32768,0,43584,-16252,28454,-10
3411,0,32768,0,43616,-16279,28438,2
3412,0,32768,0,43648,-16335,28406,-7
3413,0,32768,0,43680,-16363,28390,5
3414,0,32768,0,43712,-16418,28358,-4
3415,0,32768,0,43744,-16446,28342,8
3416,0,32768,0,43776,-16501,28310,-1
3417,0,32768,0,43808,-16556,28278,-10
3418,0,32768,0,43840,-16584,28262,2
3419,0,32768,0,43872,-16639,28229,-7
3420,0,32768,0,43904,-16667,28213,5
3421,0,32768,0,43936,-16722,28180,-4
3422,0,32768,0,43968,-16749,28164,8
3423,0,32768,0,44000,-16804,28131,-1
3424,0,32768,0,44032,-16859,28098,-10
3425,0,32768,0,44064,-16887,28082,2
3426,0,32768,0,44096,-16941,28049,-7
3427,0,32768,0,44128,-16969,28032,5
3428,0,32768,0,44160,-17023,27999,-4
3429,0,32768,0,44192,-17051,27982,8
3430,0,32768,0,44224,-17105,27949,-1
3431,0,32768,0,44256,-17160,27915,-10
3432,0,32768,0,44288,-17187,27899,2
3433,0,32768,0,44320,-17242,27865,-7
3434,0,32768,0,44352,-17269,27848,5
3435,0,32768,0,44384,-17323,27814,-4
3436,0,32768,0,44416,-17350,27797,8
3437,0,32768,0,44448,-17405,27764,-1
3438,0,32768,0,44480,-17459,27730,-10
3439,0,32768,0,44512,-17486,27712,2
3440,0,32768,0,44544,-17540,27678,-7
3441,0,32768,0,44576,-17567,27661,5
3442,0,32768,0,44608,-17618,27629,-1
3443,0,32768,0,44640,-17672,27595,-10
3444,0,32768,0,44672,-17699,27578,2
3445,0,32768,0,44704,-17752,27543,-7
3446,0,32768,0,44736,-17779,27525,4
3447,0,32768,0,44768,-17833,27491,-4
3448,0,32768,0,44800,-17860,27473,7
3449,0,32768,0,44832,-17913,27438,-1
3450,0,32768,0,44864,-17967,27403,-10
3451,0,32768,0,44896,-17994,27386,1
3452,0,32768,0,44928,-18047,27351,-7
3453,0,32768,0,44960,-18074,27333,4
3454,0,32768,0,44992,-18127,27298,-4
3455,0,32768,0,45024,-18154,27280,7
3456,0,32768,0,45056,-18207,27244,-2
3457,0,32768,0,45088,-18234,27227,10
3458,0,32768,0,45120,-18287,27191,1
3459,0,32768,0,45152,-18340,27155,-7
3460,0,32768,0,45184,-18366,27137,4
3461,0,32768,0,45216,-18419,27101,-5
3462,0,32768,0,45248,-18446,27083,7
3463,0,32768,0,45280,-18499,27047,-2
3464,0,32768,0,45312,-18525,27029,10
3465,0,32768,0,45344,-18578,26993,1
3466,0,32768,0,45376,-18630,26956,-7
3467,0,32768,0,45408,-18657,26938,4
3468,0,32768,0,45440,-18709,26902,-5
3469,0,32768,0,45472,-18736,26883,7
3470,0,32768,0,45504,-18788,26847,-2
3471,0,32768,0,45536,-18814,26829,10
3472,0,32768,0,45568,-18867,26792,1
3473,0,32768,0,45600,-18919,26755,-8
3474,0,32768,0,45632,-18945,26736,4
3475,0,32768,0,45664,-18997,26699,-5
3476,0,32768,0,45696,-19023,26681,7
3477,0,32768,0,45728,-19075,26644,-2
3478,0,32768,0,45760,-19101,26625,10
3479,0,32768,0,45792,-19153,26587,1
3480,0,32768,0,45824,-19205,26550,-8
3481,0,32768,0,45856,-19231,26531,4
3482,0,32768,0,45888,-19283,26494,-4
3483,0,32768,0,45920,-19308,26475,7
3484,0,32768,0,45952,-19360,26438,-1
3485,0,32768,0,45984,-19412,26400,-10
3486,0,32768,0,46016,-19437,26381,1
3487,0,32768,0,46048,-19489,26343,-7
3488,0,32768,0,46080,-19514,26324,4
3489,0,32768,0,46112,-19566,26285,-4
3490,0,32768,0,46144,-19592,26266,7
3491,0,32768,0,46176,-19643,26228,-2
3492,0,32768,0,46208,-19668,26209,10
3493,0,32768,0,46240,-19720,26170,1
3494,0,32768,0,46272,-19771,26132,-7
3495,0,32768,0,46304,-19796,26112,4
3496,0,32768,0,46336,-19847,26074,-5
3497,0,32768,0,46368,-19872,26054,7
3498,0,32768,0,46400,-19923,26015,-2
3499,0,32768,0,46432,-19949,25996,10
3500,0,32768,0,46464,-19999,25957,1
3501,0,32768,0,46496,-20050,25918,-8
3502,0,32768,0,46528,-20075,25898,4
3503,0,32768,0,46560,-20126,25859,-5
3504,0,32768,0,46592,-20151,25839,7
3505,0,32768,0,46624,-20202,25800,-2
3506,0,32768,0,46656,-20227,25780,10
3507,0,32768,0,46688,-20277,25741,1
3508,0,32768,0,46720,-20327,25701,-8
3509,0,32768,0,46752,-20353,25681,4
3510,0,32768,0,46784,-20403,25641,-5
3511,0,32768,0,46816,-20428,25621,7
3512,0,32768,0,46848,-20478,25581,-2
3513,0,32768,0,46880,-20503,25561,10
3514,0,32768,0,46912,-20552,25521,1
3515,0,32768,0,46944,-20602,25481,-8
3516,0,32768,0,46976,-20627,25461,4
3517,0,32768,0,47008,-20677,25421,-5
3518,0,32768,0,47040,-20702,25400,7
3519,0,32768,0,47072,-20751,25360,-2
3520,0,32768,0,47104,-20776,25339,10
3521,0,32768,0,47136,-20825,25299,1
3522,0,32768,0,47168,-20875,25258,-8
3523,0,32768,0,47200,-20896,25241,7
3524,0,32768,0,47232,-20945,25200,-2
3525,0,32768,0,47264,-20970,25180,10
3526,0,32768,0,47296,-21019,25139,1
3527,0,32768,0,47328,-21068,25097,-8
3528,0,32768,0,47360,-21093,25077,4
3529,0,32768,0,47392,-21141,25036,-5
3530,0,32768,0,47424,-21166,25015,7
3531,0,32768,0,47456,-21215,24974,-2
3532,0,32768,0,47488,-21239,24953,10
3533,0,32768,0,47520,-21288,24911,1
3534,0,32768,0,47552,-21336,24870,-8
3535,0,32768,0,47584,-21361,24849,4
3536,0,32768,0,47616,-21409,24807,-5
3537,0,32768,0,47648,-21433,24786,7
3538,0,32768,0,47680,-21482,24744,-2
3539,0,32768,0,47712,-21506,24723,9
3540,0,32768,0,47744,-21554,24681,1
3541,0,32768,0,47776,-21602,24639,-8
3542,0,32768,0,47808,-21626,24618,4
3543,0,32768,0,47840,-21674,24576,-5
3544,0,32768,0,47872,-21698,24555,7
3545,0,32768,0,47904,-21746,24512,-2
3546,0,32768,0,47936,-21770,24491,9
3547,0,32768,0,47968,-21818,24448,1
3548,0,32768,0,48000,-21866,24406,-8
3549,0,32768,0,48032,-21890,24384,4
3550,0,32768,0,48064,-21937,24341,-5
3551,0,32768,0,48096,-21961,24320,6
3552,0,32768,0,48128,-22008,24277,-2
3553,0,32768,0,48160,-22032,24255,9
3554,0,32768,0,48192,-22079,24212,1
3555,0,32768,0,48224,-22127,24169,-8
3556,0,32768,0,48256,-22150,24148,3
3557,0,32768,0,48288,-22197,24104,-5
3558,0,32768,0,48320,-22221,24083,6
3559,0,32768,0,48352,-22268,24039,-2
3560,0,32768,0,48384,-22291,24017,9
3561,0,32768,0,48416,-22338,23974,0
3562,0,32768,0,48448,-22385,23930,-8
3563,0,32768,0,48480,-22408,23908,3
3564,0,32768,0,48512,-22455,23865,-5
3565,0,32768,0,48544,-22478,23843,7
3566,0,32768,0,48576,-22525,23799,-2
3567,0,32768,0,48608,-22548,23777,10
3568,0,32768,0,48640,-22594,23733,1
3569,0,32768,0,48672,-22640,23689,-8
3570,0,32768,0,48704,-22663,23667,4
3571,0,32768,0,48736,-22710,23622,-5
3572,0,32768,0,48768,-22733,23600,7
3573,0,32768,0,48800,-22779,23556,-2
3574,0,32768,0,48832,-22802,23534,9
3575,0,32768,0,48864,-22848,23489,1
3576,0,32768,0,48896,-22893,23444,-8
3577,0,32768,0,48928,-22916,23422,4
3578,0,32768,0,48960,-22962,23377,-5
3579,0,32768,0,48992,-22985,23355,6
3580,0,32768,0,49024,-23030,23310,-2
3581,0,32768,0,49056,-23053,23287,9
3582,0,32768,0,49088,-23099,23242,1
3583,0,32768,0,49120,-23144,23197,-8
3584,0,32768,0,49152,-23174,23167,-4
3585,0,32768,0,49184,-23197,23144,8
3586,0,32768,0,49216,-23242,23099,-1
3587,0,32768,0,49248,-23287,23053,-9
3588,0,32768,0,49280,-23310,23031,2
3589,0,32768,0,49312,-23355,22985,-6
3590,0,32768,0,49344,-23377,22962,5
3591,0,32768,0,49376,-23422,22917,-4
3592,0,32768,0,49408,-23444,22894,8
3593,0,32768,0,49440,-23489,22848,-1
3594,0,32768,0,49472,-23533,22802,-9
3595,0,32768,0,49504,-23556,22779,2
3596,0,32768,0,49536,-23600,22733,-7
3597,0,32768,0,49568,-23622,22710,5
3598,0,32768,0,49600,-23667,22664,-4
3599,0,32768,0,49632,-23689,22641,8
3600,0,32768,0,49664,-23733,22594,-1
3601,0,32768,0,49696,-23777,22548,-10
3602,0,32768,0,49728,-23799,22525,2
3603,0,32768,0,49760,-23843,22478,-7
3604,0,32768,0,49792,-23865,22455,5
3605,0,32768,0,49824,-23909,22409,-3
3606,0,32768,0,49856,-23930,22385,8
3607,0,32768,0,49888,-23974,22338,0
3608,0,32768,0,49920,-24018,22291,-9
3609,0,32768,0,49952,-24039,22268,2
3610,0,32768,0,49984,-24083,22221,-6
3611,0,32768,0,50016,-24104,22197,5
3612,0,32768,0,50048,-24148,22150,-3
3613,0,32768,0,50080,-24169,22127,8
3614,0,32768,0,50112,-24212,22079,-1
3615,0,32768,0,50144,-24256,22032,-9
3616,0,32768,0,50176,-24277,22009,2
3617,0,32768,0,50208,-24320,21961,-6
3618,0,32768,0,50240,-24341,21937,5
3619,0,32768,0,50272,-24384,21890,-4
3620,0,32768,0,50304,-24406,21866,8
3621,0,32768,0,50336,-24448,21818,-1
3622,0,32768,0,50368,-24491,21770,-9
3623,0,32768,0,50400,-24512,21746,2
3624,0,32768,0,50432,-24554,21698,-7
3625,0,32768,0,50464,-24576,21674,5
3626,0,32768,0,50496,-24618,21627,-4
3627,0,32768,0,50528,-24639,21603,8
3628,0,32768,0,50560,-24681,21554,-1
3629,0,32768,0,50592,-24723,21506,-9
3630,0,32768,0,50624,-24744,21482,2
3631,0,32768,0,50656,-24786,21434,-7
3632,0,32768,0,50688,-24807,21409,5
3633,0,32768,0,50720,-24849,21361,-4
3634,0,32768,0,50752,-24869,21336,8
3635,0,32768,0,50784,-24911,21288,-1
3636,0,32768,0,50816,-24953,21239,-10
3637,0,32768,0,50848,-24974,21215,2
3638,0,32768,0,50880,-25015,21166,-7
3639,0,32768,0,50912,-25035,21141,5
3640,0,32768,0,50944,-25077,21092,-4
3641,0,32768,0,50976,-25097,21068,8
3642,0,32768,0,51008,-25138,21019,-1
3643,0,32768,0,51040,-25179,20970,-10
3644,0,32768,0,51072,-25200,20945,2
3645,0,32768,0,51104,-25241,20896,-7
3646,0,32768,0,51136,-25259,20875,8
3647,0,32768,0,51168,-25299,20826,-1
3648,0,32768,0,51200,-25340,20776,-10
3649,0,32768,0,51232,-25360,20751,2
3650,0,32768,0,51264,-25400,20702,-7
3651,0,32768,0,51296,-25421,20677,5
3652,0,32768,0,51328,-25461,20627,-4
3653,0,32768,0,51360,-25481,20602,8
3654,0,32768,0,51392,-25521,20553,-1
3655,0,32768,0,51424,-25561,20503,-10
3656,0,32768,0,51456,-25582,20478,2
3657,0,32768,0,51488,-25621,20428,-7
3658,0,32768,0,51520,-25641,20403,5
3659,0,32768,0,51552,-25681,20353,-4
3660,0,32768,0,51584,-25701,20327,8
3661,0,32768,0,51616,-25741,20277,-1
3662,0,32768,0,51648,-25780,20227,-10
3663,0,32768,0,51680,-25800,20202,2
3664,0,32768,0,51712,-25839,20151,-7
3665,0,32768,0,51744,-25859,20126,5
3666,0,32768,0,51776,-25898,20076,-4
3667,0,32768,0,51808,-25918,20050,8
3668,0,32768,0,51840,-25957,20000,-1
3669,0,32768,0,51872,-25996,19949,-10
3670,0,32768,0,51904,-26015,19923,2
3671,0,32768,0,51936,-26054,19873,-7
3672,0,32768,0,51968,-26074,19847,5
3673,0,32768,0,52000,-26112,19796,-4
3674,0,32768,0,52032,-26132,19771,7
3675,0,32768,0,52064,-26170,19720,-1
3676,0,32768,0,52096,-26209,19668,-10
3677,0,32768,0,52128,-26228,19643,2
3678,0,32768,0,52160,-26266,19592,-7
3679,0,32768,0,52192,-26285,19566,4
3680,0,32768,0,52224,-26323,19514,-4
3681,0,32768,0,52256,-26342,19489,7
3682,0,32768,0,52288,-26381,19437,-1
3683,0,32768,0,52320,-26418,19386,-10
3684,0,32768,0,52352,-26437,19360,1
3685,0,32768,0,52384,-26475,19308,-7
3686,0,32768,0,52416,-26494,19282,4
3687,0,32768,0,52448,-26531,19231,-4
3688,0,32768,0,52480,-26550,19205,8
3689,0,32768,0,52512,-26588,19153,-1
3690,0,32768,0,52544,-26625,19101,-10
3691,0,32768,0,52576,-26643,19075,2
3692,0,32768,0,52608,-26681,19023,-7
3693,0,32768,0,52640,-26699,18997,5
3694,0,32768,0,52672,-26736,18945,-4
3695,0,32768,0,52704,-26755,18919,8
3696,0,32768,0,52736,-26792,18866,-1
3697,0,32768,0,52768,-26829,18814,-10
3698,0,32768,0,52800,-26847,18788,2
3699,0,32768,0,52832,-26883,18736,-7
3700,0,32768,0,52864,-26902,18709,5
3701,0,32768,0,52896,-26938,18657,-4
3702,0,32768,0,52928,-26956,18630,7
3703,0,32768,0,52960,-26993,18578,-1
3704,0,32768,0,52992,-27029,18525,-10
3705,0,32768,0,53024,-27047,18498,2
3706,0,32768,0,53056,-27083,18446,-7
3707,0,32768,0,53088,-27101,18419,5
3708,0,32768,0,53120,-27137,18366,-4
3709,0,32768,0,53152,-27155,18340,7
3710,0,32768,0,53184,-27191,18287,-1
3711,0,32768,0,53216,-27226,18234,-10
3712,0,32768,0,53248,-27244,18207,2
3713,0,32768,0,53280,-27280,18154,-7
3714,0,32768,0,53312,-27297,18127,4
3715,0,32768,0,53344,-27333,18074,-4
3716,0,32768,0,53376,-27350,18047,7
3717,0,32768,0,53408,-27386,17994,-1
3718,0,32768,0,53440,-27421,17940,-10
3719,0,32768,0,53472,-27438,17913,1
3720,0,32768,0,53504,-27473,17860,-7
3721,0,32768,0,53536,-27490,17833,4
3722,0,32768,0,53568,-27525,17779,-4
3723,0,32768,0,53600,-27543,17752,7
3724,0,32768,0,53632,-27577,17698,-2
3725,0,32768,0,53664,-27595,17671,10
3726,0,32768,0,53696,-27629,17617,1
3727,0,32768,0,53728,-27661,17567,-5
3728,0,32768,0,53760,-27679,17540,7
3729,0,32768,0,53792,-27713,17486,-2
3730,0,32768,0,53824,-27730,17459,10
3731,0,32768,0,53856,-27764,17405,1
3732,0,32768,0,53888,-27798,17351,-8
3733,0,32768,0,53920,-27814,17323,4
3734,0,32768,0,53952,-27848,17269,-5
3735,0,32768,0,53984,-27865,17242,7
3736,0,32768,0,54016,-27899,17187,-2
3737,0,32768,0,54048,-27916,17160,10
3738,0,32768,0,54080,-27949,17106,1
3739,0,32768,0,54112,-27982,17051,-8
3740,0,32768,0,54144,-27999,17024,4
3741,0,32768,0,54176,-28032,16969,-5
3742,0,32768,0,54208,-28049,16942,7
3743,0,32768,0,54240,-28082,16887,-2
3744,0,32768,0,54272,-28098,16859,10
3745,0,32768,0,54304,-28131,16804,1
3746,0,32768,0,54336,-28164,16749,-8
3747,0,32768,0,54368,-28180,16722,4
3748,0,32768,0,54400,-28213,16667,-5
3749,0,32768,0,54432,-28229,16639,7
3750,0,32768,0,54464,-28262,16584,-2
3751,0,32768,0,54496,-28278,16557,10
3752,0,32768,0,54528,-28310,16501,1
3753,0,32768,0,54560,-28342,16446,-8
3754,0,32768,0,54592,-28358,16418,4
3755,0,32768,0,54624,-28390,16363,-5
3756,0,32768,0,54656,-28406,16335,7
3757,0,32768,0,54688,-28438,16280,-2
3758,0,32768,0,54720,-28454,16252,10
3759,0,32768,0,54752,-28486,16196,1
3760,0,32768,0,54784,-28517,16141,-8
3761,0,32768,0,54816,-28533,16113,4
3762,0,32768,0,54848,-28564,16057,-5
3763,0,32768,0,54880,-28580,16029,7
3764,0,32768,0,54912,-28611,15973,-2
3765,0,32768,0,54944,-28627,15945,9
3766,0,32768,0,54976,-28658,15889,1
3767,0,32768,0,55008,-28689,15834,-8
3768,0,32768,0,55040,-28704,15806,4
3769,0,32768,0,55072,-28735,15750,-5
3770,0,32768,0,55104,-28750,15722,7
3771,0,32768,0,55136,-28781,15665,-2
3772,0,32768,0,55168,-28796,15637,10
3773,0,32768,0,55200,-28827,15581,1
3774,0,32768,0,55232,-28857,15525,-8
3775,0,32768,0,55264,-28872,15496,4
3776,0,32768,0,55296,-28902,15440,-5
3777,0,32768,0,55328,-28917,15412,7
3778,0,32768,0,55360,-28948,15355,-2
3779,0,32768,0,55392,-28962,15327,10
3780,0,32768,0,55424,-28992,15271,1
3781,0,32768,0,55456,-29022,15214,-8
3782,0,32768,0,55488,-29037,15185,4
3783,0,32768,0,55520,-29067,15129,-5
3784,0,32768,0,55552,-29081,15100,7
3785,0,32768,0,55584,-29111,15043,-2
3786,0,32768,0,55616,-29125,15015,10
3787,0,32768,0,55648,-29155,14958,1
3788,0,32768,0,55680,-29184,14901,-8
3789,0,32768,0,55712,-29198,14873,4
3790,0,32768,0,55744,-29227,14816,-5
3791,0,32768,0,55776,-29242,14787,7
3792,0,32768,0,55808,-29271,14730,-2
3793,0,32768,0,55840,-29285,14701,10
3794,0,32768,0,55872,-29314,14644,1
3795,0,32768,0,55904,-29342,14587,-8
3796,0,32768,0,55936,-29356,14558,4
3797,0,32768,0,55968,-29385,14501,-5
3798,0,32768,0,56000,-29399,14472,7
3799,0,32768,0,56032,-29427,14415,-2
3800,0,32768,0,56064,-29441,14386,9
3801,0,32768,0,56096,-29469,14328,1
3802,0,32768,0,56128,-29497,14271,-8
3803,0,32768,0,56160,-29511,14242,4
3804,0,32768,0,56192,-29539,14184,-5
3805,0,32768,0,56224,-29553,14155,6
3806,0,32768,0,56256,-29580,14098,-2
3807,0,32768,0,56288,-29594,14069,9
3808,0,32768,0,56320,-29620,14015,4
3809,0,32768,0,56352,-29647,13957,-5
3810,0,32768,0,56384,-29661,13928,6
3811,0,32768,0,56416,-29688,13870,-2
3812,0,32768,0,56448,-29701,13841,9
3813,0,32768,0,56480,-29728,13783,1
3814,0,32768,0,56512,-29755,13725,-8
3815,0,32768,0,56544,-29768,13696,3
3816,0,32768,0,56576,-29795,13638,-5
3817,0,32768,0,56608,-29808,13609,6
3818,0,32768,0,56640,-29835,13551,-2
3819,0,32768,0,56672,-29848,13522,9
3820,0,32768,0,56704,-29875,13463,0
3821,0,32768,0,56736,-29901,13405,-8
3822,0,32768,0,56768,-29914,13376,3
3823,0,32768,0,56800,-29940,13317,-5
3824,0,32768,0,56832,-29953,13288,6
3825,0,32768,0,56864,-29979,13229,-3
3826,0,32768,0,56896,-29992,13200,9
3827,0,32768,0,56928,-30017,13141,0
3828,0,32768,0,56960,-30043,13083,-8
3829,0,32768,0,56992,-30056,13054,3
3830,0,32768,0,57024,-30081,12995,-5
3831,0,32768,0,57056,-30094,12966,6
3832,0,32768,0,57088,-30119,12907,-3
3833,0,32768,0,57120,-30132,12877,9
3834,0,32768,0,57152,-30157,12818,0
3835,0,32768,0,57184,-30182,12759,-8
3836,0,32768,0,57216,-30194,12730,3
3837,0,32768,0,57248,-30219,12671,-6
3838,0,32768,0,57280,-30231,12641,6
3839,0,32768,0,57312,-30256,12582,-3
3840,0,32768,0,57344,-30268,12553,9
3841,0,32768,0,57376,-30293,12494,0
3842,0,32768,0,57408,-30317,12434,-9
3843,0,32768,0,57440,-30329,12405,3
3844,0,32768,0,57472,-30353,12346,-6
3845,0,32768,0,57504,-30365,12316,6
3846,0,32768,0,57536,-30389,12257,-3
3847,0,32768,0,57568,-30401,12227,9
3848,0,32768,0,57600,-30425,12167,0
3849,0,32768,0,57632,-30449,12109,-8
3850,0,32768,0,57664,-30461,12079,3
3851,0,32768,0,57696,-30484,12019,-5
3852,0,32768,0,57728,-30496,11990,6
3853,0,32768,0,57760,-30519,11930,-2
3854,0,32768,0,57792,-30531,11900,9
3855,0,32768,0,57824,-30554,11841,0
3856,0,32768,0,57856,-30577,11781,-8
3857,0,32768,0,57888,-30588,11751,3
3858,0,32768,0,57920,-30611,11691,-5
3859,0,32768,0,57952,-30623,11662,6
3860,0,32768,0,57984,-30646,11602,-3
3861,0,32768,0,58016,-30657,11572,9
3862,0,32768,0,58048,-30679,11512,0
3863,0,32768,0,58080,-30702,11452,-8
3864,0,32768,0,58112,-30713,11422,3
3865,0,32768,0,58144,-30735,11362,-6
3866,0,32768,0,58176,-30746,11332,6
3867,0,32768,0,58208,-30768,11272,-3
3868,0,32768,0,58240,-30779,11242,9
3869,0,32768,0,58272,-30801,11182,0
3870,0,32768,0,58304,-30823,11121,-8
3871,0,32768,0,58336,-30834,11091,3
3872,0,32768,0,58368,-30855,11031,-6
3873,0,32768,0,58400,-30866,11001,6
3874,0,32768,0,58432,-30888,10941,-3
3875,0,32768,0,58464,-30898,10910,9
3876,0,32768,0,58496,-30919,10850,0
3877,0,32768,0,58528,-30941,10790,-9
3878,0,32768,0,58560,-30951,10759,3
3879,0,32768,0,58592,-30972,10699,-6
3880,0,32768,0,58624,-30983,10669,6
3881,0,32768,0,58656,-31003,10608,-3
3882,0,32768,0,58688,-31014,10578,9
3883,0,32768,0,58720,-31034,10517,0
3884,0,32768,0,58752,-31055,10457,-9
3885,0,32768,0,58784,-31065,10426,3
3886,0,32768,0,58816,-31085,10366,-6
3887,0,32768,0,58848,-31098,10329,1
3888,0,32768,0,58880,-31118,10268,-7
3889,0,32768,0,58912,-31128,10238,4
3890,0,32768,0,58944,-31148,10177,-5
3891,0,32768,0,58976,-31158,10146,7
3892,0,32768,0,59008,-31177,10085,-2
3893,0,32768,0,59040,-31187,10055,10
3894,0,32768,0,59072,-31207,9994,1
3895,0,32768,0,59104,-31227,9933,-8
3896,0,32768,0,59136,-31236,9902,4
3897,0,32768,0,59168,-31255,9841,-5
3898,0,32768,0,59200,-31265,9811,7
3899,0,32768,0,59232,-31284,9750,-2
3900,0,32768,0,59264,-31294,9719,10
3901,0,32768,0,59296,-31312,9658,1
3902,0,32768,0,59328,-31331,9597,-8
3903,0,32768,0,59360,-31341,9566,4
3904,0,32768,0,59392,-31359,9505,-5
3905,0,32768,0,59424,-31369,9475,7
3906,0,32768,0,59456,-31387,9413,-2
3907,0,32768,0,59488,-31396,9383,10
3908,0,32768,0,59520,-31414,9321,1
3909,0,32768,0,59552,-31433,9260,-8
3910,0,32768,0,59584,-31442,9229,4
3911,0,32768,0,59616,-31459,9168,-5
3912,0,32768,0,59648,-31468,9137,7
3913,0,32768,0,59680,-31486,9076,-2
3914,0,32768,0,59712,-31495,9045,10
3915,0,32768,0,59744,-31513,8983,1
3916,0,32768,0,59776,-31530,8922,-8
3917,0,32768,0,59808,-31539,8891,4
3918,0,32768,0,59840,-31556,8829,-5
3919,0,32768,0,59872,-31565,8798,7
3920,0,32768,0,59904,-31582,8737,-2
3921,0,32768,0,59936,-31590,8706,10
3922,0,32768,0,59968,-31607,8644,1
3923,0,32768,0,60000,-31624,8582,-8
3924,0,32768,0,60032,-31632,8551,4
3925,0,32768,0,60064,-31649,8490,-5
3926,0,32768,0,60096,-31657,8459,7
3927,0,32768,0,60128,-31674,8398,-2
3928,0,32768,0,60160,-31682,8367,10
3929,0,32768,0,60192,-31698,8305,1
3930,0,32768,0,60224,-31714,8243,-8
3931,0,32768,0,60256,-31722,8212,4
3932,0,32768,0,60288,-31739,8150,-5
3933,0,32768,0,60320,-31746,8119,7
3934,0,32768,0,60352,-31762,8057,-2
3935,0,32768,0,60384,-31770,8026,10
3936,0,32768,0,60416,-31786,7964,1
3937,0,32768,0,60448,-31801,7902,-8
3938,0,32768,0,60480,-31809,7871,4
3939,0,32768,0,60512,-31824,7808,-5
3940,0,32768,0,60544,-31832,7777,7
3941,0,32768,0,60576,-31847,7715,-2
3942,0,32768,0,60608,-31854,7684,10
3943,0,32768,0,60640,-31869,7622,1
3944,0,32768,0,60672,-31884,7559,-8
3945,0,32768,0,60704,-31892,7529,4
3946,0,32768,0,60736,-31906,7466,-5
3947,0,32768,0,60768,-31913,7435,7
3948,0,32768,0,60800,-31928,7373,-2
3949,0,32768,0,60832,-31935,7342,10
3950,0,32768,0,60864,-31949,7279,1
3951,0,32768,0,60896,-31963,7217,-8
3952,0,32768,0,60928,-31970,7185,4
3953,0,32768,0,60960,-31984,7123,-5
3954,0,32768,0,60992,-31991,7092,7
3955,0,32768,0,61024,-32005,7029,-2
3956,0,32768,0,61056,-32012,6998,10
3957,0,32768,0,61088,-32026,6935,1
3958,0,32768,0,61120,-32039,6873,-8
3959,0,32768,0,61152,-32046,6842,4
3960,0,32768,0,61184,-32059,6779,-5
3961,0,32768,0,61216,-32066,6748,7
3962,0,32768,0,61248,-32079,6685,-2
3963,0,32768,0,61280,-32085,6654,9
3964,0,32768,0,61312,-32098,6591,1
3965,0,32768,0,61344,-32111,6533,-5
3966,0,32768,0,61376,-32117,6502,7
3967,0,32768,0,61408,-32129,6439,-2
3968,0,32768,0,61440,-32136,6407,9
3969,0,32768,0,61472,-32148,6345,1
3970,0,32768,0,61504,-32161,6282,-8
3971,0,32768,0,61536,-32167,6250,4
3972,0,32768,0,61568,-32179,6188,-5
3973,0,32768,0,61600,-32185,6156,6
3974,0,32768,0,61632,-32197,6093,-2
3975,0,32768,0,61664,-32202,6062,9
3976,0,32768,0,61696,-32214,5999,1
3977,0,32768,0,61728,-32226,5936,-8
3978,0,32768,0,61760,-32232,5904,3
3979,0,32768,0,61792,-32243,5841,-5
3980,0,32768,0,61824,-32249,5810,6
3981,0,32768,0,61856,-32260,5747,-2
3982,0,32768,0,61888,-32266,5716,9
3983,0,32768,0,61920,-32277,5653,0
3984,0,32768,0,61952,-32288,5589,-8
3985,0,32768,0,61984,-32293,5558,3
3986,0,32768,0,62016,-32304,5495,-5
3987,0,32768,0,62048,-32310,5463,6
3988,0,32768,0,62080,-32320,5400,-2
3989,0,32768,0,62112,-32325,5369,9
3990,0,32768,0,62144,-32336,5306,0
3991,0,32768,0,62176,-32346,5242,-8
3992,0,32768,0,62208,-32351,5211,3
3993,0,32768,0,62240,-32361,5148,-5
3994,0,32768,0,62272,-32366,5116,6
3995,0,32768,0,62304,-32376,5053,-3
3996,0,32768,0,62336,-32381,5021,9
3997,0,32768,0,62368,-32391,4958,0
3998,0,32768,0,62400,-32401,4895,-8
3999,0,32768,0,62432,-32405,4863,3
4000,0,32768,0,62464,-32415,4800,-6
4001,0,32768,0,62496,-32419,4768,6
4002,0,32768,0,62528,-32429,4705,-3
4003,0,32768,0,62560,-32433,4673,9
4004,0,32768,0,62592,-32442,4609,0
4005,0,32768,0,62624,-32451,4546,-9
4006,0,32768,0,62656,-32456,4515,4
4007,0,32768,0,62688,-32464,4452,-5
4008,0,32768,0,62720,-32469,4420,6
4009,0,32768,0,62752,-32477,4357,-2
4010,0,32768,0,62784,-32481,4325,9
4011,0,32768,0,62816,-32490,4261,1
4012,0,32768,0,62848,-32498,4198,-8
4013,0,32768,0,62880,-32502,4166,3
4014,0,32768,0,62912,-32510,4103,-5
4015,0,32768,0,62944,-32514,4071,6
4016,0,32768,0,62976,-32522,4008,-2
4017,0,32768,0,63008,-32526,3976,9
4018,0,32768,0,63040,-32534,3912,0
4019,0,32768,0,63072,-32541,3849,-8
4020,0,32768,0,63104,-32545,3817,3
4021,0,32768,0,63136,-32552,3753,-5
4022,0,32768,0,63168,-32556,3721,6
4023,0,32768,0,63200,-32563,3658,-3
4024,0,32768,0,63232,-32567,3626,9
4025,0,32768,0,63264,-32574,3562,0
4026,0,32768,0,63296,-32581,3499,-8
4027,0,32768,0,63328,-32584,3467,3
4028,0,32768,0,63360,-32591,3403,-5
4029,0,32768,0,63392,-32594,3372,6
4030,0,32768,0,63424,-32601,3308,-3
4031,0,32768,0,63456,-32604,3276,9
4032,0,32768,0,63488,-32610,3212,0
4033,0,32768,0,63520,-32616,3149,-8
4034,0,32768,0,63552,-32619,3117,3
4035,0,32768,0,63584,-32625,3053,-6
4036,0,32768,0,63616,-32628,3021,6
4037,0,32768,0,63648,-32634,2958,-3
4038,0,32768,0,63680,-32637,2926,9
4039,0,32768,0,63712,-32643,2862,0
4040,0,32768,0,63744,-32648,2798,-9
4041,0,32768,0,63776,-32651,2766,3
4042,0,32768,0,63808,-32656,2702,-6
4043,0,32768,0,63840,-32659,2671,6
4044,0,32768,0,63872,-32664,2607,-3
4045,0,32768,0,63904,-32667,2575,9
4046,0,32768,0,63936,-32672,2516,3
4047,0,32768,0,63968,-32676,2452,-6
4048,0,32768,0,64000,-32679,2420,6
4049,0,32768,0,64032,-32683,2356,-3
4050,0,32768,0,64064,-32686,2324,9
4051,0,32768,0,64096,-32690,2260,0
4052,0,32768,0,64128,-32694,2196,-9
4053,0,32768,0,64160,-32697,2164,3
4054,0,32768,0,64192,-32701,2100,-6
4055,0,32768,0,64224,-32703,2068,6
4056,0,32768,0,64256,-32707,2005,-3
4057,0,32768,0,64288,-32709,1973,9
4058,0,32768,0,64320,-32712,1909,0
4059,0,32768,0,64352,-32716,1845,-9
4060,0,32768,0,64384,-32718,1813,3
4061,0,32768,0,64416,-32721,1749,-6
4062,0,32768,0,64448,-32723,1717,6
4063,0,32768,0,64480,-32726,1653,-3
4064,0,32768,0,64512,-32728,1621,8
4065,0,32768,0,64544,-32731,1557,0
4066,0,32768,0,64576,-32734,1493,-9
4067,0,32768,0,64608,-32736,1461,3
4068,0,32768,0,64640,-32738,1397,-6
4069,0,32768,0,64672,-32740,1365,6
4070,0,32768,0,64704,-32742,1301,-3
4071,0,32768,0,64736,-32743,1269,8
4072,0,32768,0,64768,-32746,1206,0
4073,0,32768,0,64800,-32748,1142,-9
4074,0,32768,0,64832,-32749,1110,3
4075,0,32768,0,64864,-32751,1046,-6
4076,0,32768,0,64896,-32752,1014,5
4077,0,32768,0,64928,-32754,950,-3
4078,0,32768,0,64960,-32755,918,8
4079,0,32768,0,64992,-32757,854,0
4080,0,32768,0,65024,-32758,790,-9
4081,0,32768,0,65056,-32759,758,2
4082,0,32768,0,65088,-32761,694,-6
4083,0,32768,0,65120,-32761,662,5
4084,0,32768,0,65152,-32763,598,-3
4085,0,32768,0,65184,-32763,566,8
4086,0,32768,0,65216,-32764,502,-1
4087,0,32768,0,65248,-32765,438,-9
4088,0,32768,0,65280,-32766,406,3
4089,0,32768,0,65312,-32766,342,-6
4090,0,32768,0,65344,-32767,310,6
4091,0,32768,0,65376,-32767,246,-3
4092,0,32768,0,65408,-32767,214,9
4093,0,32768,0,65440,-32768,150,0
4094,0,32768,0,65472,-32768,86,-9
4095,0,32768,0,65504,-32768,54,3
4096,0,-4625,-23098,-26914,-23475,-1953,0
4097,0,-4943,16427,5201,-8845,14699,-2
4098,0,-8425,-9150,-21811,-12140,2707,9
4099,0,16752,-3473,-42870,-10867,-13214,-9
4100,0,-18034,2300,45120,8156,-16248,1
4101,0,10380,13627,-44346,6111,-16003,1
4102,0,-18489,-7649,-42910,1868,19921,-9
4103,0,2215,4712,27132,-3951,3391,-6
4104,0,-8978,-8296,63408,9777,7338,2
4105,0,-3383,-2836,-47367,12,4414,10
4106,0,-7381,-4128,-7298,-8349,-1345,7
4107,0,-1166,5347,19911,-5037,2140,3
4108,0,1459,10308,-58661,1956,-10225,-2
4109,0,-5899,23667,-4658,-518,24386,-5
4110,0,870,10308,63194,-2015,-10147,-9
4111,0,11136,9017,-38609,5593,-13192,-7
4112,0,3190,1436,22443,250,3489,-8
4113,0,8433,-18773,-31218,-18099,-9796,8
4114,0,4122,2461,-9560,4786,383,3
4115,0,-4097,8178,48582,-3123,-8597,4
4116,0,-5336,-3593,-27274,-4857,4218,6
4117,0,-3598,10377,35675,-9778,-5003,4
4118,0,-5974,-11615,-38151,-9705,8742,3
4119,0,-6885,-21735,48857,20381,10220,-6
4120,0,-1517,-1869,37241,2149,-1085,4
4121,0,9513,-3830,-14616,4806,-9059,-7
4122,0,12486,-18636,20956,22425,550,-9
4123,0,20481,1514,1293,20347,2784,-4
4124,0,-17154,311,-62537,17021,2155,-6
4125,0,-10126,-21777,-24633,-23992,1082,-5
4126,0,-11566,-28952,-2253,-14618,-27538,-1
4127,0,20987,2837,-14345,18017,-11130,2
4128,0,-18789,3431,39992,3150,-18838,0
4129,0,2436,-7954,-64823,-2704,7867,6
4130,0,-1077,119,64955,1073,-149,3
4131,0,4184,-29886,38796,27449,12539,-9
4132,0,24531,8883,-61530,-22386,-13399,2
4133,0,-19842,-13305,-22069,-21332,10756,-4
4134,0,-10617,26765,61027,4628,-28419,1
4135,0,-14449,-12963,-48133,100,19412,-3
4136,0,-2447,10244,2409,-3614,9893,-6
4137,0,1512,-10151,11775,6711,-7765,-8
4138,0,-8788,-8907,-36107,-7396,10093,-8
4139,0,25662,12122,7196,20044,20093,-7
4140,0,-3139,773,-27458,-41,3233,6
4141,0,3582,-5227,16695,6245,-1071,2
4142,0,8882,27678,-50360,11776,-26576,-3
4143,0,-1562,-3885,-56197,-274,4178,0
4144,0,-21583,-10482,-40210,-2278,23885,6
4145,0,967,-8230,12649,5487,-6210,-7
4146,0,-16824,-12378,-32617,-12504,16731,-6
4147,0,3790,18716,41531,-18633,-4180,-8
4148,0,9039,7618,863,8714,7988,-7
4149,0,-10106,21407,-26313,17305,16153,-10
4150,0,18538,-10151,26547,15150,14737,0
4151,0,7754,25771,61849,-12154,-24012,-9
4152,0,-16432,-26546,5738,-8613,-30009,6
4153,0,-24212,-8762,-38085,-2365,25640,8
4154,0,-2809,1610,-33659,1728,2738,-1
4155,0,22104,-23080,32200,23669,21472,-4
4156,0,7549,-8629,-28722,-7013,-9070,2
4157,0,-6306,-2105,15484,-3224,-5814,-1
4158,0,24182,-12482,29062,16551,21602,-8
4159,0,10562,27414,16412,-11947,26840,4
4160,0,3530,-7201,8031,5978,-5346,-7
4161,0,-9549,-377,-29804,-1726,9400,-1
4162,0,19071,18010,-2374,20993,15728,0
4163,0,-13279,-22973,-35893,-20732,16562,3
4164,0,19360,-3214,10498,18509,6523,-2
4165,0,-3317,32197,-9288,10888,30481,10
4166,0,-2033,-1021,51142,2218,-506,-7
4167,0,9470,238,8917,8520,4141,3
4168,0,-700,-9238,-39212,-8588,3476,1
4169,0,-782,-18688,-30360,-18653,-1382,-7
4170,0,9987,491,30697,500,9987,-2
4171,0,-1593,-2378,-59217,811,2745,-4
4172,0,16367,-21713,-44272,-27069,-2572,-6
4173,0,6394,4238,-29004,5315,-5531,5
4174,0,-7166,13429,28126,-14677,-4033,-10
4175,0,-639,18987,-19666,14987,11675,-2
4176,0,-6130,14249,-61489,8760,-12801,3
4177,0,10066,-1818,34189,1130,10166,1
4178,0,2757,-1421,-26061,-476,-3065,-3
4179,0,1271,-15486,-63283,-2932,15259,1
4180,0,4723,-5914,51439,16,7569,5
4181,0,5409,15520,38697,-16414,835,-7
4182,0,-7475,9359,-51945,11620,-2908,-2
4183,0,-16388,13269,-48266,20859,3087,7
4184,0,10022,-7355,-19985,-255,-12429,5
4185,0,-6992,9541,44626,-4275,-11029,-4
4186,0,4980,-10834,2357,6168,-10204,3
4187,0,-18214,-13759,-39732,-7036,21715,-5
4188,0,-4661,1160,56470,3741,-3013,-9
4189,0,2835,-24206,-64344,-4217,24004,-3
4190,0,2587,14288,-29787,14511,-523,-4
4191,0,-232,-92,38344,150,-199,7
4192,0,15010,-13271,4535,17517,-9725,5
4193,0,-1117,15386,15093,-11025,10790,-4
4194,0,-5961,3940,-26833,2108,6827,-1
4195,0,21826,24356,-17190,32700,539,-8
4196,0,2414,-24561,-2650,-728,-24669,9
4197,0,-22453,-1858,-40665,6571,21550,-1
4198,0,-25086,6354,5139,-25878,42,-2
4199,0,-26029,-36,-50761,19748,16957,3
4200,0,-17490,-981,-17980,-12133,12636,-4
4201,0,13866,-5567,-49674,-13881,-5529,-9
4202,0,-4157,10592,-25287,8456,7613,-7
4203,0,-9876,-24656,-13077,-22467,-14167,7
4204,0,-14428,3262,11828,-13924,-4993,7
4205,0,17843,3381,1817,17480,4927,-7
4206,0,2617,-6638,4395,3945,-5945,7
4207,0,-9310,-24129,-45849,-14073,21699,3
4208,0,12352,-2406,35028,1061,12540,8
4209,0,5362,14608,27989,-13010,8537,-4
4210,0,12571,-3129,-53274,-12195,-4371,-7
4211,0,21176,-16035,16054,26366,3219,-1
4212,0,5780,-24524,40018,21093,13781,6
4213,0,-2144,3131,-21631,1605,3438,6
4214,0,10682,-15086,5230,14087,-11969,7
4215,0,-15787,20682,-57840,22180,-13602,4
4216,0,15240,-16966,-5524,10265,-20365,4
4217,0,-163,-26414,58259,9191,24764,8
4218,0,-515,-6179,-323,-609,-6170,-4
4219,0,13787,-26002,55465,-138,29431,1
4220,0,-20805,-7526,-43435,3613,21827,-4
4221,0,-25319,2293,-15734,-16887,19004,-5
4222,0,-5240,10791,-48150,11511,-3376,1
4223,0,-3570,23488,-1787,-1551,23707,-4
4224,0,-7265,4081,30084,-4978,-6682,-4
4225,0,-7004,3988,-50376,7884,1673,1
4226,0,11303,-8034,26299,11098,8315,-4
4227,0,-11383,2203,65324,11359,-2322,6
4228,0,-1722,-1525,-29053,-1806,1424,-3
4229,0,-10615,-2465,32008,2073,-10698,8
4230,0,-10070,-12243,-30449,-13282,8654,6
4231,0,-3629,880,48820,1893,-3219,-3
4232,0,21578,-8413,25840,14980,17663,-10
4233,0,-4305,-16996,-52963,-6090,16441,-2
4234,0,-13281,-3282,-10096,-13283,3272,-3
4235,0,-5097,-11301,-63086,3734,11821,-6
4236,0,-6928,25490,-16170,12897,23052,7
4237,0,165,13637,3008,-1795,13520,3
4238,0,517,971,-56209,-47,-1099,9
4239,0,-105,1075,6301,-420,995,-1
4240,0,-5535,174,23652,-2501,-4941,2
4241,0,1070,22501,51746,-14664,-17100,7
4242,0,12221,14140,-50052,552,-18681,-1
4243,0,5788,-4096,49509,-1314,6968,7
4244,0,-5741,2283,12707,-6015,-1410,10
4245,0,10719,27510,-57221,810,-29513,-8
4246,0,-421,572,23106,-700,-121,3
4247,0,-16707,-17908,16738,1259,-24459,4
4248,0,461,-9087,-4299,-1411,-8989,7
4249,0,-93,-16277,7528,5661,-15261,-1
4250,0,-27516,-11912,-43760,3536,29775,-3
4251,0,-1316,1779,17361,-2201,224,-4
4252,0,-762,-28949,30101,28617,-4436,-8
4253,0,6338,2717,-44613,-1117,-6805,-4
4254,0,100,-128,23412,159,35,3
4255,0,-1375,-14137,-64874,923,14174,-4
4256,0,24418,-4352,-10618,19199,-15703,4
4257,0,28226,12428,58870,-30702,-2928,3
4258,0,7184,-10152,63788,-6312,10716,-5
4259,0,-17938,19335,64351,16821,-20314,-10
4260,0,21681,18082,-45926,1807,-28174,7
4261,0,-6526,-27855,-37244,-25831,12299,-7
4262,0,-26733,-7007,-3320,-27504,-2694,-9
4263,0,3525,3816,-64793,-3386,-3940,-4
4264,0,22801,19918,-40427,10417,-28427,-8
4265,0,-17901,27442,-55940,28229,-16632,-8
4266,0,179,475,-48927,214,-460,-3
4267,0,-24009,8670,49638,11389,-22845,-6
4268,0,1710,-1393,-17416,114,-2203,10
4269,0,371,5234,-1760,812,5184,3
4270,0,27406,795,23805,10683,25251,-8
4271,0,-12788,10511,-45385,15918,4544,-2
4272,0,-20550,14177,-8818,-12931,21356,-6
4273,0,-9632,10805,61068,7115,-12606,1
4274,0,5761,-19984,-34721,-20434,-3874,-7
4275,0,-5412,-466,7730,-4876,-2395,-3
4276,0,-13418,24543,-11928,1991,27900,-5
4277,0,9564,-25516,16678,24959,-10936,5
4278,0,-6830,25138,-2321,-4006,25739,-8
4279,0,-11329,12422,-39158,15258,7061,-6
4280,0,-14469,-28185,22188,17608,-26338,1
4281,0,-22042,5710,-23047,-4808,22256,-5
4282,0,16552,-9965,-29943,-7641,-17745,3
4283,0,1192,-8132,-61758,-2638,7784,-1
4284,0,-22793,21801,-57091,29538,-11061,0
4285,0,-24372,-11200,26453,3415,-26604,8
4286,0,-8439,-16708,-33775,-16279,9239,5
4287,0,-427,-2045,-44028,-1535,1417,-7
4288,0,31682,5340,-3254,32127,360,-4
4289,0,-2344,-2314,28353,1771,-2777,-7
4290,0,-18607,-437,59958,18063,-4487,-9
4291,0,-14037,25593,40478,-18792,-22336,-2
4292,0,-56,5499,22897,-4921,2456,-2
4293,0,-6883,5246,16255,-8583,-1106,-3
4294,0,-460,-26468,11036,12954,-23086,7
4295,0,-20119,-11437,-18088,-21742,7929,-10
4296,0,1528,4538,-3366,2239,4233,6
4297,0,-19991,-13673,-17604,-23501,5857,5
4298,0,10302,-11936,7100,13696,-7811,-1
4299,0,-17404,10835,3175,-18843,8077,7
4300,0,-1876,11704,52452,-5350,-10577,0
4301,0,10541,2659,-36480,748,-10845,6
4302,0,342,-22367,22678,19959,-10101,3
4303,0,-239,-2648,46063,2271,1383,8
4304,0,27296,10421,-64792,-26905,-11392,-3
4305,0,-4022,-2541,64270,4168,2294,-9
4306,0,3766,-28642,20177,25716,-13161,4
4307,0,-3611,-19984,23558,16519,-11811,10
4308,0,-9871,-965,-60517,9357,3289,0
4309,0,-1081,-1280,55714,1544,650,6
4310,0,17105,-8436,-29882,-5998,-18104,2
4311,0,-26999,2127,22645,-14464,-22897,-10
4312,0,1688,8,17643,1113,1269,-7
4313,0,-12321,10576,-51983,16209,-968,1
4314,0,6949,-14792,45193,8341,14054,-7
4315,0,26863,-11137,2295,27922,-8123,2
4316,0,9264,-9438,58281,-5488,12033,9
4317,0,-713,17115,4922,-4691,16475,5
4318,0,4587,-24860,20704,23324,-9749,1
4319,0,-9550,-21160,-55547,-1276,23180,-2
4320,0,-4996,-26140,64182,6686,25760,4
4321,0,-13381,21384,-30871,20074,15276,-9
4322,0,-22298,8987,25880,-15739,-18173,10
4323,0,-27211,-7200,10987,-19903,-19904,-2
4324,0,-2334,-3979,-38671,-3170,3351,-8
4325,0,-6249,-6665,53662,8857,2243,8
4326,0,29289,-13441,18845,28683,14690,-4
4327,0,-23028,1021,25961,-8358,-21482,9
4328,0,-3308,-19827,-36353,-18972,6641,-9
4329,0,13279,27812,29332,-25261,17656,-3
4330,0,4964,8769,58895,-7462,-6772,8
4331,0,-14080,11365,63319,12798,-12791,-6
4332,0,19156,-7179,-18870,6196,-19496,0
4333,0,1730,-4647,42342,3398,3611,-9
4334,0,-25007,20346,43293,-5729,-31725,5
4335,0,-17322,-3438,63112,17603,1414,-9
4336,0,7510,-24198,34963,23277,10005,4
4337,0,18656,-23601,27312,27617,11931,-9
4338,0,4560,1757,31452,-1466,4662,2
4339,0,23039,3913,-58569,-20488,-11241,8
4340,0,-10218,1805,51642,6917,-7734,4
4341,0,-4437,-30025,53403,20196,22657,-6
4342,0,-14762,14110,-52534,20223,-2840,-1
4343,0,1781,-14279,-2782,-133,-14389,0
4344,0,6833,2434,-44841,-1697,-7052,-8
4345,0,-17126,-11008,60677,19204,6760,-3
4346,0,4103,6834,-63510,-3420,-7200,-2
4347,0,1638,-7274,-26538,-6472,-3703,9
4348,0,-7859,-1390,-7140,-7869,1329,2
4349,0,11002,-27799,-5552,3308,-29714,-4
4350,0,-24,393,-54269,223,-325,-7
4351,0,1710,6155,-64542,-1416,-6229,2
4352,0,-15851,6577,-15568,-7174,15590,-2
4353,0,16348,-3870,60091,-14795,7959,2
4354,0,-4694,-4603,37492,5541,-3538,-10
4355,0,8729,25580,55421,-19644,-18565,-2
4356,0,27917,2849,64609,-28016,-1601,4
4357,0,-610,755,35233,-678,-694,9
4358,0,2043,4931,-42095,3565,-3973,-9
4359,0,2505,8653,37554,-8996,467,-9
4360,0,-122,139,20688,-183,-26,6
4361,0,-17281,5849,-19191,-5813,17293,4
4362,0,-1064,-408,-55127,739,868,-10
4363,0,-1455,-877,3542,-1286,-1110,7
4364,0,-8702,14952,-21707,8492,15073,-9
4365,0,-809,232,-65024,814,-212,9
4366,0,6354,12572,3552,4130,13468,-3
4367,0,-401,1102,-51680,995,-620,-2
4368,0,1591,-623,5224,1696,-209,1
4369,0,5434,-17118,36458,15892,8368,-8
4370,0,12003,24737,-15134,25396,10539,4
4371,0,14278,-21394,-2565,11555,-22980,-7
4372,0,-10928,-14903,47329,18441,1212,-7
4373,0,-21818,-21818,48609,30845,-789,-10
4374,0,-18008,-11554,-24255,-17748,11950,6
4375,0,4568,-9108,-25377,-6959,-7443,5
4376,0,-1955,-16320,22504,13464,-9427,-8
4377,0,-3611,24538,-38009,24665,-2605,2
4378,0,19955,12526,-15465,23177,-4236,-1
4379,0,12950,9043,7777,8769,13137,3
4380,0,-261,30132,-20273,24741,17202,2
4381,0,-4137,25825,52074,-12237,-23115,9
4382,0,-3985,5631,45112,-2449,-6449,-7
4383,0,11708,-24928,-50543,-25226,11050,-3
4384,0,6511,1337,-55783,-5211,-4126,7
4385,0,5033,23723,-52224,10085,-22055,4
4386,0,-7595,25681,-56584,17594,-20190,-3
4387,0,9756,26357,-42482,19178,-20544,-8
4388,0,-23073,-17631,-44083,-3191,28862,-1
4389,0,-20654,6212,62596,19575,-9056,4
4390,0,8680,15626,-37432,13307,-11934,9
4391,0,478,-8751,40980,7897,3802,-9
4392,0,-5765,-2169,-11344,-6056,1124,-9
4393,0,-16968,-25161,-64820,16106,25721,9
4394,0,-3433,2944,-6060,-2446,3804,-2
4395,0,1119,11899,4607,-1518,11855,-5
4396,0,0,-1,35737,1,0,4
4397,0,15605,22211,60184,-20725,-17531,-7
4398,0,-3977,16274,34802,-15811,-5538,6
4399,0,-5918,742,35453,22,-5964,5
4400,0,-25607,-18923,-39503,-9821,30287,0
4401,0,-671,15272,-21212,12634,8606,-3
4402,0,-23115,8029,-37904,13426,20458,5
4403,0,16408,16839,43194,-22640,6339,7
4404,0,21169,1003,2320,20928,3339,7
4405,0,-271,-2573,-1123,-408,-2555,-9
4406,0,-412,-5372,762,-214,-5384,-6
4407,0,2045,-9449,-24978,-8051,-5353,-4
4408,0,-8169,20304,43464,-13680,-17084,-7
4409,0,15927,-8281,-29621,-5793,-16991,-1
4410,0,-14845,10537,61113,12292,-13428,5
4411,0,10802,17483,13573,-1994,20454,0
4412,0,3128,-13981,52151,5864,13071,4
4413,0,-16409,10354,-2193,-15233,12017,-2
4414,0,8227,-12299,7409,11990,-8672,2
4415,0,-22931,-18926,-45923,-1750,29681,10
4416,0,4587,-10520,-60735,-6863,9198,6
4417,0,16532,-8510,19902,16502,8569,-6
4418,0,-4931,-32163,-19919,-29108,-14543,9
4419,0,-2550,-670,-64224,2503,830,-6
4420,0,1397,602,-47719,-464,-1448,4
4421,0,-7112,-16922,55621,14064,11796,-6
4422,0,35,-291,-54735,-174,235,-4
4423,0,680,14244,-60168,2966,-13948,2
4424,0,18598,-2048,-20,18597,-2061,-6
4425,0,19518,19994,19631,-4653,27551,8
4426,0,4922,-152,-13775,3794,-3139,1
4427,0,13425,-6863,-40216,-11122,-10180,0
4428,0,27755,12163,64494,-28323,-10775,-10
4429,0,-11729,11712,2072,-12831,10493,3
4430,0,840,-2524,60224,-178,2654,-8
4431,0,13810,-19814,-30880,-18487,-15542,3
4432,0,-551,-587,-35001,-525,611,-1
4433,0,12369,-28192,14346,27453,-13932,-1
4434,0,-2136,8884,52149,-3608,-8395,2
4435,0,-16516,-10045,-16740,-18702,4890,-6
4436,0,12303,13439,34247,-14278,11319,-2
4437,0,-3268,26073,23885,-25098,7782,-10
4438,0,20067,-5254,-39948,-11719,-17116,3
4439,0,16219,-9973,-7850,11416,-15238,5
4440,0,3902,2626,-55527,-2249,-4131,-2
4441,0,22881,6685,-17672,20161,-12719,-1
4442,0,-2157,7747,48812,-4069,-6936,10
4443,0,1773,-2245,-15982,-278,-2847,-9
4444,0,7456,-7476,8380,9786,-3964,-4
4445,0,-4966,6612,22351,-8183,-1193,2
4446,0,3166,7388,34454,-7619,2561,4
4447,0,9293,-18363,13524,18499,-9019,-8
4448,0,1724,10862,4093,-422,10990,8
4449,0,6137,-3857,41796,925,7189,-8
4450,0,1737,-12450,14984,9498,-8235,9
4451,0,13618,-10182,-59142,-16058,5591,-10
4452,0,2430,-15292,44614,11587,10271,5
4453,0,-28365,6091,-8733,-23441,17093,-2
4454,0,-1270,-14220,47264,11740,8124,10
4455,0,22232,-13939,-64350,-22994,12643,-9
4456,0,-21809,2836,15649,-17889,-12793,1
4457,0,17040,25158,17985,-7999,29314,9
4458,0,-13076,27238,65269,12737,-27398,-8
4459,0,-762,-3402,-14944,-2808,-2067,-9
4460,0,-10996,3568,64527,10810,-4097,3
4461,0,-14023,-25855,35863,27640,-10058,8
4462,0,-5866,24102,-24034,19638,15155,3
4463,0,18741,1864,-35062,-203,-18832,-1
4464,0,5768,11482,9499,129,12849,-3
4465,0,18282,388,20495,9821,15425,-4
4466,0,-2773,6189,35890,-5705,-3666,-6
4467,0,5143,-18749,16290,16855,-9690,-9
4468,0,-20143,-21970,53168,28982,6961,3
4469,0,25166,-12486,9305,28090,-417,7
4470,0,-6219,-4091,27269,2326,-7071,9
4471,0,-1623,-7097,-35824,-6785,2638,-10
4472,0,11434,-28684,30356,29813,8044,3
4473,0,21809,11952,-15021,24278,-5391,-5
4474,0,13657,-7901,-61549,-14908,5166,4
4475,0,8705,11733,-59709,-5128,-13680,-7
4476,0,18264,-20415,19871,27223,3046,4
4477,0,-18747,10487,31266,-11808,-17944,-1
4478,0,8758,-599,-63771,-8777,-142,2
4479,0,1569,6606,-64879,-1357,-6653,-9
4480,0,-2052,13297,9642,-7768,10986,-2
4481,0,-308,4082,46302,-3067,-2712,2
4482,0,20351,10167,15129,8476,21111,-9
4483,0,20386,22549,-58891,-12294,-27801,-4
4484,0,12145,-10013,7174,14812,-5326,-9
4485,0,-15978,-25087,51940,27919,10257,-3
4486,0,11635,25197,-10181,22086,16807,-7
4487,0,-16063,-21000,-45673,-7798,25263,-4
4488,0,-18589,-13435,49993,22772,-2731,3
4489,0,-7257,16079,5610,-11268,13573,0
4490,0,6935,2505,-59744,-5982,-4310,-1
4491,0,22596,11804,-15767,24539,-6911,2
4492,0,-7460,-18815,-18710,-19356,-5915,-3
4493,0,5512,877,17905,2937,4746,-10
4494,0,-1318,-7171,49313,5969,4187,-5
4495,0,3721,-9552,61123,-1635,10120,-5
4496,0,15886,-1720,44590,-7078,14325,-2
4497,0,29256,-3232,42654,-10480,27505,-3
4498,0,5050,10730,-50486,3299,-11391,-7
4499,0,18508,10654,-46798,-3187,-21116,-9
4500,0,-6908,-2008,55587,7059,-1388,1
4501,0,456,-25067,-28849,-24540,-5133,-3
4502,0,14495,21308,12077,464,25767,-9
4503,0,-1951,-9833,-8719,-5771,-8197,-9
4504,0,1497,-14542,23697,13818,-4772,6
4505,0,-30090,-9473,-28634,-15201,27642,8
4506,0,-8662,12513,62655,6855,-13587,3
4507,0,-112,-55,-31215,-63,107,-9
4508,0,5218,4087,57686,-6355,-1882,5
4509,0,14914,-15851,28968,18290,11796,0
4510,0,12796,4671,-8503,13599,-786,4
4511,0,8517,9324,-33814,8883,-8977,7
4512,0,3240,-4961,64076,-2885,5175,0
4513,0,19909,15372,62738,-21788,-12567,4
4514,0,9347,4792,-45840,-1596,-10382,-8
4515,0,-19918,3036,-15384,-12703,15640,-1
4516,0,12420,-17175,42087,10124,18621,1
4517,0,-7800,3912,8987,-8721,294,-8
4518,0,16037,-19338,-8531,7030,-24119,-4
4519,0,-23985,-4299,-16674,-19805,14196,-1
4520,0,5029,4334,38790,-5585,3588,5
4521,0,7631,11693,-10602,12357,6502,-1
4522,0,-15246,2369,-9232,-12760,8673,5
4523,0,27368,-14355,1549,28353,-12295,7
4524,0,10869,-3647,-33964,-4264,-10642,-1
4525,0,-750,-1112,49552,1311,281,9
4526,0,-14231,-7719,-9803,-16184,-435,4
4527,0,-17984,-1151,-30107,-3428,17692,2
4528,0,-676,-2473,-45947,-1596,2007,6
4529,0,5119,2462,-30374,3032,-4803,-1
4530,0,11307,7621,-62983,-10290,-8947,-5
4531,0,4198,330,36979,-1164,4047,7
4532,0,1544,-8431,57903,1574,8425,-2
4533,0,20059,8776,-32863,8684,-20099,1
4534,0,-9744,-4191,3355,-8948,-5696,3
4535,0,1089,1990,-52845,245,-2255,-6
4536,0,-5491,-11698,-23840,-12922,137,-6
4537,0,14204,-2815,-54464,-13675,-4761,2
4538,0,-21905,11616,-61955,23565,-7709,5
4539,0,-11998,-8452,-3550,-13257,-6295,5
4540,0,-16244,10413,-57024,19042,-3117,5
4541,0,7844,14913,32277,-14727,8187,-9
4542,0,16154,9492,46076,-17246,7324,0
4543,0,2142,-964,-13215,1157,-2044,-9
4544,0,-14507,-19912,-10834,-22473,-10095,-8
4545,0,8893,-12078,37171,9944,11228,-5
4546,0,30379,-12048,-40979,-22767,-23446,-10
4547,0,8225,12832,3125,6216,13917,-3
4548,0,5752,18401,-41606,14413,-12804,-6
4549,0,-6107,8796,-36187,9673,4593,-6
4550,0,-2264,5681,-37863,6060,821,6
4551,0,4834,5716,-35899,4930,-5634,-3
4552,0,-9953,-11907,17845,2467,-15322,-9
4553,0,-540,429,-16426,-77,685,2
4554,0,-1452,279,1098,-1465,203,4
4555,0,-18107,-14264,-53629,7534,21784,5
4556,0,-1660,8195,40778,-6975,-4612,-8
4557,0,13163,16267,-1124,14013,15541,-10
4558,0,4103,-4014,-14870,478,-5720,3
4559,0,-26821,-14729,-44693,2121,30526,-2
4560,0,26932,18072,10971,14224,29148,3
4561,0,-75,-63,-25691,-84,50,-4
4562,0,-14178,22244,-20948,11153,23904,-4
4563,0,-2176,-908,16176,-918,-2172,-1
4564,0,-11164,-1800,-33592,-1355,11227,5
4565,0,10166,4593,-6194,11066,1414,6
4566,0,-15314,-21898,-58607,7325,25698,-9
4567,0,-9251,-8966,-47443,-856,12854,-5
4568,0,-4322,-1371,-59563,3759,2536,-3
4569,0,-454,217,-40036,359,353,-4
4570,0,-26540,-13533,-26030,-21254,20876,3
4571,0,190,-11818,10581,5907,-10238,0
4572,0,-19855,17130,-17318,-747,26213,6
4573,0,24891,14959,-31976,15889,-24308,4
4574,0,8371,17907,33126,-18049,8061,-2
4575,0,-7899,17071,-44126,18694,-2083,-3
4576,0,5349,-6808,-29023,-5745,-6477,6
4577,0,-4433,-7119,-21920,-8381,310,2
4578,0,-8217,-15466,40869,17426,-1750,2
4579,0,-249,-6754,56203,3148,5981,6
4580,0,-12266,-82,63163,12196,-1312,1
4581,0,-12363,-21957,-57168,2813,25041,4
4582,0,20870,12316,-60002,-16916,-17352,6
4583,0,-952,-11316,-24854,-10864,-3308,-2
4584,0,22207,-2322,-29136,1565,-22273,-5
4585,0,-9699,7904,37486,-5530,-11223,4
4586,0,-7143,-2283,-36736,-893,7446,-5
4587,0,-14973,-11812,35959,13954,-13000,2
4588,0,-1793,-14090,-64599,1163,14156,6
4589,0,7899,7995,25324,-4730,10195,4
4590,0,-8138,4802,17380,-9026,-2795,-5
4591,0,1464,-11416,-64054,-2270,11284,1
4592,0,-7521,-11296,-61316,5095,12578,-5
4593,0,-5010,29405,30211,-29797,-1376,1
4594,0,-10876,-5655,-50341,4349,11461,-4
4595,0,-642,18301,12389,-10775,14807,-2
4596,0,-5531,-5001,-34119,-4631,5845,7
4597,0,6391,7445,43941,-9664,1697,1
4598,0,19638,4487,-15280,17601,-9797,1
4599,0,-24784,6709,43989,6926,-24724,8
4600,0,-2818,15168,-57220,8489,-12882,-7
4601,0,26156,-15115,30483,17893,24340,8
4602,0,-9880,-4632,-27791,-6836,8505,-1
4603,0,8681,821,-28356,2623,-8316,4
4604,0,5659,-17592,-62700,-7996,16660,-7
4605,0,1714,9959,-6848,4837,8872,9
4606,0,-2545,10831,15548,-9215,6234,2
4607,0,-511,118,-33284,131,508,7
4608,0,13183,-2196,-36790,-4682,-12517,2
4609,0,-31393,1876,-23437,-11898,29112,-8
4610,0,11378,25969,50334,-25780,-11800,-3
4611,0,-9883,-1444,64951,9920,1167,-1
4612,0,17669,9139,-2632,18681,6837,7
4613,0,-2141,5191,-39887,5608,279,3
4614,0,-2056,-469,28938,87,-2107,-10
4615,0,13166,1466,58754,-12946,2812,-7
4616,0,3200,-10062,27003,10553,329,8
4617,0,-20326,-14780,-28930,-18251,17277,-3
4618,0,-5788,1709,-27271,145,6033,9
4619,0,13060,331,10786,11190,6743,1
4620,0,-1072,13941,52200,-7453,-11830,-8
4621,0,16854,19645,29102,-16404,20022,-9
4622,0,-850,3104,41417,-2499,-2028,0
4623,0,-2247,-15445,12235,6672,-14109,7
4624,0,28391,-14734,-5946,23092,-22134,10
4625,0,-3636,23389,-63801,5575,-23004,-8
4626,0,15347,25962,-38863,20437,-22178,4
4627,0,9413,-5887,11846,11102,97,5
4628,0,-1181,-5938,-39481,-5259,2998,1
4629,0,-547,6007,28328,-5987,737,9
4630,0,-2199,-13640,36012,13816,-56,-6
4631,0,16028,15693,43687,-21606,6029,-8
4632,0,-406,6663,54296,-3068,-5928,-7
4633,0,-4972,2015,17488,-4823,-2349,1
4634,0,2806,11851,46256,-11149,-4902,-3
4635,0,-12886,3072,-52382,12221,5111,9
4636,0,25798,-19698,-39483,-26847,-18242,-1
4637,0,8728,29791,65027,-9444,-29572,-6
4638,0,10483,12298,60133,-13285,-9201,3
4639,0,-4290,7843,58811,1580,-8799,10
4640,0,522,-25400,-25066,-23505,-9642,10
4641,0,1255,3200,27396,-2775,2028,-6
4642,0,2313,-6460,50251,2600,6350,-4
4643,0,1584,-7478,-40023,-7570,1063,9
4644,0,-959,1368,-2203,-809,1462,8
4645,0,8586,-646,-63468,-8608,-207,-1
4646,0,88,-2461,47475,1817,1662,-3
4647,0,-6496,3703,396,-6566,3578,-5
4648,0,-15151,-3482,-56982,12510,9229,7
4649,0,16913,14302,44480,-21114,6692,-10
4650,0,-6784,-581,-22508,-3715,5706,4
4651,0,13599,2316,41063,-7406,11639,-8
4652,0,11261,3756,-58774,-9481,-7144,7
4653,0,-9195,-10139,-14056,-13513,-2182,5
4654,0,-13423,22572,-5143,-7510,25165,-2
4655,0,-7598,-2953,65115,7656,2799,0
4656,0,24636,12533,27841,-6433,26882,-10
4657,0,13796,-27994,-34106,-28821,-11973,0
4658,0,-11009,-6345,35883,7908,-9945,8
4659,0,-3742,253,45478,1935,-3213,-7
4660,0,1285,6124,-50681,3029,-5476,2
4661,0,10,-827,41418,753,342,1
4662,0,-7611,280,-39203,2581,7166,10
4663,0,21996,15214,46839,-25616,7689,10
4664,0,-10648,29306,-4735,-3781,30950,-1
4665,0,18605,357,-5844,17976,-4810,10
4666,0,2602,6464,13370,-1779,6737,1
4667,0,-8103,-17269,4701,-4046,-18642,8
4668,0,-23676,21103,4896,-27935,15017,-1
4669,0,10197,25087,-26216,27010,-1955,5
4670,0,26959,-13563,-1590,25853,-15567,-7
4671,0,6026,3042,-7790,6721,633,4
4672,0,-4454,4647,-26567,3139,5620,1
4673,0,-8658,6668,52982,3362,-10398,0
4674,0,1293,4992,-17228,4546,2435,-6
4675,0,-2431,30178,-39636,29340,-7470,9
4676,0,11099,6744,31284,-5940,11550,-3
4677,0,-18286,-3087,-51420,12319,13862,-7
4678,0,5171,-6264,-46364,-8117,-313,-3
4679,0,-10043,13230,51076,-733,-16594,6
4680,0,-22199,10415,-53972,24358,2824,5
4681,0,-28226,-8581,-54331,19853,21822,-8
4682,0,3196,-1832,-29218,-1264,-3460,-5
4683,0,24318,13537,29274,-9293,26235,0
4684,0,-23270,20648,-8360,-13366,28092,4
4685,0,-4037,3259,-39921,4428,2704,9
4686,0,16452,-17091,2105,18093,-15343,-4
4687,0,-919,3186,55758,-621,-3257,9
4688,0,25615,-14427,-21751,435,-29395,8
4689,0,-8065,12253,39983,-8789,-11745,-9
4690,0,2018,-6030,-5584,350,-6349,5
4691,0,-9528,9101,-54182,12864,-2852,-1
4692,0,25861,-8698,-1904,24960,-11021,2
4693,0,-6776,2202,22354,-5178,-4894,5
4694,0,8335,-2971,-62356,-8690,1667,-9
4695,0,-18621,21362,-11459,-4731,27941,-2
4696,0,-2482,-8157,-30762,-8358,1687,-2
4697,0,12241,142,-8402,11317,-4669,3
4698,0,-27232,-8826,-18092,-24343,15064,6
4699,0,-2094,17932,18676,-15308,9572,-10
4700,0,10651,-16990,-9415,2169,-19935,5
4701,0,7242,-1513,12484,6835,2833,-9
4702,0,2536,9816,7470,-1064,10083,2
4703,0,9289,-2836,43492,-2098,9483,0
4704,0,3023,10884,10731,-2719,10964,7
4705,0,21485,8888,42246,-17418,15402,-3
4706,0,-27581,15657,-59186,31004,-6681,7
4707,0,19990,-22486,42802,10689,28124,3
4708,0,5374,19997,-7856,12351,16620,-1
4709,0,1746,-1040,50459,-621,1935,0
4710,0,-7593,4662,-5550,-6100,6494,-2
4711,0,-17068,-5015,57547,17705,-1733,8
4712,0,-664,-2081,-15474,-1895,-1086,-10
4713,0,-16694,-6488,58677,17895,752,-2
4714,0,12180,9785,-23616,14034,-6866,-6
4715,0,-9123,-634,38932,3261,-8544,4
4716,0,-2054,9639,-39288,9803,-1012,6
4717,0,-5849,-7746,30244,6986,-6739,-7
4718,0,-19130,6199,35084,-4044,-19698,3
4719,0,-1739,5514,-14519,2203,5346,8
4720,0,-2299,-431,-12818,-2127,973,1
4721,0,-11151,18503,813,-11859,18057,5
4722,0,-9538,-23896,34605,24645,-7390,-8
4723,0,285,23280,-30734,23198,1976,6
4724,0,-310,1127,61160,69,-1167,-9
4725,0,1018,-294,39801,-60,1058,-7
4726,0,5090,-1029,-46132,-3868,-3465,5
4727,0,-28164,4230,-45052,19166,21066,6
4728,0,16111,-11899,-32150,-11411,-16460,-7
4729,0,-6272,15713,-52741,14175,-9236,-4
4730,0,-13605,3766,42401,2684,-13859,9
4731,0,14361,-3060,7766,14489,2379,-8
4732,0,6696,21341,-49044,10455,-19772,3
4733,0,-1679,-402,-15440,-1511,836,4
4734,0,18651,15728,43901,-23028,8058,2
4735,0,11474,5832,22169,488,12862,2
4736,0,-29285,5941,-23522,-7180,29006,9
4737,0,651,1817,-61812,-319,-1903,6
4738,0,4361,7552,51865,-8061,-3328,3
4739,0,-86,733,64348,44,-737,7
4740,0,7172,7054,5007,5293,8555,8
4741,0,-1042,-18275,-5055,-5401,-17490,5
4742,0,6130,-14235,14084,13682,-7282,2
4743,0,6009,-13993,-15683,-5171,-14324,5
4744,0,-6754,-1329,-63886,6629,1856,9
4745,0,1989,-6429,3363,2998,-6025,-9
4746,0,-5191,7319,-54104,8245,-3541,-5
4747,0,-19392,15932,-19648,1470,25054,-4
4748,0,-8578,26993,-33531,27290,7579,5
4749,0,-27953,-12136,-12947,-29800,6376,-6
4750,0,12896,-9488,-10864,6464,-14647,2
4751,0,2460,-315,34613,96,2478,0
4752,0,27019,7391,-18388,22894,-16141,-7
4753,0,-22128,22409,-42920,30157,9077,2
4754,0,4086,-19838,51638,9049,18121,0
4755,0,-18595,-1364,7015,-17102,-7427,-5
4756,0,4375,2304,59912,-4831,-1054,6
4757,0,-7214,-122,532,-7209,-303,9
4758,0,-639,-3556,55369,2231,2842,7
4759,0,-818,6439,49710,-3837,-5235,4
4760,0,-14916,5798,-4398,-13368,8797,10
4761,0,-16939,-1770,-13133,-14737,8537,-9
4762,0,25022,3189,-20219,16795,-18820,-5
4763,0,-12804,6280,56985,9242,-10861,-4
4764,0,6588,319,53775,-5739,3252,2
4765,0,-18949,7623,-7623,-14969,13897,8
4766,0,-793,618,-33357,640,776,-5
4767,0,10530,16978,-2682,12618,15489,-2
4768,0,-17767,10202,38227,-5250,-19804,-8
4769,0,-18393,-9146,-46569,4079,20132,-4
4770,0,16541,3257,63309,-16794,-1472,5
4771,0,8716,6553,-63360,-7988,-7423,5
4772,0,2703,1533,-23930,2508,-1834,6
4773,0,24834,-9381,63517,-23806,11747,9
4774,0,-5834,-7790,-4989,-7516,-6183,10
4775,0,-19885,2064,-48675,15231,12949,5
4776,0,1129,-26167,61408,4035,25879,-2
4777,0,-3308,19921,-59258,9068,-18044,-4
4778,0,4976,1049,-35294,443,-5066,-9
4779,0,23920,-6745,43552,-5959,24128,-1
4780,0,5580,9904,-54545,156,-11367,2
4781,0,-14968,-22127,-27313,-25241,8748,8
4782,0,-12062,19840,23188,-23131,-2014,3
4783,0,3272,8480,-7430,6023,6808,-3
4784,0,-1453,-11100,64385,2065,11003,4
4785,0,-18157,1675,-55033,16713,7291,3
4786,0,3864,-4402,-52007,-5738,1174,-3
4787,0,-25397,12093,58512,19980,-19801,-4
4788,0,2208,13730,41315,-13473,-3444,0
4789,0,3713,13196,53372,-10367,-8969,3
4790,0,-10945,20837,-25499,15852,17398,5
4791,0,-1121,-26732,-32050,-26755,189,-9
4792,0,18478,-2200,-10589,15083,-10899,-8
4793,0,3128,15979,51982,-12157,-10832,-2
4794,0,-1747,22136,61216,-2849,-22021,7
4795,0,-3919,-2639,48229,4593,-1109,-3
4796,0,-9730,24634,13240,-22446,14061,-7
4797,0,19683,-3388,60556,-18324,7945,-2
4798,0,-5359,813,-4339,-5075,1904,8
4799,0,2921,-27310,36004,26533,7097,7
4800,0,5518,-16682,41046,13251,11540,-4
4801,0,4725,-2955,65501,-4720,2963,0
4802,0,-13438,-10820,-30974,-11940,12453,-10
4803,0,11991,12509,48055,-17319,550,6
4804,0,-20654,-19161,23262,8122,-26977,-4
4805,0,-14696,10333,-33298,10698,14432,-7
4806,0,-7404,-14420,-12513,-14252,-7723,1
4807,0,5611,-30266,-61741,-11001,28749,-5
4808,0,-22713,-18472,27814,12605,-26424,4
4809,0,-27934,-5532,25833,-3892,-28209,3
4810,0,7334,-7345,-6154,4879,-9161,6
4811,0,1353,-668,-59736,-1484,271,7
4812,0,-4242,-11883,-23143,-12529,-1491,1
4813,0,29534,5089,-55881,-24146,-17751,-10
4814,0,2701,119,-48666,-1778,-2037,-6
4815,0,7852,3332,21008,1380,8417,3
4816,0,-9260,13129,13327,-15263,5017,-1
4817,0,5943,8786,29073,-7600,7399,3
4818,0,-20012,-3228,-44560,7985,18632,-9
4819,0,8498,3809,-41211,154,-9311,2
4820,0,27026,-17606,-478,26612,-18226,4
4821,0,-26220,-4283,59320,26321,-3609,5
4822,0,-6701,21434,28293,-22369,-1991,-6
4823,0,11226,-7220,11868,13347,-39,6
4824,0,5784,23207,-56452,4537,-23483,7
4825,0,17276,4726,25606,1366,17859,0
4826,0,19304,-22002,-64864,-19996,21375,6
4827,0,2002,-2096,4086,2372,-1666,1
4828,0,-16052,26860,-19963,12719,28589,6
4829,0,10854,-9736,-35091,-10877,-9710,-10
4830,0,-5610,-20832,17724,11948,-17963,-8
4831,0,6165,8224,51986,-9884,-2819,2
4832,0,-10256,19300,-52393,19659,-9550,-2
4833,0,2650,-20431,65057,-2177,20487,3
4834,0,-3370,1880,11663,-3854,-194,2
4835,0,16116,-1015,-35381,-3025,-15862,6
4836,0,18171,6816,99,18140,6899,3
4837,0,-2583,13946,34890,-13610,-3991,-8
4838,0,-11899,-375,-978,-11903,179,-7
4839,0,4992,-30490,62097,71,30896,-6
4840,0,-15683,10860,-48696,18691,3816,4
4841,0,-14602,12898,52304,4123,-19041,-6
4842,0,-57,-13785,7828,5003,-12845,-7
4843,0,-19880,11493,-44435,20286,10760,-6
4844,0,8964,31188,-50208,14249,-29155,6
4845,0,-32487,3221,-34816,6390,32015,0
4846,0,5419,25748,49479,-21809,-14721,-2
4847,0,-29799,3114,-46139,20313,22024,-2
4848,0,1002,-32482,-24723,-29724,-13137,7
4849,0,-23217,11725,46403,4808,-25562,1
4850,0,-22548,5723,-33785,6810,22244,-5
4851,0,-12912,-2285,-51462,8653,9853,-8
4852,0,-319,732,-56851,588,-540,-5
4853,0,-15127,-21018,17062,4990,-25410,3
4854,0,6323,-6594,48560,452,9125,2
4855,0,11498,14498,-44792,5889,-17542,1
4856,0,18187,-3273,12140,16990,7268,-7
4857,0,-19505,-5913,-50577,10819,17273,4
4858,0,-20507,-21010,7965,-11213,-27133,9
4859,0,3621,922,-45431,-1307,-3500,-7
4860,0,18106,-6690,-54456,-19002,-3394,10
4861,0,17474,8708,35268,-10732,16310,4
4862,0,-4779,15851,-27656,14214,8488,-9
4863,0,13713,11265,-54610,-6240,-16614,-1
4864,0,-715,-737,-64621,682,767,5
4865,0,8632,-16226,-27252,-13411,-12567,8
4866,0,-2291,-20237,48685,16213,12326,5
4867,0,-1827,13437,12223,-8955,10183,-5
4868,0,-9695,23030,-20920,14206,20557,7
4869,0,-5583,3129,-47620,6017,2182,1
4870,0,-26252,5447,-13813,-17351,20439,4
4871,0,4162,693,-18476,3169,-2785,6
4872,0,16016,-24524,1472,17715,-23326,-9
4873,0,14178,-13501,-46869,-19403,-2612,1
4874,0,19857,23564,-23124,29947,-7262,0
4875,0,1104,-31094,2591,4958,-30716,-7
4876,0,-15466,-818,-29389,-3297,15133,7
4877,0,30308,3527,42675,-16998,25339,-2
4878,0,-3280,-11324,50046,10072,6128,-5
4879,0,-7541,-21912,49470,20674,10469,9
4880,0,-4200,14426,26025,-15013,594,-8
4881,0,29267,2606,-27991,9179,-27912,2
4882,0,14091,-8688,4861,15715,-5203,5
4883,0,-9698,5693,2228,-10250,4625,-4
4884,0,-16342,15402,-16908,-91,22456,9
4885,0,-5368,-5514,-30961,-5957,4872,3
4886,0,5840,1343,6207,5191,2995,7
4887,0,-28214,14088,-51472,30837,6603,3
4888,0,5097,4087,28360,-2927,5841,0
4889,0,-1995,-2642,-26682,-3104,1152,8
4890,0,-148,-1320,-40705,-1170,627,-1
4891,0,4318,9133,-42956,6037,-8100,6
4892,0,6426,-3785,-26706,-1786,-7241,4
4893,0,-12159,-11420,-375,-12365,-11196,6
4894,0,-1186,1206,-18133,156,1684,6
4895,0,-2850,17031,-62913,4960,-16540,4
4896,0,21689,16469,-58838,-15392,-22466,9
4897,0,-10189,-5635,57332,11570,1302,-3
4898,0,26904,7082,16704,13635,24250,-9
4899,0,-8210,22498,30363,-23296,-5556,10
4900,0,-312,-12224,41541,11287,4705,2
4901,0,6931,-10239,-27962,-8382,-9090,-10
4902,0,851,6254,48681,-5109,-3706,1
4903,0,8439,-18095,-1916,6735,-18796,10
4904,0,-12977,23201,25671,-26202,-4486,4
4905,0,-20982,1796,20138,-13423,-16227,6
4906,0,22159,-4951,62390,-21163,8226,2
4907,0,-8109,-20834,-20412,-21813,-4898,5
4908,0,-28075,-13122,5130,-24044,-19552,9
4909,0,-92,214,27110,-231,-31,-8
4910,0,-2118,-4816,31331,4658,-2445,3
4911,0,6557,16731,-30635,17312,-4817,3
4912,0,3182,-133,43623,-1465,2828,9
4913,0,12807,-2651,-45558,-9541,-8945,9
4914,0,-5470,22536,42342,-17774,-14895,-9
4915,0,4222,6934,19877,-3202,7460,10
4916,0,4647,-14080,45685,8767,11958,-4
4917,0,3766,-727,50917,-2408,2985,10
4918,0,6075,-20579,-20923,-14086,-16186,4
4919,0,-14625,2239,-39336,6657,13213,-1
4920,0,-18604,21565,48983,-2320,-28386,-3
4921,0,-12661,-3294,-44544,3995,12458,7
4922,0,8115,24511,38243,-25776,1487,8
4923,0,-12182,13662,57826,6422,-17141,2
4924,0,-1431,-10126,20478,7624,-6816,0
4925,0,3948,-3142,-42590,-4592,-2092,6
4926,0,-3214,3186,31310,-3403,-2983,2
4927,0,15335,5088,-23908,10951,-11880,7
4928,0,30500,11873,-26122,20832,-25244,-3
4929,0,1204,30769,-24954,29076,10138,0
4930,0,-12029,-433,-705,-12037,-25,2
4931,0,-6089,-9511,-50803,-1539,11188,2
4932,0,-7258,3878,29185,-5059,-6490,-7
4933,0,-3058,-6042,29635,5517,-3926,-5
4934,0,-766,210,-6388,-667,431,-4
4935,0,8648,31302,58988,-17889,-27103,-1
4936,0,2077,768,-24983,1473,-1653,-9
4937,0,-22697,1119,34652,934,-22705,-1
4938,0,7357,228,-28850,1599,-7185,-4
4939,0,-129,-106,-56799,75,149,6
4940,0,29197,-6897,47195,-13306,26889,2
4941,0,-17545,-5605,-54236,12147,13845,6
4942,0,28335,9842,37840,-16384,25126,-8
4943,0,2176,-15944,29533,16089,-309,-6
4944,0,-14452,24255,-57619,22409,-17176,1
4945,0,10482,-7909,62922,-9409,9159,5
4946,0,-19316,-24459,4670,-13400,-28139,-3
4947,0,4015,-4317,40171,2652,5265,-4
4948,0,20568,-529,5037,20097,4407,-3
4949,0,2364,1188,61084,-2562,-661,-3
4950,0,22088,-4666,-31919,-3763,-22259,0
4951,0,-8459,-5607,-57733,5829,8308,9
4952,0,-3811,-6458,-31446,-6686,3396,4
4953,0,-144,327,63681,114,-339,10
4954,0,22903,-17386,30881,19382,21240,-2
4955,0,3403,16603,36713,-16947,223,3
4956,0,1474,-68,-24436,510,-1385,9
4957,0,-1959,701,64798,1933,-771,9
4958,0,6526,-3059,-3781,5868,-4185,-2
4959,0,-22699,12030,-32886,12156,22632,-2
4960,0,-5424,-4844,-30508,-5401,4871,8
4961,0,-3409,-30,20119,-1919,-2818,7
4962,0,-2119,5865,14408,-5369,3171,0
4963,0,-9147,5538,-26169,2414,10417,-9
4964,0,-10964,20153,36875,-17620,-14693,2
4965,0,112,-29239,9559,13039,-26170,-4
4966,0,695,-5139,37859,4818,1918,-10
4967,0,5301,-63,-16377,3704,-3792,3
4968,0,3676,-11362,8375,7828,-9019,-9
4969,0,27135,-5005,51825,-18420,20544,4
4970,0,-4159,-11402,31366,11098,-4914,-3
4971,0,764,1963,24237,-1498,1481,-4
4972,0,18411,343,-4580,18045,-3667,-9
4973,0,2824,5884,-22043,6512,434,1
4974,0,-3510,-5569,38217,6287,-1953,2
4975,0,-13342,7686,-19151,-1995,15268,4
4976,0,-20870,-14692,-30333,-17023,19017,0
4977,0,14538,1031,53593,-12778,7009,0
4978,0,-3046,19618,-3165,-43,19853,3
4979,0,1489,3345,-47124,1639,-3274,-9
4980,0,26808,11983,-40921,857,-29352,7
4981,0,-12493,-42,-40768,4634,11602,-3
4982,0,-2083,17665,-33604,17734,1380,-7
4983,0,-19242,22891,48402,-3659,-29680,7
4984,0,-5776,5032,20312,-7409,-1948,-3
4985,0,13860,8868,-58351,-10053,-13026,2
4986,0,2011,-2736,34494,2561,2230,4
4987,0,8134,-22567,-52434,-19843,13479,-2
4988,0,7725,-815,-14153,5505,-5480,-10
4989,0,-25203,2682,-51007,21055,14109,2
4990,0,24873,-17436,-48778,-29819,-5789,4
4991,0,15394,4961,4766,13867,8324,-9
4992,0,20554,3401,-6534,20603,-3090,-8
4993,0,15985,-6242,-59569,-17097,1470,-9
4994,0,3158,-7563,55222,810,8156,3
4995,0,18263,-25023,21205,30888,2364,-4
4996,0,3369,3756,-9411,4670,1909,9
4997,0,10177,11124,55125,-14261,-4891,8
4998,0,25390,14862,61480,-27787,-9665,9
4999,0,-20736,-22274,-26666,-27305,13437,3
5000,0,-22705,13092,20645,-23409,-11786,4
5001,0,-14895,-16250,10749,-4959,-21479,5
5002,0,13938,932,-14699,11226,-8313,-9
5003,0,-22874,-14886,-63489,21304,17057,-1
5004,0,12633,13921,36305,-15852,10104,2
5005,0,29560,-13103,64111,-28601,15083,-5
5006,0,-16124,19699,6486,-21377,13822,0
5007,0,-18780,9242,21852,-17385,-11656,-9
5008,0,2581,3047,-18493,3993,-76,10
5009,0,17776,15586,-9467,22808,6222,-6
5010,0,-18775,-12490,-46315,1411,22506,5
5011,0,7698,28892,53542,-22162,-20071,-10
5012,0,25491,-9384,-22277,4076,-26856,-9
5013,0,26532,4686,-56878,-22396,-14977,9
5014,0,-556,-27258,-8168,-10907,-24987,-8
5015,0,8061,24596,-49170,11666,-23105,6
5016,0,13093,-15893,-41934,-19951,-5096,-8
5017,0,3112,-3794,-55238,-4538,1867,2
5018,0,12907,28546,60368,-19506,-24515,-6
5019,0,-18091,20419,30583,-22203,-15851,6
5020,0,10811,2102,-62154,-10332,-3815,10
5021,0,4905,-18073,-1064,3969,-18301,9
5022,0,15556,11461,60503,-17846,-7407,7
5023,0,5107,5684,-44089,2232,-7308,-7
5024,0,-8863,-27628,61751,13696,25579,-6
5025,0,-1129,-302,46278,922,-718,-1
5026,0,-30718,7959,13210,-29474,-11756,4
5027,0,4755,808,24727,1038,4710,-3
5028,0,3331,11873,-34199,11615,-4142,9
5029,0,6467,5278,33349,-5457,6317,-3
5030,0,26155,-2003,24309,12166,23240,7
5031,0,13450,7372,38795,-10893,10797,10
5032,0,-22750,-18673,-11734,-29205,-3652,8
5033,0,785,14821,33964,-14842,-65,1
5034,0,-1852,-9436,-31165,-9550,1124,3
5035,0,8551,-18309,49488,6599,19099,7
5036,0,3459,23587,-37933,22021,-9131,-3
5037,0,551,-4661,-6492,-901,-4606,-6
5038,0,2293,-3353,28823,3724,1622,-3
5039,0,-5845,-9098,-17879,-10704,-1540,-5
5040,0,25059,14318,-16100,27946,-7209,-5
5041,0,629,1236,-40160,941,-1019,-6
5042,0,-21291,4382,7250,-21512,-3125,6
5043,0,5329,8909,34694,-9363,4485,0
5044,0,-241,-185,36170,221,-208,10
5045,0,-719,-4942,7100,972,-4898,-1
5046,0,48,-997,24620,940,-335,-8
5047,0,6024,35,-12558,4986,-3382,-4
5048,0,6914,604,61878,-6913,611,-1
5049,0,-1788,-9614,-38873,-8691,4483,-6
5050,0,-1601,15864,-29392,15400,4133,4
5051,0,25752,-15453,16977,28917,8109,-1
5052,0,-3754,8610,39023,-7115,-6132,-6
5053,0,-8590,-29322,29741,27773,-12738,-1
5054,0,-29457,3195,-14860,-20213,21665,-7
5055,0,-15832,4044,-50649,14614,7311,-7
5056,0,-5086,-26930,54508,17976,20688,1
5057,0,-8476,-4242,63340,8874,3330,-5
5058,0,4988,-11823,10310,10002,-8039,-7
5059,0,-31564,-6521,62683,32157,2172,-10
5060,0,1085,-3923,61535,-317,4058,3
5061,0,32215,4782,-48980,-19189,-26315,6
5062,0,16954,25671,31,16911,25699,-4
5063,0,5457,-26634,34353,26144,7460,2
5064,0,-13633,-7176,-5817,-15081,-3149,-4
5065,0,19528,15601,-7083,23608,8209,-2
5066,0,12018,-1617,12240,10901,5312,-9
5067,0,3437,-683,-35156,-1072,-3336,7
5068,0,-7187,17564,-8067,-40,18978,-9
5069,0,-4409,-19870,-950,-5310,-19648,1
5070,0,-4570,6531,42753,-3690,-7065,-6
5071,0,16865,-10486,35846,7885,18227,-9
5072,0,-29457,3975,18930,-21270,-20763,-1
5073,0,-5777,1203,-2845,-5560,1977,-2
5074,0,-4257,-25383,51009,19548,16742,0
5075,0,-22124,-4362,-59291,19856,10689,4
5076,0,3923,-2617,-23905,-765,-4653,-10
5077,0,28920,12738,21131,4507,31278,3
5078,0,17310,23471,-29120,26130,-12951,-9
5079,0,-14890,4481,32472,-4694,-14824,4
5080,0,6832,26681,-27800,27539,-358,10
5081,0,17742,-22378,38613,16589,23246,-9
5082,0,-3089,-6603,-1028,-3412,-6442,4
5083,0,27247,739,-36766,-4472,-26888,6
5084,0,1550,14444,-26776,14291,2609,-5
5085,0,2170,-14425,60982,1003,14553,-3
5086,0,-25768,-2771,-32205,-3467,25684,-1
5087,0,12435,-3340,64308,-12215,4071,8
5088,0,-1334,-27336,43372,24530,12137,3
5089,0,-13527,-15935,30069,14056,-15471,1
5090,0,-18053,-18120,37581,21770,-13428,-3
5091,0,5203,-12426,-27184,-10605,-8307,-5
5092,0,-2503,10116,18466,-9414,4469,4
5093,0,962,-5909,14976,4611,-3818,1
5094,0,11,-5,-58959,-12,1,10
5095,0,-26538,-17583,30725,14897,-28134,5
5096,0,21014,19086,-61263,-16701,-22955,8
5097,0,30997,-7262,43346,-8709,30622,-3
5098,0,12344,-2753,-31367,-1919,-12501,2
5099,0,-88,-324,28479,300,-152,-3
5100,0,600,1646,39970,-1752,8,-1
5101,0,-6902,21116,-41379,22112,-2146,-3
5102,0,6360,29215,50245,-24266,-17468,-10
5103,0,7658,16795,30401,-15816,9516,7
5104,0,-26702,1782,-5264,-25412,8392,0
5105,0,5063,-31185,-6728,-5092,-31180,7
5106,0,3008,-10535,-20677,-7169,-8285,5
5107,0,4430,-2565,-12882,2127,-4656,-2
5108,0,-14405,-9918,-38685,-5492,16605,-2
5109,0,-8631,-22777,-19696,-23513,-6356,8
5110,0,13525,-978,-57619,-12925,-4102,1
5111,0,-5246,23876,24094,-23962,4840,-5
5112,0,-11139,-6498,-54843,6526,11123,10
5113,0,3050,5153,-3720,3915,4531,-2
5114,0,8235,13123,16328,-3409,15113,9
5115,0,-653,26600,-16608,18557,19070,4
5116,0,7339,2574,8642,5680,5312,-7
5117,0,121,-569,-18628,-367,-451,-3
5118,0,-8856,1090,-64265,8906,-546,-6
5119,0,-1279,6277,56061,-1606,-6201,6
5120,0,-1534,-2192,35440,2370,-1240,-8
5121,0,-257,-4084,23480,3574,-1993,10
5122,0,-20109,9286,-47843,20266,8939,2
5123,0,-23716,-22147,356,-23330,-22553,-4
5124,0,7559,-29259,-64049,-9615,28649,6
5125,0,6297,-12644,-31916,-12377,-6806,3
5126,0,-10308,-4009,-5537,-10998,-1169,-9
5127,0,18768,-16286,46738,1107,24824,-10
5128,0,-7555,-3781,-26657,-5804,6139,-8
5129,0,-29172,12984,-39250,21286,23802,4
5130,0,-9219,23950,-58485,16648,-19530,-10
5131,0,499,21926,-58232,7053,-20766,-1
5132,0,-932,225,7652,-951,-124,1
5133,0,-15890,19385,16327,-24935,2548,8
5134,0,-9685,23745,38827,-19978,-16079,1
5135,0,18303,-6555,22183,14621,12815,-4
5136,0,-11602,27259,-21350,17241,24092,2
5137,0,-9433,-17991,56732,15980,12542,8
5138,0,-438,-5745,62281,1324,5607,-5
5139,0,-1820,-9522,-49508,-5311,8110,-6
5140,0,12758,15441,64481,-13521,-14778,-2
5141,0,-18224,13678,15269,-22698,-1996,9
5142,0,12723,17884,-33321,17546,-13185,-9
5143,0,1617,17322,-30373,17393,378,0
5144,0,-1267,-1386,-12853,-1835,-398,7
5145,0,-4676,-8096,-56386,791,9316,-8
5146,0,18413,15739,-6565,22381,9264,2
5147,0,-27,16,8595,-31,4,7
5148,0,-629,87,1055,-632,55,2
5149,0,1188,10744,-6547,4447,9853,0
5150,0,-16764,4698,38789,265,-17408,4
5151,0,-1410,3125,64829,1304,-3171,0
5152,0,-15249,-590,-51848,11719,9774,-7
5153,0,9438,1048,-11943,8501,-4232,0
5154,0,-20154,24084,43150,-11547,-29204,4
5155,0,364,6395,57039,-2870,-5726,10
5156,0,12612,-4529,41986,-1300,13337,-2
5157,0,5208,-7819,49877,1529,9270,9
5158,0,-2390,26402,61365,-2896,-26351,-4
5159,0,8727,18894,-27560,20463,-3794,5
5160,0,-15137,-9663,-57844,10637,14469,0
5161,0,13469,26957,-25565,29925,-3550,0
5162,0,-28389,-16086,7789,-20559,-25338,-5
5163,0,8297,15165,59978,-11991,-12451,-10
5164,0,-7202,-25010,25504,21051,-15304,0
5165,0,-7480,-6597,-7551,-9331,-3521,-2
5166,0,-22428,-7881,-59996,19568,13499,-8
5167,0,17908,15450,-33371,14925,-18348,2
5168,0,27850,16730,-2282,29504,13603,-10
5169,0,14923,-8318,65073,-14735,8647,-1
5170,0,-24048,-10308,-12004,-25785,4439,0
5171,0,16861,8719,-11441,18934,-1347,-4
5172,0,13573,-4116,-54192,-13746,-3494,9
5173,0,4662,7986,-48528,2613,-8870,9
5174,0,24359,600,-29598,4279,-23988,2
5175,0,11103,-1121,59880,-10398,4051,-6
5176,0,-22555,624,-50626,17441,14315,-4
5177,0,-22157,21001,59659,15448,-26331,-3
5178,0,3638,1843,26826,-748,4009,-6
5179,0,23218,-6061,-44775,-17720,-16180,-3
5180,0,3756,-3538,47267,310,5151,-8
5181,0,25041,9074,20256,6647,25792,2
5182,0,-30296,-7949,-43274,7650,30373,-6
5183,0,-206,-106,-22715,-189,133,1
5184,0,-25585,17381,32396,-17845,-25264,9
5185,0,-7472,130,5108,-7281,-1683,7
5186,0,20140,23309,47109,-30795,765,-6
5187,0,-6824,24672,-39059,25586,-801,-9
5188,0,600,-2087,54030,582,2092,-8
5189,0,16708,-14544,-11325,6782,-21087,10
5190,0,14195,9655,-4208,15841,6618,-4
5191,0,-12845,23506,-10849,530,26782,-3
5192,0,-28415,11579,-36732,16736,25718,-1
5193,0,-28476,-3774,-24779,-14151,24998,-8
5194,0,22380,-20415,30580,22649,20117,3
5195,0,2660,7229,-21057,7536,1593,9
5196,0,-11364,778,-50165,8942,7056,9
5197,0,-8166,-23197,-44522,-15242,19300,9
5198,0,-21495,-1132,-42545,8709,19684,10
5199,0,20109,9747,49876,-21351,6598,8
5200,0,-4939,-1140,32001,957,-4978,1
5201,0,12616,26551,-12885,25658,14345,-5
5202,0,-1769,-10791,-47366,-7119,8300,-10
5203,0,-6179,-1478,-18427,-5064,3836,-6
5204,0,-12138,1599,62361,11756,-3417,-7
5205,0,2666,-18345,-58394,-8670,16385,0
5206,0,-15846,-6582,39110,11024,-13149,-1
5207,0,-9897,7309,-60782,11293,-4884,0
5208,0,7041,4840,8321,4608,7195,-2
5209,0,532,-4877,-61979,-1352,4716,2
5210,0,26752,-583,63957,-26631,2609,4
5211,0,11840,-11777,47270,1456,16636,-5
5212,0,3547,-10857,-9886,-1800,-11279,3
5213,0,-8824,20777,-53196,18905,-12335,10
5214,0,-18572,-10914,37476,14797,-15655,-6
5215,0,1347,1208,32642,-1200,1354,-10
5216,0,-20346,2193,39788,4648,-19929,0
5217,0,-27408,11076,-29894,7194,28673,-10
5218,0,3185,11131,40387,-11535,-996,8
5219,0,12648,-11105,-14195,2837,-16590,9
5220,0,8353,-5117,44972,-349,9790,-4
5221,0,3294,4038,16094,-454,5191,-1
5222,0,-7911,6293,-30791,5512,8474,-10
5223,0,-5052,-11691,-14890,-11474,-5527,4
5224,0,-22192,9833,-38207,15229,18902,8
5225,0,-2414,-1701,7865,-1619,-2469,10
5226,0,-6557,7146,-18722,1500,9582,5
5227,0,1338,1400,-11469,1872,494,8
5228,0,3818,24737,-48057,15839,-19381,-8
5229,0,364,21285,24438,-19472,8604,-7
5230,0,2271,6528,48377,-6330,-2776,2
5231,0,1081,7585,-60449,780,-7622,7
5232,0,-14585,26366,-22514,16359,25304,-2
5233,0,522,-10932,-46250,-9039,6171,9
5234,0,17644,6227,44102,-14452,11883,-1
5235,0,2251,24733,-45355,19082,-15895,8
5236,0,-16421,21635,1996,-18404,19975,9
5237,0,-19024,-4553,-31637,-5580,18749,-3
5238,0,-24616,21485,4082,-28326,16285,-3
5239,0,2658,14700,-64299,-1783,-14832,1
5240,0,3333,27737,-2954,7202,26992,-10
5241,0,-555,-5136,-58453,-1187,5028,2
5242,0,-8427,-3790,32631,3735,-8451,0
5243,0,1178,29312,39683,-28098,-8429,-3
5244,0,10046,27773,-9993,21714,20019,-2
5245,0,-4077,31229,10177,-18236,25678,3
5246,0,-5836,13925,33627,-13676,-6398,10
5247,0,13464,-12170,31989,12670,12995,9
5248,0,10947,-11605,-47255,-15923,-985,-1
5249,0,6117,14277,19568,-7892,13378,6
5250,0,-7580,-16589,-23955,-18238,113,1
5251,0,-1742,-28109,-54019,-13261,24846,-1
5252,0,-3969,16872,-37873,17331,-233,-4
5253,0,-21576,1988,-13462,-16035,14572,9
5254,0,-6109,-563,-29361,-1550,5936,-6
5255,0,29012,12736,51635,-30679,7918,-3
5256,0,-79,4724,-45956,3858,-2727,-3
5257,0,8188,13341,-37120,11359,-10771,-5
5258,0,-3203,-1873,-48215,778,3628,-3
5259,0,-6980,-23923,959,-5882,-24216,8
5260,0,-5688,2659,-6066,-4689,4176,-8
5261,0,3755,31505,-7008,13920,28512,-9
5262,0,-10697,19367,-50663,20759,-7653,0
5263,0,-8543,5524,-59418,9776,-2818,-1
5264,0,9128,22226,17227,-10145,21781,5
5265,0,-5414,4054,40253,-1894,-6493,-3
5266,0,129,-6789,-1781,-451,-6775,2
5267,0,4992,-22654,438,5470,-22543,-4
5268,0,18325,12532,-16157,21863,-3858,-1
5269,0,-14984,15508,56916,7487,-20223,9
5270,0,-5755,-1628,9995,-4357,-4097,4
5271,0,14582,-11893,17755,18556,3124,3
5272,0,-29917,-4560,21757,-11126,-28143,-2
5273,0,-977,-1658,-28674,-1816,636,9
5274,0,8277,29523,20483,-19947,23286,5
5275,0,-888,-1620,39419,1817,-336,2
5276,0,5012,-25544,-26625,-22992,-12206,4
5277,0,-3895,7181,515,-4074,7081,-8
5278,0,9104,-7609,25522,10253,5971,-2
5279,0,-11436,21070,20751,-23898,1896,8
5280,0,744,-3334,-13132,-1360,-3133,-8
5281,0,-15086,-3028,-62219,14418,5374,6
5282,0,-13625,-3565,-36757,-914,14054,-6
5283,0,18108,-15327,35970,12371,20243,-7
5284,0,2092,-5253,57564,19,5654,5
5285,0,-6948,18148,46662,-9973,-16678,-4
5286,0,-13032,7811,-47755,14460,4664,9
5287,0,1478,-3843,24909,4117,-39,-4
5288,0,-9238,-3240,58439,9790,-30,4
5289,0,10758,19427,-62396,-7715,-20823,-8
5290,0,-23128,17641,38994,-10067,-27290,5
5291,0,81,1842,-41504,1650,-822,-5
5292,0,10558,-3350,-62015,-10970,1532,6
5293,0,-2888,11713,37906,-10654,-5658,-3
5294,0,-2395,-5740,49839,5670,2556,-9
5295,0,26380,-740,56386,-23564,11883,8
5296,0,-14910,-102,18073,-9575,-11429,-5
5297,0,-5595,13639,36679,-12361,-8034,9
5298,0,-391,-8215,62807,1456,8095,-8
5299,0,-18935,-7525,-64940,18709,8071,-9
5300,0,-8150,16439,-23285,11192,14540,2
5301,0,-2661,1172,-23437,-95,2906,-8
5302,0,-8955,10012,61962,7116,-11393,2
5303,0,1973,18174,29537,-17652,4752,-2
5304,0,-27816,-14875,-15761,-30444,8257,8
5305,0,-3135,-25813,52180,17928,18835,-8
5306,0,3953,-11559,47597,6178,10539,-4
5307,0,7649,-21963,37650,19594,12529,5
5308,0,-18935,-14549,7166,-12932,-20074,4
5309,0,1925,10072,57342,-5636,-8566,7
5310,0,13228,23747,-37721,19965,-18447,5
5311,0,15270,-28466,-57680,-24667,20857,1
5312,0,23410,-1936,57641,-21038,10450,1
5313,0,10054,22872,23081,-15949,19231,-2
5314,0,-11250,-780,1938,-11128,-1825,-8
5315,0,-14925,-198,-56755,13544,6273,10
5316,0,7474,-24215,-62425,-10985,22838,4
5317,0,7652,-20631,-16896,-9666,-19768,1
5318,0,12391,-7746,-53793,-14613,-61,1
5319,0,4382,10207,-30940,10551,-3474,4
5320,0,-9020,21596,41167,-16330,-16765,-6
5321,0,-2356,3578,24835,-4197,-859,3
5322,0,-110,78,-774,-107,82,-6
5323,0,-23852,-485,16757,-16215,-17499,3
5324,0,3989,22159,-48164,13703,-17865,7
5325,0,-24419,9546,48479,9734,-24345,2
5326,0,-655,3979,-37207,4027,-202,10
5327,0,10124,25241,15733,-9899,25330,4
5328,0,-8078,12160,-48713,14367,-2590,8
5329,0,-24019,-353,-65277,24013,651,0
5330,0,-1248,-3903,-35379,-3716,1727,8
5331,0,22460,20476,41280,-27704,12498,5
5332,0,5540,-18801,25949,19585,-788,-3
5333,0,373,-7831,-55732,-3880,6813,-3
5334,0,-17673,-13323,-59523,13153,17800,-4
5335,0,14109,17942,-29696,19815,-11329,6
5336,0,-7380,-15515,14969,4647,-16541,-6
5337,0,-6964,16,23287,-3072,-6250,0
5338,0,17314,-7050,4749,18459,-2956,-5
5339,0,-1308,6871,36996,-6468,-2663,3
5340,0,-1528,-164,18803,-819,-1300,-5
5341,0,-7058,-3501,-38036,-1628,7709,-4
5342,0,21715,3918,-40517,-4236,-21655,4
5343,0,-9944,22353,42111,-15846,-18640,4
5344,0,-205,4468,43664,-3771,-2405,9
5345,0,4958,-883,28755,1812,4699,-9
5346,0,27667,10386,21740,4988,29128,1
5347,0,-11570,4467,-56959,12391,524,9
5348,0,-9814,-5999,61140,10850,3818,-8
5349,0,18422,21465,-40347,13528,-24842,-9
5350,0,7788,-6018,63740,-7239,6668,8
5351,0,22729,-20983,3731,26105,-16595,-8
5352,0,2849,-20197,-27872,-18980,-7469,-1
5353,0,-8248,4397,49228,2759,-8930,-9
5354,0,2430,625,-7830,2490,-310,5
5355,0,-178,5017,43602,-4268,-2643,8
5356,0,13230,-29112,57479,-1287,31951,1
5357,0,2103,-29586,-20808,-23711,-17819,-4
5358,0,-14640,-14542,-31415,-15464,13663,-5
5359,0,24965,-261,-63075,-24823,-2673,5
5360,0,-6787,5071,27627,-6574,-5345,0
5361,0,-23832,-20293,65293,24062,20019,-5
5362,0,8821,-5064,-48090,-9670,-3153,0
5363,0,2387,452,17858,1224,2099,4
5364,0,-15541,-5951,39677,10687,-12757,-9
5365,0,161,-20704,-36009,-20478,3053,9
5366,0,15946,-5055,-4732,14400,-8513,2
5367,0,4124,-18060,13923,14415,-11635,4
5368,0,-2849,8924,-61073,4681,-8114,-6
5369,0,5273,-27822,52265,12283,25515,-4
5370,0,2181,18760,-24049,18033,5614,9
5371,0,15689,-4880,30342,6674,15014,9
5372,0,4409,31821,4384,-2332,32040,-4
5373,0,18770,-14679,-52723,-23800,1171,-6
5374,0,6577,-1716,-16654,3362,-5908,-2
5375,0,30813,-7140,30973,9775,30081,9
5376,0,26003,5531,1052,25691,6836,-1
5377,0,-1792,-3142,-57805,532,3578,-2
5378,0,-8764,-929,-27799,-2974,8296,-9
5379,0,-7471,-19863,161,-7322,-19918,4
5380,0,-14025,-19957,30418,18251,-16183,4
5381,0,-8194,405,8373,-7702,-2825,9
5382,0,-2820,1352,13220,-3073,-581,-6
5383,0,-22938,7555,48143,9831,-22059,-8
5384,0,29288,-8917,-23250,4905,-30220,-4
5385,0,5607,-1380,-29571,-510,-5752,8
5386,0,28183,12667,-50317,-12566,-28228,-1
5387,0,-8489,-11546,31357,10942,-9254,9
5388,0,-5726,30878,57050,-6959,-30624,0
5389,0,7966,4826,52704,-9291,659,8
5390,0,-10696,1013,51763,7826,-7361,3
5391,0,-15500,-2889,51172,13803,-7620,3
5392,0,-1062,1938,55879,84,-2208,8
5393,0,21774,11548,-55816,-14259,-20103,-6
5394,0,-17178,18449,34954,-16547,-19017,-5
5395,0,-30821,9542,5905,-32260,538,-10
5396,0,-7852,-18766,-40780,-14453,14315,6
5397,0,27068,-11409,-63267,-28148,8399,-3
5398,0,-4717,21435,-64765,5503,-21247,3
5399,0,-2573,11314,-24629,9485,6683,-1
5400,0,-23836,222,16257,-17112,-16595,-1
5401,0,15212,-5959,-20,15208,-5969,-6
5402,0,-17249,3050,24816,-9251,-14874,4
5403,0,18646,19054,24735,-10649,24440,5
5404,0,26330,9400,-44631,-6257,-27249,-1
5405,0,12922,8004,-52643,-5888,-14013,-8
5406,0,-360,-1339,218,-346,-1343,0
5407,0,2409,-5696,62300,-1502,5999,-7
5408,0,4757,-721,-13318,3389,-3415,10
5409,0,6540,5228,-14457,8371,-160,9
5410,0,9530,-2735,-13853,5817,-8029,5
5411,0,13054,-4451,27885,7354,11668,-6
5412,0,30373,-3879,36513,-1598,30578,6
5413,0,-1351,-14685,51694,10107,10739,-5
5414,0,21991,15941,-22088,24672,-11359,-3
5415,0,-21513,4547,64947,21377,-5148,-5
5416,0,10123,17956,37808,-19856,5533,0
5417,0,2078,28774,-37063,27745,-7905,-9
5418,0,18424,11767,60342,-20758,-6856,9
5419,0,-8934,20844,-3135,-5720,21945,-7
5420,0,8184,-19418,-52390,-18054,10867,1
5421,0,-8850,-12682,-17920,-15383,-1586,-5
5422,0,3978,-28538,18168,24385,-15349,9
5423,0,9638,-29189,-7622,-1441,-30705,9
5424,0,-161,289,64231,143,-298,-8
5425,0,-1597,3430,-41378,3783,87,-2
5426,0,-9391,29572,58241,-1324,-30999,10
5427,0,3702,-3070,-33743,-3239,-3555,-4
5428,0,-13373,-10695,53000,17077,1262,-2
5429,0,-140,15,25500,-62,-126,-4
5430,0,-797,-3829,61408,1534,3598,-2
5431,0,1370,7799,65019,-1565,-7762,6
5432,0,9603,3131,23958,1081,10043,2
5433,0,-7320,4868,54196,3749,-7951,-5
5434,0,-3443,7766,43882,-4942,-6910,3
5435,0,-21216,1370,62525,20800,-4402,-6
5436,0,1350,-2656,5840,2031,-2180,6
5437,0,-7178,2978,55335,4940,-5999,-7
5438,0,-18835,-1422,17712,-11377,-15078,1
5439,0,1095,6642,-34201,6551,-1550,7
5440,0,23221,-16413,-3066,20567,-19637,0
5441,0,8098,-15690,-19515,-7828,-15826,6
5442,0,-569,16061,-7731,5288,15176,2
5443,0,2107,-4906,-1146,1832,-5015,9
5444,0,-3505,-845,22444,-920,-3486,-7
5445,0,3983,-1181,-32742,-1174,-3985,-9
5446,0,26697,-11406,63278,-25312,14216,-6
5447,0,3776,15261,10741,-4231,15141,-3
5448,0,15712,19459,37631,-22559,10799,7
5449,0,-17424,8818,-55255,19523,470,5
5450,0,-29184,13975,-20709,-4252,32077,-6
5451,0,2835,-11770,-15156,-5701,-10680,3
5452,0,13547,-18524,-28350,-15271,-17131,10
5453,0,13058,-8382,24426,12805,8764,2
5454,0,12105,-5666,23382,10364,8439,-6
5455,0,-2106,-4541,-44948,-2626,4261,8
5456,0,7785,8526,6174,4957,10427,-6
5457,0,-27441,7586,62504,26057,-11473,-6
5458,0,-26641,-15178,-61934,23643,19523,6
5459,0,1231,7518,1614,644,7591,-6
5460,0,13933,19468,-8112,20278,12725,7
5461,0,23966,-15319,-54037,-28439,500,1
5462,0,-3727,-28942,-45792,-21305,19941,-1
5463,0,5192,18078,22979,-13777,12805,-2
5464,0,17998,-16443,45934,2656,24233,1
5465,0,17517,-7090,63752,-16847,8560,-1
5466,0,3384,25713,27900,-24230,9248,9
5467,0,-1661,-789,-26520,-1243,1355,7
5468,0,10627,-717,-1016,10580,-1232,-4
5469,0,-6915,5563,-52797,8855,-593,1
5470,0,-12947,8959,-60765,14642,-5788,-4
5471,0,23957,-17035,-27592,-10622,-27410,-6
5472,0,6364,-12374,26845,13660,2648,-8
5473,0,-77,302,-49905,262,-169,4
5474,0,-26544,12296,5810,-28902,4520,-3
5475,0,-18674,-18255,58680,23567,11249,1
5476,0,12505,12516,-39980,7545,-16003,-9
5477,0,19867,13829,1378,18910,15111,-1
5478,0,-3526,676,-5866,-3199,1629,8
5479,0,-19062,19676,-13096,-3860,27122,8
5480,0,28118,1608,-53652,-22812,-16518,2
5481,0,-6935,-27816,8974,5299,-28174,-1
5482,0,8740,1073,-46958,-4661,-7471,-6
5483,0,-9507,14031,-47190,16871,-1624,3
5484,0,-8917,26798,27536,-28172,-1999,-9
5485,0,4032,27911,61302,-9563,-26530,-9
5486,0,6507,-6686,29248,7682,5294,-5
5487,0,18064,14968,-16453,23350,-2262,-4
5488,0,-2553,-19741,-40514,-17466,9548,7
5489,0,20279,9193,-49897,-8569,-20550,-9
5490,0,18158,-18388,-49498,-25835,596,4
5491,0,-5783,12642,-47668,13341,-3908,-6
5492,0,-30342,8438,45121,9931,-29887,2
5493,0,-3625,11067,58377,-312,-11642,3
5494,0,6220,-9810,21510,11612,298,-5
5495,0,-19453,-426,48721,13776,-13742,0
5496,0,13142,1300,-42267,-4614,-12374,3
5497,0,-16432,-4298,25882,-1253,-16939,-9
5498,0,-1294,-559,34332,654,-1249,2
5499,0,1382,29492,52293,-18607,-22923,4
5500,0,-7991,8489,33338,-8270,-8217,6
5501,0,9991,4839,-39459,1443,-11007,-2
5502,0,-15282,-24215,-48458,-7245,27703,-2
5503,0,-1780,6362,21264,-6352,1815,-6
5504,0,-4164,3277,-40501,4563,2694,0
5505,0,-27311,-12161,13329,-14672,-26048,1
5506,0,9532,-9153,48087,405,13209,-3
5507,0,16594,7332,35059,-9108,15690,-2
5508,0,23982,5709,-42428,-5610,-24005,5
5509,0,7232,30372,23395,-24210,19714,7
5510,0,12857,13553,-20443,18418,-3123,-5
5511,0,11526,-6967,-55061,-13456,556,-5
5512,0,9962,11844,56286,-14082,-6420,7
5513,0,13123,9790,8606,8095,14231,-2
5514,0,-20282,8806,16419,-20551,-8158,-9
5515,0,-11682,-2121,-273,-11709,-1965,6
5516,0,-6093,-4616,65106,6185,4492,-9
5517,0,4036,-23801,-30786,-23309,-6282,-5
5518,0,23639,22,-37746,-5567,-22974,0
5519,0,-17845,13580,-31034,12043,18916,-9
5520,0,-6104,14343,56486,-495,-15580,7
5521,0,11437,6010,-9434,12914,404,7
5522,0,3696,-1853,43468,-200,4130,-3
5523,0,-25861,-19846,-55342,13517,29664,0
5524,0,18265,-19822,30247,21876,15747,-4
5525,0,-9935,-13120,6983,-5076,-15655,4
5526,0,9968,20344,-19188,22225,4390,7
5527,0,-3052,-27469,43104,25616,10376,-1
5528,0,7032,1125,21545,2640,6614,10
5529,0,-4583,-15550,4449,-1188,-16168,0
5530,0,2615,-9306,48304,5066,8232,-10
5531,0,11260,4714,51572,-11756,3288,-4
5532,0,-2344,31409,-37188,31198,-4326,8
5533,0,13382,17529,-12690,21001,6730,7
5534,0,28589,-9530,-36012,-13850,-26764,6
5535,0,-4351,12387,59983,942,-13095,-5
5536,0,14872,10247,31901,-9618,15286,3
5537,0,-7284,3172,-56335,7941,240,2
5538,0,18021,9329,807,17646,10020,-1
5539,0,-11370,2248,-32218,1951,11425,6
5540,0,-14148,11106,11709,-17888,1878,7
5541,0,-15628,-6332,4844,-13755,-9753,8
5542,0,-7809,-17212,1186,-6810,-17631,-9
5543,0,-26,-57,61970,35,52,10
5544,0,-16870,-8516,21244,-1598,-18830,-6
5545,0,-15775,-25477,-44245,-13469,26768,0
5546,0,-30209,12485,25047,-22557,-23656,-9
5547,0,5277,3237,-53514,-2660,-5590,-3
5548,0,-1256,-8811,31049,8678,-1978,3
5549,0,-24759,13847,12892,-28201,-3072,-9
5550,0,17000,-18525,42428,8975,23487,-5
5551,0,-1039,353,40363,40,-1097,5
5552,0,1926,2310,-7636,2625,1468,-5
5553,0,-866,764,-43357,1089,386,-8
5554,0,-11297,22719,-39017,25040,4099,-8
5555,0,17373,21119,-11291,25772,9146,3
5556,0,-14093,693,46168,7893,-11695,-10
5557,0,16863,21468,20120,-8022,26094,8
5558,0,-12297,20518,-31308,19608,13702,0
5559,0,10670,27297,38833,-29209,2407,7
5560,0,-11737,-1858,2243,-11469,-3111,-9
5561,0,-23335,-14712,-58139,16765,21907,-10
5562,0,-472,-1367,39219,1446,-34,6
5563,0,4442,-2288,8905,4991,-241,-9
5564,0,-5147,24951,36227,-23762,-9189,5
5565,0,-3608,29328,-24454,25623,14718,-9
5566,0,-13036,-3161,63535,13280,1894,7
5567,0,16597,-10014,10162,19354,-1088,8
5568,0,3922,6033,-53410,35,-7196,-1
5569,0,-5781,-22073,-35175,-21257,8292,8
5570,0,-5538,28247,-39821,28483,-4155,8
5571,0,2860,826,-43548,-696,-2895,5
5572,0,-25364,-6164,-14777,-23275,11814,-5
5573,0,19368,-1746,-20244,9509,-16963,-10
5574,0,-21802,16406,52752,8405,-25958,-6
5575,0,7913,17799,10321,-1483,19422,4
5576,0,-5558,-11853,64231,6284,11485,-8
5577,0,9359,-18030,48668,6587,19217,8
5578,0,-2139,3472,39846,-2562,-3173,-3
5579,0,-2903,15024,-28054,13992,6195,0
5580,0,7977,-8381,-9534,3455,-11042,9
5581,0,5314,-10609,-48115,-11432,3177,-5
5582,0,-30470,-9632,-13331,-30203,10438,-3
5583,0,-13135,8809,-46911,15099,4705,0
5584,0,7101,24312,-17418,22792,11046,8
5585,0,-4474,-1247,-63477,4329,1684,-10
5586,0,31902,-4510,-28775,1627,-32178,10
5587,0,-5928,-4775,24259,2033,-7336,-2
5588,0,-3032,12596,28086,-12955,-158,-9
5589,0,-20710,-6642,-3181,-21480,-3411,8
5590,0,4951,-7399,-37765,-8363,-3053,2
5591,0,25231,-3405,39968,-5336,24894,-3
5592,0,-327,-5279,4451,798,-5229,2
5593,0,23999,-5907,32870,5797,24026,6
5594,0,-12496,-4295,10791,-8740,-9910,6
5595,0,-14713,-2708,-30428,-4334,14319,7
5596,0,80,-30407,41597,27689,12566,-3
5597,0,22705,18983,-53546,-8745,-28273,6
5598,0,524,9869,-1139,1060,9826,-5
5599,0,12106,-10528,-40894,-14334,-7206,-7
5600,0,9001,8695,-12240,12310,2252,9
5601,0,-1185,27997,65221,756,-28012,4
5602,0,24205,4201,2622,23489,7199,3
5603,0,15282,7782,42365,-13761,10234,-7
5604,0,2548,-3999,62854,-2015,4293,-2
5605,0,6472,-3169,64528,-6311,3479,4
5606,0,20622,-4326,-53026,-19464,-8071,-4
5607,0,-1893,10067,32759,-10068,-1886,5
5608,0,-21,-15528,-44521,-13113,8317,10
5609,0,-14583,-9358,62313,15852,6997,6
5610,0,-8187,18579,-40385,20277,1019,-6
5611,0,-23945,-7333,-55483,17820,17595,1
5612,0,856,8698,6047,-1662,8581,10
5613,0,-6535,1677,16082,-5857,-3349,7
5614,0,15412,-16510,-39275,-20443,-9602,-1
5615,0,-1111,-3016,24498,2354,-2189,-8
5616,0,1988,7,-25198,712,-1856,0
5617,0,-19637,6764,-23794,-2043,20669,-1
5618,0,-4010,-10930,-24904,-11639,-290,9
5619,0,-552,2165,-60737,1031,-1982,4
5620,0,8842,-21290,38509,18092,14287,9
5621,0,-8124,-3049,19120,-2527,-8301,6
5622,0,15222,-3277,-5344,13895,-7028,1
5623,0,-14225,-75,833,-14211,-640,4
5624,0,-19872,2732,-46384,14238,14130,-3
5625,0,-7246,-5101,-54734,3770,8020,-3
5626,0,1114,375,-15495,1074,-477,10
5627,0,701,7165,-50496,4202,-5846,4
5628,0,21490,3978,43567,-14096,16702,-6
5629,0,-1118,-30026,-45598,-23871,18249,10
5630,0,-24053,-6230,4171,-22339,-10878,4
5631,0,13369,-12886,26389,16315,8866,5
5632,0,1619,-8310,-5623,-655,-8441,7
5633,0,632,-15450,39391,14479,5427,-5
5634,0,1565,-28339,-52376,-17985,21957,-5
5635,0,31740,1516,-25214,12655,-29147,5
5636,0,-25913,1070,17308,-18287,-18390,4
5637,0,1488,-7139,-18837,-4682,-5591,-8
5638,0,9635,-12837,-52527,-15316,4799,6
5639,0,18955,5240,-51781,-11771,-15754,-1
5640,0,-4889,-20784,-58367,-2393,21217,7
5641,0,-23833,17206,-10778,-12214,26737,7
5642,0,-465,-1175,-28942,-1240,243,6
5643,0,-2698,-1018,31863,899,-2740,5
5644,0,15361,6230,-32184,6658,-15180,0
5645,0,8630,3382,-50329,-4187,-8270,8
5646,0,20476,24822,-37617,19429,-25650,7
5647,0,21951,7876,33922,-9078,21482,-1
5648,0,8559,-8681,-20573,-2520,-11927,7
5649,0,-5531,389,-6277,-5167,2012,5
5650,0,-1834,-2505,35723,2740,-1461,-10
5651,0,-8496,-6030,-35127,-5035,9121,-5
5652,0,26921,6215,-55945,-21374,-17507,8
5653,0,-16452,-109,-13067,-13394,9554,-3
5654,0,-17045,2653,3161,-17250,44,-7
5655,0,-13447,3481,-39061,7324,11802,9
5656,0,-342,-3,13037,-275,-203,-6
5657,0,6701,18833,56028,-14302,-13965,-6
5658,0,-21745,-2863,-23389,-12030,18340,-1
5659,0,4301,-23963,44308,18130,16249,1
5660,0,-5706,-20379,-2873,-8441,-19407,-10
5661,0,-16311,-4442,-45177,5464,15998,3
5662,0,-24597,-12835,-62961,22827,15769,-3
5663,0,4711,-1910,23348,3774,3405,0
5664,0,-3570,21110,51813,-10075,-18891,-8
5665,0,2803,-28206,21525,25652,-12058,-10
5666,0,-4466,8430,42523,-5515,-7784,9
5667,0,-4767,15581,36720,-14408,-7609,10
5668,0,-23624,17864,-5636,-18006,23516,-6
5669,0,-19562,-4172,33780,5116,-19337,0
5670,0,-8560,400,-8215,-7750,3656,6
5671,0,18394,-18800,-56474,-24595,9319,5
5672,0,16646,18806,35324,-20701,14221,-2
5673,0,10813,-15723,49154,3469,18765,-2
5674,0,21278,-22679,-160,21107,-22838,-3
5675,0,-22002,-18418,32627,18274,-22122,-4
5676,0,-14291,-8691,-11538,-16726,113,1
5677,0,19761,16790,-25700,22399,-13065,7
5678,0,21463,-16279,34382,14564,22662,-6
5679,0,-27750,4771,17947,-21708,-17933,-9
5680,0,-28409,-15671,-25963,-23939,21900,9
5681,0,-16196,-11731,-44143,-1629,19932,1
5682,0,9191,-29584,48896,14745,27245,-8
5683,0,-7256,-5349,30463,4513,-7804,8
5684,0,-3019,-16776,52076,12496,11594,-10
5685,0,-2901,-1743,22398,147,-3381,8
5686,0,29380,9026,-13030,29114,-9849,-7
5687,0,8923,-18914,11764,17650,-11217,1
5688,0,-776,1112,1864,-872,1038,-1
5689,0,4427,5047,-27510,5992,-3027,-6
5690,0,26491,-7566,23333,18388,20516,6
5691,0,21654,7314,-14538,21296,-8300,9
5692,0,5978,-28817,5474,13240,-26284,7
5693,0,21453,-13305,33702,12335,22025,3
5694,0,-1047,-3560,65137,1115,3539,2
5695,0,-2299,7136,21495,-7302,1700,1
5696,0,-7480,15350,-15995,5262,16245,-2
5697,0,-21265,11876,-25072,3413,24116,4
5698,0,-6887,2874,-44759,6155,4220,-7
5699,0,-13105,-18401,-21107,-22550,1352,0
5700,0,-1856,-279,-54199,1445,1198,2
5701,0,-10074,-7967,12712,-3698,-12300,-5
5702,0,-11134,10856,-63976,11915,-9993,-2
5703,0,-16902,-14976,-18696,-22254,3836,-10
5704,0,-31167,3330,6612,-30654,-6544,4
5705,0,-118,-174,-12754,-197,-75,4
5706,0,16433,20559,-39426,14375,-22047,-9
5707,0,5852,-8104,-35323,-8759,-4817,3
5708,0,6292,-6164,-62401,-7142,5155,7
5709,0,-18932,-12121,41565,18805,-12317,5
5710,0,-14263,-10965,56107,17618,3642,-9
5711,0,-23483,-5913,54569,23279,-6671,1
5712,0,-21038,22280,-46052,30424,3662,3
5713,0,5230,-11540,55882,466,12661,-10
5714,0,-13043,25053,-37029,27180,7684,4
5715,0,26643,18522,27220,-10867,30575,0
5716,0,3259,-4499,6365,4460,-3313,2
5717,0,161,-9179,-26773,-8757,-2757,-2
5718,0,6784,26390,4490,992,27230,0
5719,0,-859,-688,-4895,-995,-469,2
5720,0,2862,2498,43475,-3581,1267,4
5721,0,-7335,7302,10721,-9977,2752,-3
5722,0,1272,5982,5368,-291,6109,2
5723,0,4436,2164,3730,3979,2920,-9
5724,0,-19916,22625,39640,-14959,-26168,-5
5725,0,-1679,-1205,26430,647,-1963,5
5726,0,-11999,-24975,27196,20925,-18162,-3
5727,0,2589,9075,-44639,6253,-7068,-9
5728,0,-14292,9797,32087,-10262,-13962,5
5729,0,-488,8474,-48533,6501,-5458,4
5730,0,-7074,10574,-30260,9646,8295,-9
5731,0,-6580,9924,-62996,7735,-9052,3
5732,0,3061,161,56786,-2861,1100,1
5733,0,-9061,-13335,1064,-8363,-13783,-9
5734,0,1760,-25069,-55481,-13177,21399,3
5735,0,7033,2519,-36330,1290,-7358,-7
5736,0,-676,-2744,33904,2777,-526,2
5737,0,-16559,20724,2206,-18659,18856,-5
5738,0,-22676,20408,-56473,29157,-8977,6
5739,0,24339,-700,-23898,9406,-22459,-3
5740,0,13,1271,-25485,1199,423,-2
5741,0,-2966,-9512,64393,3479,9337,-9
5742,0,4370,-30225,26618,30189,-4615,10
5743,0,24819,-3612,-20888,10343,-22848,-2
5744,0,11877,-18208,-15167,-3220,-21499,-8
5745,0,14658,-23867,-65287,-14953,23683,-10
5746,0,-9708,-18591,16479,6363,-19985,10
5747,0,7264,-17850,-37291,-18996,-3247,7
5748,0,1560,1029,-30715,1177,-1452,5
5749,0,-1918,-497,-47062,828,1800,-8
5750,0,-1328,-22664,36639,22522,2865,10
5751,0,5829,8514,-25732,9964,-2681,-4
5752,0,14137,11952,31983,-11410,14579,3
5753,0,11983,22789,-60223,-5865,-25071,9
5754,0,25126,-11776,-8024,18878,-20338,-6
5755,0,23590,-1330,-18308,14056,-18992,-6
5756,0,26158,-7961,61938,-24405,12330,-2
5757,0,-867,6147,61938,-200,-6205,-2
5758,0,-9391,21625,21115,-23314,3507,8
5759,0,24417,7649,-63756,-23675,-9706,-3
5760,0,1485,-3300,32617,3311,1460,6
5761,0,7868,-22821,-18013,-12238,-20807,4
5762,0,-11134,11561,-34757,12568,9984,-2
5763,0,-9004,14154,-39718,16322,3873,9
5764,0,-7347,-4623,45720,8036,-3283,-10
5765,0,-7591,6174,-13875,-2161,9543,3
5766,0,-3278,-30176,-39506,-27577,12682,-3
5767,0,3332,1673,46054,-3327,1684,-1
5768,0,-23751,-2592,23167,-8230,-22430,3
5769,0,-4985,-16787,-44878,-11305,13373,-4
5770,0,6886,21896,-11889,17607,14725,-7
5771,0,-4077,8109,39914,-6270,-6563,4
5772,0,-14,-2117,50554,1403,1585,-7
5773,0,6185,7910,33673,-8172,5834,-5
5774,0,11955,27830,14964,-9273,28835,9
5775,0,-2056,6305,-32956,6324,1996,10
5776,0,6478,-27017,-40931,-27446,4312,-3
5777,0,26594,15998,-58230,-19492,-24151,1
5778,0,-12081,1410,25534,-5437,-10880,10
5779,0,-3842,1943,-51238,4204,929,-8
5780,0,-2034,-850,11895,-1253,-1814,-7
5781,0,10328,3190,3694,9604,4961,-4
5782,0,-875,-8304,24378,7300,-4054,-6
5783,0,-5055,8962,-20761,4768,9118,3
5784,0,15925,16757,16378,-584,23110,-2
5785,0,2492,26323,27388,-24814,9130,6
5786,0,589,555,64449,-617,-523,7
5787,0,14244,12395,-57286,-8376,-16923,8
5788,0,-15514,-22973,32335,22639,-15997,9
5789,0,-5825,-4704,-31907,-4942,5624,-9
5790,0,-18333,-14024,43455,21209,-9109,4
5791,0,17858,421,31965,271,17861,5
5792,0,272,-2002,-36446,-2019,83,0
5793,0,-17742,4314,53176,12315,-13481,-9
5794,0,-2221,-24,16243,-1564,-1577,5
5795,0,5030,-9317,43533,5622,8972,1
5796,0,31443,-5476,-19546,14215,-28576,-4
5797,0,-2763,4332,24009,-5082,-759,-8
5798,0,3379,1886,-3710,3660,1257,8
5799,0,-2707,-16581,-14901,-12904,-10759,-7
5800,0,-17519,3619,-34749,5269,17095,6
5801,0,-312,1811,62683,63,-1837,-10
5802,0,-5089,2978,-27876,1713,5642,-5
5803,0,8868,-360,34014,-166,8874,10
5804,0,-10061,12578,142,-10143,12512,5
5805,0,11252,-11949,6726,14462,-7762,-9
5806,0,-14435,21851,9433,-22537,13339,-8
5807,0,4964,24403,15213,-12566,21500,-7
5808,0,-10179,8569,-34883,9553,9262,-6
5809,0,-2536,9483,-57856,5776,-7937,8
5810,0,21098,1195,31940,-356,21129,1
5811,0,7899,17904,-27560,19300,-3236,5
5812,0,10721,-18059,-16874,-5668,-20222,2
5813,0,-18589,14718,-37009,18171,15231,4
5814,0,-21637,10779,-38062,15857,18245,-10
5815,0,897,14175,60486,-4275,-13545,10
5816,0,-672,1741,-51946,1590,-977,-3
5817,0,-26022,-14354,63543,27270,11814,-6
5818,0,13635,-21092,-25861,-15523,-19744,9
5819,0,-16104,27121,42688,-16727,-26741,-10
5820,0,-12064,13881,-41476,17581,5399,2
5821,0,-827,-29838,31869,29776,-2099,-9
5822,0,1882,-3288,-36491,-3570,-1269,-5
5823,0,-5275,-7879,3996,-3675,-8741,-8
5824,0,20536,8697,-30339,11030,-19383,-6
5825,0,-21287,-17912,-57254,12705,24750,0
5826,0,13700,16997,20439,-6479,20847,1
5827,0,-616,-5642,18865,4055,-3971,-5
5828,0,-16647,8045,-61358,17917,-4565,-9
5829,0,-9186,15833,64975,8755,-16076,3
5830,0,17644,-2916,63428,-17259,4682,1
5831,0,4382,24513,26616,-22177,11326,8
5832,0,-2793,-13404,-10560,-8942,-10368,1
5833,0,-1109,5653,-61082,2280,-5290,5
5834,0,5458,7673,-3850,6770,6544,-9
5835,0,-6832,-893,-19410,-4796,4947,10
5836,0,-19604,10866,-13412,-9178,20449,-2
5837,0,-13644,7408,50289,5219,-14622,-7
5838,0,-24580,2531,-5641,-23007,9015,9
5839,0,-605,13825,-33269,13836,272,2
5840,0,16528,-12183,26556,16501,12219,9
5841,0,-27185,-4031,-53437,20524,18277,-7
5842,0,-28675,-9244,-60642,25738,15660,-3
5843,0,16362,-13039,49274,-2475,20775,-4
5844,0,-2924,2190,-20524,203,3648,-5
5845,0,-19973,-3974,14318,-12925,-15737,-8
5846,0,14719,16081,-57841,-7934,-20305,3
5847,0,3113,-19148,33824,18966,4075,3
5848,0,18350,6340,-21125,15095,-12210,3
5849,0,5581,10930,30090,-10125,6935,2
5850,0,25175,14817,62670,-26966,-11233,-3
5851,0,-24280,6145,28812,-10619,-22683,7
5852,0,-12904,-11643,-41035,-5763,16397,-5
5853,0,28186,1966,-31957,3056,-28089,3
5854,0,2545,-8123,17639,7765,-3487,9
5855,0,6992,20297,12494,-5667,20706,1
5856,0,424,390,-22185,547,-181,2
5857,0,-169,-939,4302,27,-954,-4
5858,0,1692,3160,-5317,2435,2631,8
5859,0,-17438,-14896,18398,418,-22930,-3
5860,0,125,7795,2538,-822,7753,1
5861,0,-2277,2630,12178,-3350,938,-10
5862,0,-3632,23899,48792,-14655,-19225,-10
5863,0,-193,-2251,26208,2081,-880,7
5864,0,19062,-18946,-12100,5553,-26296,6
5865,0,22613,8607,34461,-10421,21837,-9
5866,0,-5013,7661,-6197,-2549,8793,3
5867,0,-11857,9250,-39659,12599,8211,7
5868,0,17044,-5554,-62061,-17729,2652,1
5869,0,-640,-3882,-45200,-2854,2709,0
5870,0,-17138,5749,9189,-17952,-2116,-10
5871,0,-427,-357,58671,520,200,-8
5872,0,10964,1477,-31637,2071,-10867,-3
5873,0,28463,-588,40124,-9291,26910,-10
5874,0,11906,-11242,36299,9073,13631,-4
5875,0,20994,15866,37556,-20232,16827,-7
5876,0,58,-24,53411,-35,52,2
5877,0,-1757,5880,-62636,2556,-5579,-3
5878,0,-12409,675,59537,11709,-4165,-2
5879,0,1362,-27380,55291,11700,24792,-10
5880,0,-2477,1460,65510,2475,-1464,9
5881,0,-4805,1056,-24202,-950,4827,-2
5882,0,-27951,-2910,40384,12691,-25073,5
5883,0,4576,-31480,-54738,-19562,25085,-7
5884,0,-7530,29785,-51407,24528,-18499,6
5885,0,16464,14938,-58151,-10263,-19720,-1
5886,0,-11207,-20590,7205,-3576,-23168,2
5887,0,-25726,-11012,-8214,-27982,-289,7
5888,0,21017,-18035,-13054,6458,-26931,10
5889,0,-1607,10234,-15836,5876,8532,-6
5890,0,3665,-26976,7160,12532,-24168,-2
5891,0,-17287,-15868,51722,23390,1882,3
5892,0,18740,15081,17234,1601,24001,-9
5893,0,15660,-19935,8711,22399,-11872,1
5894,0,-5204,6295,-8257,-2372,7815,5
5895,0,3957,-1793,-27791,-807,-4269,-1
5896,0,-11204,4852,42483,691,-12190,9
5897,0,19508,-21085,-32194,-20550,-20071,10
5898,0,-6846,6007,1575,-7281,5471,-8
5899,0,-32210,4553,-41975,17865,27185,-8
5900,0,-1815,-864,-40738,-124,2006,7
5901,0,-30835,-4074,-36855,2004,31039,-2
5902,0,-6501,-8015,-28959,-9060,4942,9
5903,0,-24514,11984,52791,13213,-23874,-7
5904,0,6499,16872,54293,-14232,-11152,-10
5905,0,1294,6814,28454,-6404,2663,-8
5906,0,-23804,9402,-31342,7762,24388,6
5907,0,-5667,-23653,-37434,-21803,10780,7
5908,0,-3051,628,-43810,2083,2316,8
5909,0,13091,-22705,63230,-10498,24014,7
5910,0,-5546,-12314,-39112,-10089,8978,-1
5911,0,-5279,-14775,55032,11751,10396,-4
5912,0,8771,3237,-33430,2956,-8870,4
5913,0,5605,1944,-12707,5710,-1610,-10
5914,0,-7165,-23994,60937,12231,21851,-8
5915,0,21367,23286,60817,-26041,-17907,-5
5916,0,28152,-5185,-23456,7485,-27629,-6
5917,0,11486,-8469,37954,5385,13216,4
5918,0,14524,-16433,28417,19082,10810,-4
5919,0,-12159,12467,16072,-17408,476,-3
5920,0,-14862,-3631,-29787,-5714,14192,-4
5921,0,-1867,-10952,-6530,-5147,-9846,-4
5922,0,-13682,-607,34372,1654,-13595,4
5923,0,-2952,31111,51585,-16984,-26232,9
5924,0,18505,17836,-7107,23398,10634,-6
5925,0,-5531,6688,-33250,6814,5375,0
5926,0,9246,-3614,-427,9171,-3800,-6
5927,0,-13965,10185,46228,253,-17283,10
5928,0,-13172,-4573,-12886,-13388,3897,-6
5929,0,3638,-20100,-50520,-15986,12715,0
5930,0,-6126,16319,-41601,17395,-1120,-1
5931,0,1227,-2636,13504,2569,-1362,-7
5932,0,904,-2275,-7485,47,-2448,3
5933,0,26425,-10608,35722,6785,27655,10
5934,0,-12258,-11720,2738,-10617,-13225,-3
5935,0,-6503,-19443,-37944,-17247,11084,6
5936,0,-12512,6949,-8425,-8774,11307,0
5937,0,10160,11716,64112,-10933,-10998,-4
5938,0,3750,-4556,-28107,-3614,-4665,8
5939,0,-22412,-22108,51857,31243,3864,-5
5940,0,-1789,11437,64640,1300,-11503,-6
5941,0,-20950,835,2590,-20892,-1774,-8
5942,0,2275,-1539,-32609,-1522,-2286,2
5943,0,13066,17260,50342,-21241,-4178,5
5944,0,2714,4064,-11952,4483,1946,-9
5945,0,32280,-2995,27728,10631,30626,0
5946,0,-32079,1843,53009,25419,-19656,7
5947,0,86,215,-33726,211,-96,-7
5948,0,-456,-1401,-55301,-258,1451,0
5949,0,-12638,-13435,-25842,-16818,7575,8
5950,0,8591,7976,-10510,11373,2843,-10
5951,0,-530,-1461,17297,720,-1377,-7
5952,0,-638,2771,-11264,879,2704,10
5953,0,2483,13802,-10056,8596,11080,-4
5954,0,2006,6560,-23408,6781,1038,1
5955,0,22201,-9956,-23663,354,-24329,8
5956,0,-13544,7289,-51826,15175,2507,-5
5957,0,-13574,-8232,21885,370,-15871,4
5958,0,-3532,29148,-5331,3942,29096,-6
5959,0,-2483,-2527,-1594,-2670,-2329,9
5960,0,-6883,-2000,65506,6887,1988,5
5961,0,11170,-1496,-22691,3861,-10588,5
5962,0,-7153,10088,3058,-8554,8932,-8
5963,0,-16710,-18901,64637,17501,18171,-9
5964,0,561,8570,-1062,993,8531,-9
5965,0,783,-9735,62205,775,9736,0
5966,0,3439,-12611,16569,11407,-6384,-2
5967,0,-3687,-16476,3277,-1069,-16849,7
5968,0,-9285,10356,-62818,10553,-9061,-3
5969,0,-674,3570,-20723,2623,2514,0
5970,0,-27314,-821,-30091,-4313,26984,-3
5971,0,-21456,-6133,-8677,-22106,3051,-8
5972,0,-23029,16178,-43231,25255,12419,-4
5973,0,11237,-2908,44731,-3654,11017,-1
5974,0,2239,-19860,51531,10597,16945,-5
5975,0,14499,-213,40180,-4841,13669,5
5976,0,-215,7351,-52117,4579,-5755,9
5977,0,-93,13734,26470,-13140,3998,4
5978,0,5858,6464,-46781,1411,-8609,8
5979,0,-1612,-32123,-27501,-31508,-6459,3
5980,0,-15585,20053,24156,-24620,-6235,-4
5981,0,-11034,20836,32068,-21198,-10322,7
5982,0,-7368,-31450,10001,7985,-31299,-10
5983,0,-2578,-2404,16995,-19,-3525,-4
5984,0,30923,-7896,23564,20339,24595,-5
5985,0,-1894,-12149,-22105,-11523,-4291,0
5986,0,30208,2902,-33312,2114,-30273,0
5987,0,-7206,7948,-59858,9075,-5721,7
5988,0,22607,13636,51808,-26225,3048,8
5989,0,-20287,-8687,-29574,-11675,18728,5
5990,0,-11068,-15613,-50198,-2268,19003,-4
5991,0,-7507,262,5658,-7303,-1756,8
5992,0,-15737,25649,31577,-26508,-14242,4
5993,0,-1788,-610,20866,-452,-1834,0
5994,0,-18095,-20108,44799,26721,-4211,6
5995,0,-10536,10059,49884,851,-14542,-4
5996,0,17714,-5722,-33222,-6113,-17583,8
5997,0,-14441,5357,46410,4527,-14722,8
5998,0,-12837,-15880,40286,19384,-6421,9
5999,0,-8102,-1333,23498,-2282,-7888,8
6000,0,9866,3632,23910,753,10486,-5
6001,0,-4955,2368,-62703,5231,-1673,-10
6002,0,41,158,-29139,163,-13,-8
6003,0,-13134,-18972,53894,21187,9140,-2
6004,0,-14188,-11841,60340,16672,7973,7
6005,0,-1663,-2006,-61766,1274,2273,-9
6006,0,7064,14933,-5658,10802,12499,-8
6007,0,-999,-2225,31366,2153,-1146,-3
6008,0,-19071,21403,-52151,28089,-5726,-4
6009,0,-4637,7954,52692,-806,-9172,-4
6010,0,-1651,626,-58754,1764,-66,7
6011,0,-19778,1549,302,-19798,1265,2
6012,0,1526,1164,58526,-1825,-595,10
6013,0,15019,2119,58631,-14893,2872,-7
6014,0,-26837,-6998,-46895,11358,25302,-4
6015,0,-1401,-28183,24586,25508,-12066,-1
6016,0,467,3372,-725,584,3354,2
6017,0,-6573,-61,34862,718,-6534,5
6018,0,5737,-13230,-64154,-6598,12822,3
6019,0,7738,-6003,-43828,-9094,-3636,10
6020,0,24206,4779,49028,-20412,13860,2
6021,0,-2701,-6876,-9937,-5551,-4874,-7
6022,0,8281,-21561,12976,19297,-12692,-6
6023,0,-18509,-16477,-1479,-19631,-15123,2
6024,0,345,206,63226,-366,-167,3
6025,0,5031,-346,-18847,2842,-4166,2
6026,0,785,-160,40847,-148,787,0
6027,0,909,1655,-50694,391,-1847,9
6028,0,19178,749,-9254,17642,-7558,3
6029,0,16488,-20019,-55238,-24005,9818,2
6030,0,-7844,14861,-6595,-2841,16562,-8
6031,0,13990,6247,-14806,14681,-4382,6
6032,0,-12210,-19476,-41479,-12851,19059,-1
6033,0,-167,371,37134,-328,-240,-1
6034,0,-19613,-19764,-58349,11790,25225,4
6035,0,-6614,-21806,25926,18517,-13281,-6
6036,0,8121,-19952,-52247,-18395,11210,2
6037,0,-893,627,6493,-1042,324,7
6038,0,17090,-20632,50829,359,26789,3
6039,0,-1,6306,33592,-6301,-251,-5
6040,0,-9785,-23648,21684,15423,-20423,6
6041,0,20808,15573,18428,1176,25964,7
6042,0,19,3316,-59759,888,-3195,4
6043,0,-21804,-1732,-11182,-19635,9638,-10
6044,0,-5978,807,53408,4553,-3957,-1
6045,0,-14139,-16101,-36800,-13092,16963,-8
6046,0,26288,5415,-23437,16261,-21353,-8
6047,0,19483,-20448,-627,18862,-21022,-2
6048,0,-1758,-218,7580,-1565,-829,-10
6049,0,-14367,-11788,8998,-8125,-16714,3
6050,0,-6438,2368,19260,-5773,-3705,3
6051,0,10485,-18007,-16384,-5315,-20148,-4
6052,0,5602,-4888,59180,-3875,6345,7
6053,0,23574,-19307,15322,30436,1470,0
6054,0,31621,2322,24606,9910,30118,-2
6055,0,-24775,-2738,-44610,11012,22362,-1
6056,0,39,2828,266,4,2828,7
6057,0,-7938,19543,-46859,20218,-6016,-9
6058,0,-6300,-11856,61314,8556,10346,3
6059,0,5463,3895,16328,1129,6614,9
6060,0,14190,-25064,-36348,-27117,-9707,-4
6061,0,-11324,14332,1958,-12623,13202,-9
6062,0,-13081,26890,36090,-24468,-17190,-9
6063,0,1281,-4132,-9896,-746,-4261,-7
6064,0,-12994,15003,-15317,411,19843,5
6065,0,19175,-14544,-2372,17399,-16628,2
6066,0,-6775,11436,38632,-9112,-9677,10
6067,0,-6429,31212,-26571,27961,15288,-3
6068,0,-1629,23811,34438,-23606,-3518,9
6069,0,-11047,-13279,6838,-6185,-16128,2
6070,0,2885,-23214,-43432,-21658,8839,-1
6071,0,-4753,4061,24901,-5527,-2921,8
6072,0,-22724,-11270,-85,-22764,-11188,-10
6073,0,11084,8239,-17782,13500,-2916,-10
6074,0,-7095,-12466,-46200,-5712,13157,-2
6075,0,-20148,-1585,19116,-11008,-16949,2
6076,0,25,27526,-37872,26701,-6688,-3
6077,0,-12099,-21254,-13241,-22348,-9934,6
6078,0,-2902,-21015,37683,21112,2086,-2
6079,0,-17754,27270,-28292,22872,23146,7
6080,0,28584,-11982,-38452,-19241,-24298,7
6081,0,-2595,2954,7495,-3467,1854,7
6082,0,21271,-14492,27518,19327,16998,-7
6083,0,5502,-12877,-65421,-5574,12846,-1
6084,0,-9002,-10116,-55769,3468,13090,0
6085,0,-17931,-308,-62581,17706,2845,-10
6086,0,-494,-4550,-14800,-3338,-3132,-8
6087,0,-11626,-29779,16135,12487,-29428,-1
6088,0,5847,-23580,-36085,-24208,-2047,-6
6089,0,-5374,-23778,8850,4894,-23882,-3
6090,0,-3932,7014,2808,-4836,6424,6
6091,0,-21063,-5961,-8560,-21691,2944,8
6092,0,4233,6429,55717,-6690,-3807,9
6093,0,24804,15975,53999,-29498,-562,2
6094,0,-12832,-27834,6847,-3160,-30486,-10
6095,0,3977,6095,-2853,4768,5498,-10
6096,0,-8218,2399,47626,3553,-7789,5
6097,0,9473,29922,-52840,9337,-29965,-1
6098,0,9683,21311,28575,-18953,13738,-6
6099,0,5980,21404,51400,-18083,-12920,7
6100,0,3022,-7672,63074,-2100,7974,-6
6101,0,-2684,19512,27054,-19511,2692,-3
6102,0,18536,-13387,-22409,-2941,-22675,2
6103,0,29107,-5278,-29238,-293,-29580,-5
6104,0,-2344,3115,-20732,1331,3664,-9
6105,0,1529,13219,824,1003,13269,-5
6106,0,-4415,-2057,23297,-85,-4870,-10
6107,0,1774,2528,23045,-1461,2721,3
6108,0,7887,-45,-16167,5601,-5553,10
6109,0,8502,21634,-59034,-1454,-23199,-4
6110,0,2123,-2140,28512,2526,1644,9
6111,0,-12514,-11875,56525,16337,5542,5
6112,0,-5162,-1937,-18086,-4818,2680,-8
6113,0,9595,-12151,51153,329,15479,4
6114,0,7060,-12412,-42494,-14261,-727,0
6115,0,17991,14103,18434,501,22855,-8
6116,0,-3586,3932,14565,-5275,706,-3
6117,0,-21430,-9272,-41149,-150,23349,3
6118,0,2498,-29455,7338,12504,-26786,-8
6119,0,-12349,728,42102,4689,-11447,-5
6120,0,-23899,8408,-26531,991,25316,-4
6121,0,29444,3694,-23420,16075,-24943,9
6122,0,15264,-21577,26210,25243,7833,9
6123,0,-18001,-8458,10151,-11954,-15896,-3
6124,0,29214,11092,-65252,-29063,-11482,5
6125,0,5020,-29585,-64821,-6019,29398,8
6126,0,330,1907,-33821,1888,-426,0
6127,0,-995,884,-41327,1208,559,9
6128,0,6611,7954,32949,-8010,6543,4
6129,0,-979,-31738,-2748,-5129,-31336,-7
6130,0,-18162,3445,-43968,12245,13849,-8
6131,0,-14265,-26102,-65327,13992,26250,-9
6132,0,3193,-15554,42370,12516,9771,-2
6133,0,-7171,-22824,16859,11545,-20954,3
6134,0,-1567,-19041,37247,18939,2517,10
6135,0,-1572,-1431,62650,1754,1201,-2
6136,0,-23836,16739,59418,17978,-22916,1
6137,0,16823,17068,-18336,23875,-2074,7
6138,0,12518,-659,-1592,12432,-1606,-9
6139,0,15645,-23733,11894,25985,-11523,-8
6140,0,-12500,4629,25366,-8686,-10111,5
6141,0,23414,3776,-30734,6031,-22937,6
6142,0,-3139,10954,3607,-4982,10248,-9
6143,0,16726,-116,36366,-2755,16498,2
6144,0,-13865,-53348,-4693,-25417,-48910,0
6145,0,29932,54350,61121,-40666,-46863,-7
6146,0,-32026,-58365,-37860,-48876,45203,9
6147,0,-58260,-15864,-28245,-28045,53474,-7
6148,0,16216,7924,28787,-4702,17425,2
6149,0,-43524,-49243,-7033,-57374,-32054,7
6150,0,-41104,-46990,-16371,-62291,-4173,9
6151,0,58451,-20233,54405,-40034,47150,0
6152,0,-12074,59453,39550,-52492,-30415,7
6153,0,44923,-54670,3936,54394,-45257,-6
6154,0,62903,44759,36859,-56143,52992,6
6155,0,44633,43703,35861,-49806,37702,6
6156,0,-10998,-7611,-3348,-12074,-5754,4
6157,0,9084,-22104,-58706,-15716,18004,-6
6158,0,-43984,37069,13715,-57468,2463,0
6159,0,-51966,-47834,34080,51019,-48843,-6
6160,0,32755,19496,54108,-38116,433,9
6161,0,-52095,36107,28740,-45424,-44207,-4
6162,0,15615,50599,-11857,40404,34229,5
6163,0,25189,18822,-23877,27554,-15151,-3
6164,0,41493,-18536,-14138,20691,-40462,5
6165,0,-39020,16632,-23637,-1490,42391,-7
6166,0,3826,49156,20024,-38080,31319,-6
6167,0,-64357,-10169,-57101,55183,34642,10
6168,0,12367,41526,-45349,27196,-33731,-6
6169,0,57980,27410,29504,-18022,61548,6
6170,0,30400,58802,12444,-7911,65535,-9
6171,0,-31736,-20006,-28815,-25639,27388,-10
6172,0,50565,41710,964,48569,44019,-7
6173,0,-17799,34018,-10198,255,38392,-4
6174,0,48658,-21984,-34600,-26150,-46552,-8
6175,0,-3743,-8909,22587,6116,-7481,-7
6176,0,-57734,55198,17318,-65536,-5389,-6
6177,0,51493,-35693,34865,30366,54804,8
6178,0,52985,-8805,9262,51633,14797,5
6179,0,-50279,-20056,27154,5977,-53801,-4
6180,0,-42230,54055,-64561,44700,-52031,4
6181,0,16473,13687,62178,-18451,-10875,-6
6182,0,-45689,35989,-49979,57980,4590,-9
6183,0,45461,-64598,-24401,-41732,-65536,3
6184,0,-9165,-45137,40569,45368,7942,7
6185,0,-46275,30172,63822,43629,-33886,8
6186,0,54680,-42626,-51783,-65536,189,-3
6187,0,-28382,18462,-40765,27738,19416,0
6188,0,-58714,35517,-45337,62545,28230,6
6189,0,9758,5557,-5208,10828,2977,-5
6190,0,43850,49476,7027,25054,61180,7
6191,0,-50239,-7573,-37330,3529,50684,9
6192,0,-36409,-42208,-64066,33368,44651,10
6193,0,-23226,-64602,-11619,-53868,-42557,1
6194,0,-64329,-25211,-28512,-37748,57870,-9
6195,0,27709,28518,-61765,-22117,-33044,-8
6196,0,-596,10218,-9579,3997,9423,4
6197,0,60864,-60690,-59394,-65536,40426,3
6198,0,-43006,359,40912,16026,-39910,4
6199,0,-24386,35635,52836,-368,-43179,-3
6200,0,-46918,-34693,-23158,-51926,26620,6
6201,0,-28501,46561,7834,-43593,32861,-1
6202,0,37028,-59341,19307,65535,-6139,10
6203,0,50159,52111,37929,-62809,35868,-1
6204,0,-40107,11135,61770,37462,-18143,-7
6205,0,13787,-62073,64253,-9964,62801,-6
6206,0,61391,-16724,46437,-24164,58861,-5
6207,0,-695,4743,-48094,3986,-2663,-4
6208,0,-57383,62892,-26934,44610,65535,0
6209,0,-26643,-17908,64660,27366,16782,-6
6210,0,-59224,6725,47537,33411,-49360,-3
6211,0,-38501,-31378,-52750,13460,47810,8
6212,0,1926,11980,9346,-3450,11633,7
6213,0,13697,-36157,3778,19988,-33097,-1
6214,0,30397,12277,-35990,7443,-31927,7
6215,0,24004,7162,38334,-13240,21265,-3
6216,0,44607,10386,-56486,-36100,-28186,-7
6217,0,56882,48509,-37363,34920,-65536,-4
6218,0,-56778,58697,18427,-65536,-6611,6
6219,0,-17839,-55592,-25550,-58347,-2087,-6
6220,0,62165,-26750,28779,38062,55959,-6
6221,0,36255,-46439,-3686,27549,-52078,-8
6222,0,-6802,64002,-55412,35897,-53423,-9
6223,0,-24092,-49708,8460,-2512,-55182,-6
6224,0,20650,-26059,-30517,-23683,-23337,-1
6225,0,15684,57722,63730,-20611,-56152,-2
6226,0,-41211,-44653,39108,54943,-25952,-3
6227,0,49317,13692,59627,-51178,652,6
6228,0,10286,-44769,16567,39146,-24033,-4
6229,0,-30095,-24247,-24662,-33835,18676,7
6230,0,-36986,35077,-33168,35782,36305,1
6231,0,32779,-31530,-57599,-42144,17104,1
6232,0,-52512,-11719,60354,53782,-1552,0
6233,0,-40987,-6293,20559,-17395,-37643,-1
6234,0,38239,50246,-57632,-16965,-60820,8
6235,0,41250,-22318,12165,46722,4091,-2
6236,0,55987,-62343,55427,-20483,65535,4
6237,0,15634,-61827,-62633,-24061,59060,0
6238,0,12667,-33809,-65433,-12822,33750,7
6239,0,-15861,1770,-41389,7996,13812,8
6240,0,-31780,-37528,-32597,-37797,31460,-6
6241,0,10263,11440,50463,-15264,-1792,4
6242,0,-14325,58607,5674,-29535,52609,3
6243,0,1310,-10865,5463,4081,-10155,-4
6244,0,-1242,5474,60899,6,-5613,-5
6245,0,-14758,-1974,-22796,-8541,12196,2
6246,0,16747,60279,17995,-34896,51926,-1
6247,0,38200,-27811,-35767,-33007,-33811,6
6248,0,-603,-5237,50080,3981,3456,8
6249,0,30805,-19240,49058,-8033,35420,-9
6250,0,-13177,-18223,-16478,-22217,-3478,-9
6251,0,-58514,-2785,-8644,-54678,21023,5
6252,0,-33973,-40763,23549,22316,-48143,1
6253,0,35771,53889,59206,-50225,-40756,-7
6254,0,62862,42566,60086,-65536,-24895,-3
6255,0,-25424,-35351,31767,34103,-27075,-9
6256,0,-10807,58666,-43991,55907,-20808,10
6257,0,29019,27862,10462,12056,38380,3
6258,0,-36727,-36950,16531,523,-52095,1
6259,0,-46816,52567,-19001,12797,65535,-9
6260,0,-4083,35413,-63762,7092,-34935,-9
6261,0,34722,39347,24078,-21933,47673,0
6262,0,-15340,-56773,53843,43191,39913,9
6263,0,-45736,-39797,-11745,-59917,-9251,-3
6264,0,55144,63686,32994,-64259,54476,8
6265,0,-48881,-59739,34254,63055,-44521,5
6266,0,20180,-62770,-62283,-29675,58879,3
6267,0,-54588,-31451,8446,-37787,-50410,1
6268,0,19897,10689,43530,-19115,12032,-2
6269,0,-25040,-21322,-35268,-18180,27407,-4
6270,0,40583,36531,63716,-43618,-32847,4
6271,0,-41489,-58081,-26735,-65536,23188,-4
6272,0,-18780,21773,-60792,23197,-16989,10
6273,0,16331,48723,7365,-1526,51365,-1
6274,0,36753,40755,-26551,49755,-23157,-4
6275,0,-1459,-59319,-49049,-41130,42770,-2
6276,0,5353,-25947,-29622,-24848,-9193,-2
6277,0,-25521,40297,19494,-47577,3404,-7
6278,0,-25122,56926,47067,-28147,-55493,-7
6279,0,-56203,51499,63003,49540,-57938,4
6280,0,43843,46754,42519,-61490,18087,5
6281,0,19845,-10285,-1250,19190,-11461,7
6282,0,-3614,14172,-10628,3753,14136,-6
6283,0,-32647,62045,62871,24494,-65536,-6
6284,0,-15652,-18526,17886,3775,-23957,-9
6285,0,-5861,-64466,-30158,-64693,-2256,-9
6286,0,-2015,55147,38871,-52226,-17823,4
6287,0,2898,5773,14628,-1510,6281,-1
6288,0,-35979,60650,3587,-45849,53580,-9
6289,0,-17518,-44598,25672,36190,-31403,5
6290,0,-40279,6988,56995,34161,-22455,6
6291,0,-46640,-63902,-50400,-7519,65535,-2
6292,0,46463,-40016,64,46569,-39893,9
6293,0,-26293,25553,-19899,5648,36227,9
6294,0,-29160,14756,36917,-8708,-31500,3
6295,0,62202,-42201,64737,-60520,44579,9
6296,0,18942,22426,-58230,-10099,-27563,1
6297,0,42821,33998,-7198,51801,17497,5
6298,0,48532,-55758,3032,56082,-48158,6
6299,0,17268,-17788,-11041,5914,-24075,9
6300,0,56145,54534,-36931,42310,-65536,4
6301,0,-40757,-40039,41329,52982,-21382,-7
6302,0,41818,-26072,59054,-31837,37615,4
6303,0,46122,64502,-7822,65535,43154,-8
6304,0,-53270,61166,17398,-65536,1615,-8
6305,0,51797,33502,-47977,-9492,-60953,-10
6306,0,46604,8308,-26833,21056,-42398,-1
6307,0,57723,53993,43112,-65536,25107,7
6308,0,14122,-44186,-4187,5029,-46114,0
6309,0,-52036,54000,-25048,31548,65535,8
6310,0,-25458,1374,-47153,17259,18765,2
6311,0,-57289,-17159,30754,11575,-58673,-6
6312,0,-10825,30398,-28390,27468,16933,-10
6313,0,12234,33780,22113,-23478,27194,8
6314,0,61019,-25672,42042,-3078,65535,-4
6315,0,46674,-13285,2796,48033,-6915,-6
6316,0,21816,32978,-41477,21298,-33315,1
6317,0,-52704,-56866,-31314,-60413,48598,-6
6318,0,8171,3761,-59844,-6855,-5823,1
6319,0,-18730,44081,-61204,27406,-39279,5
6320,0,-27289,60532,-63658,32641,-57822,-7
6321,0,-55380,-147,-37536,12422,53969,7
6322,0,11898,-47071,10263,32709,-35880,7
6323,0,-58977,29493,47361,15393,-64119,5
6324,0,-64592,-56358,-60581,49507,65535,-3
6325,0,-24584,7369,-52174,24112,8792,-7
6326,0,-13371,-14233,-50474,633,19518,5
6327,0,-34377,8485,-35527,12948,32956,2
6328,0,-25119,-34454,39643,40730,-12612,-2
6329,0,28255,5576,42178,-17325,23006,10
6330,0,-30810,-33547,40598,42510,-16357,-5
6331,0,-11482,-51492,11627,17476,-49778,7
6332,0,-42806,40682,-8899,-22151,54742,-5
6333,0,14187,-50119,-29493,-47290,-21838,5
6334,0,63720,17285,8286,52080,40580,4
6335,0,37791,12831,62236,-39337,-6735,-9
6336,0,45312,37634,30652,-32867,48880,-7
6337,0,37408,27777,-45613,1082,-46581,-5
6338,0,1754,-57982,56823,21909,53712,-3
6339,0,11640,-16419,-47496,-20046,1798,3
6340,0,32633,-42117,55060,-8322,52626,4
6341,0,57592,55542,-47175,6124,-65536,1
6342,0,-4941,-11927,27132,10178,-7942,-6
6343,0,57264,20981,47451,-53064,30059,-7
6344,0,-2039,31028,-14576,18388,25076,-8
6345,0,58903,-57077,-22163,-21201,-65536,4
6346,0,27818,56364,22281,-36006,51520,-7
6347,0,32072,-17699,61732,-28335,23216,-4
6348,0,3371,-44231,62769,2496,44289,-6
6349,0,48698,-6306,48137,-28036,40315,7
6350,0,-10964,-51587,44736,49282,18780,4
6351,0,-54415,7683,-52635,48791,25287,0
6352,0,53272,33369,26792,-16955,60530,0
6353,0,25100,48840,48892,-52495,-16113,8
6354,0,36776,56245,-30733,59549,-31143,7
6355,0,24424,40043,26445,-30928,35262,0
6356,0,59492,22229,-62300,-55353,-31136,7
6357,0,50111,41251,3933,41469,49931,-9
6358,0,11040,37933,-16319,34570,19123,0
6359,0,-20710,45878,-46796,48795,-12360,-7
6360,0,30702,28030,-39510,16842,-38009,-7
6361,0,-18626,-12662,64018,19499,11271,3
6362,0,65131,-4979,-12360,51267,-40479,-9
6363,0,-53949,5053,20164,-34789,-41542,-9
6364,0,37644,-61029,-50284,-65536,20268,-8
6365,0,-59725,1899,1889,-59653,-3499,4
6366,0,5849,-27772,-24172,-23111,-16473,8
6367,0,-45263,-60945,39499,65535,-23589,-4
6368,0,-57723,42764,-37212,54013,47364,5
6369,0,-63313,-62852,63180,65535,55323,-2
6370,0,-41848,-30599,-57185,26630,44479,7
6371,0,58828,37925,13391,24416,65535,2
6372,0,-62863,4661,6623,-61172,-15212,-5
6373,0,-41211,-41433,24201,21533,-54326,1
6374,0,6202,-19759,-34148,-20126,-4883,-1
6375,0,-51209,-45385,54311,65535,12702,8
6376,0,-14122,-7725,52347,15958,-2111,-4
6377,0,-832,-6546,30547,6421,-1520,-10
6378,0,40545,-59569,-40490,-65536,-16281,-10
6379,0,-20527,-32907,51061,36820,12186,-9
6380,0,15214,13904,-24803,18568,-8945,9
6381,0,3752,-23005,-49272,-18837,13728,6
6382,0,5949,59364,31948,-59081,8302,9
6383,0,-62972,26800,-7395,-49773,46972,-9
6384,0,-42152,6247,-54442,39501,15984,4
6385,0,-58161,-14365,28107,1145,-59898,-8
6386,0,46880,31403,6924,34101,44956,6
6387,0,-26713,-3752,34267,5663,-26374,-2
6388,0,-10265,-30799,37574,32331,-2946,-10
6389,0,51881,-10253,-59796,-52717,-4208,8
6390,0,38812,-58419,49388,13113,65535,8
6391,0,-51055,54278,-31163,50206,55065,5
6392,0,46976,-2331,-51989,-38817,-26560,-5
6393,0,-10123,-51294,-50525,-26204,45243,-5
6394,0,-21940,45917,32787,-45902,-21971,5
6395,0,-24048,-22112,33393,22823,-23375,0
6396,0,-49396,57272,-25762,37813,65500,7
6397,0,-54158,24520,-43991,48824,33920,10
6398,0,6790,-60086,-49298,-47023,38016,0
6399,0,41517,-15539,5821,44190,-3519,8
6400,0,43223,-36598,-12426,15229,-54550,6
6401,0,2508,-24092,21974,22183,-9728,-9
6402,0,37751,-20150,-5894,30635,-29877,1
6403,0,-6969,41577,-35163,42102,2161,0
6404,0,-50530,25608,5291,-55335,12128,7
6405,0,-41173,-58908,1452,-36952,-61644,-8
6406,0,-54811,-13310,-741,-55253,-11338,6
6407,0,2159,18811,-65498,-2128,-18814,3
6408,0,-32649,52761,-12702,3381,61954,-5
6409,0,53769,-62078,8458,65535,-35809,-8
6410,0,38355,19129,1225,37176,21331,9
6411,0,-8290,-31017,58474,18119,26505,-1
6412,0,51635,34380,35035,-39790,47592,-5
6413,0,14427,37872,48127,-37748,-14748,-3
6414,0,-56455,-36354,-56653,36423,56410,10
6415,0,-51710,24391,-61058,55714,-12839,9
6416,0,-19832,-18263,34363,19732,-18372,-8
6417,0,-21371,-56073,22253,38766,-45805,5
6418,0,7190,-32917,46116,22112,25423,0
6419,0,-49111,-29560,26988,15018,-55319,-7
6420,0,5663,-51268,7749,23895,-45711,-4
6421,0,12055,-14041,55020,-3770,18118,4
6422,0,19715,-57411,-25201,-46674,-38810,-3
6423,0,20936,-18154,59196,-14540,23589,3
6424,0,22030,-13800,-55738,-25891,2323,-9
6425,0,-11430,29042,33374,-28699,-12267,1
6426,0,-16485,25558,64983,15814,-25979,-9
6427,0,26667,-47557,51322,9216,53739,-10
6428,0,-13027,-27078,-35870,-24845,16901,5
6429,0,54443,-40937,29235,49533,46759,2
6430,0,-27378,-30341,-4377,-33086,-23989,-10
6431,0,-49050,62681,-3501,-37913,65535,-7
6432,0,-58744,38908,61166,49375,-50268,-3
6433,0,19363,31488,51793,-34582,-13057,-7
6434,0,-61292,30417,-20870,-7506,65535,-4
6435,0,58102,-20730,-64363,-59177,17426,-2
6436,0,45343,29514,52851,-54077,1659,-8
6437,0,56597,15553,40787,-35639,46637,1
6438,0,15132,49483,17763,-27275,43973,-9
6439,0,-42179,1398,-17525,-27104,32348,3
6440,0,41152,63899,8834,11264,65535,2
6441,0,18253,967,56844,-17083,6501,-2
6442,0,34978,-24995,-65095,-35500,24249,-1
6443,0,-42823,36790,26401,-47953,-29797,-4
6444,0,21848,-59314,46162,34431,53010,5
6445,0,6432,1408,-42329,-1584,-6391,2
6446,0,-61241,55114,30259,-62084,-54163,8
6447,0,33532,56295,45656,-65314,-5251,8
6448,0,-11330,50474,-63012,17323,-48744,7
6449,0,26630,62051,-31594,63452,-23094,-1
6450,0,-63735,57765,-63764,65535,-52178,9
6451,0,-35080,-61322,-18978,-65536,-9980,-7
6452,0,53427,44185,-35586,36575,-58899,4
6453,0,56229,40749,23162,-11525,65535,-2
6454,0,58455,-49791,18538,65535,14003,-6
6455,0,344,27214,-44351,22947,-14634,-4
6456,0,34797,-52330,-39421,-60598,-16647,-4
6457,0,-18657,-12872,-24298,-19192,12060,4
6458,0,-58002,25003,53604,35259,-52405,-9
6459,0,9956,52191,-14789,41540,33128,3
6460,0,-43008,-5518,-20812,-27970,33133,-8
6461,0,-26126,18389,22455,-28586,-14268,4
6462,0,-21797,-6533,-64056,21279,8062,-1
6463,0,42807,22789,171,42612,23152,-6
6464,0,-21638,-11416,15011,-8744,-22849,-5
6465,0,-65398,-62168,-27835,-65536,48997,-5
6466,0,-27518,38861,-16370,7967,46947,-10
6467,0,-5737,24857,23436,-24891,5588,7
6468,0,33695,-10395,26566,19808,29173,-2
6469,0,40828,4357,-6138,40336,-7673,1
6470,0,64571,-4233,34446,-981,64703,-4
6471,0,47292,-3792,-38737,-17001,-44293,7
6472,0,37656,-33603,10708,49302,-10792,5
6473,0,-6698,-38429,29699,37034,-12255,-3
6474,0,33705,60281,5490,16870,65535,2
6475,0,60137,26291,45772,-56450,33482,1
6476,0,-41327,6392,-18559,-21048,36135,5
6477,0,-24698,-15732,29142,11236,-27041,-10
6478,0,-9306,-59469,-29869,-60185,966,-4
6479,0,-47768,-2202,14286,-35605,-31920,0
6480,0,22487,21075,-25054,27777,-13352,2
6481,0,56748,37936,59379,-65332,-19781,3
6482,0,24193,-15964,38921,8233,27792,-7
6483,0,-1460,-5558,-46515,-3498,4559,9
6484,0,-40527,-56005,4896,-26389,-63895,-1
6485,0,51494,-34617,-28980,-24772,-56889,9
6486,0,-63404,53974,43298,-16617,-65536,10
6487,0,4665,-40102,-10305,-14891,-37526,-9
6488,0,5831,-20263,22580,20629,-4364,6
6489,0,60539,-6184,59291,-56027,23752,-4
6490,0,-36716,-4835,-26780,-15046,33839,-9
6491,0,22778,-10924,50740,-10175,23123,-4
6492,0,25849,20393,-6481,30848,11508,5
6493,0,35213,42967,5055,23862,50167,-5
6494,0,65035,-46974,29352,56939,56516,-3
6495,0,3875,60290,-60583,10429,-59508,-5
6496,0,-7921,14010,42809,-8757,-13503,10
6497,0,-18733,-29093,16559,7595,-33759,9
6498,0,-20969,30862,27774,-34957,-13045,5
6499,0,1903,-45469,-65386,-2245,45454,-7
6500,0,44581,-60586,44628,27047,65535,-2
6501,0,-14102,-28381,16465,10219,-29999,-4
6502,0,-963,-13941,28312,13422,-3892,-7
6503,0,-41790,-17020,51053,43004,-13665,3
6504,0,32090,17872,-41521,3252,-36587,-2
6505,0,-61119,-18221,-58903,52368,36403,5
6506,0,-26803,-63470,-4172,-38863,-56890,-5
6507,0,62821,-6299,-62480,-63069,-2909,10
6508,0,12900,62111,28004,-57590,26600,-10
6509,0,31480,3311,-4997,31366,-4255,2
6510,0,45116,-4874,-62935,-45372,-769,3
6511,0,-18747,-34565,40219,38937,-5485,3
6512,0,-64388,17305,28626,-29678,-59704,4
6513,0,19077,19242,-54404,-6638,-26270,1
6514,0,-1332,-22601,20041,17767,-14033,-10
6515,0,62165,27384,-30359,34381,-58586,-6
6516,0,-34605,57359,-25723,42665,51646,5
6517,0,-1812,-9519,-39196,-8522,4612,-4
6518,0,30011,-58001,-54441,-55272,34781,5
6519,0,-31295,18588,-49614,35467,8185,10
6520,0,31507,-1889,61445,-30537,7984,-6
6521,0,-44747,-52972,6685,-25769,-64376,-4
6522,0,-24876,42154,284,-25438,41817,5
6523,0,-14269,10970,31925,-11541,-13811,6
6524,0,19323,47416,-61057,-8800,-50440,10
6525,0,-54811,25202,13456,-58954,-12800,6
6526,0,-14767,9072,-37338,12065,12442,1
6527,0,39161,-9007,-9892,30731,-25890,-3
6528,0,-9185,-55167,1441,-5358,-55669,1
6529,0,2828,3045,-7648,3732,1828,3
6530,0,-48914,65424,21379,-65536,-7806,7
6531,0,47840,-35882,3310,52910,-27870,-1
6532,0,11251,-48776,57313,8341,49357,-2
6533,0,-1743,-64927,3827,10110,-64159,7
6534,0,659,-3505,-21633,-2682,-2350,4
6535,0,1701,39153,61929,-8429,-38273,9
6536,0,9248,55817,-3760,19102,53256,-1
6537,0,980,30839,-46389,23907,-19505,-8
6538,0,-6568,63,18586,-4179,-5068,2
6539,0,-44035,-14900,61863,45966,6946,5
6540,0,62065,-28565,47924,-19885,65365,-3
6541,0,30868,-29329,59916,-21931,36497,10
6542,0,22221,64443,20238,-40594,54761,4
6543,0,-57081,-3406,-57015,51025,25813,-6
6544,0,-15233,55221,52421,-20178,-53612,9
6545,0,-53931,10862,13908,-49111,-24793,10
6546,0,41605,7392,-15765,35344,-23161,4
6547,0,11564,-37874,57669,3211,39470,8
6548,0,50642,18346,-34911,13038,-52261,7
6549,0,5166,-21356,42084,17029,13885,-2
6550,0,-5386,-6294,50484,8201,1166,5
6551,0,52825,9255,-17873,41586,-33863,1
6552,0,-26975,16492,64084,25756,-18338,8
6553,0,24399,46955,-53406,5393,-52640,3
6554,0,-48106,60206,-39833,65535,25386,-4
6555,0,3693,-33619,-312,3178,-33672,7
6556,0,-56101,60862,1133,-59326,57723,-1
6557,0,20822,-923,47950,-13159,16163,3
6558,0,36877,61063,44953,-65536,-2920,-3
6559,0,-26525,19997,-46206,31915,9213,-8
6560,0,-10361,-40125,-53228,-13719,39105,-2
6561,0,2014,20804,-31609,20884,-860,4
6562,0,26132,53038,-51262,13251,-57622,9
6563,0,-42911,-62922,55347,65535,35412,5
6564,0,-28365,-23102,43499,34064,-13339,7
6565,0,-49887,35567,-45094,57333,21603,4
6566,0,60379,-13619,47443,-28658,54862,5
6567,0,-57233,64117,60277,39414,-65536,5
6568,0,-12532,-46638,-61311,2895,48206,0
6569,0,-26528,11381,20786,-23969,-16085,2
6570,0,-20700,-2016,-37383,2572,20638,-3
6571,0,9705,40341,-31188,40961,-6620,-3
6572,0,-57348,-64291,-58163,31577,65535,7
6573,0,16295,33230,57547,-27542,-24723,8
6574,0,61562,-19164,13038,61132,20494,-5
6575,0,-41870,25734,22894,-41985,-25547,-5
6576,0,64715,1651,37339,-15679,62809,0
6577,0,-51600,49751,-17456,2343,65535,-10
6578,0,-17151,-7726,-54307,10762,15428,-4
6579,0,41069,17974,-22157,35687,-27132,10
6580,0,-22671,-56474,-56384,-3484,60755,-6
6581,0,57137,18049,40447,-37384,46828,7
6582,0,58363,59715,11149,19798,65535,-3
6583,0,35397,-29133,-7931,22049,-40194,5
6584,0,34172,-50820,-4367,22864,-56813,0
6585,0,632,43202,23927,-39127,18326,-9
6586,0,-58990,-9289,-9056,-57425,16386,1
6587,0,61766,-61591,31225,65535,57050,-1
6588,0,-43449,-33973,-49291,7084,54697,7
6589,0,8426,49725,-42846,40129,-30550,-6
6590,0,-8669,-10428,1119,-8100,-10876,5
6591,0,-2665,-40684,27994,39018,-11826,1
6592,0,31795,30318,-19749,43184,-8077,-4
6593,0,-24001,19494,-45359,29674,8690,4
6594,0,-24644,-4513,31216,2681,-24910,-10
6595,0,42952,-6671,-36974,-15134,-40747,-2
6596,0,-26849,-192,-25740,-9047,25280,8
6597,0,-65139,-38781,22051,1739,-65536,7
6598,0,-26837,36692,28237,-41613,-18301,-1
6599,0,-1024,34552,62409,-4148,-34317,1
6600,0,-46051,36439,57330,28579,-51301,-5
6601,0,54484,-36836,-59058,-63141,18403,-8
6602,0,-16910,-25562,-64838,16035,26120,-9
6603,0,-55498,6634,46679,29132,-47701,-8
6604,0,22120,35908,52127,-39230,-15481,1
6605,0,27712,11792,-47521,-9038,-28728,-2
6606,0,62285,-53006,-24399,-24493,-65536,5
6607,0,-34674,-9789,-12399,-34213,11294,-8
6608,0,-43956,-22995,41765,39263,-30321,2
6609,0,-1522,38173,12365,-22596,30804,-6
6610,0,17024,41164,-56386,2088,-44496,-8
6611,0,-51296,58276,-10972,-15120,65535,-4
6612,0,-46029,-51746,-28784,-59541,35372,1
6613,0,-11549,46973,-37522,48368,637,0
6614,0,3473,47325,57038,-21956,-42067,9
6615,0,-64923,49540,-16893,-8885,65535,4
6616,0,-46194,54008,-32996,54488,45627,-10
6617,0,64537,5271,53185,-56494,31642,0
6618,0,58201,-62499,-35455,-65536,-49715,-7
6619,0,44098,6373,-21556,28052,-34617,-1
6620,0,-56937,60395,-29549,50957,65519,10
6621,0,-4991,31478,11041,-20212,24643,-9
6622,0,43257,9837,-27614,20132,-39530,-8
6623,0,44689,-52636,-37019,-60581,-33129,-6
6624,0,47517,-26606,-61181,-51993,16200,8
6625,0,7692,-46876,-37170,-47447,2311,6
6626,0,-30201,4567,-32161,3690,30321,2
6627,0,47837,-46768,-23287,-21018,-63513,0
6628,0,-54761,32220,-2193,-51081,37784,-2
6629,0,-60773,-12381,-48361,32216,52998,-7
6630,0,-58539,-55276,2821,-50548,-62667,-1
6631,0,27701,64282,-42241,45595,-53110,8
6632,0,-18871,-46706,50191,45329,21973,-3
6633,0,19891,-25178,24333,30969,8396,-10
6634,0,-5133,-36353,-8551,-19190,-31299,-4
6635,0,-52994,20092,54904,36478,-43376,-10
6636,0,13864,-56432,-57442,-34196,46984,-5
6637,0,-30062,-59649,-25728,-65536,8616,0
6638,0,-63725,46876,-11671,-29167,65535,-10
6639,0,-58259,-43656,36385,53051,-49855,1
6640,0,27238,-22346,3314,30427,-17760,3
6641,0,54363,44138,23059,-15057,65535,-3
6642,0,-10889,-42952,-37089,-39789,19500,6
6643,0,58282,30864,35120,-37230,54436,-2
6644,0,4814,-1395,-22689,999,-4911,7
6645,0,-43046,-26727,-15636,-49723,9742,-9
6646,0,48763,7110,39907,-23068,43546,-3
6647,0,15215,-42505,-48390,-41487,17804,5
6648,0,35850,-50078,-48800,-60921,9041,2
6649,0,30462,-45395,-52102,-51612,18024,4
6650,0,18230,-54952,13726,48043,-32310,-10
6651,0,39797,38277,-9031,52188,18037,5
6652,0,-46465,57147,-16555,8138,65535,-5
6653,0,61930,35527,24832,-9991,65535,0
6654,0,47334,65355,-6688,65521,47104,1
6655,0,-32093,63698,-7595,-7323,65535,-5
6656,0,8204,41308,-4781,17363,38369,-6
6657,0,-3047,-45768,43228,41600,19326,1
6658,0,-8647,-19331,20643,11407,-17842,2
6659,0,41983,-14348,-14732,22633,-38160,-1
6660,0,-46106,-65466,3744,-33697,-65536,5
6661,0,44369,7550,-19080,33061,-30539,-7
6662,0,26289,45270,28494,-38989,34934,-9
6663,0,50015,30143,31423,-26875,51844,-7
6664,0,5041,25379,-51305,12082,-22881,7
6665,0,-16280,-31080,20895,17394,-30471,9
6666,0,-54871,-34596,-39028,-16826,62647,1
6667,0,51199,-8698,13735,45818,24448,-1
6668,0,-58362,-22988,49123,57495,-25079,-5
6669,0,32818,61499,-29622,65535,-23200,-2
6670,0,51759,26325,57590,-57833,-5224,-10
6671,0,49096,21109,18788,13951,51589,0
6672,0,-26564,47221,-15010,11156,53019,6
6673,0,-41627,-5077,-22797,-23655,34627,1
6674,0,4727,-7981,-25600,-5924,-7138,6
6675,0,46797,-46572,19298,65357,9348,1
6676,0,6825,-55939,-36179,-56304,2377,2
6677,0,30223,-8682,-8678,24145,-20145,-9
6678,0,-1645,-59668,64698,4014,59556,-9
6679,0,58073,20194,60750,-61147,-6431,9
6680,0,-46807,40356,-6386,-32475,52582,-2
6681,0,-36710,25774,21916,-40606,-19054,-6
6682,0,14781,15622,30110,-13616,16647,1
6683,0,5100,16925,984,4290,17148,-8
6684,0,-17654,-59719,-15300,-53094,-32543,1
6685,0,18526,-30353,63337,-15242,32128,-8
6686,0,-9865,54558,22747,-52950,16438,-10
6687,0,-15609,-18283,8251,-7370,-22882,9
6688,0,-20198,4155,-60919,20618,375,5
6689,0,58573,-42096,-61486,-65536,30023,6
6690,0,-2287,-12258,65472,2319,12252,-9
6691,0,-33637,8906,-7776,-28086,20541,-2
6692,0,63800,54966,5756,46425,65535,4
6693,0,-58313,-40873,-47213,5771,65535,1
6694,0,-19835,53673,33406,-53034,-21486,-7
6695,0,38999,-8505,-59693,-39832,-2590,9
6696,0,47077,-2514,14760,37423,28673,9
6697,0,5569,-29067,17235,25154,-15594,-8
6698,0,20223,22223,-34677,20285,-22166,-3
6699,0,2632,60275,-10506,31379,51530,-6
6700,0,27683,5506,22772,7871,27106,-5
6701,0,-9085,6680,2364,-9785,5605,-10
6702,0,6607,-16991,11712,14644,-10858,-10
6703,0,-46062,-63322,-13958,-65536,-21091,2
6704,0,-17273,-27854,60797,23097,23253,-5
6705,0,-35506,-643,39714,12201,-33350,8
6706,0,-48526,-46356,-63227,43098,51441,-4
6707,0,-55962,34446,30759,-39664,-52393,-1
6708,0,60637,25319,-3272,63847,15542,-2
6709,0,-59592,59416,-15424,-3998,65535,-1
6710,0,12818,666,8784,11424,5851,-8
6711,0,19660,41501,63795,-23055,-39716,2
6712,0,-54943,-22857,47350,52859,-27334,-6
6713,0,29821,26974,15716,3312,40074,7
6714,0,51489,45716,62746,-57110,-38465,-8
6715,0,-39662,-25226,-54519,21563,41767,8
6716,0,6971,5689,12111,2710,8580,5
6717,0,2426,2332,35129,-2590,2148,7
6718,0,11377,30478,64220,-13278,-29699,2
6719,0,-21126,30857,-7653,-8655,36381,-2
6720,0,29877,583,-63589,-29693,-3364,1
6721,0,-44884,31141,-15877,-11036,53503,-6
6722,0,-45620,10322,-16719,-24332,39946,-6
6723,0,-34609,-9153,8121,-28547,-21601,2
6724,0,17419,-48903,-63639,-21808,47110,-9
6725,0,-16782,31847,-40974,35847,3302,-5
6726,0,24608,-50174,-19782,-26423,-49243,4
6727,0,-50409,1943,-40941,21061,45840,8
6728,0,42276,-35361,-33215,-36248,-41518,-5
6729,0,-37450,-47341,36773,53615,-27732,1
6730,0,-21924,21794,-180,-21738,21980,-3
6731,0,30399,-18931,36482,13241,33274,-4
6732,0,-45788,-16602,-30019,-22458,43218,8
6733,0,36736,54324,-42893,30889,-57849,8
6734,0,40200,-44920,46437,11105,59250,-5
6735,0,271,-4857,5572,1543,-4613,3
6736,0,23296,-58484,-50530,-56072,28618,-10
6737,0,33650,4123,-27723,12054,-31686,5
6738,0,138,43935,52360,-26069,-35365,9
6739,0,3946,30198,-38980,27706,-12644,9
6740,0,21589,52842,54343,-45566,-34382,-1
6741,0,-44136,30653,26958,-41612,-34001,3
6742,0,-47433,-52646,23235,26284,-65536,10
6743,0,-1088,-12394,6805,2936,-12090,9
6744,0,-18652,29273,-8379,-5715,34237,5
6745,0,23774,59260,-17855,60335,20897,-1
6746,0,-32833,1481,28449,-8210,-31825,8
6747,0,-21442,-46715,36642,49875,-12430,-7
6748,0,-56808,32164,-60844,62552,-18680,-1
6749,0,-15992,18670,38505,-13631,-20458,5
6750,0,-64079,-46319,-45093,-2752,65535,5
6751,0,-39264,-46952,-50281,-2146,61168,-5
6752,0,-40355,-27738,39763,39479,-28971,-4
6753,0,-4806,36476,-51351,26671,-25343,1
6754,0,13098,-5240,-45824,-11922,-7541,8
6755,0,-28602,5903,-10987,-21757,19482,2
6756,0,25637,18004,-13671,31298,-1355,3
6757,0,8690,-23156,-44972,-24103,5547,4
6758,0,10851,-49291,-40252,-49961,7157,4
6759,0,-37607,-20510,-33875,-18474,38648,7
6760,0,-16119,60722,64903,14293,-61178,-8
6761,0,45190,-62019,-12655,1764,-65536,1
6762,0,-24027,-14554,-56617,15835,23203,5
6763,0,-3675,11342,50962,-4478,-11050,-6
6764,0,16117,63125,44252,-62236,-19267,7
6765,0,37607,63984,29385,-57051,47470,9
6766,0,-16844,-50186,56229,36834,38021,-9
6767,0,-18491,-10824,-14090,-21200,3106,-8
6768,0,-54955,20670,-16083,-25033,53110,-8
6769,0,-15362,-19917,-59900,9496,23292,6
6770,0,49624,-10542,-60187,-50676,-2379,4
6771,0,12759,-6064,-49578,-13405,-4458,5
6772,0,-64328,-20334,44755,52025,-42952,3
6773,0,-62615,9784,11272,-58726,-23826,-2
6774,0,23222,44098,44466,-49694,-3796,-4
6775,0,39711,-19716,49793,-15411,41572,6
6776,0,21673,-60806,-23816,-46269,-45014,-3
6777,0,62891,39361,19770,4751,65535,5
6778,0,11584,46867,-11340,34146,34128,-5
6779,0,-43322,16858,-15732,-20040,41945,-3
6780,0,-4420,-4592,-40096,-2791,5730,-3
6781,0,-52917,-63958,-32940,-63506,53459,5
6782,0,-36996,-40332,-17078,-54727,-534,2
6783,0,-38604,-12716,-7340,-40621,1379,6
6784,0,-38811,-28708,-8187,-46836,-11696,-6
6785,0,-30599,21000,-16493,-6603,36520,-4
6786,0,38871,47956,16168,-5814,61457,-9
6787,0,-22470,-44243,3871,-13944,-47623,10
6788,0,-8694,19354,-17171,8271,19538,-10
6789,0,-50200,15851,-37287,26250,45631,-9
6790,0,25359,-25542,-61564,-29726,20294,9
6791,0,2265,-51206,-33740,-51256,121,-1
6792,0,16930,-58270,3381,26088,-54786,9
6793,0,51361,22873,52863,-55226,10547,4
6794,0,875,-10820,40278,9818,4630,1
6795,0,-29976,31214,-4021,-23436,36382,3
6796,0,-25747,-56475,-31258,-58180,21621,9
6797,0,-41130,-14761,-45608,11695,42105,0
6798,0,18709,-45476,-10078,-4544,-48964,-6
6799,0,38891,-14289,-41674,-29121,-29473,8
6800,0,23439,-50995,-61618,-32557,45716,-4
6801,0,38980,-40031,25617,50794,23279,-9
6802,0,61489,41935,58147,-65536,-18013,-3
6803,0,35282,-35484,53116,-9330,49162,-8
6804,0,-2173,44888,60499,-8629,-44104,3
6805,0,28972,38123,64127,-31462,-36095,-10
6806,0,-3185,-28647,-61599,-2253,28735,-5
6807,0,14648,-4863,-62581,-15189,2739,-10
6808,0,19262,-44982,16078,45153,-18858,3
6809,0,-52556,55263,27265,-65536,-36313,5
6810,0,-4215,-3550,-45335,-535,5485,8
6811,0,-7810,-49070,-19029,-43590,-23848,3
6812,0,49115,30189,3185,43946,37316,-4
6813,0,25768,-13776,11089,29195,1188,-1
6814,0,18336,-53210,-38034,-56103,-4471,-2
6815,0,18779,-5231,-17992,8240,-17667,4
6816,0,-31766,-33190,38680,40752,-21212,-3
6817,0,7726,12995,22240,-7644,13044,-8
6818,0,-46457,13964,-9170,-36084,32422,9
6819,0,-35239,48375,-32766,48385,35225,8
6820,0,20902,-56415,-7026,1102,-60153,-6
6821,0,-22338,40246,56956,4367,-45822,8
6822,0,34374,55253,4503,21721,61341,-7
6823,0,-11804,-26003,19654,14102,-24832,-10
6824,0,-2134,-13798,56701,7615,11703,-3
6825,0,65057,-29412,-48459,-65536,-27418,-3
6826,0,-20183,-27221,31447,25893,-21861,-3
6827,0,-62470,-43286,-9453,-65536,-11539,8
6828,0,-9530,-3318,-63656,9192,4165,-5
6829,0,-40659,32111,40335,-15588,-49409,-3
6830,0,33552,-19398,-33109,-19942,-33232,-1
6831,0,-57083,36085,-20420,-1913,65535,-3
6832,0,-37949,-44511,-24996,-55273,19139,-2
6833,0,43702,-59275,29904,64697,35181,-1
6834,0,-656,-32276,42625,29044,14093,9
6835,0,55435,33649,31616,-30531,57212,3
6836,0,1953,7989,1853,1240,8130,8
6837,0,-59877,-24057,-60882,53073,36705,1
6838,0,-35884,-11829,31664,9897,-36464,10
6839,0,-6726,5387,53986,2885,-8120,9
6840,0,-5708,-7016,9107,-2210,-8770,10
6841,0,62512,-19662,-5429,55352,-35079,-2
6842,0,-16095,19487,-23641,10842,22831,9
6843,0,-16327,46644,-57323,32986,-36799,-8
6844,0,55763,-25102,13403,59681,13335,-7
6845,0,-54849,-36645,-45463,1297,65535,2
6846,0,-6577,51279,41299,-44440,-26417,4
6847,0,-26352,-40391,59971,36074,32009,4
6848,0,-4730,-62799,7082,16449,-60791,1
6849,0,-58190,2200,4964,-57072,-11562,6
6850,0,17381,12248,29676,-9551,18997,-5
6851,0,36537,-36124,-65341,-36878,35776,-3
6852,0,-62466,-61177,-18826,-65536,11128,3
6853,0,-14995,53029,37895,-47795,-27433,6
6854,0,-7425,-55079,23074,45924,-31302,-9
6855,0,61209,25733,-36891,13204,-65072,3
6856,0,-36055,42754,61098,26238,-49391,-10
6857,0,-18919,-63625,58955,37743,54604,6
6858,0,-47883,-25641,-50080,18004,51246,-8
6859,0,-15722,16410,63258,13845,-18022,-6
6860,0,36852,-49353,10408,55962,-25730,10
6861,0,-16209,-13600,30487,11757,-17592,-9
6862,0,-64324,22088,30091,-30147,-60964,3
6863,0,-59082,-61889,35758,65535,-49652,5
6864,0,46900,-5616,44612,-20480,42564,3
6865,0,-18303,-62835,-6762,-37345,-53746,-7
6866,0,-41883,-51492,-38152,-39092,53642,2
6867,0,-21862,40452,-64289,24258,-39063,-10
6868,0,42268,3677,-801,42379,2037,7
6869,0,-20827,-6474,43488,15878,-14952,-4
6870,0,12205,29070,-63718,-9620,-30025,-6
6871,0,37820,62526,-46161,27441,-65536,-4
6872,0,16834,-31246,-65297,-17190,31052,1
6873,0,54980,12679,64997,-55292,-11242,5
6874,0,-4851,-14978,7777,935,-15716,3
6875,0,39900,-12867,-64614,-40434,11075,-9
6876,0,20368,6904,30412,-4567,21016,-2
6877,0,-45866,31541,-51272,55480,4527,-1
6878,0,52552,57373,-25901,65535,-31148,-10
6879,0,-61273,46158,-36300,55831,52611,3
6880,0,-10854,-20335,-8391,-17944,-14469,-7
6881,0,1274,-12842,41683,11159,6482,1
6882,0,52045,54773,-39296,36096,-65536,-2
6883,0,54669,-7653,29813,15319,53034,10
6884,0,36844,48898,-51900,479,-61223,2
6885,0,-60413,5985,-8814,-52649,30227,-2
6886,0,37498,-44498,4209,45647,-36091,5
6887,0,49486,-64394,-7883,22264,-65536,-8
6888,0,-6932,27472,-48168,24983,-13364,3
6889,0,62587,-27043,-14056,32019,-60193,5
6890,0,53200,-51160,23038,65535,24524,-4
6891,0,-7748,45637,-3711,466,46288,7
6892,0,29191,62390,40250,-65536,5412,-6
6893,0,-56712,-56648,-26851,-65536,38599,2
6894,0,-10636,-23425,53365,21779,13694,-4
6895,0,-30604,30335,-55158,41371,-12054,0
6896,0,24071,34507,18909,-12329,40226,-1
6897,0,-64835,-15419,42803,43660,-50350,4
6898,0,4859,-23732,-25632,-20724,-12544,-6
6899,0,52753,49416,3926,42587,58405,4
6900,0,-28793,48840,-38948,55118,13281,0
6901,0,-49815,49315,-58859,62790,-31161,8
6902,0,59690,14211,-34268,9883,-60557,1
6903,0,25024,40468,-36166,35883,-31246,-6
6904,0,-55485,48228,59977,40797,-61156,10
6905,0,20430,5415,54606,-20399,5530,-3
6906,0,-43271,-29234,45779,48995,-18070,8
6907,0,-50650,25157,-49701,54063,16598,5
6908,0,-15529,24881,-3623,-11004,27187,-7
6909,0,-47388,-57151,-29979,-62944,39369,7
6910,0,-31853,281,-62335,31520,4603,-8
6911,0,58708,25253,-33711,22551,-59798,8
6912,0,53497,25543,-28598,35649,-47366,3
6913,0,-16001,-38468,53008,34946,22685,6
6914,0,40657,-22544,2557,43109,-17403,-1
6915,0,38030,-24025,-45278,-41299,-17828,4
6916,0,31292,-10645,-61492,-32757,4417,0
6917,0,-22785,-27379,24321,16191,-31727,-2
6918,0,-57749,32388,-61270,63123,-19987,1
6919,0,60966,48340,-20786,65535,-24912,-2
6920,0,-39972,57190,-11186,-5123,65535,6
6921,0,-58676,47408,6925,-65536,25721,7
6922,0,-51465,-57594,16980,6529,-65536,2
6923,0,27177,-50103,55060,305,56999,4
6924,0,-11280,50756,-56307,31939,-41028,-8
6925,0,-25472,-60206,-49166,-24491,60611,10
6926,0,-29437,-9117,-43496,6536,30115,-4
6927,0,-12266,37732,52075,-12911,-37516,10
6928,0,-8033,-38541,59272,19069,34443,-3
6929,0,60735,-57557,59158,-40574,65535,6
6930,0,-58409,-3232,764,-58251,-5379,-4
6931,0,25591,-3309,-18,25589,-3327,-4
6932,0,4381,-28872,-13805,-14276,-25475,-8
6933,0,-56268,-36853,44984,61802,-26548,8
6934,0,50426,-55791,-19241,-13995,-65536,-5
6935,0,-17583,25095,-64892,18351,-24539,-1
6936,0,2519,-6964,5215,4166,-6123,-8
6937,0,-26517,36185,-5289,-16603,41676,-5
6938,0,62527,20690,-9804,65116,-9880,3
6939,0,34515,-36150,28133,42864,25706,-3
6940,0,-27332,-6655,52946,26278,-10039,5
6941,0,-6607,-2427,-3453,-6917,-1305,1
6942,0,13614,-24484,-61069,-18508,21030,-2
6943,0,8594,-33337,-15916,-16821,-30038,-4
6944,0,53322,3370,47474,-37128,38420,-4
6945,0,58534,-58445,-15125,5080,-65536,-7
6946,0,-51045,5859,17483,-38492,-34034,-4
6947,0,-12607,-49150,-9244,-32450,-39009,-7
6948,0,-11734,-50966,-56923,-9691,51394,5
6949,0,-63046,23554,-18135,-22681,63366,4
6950,0,64288,-5432,-32873,-5727,-64262,-9
6951,0,60039,-6208,38616,-10663,59410,-6
6952,0,21193,48815,8665,-319,53216,-4
6953,0,26171,-6509,63463,-25398,9068,-4
6954,0,-49684,-54065,-59330,31672,65535,6
6955,0,-590,5276,64996,452,-5290,4
6956,0,-20622,53360,6095,-35125,45153,-4
6957,0,-27623,-247,53918,23578,-14394,2
6958,0,-54578,-112,-33727,2375,54527,-8
6959,0,1021,46188,-56755,17921,-42582,10
6960,0,52100,32157,-16737,59334,-15099,-3
6961,0,-12145,-23575,-23124,-26517,355,0
6962,0,-7400,28173,-59613,14987,-24978,8
6963,0,3,24961,40639,-23204,-9198,-4
6964,0,-24039,31738,-24018,19195,34882,-1
6965,0,13128,-53524,-28605,-49855,-23487,-4
6966,0,-15285,22685,14984,-26435,7032,9
6967,0,-2248,-20583,-5476,-7504,-19297,-9
6968,0,44480,-2252,-18127,27012,-35410,-8
6969,0,-47525,-47359,2324,-41942,-52368,-9
6970,0,11010,58822,64052,-15154,-57893,-3
6971,0,-58182,-15927,-31274,-20068,56886,-7
6972,0,-52134,-48947,17083,131,-65536,3
6973,0,-121,64865,-51105,41457,-49887,6
6974,0,-6083,-27913,-54209,-9224,27038,-8
6975,0,26808,-27147,20304,37528,6876,9
6976,0,48782,-51187,-51803,-65536,10637,-3
6977,0,-52393,12503,-57194,53126,8885,-2
6978,0,-53813,-48124,-20103,-65536,16771,9
6979,0,42158,60203,-2620,49364,54451,-1
6980,0,-55845,61571,2131,-61830,55559,1
6981,0,-7163,9182,-33341,9373,6912,-9
6982,0,-21057,-30944,51539,35733,11138,3
6983,0,-39015,-60020,-37066,-50749,50489,8
6984,0,1581,52262,29677,-51458,9269,-4
6985,0,40549,29824,-23878,43923,-24586,-4
6986,0,-43586,-43325,21081,13558,-59942,-6
6987,0,-16913,4096,-42471,11249,13278,3
6988,0,21379,64202,-33440,63487,-23417,-6
6989,0,-31762,58551,13623,-60790,27233,10
6990,0,38040,9234,982,37558,11032,-10
6991,0,58000,55057,-42228,24079,-65536,1
6992,0,-26118,23226,-61820,29822,-18227,-2
6993,0,-5141,29294,-52958,20843,-21216,3
6994,0,-34257,45372,64593,32154,-46886,8
6995,0,7849,64932,49704,-50375,-41715,-2
6996,0,-21424,4491,50078,12769,-17779,6
6997,0,-30847,33855,40270,-20821,-40795,-7
6998,0,-17647,63132,24037,-64855,9534,0
6999,0,32424,-62709,-63879,-37310,59931,-4
7000,0,-29619,-60227,-39697,-47255,47660,9
7001,0,38253,20799,-23533,35183,-25652,-2
7002,0,-3123,-39061,-54801,-16522,35532,-9
7003,0,9819,30589,-49765,13839,-28993,2
7004,0,-25476,28640,41847,-15233,-35174,2
7005,0,46125,-28292,-50171,-53175,-10019,3
7006,0,-44463,-53723,17840,11352,-65536,7
7007,0,35803,-34783,-40667,-45551,-20416,-3
7008,0,-34228,44693,-60504,43926,-35206,-8
7009,0,-42099,-49602,5724,-27062,-59164,-8
7010,0,-58662,-55511,-52305,14377,65535,5
7011,0,28183,49180,-4037,37130,42829,7
7012,0,35790,218,-47960,-23668,-26848,7
7013,0,-9850,14083,28269,-15862,-6615,-9
7014,0,10662,-24954,59281,-2807,26991,6
7015,0,20954,43181,20769,-24823,41079,5
7016,0,48454,-51202,36239,42462,56271,-3
7017,0,-9495,-26386,-43211,-18595,20991,-4
7018,0,12853,1556,31095,-516,12936,9
7019,0,40709,55759,-65424,-40398,-55985,-4
7020,0,11429,65011,40966,-64430,-14347,-3
7021,0,61469,-32050,-5127,51837,-46028,-6
7022,0,-39711,41467,19236,-57035,-6594,0
7023,0,-46321,5167,19202,-32168,-33728,7
7024,0,-34422,-16838,14421,-15777,-34921,-4
7025,0,-26379,18380,33185,-17844,-26745,-4
7026,0,25342,-63624,50020,24458,63969,9
7027,0,-43259,47615,-52867,62701,-14391,-8
7028,0,33305,6150,49931,-28595,18149,2
7029,0,-56423,-10673,-57280,47938,31614,-6
7030,0,-55999,-2878,-55941,48890,27458,-9
7031,0,-15186,-55894,-36282,-52556,24344,1
7032,0,-8445,51209,37860,-47642,-20591,-9
7033,0,51775,-8340,-25009,11032,-51269,6
7034,0,-3322,-33420,21574,27026,-19938,-2
7035,0,-26311,44130,-64714,28043,-43050,-7
7036,0,21088,-57972,3481,30406,-53675,7
7037,0,52891,19884,-51255,-28389,-48856,-5
7038,0,-43685,1454,-49245,32040,29732,-8
7039,0,50871,-24229,-31761,-21733,-51986,-5
7040,0,12204,-7821,9255,14380,-1824,-2
7041,0,-48327,8805,-47008,37325,31935,5
7042,0,-552,35662,-56080,16121,-31815,-5
7043,0,-62798,20937,34877,-14491,-64591,0
7044,0,13619,37032,-27966,39161,-4823,7
7045,0,38538,31808,-32504,32284,-38141,5
7046,0,9935,18516,53981,-18191,-10518,4
7047,0,37528,14949,-65449,-37459,-15121,-9
7048,0,-36311,-22539,-19294,-39853,15436,3
7049,0,-53068,14628,-17302,-25045,49020,2
7050,0,-25856,11880,61026,22706,-17150,0
7051,0,2620,2946,-65042,-2548,-3008,-9
7052,0,-6668,-41259,-6719,-19377,-37031,-5
7053,0,36673,-16992,-32438,-16392,-36945,-10
7054,0,53997,38807,-60869,-44027,-49832,-6
7055,0,-62730,51303,54989,30059,-65536,-7
7056,0,49614,40844,-33245,39686,-50545,5
7057,0,54127,45516,52252,-65536,-4399,3
7058,0,51644,-1280,-21819,24768,-45335,1
7059,0,36166,-9838,49614,-19348,32100,-10
7060,0,-18201,11674,-12004,-8916,19699,0
7061,0,46202,42522,-62169,-38756,-49404,-5
7062,0,-20042,-10043,-55177,12838,18377,2
7063,0,22873,-51555,27938,55431,10417,6
7064,0,-39729,31663,-22679,9549,49898,-4
7065,0,57452,-33328,-39268,-49349,-44454,6
7066,0,49438,-53516,-32940,-53934,-48982,5
7067,0,48433,-27397,14253,54861,9308,8
7068,0,25290,49502,50027,-52118,-19333,-4
7069,0,-61100,-21726,50893,60677,-22881,6
7070,0,41464,-29953,41096,11492,49844,5
7071,0,-25692,63262,-55366,52342,-43847,-4
7072,0,-43201,-34781,-12626,-55318,-3996,10
7073,0,-30886,59627,61547,19008,-64405,-6
7074,0,42568,43581,45678,-60188,9418,9
7075,0,-10731,-57650,-53962,-21262,54650,-5
7076,0,-39946,-53011,7768,-17905,-63916,-6
7077,0,22327,51914,-36578,47011,-31362,-10
7078,0,-11376,25515,-18615,12737,24864,10
7079,0,62488,32534,19193,11961,65535,-2
7080,0,-35247,42185,22041,-54064,-9948,-3
7081,0,-50147,-48410,13142,-11991,-65536,-3
7082,0,-5747,46661,55293,-16917,-43865,-8
7083,0,-62658,-13149,-49036,34684,53814,-10
7084,0,44655,-21665,62019,-40390,28846,-2
7085,0,36578,51292,-45433,21283,-59295,-9
7086,0,56376,-63942,-58810,-65536,42753,-9
7087,0,45719,-17468,36709,8568,48187,-1
7088,0,28994,5391,-574,29129,4605,-10
7089,0,37774,51874,-56358,-12081,-63023,-1
7090,0,-13257,53929,-48168,48807,-26494,3
7091,0,17107,-36529,-13909,-9166,-39281,10
7092,0,11002,57623,6208,-6356,58319,8
7093,0,58357,57884,47581,-65536,6520,1
7094,0,55548,-61668,47958,9025,65535,-9
7095,0,-54016,-53449,15308,-4343,-65536,7
7096,0,38843,20165,5921,31650,30227,6
7097,0,-29509,-64373,17676,28697,-64739,5
7098,0,-57102,36408,31455,-39940,-54690,5
7099,0,34223,-22874,38536,12654,39170,-5
7100,0,-423,28926,-33529,28922,-641,7
7101,0,-62595,-22105,-61801,57652,32910,-4
7102,0,-46832,62497,56801,17391,-65536,-4
7103,0,36534,-12889,-7007,30253,-24200,-8
7104,0,45983,-11526,-46023,-36555,-30183,-8
7105,0,11570,-12318,-25769,-7821,-14981,0
7106,0,-59510,-913,36152,10536,-58577,-8
7107,0,3547,-58342,13477,37943,-44460,6
7108,0,-25242,-52471,-40758,-39220,43036,7
7109,0,-42564,24691,-18517,-7703,48600,6
7110,0,-63623,-58923,-2288,-65536,-51589,5
7111,0,12556,-28740,-55550,-24387,19720,-5
7112,0,43523,52212,-25922,63443,-24400,10
7113,0,-49255,65345,-16781,12892,65535,-6
7114,0,32390,-18122,-65384,-32525,17878,-5
7115,0,-17934,64415,-64838,20105,-63771,-9
7116,0,46457,49912,26271,-33249,59531,9
7117,0,-58927,5582,3248,-59080,-3629,-2
7118,0,-3050,-59668,20830,48501,-34889,5
7119,0,-35846,-27987,-37106,-19966,40861,9
7120,0,42746,24462,40639,-38496,30719,-4
7121,0,29290,-62372,-36092,-65536,-18999,7
7122,0,-21080,-23062,-18967,-31147,2471,4
7123,0,-54668,1155,-335,-54642,2045,5
7124,0,7337,-55785,-6704,-10674,-55244,6
7125,0,-19940,54165,56132,-5640,-57443,-4
7126,0,-15624,2117,13260,-13827,-7577,-7
7127,0,56351,20055,24541,3120,59732,-6
7128,0,-58189,60285,-28397,46875,65535,4
7129,0,48651,-60526,-26666,-43937,-64030,3
7130,0,31877,-12175,16659,30968,14331,7
7131,0,53283,-15960,-65164,-53565,14985,-9
7132,0,54788,-11927,-213,54660,-12499,5
7133,0,1497,22658,-56405,8256,-21154,-7
7134,0,-14912,20819,-8998,-4845,25146,-3
7135,0,56361,12236,-15801,49345,-29855,9
7136,0,63523,50336,-35438,41783,-65536,10
7137,0,58351,20710,-35194,13772,-60366,9
7138,0,-63308,65274,53710,18372,-65536,-5
7139,0,-25954,-30174,12884,-3692,-39629,4
7140,0,-29348,-17288,-30940,-19785,27726,4
7141,0,-50120,50856,39003,-33825,-62883,-6
7142,0,-2225,11027,10850,-7409,8464,4
7143,0,62423,56069,-8827,65535,25471,5
7144,0,-3273,9401,-27832,8371,5386,-2
7145,0,53921,-49586,-33355,-51077,-52511,-3
7146,0,-130,-17536,25965,16572,-5735,-7
7147,0,-58360,3856,-46430,38588,43951,-8
7148,0,52706,62417,-3262,61805,53423,8
7149,0,2610,45145,-53226,22952,-38963,0
7150,0,-54806,47606,-23154,18232,65535,-10
7151,0,-59629,-33738,46527,63197,-26458,3
7152,0,50798,49104,-57444,-28428,-64680,-7
7153,0,-61719,-54157,-40629,-27668,65535,-6
7154,0,-4425,2493,-34734,2899,4171,1
7155,0,60941,534,56461,-55488,25204,2
7156,0,12097,-16863,46956,5507,20009,4
7157,0,-7647,-3895,2039,-7228,-4626,-9
7158,0,26165,-61965,-59567,-42609,52046,-7
7159,0,-47966,53750,22596,-65536,-17186,2
7160,0,-53340,-12710,16862,-27666,-47342,6
7161,0,8713,-29604,13682,24953,-18157,8
7162,0,-42255,33018,-52602,53576,-2301,-7
7163,0,-46860,33869,7317,-55651,15683,-8
7164,0,-36352,-13666,18102,-13084,-36565,4
7165,0,-58273,8899,-10685,-46437,36312,-2
7166,0,-52300,-34319,-60734,43105,45333,7
7167,0,16438,38416,-44452,23818,-34332,-3
7168,0,-65492,-762,62353,64844,-9219,6
7169,0,12987,-45233,28075,46990,2569,0
7170,0,-23533,-24835,-36347,-20457,27424,-3
7171,0,63275,56050,-49650,-7099,-65536,-6
7172,0,-20077,8401,14151,-20906,-6049,8
7173,0,30315,43770,-8022,44515,29210,-4
7174,0,33130,-14261,-5882,27862,-22906,-8
7175,0,-51541,-36840,49178,62507,-10324,2
7176,0,-15086,16336,-3275,-12351,18491,-5
7177,0,-4884,-64204,48701,49749,40878,1
7178,0,26127,-12139,-7983,19711,-21012,-6
7179,0,-38110,28746,-17426,-4253,47546,0
7180,0,-20161,-20827,17046,1381,-28954,7
7181,0,-49473,-28702,37996,40065,-40819,5
7182,0,-29351,-52377,-36712,-45931,38668,-2
7183,0,-47649,14925,12624,-47684,-14813,9
7184,0,-33466,-64703,-50657,-17008,65535,6
7185,0,-12358,-44813,4511,-2457,-46421,1
7186,0,43012,10247,11055,31941,30575,5
7187,0,-11360,-64925,13649,30514,-58423,-5
7188,0,-19127,45892,45923,-25767,-42520,-10
7189,0,-36198,40790,-35593,45300,30365,-3
7190,0,-63085,-25207,-57528,49031,47022,-10
7191,0,19006,-8932,39366,2568,20843,-10
7192,0,421,-4683,-26186,-4321,-1855,-5
7193,0,-24377,27460,40970,-16027,-33037,1
7194,0,44162,37414,-42637,13184,-56358,0
7195,0,-58452,-12120,-38848,5182,59470,-2
7196,0,-1235,-15590,59444,5675,14573,7
7197,0,53721,31990,64375,-55409,-28969,-6
7198,0,-56899,-43646,35891,51655,-49741,-5
7199,0,7281,-58895,-30300,-57619,-14204,-8
7200,0,63488,-46092,43635,8384,65535,1
7201,0,40475,-20277,-3567,36423,-26884,9
7202,0,-50428,34082,46334,3424,-60769,-7
7203,0,-35706,25642,60673,28828,-33188,-7
7204,0,50392,-48363,-64747,-52183,46425,1
7205,0,-50294,-1707,-55920,44276,23917,-8
7206,0,631,10094,-53294,5067,-8753,-7
7207,0,-2332,-9076,22861,7005,-6225,2
7208,0,41804,1759,-39870,-12299,-39992,-1
7209,0,-41058,30565,-49467,50750,6669,-6
7210,0,-42412,7384,-15278,-26595,33853,3
7211,0,-38848,1102,-4411,-37753,9225,-3
7212,0,32126,-40692,52421,-2029,51805,9
7213,0,1662,-60370,40081,56136,22272,8
7214,0,10796,3982,1159,10559,4573,4
7215,0,-22951,31588,-48936,38624,-5724,9
7216,0,37900,26964,-2998,41379,21243,7
7217,0,-62849,-9271,11959,-47763,-41888,-5
7218,0,55842,-36114,20543,60977,26541,3
7219,0,-61537,-51712,-42389,-18912,65535,3
7220,0,49470,12198,62104,-50800,-3928,1
7221,0,-26066,-52945,18385,24258,-53797,4
7222,0,4028,-1883,-52239,-4358,-882,10
7223,0,6109,-64212,-35364,-64474,1916,2
7224,0,-15768,61341,61291,3046,-63262,0
7225,0,1213,31199,21033,-25738,17675,7
7226,0,7731,-17028,-59831,-12047,14303,-6
7227,0,33896,-49239,36482,42449,42089,-4
7228,0,-14155,-40289,21190,26780,-33262,1
7229,0,48358,-14850,-8139,39075,-32128,1
7230,0,-45127,13402,-24656,-4725,46838,-7
7231,0,53663,-52845,62976,-46798,59011,-2
7232,0,-5252,65517,41251,-58092,-30747,-3
7233,0,-22135,54597,-57290,41444,-41872,4
7234,0,-45113,32711,36829,-23357,-50593,-4
7235,0,-20706,-2199,41423,10354,-18066,6
7236,0,-18963,52436,9169,-39491,39364,-10
7237,0,-6407,-5847,64728,6629,5594,0
7238,0,41375,2148,22183,18221,37209,-4
7239,0,59748,-24464,-31912,-22012,-60694,7
7240,0,-62692,38365,-25036,13049,65535,-1
7241,0,52127,50742,-50852,-6876,-65536,-6
7242,0,-53106,-14149,34834,19337,-51444,-3
7243,0,3120,-13518,16228,11713,-7435,-10
7244,0,33590,64583,2259,26436,65535,7
7245,0,50457,-5156,-6133,46792,-19570,6
7246,0,-10299,-9144,57338,13016,4501,3
7247,0,38920,61384,-20000,65535,3379,10
7248,0,-18228,6476,-4055,-16629,9883,10
7249,0,-41580,-50226,39622,60960,-23140,-3
7250,0,60875,48387,-52813,-22204,-65536,6
7251,0,4243,37382,-63472,-521,-37618,-5
7252,0,30716,14852,48353,-31769,12441,-1
7253,0,62160,-49983,-46594,-65536,-18279,-9
7254,0,-43470,22277,56219,29581,-38870,1
7255,0,8394,37680,57520,-21910,-31784,2
7256,0,-6685,-36459,-23114,-35613,-10279,10
7257,0,-18291,-50189,-53626,-11714,52118,8
7258,0,34145,-28054,-56422,-42810,10964,-4
7259,0,29013,-26783,-44511,-38133,-10245,-1
7260,0,-56516,-44355,753,-54891,-46351,6
7261,0,65175,-32171,8536,65535,-3616,9
7262,0,57814,-62394,42988,27870,65535,5
7263,0,-15687,-18278,35793,20353,-12880,-1
7264,0,-51198,13131,-54131,50569,15378,9
7265,0,4845,25629,41572,-25362,-6088,-8
7266,0,21232,-47686,829,23109,-46805,0
7267,0,48157,-51795,-34019,-54600,-44952,6
7268,0,-22255,-57237,12455,13767,-59848,2
7269,0,18866,52739,19564,-31358,46411,2
7270,0,3123,-9036,12407,7651,-5733,-5
7271,0,2519,39789,-35424,39146,-7558,3
7272,0,-41370,2139,-6184,-38943,14123,-4
7273,0,-23695,29862,-4766,-16301,34460,9
7274,0,-21835,-38519,24691,27420,-34765,2
7275,0,-43887,-36187,55781,55482,12542,-9
7276,0,2101,-19474,64921,-1517,19528,10
7277,0,-4823,-39285,-21034,-35798,-16885,-8
7278,0,-38687,8609,25372,-21489,-33302,-10
7279,0,-10941,353,22998,-5252,-9604,-3
7280,0,-48978,62478,223,-49628,61963,5
7281,0,29634,-21073,52536,-11761,34409,3
7282,0,52901,27211,-9810,59489,294,-3
7283,0,-18026,-26728,57745,26538,18305,3
7284,0,61139,13888,-40558,-9385,-61990,4
7285,0,-35482,-2216,37661,10408,-33993,-4
7286,0,35126,24665,63313,-37559,-20773,9
7287,0,-26653,-43257,12292,1875,-50774,2
7288,0,45322,33229,-26561,45045,-33603,7
7289,0,-33421,61555,-48632,65535,-18237,7
7290,0,-46837,-62057,23492,35870,-65536,2
7291,0,34397,15602,12015,20335,31829,-10
7292,0,12559,-31849,5681,20676,-27287,-10
7293,0,26169,55984,1416,22302,57634,-4
7294,0,-21621,614,-60461,21131,4618,-5
7295,0,65519,-35978,3102,65535,-25856,-5
7296,0,35213,18443,21178,2922,39643,10
7297,0,-16352,-39983,-35867,-37113,22104,8
7298,0,5676,65470,65133,-6933,-65349,-2
7299,0,-6073,-23084,18580,14132,-19236,-4
7300,0,14476,1230,7893,12997,6492,-3
7301,0,-15574,-30935,-41649,-21752,26952,-8
7302,0,-21045,49013,-40169,53272,2693,6
7303,0,9229,-25120,-58570,-16946,20714,7
7304,0,-21508,31900,54777,2968,-38359,5
7305,0,41202,14164,27650,-3726,43409,3
7306,0,-19058,64439,34986,-62061,-25769,7
7307,0,41594,-22327,-2583,38525,-27284,-5
7308,0,-47285,26157,-44306,47098,26493,1
7309,0,-61444,-23163,43243,49886,-42700,-5
7310,0,-53303,58236,42175,-29209,-65536,7
7311,0,-43774,60034,33724,-57977,-46464,5
7312,0,8960,-6920,32428,7065,8846,0
7313,0,-14468,13345,43667,-4338,-19199,-8
7314,0,-19480,16631,32753,-16644,-19469,-1
7315,0,-53057,14206,18353,-44750,-31847,-7
7316,0,-60277,-3795,-8506,-56840,20420,1
7317,0,12935,-6412,-46460,-12974,-6333,3
7318,0,-36168,-42008,45572,55171,-5385,5
7319,0,-8625,-20466,14169,6140,-21344,6
7320,0,-55516,6076,50136,36968,-41861,3
7321,0,-23745,-27690,44566,36105,-5200,-5
7322,0,-12352,38717,-25609,32299,24665,-3
7323,0,11764,-31721,61970,-6181,33263,10
7324,0,38954,25628,6897,28524,36887,-1
7325,0,-40602,-36069,12318,-13665,-52562,8
7326,0,-9433,-13650,50776,16039,4249,-9
7327,0,15710,-32500,33543,31900,16895,7
7328,0,32927,55848,30907,-52685,37782,4
7329,0,-33705,-6164,-62848,32638,10431,8
7330,0,18411,-26978,32288,27397,17782,2
7331,0,1557,44209,11338,-21524,38647,3
7332,0,24476,35338,26564,-26620,33752,-4
7333,0,-22594,2438,-39839,9822,20493,10
7334,0,26874,21918,-59063,-18909,-29070,8
7335,0,-60353,-63684,57937,65535,38037,-9
7336,0,-23182,-9304,-5942,-24862,-2422,-6
7337,0,42832,-59518,-24580,-38631,-62327,7
7338,0,-55079,20871,19018,-50240,-30745,6
7339,0,-31735,-30608,8528,-16955,-40700,1
7340,0,46619,33253,-36170,25266,-51388,-10
7341,0,-43645,26990,-8149,-30098,41563,-9
7342,0,23019,-22437,35029,19826,25303,9
7343,0,-51709,941,-22252,-24162,45726,-4
7344,0,-22510,-33223,-27336,-37895,13207,5
7345,0,-22966,25223,47744,-3891,-33890,1
7346,0,57575,7447,-23792,30782,-49222,1
7347,0,-57366,-18371,-55203,41731,43439,-4
7348,0,-25737,-53398,-25556,-58958,6144,9
7349,0,-57329,39298,48675,11201,-65536,-5
7350,0,58939,-38771,-4623,48953,-50799,9
7351,0,-50457,9596,-37384,20427,47125,-4
7352,0,-58972,-36825,-49186,15738,65535,-10
7353,0,-60,-25020,-39289,-23787,7758,5
7354,0,-42655,-47474,-19300,-63585,5497,-3
7355,0,32824,34363,17714,-4107,47343,3
7356,0,-59894,-21880,56554,63562,-5095,-7
7357,0,-54470,9251,46523,26060,-48718,-1
7358,0,43595,44511,12569,10676,61382,-6
7359,0,-5118,1433,55087,3803,-3713,-10
7360,0,-59417,-27820,-33840,-24728,60769,1
7361,0,27164,2485,7097,24776,11412,-4
7362,0,961,-37533,8093,15098,-34376,-6
7363,0,22492,49613,-63407,-17318,-51647,-1
7364,0,14954,39186,62397,-20675,-36493,9
7365,0,25093,64938,22843,-46221,52060,5
7366,0,3467,257,9916,2965,1814,7
7367,0,4450,17534,6713,-1325,18042,-1
7368,0,22363,25412,-35326,22486,-25303,0
7369,0,36551,-62440,19099,65535,-9086,5
7370,0,13332,-49308,50923,21582,46295,-4
7371,0,-55854,50712,-4174,-44682,60786,-7
7372,0,-8230,15858,-11992,1709,17784,-8
7373,0,-36425,-45858,-49923,-4498,58391,6
7374,0,-30054,-26426,60001,35926,17632,-7
7375,0,-2956,-64017,-34413,-63587,7977,-4
7376,0,-54775,57850,-6165,-35570,65535,-5
7377,0,53953,-41076,9573,65535,-12959,10
7378,0,15066,26959,-48524,9310,-29446,-7
7379,0,38308,19211,36241,-25295,34594,-1
7380,0,-5518,-51947,56647,26506,45015,5
7381,0,9981,-6733,13117,12032,430,-7
7382,0,55041,27854,-26700,42491,-44720,-10
7383,0,-4192,37336,-60147,13586,-35028,3
7384,0,37249,26414,55030,-45370,-5171,-6
7385,0,-32343,-37374,-49828,-1960,49387,-1
7386,0,58842,-2264,41366,-21471,54832,10
7387,0,-63771,-43115,-12462,-65536,188,-9
7388,0,46516,-6290,20876,30383,35780,-10
7389,0,-59393,50997,-38693,65535,42754,-10
7390,0,12134,-20883,59217,-5348,23553,4
7391,0,32670,-58482,47586,23052,62898,6
7392,0,47865,15098,47237,-42206,27160,3
7393,0,53761,-17131,-61975,-55888,7765,6
7394,0,57118,57887,-40160,34492,-65536,-6
7395,0,-26933,-55775,-25710,-61554,6886,-3
7396,0,45666,-36689,28542,45125,37353,-1
7397,0,-47756,23908,60642,40885,-34360,3
7398,0,-8861,-32246,-65071,8145,32434,3
7399,0,-11672,-61081,-61289,-913,62180,2
7400,0,64605,-46105,-17741,8001,-65536,-9
7401,0,12002,21798,-23751,24821,-1768,1
7402,0,-60788,-13160,-55702,48193,39317,6
7403,0,-3767,11544,-28266,10467,6156,-8
7404,0,8610,38150,-9201,24070,30826,-2
7405,0,-21966,51649,60054,7779,-55584,6
7406,0,-46464,-50124,42531,65535,-18845,-4
7407,0,-31560,-54468,-48970,-16743,60684,-5
7408,0,39415,-41736,12903,56312,-11156,2
7409,0,-28968,-63286,-34538,-60614,34207,-7
7410,0,43979,34894,-26236,46736,-31105,6
7411,0,-54268,-41213,10040,-29050,-61641,9
7412,0,47133,-41177,-30328,-35407,-51608,5
7413,0,-18087,-53934,34734,55397,-12929,-1
7414,0,22310,35303,16298,-9021,40776,-1
7415,0,-61144,-806,22508,-28153,-54283,-4
7416,0,9157,8470,-25020,11217,-5456,-5
7417,0,61019,60120,25963,-37429,65535,-9
7418,0,-19304,33565,50049,-8463,-37784,-2
7419,0,56606,998,-50882,-42568,-37326,5
7420,0,-22232,15062,-18233,-2706,26717,8
7421,0,60642,25789,-4025,64461,13686,-1
7422,0,-4990,-51566,-55113,-20316,47657,4
7423,0,-10357,30964,-55490,23527,-22639,-6
7424,0,57895,18851,-50869,-31970,-51818,-3
7425,0,-49696,-12005,-59163,43797,26376,10
7426,0,28419,-32525,-60434,-35448,24678,1
7427,0,58508,-5510,53022,-45182,37578,0
7428,0,56317,23501,-49504,-24147,-56043,-2
7429,0,41677,-17703,61625,-37658,25144,-9
7430,0,29651,-60758,-51471,-61089,28963,4
7431,0,37955,23708,-37092,15384,-42024,3
7432,0,-29407,18634,11949,-34813,-269,6
7433,0,-30521,-24232,36956,29831,-25078,1
7434,0,-36871,59036,-9266,-7952,65535,-9
7435,0,4036,-28890,-58192,-13753,25725,-2
7436,0,-64494,-16028,26604,-3433,-65536,-4
7437,0,-30780,46798,29191,-51362,-22346,-1
7438,0,58532,-50987,-7530,36756,-65536,-1
7439,0,-54844,50105,-14911,-8567,65535,3
7440,0,-22486,-25886,-59480,14133,31240,-2
7441,0,-26015,-49869,-19691,-55645,-8204,-7
7442,0,35943,54510,-65533,-35959,-54500,9
7443,0,65326,-21229,37856,4850,65535,8
7444,0,-60608,-19381,10136,-44548,-45436,3
7445,0,-5220,-47558,-40033,-42922,21135,-1
7446,0,-18475,-31512,55128,31292,18846,-10
7447,0,-26897,5297,-47037,21099,17503,-4
7448,0,-22793,64428,29457,-65536,-12324,0
7449,0,-59374,-7394,-55455,49154,34116,9
7450,0,12549,14821,44637,-19246,2594,7
7451,0,-40190,-37768,25908,22773,-50231,-3
7452,0,-38390,46651,4144,-46845,38152,-2
7453,0,-19522,-45562,-32372,-45929,18643,-5
7454,0,-9334,32049,-24928,26392,20439,5
7455,0,-12923,7240,48797,3779,-14323,-5
7456,0,57745,22657,48041,-55462,27781,-8
7457,0,-6386,-52914,55992,29099,44653,-1
7458,0,-47524,-11518,13475,-31024,-37799,4
7459,0,-35132,-1305,17907,-21966,-27449,-8
7460,0,-16366,-59051,-28536,-61136,4154,7
7461,0,-55873,663,20562,-31416,-46209,2
7462,0,-52094,-13226,21212,-16164,-51259,3
7463,0,-45406,-51826,-3656,-53750,-43112,1
7464,0,10573,27325,-47675,13703,-25898,7
7465,0,-64836,53202,-51295,65535,-361,-4
7466,0,17867,-20624,-57197,-24488,12039,-5
7467,0,-14798,-35435,11791,6468,-37852,8
7468,0,11550,64447,54516,-42481,-49821,9
7469,0,-199,34315,-8466,13364,31607,0
7470,0,37975,-44192,21084,57613,8703,-3
7471,0,51917,50149,62245,-59150,-41371,0
7472,0,49625,36495,49873,-61179,7189,5
7473,0,-40121,-28588,15888,-9299,-48379,-4
7474,0,-28519,17207,11146,-33307,277,-6
7475,0,-57283,-32475,57326,65354,8054,-9
7476,0,-57345,21299,31117,-25739,-55494,-10
7477,0,14174,-28762,12277,27750,-16065,8
7478,0,36122,36228,-32720,36323,-36026,-7
7479,0,-4677,14873,-40647,15550,-1135,-4
7480,0,35262,-55962,-30638,-52077,-40782,0
7481,0,40662,-6914,33899,4694,40978,-3
7482,0,22208,36197,-40361,25924,-33636,-3
7483,0,2236,60201,24802,-55043,24484,-10
7484,0,44745,53164,31643,-50654,47568,9
7485,0,50597,5764,21968,20043,46814,5
7486,0,-62221,-61935,-42653,-26702,65535,4
7487,0,24873,-50098,22996,55931,-411,-5
7488,0,-65418,-23011,-8931,-65536,6236,3
7489,0,9274,13046,-18308,15961,1207,-6
7490,0,-14599,58537,-44041,57706,-17599,1
7491,0,-52406,-35821,24761,13619,-62001,-10
7492,0,49412,58087,-20076,65535,-7326,-5
7493,0,46333,-8338,7360,46358,8199,-6
7494,0,-61896,61531,33878,-58140,-65092,-4
7495,0,-240,-38932,-23409,-35183,-16670,0
7496,0,28236,-60762,33802,59291,31208,2
7497,0,-32971,41454,-50775,51996,-10095,10
7498,0,-43159,-28473,59279,49648,14439,4
7499,0,2737,46830,-2940,9298,45979,4
7500,0,-32837,-49027,46615,58850,4314,10
7501,0,-60937,16801,-11113,-43965,45417,-2
7502,0,27552,14560,49445,-29902,8774,4
7503,0,15477,-39989,24666,42872,-814,-3
7504,0,27821,-24279,14772,36924,-347,0
7505,0,1425,53069,12813,-29433,44182,-6
7506,0,11202,-7471,35864,5738,12181,9
7507,0,-24406,61578,19796,-64276,16002,-10
7508,0,11381,33905,57622,-23131,-27277,2
7509,0,12935,-64066,93,13229,-64006,-3
7510,0,-63605,-45966,-63133,57922,52949,8
7511,0,61833,-41941,44841,1317,65535,8
7512,0,-57405,13328,-9355,-45943,36909,4
7513,0,-17543,-462,11648,-14637,-9681,8
7514,0,-53524,35501,-52361,64161,2918,10
7515,0,-5227,31438,-42131,30594,-8927,-4
7516,0,37371,-59729,19846,65535,-4247,-1
7517,0,-53848,-65454,-29758,-65536,43893,5
7518,0,8038,-40282,53376,15477,38049,7
7519,0,-16361,-10700,-7753,-19130,-4028,0
7520,0,22033,27051,37682,-31449,15106,-3
7521,0,-53367,-62732,54039,65535,25495,1
7522,0,63305,6174,28302,7426,63170,3
7523,0,42947,20117,-55941,-29538,-37103,-9
7524,0,62674,-21188,-139,62534,-21598,-2
7525,0,59809,11859,-13139,55311,-25661,6
7526,0,4500,18496,58363,-10479,-15891,10
7527,0,888,-137,56098,-739,511,3
7528,0,18769,17335,54959,-24826,-6035,4
7529,0,-51110,-30446,918,-49733,-32647,8
7530,0,-13696,-3827,24921,-1477,-14144,8
7531,0,8323,-3787,15697,8665,2920,9
7532,0,-2524,57780,56422,-22171,-53417,4
7533,0,-48712,13031,10349,-49038,-11747,-8
7534,0,9729,64922,-56526,18359,-63028,-6
7535,0,23831,-4915,-7983,20276,-13452,-6
7536,0,-33101,30495,-32300,29754,33768,6
7537,0,-38051,27896,55119,20043,-42712,2
7538,0,64336,-28918,-1096,62732,-32249,-2
7539,0,-24699,58944,-28779,53185,35437,6
7540,0,64095,-53309,51891,-18395,65535,9
7541,0,-23867,-10510,-58904,19389,17440,4
7542,0,-43136,50642,64000,39279,-53689,6
7543,0,33803,22878,-48553,-6581,-40283,5
7544,0,-48905,-12620,-26756,-26010,43295,-5
7545,0,-60000,-21168,32435,20188,-60337,7
7546,0,57342,-19005,-63715,-58783,13924,-3
7547,0,-64994,-30615,52244,65535,-14044,-5
7548,0,-3429,59750,42515,-51802,-29973,1
7549,0,3540,-55198,-15431,-34577,-43171,-8
7550,0,-54709,23918,6072,-59274,7194,-6
7551,0,21123,-19199,-49662,-28537,-659,3
7552,0,21047,4426,23727,4817,20961,-5
7553,0,60189,-22707,-39743,-41211,-49396,4
7554,0,-37880,-29639,-50342,8528,47336,-5
7555,0,-52108,-29234,-28450,-39338,44971,-9
7556,0,15694,51584,-11596,40558,35529,4
7557,0,32315,-62857,29046,65535,20658,-4
7558,0,4912,-18138,39796,15499,10626,8
7559,0,-5768,-23261,-61555,1249,23933,-2
7560,0,15243,-55281,12347,43499,-37365,-4
7561,0,15412,19328,-32120,19795,-14807,3
7562,0,-13743,-12966,51768,18807,1809,8
7563,0,37441,55133,42744,-65536,7887,6
7564,0,40997,-17759,-11893,24911,-37089,9
7565,0,22143,53276,19335,-29321,49689,-3
7566,0,-58255,-14516,-50866,35048,48745,0
7567,0,54953,-21329,7716,58947,-31,4
7568,0,-16579,-21983,2187,-14183,-23600,-4
7569,0,47483,15281,-45844,-15495,-47414,8
7570,0,12514,-63464,58547,9018,64054,-10
7571,0,62281,17413,57876,-64383,6080,-9
7572,0,-30718,-24875,-12365,-39375,-3460,6
7573,0,44421,59790,-40457,39761,-62986,3
7574,0,45827,28648,-25556,42469,-33425,9
7575,0,26478,-50977,-39612,-56787,-8660,-8
7576,0,39775,47210,47127,-61728,705,-8
7577,0,9849,18318,45905,-20604,-2836,-8
7578,0,38274,-51818,2969,45228,-45874,4
7579,0,33794,42667,38473,-50215,20999,-6
7580,0,33760,22970,40522,-33662,23113,1
7581,0,991,-57714,4449,13184,-56197,0
7582,0,-28702,2022,43892,12858,-25741,-7
7583,0,47408,65158,-42882,35557,-65536,-1
7584,0,32747,5766,30772,-2625,33147,-9
7585,0,20277,-31580,6734,29248,-23515,-1
7586,0,-61670,17015,54113,43809,-46620,-7
7587,0,-63281,-12734,37211,25839,-59152,-6
7588,0,-28776,-9833,-11399,-29696,6548,-3
7589,0,3379,-5857,-20866,-3104,-6007,0
7590,0,-34455,3402,-58277,33548,8559,-5
7591,0,39351,-23099,24914,35951,28100,1
7592,0,-25265,-59182,25171,46316,-44672,-7
7593,0,41230,-51303,-32161,-50087,-42700,2
7594,0,-57741,-7415,-53740,44767,37215,-7
7595,0,-29590,-60588,-2591,-36888,-56443,7
7596,0,50742,25256,26458,-9015,55959,-8
7597,0,54050,56885,46992,-65536,6112,0
7598,0,-12704,-45284,25502,38231,-27394,-2
7599,0,60711,-42256,25178,61095,41699,0
7600,0,65335,56944,63354,-65536,-49781,9
7601,0,-43722,47025,24267,-60508,-21488,6
7602,0,-20307,21628,-10652,-7160,28790,-10
7603,0,64636,35845,11888,35100,65044,6
7604,0,-41869,39189,-57411,53609,-20370,6
7605,0,-55884,63268,54189,15044,-65536,8
7606,0,-60669,1099,50220,44291,-41476,6
7607,0,-49120,38831,43025,-11045,-61633,1
7608,0,-49659,-59611,13499,-3711,-65536,8
7609,0,-21237,-62280,37015,65287,-8212,2
7610,0,-49278,-55755,53344,65535,19327,-4
7611,0,20514,-28295,-40398,-33761,-9036,1
7612,0,-42301,42742,-29970,36692,47644,-4
7613,0,54384,53617,36433,-62281,44198,8
7614,0,-47018,32618,59634,36058,-44435,-7
7615,0,-32045,-64503,39625,65535,-9507,0
7616,0,45514,-20437,-3165,41898,-27088,3
7617,0,-24787,-27814,-40395,-17107,33096,4
7618,0,-28577,-16983,32348,16403,-28914,1
7619,0,58588,12404,-8578,58657,-12077,10
7620,0,46554,-50724,29836,56731,39011,-8
7621,0,-29134,-42999,17558,12634,-50379,10
7622,0,-1158,-16265,-18977,-13547,-9076,-6
7623,0,21284,13039,58142,-24485,-4850,-8
7624,0,-18914,46110,8158,-35066,35416,-2
7625,0,41322,-20089,35916,13648,43873,0
7626,0,51979,6619,-35770,-912,-52391,3
7627,0,40924,35422,33483,-36787,39701,8
7628,0,48911,-23399,-2170,46216,-28353,1
7629,0,35720,55220,-1055,38460,53348,-2
7630,0,-52390,60770,35919,-52203,-60930,3
7631,0,-15843,-23318,-28870,-25857,11231,-4
7632,0,24795,44493,4207,15386,48556,3
7633,0,57536,-32968,65046,-56758,34290,-8
7634,0,4512,-2945,-38395,-4041,-3563,3
7635,0,-26329,-47678,1532,-22736,-49492,-10
7636,0,10167,-4733,-14583,4734,-10167,5
7637,0,31985,29347,-62254,-26978,-34007,-9
7638,0,-2360,18091,20250,-16265,8265,-4
7639,0,38407,-32771,-40981,-45006,-22879,8
7640,0,-12838,-46654,-64759,11113,47095,9
7641,0,33479,63644,-20570,65535,7248,-10
7642,0,3419,9178,3858,1672,9650,-3
7643,0,39537,37146,27324,-25680,47787,3
7644,0,-41013,48253,-57487,56171,-29245,-9
7645,0,10908,-39804,-36884,-41171,-2874,10
7646,0,-15206,27453,46233,-12774,-28665,-6
7647,0,36354,28670,-11318,45935,5790,-4
7648,0,3063,52866,16825,-36026,38811,10
7649,0,63130,-46915,-46508,-65536,-21226,-4
7650,0,-63742,-85,18815,-39475,-50047,7
7651,0,51254,14480,-54643,-37213,-38103,6
7652,0,-22370,58008,4898,-35249,51214,1
7653,0,19208,9158,14258,9104,19234,-7
7654,0,20636,63565,-61902,-9297,-65536,-3
7655,0,-46530,22691,50393,19748,-47853,-5
7656,0,-3298,-47917,-40489,-43488,20390,-9
7657,0,-9930,26279,-29458,24379,13959,-1
7658,0,-62238,-8255,52488,55295,-29735,-5
7659,0,9758,-19093,63573,-7917,19927,4
7660,0,-30421,40470,-49090,50149,-6950,-3
7661,0,-10949,-42834,-64970,9787,43115,2
7662,0,-36084,-12132,-14446,-35518,13700,0
7663,0,-61145,-44892,20209,2388,-65536,-5
7664,0,-5133,50422,-41349,48263,-15472,7
7665,0,9693,-2298,20899,7156,6930,-7
7666,0,-49123,37310,-25621,18653,58798,5
7667,0,-15768,53303,10770,-40015,38582,6
7668,0,1356,39195,-54286,18970,-34326,-3
7669,0,-23520,-6928,4369,-21567,-11665,2
7670,0,-43974,-1546,-63986,43740,4789,8
7671,0,-6713,65154,50624,-37644,-53601,2
7672,0,24098,-40266,-5886,11915,-45388,9
7673,0,-18159,-36284,-63421,14403,37932,6
7674,0,24096,-24729,-20049,-6478,-33914,2
7675,0,-6506,6592,33472,-6368,-6725,-3
7676,0,-51708,14882,53091,34400,-41374,8
7677,0,-28772,35739,54961,7789,-45216,6
7678,0,33358,-37793,9222,46317,-19894,2
7679,0,2034,64821,39876,-61781,-19725,7
7680,0,-56076,-43854,2482,-50488,-50186,6
7681,0,-22528,55570,-29491,51371,30928,7
7682,0,21624,45487,28896,-40702,29665,9
7683,0,-46049,-4231,6039,-42926,-17197,2
7684,0,6372,8366,-45170,3357,-9966,10
7685,0,57132,2946,61822,-56749,7230,4
7686,0,26049,-38582,-63614,-29496,36016,-4
7687,0,-52652,35666,-65362,52953,-35217,-3
7688,0,-59660,-16156,-6049,-61788,1603,9
7689,0,-16253,48567,20447,-49384,13569,9
7690,0,21527,-33905,25309,39299,8282,9
7691,0,-11692,-11523,-5710,-14372,-7932,1
7692,0,23575,-57793,-816,21318,-58663,-8
7693,0,-22321,500,-7592,-20682,8411,-2
7694,0,16938,22944,10772,3412,28314,8
7695,0,12745,3772,-32450,3967,-12686,-1
7696,0,26975,-44390,55186,-2573,51880,7
7697,0,42806,29540,62546,-46581,-23134,-5
7698,0,-54104,-33457,-22448,-55128,31742,3
7699,0,558,-3969,-63273,-986,3885,-9
7700,0,-8502,-23393,15021,9029,-23195,5
7701,0,-16517,-4063,53139,15962,-5877,-6
7702,0,-44506,-42433,5081,-32961,-51913,1
7703,0,-17788,-20314,33433,20871,-17131,-1
7704,0,6537,-26385,33512,26134,7478,-3
7705,0,38543,57626,18447,-20125,65535,5
7706,0,15751,51659,14452,-20859,49817,6
7707,0,-10337,51244,24065,-51033,11331,7
7708,0,45205,20380,45005,-41985,26384,9
7709,0,-22077,50287,20775,-54211,8793,-9
7710,0,40665,53785,42602,-65536,11823,6
7711,0,-30738,40343,27544,-46701,-19784,-1
7712,0,-43196,51542,27306,-60974,-28366,5
7713,0,28857,-52647,44655,28773,52693,5
7714,0,-48097,-13859,-58572,40908,28844,5
7715,0,13659,19361,43512,-23577,2351,0
7716,0,-34699,-2432,-64309,34494,4483,-9
7717,0,21858,59169,33751,-60141,19022,-9
7718,0,23110,-41532,-44145,-47495,1784,-1
7719,0,28967,15529,21527,1524,32832,-8
7720,0,44383,51396,-64126,-40786,-54295,-10
7721,0,-41199,-32020,-11646,-51904,-5348,-6
7722,0,-59766,-40338,3140,-53023,-48864,-8
7723,0,-46297,-58726,41504,65535,-18435,5
7724,0,3147,-55886,14633,38461,-40668,4
7725,0,-9323,28919,-34662,29643,6675,-9
7726,0,25192,-50148,14447,51406,-22513,1
7727,0,48359,-27979,-32904,-28295,-48175,1
7728,0,-49880,60679,57221,22389,-65536,8
7729,0,-40071,-8481,56645,39991,-8849,3
7730,0,13929,15849,19467,-4437,20628,7
7731,0,-52212,-56515,31170,52340,-56396,5
7732,0,24142,8067,-52452,-14813,-20700,0
7733,0,-12237,-43996,-14417,-37482,-26086,8
7734,0,-51703,34158,-9942,-30251,54082,8
7735,0,63177,42831,-648,64472,40856,-3
7736,0,-5057,-8098,-2183,-5878,-7523,8
7737,0,-353,-59377,-17187,-43800,-40091,-5
7738,0,12562,-11702,58618,-8068,15154,0
7739,0,56525,-38452,-6044,43200,-52985,-7
7740,0,-31795,30200,-34439,32634,29292,-10
7741,0,10527,-59069,35182,57458,17280,-1
7742,0,63425,64982,38481,-65536,43493,2
7743,0,14839,25763,49925,-28402,-8788,-4
7744,0,-53060,11861,-54037,51414,17682,1
7745,0,-21565,17705,17265,-27629,-3897,2
7746,0,-46136,57413,27855,-65536,-31452,4
7747,0,24817,6085,-54478,-18342,-17790,8
7748,0,22187,-29116,-595,21334,-29747,10
7749,0,49482,-26598,41224,4903,55963,-10
7750,0,37763,48723,29940,-43184,43990,-6
7751,0,58477,53474,-19360,65535,-14750,-2
7752,0,-8889,24292,698,-9706,23977,-9
7753,0,44942,-36934,33173,36063,45644,4
7754,0,55652,10793,3217,53341,19193,8
7755,0,-45204,6307,5725,-45220,-6195,-7
7756,0,15552,-58147,-4039,4058,-60054,5
7757,0,37195,-41742,-53405,-54007,14461,4
7758,0,-5598,-58635,46771,49399,32080,3
7759,0,-47125,60816,12751,-65536,22735,-7
7760,0,2833,-55947,56418,21115,51887,0
7761,0,-24235,24786,-44675,33950,7009,-5
7762,0,-14862,43591,-21503,29732,35172,-9
7763,0,-38442,-40469,26905,28239,-48147,-9
7764,0,-15084,-6825,-30944,-8116,14430,0
7765,0,56998,30450,56509,-64515,-3713,9
7766,0,23928,26733,-10614,33924,11678,8
7767,0,36629,43159,8490,16563,54130,4
7768,0,-36781,-55276,-63489,31185,58616,-1
7769,0,45478,-18577,13755,47325,13180,-1
7770,0,-386,29660,2039,-3292,29479,-9
7771,0,-33474,-58818,19518,27496,-61839,-3
7772,0,-31916,20118,34373,-17613,-33364,5
7773,0,24579,-41019,-38767,-46304,-11941,-2
7774,0,-20594,15801,37673,-10578,-23704,8
7775,0,-44256,-57099,61730,53867,48138,-6
7776,0,-40382,-14927,-29687,-20718,37740,-6
7777,0,-50534,-61146,21915,27960,-65536,-7
7778,0,3463,52079,37991,-51313,-9548,0
7779,0,28062,-9917,18506,25416,15487,3
7780,0,-1257,-16999,19929,13154,-10841,1
7781,0,20765,-28806,-18879,-9812,-34128,-9
7782,0,50596,34226,-21549,55305,-25938,6
7783,0,35687,-30495,-12875,11443,-45526,5
7784,0,59216,47560,55463,-65536,-14630,-1
7785,0,24533,-8209,-49801,-23503,-10810,6
7786,0,-24549,-47575,28845,42148,-33009,-1
7787,0,-45680,10469,-28693,1381,46844,-10
7788,0,-47329,-54591,9506,-18489,-65536,4
7789,0,-5037,62990,-13001,32679,54085,2
7790,0,-64431,-59440,-5558,-65536,-40414,-10
7791,0,20458,-23129,18306,30864,949,4
7792,0,-63744,40179,-8811,-41669,62781,1
7793,0,-8782,11652,-2459,-7353,12603,-3
7794,0,-47700,-13180,25286,-4417,-49290,6
7795,0,58624,-28743,-62912,-61762,21177,5
7796,0,-23694,-31922,-22003,-39457,4858,1
7797,0,-33542,-8955,-17217,-29327,18579,5
7798,0,53029,23299,-3377,56088,14461,-5
7799,0,24468,-38432,-14970,-6850,-45042,5
7800,0,21726,10140,8817,15659,18156,5
7801,0,-61679,-8467,7430,-54860,-29435,3
7802,0,16307,-4350,55396,-12390,11460,-7
7803,0,54035,-39609,26512,53815,39908,5
7804,0,19808,59601,28689,-54608,31026,6
7805,0,14751,6235,-64707,-14492,-6816,0
7806,0,22873,-59955,-64671,-25351,58950,-5
7807,0,-17105,30190,63040,13378,-32016,0
7808,0,-5520,3329,-21793,109,6445,7
7809,0,31367,-60216,-26429,-48063,-47957,-4
7810,0,46364,24145,-37556,12946,-50646,7
7811,0,17119,-28350,59800,-8785,31931,-4
7812,0,1664,-43576,7977,17804,-39808,0
7813,0,51910,-50081,16037,65535,84,3
7814,0,-167,12679,-52773,7417,-10285,5
7815,0,-44314,-57435,63615,49421,53104,5
7816,0,-60351,-60961,-41583,-30860,65535,-3
7817,0,31073,50123,-46766,19929,-55504,2
7818,0,1217,60839,-20204,50839,33441,10
7819,0,-21166,24161,56468,9009,-30832,9
7820,0,-49965,61920,-38364,65535,31790,-7
7821,0,9427,-50531,-63468,-14384,49349,-1
7822,0,-55768,25774,-58200,61235,-4958,-10
7823,0,44291,-35210,38522,21821,52204,2
7824,0,-36379,-65146,-34319,-62282,41090,-9
7825,0,12158,-43270,41688,34341,28997,6
7826,0,1685,42146,31757,-42015,3727,1
7827,0,65035,27172,-57133,-49174,-50496,-2
7828,0,922,-4104,40921,3443,2417,-7
7829,0,-35803,49562,10907,-55769,25062,0
7830,0,55880,45315,-62714,-49257,-52438,0
7831,0,13481,49726,-14746,42554,29045,5
7832,0,64571,64461,-53806,-20297,-65536,8
7833,0,15714,-35540,21602,38583,-4622,6
7834,0,-58504,-5178,4309,-56201,-17059,3
7835,0,-54522,-7047,44330,34681,-42656,3
7836,0,-14177,50239,59453,-852,-52194,-5
7837,0,55435,-10730,-59010,-56047,-6852,0
7838,0,35673,40005,-49244,2845,-53524,-7
7839,0,-57983,-2703,38576,18549,-55003,-5
7840,0,4530,22660,-10953,15274,17341,-5
7841,0,-30659,13722,43926,3812,-33373,6
7842,0,60251,5475,-34525,369,-60498,6
7843,0,62195,60504,-5514,65535,42176,-6
7844,0,-57140,-51625,-31785,-54282,54622,-9
7845,0,16487,-51710,-34752,-53044,-11494,3
7846,0,-52187,44697,-1641,-48513,48660,0
7847,0,-12924,14509,19399,-19357,-1685,0
7848,0,556,9813,-3060,1987,9626,6
7849,0,-64888,-61355,32405,60226,-65536,-3
7850,0,26501,63918,28629,-57427,38600,7
7851,0,55356,40982,16896,8487,65535,-1
7852,0,-46663,22895,-22816,-1083,51966,2
7853,0,15236,-11838,-21469,-2293,-19158,5
7854,0,-31353,-15908,-703,-31874,-14837,4
7855,0,49994,-37569,27070,49650,38023,-7
7856,0,-63421,438,56551,57459,-26850,-10
7857,0,-54443,63531,-56829,65535,-35996,-3
7858,0,-47799,38780,24197,-54639,-28341,-3
7859,0,43735,-26095,-58883,-49709,11077,4
7860,0,42145,-10019,43080,-11185,41851,-5
7861,0,13664,-53938,57789,6857,55218,6
7862,0,-57591,53297,-56340,65535,-23617,-3
7863,0,-12292,-13419,34974,14644,-10803,-5
7864,0,62678,29323,-39523,7856,-65536,0
7865,0,-26089,1680,-49439,19873,16986,2
7866,0,63557,56517,-2890,65535,47221,-6
7867,0,-70,56066,-60809,12683,-54613,-7
7868,0,-14097,57344,29496,-58842,-4971,-2
7869,0,-11450,27769,2658,-14888,26088,-1
7870,0,37947,21494,39888,-32958,28561,-2
7871,0,56579,36376,26660,-18527,64662,-9
7872,0,19425,22514,-52281,-2284,-29648,8
7873,0,-48663,-11325,-35820,-4124,49793,-6
7874,0,-4519,-29024,36025,29374,39,7
7875,0,15853,-39780,-46045,-41419,10874,-10
7876,0,-17876,-34303,12311,4235,-38449,1
7877,0,-42676,-17318,10143,-29654,-35239,10
7878,0,-44520,59837,19386,-65536,162,7
7879,0,-38229,-19684,58452,42602,5832,-3
7880,0,54947,-62252,62323,-44759,65535,-4
7881,0,60284,-27755,-12129,35141,-56299,-2
7882,0,-34245,8042,-10290,-26348,23307,6
7883,0,-37259,25130,-62310,40688,-19084,-3
7884,0,-17143,29832,-24616,21043,27222,-8
7885,0,-25172,-19126,-20185,-30026,9892,8
7886,0,41964,16160,-9335,44824,-3598,4
7887,0,30037,34156,63895,-32628,-31690,0
7888,0,10950,11872,-33897,11260,-11579,5
7889,0,-42502,-63808,40225,65535,-17522,9
7890,0,63351,-52877,-5670,46827,-65536,1
7891,0,-18162,-1193,59851,17812,-3745,6
7892,0,65285,34442,-5070,65535,17753,-10
7893,0,-4785,5060,61384,3692,-5905,-6
7894,0,-17717,-64698,15689,31259,-59352,1
7895,0,-59195,-41402,21169,3919,-65536,1
7896,0,-58217,40700,-13756,-21077,65535,0
7897,0,51163,26856,39961,-42589,39053,-10
7898,0,10272,54705,-35883,52575,-18277,-8
7899,0,3210,-39625,-32395,-39560,-3932,-8
7900,0,-201,-58072,27270,56007,-15349,10
7901,0,63963,-9218,-51644,-55981,-32285,-6
7902,0,-3813,22667,62157,115,-22985,-7
7903,0,60101,36585,60192,-65536,-20159,1
7904,0,1071,-14198,-36938,-14128,1767,-3
7905,0,-19177,-28995,2943,-14908,-31404,-1
7906,0,34545,-28562,60821,-27268,35575,-1
7907,0,60446,768,57683,-56494,21512,2
7908,0,-33775,-53501,20125,24753,-58227,-7
7909,0,-44932,481,-36027,7447,44313,-9
7910,0,-32681,44488,-22683,24180,49624,-8
7911,0,53200,-26287,57547,-39506,44278,8
7912,0,8608,-40607,8938,24695,-33364,4
7913,0,-45145,-33950,13893,-14508,-54591,-5
7914,0,19750,52509,11376,-10350,55138,0
7915,0,-21628,30211,-38946,35209,11866,2
7916,0,-16565,35426,3908,-22864,31728,6
7917,0,63256,49520,52878,-65536,-4616,-2
7918,0,10571,53261,27364,-48773,23867,2
7919,0,28078,31449,-45349,9988,-40959,-6
7920,0,-58354,55292,24943,-65536,-34005,10
7921,0,-36013,64664,-15577,17523,65535,9
7922,0,-10574,64519,59102,-9481,-64689,-10
7923,0,1924,34727,-21835,31033,15704,6
7924,0,4518,-34462,-40940,-33573,8996,9
7925,0,-28005,-11707,61840,29631,6585,2
7926,0,-23042,64822,-54127,53407,-43365,-7
7927,0,-34492,-44661,22933,24141,-51005,-7
7928,0,-12861,-1419,4822,-12195,-4324,6
7929,0,38125,618,-63648,-37914,-4056,3
7930,0,10478,54061,-24763,54056,10504,8
7931,0,-35224,47809,46260,-16930,-56920,1
7932,0,22217,64052,-18952,64171,21871,-1
7933,0,-58345,-28267,46579,58170,-28625,-6
7934,0,5564,-42393,-57962,-20250,37658,4
7935,0,-51767,-24027,-28537,-33949,45876,6
7936,0,36840,-37208,36554,29961,42942,7
7937,0,-12870,56673,4392,-24419,52737,4
7938,0,-37329,15377,-20890,-7182,39728,-4
7939,0,-60920,12256,28188,-25205,-56799,-9
7940,0,42509,21488,16840,13881,45564,4
7941,0,-41315,19647,-9795,-27968,36204,-8
7942,0,-25229,58406,-40405,63566,2668,-6
7943,0,-45246,39298,40912,-19134,-56793,4
7944,0,60811,-58035,-63016,-65536,50294,3
7945,0,59479,48916,28401,-35486,65535,0
7946,0,29546,-42647,-38136,-48760,-17726,-2
7947,0,30386,41077,39400,-48514,16032,4
7948,0,57130,-42457,-64405,-59353,39289,-3
7949,0,3396,-34313,35428,33603,7731,1
7950,0,-64348,-44004,-37397,-28752,65535,3
7951,0,12182,45439,-23303,46183,8959,4
7952,0,12718,40322,36479,-41938,5367,-7
7953,0,-23350,-20549,-23823,-28403,12679,-10
7954,0,-1732,-57190,-5032,-15364,-55115,8
7955,0,49455,-50072,46647,8867,65535,1
7956,0,5529,42344,12235,-18819,38333,7
7957,0,17760,-50547,-35232,-52283,-11700,-8
7958,0,6417,29849,39925,-30267,-4006,-5
7959,0,-33535,16316,-16452,-12066,35287,-3
7960,0,7658,-42189,16801,35721,-23718,6
7961,0,-33148,-10381,9663,-25014,-24101,-2
7962,0,35437,35724,-30639,39150,-31611,-1
7963,0,-2213,-26772,-59963,-4928,26408,4
7964,0,-63095,58381,-29359,47325,65535,-4
7965,0,31014,7773,-22880,21073,-24046,-1
7966,0,-11125,-32924,7832,1727,-34710,-3
7967,0,-64374,65429,-63777,65535,-59761,-4
7968,0,45088,-64187,-13833,-3995,-65536,4
7969,0,-56174,51563,56155,28180,-65536,-1
7970,0,39479,31634,-42195,11235,-49326,-7
7971,0,-46784,-34512,43756,53354,-23092,-1
7972,0,51339,-30091,-60961,-56653,18212,4
7973,0,32663,-40224,50091,3019,51728,-1
7974,0,27134,58081,24307,-42652,47859,5
7975,0,-36503,-29778,-30970,-32820,33795,-6
7976,0,56589,25146,-56198,-40128,-47164,-1
7977,0,45004,29680,33474,-31187,43973,-1
7978,0,58795,-18200,1204,59741,-14803,9
7979,0,6547,-46654,-54204,-29725,36550,-3
7980,0,9795,-26087,-8843,-1815,-27806,10
7981,0,-65140,-34170,24443,6180,-65536,-2
7982,0,-31202,40174,-40056,48425,15573,-3
7983,0,-13208,49572,-5845,1038,51291,9
7984,0,8411,-49179,-45766,-44841,21877,5
7985,0,1384,-34340,-27296,-32809,-10234,5
7986,0,20605,42468,-24823,47083,-3362,9
7987,0,8389,-55768,60842,4264,56234,-1
7988,0,-17519,32938,-38917,36604,7212,-10
7989,0,-21215,49814,8341,-38938,37622,-3
7990,0,-27231,-60865,-13949,-59085,-30903,-10
7991,0,26733,-64596,63799,-21249,65535,6
7992,0,33244,-63394,-640,31267,-64392,5
7993,0,43342,-25384,-60097,-48426,13334,-8
7994,0,54829,50361,48685,-65536,4841,5
7995,0,-54079,41296,-53351,65535,-4618,-3
7996,0,-5980,27518,25302,-27869,4041,2
7997,0,8522,7129,55921,-10805,-2590,9
7998,0,11069,58706,-60501,3297,-59649,-5
7999,0,26118,47433,43366,-54148,-264,-3
8000,0,-59373,47477,-11546,-25578,65535,-7
8001,0,-4204,1022,48797,2188,-3733,-5
8002,0,16106,65253,-34756,63425,-22240,-1
8003,0,-34466,-27303,33079,27828,-34044,-8
8004,0,-5333,-60722,39440,59322,14020,3
8005,0,-61840,-55669,33615,58140,-59523,-2
8006,0,38175,-4295,-23530,12476,-36333,1
8007,0,-59253,-59093,14091,-9329,-65536,9
8008,0,43130,49795,55831,-60886,-25152,1
8009,0,31475,-45246,55995,-8256,54495,2
8010,0,32893,48937,16851,-12651,57591,-5
8011,0,36037,-43595,-55064,-52575,20857,-8
8012,0,-57038,-14800,62602,58547,6686,-10
8013,0,-3547,17087,5198,-7655,15683,-5
8014,0,32331,-41719,-37570,-47988,-21975,-7
8015,0,57943,8586,-2662,58565,1149,-3
8016,0,-35901,-15431,-45037,7081,38430,0
8017,0,64980,42131,60341,-65536,-24789,8
8018,0,-50487,-16876,64551,51232,14458,7
8019,0,13746,30403,17813,-13888,30339,0
8020,0,-34154,-38165,19693,10856,-50052,9
8021,0,-16734,52691,59295,461,-55283,0
8022,0,23831,-59437,13408,54705,-33289,-2
8023,0,-31075,-38217,-13373,-47759,-12055,-4
8024,0,-34270,42398,56829,14133,-52653,3
8025,0,-16881,57075,40642,-46833,-36731,-1
8026,0,47280,-61961,-7907,20964,-65536,9
8027,0,63199,51908,13540,19003,65535,8
8028,0,-29749,35389,43983,-15168,-43673,2
8029,0,-12362,-41747,49373,38032,21195,-7
8030,0,-14044,-60546,-25536,-61719,-7339,8
8031,0,-25389,-58735,53719,52955,35919,7
8032,0,10488,-9059,2515,11502,-7731,-2
8033,0,37634,-31432,36928,23340,43122,-7
8034,0,15520,-29587,-38547,-32702,-6846,-6
8035,0,-1130,62090,28233,-60875,12275,-5
8036,0,30208,-22083,-36997,-27708,-25149,-4
8037,0,43971,-58169,51804,814,65535,4
8038,0,-65121,-53355,63251,65535,45890,8
8039,0,6654,-9849,-50245,-11536,2861,-10
8040,0,27327,35421,11106,5555,44391,-5
8041,0,-56477,-46237,25294,23517,-65536,-6
8042,0,-28467,49360,5236,-39849,40729,-7
8043,0,-45708,-43556,19119,6728,-62778,5
8044,0,2545,682,1128,2504,819,-6
8045,0,65284,-22344,-26037,-478,-65536,-4
8046,0,58288,56976,-44141,18480,-65536,3
8047,0,-63855,49702,-40782,65535,40561,4
8048,0,33156,35145,55228,-45864,-15197,9
8049,0,-54895,-1020,9118,-49303,-24161,0
8050,0,-28885,-58213,11007,4360,-64839,-2
8051,0,-34535,-27072,-14190,-43876,662,-6
8052,0,25339,23477,40020,-30699,15837,8
8053,0,-62416,30403,51491,29850,-62683,-4
8054,0,33002,32036,-11065,44677,10928,5
8055,0,22375,3478,-61461,-21271,-7765,-10
8056,0,-46433,14059,47157,18700,-44766,2
8057,0,15534,-44756,233,16044,-44576,-5
8058,0,46633,-57573,-38476,-65536,-29329,3
8059,0,-43475,15211,56203,32607,-32531,6
8060,0,-39421,-13985,-31630,-16107,38603,4
8061,0,9703,-40634,42701,31671,27244,3
8062,0,-35148,-967,-15857,-26146,23509,-6
8063,0,25692,54226,-16960,57044,18615,-2
8064,0,48642,63173,36046,-65536,38183,8
8065,0,-44621,57751,-49242,65535,-9579,-5
8066,0,-35795,-52307,-29283,-57543,26573,-9
8067,0,-12921,13259,-22637,5693,17617,-2
8068,0,-45100,-60170,1085,-41885,-62451,-9
8069,0,-30062,-20593,-16027,-35926,6094,7
8070,0,-7421,59806,30134,-60264,184,5
8071,0,53062,56376,-495,54406,55081,8
8072,0,2938,4799,-21980,5624,-182,3
8073,0,-48110,-38567,22344,10815,-60704,-5
8074,0,56004,57027,619,54271,58679,-6
8075,0,27972,39674,-18682,48454,2956,4
8076,0,-76,40446,63115,-4596,-40184,-6
8077,0,-21959,24156,-44545,32158,5618,6
8078,0,-60067,-12722,-2705,-61207,-4862,-5
8079,0,2050,33636,59172,-12057,-31468,-1
8080,0,63661,3808,-59017,-59399,-23216,-7
8081,0,-29274,-56854,-16994,-61450,-17699,5
8082,0,-25981,16538,-16607,-6349,30136,5
8083,0,20638,-876,9497,18919,8292,-5
8084,0,-36822,8782,497,-37023,7892,-6
8085,0,-6757,22849,-21751,16338,17344,8
8086,0,-1067,-32874,-13442,-20610,-25633,8
8087,0,61171,-57932,50932,-9441,65535,5
8088,0,-1495,-3256,-43325,-2123,2886,4
8089,0,-18118,-50202,47693,49768,19278,-10
8090,0,45989,10102,37985,-21181,42052,-6
8091,0,38669,59522,39701,-65536,17116,-5
8092,0,-28905,-21025,43949,32832,-14129,9
8093,0,30804,-36635,7900,42162,-22659,4
8094,0,-11258,-33950,26173,28775,-21245,-8
8095,0,-36292,-55462,33071,55977,-35492,3
8096,0,61327,-16993,56903,-49325,40210,-4
8097,0,13310,-31495,-7253,1797,-34145,-9
8098,0,-60084,-1047,51592,47811,-36405,-5
8099,0,41726,-28331,10509,50217,-4691,9
8100,0,-3705,18679,61093,-332,-19040,6
8101,0,31548,1633,13460,24233,20266,10
8102,0,-60153,-52309,-59987,44288,65535,1
8103,0,47586,58921,36714,-65536,35670,4
8104,0,-39430,16314,-26330,3553,42523,-7
8105,0,-54080,39066,-38392,52071,41707,6
8106,0,-56198,-55977,-431,-57317,-54831,-10
8107,0,-42440,43558,-64721,44096,-41881,7
8108,0,23658,-20331,34251,18602,25040,2
8109,0,60160,-70,-9309,54227,-26052,9
8110,0,-25755,-52266,-12680,-50986,-28204,-3
8111,0,29148,-64796,-37485,-65536,-13890,-3
8112,0,-25093,-24518,-27777,-29773,18557,-8
8113,0,5164,-41133,15480,31610,-26821,-5
8114,0,6174,11474,13995,-2300,12825,-5
8115,0,-58302,47276,-59687,65535,-29280,-5
8116,0,-27801,-43889,-3725,-35142,-38264,-7
8117,0,-37224,-37013,-38963,-24488,46432,5
8118,0,53431,-20531,-40444,-38368,-42477,-4
8119,0,914,-22639,-50290,-15787,16252,6
8120,0,32014,-4696,-39871,-15115,-28609,-2
8121,0,-44765,-49292,-42318,-24453,61933,-7
8122,0,7047,8306,-19370,10872,-672,9
8123,0,-38970,-60921,-3474,-48529,-53619,0
8124,0,19665,-55608,-45939,-56500,16933,-6
8125,0,-25348,63405,-29941,59407,33669,5
8126,0,38822,54182,11270,5413,65535,-4
8127,0,22042,-13373,44124,26,25781,1
8128,0,-1319,13460,-39380,13201,-2939,-4
8129,0,45144,15906,2858,42543,21933,-5
8130,0,-62635,7989,49359,39135,-49552,0
8131,0,-5122,-37035,30460,36241,-9189,5
8132,0,-48772,40582,64196,46071,-43625,-2
8133,0,18544,-13830,-59930,-21552,8406,-4
8134,0,28138,-44333,26251,50841,13128,9
8135,0,6162,46779,21129,-36421,29997,1
8136,0,-7208,48883,5904,-20552,44934,9
8137,0,-16578,13037,-54737,20858,-3119,-6
8138,0,-2621,17092,-28067,16076,6368,8
8139,0,-41636,27619,-26378,13793,48022,6
8140,0,-45830,-51409,-10229,-64647,-23750,6
8141,0,14991,32945,18964,-16791,32065,-7
8142,0,5763,-6904,-59321,-7537,4906,-6
8143,0,-64487,-57073,11914,-23365,-65536,-9
8144,0,-27383,54978,64960,25833,-55723,8
8145,0,-18809,46234,55973,-3593,-49784,0
8146,0,-19237,32499,26580,-36699,-8911,-8
8147,0,7725,20962,-33869,20529,-8813,-7
8148,0,1299,50530,44694,-43202,-26241,3
8149,0,57554,39099,-48213,-9957,-65536,-1
8150,0,21370,29345,-33738,28319,-22713,1
8151,0,-61969,2018,49574,43318,-44359,-9
8152,0,51710,38420,-48075,-6078,-64133,-6
8153,0,50319,63687,42792,-65536,15154,-7
8154,0,-32194,58178,-30407,54183,38540,7
8155,0,-39450,-31363,-43019,-9026,49583,5
8156,0,21320,56580,-20476,58888,13712,2
8157,0,-8812,57908,25440,-57405,11645,-3
8158,0,38104,57006,-56458,-10524,-65536,1
8159,0,-64750,-5017,37815,20362,-61670,7
8160,0,-2966,-57415,32665,57401,-3230,-7
8161,0,12002,-23905,6640,18888,-18941,-9
8162,0,44479,-32840,24631,47290,28644,3
8163,0,-18207,54794,53115,-15634,-55583,-9
8164,0,-49463,-47306,40108,61463,-30112,-6
8165,0,5739,-64036,42316,54918,33431,5
8166,0,28652,3420,-60608,-27051,-10043,-10
8167,0,37900,-29187,49222,-6308,47419,5
8168,0,45071,-21844,7198,49804,-5299,-5
8169,0,-54923,-62942,-44710,-23150,65535,1
8170,0,29542,-3302,48382,-17676,23899,7
8171,0,45718,52877,-16239,65535,5550,-1
8172,0,53291,-24894,-61632,-56991,14551,2
8173,0,63718,10464,33985,-14158,63000,1
8174,0,36215,-19493,12579,40884,4475,4
8175,0,47950,-56939,26256,65535,28166,-6
8176,0,44278,-335,-25629,14549,-41821,-3
8177,0,-36986,-49905,49398,61328,9865,-2
8178,0,-59418,-12706,31552,9224,-60057,0
8179,0,-1601,-42333,-47340,-31394,28444,-4
8180,0,20284,48406,51917,-45510,-26142,-6
8181,0,57146,16534,15649,30538,51054,1
8182,0,-39611,45219,40447,-27954,-53220,7
8183,0,30801,20882,36561,-26116,26509,-7
8184,0,1719,2893,-157,1741,2880,0
8185,0,41173,-51159,13323,63559,-16515,-5
8186,0,46603,57906,44238,-65536,9449,-7
8187,0,-4219,1049,41600,777,-4277,0
8188,0,-48887,-11254,60884,50165,162,1
8189,0,62152,7765,24906,15633,60653,-7
8190,0,-36430,-35039,-62809,31564,39479,6
8191,0,-19919,-62191,7785,4154,-65171,-9
8192,1,32768,19,0,32768,-3,14
8193,1,32767,220,0,32768,6,137
8194,1,32765,421,0,32768,15,259
8195,1,32762,622,0,32768,-8,401
8196,1,32758,823,0,32769,1,523
8197,1,32752,1024,0,32768,10,645
8198,1,32745,1225,0,32768,-13,788
8199,1,32737,1426,0,32768,-3,910
8200,1,32728,1626,0,32768,5,1032
8201,1,32717,1827,0,32768,14,1155
8202,1,32705,2028,0,32768,-9,1297
8203,1,32692,2229,0,32768,1,1420
8204,1,32678,2429,0,32768,10,1542
8205,1,32662,2630,0,32768,-9,1682
8206,1,32646,2830,0,32769,0,1804
8207,1,32628,3030,0,32769,9,1926
8208,1,32608,3230,0,32768,-14,2069
8209,1,32588,3430,0,32768,-5,2191
8210,1,32566,3630,0,32768,4,2313
8211,1,32543,3830,0,32768,13,2435
8212,1,32519,4030,0,32768,-9,2578
8213,1,32494,4229,0,32768,-1,2700
8214,1,32467,4428,0,32768,8,2822
8215,1,32440,4628,0,32769,-14,2965
8216,1,32411,4826,0,32769,-5,3087
8217,1,32380,5025,0,32768,4,3209
8218,1,32349,5224,0,32768,14,3331
8219,1,32316,5422,0,32768,-10,3474
8220,1,32282,5620,0,32768,-1,3596
8221,1,32247,5818,0,32768,8,3718
8222,1,32211,6016,0,32768,-14,3861
8223,1,32173,6214,0,32768,-5,3983
8224,1,32135,6411,0,32768,4,4105
8225,1,32095,6608,0,32768,-15,4245
8226,1,32054,6805,0,32769,-6,4367
8227,1,32011,7001,0,32768,3,4490
8228,1,31968,7198,0,32768,13,4612
8229,1,31923,7394,0,32768,-10,4754
8230,1,31877,7589,0,32768,-2,4877
8231,1,31830,7785,0,32768,8,4999
8232,1,31781,7980,0,32768,-15,5141
8233,1,31732,8175,0,32768,-6,5264
8234,1,31681,8369,0,32768,3,5386
8235,1,31629,8564,0,32768,13,5508
8236,1,31576,8758,0,32768,-10,5650
8237,1,31522,8951,0,32768,-1,5773
8238,1,31466,9144,0,32768,8,5895
8239,1,31410,9337,0,32769,-15,6037
8240,1,31352,9530,0,32769,-6,6160
8241,1,31293,9722,0,32769,3,6282
8242,1,31232,9914,0,32768,13,6404
8243,1,31171,10105,0,32768,-11,6547
8244,1,31108,10296,0,32767,-2,6669
8245,1,31045,10487,0,32769,0,6796
8246,1,30980,10677,0,32768,9,6918
8247,1,30914,10867,0,32769,-14,7061
8248,1,30846,11057,0,32768,-4,7183
8249,1,30778,11246,0,32769,5,7305
8250,1,30708,11434,0,32768,13,7427
8251,1,30638,11623,0,32769,-9,7570
8252,1,30566,11810,0,32768,-1,7692
8253,1,30493,11998,0,32769,9,7814
8254,1,30418,12185,0,32768,-13,7956
8255,1,30343,12371,0,32768,-5,8079
8256,1,30267,12557,0,32769,4,8201
8257,1,30189,12742,0,32768,13,8323
8258,1,30110,12927,0,32768,-10,8466
8259,1,30030,13112,0,32768,0,8588
8260,1,29949,13296,0,32768,9,8710
8261,1,29867,13479,0,32768,-14,8853
8262,1,29784,13662,0,32768,-6,8975
8263,1,29699,13845,0,32768,4,9097
8264,1,29614,14027,0,32768,13,9220
8265,1,29527,14208,0,32768,-6,9359
8266,1,29440,14389,0,32768,3,9481
8267,1,29351,14570,0,32769,13,9604
8268,1,29261,14749,0,32768,-11,9746
8269,1,29170,14929,0,32768,-1,9869
8270,1,29078,15107,0,32768,7,9991
8271,1,28984,15286,0,32768,-14,10133
8272,1,28890,15463,0,32768,-6,10256
8273,1,28795,15640,0,32768,3,10378
8274,1,28698,15816,0,32768,12,10500
8275,1,28601,15992,0,32768,-11,10642
8276,1,28502,16167,0,32768,-1,10764
8277,1,28402,16342,0,32768,8,10887
8278,1,28301,16516,0,32768,-15,11029
8279,1,28199,16689,0,32767,-6,11152
8280,1,28096,16862,0,32768,3,11274
8281,1,27992,17034,0,32768,13,11396
8282,1,27887,17206,0,32768,-10,11539
8283,1,27781,17376,0,32767,-1,11661
8284,1,27674,17547,0,32768,8,11783
8285,1,27566,17716,0,32768,-11,11923
8286,1,27457,17885,0,32768,-2,12045
8287,1,27347,18053,0,32769,7,12167
8288,1,27235,18220,0,32768,16,12290
8289,1,27123,18387,0,32768,-7,12432
8290,1,27010,18553,0,32768,2,12554
8291,1,26895,18719,0,32768,12,12677
8292,1,26780,18883,0,32768,-12,12819
8293,1,26664,19047,0,32768,-3,12941
8294,1,26546,19210,0,32768,6,13064
8295,1,26428,19373,0,32768,16,13185
8296,1,26308,19535,0,32768,-6,13328
8297,1,26188,19696,0,32768,2,13450
8298,1,26067,19856,0,32768,11,13573
8299,1,25944,20016,0,32768,-11,13715
8300,1,25821,20175,0,32768,-2,13837
8301,1,25697,20333,0,32769,7,13960
8302,1,25572,20490,0,32768,16,14082
8303,1,25445,20646,0,32768,-7,14224
8304,1,25318,20802,0,32768,2,14347
8305,1,25190,20957,0,32768,15,14466
8306,1,25061,21111,0,32768,-8,14609
8307,1,24931,21265,0,32768,2,14731
8308,1,24800,21417,0,32768,11,14853
8309,1,24668,21569,0,32768,-12,14996
8310,1,24535,21720,0,32768,-3,15118
8311,1,24402,21870,0,32768,6,15240
8312,1,24267,22019,0,32768,15,15362
8313,1,24131,22168,0,32768,-7,15505
8314,1,23995,22316,0,32768,2,15627
8315,1,23858,22462,0,32768,10,15749
8316,1,23719,22608,0,32768,-12,15892
8317,1,23580,22753,0,32768,-3,16014
8318,1,23440,22898,0,32768,6,16136
8319,1,23299,23041,0,32768,15,16258
8320,1,23157,23184,0,32768,14,16388
8321,1,23015,23325,0,32768,-10,16530
8322,1,22871,23466,0,32768,-1,16652
8323,1,22727,23606,0,32768,8,16775
8324,1,22581,23745,0,32768,-14,16917
8325,1,22435,23883,0,32768,-5,17039
8326,1,22288,24020,0,32768,4,17161
8327,1,22140,24157,0,32768,14,17283
8328,1,21992,24292,0,32768,-10,17426
8329,1,21842,24426,0,32768,-1,17548
8330,1,21692,24560,0,32768,9,17671
8331,1,21541,24693,0,32768,-14,17813
8332,1,21389,24824,0,32768,-5,17935
8333,1,21236,24955,0,32768,4,18058
8334,1,21083,25085,0,32768,13,18180
8335,1,20929,25214,0,32769,-10,18322
8336,1,20773,25342,0,32768,4,18442
8337,1,20618,25469,0,32769,12,18564
8338,1,20461,25595,0,32768,-10,18707
8339,1,20303,25720,0,32768,-1,18829
8340,1,20145,25844,0,32768,8,18951
8341,1,19986,25967,0,32768,-15,19094
8342,1,19827,26089,0,32768,-7,19216
8343,1,19666,26210,0,32768,3,19338
8344,1,19505,26331,0,32768,12,19460
8345,1,19343,26450,0,32768,-11,19603
8346,1,19180,26568,0,32768,-1,19725
8347,1,19017,26685,0,32768,8,19847
8348,1,18853,26801,0,32768,-16,19990
8349,1,18688,26916,0,32768,-6,20112
8350,1,18523,27031,0,32769,3,20234
8351,1,18356,27144,0,32768,12,20356
8352,1,18189,27256,0,32768,-10,20499
8353,1,18022,27367,0,32768,-2,20621
8354,1,17854,27477,0,32768,7,20743
8355,1,17685,27586,0,32768,-16,20886
8356,1,17515,27694,0,32768,-3,21005
8357,1,17345,27801,0,32768,6,21128
8358,1,17174,27907,0,32768,16,21250
8359,1,17002,28012,0,32768,-7,21392
8360,1,16830,28116,0,32768,2,21515
8361,1,16657,28218,0,32768,11,21637
8362,1,16484,28320,0,32768,-12,21779
8363,1,16310,28421,0,32768,-3,21902
8364,1,16135,28520,0,32768,6,22024
8365,1,15960,28619,0,32768,15,22146
8366,1,15784,28716,0,32768,-7,22288
8367,1,15607,28812,0,32768,2,22411
8368,1,15430,28908,0,32768,11,22533
8369,1,15253,29002,0,32769,-12,22675
8370,1,15074,29095,0,32768,-2,22798
8371,1,14896,29187,0,32769,6,22920
8372,1,14716,29278,0,32768,16,23042
8373,1,14536,29367,0,32768,-7,23185
8374,1,14356,29456,0,32768,1,23307
8375,1,14175,29543,0,32768,10,23429
8376,1,13993,29630,0,32768,-8,23569
8377,1,13811,29715,0,32768,1,23691
8378,1,13629,29799,0,32768,10,23813
8379,1,13446,29882,0,32768,-13,23956
8380,1,13262,29964,0,32768,-4,24078
8381,1,13078,30045,0,32768,5,24200
8382,1,12893,30125,0,32768,15,24323
8383,1,12708,30203,0,32768,-8,24465
8384,1,12523,30281,0,32768,0,24587
8385,1,12337,30357,0,32768,10,24710
8386,1,12150,30432,0,32768,-13,24852
8387,1,11963,30506,0,32768,-3,24974
8388,1,11776,30579,0,32768,5,25096
8389,1,11588,30651,0,32768,15,25219
8390,1,11400,30721,0,32768,-9,25361
8391,1,11211,30791,0,32768,1,25483
8392,1,11022,30859,0,32768,10,25606
8393,1,10832,30926,0,32768,-13,25748
8394,1,10642,30992,0,32768,-4,25870
8395,1,10452,31056,0,32768,5,25993
8396,1,10261,31120,0,32768,7,26119
8397,1,10070,31182,0,32768,16,26242
8398,1,9878,31244,0,32769,-6,26384
8399,1,9687,31304,0,32769,2,26507
8400,1,9494,31362,0,32768,11,26629
8401,1,9302,31420,0,32768,-12,26771
8402,1,9109,31477,0,32769,-3,26894
8403,1,8915,31532,0,32768,7,27016
8404,1,8722,31586,0,32768,15,27138
8405,1,8528,31639,0,32768,-7,27280
8406,1,8333,31691,0,32768,3,27402
8407,1,8139,31741,0,32768,11,27525
8408,1,7944,31790,0,32768,-12,27667
8409,1,7749,31839,0,32769,-3,27790
8410,1,7553,31886,0,32768,7,27912
8411,1,7357,31931,0,32768,-16,28054
8412,1,7161,31976,0,32768,-7,28177
8413,1,6965,32019,0,32768,2,28299
8414,1,6768,32061,0,32768,11,28421
8415,1,6572,32102,0,32768,-12,28564
8416,1,6374,32142,0,32768,2,28683
8417,1,6177,32181,0,32769,11,28805
8418,1,5980,32218,0,32768,-13,28948
8419,1,5782,32254,0,32768,-3,29070
8420,1,5584,32289,0,32768,6,29192
8421,1,5386,32322,0,32768,14,29314
8422,1,5187,32355,0,32768,-8,29457
8423,1,4988,32386,0,32768,1,29579
8424,1,4790,32416,0,32768,10,29702
8425,1,4591,32445,0,32768,-13,29844
8426,1,4392,32472,0,32768,-4,29966
8427,1,4192,32499,0,32768,6,30088
8428,1,3993,32524,0,32768,15,30210
8429,1,3793,32548,0,32768,-8,30353
8430,1,3593,32570,0,32768,1,30475
8431,1,3393,32592,0,32768,10,30597
8432,1,3193,32612,0,32768,-12,30740
8433,1,2993,32631,0,32768,-4,30862
8434,1,2793,32649,0,32768,5,30985
8435,1,2592,32665,0,32768,15,31107
8436,1,2392,32681,0,32769,-4,31247
8437,1,2191,32695,0,32769,5,31369
8438,1,1991,32707,0,32768,13,31491
8439,1,1790,32719,0,32768,-9,31634
8440,1,1589,32729,0,32768,0,31756
8441,1,1388,32739,0,32768,9,31878
8442,1,1188,32746,0,32768,-14,32021
8443,1,987,32753,0,32768,-5,32143
8444,1,786,32759,0,32769,4,32265
8445,1,585,32763,0,32768,13,32387
8446,1,384,32766,0,32768,-10,32530
8447,1,182,32767,0,32768,0,32652
8448,1,-19,32768,0,32768,-3,32782
8449,1,-220,32767,0,32768,6,32905
8450,1,-421,32765,0,32768,15,33027
8451,1,-622,32762,0,32768,-8,33169
8452,1,-823,32758,0,32769,1,33291
8453,1,-1024,32752,0,32768,10,33413
8454,1,-1225,32745,0,32768,-13,33556
8455,1,-1426,32737,0,32768,-3,33678
8456,1,-1626,32728,0,32768,5,33800
8457,1,-1827,32717,0,32768,14,33923
8458,1,-2028,32705,0,32768,-9,34065
8459,1,-2229,32692,0,32768,1,34188
8460,1,-2429,32678,0,32768,10,34310
8461,1,-2630,32662,0,32768,-9,34450
8462,1,-2830,32646,0,32769,0,34572
8463,1,-3030,32628,0,32769,9,34694
8464,1,-3230,32608,0,32768,-14,34837
8465,1,-3430,32588,0,32768,-5,34959
8466,1,-3630,32566,0,32768,4,35081
8467,1,-3830,32543,0,32768,13,35203
8468,1,-4030,32519,0,32768,-9,35346
8469,1,-4229,32494,0,32768,-1,35468
8470,1,-4428,32467,0,32768,8,35590
8471,1,-4628,32440,0,32769,-14,35733
8472,1,-4826,32411,0,32769,-5,35855
8473,1,-5025,32380,0,32768,4,35977
8474,1,-5224,32349,0,32768,14,36099
8475,1,-5422,32316,0,32768,-10,36242
8476,1,-5620,32282,0,32768,-1,36364
8477,1,-5818,32247,0,32768,8,36486
8478,1,-6016,32211,0,32768,-14,36629
8479,1,-6214,32173,0,32768,-5,36751
8480,1,-6411,32135,0,32768,4,36873
8481,1,-6608,32095,0,32768,-15,37013
8482,1,-6805,32054,0,32769,-6,37135
8483,1,-7001,32011,0,32768,3,37258
8484,1,-7198,31968,0,32768,13,37380
8485,1,-7394,31923,0,32768,-10,37522
8486,1,-7589,31877,0,32768,-2,37645
8487,1,-7785,31830,0,32768,8,37767
8488,1,-7980,31781,0,32768,-15,37909
8489,1,-8175,31732,0,32768,-6,38032
8490,1,-8369,31681,0,32768,3,38154
8491,1,-8564,31629,0,32768,13,38276
8492,1,-8758,31576,0,32768,-10,38418
8493,1,-8951,31522,0,32768,-1,38541
8494,1,-9144,31466,0,32768,8,38663
8495,1,-9337,31410,0,32769,-15,38805
8496,1,-9530,31352,0,32769,-6,38928
8497,1,-9722,31293,0,32769,3,39050
8498,1,-9914,31232,0,32768,13,39172
8499,1,-10105,31171,0,32768,-11,39315
8500,1,-10296,31108,0,32767,-2,39437
8501,1,-10487,31045,0,32769,0,39564
8502,1,-10677,30980,0,32768,9,39686
8503,1,-10867,30914,0,32769,-14,39829
8504,1,-11057,30846,0,32768,-4,39951
8505,1,-11246,30778,0,32769,5,40073
8506,1,-11434,30708,0,32768,13,40195
8507,1,-11623,30638,0,32769,-9,40338
8508,1,-11810,30566,0,32768,-1,40460
8509,1,-11998,30493,0,32769,9,40582
8510,1,-12185,30418,0,32768,-13,40724
8511,1,-12371,30343,0,32768,-5,40847
8512,1,-12557,30267,0,32769,4,40969
8513,1,-12742,30189,0,32768,13,41091
8514,1,-12927,30110,0,32768,-10,41234
8515,1,-13112,30030,0,32768,0,41356
8516,1,-13296,29949,0,32768,9,41478
8517,1,-13479,29867,0,32768,-14,41621
8518,1,-13662,29784,0,32768,-6,41743
8519,1,-13845,29699,0,32768,4,41865
8520,1,-14027,29614,0,32768,13,41988
8521,1,-14208,29527,0,32768,-6,42127
8522,1,-14389,29440,0,32768,3,42249
8523,1,-14570,29351,0,32769,13,42372
8524,1,-14749,29261,0,32768,-11,42514
8525,1,-14929,29170,0,32768,-1,42637
8526,1,-15107,29078,0,32768,7,42759
8527,1,-15286,28984,0,32768,-14,42901
8528,1,-15463,28890,0,32768,-6,43024
8529,1,-15640,28795,0,32768,3,43146
8530,1,-15816,28698,0,32768,12,43268
8531,1,-15992,28601,0,32768,-11,43410
8532,1,-16167,28502,0,32768,-1,43532
8533,1,-16342,28402,0,32768,8,43655
8534,1,-16516,28301,0,32768,-15,43797
8535,1,-16689,28199,0,32767,-6,43920
8536,1,-16862,28096,0,32768,3,44042
8537,1,-17034,27992,0,32768,13,44164
8538,1,-17206,27887,0,32768,-10,44307
8539,1,-17376,27781,0,32767,-1,44429
8540,1,-17547,27674,0,32768,8,44551
8541,1,-17716,27566,0,32768,-11,44691
8542,1,-17885,27457,0,32768,-2,44813
8543,1,-18053,27347,0,32769,7,44935
8544,1,-18220,27235,0,32768,16,45058
8545,1,-18387,27123,0,32768,-7,45200
8546,1,-18553,27010,0,32768,2,45322
8547,1,-18719,26895,0,32768,12,45445
8548,1,-18883,26780,0,32768,-12,45587
8549,1,-19047,26664,0,32768,-3,45709
8550,1,-19210,26546,0,32768,6,45832
8551,1,-19373,26428,0,32768,16,45953
8552,1,-19535,26308,0,32768,-6,46096
8553,1,-19696,26188,0,32768,2,46218
8554,1,-19856,26067,0,32768,11,46341
8555,1,-20016,25944,0,32768,-11,46483
8556,1,-20175,25821,0,32768,-2,46605
8557,1,-20333,25697,0,32769,7,46728
8558,1,-20490,25572,0,32768,16,46850
8559,1,-20646,25445,0,32768,-7,46992
8560,1,-20802,25318,0,32768,2,47115
8561,1,-20957,25190,0,32768,15,47234
8562,1,-21111,25061,0,32768,-8,47377
8563,1,-21265,24931,0,32768,2,47499
8564,1,-21417,24800,0,32768,11,47621
8565,1,-21569,24668,0,32768,-12,47764
8566,1,-21720,24535,0,32768,-3,47886
8567,1,-21870,24402,0,32768,6,48008
8568,1,-22019,24267,0,32768,15,48130
8569,1,-22168,24131,0,32768,-7,48273
8570,1,-22316,23995,0,32768,2,48395
8571,1,-22462,23858,0,32768,10,48517
8572,1,-22608,23719,0,32768,-12,48660
8573,1,-22753,23580,0,32768,-3,48782
8574,1,-22898,23440,0,32768,6,48904
8575,1,-23041,23299,0,32768,15,49026
8576,1,-23184,23157,0,32768,14,49156
8577,1,-23325,23015,0,32768,-10,49298
8578,1,-23466,22871,0,32768,-1,49420
8579,1,-23606,22727,0,32768,8,49543
8580,1,-23745,22581,0,32768,-14,49685
8581,1,-23883,22435,0,32768,-5,49807
8582,1,-24020,22288,0,32768,4,49929
8583,1,-24157,22140,0,32768,14,50051
8584,1,-24292,21992,0,32768,-10,50194
8585,1,-24426,21842,0,32768,-1,50316
8586,1,-24560,21692,0,32768,9,50439
8587,1,-24693,21541,0,32768,-14,50581
8588,1,-24824,21389,0,32768,-5,50703
8589,1,-24955,21236,0,32768,4,50826
8590,1,-25085,21083,0,32768,13,50948
8591,1,-25214,20929,0,32769,-10,51090
8592,1,-25342,20773,0,32768,4,51210
8593,1,-25469,20618,0,32769,12,51332
8594,1,-25595,20461,0,32768,-10,51475
8595,1,-25720,20303,0,32768,-1,51597
8596,1,-25844,20145,0,32768,8,51719
8597,1,-25967,19986,0,32768,-15,51862
8598,1,-26089,19827,0,32768,-7,51984
8599,1,-26210,19666,0,32768,3,52106
8600,1,-26331,19505,0,32768,12,52228
8601,1,-26450,19343,0,32768,-11,52371
8602,1,-26568,19180,0,32768,-1,52493
8603,1,-26685,19017,0,32768,8,52615
8604,1,-26801,18853,0,32768,-16,52758
8605,1,-26916,18688,0,32768,-6,52880
8606,1,-27031,18523,0,32769,3,53002
8607,1,-27144,18356,0,32768,12,53124
8608,1,-27256,18189,0,32768,-10,53267
8609,1,-27367,18022,0,32768,-2,53389
8610,1,-27477,17854,0,32768,7,53511
8611,1,-27586,17685,0,32768,-16,53654
8612,1,-27694,17515,0,32768,-3,53773
8613,1,-27801,17345,0,32768,6,53896
8614,1,-27907,17174,0,32768,16,54018
8615,1,-28012,17002,0,32768,-7,54160
8616,1,-28116,16830,0,32768,2,54283
8617,1,-28218,16657,0,32768,11,54405
8618,1,-28320,16484,0,32768,-12,54547
8619,1,-28421,16310,0,32768,-3,54670
8620,1,-28520,16135,0,32768,6,54792
8621,1,-28619,15960,0,32768,15,54914
8622,1,-28716,15784,0,32768,-7,55056
8623,1,-28812,15607,0,32768,2,55179
8624,1,-28908,15430,0,32768,11,55301
8625,1,-29002,15253,0,32769,-12,55443
8626,1,-29095,15074,0,32768,-2,55566
8627,1,-29187,14896,0,32769,6,55688
8628,1,-29278,14716,0,32768,16,55810
8629,1,-29367,14536,0,32768,-7,55953
8630,1,-29456,14356,0,32768,1,56075
8631,1,-29543,14175,0,32768,10,56197
8632,1,-29630,13993,0,32768,-8,56337
8633,1,-29715,13811,0,32768,1,56459
8634,1,-29799,13629,0,32768,10,56581
8635,1,-29882,13446,0,32768,-13,56724
8636,1,-29964,13262,0,32768,-4,56846
8637,1,-30045,13078,0,32768,5,56968
8638,1,-30125,12893,0,32768,15,57091
8639,1,-30203,12708,0,32768,-8,57233
8640,1,-30281,12523,0,32768,0,57355
8641,1,-30357,12337,0,32768,10,57478
8642,1,-30432,12150,0,32768,-13,57620
8643,1,-30506,11963,0,32768,-3,57742
8644,1,-30579,11776,0,32768,5,57864
8645,1,-30651,11588,0,32768,15,57987
8646,1,-30721,11400,0,32768,-9,58129
8647,1,-30791,11211,0,32768,1,58251
8648,1,-30859,11022,0,32768,10,58374
8649,1,-30926,10832,0,32768,-13,58516
8650,1,-30992,10642,0,32768,-4,58638
8651,1,-31056,10452,0,32768,5,58761
8652,1,-31120,10261,0,32768,7,58887
8653,1,-31182,10070,0,32768,16,59010
8654,1,-31244,9878,0,32769,-6,59152
8655,1,-31304,9687,0,32769,2,59275
8656,1,-31362,9494,0,32768,11,59397
8657,1,-31420,9302,0,32768,-12,59539
8658,1,-31477,9109,0,32769,-3,59662
8659,1,-31532,8915,0,32768,7,59784
8660,1,-31586,8722,0,32768,15,59906
8661,1,-31639,8528,0,32768,-7,60048
8662,1,-31691,8333,0,32768,3,60170
8663,1,-31741,8139,0,32768,11,60293
8664,1,-31790,7944,0,32768,-12,60435
8665,1,-31839,7749,0,32769,-3,60558
8666,1,-31886,7553,0,32768,7,60680
8667,1,-31931,7357,0,32768,-16,60822
8668,1,-31976,7161,0,32768,-7,60945
8669,1,-32019,6965,0,32768,2,61067
8670,1,-32061,6768,0,32768,11,61189
8671,1,-32102,6572,0,32768,-12,61332
8672,1,-32142,6374,0,32768,2,61451
8673,1,-32181,6177,0,32769,11,61573
8674,1,-32218,5980,0,32768,-13,61716
8675,1,-32254,5782,0,32768,-3,61838
8676,1,-32289,5584,0,32768,6,61960
8677,1,-32322,5386,0,32768,14,62082
8678,1,-32355,5187,0,32768,-8,62225
8679,1,-32386,4988,0,32768,1,62347
8680,1,-32416,4790,0,32768,10,62470
8681,1,-32445,4591,0,32768,-13,62612
8682,1,-32472,4392,0,32768,-4,62734
8683,1,-32499,4192,0,32768,6,62856
8684,1,-32524,3993,0,32768,15,62978
8685,1,-32548,3793,0,32768,-8,63121
8686,1,-32570,3593,0,32768,1,63243
8687,1,-32592,3393,0,32768,10,63365
8688,1,-32612,3193,0,32768,-12,63508
8689,1,-32631,2993,0,32768,-4,63630
8690,1,-32649,2793,0,32768,5,63753
8691,1,-32665,2592,0,32768,15,63875
8692,1,-32681,2392,0,32769,-4,64015
8693,1,-32695,2191,0,32769,5,64137
8694,1,-32707,1991,0,32768,13,64259
8695,1,-32719,1790,0,32768,-9,64402
8696,1,-32729,1589,0,32768,0,64524
8697,1,-32739,1388,0,32768,9,64646
8698,1,-32746,1188,0,32768,-14,64789
8699,1,-32753,987,0,32768,-5,64911
8700,1,-32759,786,0,32769,4,65033
8701,1,-32763,585,0,32768,13,65155
8702,1,-32766,384,0,32768,-10,65298
8703,1,-32767,182,0,32768,0,65420
8704,1,-32768,-19,0,32768,-3,-65522
8705,1,-32767,-220,0,32768,6,-65399
8706,1,-32765,-421,0,32768,15,-65277
8707,1,-32762,-622,0,32768,-8,-65135
8708,1,-32758,-823,0,32769,1,-65013
8709,1,-32752,-1024,0,32768,10,-64891
8710,1,-32745,-1225,0,32768,-13,-64748
8711,1,-32737,-1426,0,32768,-3,-64626
8712,1,-32728,-1626,0,32768,5,-64504
8713,1,-32717,-1827,0,32768,14,-64381
8714,1,-32705,-2028,0,32768,-9,-64239
8715,1,-32692,-2229,0,32768,1,-64116
8716,1,-32678,-2429,0,32768,10,-63994
8717,1,-32662,-2630,0,32768,-9,-63854
8718,1,-32646,-2830,0,32769,0,-63732
8719,1,-32628,-3030,0,32769,9,-63610
8720,1,-32608,-3230,0,32768,-14,-63467
8721,1,-32588,-3430,0,32768,-5,-63345
8722,1,-32566,-3630,0,32768,4,-63223
8723,1,-32543,-3830,0,32768,13,-63101
8724,1,-32519,-4030,0,32768,-9,-62958
8725,1,-32494,-4229,0,32768,-1,-62836
8726,1,-32467,-4428,0,32768,8,-62714
8727,1,-32440,-4628,0,32769,-14,-62571
8728,1,-32411,-4826,0,32769,-5,-62449
8729,1,-32380,-5025,0,32768,4,-62327
8730,1,-32349,-5224,0,32768,14,-62205
8731,1,-32316,-5422,0,32768,-10,-62062
8732,1,-32282,-5620,0,32768,-1,-61940
8733,1,-32247,-5818,0,32768,8,-61818
8734,1,-32211,-6016,0,32768,-14,-61675
8735,1,-32173,-6214,0,32768,-5,-61553
8736,1,-32135,-6411,0,32768,4,-61431
8737,1,-32095,-6608,0,32768,-15,-61291
8738,1,-32054,-6805,0,32769,-6,-61169
8739,1,-32011,-7001,0,32768,3,-61046
8740,1,-31968,-7198,0,32768,13,-60924
8741,1,-31923,-7394,0,32768,-10,-60782
8742,1,-31877,-7589,0,32768,-2,-60659
8743,1,-31830,-7785,0,32768,8,-60537
8744,1,-31781,-7980,0,32768,-15,-60395
8745,1,-31732,-8175,0,32768,-6,-60272
8746,1,-31681,-8369,0,32768,3,-60150
8747,1,-31629,-8564,0,32768,13,-60028
8748,1,-31576,-8758,0,32768,-10,-59886
8749,1,-31522,-8951,0,32768,-1,-59763
8750,1,-31466,-9144,0,32768,8,-59641
8751,1,-31410,-9337,0,32769,-15,-59499
8752,1,-31352,-9530,0,32769,-6,-59376
8753,1,-31293,-9722,0,32769,3,-59254
8754,1,-31232,-9914,0,32768,13,-59132
8755,1,-31171,-10105,0,32768,-11,-58989
8756,1,-31108,-10296,0,32767,-2,-58867
8757,1,-31045,-10487,0,32769,0,-58740
8758,1,-30980,-10677,0,32768,9,-58618
8759,1,-30914,-10867,0,32769,-14,-58475
8760,1,-30846,-11057,0,32768,-4,-58353
8761,1,-30778,-11246,0,32769,5,-58231
8762,1,-30708,-11434,0,32768,13,-58109
8763,1,-30638,-11623,0,32769,-9,-57966
8764,1,-30566,-11810,0,32768,-1,-57844
8765,1,-30493,-11998,0,32769,9,-57722
8766,1,-30418,-12185,0,32768,-13,-57580
8767,1,-30343,-12371,0,32768,-5,-57457
8768,1,-30267,-12557,0,32769,4,-57335
8769,1,-30189,-12742,0,32768,13,-57213
8770,1,-30110,-12927,0,32768,-10,-57070
8771,1,-30030,-13112,0,32768,0,-56948
8772,1,-29949,-13296,0,32768,9,-56826
8773,1,-29867,-13479,0,32768,-14,-56683
8774,1,-29784,-13662,0,32768,-6,-56561
8775,1,-29699,-13845,0,32768,4,-56439
8776,1,-29614,-14027,0,32768,13,-56316
8777,1,-29527,-14208,0,32768,-6,-56177
8778,1,-29440,-14389,0,32768,3,-56055
8779,1,-29351,-14570,0,32769,13,-55932
8780,1,-29261,-14749,0,32768,-11,-55790
8781,1,-29170,-14929,0,32768,-1,-55667
8782,1,-29078,-15107,0,32768,7,-55545
8783,1,-28984,-15286,0,32768,-14,-55403
8784,1,-28890,-15463,0,32768,-6,-55280
8785,1,-28795,-15640,0,32768,3,-55158
8786,1,-28698,-15816,0,32768,12,-55036
8787,1,-28601,-15992,0,32768,-11,-54894
8788,1,-28502,-16167,0,32768,-1,-54772
8789,1,-28402,-16342,0,32768,8,-54649
8790,1,-28301,-16516,0,32768,-15,-54507
8791,1,-28199,-16689,0,32767,-6,-54384
8792,1,-28096,-16862,0,32768,3,-54262
8793,1,-27992,-17034,0,32768,13,-54140
8794,1,-27887,-17206,0,32768,-10,-53997
8795,1,-27781,-17376,0,32767,-1,-53875
8796,1,-27674,-17547,0,32768,8,-53753
8797,1,-27566,-17716,0,32768,-11,-53613
8798,1,-27457,-17885,0,32768,-2,-53491
8799,1,-27347,-18053,0,32769,7,-53369
8800,1,-27235,-18220,0,32768,16,-53246
8801,1,-27123,-18387,0,32768,-7,-53104
8802,1,-27010,-18553,0,32768,2,-52982
8803,1,-26895,-18719,0,32768,12,-52859
8804,1,-26780,-18883,0,32768,-12,-52717
8805,1,-26664,-19047,0,32768,-3,-52595
8806,1,-26546,-19210,0,32768,6,-52472
8807,1,-26428,-19373,0,32768,16,-52351
8808,1,-26308,-19535,0,32768,-6,-52208
8809,1,-26188,-19696,0,32768,2,-52086
8810,1,-26067,-19856,0,32768,11,-51963
8811,1,-25944,-20016,0,32768,-11,-51821
8812,1,-25821,-20175,0,32768,-2,-51699
8813,1,-25697,-20333,0,32769,7,-51576
8814,1,-25572,-20490,0,32768,16,-51454
8815,1,-25445,-20646,0,32768,-7,-51312
8816,1,-25318,-20802,0,32768,2,-51189
8817,1,-25190,-20957,0,32768,15,-51070
8818,1,-25061,-21111,0,32768,-8,-50927
8819,1,-24931,-21265,0,32768,2,-50805
8820,1,-24800,-21417,0,32768,11,-50683
8821,1,-24668,-21569,0,32768,-12,-50540
8822,1,-24535,-21720,0,32768,-3,-50418
8823,1,-24402,-21870,0,32768,6,-50296
8824,1,-24267,-22019,0,32768,15,-50174
8825,1,-24131,-22168,0,32768,-7,-50031
8826,1,-23995,-22316,0,32768,2,-49909
8827,1,-23858,-22462,0,32768,10,-49787
8828,1,-23719,-22608,0,32768,-12,-49644
8829,1,-23580,-22753,0,32768,-3,-49522
8830,1,-23440,-22898,0,32768,6,-49400
8831,1,-23299,-23041,0,32768,15,-49278
8832,1,-23157,-23184,0,32768,14,-49148
8833,1,-23015,-23325,0,32768,-10,-49006
8834,1,-22871,-23466,0,32768,-1,-48884
8835,1,-22727,-23606,0,32768,8,-48761
8836,1,-22581,-23745,0,32768,-14,-48619
8837,1,-22435,-23883,0,32768,-5,-48497
8838,1,-22288,-24020,0,32768,4,-48375
8839,1,-22140,-24157,0,32768,14,-48253
8840,1,-21992,-24292,0,32768,-10,-48110
8841,1,-21842,-24426,0,32768,-1,-47988
8842,1,-21692,-24560,0,32768,9,-47865
8843,1,-21541,-24693,0,32768,-14,-47723
8844,1,-21389,-24824,0,32768,-5,-47601
8845,1,-21236,-24955,0,32768,4,-47478
8846,1,-21083,-25085,0,32768,13,-47356
8847,1,-20929,-25214,0,32769,-10,-47214
8848,1,-20773,-25342,0,32768,4,-47094
8849,1,-20618,-25469,0,32769,12,-46972
8850,1,-20461,-25595,0,32768,-10,-46829
8851,1,-20303,-25720,0,32768,-1,-46707
8852,1,-20145,-25844,0,32768,8,-46585
8853,1,-19986,-25967,0,32768,-15,-46442
8854,1,-19827,-26089,0,32768,-7,-46320
8855,1,-19666,-26210,0,32768,3,-46198
8856,1,-19505,-26331,0,32768,12,-46076
8857,1,-19343,-26450,0,32768,-11,-45933
8858,1,-19180,-26568,0,32768,-1,-45811
8859,1,-19017,-26685,0,32768,8,-45689
8860,1,-18853,-26801,0,32768,-16,-45546
8861,1,-18688,-26916,0,32768,-6,-45424
8862,1,-18523,-27031,0,32769,3,-45302
8863,1,-18356,-27144,0,32768,12,-45180
8864,1,-18189,-27256,0,32768,-10,-45037
8865,1,-18022,-27367,0,32768,-2,-44915
8866,1,-17854,-27477,0,32768,7,-44793
8867,1,-17685,-27586,0,32768,-16,-44650
8868,1,-17515,-27694,0,32768,-3,-44531
8869,1,-17345,-27801,0,32768,6,-44408
8870,1,-17174,-27907,0,32768,16,-44286
8871,1,-17002,-28012,0,32768,-7,-44144
8872,1,-16830,-28116,0,32768,2,-44021
8873,1,-16657,-28218,0,32768,11,-43899
8874,1,-16484,-28320,0,32768,-12,-43757
8875,1,-16310,-28421,0,32768,-3,-43634
8876,1,-16135,-28520,0,32768,6,-43512
8877,1,-15960,-28619,0,32768,15,-43390
8878,1,-15784,-28716,0,32768,-7,-43248
8879,1,-15607,-28812,0,32768,2,-43125
8880,1,-15430,-28908,0,32768,11,-43003
8881,1,-15253,-29002,0,32769,-12,-42861
8882,1,-15074,-29095,0,32768,-2,-42738
8883,1,-14896,-29187,0,32769,6,-42616
8884,1,-14716,-29278,0,32768,16,-42494
8885,1,-14536,-29367,0,32768,-7,-42351
8886,1,-14356,-29456,0,32768,1,-42229
8887,1,-14175,-29543,0,32768,10,-42107
8888,1,-13993,-29630,0,32768,-8,-41967
8889,1,-13811,-29715,0,32768,1,-41845
8890,1,-13629,-29799,0,32768,10,-41723
8891,1,-13446,-29882,0,32768,-13,-41580
8892,1,-13262,-29964,0,32768,-4,-41458
8893,1,-13078,-30045,0,32768,5,-41336
8894,1,-12893,-30125,0,32768,15,-41213
8895,1,-12708,-30203,0,32768,-8,-41071
8896,1,-12523,-30281,0,32768,0,-40949
8897,1,-12337,-30357,0,32768,10,-40826
8898,1,-12150,-30432,0,32768,-13,-40684
8899,1,-11963,-30506,0,32768,-3,-40562
8900,1,-11776,-30579,0,32768,5,-40440
8901,1,-11588,-30651,0,32768,15,-40317
8902,1,-11400,-30721,0,32768,-9,-40175
8903,1,-11211,-30791,0,32768,1,-40053
8904,1,-11022,-30859,0,32768,10,-39930
8905,1,-10832,-30926,0,32768,-13,-39788
8906,1,-10642,-30992,0,32768,-4,-39666
8907,1,-10452,-31056,0,32768,5,-39543
8908,1,-10261,-31120,0,32768,7,-39417
8909,1,-10070,-31182,0,32768,16,-39294
8910,1,-9878,-31244,0,32769,-6,-39152
8911,1,-9687,-31304,0,32769,2,-39029
8912,1,-9494,-31362,0,32768,11,-38907
8913,1,-9302,-31420,0,32768,-12,-38765
8914,1,-9109,-31477,0,32769,-3,-38642
8915,1,-8915,-31532,0,32768,7,-38520
8916,1,-8722,-31586,0,32768,15,-38398
8917,1,-8528,-31639,0,32768,-7,-38256
8918,1,-8333,-31691,0,32768,3,-38134
8919,1,-8139,-31741,0,32768,11,-38011
8920,1,-7944,-31790,0,32768,-12,-37869
8921,1,-7749,-31839,0,32769,-3,-37746
8922,1,-7553,-31886,0,32768,7,-37624
8923,1,-7357,-31931,0,32768,-16,-37482
8924,1,-7161,-31976,0,32768,-7,-37359
8925,1,-6965,-32019,0,32768,2,-37237
8926,1,-6768,-32061,0,32768,11,-37115
8927,1,-6572,-32102,0,32768,-12,-36972
8928,1,-6374,-32142,0,32768,2,-36853
8929,1,-6177,-32181,0,32769,11,-36731
8930,1,-5980,-32218,0,32768,-13,-36588
8931,1,-5782,-32254,0,32768,-3,-36466
8932,1,-5584,-32289,0,32768,6,-36344
8933,1,-5386,-32322,0,32768,14,-36222
8934,1,-5187,-32355,0,32768,-8,-36079
8935,1,-4988,-32386,0,32768,1,-35957
8936,1,-4790,-32416,0,32768,10,-35834
8937,1,-4591,-32445,0,32768,-13,-35692
8938,1,-4392,-32472,0,32768,-4,-35570
8939,1,-4192,-32499,0,32768,6,-35448
8940,1,-3993,-32524,0,32768,15,-35326
8941,1,-3793,-32548,0,32768,-8,-35183
8942,1,-3593,-32570,0,32768,1,-35061
8943,1,-3393,-32592,0,32768,10,-34939
8944,1,-3193,-32612,0,32768,-12,-34796
8945,1,-2993,-32631,0,32768,-4,-34674
8946,1,-2793,-32649,0,32768,5,-34551
8947,1,-2592,-32665,0,32768,15,-34429
8948,1,-2392,-32681,0,32769,-4,-34289
8949,1,-2191,-32695,0,32769,5,-34167
8950,1,-1991,-32707,0,32768,13,-34045
8951,1,-1790,-32719,0,32768,-9,-33902
8952,1,-1589,-32729,0,32768,0,-33780
8953,1,-1388,-32739,0,32768,9,-33658
8954,1,-1188,-32746,0,32768,-14,-33515
8955,1,-987,-32753,0,32768,-5,-33393
8956,1,-786,-32759,0,32769,4,-33271
8957,1,-585,-32763,0,32768,13,-33149
8958,1,-384,-32766,0,32768,-10,-33006
8959,1,-182,-32767,0,32768,0,-32884
8960,1,19,-32768,0,32768,-3,-32754
8961,1,220,-32767,0,32768,6,-32631
8962,1,421,-32765,0,32768,15,-32509
8963,1,622,-32762,0,32768,-8,-32367
8964,1,823,-32758,0,32769,1,-32245
8965,1,1024,-32752,0,32768,10,-32123
8966,1,1225,-32745,0,32768,-13,-31980
8967,1,1426,-32737,0,32768,-3,-31858
8968,1,1626,-32728,0,32768,5,-31736
8969,1,1827,-32717,0,32768,14,-31613
8970,1,2028,-32705,0,32768,-9,-31471
8971,1,2229,-32692,0,32768,1,-31348
8972,1,2429,-32678,0,32768,10,-31226
8973,1,2630,-32662,0,32768,-9,-31086
8974,1,2830,-32646,0,32769,0,-30964
8975,1,3030,-32628,0,32769,9,-30842
8976,1,3230,-32608,0,32768,-14,-30699
8977,1,3430,-32588,0,32768,-5,-30577
8978,1,3630,-32566,0,32768,4,-30455
8979,1,3830,-32543,0,32768,13,-30333
8980,1,4030,-32519,0,32768,-9,-30190
8981,1,4229,-32494,0,32768,-1,-30068
8982,1,4428,-32467,0,32768,8,-29946
8983,1,4628,-32440,0,32769,-14,-29803
8984,1,4826,-32411,0,32769,-5,-29681
8985,1,5025,-32380,0,32768,4,-29559
8986,1,5224,-32349,0,32768,14,-29437
8987,1,5422,-32316,0,32768,-10,-29294
8988,1,5620,-32282,0,32768,-1,-29172
8989,1,5818,-32247,0,32768,8,-29050
8990,1,6016,-32211,0,32768,-14,-28907
8991,1,6214,-32173,0,32768,-5,-28785
8992,1,6411,-32135,0,32768,4,-28663
8993,1,6608,-32095,0,32768,-15,-28523
8994,1,6805,-32054,0,32769,-6,-28401
8995,1,7001,-32011,0,32768,3,-28278
8996,1,7198,-31968,0,32768,13,-28156
8997,1,7394,-31923,0,32768,-10,-28014
8998,1,7589,-31877,0,32768,-2,-27891
8999,1,7785,-31830,0,32768,8,-27769
9000,1,7980,-31781,0,32768,-15,-27627
9001,1,8175,-31732,0,32768,-6,-27504
9002,1,8369,-31681,0,32768,3,-27382
9003,1,8564,-31629,0,32768,13,-27260
9004,1,8758,-31576,0,32768,-10,-27118
9005,1,8951,-31522,0,32768,-1,-26995
9006,1,9144,-31466,0,32768,8,-26873
9007,1,9337,-31410,0,32769,-15,-26731
9008,1,9530,-31352,0,32769,-6,-26608
9009,1,9722,-31293,0,32769,3,-26486
9010,1,9914,-31232,0,32768,13,-26364
9011,1,10105,-31171,0,32768,-11,-26221
9012,1,10296,-31108,0,32767,-2,-26099
9013,1,10487,-31045,0,32769,0,-25972
9014,1,10677,-30980,0,32768,9,-25850
9015,1,10867,-30914,0,32769,-14,-25707
9016,1,11057,-30846,0,32768,-4,-25585
9017,1,11246,-30778,0,32769,5,-25463
9018,1,11434,-30708,0,32768,13,-25341
9019,1,11623,-30638,0,32769,-9,-25198
9020,1,11810,-30566,0,32768,-1,-25076
9021,1,11998,-30493,0,32769,9,-24954
9022,1,12185,-30418,0,32768,-13,-24812
9023,1,12371,-30343,0,32768,-5,-24689
9024,1,12557,-30267,0,32769,4,-24567
9025,1,12742,-30189,0,32768,13,-24445
9026,1,12927,-30110,0,32768,-10,-24302
9027,1,13112,-30030,0,32768,0,-24180
9028,1,13296,-29949,0,32768,9,-24058
9029,1,13479,-29867,0,32768,-14,-23915
9030,1,13662,-29784,0,32768,-6,-23793
9031,1,13845,-29699,0,32768,4,-23671
9032,1,14027,-29614,0,32768,13,-23548
9033,1,14208,-29527,0,32768,-6,-23409
9034,1,14389,-29440,0,32768,3,-23287
9035,1,14570,-29351,0,32769,13,-23164
9036,1,14749,-29261,0,32768,-11,-23022
9037,1,14929,-29170,0,32768,-1,-22899
9038,1,15107,-29078,0,32768,7,-22777
9039,1,15286,-28984,0,32768,-14,-22635
9040,1,15463,-28890,0,32768,-6,-22512
9041,1,15640,-28795,0,32768,3,-22390
9042,1,15816,-28698,0,32768,12,-22268
9043,1,15992,-28601,0,32768,-11,-22126
9044,1,16167,-28502,0,32768,-1,-22004
9045,1,16342,-28402,0,32768,8,-21881
9046,1,16516,-28301,0,32768,-15,-21739
9047,1,16689,-28199,0,32767,-6,-21616
9048,1,16862,-28096,0,32768,3,-21494
9049,1,17034,-27992,0,32768,13,-21372
9050,1,17206,-27887,0,32768,-10,-21229
9051,1,17376,-27781,0,32767,-1,-21107
9052,1,17547,-27674,0,32768,8,-20985
9053,1,17716,-27566,0,32768,-11,-20845
9054,1,17885,-27457,0,32768,-2,-20723
9055,1,18053,-27347,0,32769,7,-20601
9056,1,18220,-27235,0,32768,16,-20478
9057,1,18387,-27123,0,32768,-7,-20336
9058,1,18553,-27010,0,32768,2,-20214
9059,1,18719,-26895,0,32768,12,-20091
9060,1,18883,-26780,0,32768,-12,-19949
9061,1,19047,-26664,0,32768,-3,-19827
9062,1,19210,-26546,0,32768,6,-19704
9063,1,19373,-26428,0,32768,16,-19583
9064,1,19535,-26308,0,32768,-6,-19440
9065,1,19696,-26188,0,32768,2,-19318
9066,1,19856,-26067,0,32768,11,-19195
9067,1,20016,-25944,0,32768,-11,-19053
9068,1,20175,-25821,0,32768,-2,-18931
9069,1,20333,-25697,0,32769,7,-18808
9070,1,20490,-25572,0,32768,16,-18686
9071,1,20646,-25445,0,32768,-7,-18544
9072,1,20802,-25318,0,32768,2,-18421
9073,1,20957,-25190,0,32768,15,-18302
9074,1,21111,-25061,0,32768,-8,-18159
9075,1,21265,-24931,0,32768,2,-18037
9076,1,21417,-24800,0,32768,11,-17915
9077,1,21569,-24668,0,32768,-12,-17772
9078,1,21720,-24535,0,32768,-3,-17650
9079,1,21870,-24402,0,32768,6,-17528
9080,1,22019,-24267,0,32768,15,-17406
9081,1,22168,-24131,0,32768,-7,-17263
9082,1,22316,-23995,0,32768,2,-17141
9083,1,22462,-23858,0,32768,10,-17019
9084,1,22608,-23719,0,32768,-12,-16876
9085,1,22753,-23580,0,32768,-3,-16754
9086,1,22898,-23440,0,32768,6,-16632
9087,1,23041,-23299,0,32768,15,-16510
9088,1,23184,-23157,0,32768,14,-16380
9089,1,23325,-23015,0,32768,-10,-16238
9090,1,23466,-22871,0,32768,-1,-16116
9091,1,23606,-22727,0,32768,8,-15993
9092,1,23745,-22581,0,32768,-14,-15851
9093,1,23883,-22435,0,32768,-5,-15729
9094,1,24020,-22288,0,32768,4,-15607
9095,1,24157,-22140,0,32768,14,-15485
9096,1,24292,-21992,0,32768,-10,-15342
9097,1,24426,-21842,0,32768,-1,-15220
9098,1,24560,-21692,0,32768,9,-15097
9099,1,24693,-21541,0,32768,-14,-14955
9100,1,24824,-21389,0,32768,-5,-14833
9101,1,24955,-21236,0,32768,4,-14710
9102,1,25085,-21083,0,32768,13,-14588
9103,1,25214,-20929,0,32769,-10,-14446
9104,1,25342,-20773,0,32768,4,-14326
9105,1,25469,-20618,0,32769,12,-14204
9106,1,25595,-20461,0,32768,-10,-14061
9107,1,25720,-20303,0,32768,-1,-13939
9108,1,25844,-20145,0,32768,8,-13817
9109,1,25967,-19986,0,32768,-15,-13674
9110,1,26089,-19827,0,32768,-7,-13552
9111,1,26210,-19666,0,32768,3,-13430
9112,1,26331,-19505,0,32768,12,-13308
9113,1,26450,-19343,0,32768,-11,-13165
9114,1,26568,-19180,0,32768,-1,-13043
9115,1,26685,-19017,0,32768,8,-12921
9116,1,26801,-18853,0,32768,-16,-12778
9117,1,26916,-18688,0,32768,-6,-12656
9118,1,27031,-18523,0,32769,3,-12534
9119,1,27144,-18356,0,32768,12,-12412
9120,1,27256,-18189,0,32768,-10,-12269
9121,1,27367,-18022,0,32768,-2,-12147
9122,1,27477,-17854,0,32768,7,-12025
9123,1,27586,-17685,0,32768,-16,-11882
9124,1,27694,-17515,0,32768,-3,-11763
9125,1,27801,-17345,0,32768,6,-11640
9126,1,27907,-17174,0,32768,16,-11518
9127,1,28012,-17002,0,32768,-7,-11376
9128,1,28116,-16830,0,32768,2,-11253
9129,1,28218,-16657,0,32768,11,-11131
9130,1,28320,-16484,0,32768,-12,-10989
9131,1,28421,-16310,0,32768,-3,-10866
9132,1,28520,-16135,0,32768,6,-10744
9133,1,28619,-15960,0,32768,15,-10622
9134,1,28716,-15784,0,32768,-7,-10480
9135,1,28812,-15607,0,32768,2,-10357
9136,1,28908,-15430,0,32768,11,-10235
9137,1,29002,-15253,0,32769,-12,-10093
9138,1,29095,-15074,0,32768,-2,-9970
9139,1,29187,-14896,0,32769,6,-9848
9140,1,29278,-14716,0,32768,16,-9726
9141,1,29367,-14536,0,32768,-7,-9583
9142,1,29456,-14356,0,32768,1,-9461
9143,1,29543,-14175,0,32768,10,-9339
9144,1,29630,-13993,0,32768,-8,-9199
9145,1,29715,-13811,0,32768,1,-9077
9146,1,29799,-13629,0,32768,10,-8955
9147,1,29882,-13446,0,32768,-13,-8812
9148,1,29964,-13262,0,32768,-4,-8690
9149,1,30045,-13078,0,32768,5,-8568
9150,1,30125,-12893,0,32768,15,-8445
9151,1,30203,-12708,0,32768,-8,-8303
9152,1,30281,-12523,0,32768,0,-8181
9153,1,30357,-12337,0,32768,10,-8058
9154,1,30432,-12150,0,32768,-13,-7916
9155,1,30506,-11963,0,32768,-3,-7794
9156,1,30579,-11776,0,32768,5,-7672
9157,1,30651,-11588,0,32768,15,-7549
9158,1,30721,-11400,0,32768,-9,-7407
9159,1,30791,-11211,0,32768,1,-7285
9160,1,30859,-11022,0,32768,10,-7162
9161,1,30926,-10832,0,32768,-13,-7020
9162,1,30992,-10642,0,32768,-4,-6898
9163,1,31056,-10452,0,32768,5,-6775
9164,1,31120,-10261,0,32768,7,-6649
9165,1,31182,-10070,0,32768,16,-6526
9166,1,31244,-9878,0,32769,-6,-6384
9167,1,31304,-9687,0,32769,2,-6261
9168,1,31362,-9494,0,32768,11,-6139
9169,1,31420,-9302,0,32768,-12,-5997
9170,1,31477,-9109,0,32769,-3,-5874
9171,1,31532,-8915,0,32768,7,-5752
9172,1,31586,-8722,0,32768,15,-5630
9173,1,31639,-8528,0,32768,-7,-5488
9174,1,31691,-8333,0,32768,3,-5366
9175,1,31741,-8139,0,32768,11,-5243
9176,1,31790,-7944,0,32768,-12,-5101
9177,1,31839,-7749,0,32769,-3,-4978
9178,1,31886,-7553,0,32768,7,-4856
9179,1,31931,-7357,0,32768,-16,-4714
9180,1,31976,-7161,0,32768,-7,-4591
9181,1,32019,-6965,0,32768,2,-4469
9182,1,32061,-6768,0,32768,11,-4347
9183,1,32102,-6572,0,32768,-12,-4204
9184,1,32142,-6374,0,32768,2,-4085
9185,1,32181,-6177,0,32769,11,-3963
9186,1,32218,-5980,0,32768,-13,-3820
9187,1,32254,-5782,0,32768,-3,-3698
9188,1,32289,-5584,0,32768,6,-3576
9189,1,32322,-5386,0,32768,14,-3454
9190,1,32355,-5187,0,32768,-8,-3311
9191,1,32386,-4988,0,32768,1,-3189
9192,1,32416,-4790,0,32768,10,-3066
9193,1,32445,-4591,0,32768,-13,-2924
9194,1,32472,-4392,0,32768,-4,-2802
9195,1,32499,-4192,0,32768,6,-2680
9196,1,32524,-3993,0,32768,15,-2558
9197,1,32548,-3793,0,32768,-8,-2415
9198,1,32570,-3593,0,32768,1,-2293
9199,1,32592,-3393,0,32768,10,-2171
9200,1,32612,-3193,0,32768,-12,-2028
9201,1,32631,-2993,0,32768,-4,-1906
9202,1,32649,-2793,0,32768,5,-1783
9203,1,32665,-2592,0,32768,15,-1661
9204,1,32681,-2392,0,32769,-4,-1521
9205,1,32695,-2191,0,32769,5,-1399
9206,1,32707,-1991,0,32768,13,-1277
9207,1,32719,-1790,0,32768,-9,-1134
9208,1,32729,-1589,0,32768,0,-1012
9209,1,32739,-1388,0,32768,9,-890
9210,1,32746,-1188,0,32768,-14,-747
9211,1,32753,-987,0,32768,-5,-625
9212,1,32759,-786,0,32769,4,-503
9213,1,32763,-585,0,32768,13,-381
9214,1,32766,-384,0,32768,-10,-238
9215,1,32767,-182,0,32768,0,-116
9216,1,16384,9,0,16384,-2,14
9217,1,16384,110,0,16384,3,137
9218,1,16383,210,0,16384,7,259
9219,1,16381,311,0,16384,-4,401
9220,1,16379,411,0,16384,0,523
9221,1,16376,512,0,16384,5,645
9222,1,16373,612,0,16384,-7,788
9223,1,16368,713,0,16384,-1,910
9224,1,16364,813,0,16384,2,1032
9225,1,16359,914,0,16385,7,1155
9226,1,16353,1014,0,16385,-4,1297
9227,1,16346,1114,0,16384,0,1420
9228,1,16339,1215,0,16384,5,1542
9229,1,16331,1315,0,16384,-5,1682
9230,1,16323,1415,0,16384,0,1804
9231,1,16314,1515,0,16385,4,1926
9232,1,16304,1615,0,16384,-7,2069
9233,1,16294,1715,0,16384,-3,2191
9234,1,16283,1815,0,16384,2,2313
9235,1,16272,1915,0,16385,7,2435
9236,1,16260,2015,0,16385,-5,2578
9237,1,16247,2115,0,16384,0,2700
9238,1,16234,2214,0,16384,4,2822
9239,1,16220,2314,0,16384,-7,2965
9240,1,16205,2413,0,16384,-3,3087
9241,1,16190,2513,0,16384,3,3209
9242,1,16174,2612,0,16384,7,3331
9243,1,16158,2711,0,16384,-5,3474
9244,1,16141,2810,0,16384,-1,3596
9245,1,16124,2909,0,16384,4,3718
9246,1,16105,3008,0,16383,-7,3861
9247,1,16087,3107,0,16384,-2,3983
9248,1,16067,3205,0,16384,2,4105
9249,1,16047,3304,0,16384,-7,4245
9250,1,16027,3402,0,16384,-3,4367
9251,1,16006,3501,0,16385,2,4490
9252,1,15984,3599,0,16384,6,4612
9253,1,15961,3697,0,16384,-5,4754
9254,1,15938,3795,0,16384,0,4877
9255,1,15915,3892,0,16384,3,4999
9256,1,15891,3990,0,16384,-8,5141
9257,1,15866,4087,0,16384,-3,5264
9258,1,15841,4185,0,16385,2,5386
9259,1,15815,4282,0,16385,6,5508
9260,1,15788,4379,0,16384,-5,5650
9261,1,15761,4476,0,16384,0,5773
9262,1,15733,4572,0,16384,4,5895
9263,1,15705,4669,0,16384,-7,6037
9264,1,15676,4765,0,16384,-3,6160
9265,1,15646,4861,0,16384,2,6282
9266,1,15616,4957,0,16384,6,6404
9267,1,15585,5053,0,16384,-5,6547
9268,1,15554,5148,0,16384,-1,6669
9269,1,15522,5244,0,16384,0,6796
9270,1,15490,5339,0,16385,5,6918
9271,1,15457,5434,0,16384,-7,7061
9272,1,15423,5528,0,16384,-3,7183
9273,1,15389,5623,0,16384,2,7305
9274,1,15354,5717,0,16384,7,7427
9275,1,15319,5811,0,16384,-5,7570
9276,1,15283,5905,0,16384,0,7692
9277,1,15246,5999,0,16384,5,7814
9278,1,15209,6092,0,16384,-7,7956
9279,1,15172,6186,0,16385,-2,8079
9280,1,15133,6278,0,16384,2,8201
9281,1,15094,6371,0,16384,7,8323
9282,1,15055,6464,0,16384,-4,8466
9283,1,15015,6556,0,16384,0,8588
9284,1,14975,6648,0,16384,4,8710
9285,1,14934,6740,0,16385,-7,8853
9286,1,14892,6831,0,16384,-3,8975
9287,1,14850,6922,0,16384,2,9097
9288,1,14807,7013,0,16384,6,9220
9289,1,14764,7104,0,16384,-3,9359
9290,1,14720,7195,0,16384,2,9481
9291,1,14675,7285,0,16384,7,9604
9292,1,14630,7375,0,16384,-5,9746
9293,1,14585,7464,0,16384,-1,9869
9294,1,14539,7554,0,16384,4,9991
9295,1,14492,7643,0,16384,-7,10133
9296,1,14445,7732,0,16384,-2,10256
9297,1,14397,7820,0,16384,2,10378
9298,1,14349,7908,0,16384,6,10500
9299,1,14300,7996,0,16384,-5,10642
9300,1,14251,8084,0,16384,0,10764
9301,1,14201,8171,0,16384,4,10887
9302,1,14151,8258,0,16384,-8,11029
9303,1,14100,8345,0,16384,-3,11152
9304,1,14048,8431,0,16384,2,11274
9305,1,13996,8517,0,16384,6,11396
9306,1,13944,8603,0,16384,-5,11539
9307,1,13891,8688,0,16384,-1,11661
9308,1,13837,8773,0,16384,4,11783
9309,1,13783,8858,0,16384,-6,11923
9310,1,13728,8942,0,16384,-1,12045
9311,1,13673,9026,0,16384,3,12167
9312,1,13618,9110,0,16384,8,12290
9313,1,13561,9194,0,16384,-3,12432
9314,1,13505,9277,0,16385,1,12554
9315,1,13448,9359,0,16384,5,12677
9316,1,13390,9442,0,16384,-6,12819
9317,1,13332,9524,0,16384,-1,12941
9318,1,13273,9605,0,16384,3,13064
9319,1,13214,9687,0,16385,-8,13206
9320,1,13154,9767,0,16384,-4,13328
9321,1,13094,9848,0,16384,1,13450
9322,1,13033,9928,0,16384,6,13573
9323,1,12972,10008,0,16384,-5,13715
9324,1,12911,10087,0,16384,-2,13837
9325,1,12848,10166,0,16384,3,13960
9326,1,12786,10245,0,16384,8,14082
9327,1,12723,10323,0,16384,-4,14224
9328,1,12659,10401,0,16384,1,14347
9329,1,12595,10479,0,16384,8,14466
9330,1,12531,10556,0,16385,-4,14609
9331,1,12466,10632,0,16384,0,14731
9332,1,12400,10709,0,16384,6,14853
9333,1,12334,10785,0,16384,-6,14996
9334,1,12268,10860,0,16384,-2,15118
9335,1,12201,10935,0,16384,3,15240
9336,1,12133,11010,0,16384,-8,15383
9337,1,12066,11084,0,16384,-4,15505
9338,1,11997,11158,0,16384,1,15627
9339,1,11929,11231,0,16384,5,15749
9340,1,11860,11304,0,16384,-7,15892
9341,1,11790,11377,0,16384,-1,16014
9342,1,11720,11449,0,16384,3,16136
9343,1,11650,11521,0,16385,8,16258
9344,1,11579,11592,0,16384,7,16388
9345,1,11507,11663,0,16384,-5,16530
9346,1,11436,11733,0,16385,-1,16652
9347,1,11363,11803,0,16384,4,16775
9348,1,11291,11872,0,16384,-8,16917
9349,1,11218,11942,0,16385,-3,17039
9350,1,11144,12010,0,16384,2,17161
9351,1,11070,12078,0,16384,7,17283
9352,1,10996,12146,0,16384,-5,17426
9353,1,10921,12213,0,16384,0,17548
9354,1,10846,12280,0,16384,4,17671
9355,1,10770,12346,0,16384,-7,17813
9356,1,10695,12412,0,16384,-3,17935
9357,1,10618,12478,0,16384,2,18058
9358,1,10541,12542,0,16383,7,18180
9359,1,10464,12607,0,16384,-5,18322
9360,1,10387,12671,0,16385,1,18442
9361,1,10309,12734,0,16384,6,18564
9362,1,10230,12797,0,16384,-5,18707
9363,1,10152,12860,0,16384,-1,18829
9364,1,10073,12922,0,16384,4,18951
9365,1,9993,12984,0,16384,-7,19094
9366,1,9913,13045,0,16384,-3,19216
9367,1,9833,13105,0,16384,1,19338
9368,1,9752,13165,0,16384,6,19460
9369,1,9672,13225,0,16384,-6,19603
9370,1,9590,13284,0,16384,-1,19725
9371,1,9508,13343,0,16384,4,19847
9372,1,9426,13401,0,16384,-7,19990
9373,1,9344,13458,0,16384,-3,20112
9374,1,9261,13515,0,16384,2,20234
9375,1,9178,13572,0,16384,6,20356
9376,1,9095,13628,0,16384,-6,20499
9377,1,9011,13684,0,16384,-1,20621
9378,1,8927,13739,0,16385,4,20743
9379,1,8842,13793,0,16384,-7,20886
9380,1,8758,13847,0,16384,-2,21005
9381,1,8672,13901,0,16384,4,21128
9382,1,8587,13953,0,16384,8,21250
9383,1,8501,14006,0,16384,-3,21392
9384,1,8415,14058,0,16384,1,21515
9385,1,8329,14109,0,16384,5,21637
9386,1,8242,14160,0,16384,-6,21779
9387,1,8155,14210,0,16384,-2,21902
9388,1,8068,14260,0,16384,3,22024
9389,1,7980,14309,0,16384,8,22146
9390,1,7892,14358,0,16384,-4,22288
9391,1,7804,14406,0,16384,1,22411
9392,1,7715,14454,0,16384,6,22533
9393,1,7626,14501,0,16384,-6,22675
9394,1,7537,14547,0,16384,-1,22798
9395,1,7448,14593,0,16384,3,22920
9396,1,7358,14639,0,16384,8,23042
9397,1,7268,14684,0,16384,-3,23185
9398,1,7178,14728,0,16384,1,23307
9399,1,7087,14772,0,16384,6,23429
9400,1,6997,14815,0,16384,-4,23569
9401,1,6906,14858,0,16384,0,23691
9402,1,6814,14900,0,16384,6,23813
9403,1,6723,14941,0,16384,-7,23956
9404,1,6631,14982,0,16384,-2,24078
9405,1,6539,15023,0,16385,3,24200
9406,1,6447,15062,0,16384,7,24323
9407,1,6354,15102,0,16384,-4,24465
9408,1,6261,15140,0,16384,1,24587
9409,1,6168,15179,0,16384,5,24710
9410,1,6075,15216,0,16384,-6,24852
9411,1,5982,15253,0,16384,-2,24974
9412,1,5888,15289,0,16384,2,25096
9413,1,5794,15325,0,16384,7,25219
9414,1,5700,15361,0,16385,-4,25361
9415,1,5605,15395,0,16384,1,25483
9416,1,5511,15429,0,16384,5,25606
9417,1,5416,15463,0,16384,-6,25748
9418,1,5321,15496,0,16384,-2,25870
9419,1,5226,15528,0,16384,2,25993
9420,1,5131,15560,0,16384,3,26119
9421,1,5035,15591,0,16384,8,26242
9422,1,4939,15622,0,16384,-3,26384
9423,1,4843,15652,0,16384,1,26507
9424,1,4747,15681,0,16384,5,26629
9425,1,4651,15710,0,16384,-6,26771
9426,1,4554,15738,0,16384,-1,26894
9427,1,4458,15766,0,16384,3,27016
9428,1,4361,15793,0,16384,8,27138
9429,1,4264,15819,0,16384,-4,27280
9430,1,4167,15845,0,16384,1,27402
9431,1,4069,15871,0,16384,6,27525
9432,1,3972,15895,0,16384,-6,27667
9433,1,3874,15919,0,16384,-1,27790
9434,1,3777,15943,0,16384,3,27912
9435,1,3679,15966,0,16385,8,28034
9436,1,3581,15988,0,16384,-4,28177
9437,1,3483,16010,0,16385,1,28299
9438,1,3384,16031,0,16384,6,28421
9439,1,3286,16051,0,16384,-6,28564
9440,1,3187,16071,0,16384,1,28683
9441,1,3089,16090,0,16384,5,28805
9442,1,2990,16109,0,16384,-6,28948
9443,1,2891,16127,0,16384,-2,29070
9444,1,2792,16144,0,16384,3,29192
9445,1,2693,16161,0,16384,7,29314
9446,1,2594,16177,0,16384,-4,29457
9447,1,2494,16193,0,16384,1,29579
9448,1,2395,16208,0,16384,5,29702
9449,1,2295,16222,0,16384,-6,29844
9450,1,2196,16236,0,16384,-2,29966
9451,1,2096,16249,0,16384,3,30088
9452,1,1996,16262,0,16384,8,30210
9453,1,1897,16274,0,16384,-4,30353
9454,1,1797,16285,0,16384,0,30475
9455,1,1697,16296,0,16384,5,30597
9456,1,1597,16306,0,16384,-7,30740
9457,1,1497,16316,0,16385,-2,30862
9458,1,1396,16324,0,16384,3,30985
9459,1,1296,16333,0,16384,8,31107
9460,1,1196,16340,0,16384,-2,31247
9461,1,1096,16347,0,16384,2,31369
9462,1,995,16354,0,16385,7,31491
9463,1,895,16360,0,16384,-4,31634
9464,1,795,16365,0,16384,0,31756
9465,1,694,16369,0,16384,5,31878
9466,1,594,16373,0,16384,-7,32021
9467,1,493,16377,0,16385,-2,32143
9468,1,393,16379,0,16384,2,32265
9469,1,292,16381,0,16384,7,32387
9470,1,192,16383,0,16384,-5,32530
9471,1,91,16384,0,16384,0,32652
9472,1,-9,16384,0,16384,-2,32782
9473,1,-110,16384,0,16384,3,32905
9474,1,-210,16383,0,16384,7,33027
9475,1,-311,16381,0,16384,-4,33169
9476,1,-411,16379,0,16384,0,33291
9477,1,-512,16376,0,16384,5,33413
9478,1,-612,16373,0,16384,-7,33556
9479,1,-713,16368,0,16384,-1,33678
9480,1,-813,16364,0,16384,2,33800
9481,1,-914,16359,0,16385,7,33923
9482,1,-1014,16353,0,16385,-4,34065
9483,1,-1114,16346,0,16384,0,34188
9484,1,-1215,16339,0,16384,5,34310
9485,1,-1315,16331,0,16384,-5,34450
9486,1,-1415,16323,0,16384,0,34572
9487,1,-1515,16314,0,16385,4,34694
9488,1,-1615,16304,0,16384,-7,34837
9489,1,-1715,16294,0,16384,-3,34959
9490,1,-1815,16283,0,16384,2,35081
9491,1,-1915,16272,0,16385,7,35203
9492,1,-2015,16260,0,16385,-5,35346
9493,1,-2115,16247,0,16384,0,35468
9494,1,-2214,16234,0,16384,4,35590
9495,1,-2314,16220,0,16384,-7,35733
9496,1,-2413,16205,0,16384,-3,35855
9497,1,-2513,16190,0,16384,3,35977
9498,1,-2612,16174,0,16384,7,36099
9499,1,-2711,16158,0,16384,-5,36242
9500,1,-2810,16141,0,16384,-1,36364
9501,1,-2909,16124,0,16384,4,36486
9502,1,-3008,16105,0,16383,-7,36629
9503,1,-3107,16087,0,16384,-2,36751
9504,1,-3205,16067,0,16384,2,36873
9505,1,-3304,16047,0,16384,-7,37013
9506,1,-3402,16027,0,16384,-3,37135
9507,1,-3501,16006,0,16385,2,37258
9508,1,-3599,15984,0,16384,6,37380
9509,1,-3697,15961,0,16384,-5,37522
9510,1,-3795,15938,0,16384,0,37645
9511,1,-3892,15915,0,16384,3,37767
9512,1,-3990,15891,0,16384,-8,37909
9513,1,-4087,15866,0,16384,-3,38032
9514,1,-4185,15841,0,16385,2,38154
9515,1,-4282,15815,0,16385,6,38276
9516,1,-4379,15788,0,16384,-5,38418
9517,1,-4476,15761,0,16384,0,38541
9518,1,-4572,15733,0,16384,4,38663
9519,1,-4669,15705,0,16384,-7,38805
9520,1,-4765,15676,0,16384,-3,38928
9521,1,-4861,15646,0,16384,2,39050
9522,1,-4957,15616,0,16384,6,39172
9523,1,-5053,15585,0,16384,-5,39315
9524,1,-5148,15554,0,16384,-1,39437
9525,1,-5244,15522,0,16384,0,39564
9526,1,-5339,15490,0,16385,5,39686
9527,1,-5434,15457,0,16384,-7,39829
9528,1,-5528,15423,0,16384,-3,39951
9529,1,-5623,15389,0,16384,2,40073
9530,1,-5717,15354,0,16384,7,40195
9531,1,-5811,15319,0,16384,-5,40338
9532,1,-5905,15283,0,16384,0,40460
9533,1,-5999,15246,0,16384,5,40582
9534,1,-6092,15209,0,16384,-7,40724
9535,1,-6186,15172,0,16385,-2,40847
9536,1,-6278,15133,0,16384,2,40969
9537,1,-6371,15094,0,16384,7,41091
9538,1,-6464,15055,0,16384,-4,41234
9539,1,-6556,15015,0,16384,0,41356
9540,1,-6648,14975,0,16384,4,41478
9541,1,-6740,14934,0,16385,-7,41621
9542,1,-6831,14892,0,16384,-3,41743
9543,1,-6922,14850,0,16384,2,41865
9544,1,-7013,14807,0,16384,6,41988
9545,1,-7104,14764,0,16384,-3,42127
9546,1,-7195,14720,0,16384,2,42249
9547,1,-7285,14675,0,16384,7,42372
9548,1,-7375,14630,0,16384,-5,42514
9549,1,-7464,14585,0,16384,-1,42637
9550,1,-7554,14539,0,16384,4,42759
9551,1,-7643,14492,0,16384,-7,42901
9552,1,-7732,14445,0,16384,-2,43024
9553,1,-7820,14397,0,16384,2,43146
9554,1,-7908,14349,0,16384,6,43268
9555,1,-7996,14300,0,16384,-5,43410
9556,1,-8084,14251,0,16384,0,43532
9557,1,-8171,14201,0,16384,4,43655
9558,1,-8258,14151,0,16384,-8,43797
9559,1,-8345,14100,0,16384,-3,43920
9560,1,-8431,14048,0,16384,2,44042
9561,1,-8517,13996,0,16384,6,44164
9562,1,-8603,13944,0,16384,-5,44307
9563,1,-8688,13891,0,16384,-1,44429
9564,1,-8773,13837,0,16384,4,44551
9565,1,-8858,13783,0,16384,-6,44691
9566,1,-8942,13728,0,16384,-1,44813
9567,1,-9026,13673,0,16384,3,44935
9568,1,-9110,13618,0,16384,8,45058
9569,1,-9194,13561,0,16384,-3,45200
9570,1,-9277,13505,0,16385,1,45322
9571,1,-9359,13448,0,16384,5,45445
9572,1,-9442,13390,0,16384,-6,45587
9573,1,-9524,13332,0,16384,-1,45709
9574,1,-9605,13273,0,16384,3,45832
9575,1,-9687,13214,0,16385,-8,45974
9576,1,-9767,13154,0,16384,-4,46096
9577,1,-9848,13094,0,16384,1,46218
9578,1,-9928,13033,0,16384,6,46341
9579,1,-10008,12972,0,16384,-5,46483
9580,1,-10087,12911,0,16384,-2,46605
9581,1,-10166,12848,0,16384,3,46728
9582,1,-10245,12786,0,16384,8,46850
9583,1,-10323,12723,0,16384,-4,46992
9584,1,-10401,12659,0,16384,1,47115
9585,1,-10479,12595,0,16384,8,47234
9586,1,-10556,12531,0,16385,-4,47377
9587,1,-10632,12466,0,16384,0,47499
9588,1,-10709,12400,0,16384,6,47621
9589,1,-10785,12334,0,16384,-6,47764
9590,1,-10860,12268,0,16384,-2,47886
9591,1,-10935,12201,0,16384,3,48008
9592,1,-11010,12133,0,16384,-8,48151
9593,1,-11084,12066,0,16384,-4,48273
9594,1,-11158,11997,0,16384,1,48395
9595,1,-11231,11929,0,16384,5,48517
9596,1,-11304,11860,0,16384,-7,48660
9597,1,-11377,11790,0,16384,-1,48782
9598,1,-11449,11720,0,16384,3,48904
9599,1,-11521,11650,0,16385,8,49026
9600,1,-11592,11579,0,16384,7,49156
9601,1,-11663,11507,0,16384,-5,49298
9602,1,-11733,11436,0,16385,-1,49420
9603,1,-11803,11363,0,16384,4,49543
9604,1,-11872,11291,0,16384,-8,49685
9605,1,-11942,11218,0,16385,-3,49807
9606,1,-12010,11144,0,16384,2,49929
9607,1,-12078,11070,0,16384,7,50051
9608,1,-12146,10996,0,16384,-5,50194
9609,1,-12213,10921,0,16384,0,50316
9610,1,-12280,10846,0,16384,4,50439
9611,1,-12346,10770,0,16384,-7,50581
9612,1,-12412,10695,0,16384,-3,50703
9613,1,-12478,10618,0,16384,2,50826
9614,1,-12542,10541,0,16383,7,50948
9615,1,-12607,10464,0,16384,-5,51090
9616,1,-12671,10387,0,16385,1,51210
9617,1,-12734,10309,0,16384,6,51332
9618,1,-12797,10230,0,16384,-5,51475
9619,1,-12860,10152,0,16384,-1,51597
9620,1,-12922,10073,0,16384,4,51719
9621,1,-12984,9993,0,16384,-7,51862
9622,1,-13045,9913,0,16384,-3,51984
9623,1,-13105,9833,0,16384,1,52106
9624,1,-13165,9752,0,16384,6,52228
9625,1,-13225,9672,0,16384,-6,52371
9626,1,-13284,9590,0,16384,-1,52493
9627,1,-13343,9508,0,16384,4,52615
9628,1,-13401,9426,0,16384,-7,52758
9629,1,-13458,9344,0,16384,-3,52880
9630,1,-13515,9261,0,16384,2,53002
9631,1,-13572,9178,0,16384,6,53124
9632,1,-13628,9095,0,16384,-6,53267
9633,1,-13684,9011,0,16384,-1,53389
9634,1,-13739,8927,0,16385,4,53511
9635,1,-13793,8842,0,16384,-7,53654
9636,1,-13847,8758,0,16384,-2,53773
9637,1,-13901,8672,0,16384,4,53896
9638,1,-13953,8587,0,16384,8,54018
9639,1,-14006,8501,0,16384,-3,54160
9640,1,-14058,8415,0,16384,1,54283
9641,1,-14109,8329,0,16384,5,54405
9642,1,-14160,8242,0,16384,-6,54547
9643,1,-14210,8155,0,16384,-2,54670
9644,1,-14260,8068,0,16384,3,54792
9645,1,-14309,7980,0,16384,8,54914
9646,1,-14358,7892,0,16384,-4,55056
9647,1,-14406,7804,0,16384,1,55179
9648,1,-14454,7715,0,16384,6,55301
9649,1,-14501,7626,0,16384,-6,55443
9650,1,-14547,7537,0,16384,-1,55566
9651,1,-14593,7448,0,16384,3,55688
9652,1,-14639,7358,0,16384,8,55810
9653,1,-14684,7268,0,16384,-3,55953
9654,1,-14728,7178,0,16384,1,56075
9655,1,-14772,7087,0,16384,6,56197
9656,1,-14815,6997,0,16384,-4,56337
9657,1,-14858,6906,0,16384,0,56459
9658,1,-14900,6814,0,16384,6,56581
9659,1,-14941,6723,0,16384,-7,56724
9660,1,-14982,6631,0,16384,-2,56846
9661,1,-15023,6539,0,16385,3,56968
9662,1,-15062,6447,0,16384,7,57091
9663,1,-15102,6354,0,16384,-4,57233
9664,1,-15140,6261,0,16384,1,57355
9665,1,-15179,6168,0,16384,5,57478
9666,1,-15216,6075,0,16384,-6,57620
9667,1,-15253,5982,0,16384,-2,57742
9668,1,-15289,5888,0,16384,2,57864
9669,1,-15325,5794,0,16384,7,57987
9670,1,-15361,5700,0,16385,-4,58129
9671,1,-15395,5605,0,16384,1,58251
9672,1,-15429,5511,0,16384,5,58374
9673,1,-15463,5416,0,16384,-6,58516
9674,1,-15496,5321,0,16384,-2,58638
9675,1,-15528,5226,0,16384,2,58761
9676,1,-15560,5131,0,16384,3,58887
9677,1,-15591,5035,0,16384,8,59010
9678,1,-15622,4939,0,16384,-3,59152
9679,1,-15652,4843,0,16384,1,59275
9680,1,-15681,4747,0,16384,5,59397
9681,1,-15710,4651,0,16384,-6,59539
9682,1,-15738,4554,0,16384,-1,59662
9683,1,-15766,4458,0,16384,3,59784
9684,1,-15793,4361,0,16384,8,59906
9685,1,-15819,4264,0,16384,-4,60048
9686,1,-15845,4167,0,16384,1,60170
9687,1,-15871,4069,0,16384,6,60293
9688,1,-15895,3972,0,16384,-6,60435
9689,1,-15919,3874,0,16384,-1,60558
9690,1,-15943,3777,0,16384,3,60680
9691,1,-15966,3679,0,16385,8,60802
9692,1,-15988,3581,0,16384,-4,60945
9693,1,-16010,3483,0,16385,1,61067
9694,1,-16031,3384,0,16384,6,61189
9695,1,-16051,3286,0,16384,-6,61332
9696,1,-16071,3187,0,16384,1,61451
9697,1,-16090,3089,0,16384,5,61573
9698,1,-16109,2990,0,16384,-6,61716
9699,1,-16127,2891,0,16384,-2,61838
9700,1,-16144,2792,0,16384,3,61960
9701,1,-16161,2693,0,16384,7,62082
9702,1,-16177,2594,0,16384,-4,62225
9703,1,-16193,2494,0,16384,1,62347
9704,1,-16208,2395,0,16384,5,62470
9705,1,-16222,2295,0,16384,-6,62612
9706,1,-16236,2196,0,16384,-2,62734
9707,1,-16249,2096,0,16384,3,62856
9708,1,-16262,1996,0,16384,8,62978
9709,1,-16274,1897,0,16384,-4,63121
9710,1,-16285,1797,0,16384,0,63243
9711,1,-16296,1697,0,16384,5,63365
9712,1,-16306,1597,0,16384,-7,63508
9713,1,-16316,1497,0,16385,-2,63630
9714,1,-16324,1396,0,16384,3,63753
9715,1,-16333,1296,0,16384,8,63875
9716,1,-16340,1196,0,16384,-2,64015
9717,1,-16347,1096,0,16384,2,64137
9718,1,-16354,995,0,16385,7,64259
9719,1,-16360,895,0,16384,-4,64402
9720,1,-16365,795,0,16384,0,64524
9721,1,-16369,694,0,16384,5,64646
9722,1,-16373,594,0,16384,-7,64789
9723,1,-16377,493,0,16385,-2,64911
9724,1,-16379,393,0,16384,2,65033
9725,1,-16381,292,0,16384,7,65155
9726,1,-16383,192,0,16384,-5,65298
9727,1,-16384,91,0,16384,0,65420
9728,1,-16384,-9,0,16384,-2,-65522
9729,1,-16384,-110,0,16384,3,-65399
9730,1,-16383,-210,0,16384,7,-65277
9731,1,-16381,-311,0,16384,-4,-65135
9732,1,-16379,-411,0,16384,0,-65013
9733,1,-16376,-512,0,16384,5,-64891
9734,1,-16373,-612,0,16384,-7,-64748
9735,1,-16368,-713,0,16384,-1,-64626
9736,1,-16364,-813,0,16384,2,-64504
9737,1,-16359,-914,0,16385,7,-64381
9738,1,-16353,-1014,0,16385,-4,-64239
9739,1,-16346,-1114,0,16384,0,-64116
9740,1,-16339,-1215,0,16384,5,-63994
9741,1,-16331,-1315,0,16384,-5,-63854
9742,1,-16323,-1415,0,16384,0,-63732
9743,1,-16314,-1515,0,16385,4,-63610
9744,1,-16304,-1615,0,16384,-7,-63467
9745,1,-16294,-1715,0,16384,-3,-63345
9746,1,-16283,-1815,0,16384,2,-63223
9747,1,-16272,-1915,0,16385,7,-63101
9748,1,-16260,-2015,0,16385,-5,-62958
9749,1,-16247,-2115,0,16384,0,-62836
9750,1,-16234,-2214,0,16384,4,-62714
9751,1,-16220,-2314,0,16384,-7,-62571
9752,1,-16205,-2413,0,16384,-3,-62449
9753,1,-16190,-2513,0,16384,3,-62327
9754,1,-16174,-2612,0,16384,7,-62205
9755,1,-16158,-2711,0,16384,-5,-62062
9756,1,-16141,-2810,0,16384,-1,-61940
9757,1,-16124,-2909,0,16384,4,-61818
9758,1,-16105,-3008,0,16383,-7,-61675
9759,1,-16087,-3107,0,16384,-2,-61553
9760,1,-16067,-3205,0,16384,2,-61431
9761,1,-16047,-3304,0,16384,-7,-61291
9762,1,-16027,-3402,0,16384,-3,-61169
9763,1,-16006,-3501,0,16385,2,-61046
9764,1,-15984,-3599,0,16384,6,-60924
9765,1,-15961,-3697,0,16384,-5,-60782
9766,1,-15938,-3795,0,16384,0,-60659
9767,1,-15915,-3892,0,16384,3,-60537
9768,1,-15891,-3990,0,16384,-8,-60395
9769,1,-15866,-4087,0,16384,-3,-60272
9770,1,-15841,-4185,0,16385,2,-60150
9771,1,-15815,-4282,0,16385,6,-60028
9772,1,-15788,-4379,0,16384,-5,-59886
9773,1,-15761,-4476,0,16384,0,-59763
9774,1,-15733,-4572,0,16384,4,-59641
9775,1,-15705,-4669,0,16384,-7,-59499
9776,1,-15676,-4765,0,16384,-3,-59376
9777,1,-15646,-4861,0,16384,2,-59254
9778,1,-15616,-4957,0,16384,6,-59132
9779,1,-15585,-5053,0,16384,-5,-58989
9780,1,-15554,-5148,0,16384,-1,-58867
9781,1,-15522,-5244,0,16384,0,-58740
9782,1,-15490,-5339,0,16385,5,-58618
9783,1,-15457,-5434,0,16384,-7,-58475
9784,1,-15423,-5528,0,16384,-3,-58353
9785,1,-15389,-5623,0,16384,2,-58231
9786,1,-15354,-5717,0,16384,7,-58109
9787,1,-15319,-5811,0,16384,-5,-57966
9788,1,-15283,-5905,0,16384,0,-57844
9789,1,-15246,-5999,0,16384,5,-57722
9790,1,-15209,-6092,0,16384,-7,-57580
9791,1,-15172,-6186,0,16385,-2,-57457
9792,1,-15133,-6278,0,16384,2,-57335
9793,1,-15094,-6371,0,16384,7,-57213
9794,1,-15055,-6464,0,16384,-4,-57070
9795,1,-15015,-6556,0,16384,0,-56948
9796,1,-14975,-6648,0,16384,4,-56826
9797,1,-14934,-6740,0,16385,-7,-56683
9798,1,-14892,-6831,0,16384,-3,-56561
9799,1,-14850,-6922,0,16384,2,-56439
9800,1,-14807,-7013,0,16384,6,-56316
9801,1,-14764,-7104,0,16384,-3,-56177
9802,1,-14720,-7195,0,16384,2,-56055
9803,1,-14675,-7285,0,16384,7,-55932
9804,1,-14630,-7375,0,16384,-5,-55790
9805,1,-14585,-7464,0,16384,-1,-55667
9806,1,-14539,-7554,0,16384,4,-55545
9807,1,-14492,-7643,0,16384,-7,-55403
9808,1,-14445,-7732,0,16384,-2,-55280
9809,1,-14397,-7820,0,16384,2,-55158
9810,1,-14349,-7908,0,16384,6,-55036
9811,1,-14300,-7996,0,16384,-5,-54894
9812,1,-14251,-8084,0,16384,0,-54772
9813,1,-14201,-8171,0,16384,4,-54649
9814,1,-14151,-8258,0,16384,-8,-54507
9815,1,-14100,-8345,0,16384,-3,-54384
9816,1,-14048,-8431,0,16384,2,-54262
9817,1,-13996,-8517,0,16384,6,-54140
9818,1,-13944,-8603,0,16384,-5,-53997
9819,1,-13891,-8688,0,16384,-1,-53875
9820,1,-13837,-8773,0,16384,4,-53753
9821,1,-13783,-8858,0,16384,-6,-53613
9822,1,-13728,-8942,0,16384,-1,-53491
9823,1,-13673,-9026,0,16384,3,-53369
9824,1,-13618,-9110,0,16384,8,-53246
9825,1,-13561,-9194,0,16384,-3,-53104
9826,1,-13505,-9277,0,16385,1,-52982
9827,1,-13448,-9359,0,16384,5,-52859
9828,1,-13390,-9442,0,16384,-6,-52717
9829,1,-13332,-9524,0,16384,-1,-52595
9830,1,-13273,-9605,0,16384,3,-52472
9831,1,-13214,-9687,0,16385,-8,-52330
9832,1,-13154,-9767,0,16384,-4,-52208
9833,1,-13094,-9848,0,16384,1,-52086
9834,1,-13033,-9928,0,16384,6,-51963
9835,1,-12972,-10008,0,16384,-5,-51821
9836,1,-12911,-10087,0,16384,-2,-51699
9837,1,-12848,-10166,0,16384,3,-51576
9838,1,-12786,-10245,0,16384,8,-51454
9839,1,-12723,-10323,0,16384,-4,-51312
9840,1,-12659,-10401,0,16384,1,-51189
9841,1,-12595,-10479,0,16384,8,-51070
9842,1,-12531,-10556,0,16385,-4,-50927
9843,1,-12466,-10632,0,16384,0,-50805
9844,1,-12400,-10709,0,16384,6,-50683
9845,1,-12334,-10785,0,16384,-6,-50540
9846,1,-12268,-10860,0,16384,-2,-50418
9847,1,-12201,-10935,0,16384,3,-50296
9848,1,-12133,-11010,0,16384,-8,-50153
9849,1,-12066,-11084,0,16384,-4,-50031
9850,1,-11997,-11158,0,16384,1,-49909
9851,1,-11929,-11231,0,16384,5,-49787
9852,1,-11860,-11304,0,16384,-7,-49644
9853,1,-11790,-11377,0,16384,-1,-49522
9854,1,-11720,-11449,0,16384,3,-49400
9855,1,-11650,-11521,0,16385,8,-49278
9856,1,-11579,-11592,0,16384,7,-49148
9857,1,-11507,-11663,0,16384,-5,-49006
9858,1,-11436,-11733,0,16385,-1,-48884
9859,1,-11363,-11803,0,16384,4,-48761
9860,1,-11291,-11872,0,16384,-8,-48619
9861,1,-11218,-11942,0,16385,-3,-48497
9862,1,-11144,-12010,0,16384,2,-48375
9863,1,-11070,-12078,0,16384,7,-48253
9864,1,-10996,-12146,0,16384,-5,-48110
9865,1,-10921,-12213,0,16384,0,-47988
9866,1,-10846,-12280,0,16384,4,-47865
9867,1,-10770,-12346,0,16384,-7,-47723
9868,1,-10695,-12412,0,16384,-3,-47601
9869,1,-10618,-12478,0,16384,2,-47478
9870,1,-10541,-12542,0,16383,7,-47356
9871,1,-10464,-12607,0,16384,-5,-47214
9872,1,-10387,-12671,0,16385,1,-47094
9873,1,-10309,-12734,0,16384,6,-46972
9874,1,-10230,-12797,0,16384,-5,-46829
9875,1,-10152,-12860,0,16384,-1,-46707
9876,1,-10073,-12922,0,16384,4,-46585
9877,1,-9993,-12984,0,16384,-7,-46442
9878,1,-9913,-13045,0,16384,-3,-46320
9879,1,-9833,-13105,0,16384,1,-46198
9880,1,-9752,-13165,0,16384,6,-46076
9881,1,-9672,-13225,0,16384,-6,-45933
9882,1,-9590,-13284,0,16384,-1,-45811
9883,1,-9508,-13343,0,16384,4,-45689
9884,1,-9426,-13401,0,16384,-7,-45546
9885,1,-9344,-13458,0,16384,-3,-45424
9886,1,-9261,-13515,0,16384,2,-45302
9887,1,-9178,-13572,0,16384,6,-45180
9888,1,-9095,-13628,0,16384,-6,-45037
9889,1,-9011,-13684,0,16384,-1,-44915
9890,1,-8927,-13739,0,16385,4,-44793
9891,1,-8842,-13793,0,16384,-7,-44650
9892,1,-8758,-13847,0,16384,-2,-44531
9893,1,-8672,-13901,0,16384,4,-44408
9894,1,-8587,-13953,0,16384,8,-44286
9895,1,-8501,-14006,0,16384,-3,-44144
9896,1,-8415,-14058,0,16384,1,-44021
9897,1,-8329,-14109,0,16384,5,-43899
9898,1,-8242,-14160,0,16384,-6,-43757
9899,1,-8155,-14210,0,16384,-2,-43634
9900,1,-8068,-14260,0,16384,3,-43512
9901,1,-7980,-14309,0,16384,8,-43390
9902,1,-7892,-14358,0,16384,-4,-43248
9903,1,-7804,-14406,0,16384,1,-43125
9904,1,-7715,-14454,0,16384,6,-43003
9905,1,-7626,-14501,0,16384,-6,-42861
9906,1,-7537,-14547,0,16384,-1,-42738
9907,1,-7448,-14593,0,16384,3,-42616
9908,1,-7358,-14639,0,16384,8,-42494
9909,1,-7268,-14684,0,16384,-3,-42351
9910,1,-7178,-14728,0,16384,1,-42229
9911,1,-7087,-14772,0,16384,6,-42107
9912,1,-6997,-14815,0,16384,-4,-41967
9913,1,-6906,-14858,0,16384,0,-41845
9914,1,-6814,-14900,0,16384,6,-41723
9915,1,-6723,-14941,0,16384,-7,-41580
9916,1,-6631,-14982,0,16384,-2,-41458
9917,1,-6539,-15023,0,16385,3,-41336
9918,1,-6447,-15062,0,16384,7,-41213
9919,1,-6354,-15102,0,16384,-4,-41071
9920,1,-6261,-15140,0,16384,1,-40949
9921,1,-6168,-15179,0,16384,5,-40826
9922,1,-6075,-15216,0,16384,-6,-40684
9923,1,-5982,-15253,0,16384,-2,-40562
9924,1,-5888,-15289,0,16384,2,-40440
9925,1,-5794,-15325,0,16384,7,-40317
9926,1,-5700,-15361,0,16385,-4,-40175
9927,1,-5605,-15395,0,16384,1,-40053
9928,1,-5511,-15429,0,16384,5,-39930
9929,1,-5416,-15463,0,16384,-6,-39788
9930,1,-5321,-15496,0,16384,-2,-39666
9931,1,-5226,-15528,0,16384,2,-39543
9932,1,-5131,-15560,0,16384,3,-39417
9933,1,-5035,-15591,0,16384,8,-39294
9934,1,-4939,-15622,0,16384,-3,-39152
9935,1,-4843,-15652,0,16384,1,-39029
9936,1,-4747,-15681,0,16384,5,-38907
9937,1,-4651,-15710,0,16384,-6,-38765
9938,1,-4554,-15738,0,16384,-1,-38642
9939,1,-4458,-15766,0,16384,3,-38520
9940,1,-4361,-15793,0,16384,8,-38398
9941,1,-4264,-15819,0,16384,-4,-38256
9942,1,-4167,-15845,0,16384,1,-38134
9943,1,-4069,-15871,0,16384,6,-38011
9944,1,-3972,-15895,0,16384,-6,-37869
9945,1,-3874,-15919,0,16384,-1,-37746
9946,1,-3777,-15943,0,16384,3,-37624
9947,1,-3679,-15966,0,16385,8,-37502
9948,1,-3581,-15988,0,16384,-4,-37359
9949,1,-3483,-16010,0,16385,1,-37237
9950,1,-3384,-16031,0,16384,6,-37115
9951,1,-3286,-16051,0,16384,-6,-36972
9952,1,-3187,-16071,0,16384,1,-36853
9953,1,-3089,-16090,0,16384,5,-36731
9954,1,-2990,-16109,0,16384,-6,-36588
9955,1,-2891,-16127,0,16384,-2,-36466
9956,1,-2792,-16144,0,16384,3,-36344
9957,1,-2693,-16161,0,16384,7,-36222
9958,1,-2594,-16177,0,16384,-4,-36079
9959,1,-2494,-16193,0,16384,1,-35957
9960,1,-2395,-16208,0,16384,5,-35834
9961,1,-2295,-16222,0,16384,-6,-35692
9962,1,-2196,-16236,0,16384,-2,-35570
9963,1,-2096,-16249,0,16384,3,-35448
9964,1,-1996,-16262,0,16384,8,-35326
9965,1,-1897,-16274,0,16384,-4,-35183
9966,1,-1797,-16285,0,16384,0,-35061
9967,1,-1697,-16296,0,16384,5,-34939
9968,1,-1597,-16306,0,16384,-7,-34796
9969,1,-1497,-16316,0,16385,-2,-34674
9970,1,-1396,-16324,0,16384,3,-34551
9971,1,-1296,-16333,0,16384,8,-34429
9972,1,-1196,-16340,0,16384,-2,-34289
9973,1,-1096,-16347,0,16384,2,-34167
9974,1,-995,-16354,0,16385,7,-34045
9975,1,-895,-16360,0,16384,-4,-33902
9976,1,-795,-16365,0,16384,0,-33780
9977,1,-694,-16369,0,16384,5,-33658
9978,1,-594,-16373,0,16384,-7,-33515
9979,1,-493,-16377,0,16385,-2,-33393
9980,1,-393,-16379,0,16384,2,-33271
9981,1,-292,-16381,0,16384,7,-33149
9982,1,-192,-16383,0,16384,-5,-33006
9983,1,-91,-16384,0,16384,0,-32884
9984,1,9,-16384,0,16384,-2,-32754
9985,1,110,-16384,0,16384,3,-32631
9986,1,210,-16383,0,16384,7,-32509
9987,1,311,-16381,0,16384,-4,-32367
9988,1,411,-16379,0,16384,0,-32245
9989,1,512,-16376,0,16384,5,-32123
9990,1,612,-16373,0,16384,-7,-31980
9991,1,713,-16368,0,16384,-1,-31858
9992,1,813,-16364,0,16384,2,-31736
9993,1,914,-16359,0,16385,7,-31613
9994,1,1014,-16353,0,16385,-4,-31471
9995,1,1114,-16346,0,16384,0,-31348
9996,1,1215,-16339,0,16384,5,-31226
9997,1,1315,-16331,0,16384,-5,-31086
9998,1,1415,-16323,0,16384,0,-30964
9999,1,1515,-16314,0,16385,4,-30842
10000,1,1615,-16304,0,16384,-7,-30699
10001,1,1715,-16294,0,16384,-3,-30577
10002,1,1815,-16283,0,16384,2,-30455
10003,1,1915,-16272,0,16385,7,-30333
10004,1,2015,-16260,0,16385,-5,-30190
10005,1,2115,-16247,0,16384,0,-30068
10006,1,2214,-16234,0,16384,4,-29946
10007,1,2314,-16220,0,16384,-7,-29803
10008,1,2413,-16205,0,16384,-3,-29681
10009,1,2513,-16190,0,16384,3,-29559
10010,1,2612,-16174,0,16384,7,-29437
10011,1,2711,-16158,0,16384,-5,-29294
10012,1,2810,-16141,0,16384,-1,-29172
10013,1,2909,-16124,0,16384,4,-29050
10014,1,3008,-16105,0,16383,-7,-28907
10015,1,3107,-16087,0,16384,-2,-28785
10016,1,3205,-16067,0,16384,2,-28663
10017,1,3304,-16047,0,16384,-7,-28523
10018,1,3402,-16027,0,16384,-3,-28401
10019,1,3501,-16006,0,16385,2,-28278
10020,1,3599,-15984,0,16384,6,-28156
10021,1,3697,-15961,0,16384,-5,-28014
10022,1,3795,-15938,0,16384,0,-27891
10023,1,3892,-15915,0,16384,3,-27769
10024,1,3990,-15891,0,16384,-8,-27627
10025,1,4087,-15866,0,16384,-3,-27504
10026,1,4185,-15841,0,16385,2,-27382
10027,1,4282,-15815,0,16385,6,-27260
10028,1,4379,-15788,0,16384,-5,-27118
10029,1,4476,-15761,0,16384,0,-26995
10030,1,4572,-15733,0,16384,4,-26873
10031,1,4669,-15705,0,16384,-7,-26731
10032,1,4765,-15676,0,16384,-3,-26608
10033,1,4861,-15646,0,16384,2,-26486
10034,1,4957,-15616,0,16384,6,-26364
10035,1,5053,-15585,0,16384,-5,-26221
10036,1,5148,-15554,0,16384,-1,-26099
10037,1,5244,-15522,0,16384,0,-25972
10038,1,5339,-15490,0,16385,5,-25850
10039,1,5434,-15457,0,16384,-7,-25707
10040,1,5528,-15423,0,16384,-3,-25585
10041,1,5623,-15389,0,16384,2,-25463
10042,1,5717,-15354,0,16384,7,-25341
10043,1,5811,-15319,0,16384,-5,-25198
10044,1,5905,-15283,0,16384,0,-25076
10045,1,5999,-15246,0,16384,5,-24954
10046,1,6092,-15209,0,16384,-7,-24812
10047,1,6186,-15172,0,16385,-2,-24689
10048,1,6278,-15133,0,16384,2,-24567
10049,1,6371,-15094,0,16384,7,-24445
10050,1,6464,-15055,0,16384,-4,-24302
10051,1,6556,-15015,0,16384,0,-24180
10052,1,6648,-14975,0,16384,4,-24058
10053,1,6740,-14934,0,16385,-7,-23915
10054,1,6831,-14892,0,16384,-3,-23793
10055,1,6922,-14850,0,16384,2,-23671
10056,1,7013,-14807,0,16384,6,-23548
10057,1,7104,-14764,0,16384,-3,-23409
10058,1,7195,-14720,0,16384,2,-23287
10059,1,7285,-14675,0,16384,7,-23164
10060,1,7375,-14630,0,16384,-5,-23022
10061,1,7464,-14585,0,16384,-1,-22899
10062,1,7554,-14539,0,16384,4,-22777
10063,1,7643,-14492,0,16384,-7,-22635
10064,1,7732,-14445,0,16384,-2,-22512
10065,1,7820,-14397,0,16384,2,-22390
10066,1,7908,-14349,0,16384,6,-22268
10067,1,7996,-14300,0,16384,-5,-22126
10068,1,8084,-14251,0,16384,0,-22004
10069,1,8171,-14201,0,16384,4,-21881
10070,1,8258,-14151,0,16384,-8,-21739
10071,1,8345,-14100,0,16384,-3,-21616
10072,1,8431,-14048,0,16384,2,-21494
10073,1,8517,-13996,0,16384,6,-21372
10074,1,8603,-13944,0,16384,-5,-21229
10075,1,8688,-13891,0,16384,-1,-21107
10076,1,8773,-13837,0,16384,4,-20985
10077,1,8858,-13783,0,16384,-6,-20845
10078,1,8942,-13728,0,16384,-1,-20723
10079,1,9026,-13673,0,16384,3,-20601
10080,1,9110,-13618,0,16384,8,-20478
10081,1,9194,-13561,0,16384,-3,-20336
10082,1,9277,-13505,0,16385,1,-20214
10083,1,9359,-13448,0,16384,5,-20091
10084,1,9442,-13390,0,16384,-6,-19949
10085,1,9524,-13332,0,16384,-1,-19827
10086,1,9605,-13273,0,16384,3,-19704
10087,1,9687,-13214,0,16385,-8,-19562
10088,1,9767,-13154,0,16384,-4,-19440
10089,1,9848,-13094,0,16384,1,-19318
10090,1,9928,-13033,0,16384,6,-19195
10091,1,10008,-12972,0,16384,-5,-19053
10092,1,10087,-12911,0,16384,-2,-18931
10093,1,10166,-12848,0,16384,3,-18808
10094,1,10245,-12786,0,16384,8,-18686
10095,1,10323,-12723,0,16384,-4,-18544
10096,1,10401,-12659,0,16384,1,-18421
10097,1,10479,-12595,0,16384,8,-18302
10098,1,10556,-12531,0,16385,-4,-18159
10099,1,10632,-12466,0,16384,0,-18037
10100,1,10709,-12400,0,16384,6,-17915
10101,1,10785,-12334,0,16384,-6,-17772
10102,1,10860,-12268,0,16384,-2,-17650
10103,1,10935,-12201,0,16384,3,-17528
10104,1,11010,-12133,0,16384,-8,-17385
10105,1,11084,-12066,0,16384,-4,-17263
10106,1,11158,-11997,0,16384,1,-17141
10107,1,11231,-11929,0,16384,5,-17019
10108,1,11304,-11860,0,16384,-7,-16876
10109,1,11377,-11790,0,16384,-1,-16754
10110,1,11449,-11720,0,16384,3,-16632
10111,1,11521,-11650,0,16385,8,-16510
10112,1,11592,-11579,0,16384,7,-16380
10113,1,11663,-11507,0,16384,-5,-16238
10114,1,11733,-11436,0,16385,-1,-16116
10115,1,11803,-11363,0,16384,4,-15993
10116,1,11872,-11291,0,16384,-8,-15851
10117,1,11942,-11218,0,16385,-3,-15729
10118,1,12010,-11144,0,16384,2,-15607
10119,1,12078,-11070,0,16384,7,-15485
10120,1,12146,-10996,0,16384,-5,-15342
10121,1,12213,-10921,0,16384,0,-15220
10122,1,12280,-10846,0,16384,4,-15097
10123,1,12346,-10770,0,16384,-7,-14955
10124,1,12412,-10695,0,16384,-3,-14833
10125,1,12478,-10618,0,16384,2,-14710
10126,1,12542,-10541,0,16383,7,-14588
10127,1,12607,-10464,0,16384,-5,-14446
10128,1,12671,-10387,0,16385,1,-14326
10129,1,12734,-10309,0,16384,6,-14204
10130,1,12797,-10230,0,16384,-5,-14061
10131,1,12860,-10152,0,16384,-1,-13939
10132,1,12922,-10073,0,16384,4,-13817
10133,1,12984,-9993,0,16384,-7,-13674
10134,1,13045,-9913,0,16384,-3,-13552
10135,1,13105,-9833,0,16384,1,-13430
10136,1,13165,-9752,0,16384,6,-13308
10137,1,13225,-9672,0,16384,-6,-13165
10138,1,13284,-9590,0,16384,-1,-13043
10139,1,13343,-9508,0,16384,4,-12921
10140,1,13401,-9426,0,16384,-7,-12778
10141,1,13458,-9344,0,16384,-3,-12656
10142,1,13515,-9261,0,16384,2,-12534
10143,1,13572,-9178,0,16384,6,-12412
10144,1,13628,-9095,0,16384,-6,-12269
10145,1,13684,-9011,0,16384,-1,-12147
10146,1,13739,-8927,0,16385,4,-12025
10147,1,13793,-8842,0,16384,-7,-11882
10148,1,13847,-8758,0,16384,-2,-11763
10149,1,13901,-8672,0,16384,4,-11640
10150,1,13953,-8587,0,16384,8,-11518
10151,1,14006,-8501,0,16384,-3,-11376
10152,1,14058,-8415,0,16384,1,-11253
10153,1,14109,-8329,0,16384,5,-11131
10154,1,14160,-8242,0,16384,-6,-10989
10155,1,14210,-8155,0,16384,-2,-10866
10156,1,14260,-8068,0,16384,3,-10744
10157,1,14309,-7980,0,16384,8,-10622
10158,1,14358,-7892,0,16384,-4,-10480
10159,1,14406,-7804,0,16384,1,-10357
10160,1,14454,-7715,0,16384,6,-10235
10161,1,14501,-7626,0,16384,-6,-10093
10162,1,14547,-7537,0,16384,-1,-9970
10163,1,14593,-7448,0,16384,3,-9848
10164,1,14639,-7358,0,16384,8,-9726
10165,1,14684,-7268,0,16384,-3,-9583
10166,1,14728,-7178,0,16384,1,-9461
10167,1,14772,-7087,0,16384,6,-9339
10168,1,14815,-6997,0,16384,-4,-9199
10169,1,14858,-6906,0,16384,0,-9077
10170,1,14900,-6814,0,16384,6,-8955
10171,1,14941,-6723,0,16384,-7,-8812
10172,1,14982,-6631,0,16384,-2,-8690
10173,1,15023,-6539,0,16385,3,-8568
10174,1,15062,-6447,0,16384,7,-8445
10175,1,15102,-6354,0,16384,-4,-8303
10176,1,15140,-6261,0,16384,1,-8181
10177,1,15179,-6168,0,16384,5,-8058
10178,1,15216,-6075,0,16384,-6,-7916
10179,1,15253,-5982,0,16384,-2,-7794
10180,1,15289,-5888,0,16384,2,-7672
10181,1,15325,-5794,0,16384,7,-7549
10182,1,15361,-5700,0,16385,-4,-7407
10183,1,15395,-5605,0,16384,1,-7285
10184,1,15429,-5511,0,16384,5,-7162
10185,1,15463,-5416,0,16384,-6,-7020
10186,1,15496,-5321,0,16384,-2,-6898
10187,1,15528,-5226,0,16384,2,-6775
10188,1,15560,-5131,0,16384,3,-6649
10189,1,15591,-5035,0,16384,8,-6526
10190,1,15622,-4939,0,16384,-3,-6384
10191,1,15652,-4843,0,16384,1,-6261
10192,1,15681,-4747,0,16384,5,-6139
10193,1,15710,-4651,0,16384,-6,-5997
10194,1,15738,-4554,0,16384,-1,-5874
10195,1,15766,-4458,0,16384,3,-5752
10196,1,15793,-4361,0,16384,8,-5630
10197,1,15819,-4264,0,16384,-4,-5488
10198,1,15845,-4167,0,16384,1,-5366
10199,1,15871,-4069,0,16384,6,-5243
10200,1,15895,-3972,0,16384,-6,-5101
10201,1,15919,-3874,0,16384,-1,-4978
10202,1,15943,-3777,0,16384,3,-4856
10203,1,15966,-3679,0,16385,8,-4734
10204,1,15988,-3581,0,16384,-4,-4591
10205,1,16010,-3483,0,16385,1,-4469
10206,1,16031,-3384,0,16384,6,-4347
10207,1,16051,-3286,0,16384,-6,-4204
10208,1,16071,-3187,0,16384,1,-4085
10209,1,16090,-3089,0,16384,5,-3963
10210,1,16109,-2990,0,16384,-6,-3820
10211,1,16127,-2891,0,16384,-2,-3698
10212,1,16144,-2792,0,16384,3,-3576
10213,1,16161,-2693,0,16384,7,-3454
10214,1,16177,-2594,0,16384,-4,-3311
10215,1,16193,-2494,0,16384,1,-3189
10216,1,16208,-2395,0,16384,5,-3066
10217,1,16222,-2295,0,16384,-6,-2924
10218,1,16236,-2196,0,16384,-2,-2802
10219,1,16249,-2096,0,16384,3,-2680
10220,1,16262,-1996,0,16384,8,-2558
10221,1,16274,-1897,0,16384,-4,-2415
10222,1,16285,-1797,0,16384,0,-2293
10223,1,16296,-1697,0,16384,5,-2171
10224,1,16306,-1597,0,16384,-7,-2028
10225,1,16316,-1497,0,16385,-2,-1906
10226,1,16324,-1396,0,16384,3,-1783
10227,1,16333,-1296,0,16384,8,-1661
10228,1,16340,-1196,0,16384,-2,-1521
10229,1,16347,-1096,0,16384,2,-1399
10230,1,16354,-995,0,16385,7,-1277
10231,1,16360,-895,0,16384,-4,-1134
10232,1,16365,-795,0,16384,0,-1012
10233,1,16369,-694,0,16384,5,-890
10234,1,16373,-594,0,16384,-7,-747
10235,1,16377,-493,0,16385,-2,-625
10236,1,16379,-393,0,16384,2,-503
10237,1,16381,-292,0,16384,7,-381
10238,1,16383,-192,0,16384,-5,-238
10239,1,16384,-91,0,16384,0,-116
10240,1,1638,1,0,1638,0,14
10241,1,1638,11,0,1638,0,137
10242,1,1638,21,0,1638,1,259
10243,1,1638,31,0,1639,-1,401
10244,1,1638,41,0,1639,0,523
10245,1,1638,51,0,1639,0,645
10246,1,1637,61,0,1638,-1,788
10247,1,1637,71,0,1639,0,910
10248,1,1636,81,0,1638,0,1032
10249,1,1636,91,0,1639,0,1155
10250,1,1635,101,0,1638,-1,1297
10251,1,1635,111,0,1639,0,1420
10252,1,1634,121,0,1639,0,1542
10253,1,1633,131,0,1638,1,1661
10254,1,1632,141,0,1638,-1,1804
10255,1,1631,152,0,1638,-1,1946
10256,1,1630,162,0,1638,0,2069
10257,1,1629,172,0,1638,0,2191
10258,1,1628,182,0,1638,1,2313
10259,1,1627,192,0,1639,-1,2456
10260,1,1626,201,0,1638,1,2558
10261,1,1625,211,0,1639,-1,2700
10262,1,1623,221,0,1638,0,2822
10263,1,1622,231,0,1639,0,2944
10264,1,1621,241,0,1639,-1,3087
10265,1,1619,251,0,1638,0,3209
10266,1,1617,261,0,1638,1,3331
10267,1,1616,271,0,1639,-1,3474
10268,1,1614,281,0,1638,0,3596
10269,1,1612,291,0,1638,0,3718
10270,1,1611,301,0,1639,0,3861
10271,1,1609,311,0,1639,0,3983
10272,1,1607,321,0,1639,1,4105
10273,1,1605,330,0,1639,0,4225
10274,1,1603,340,0,1639,-1,4367
10275,1,1601,350,0,1639,0,4490
10276,1,1598,360,0,1638,-1,4632
10277,1,1596,370,0,1638,0,4754
10278,1,1594,379,0,1639,-1,4877
10279,1,1591,389,0,1638,0,4999
10280,1,1589,399,0,1638,-1,5141
10281,1,1587,409,0,1639,0,5264
10282,1,1584,418,0,1638,0,5386
10283,1,1581,428,0,1638,0,5508
10284,1,1579,438,0,1639,0,5650
10285,1,1576,448,0,1639,0,5773
10286,1,1573,457,0,1638,0,5895
10287,1,1570,467,0,1638,0,6037
10288,1,1568,476,0,1639,-1,6160
10289,1,1565,486,0,1639,0,6282
10290,1,1562,496,0,1639,1,6404
10291,1,1559,505,0,1639,-1,6547
10292,1,1555,515,0,1638,0,6669
10293,1,1552,524,0,1638,0,6796
10294,1,1549,534,0,1639,0,6918
10295,1,1546,543,0,1639,0,7040
10296,1,1542,553,0,1638,0,7183
10297,1,1539,562,0,1639,0,7305
10298,1,1535,572,0,1638,-1,7448
10299,1,1532,581,0,1639,-1,7570
10300,1,1528,591,0,1638,0,7692
10301,1,1525,600,0,1639,0,7814
10302,1,1521,609,0,1639,1,7936
10303,1,1517,619,0,1639,0,8079
10304,1,1513,628,0,1638,0,8201
10305,1,1509,637,0,1638,1,8323
10306,1,1506,646,0,1639,1,8445
10307,1,1502,656,0,1639,0,8588
10308,1,1497,665,0,1638,-1,8731
10309,1,1493,674,0,1638,0,8853
10310,1,1489,683,0,1638,0,8975
10311,1,1485,692,0,1638,0,9097
10312,1,1481,701,0,1638,0,9220
10313,1,1476,710,0,1638,-1,9359
10314,1,1472,719,0,1638,0,9481
10315,1,1468,728,0,1639,0,9604
10316,1,1463,737,0,1638,1,9726
10317,1,1458,746,0,1638,0,9869
10318,1,1454,755,0,1639,0,9991
10319,1,1449,764,0,1638,1,10113
10320,1,1445,773,0,1639,-1,10256
10321,1,1440,782,0,1639,0,10378
10322,1,1435,791,0,1639,-1,10520
10323,1,1430,800,0,1639,0,10642
10324,1,1425,808,0,1638,0,10764
10325,1,1420,817,0,1638,0,10887
10326,1,1415,826,0,1639,-1,11029
10327,1,1410,834,0,1638,-1,11152
10328,1,1405,843,0,1639,0,11274
10329,1,1400,852,0,1639,-1,11416
10330,1,1394,860,0,1638,0,11539
10331,1,1389,869,0,1638,0,11661
10332,1,1384,877,0,1638,0,11783
10333,1,1378,886,0,1639,0,11923
10334,1,1373,894,0,1638,0,12045
10335,1,1367,903,0,1639,-1,12188
10336,1,1362,911,0,1639,1,12290
10337,1,1356,919,0,1638,0,12432
10338,1,1350,928,0,1638,1,12554
10339,1,1345,936,0,1639,0,12677
10340,1,1339,944,0,1638,-1,12819
10341,1,1333,952,0,1638,0,12941
10342,1,1327,961,0,1638,-1,13084
10343,1,1321,969,0,1639,0,13206
10344,1,1315,977,0,1638,0,13328
10345,1,1309,985,0,1638,1,13450
10346,1,1303,993,0,1638,-1,13593
10347,1,1297,1001,0,1638,0,13715
10348,1,1291,1009,0,1639,0,13837
10349,1,1285,1017,0,1639,1,13960
10350,1,1279,1024,0,1638,0,14082
10351,1,1272,1032,0,1638,0,14224
10352,1,1266,1040,0,1638,0,14347
10353,1,1260,1048,0,1639,1,14466
10354,1,1253,1056,0,1639,0,14609
10355,1,1247,1063,0,1639,0,14731
10356,1,1240,1071,0,1639,1,14853
10357,1,1233,1078,0,1638,-1,14996
10358,1,1227,1086,0,1639,0,15118
10359,1,1220,1094,0,1639,1,15240
10360,1,1213,1101,0,1638,-1,15383
10361,1,1207,1108,0,1638,1,15485
10362,1,1200,1116,0,1639,0,15627
10363,1,1193,1123,0,1638,0,15749
10364,1,1186,1130,0,1638,1,15871
10365,1,1179,1138,0,1639,0,16014
10366,1,1172,1145,0,1639,1,16136
10367,1,1165,1152,0,1638,-1,16279
10368,1,1158,1159,0,1639,1,16388
10369,1,1151,1166,0,1639,1,16510
10370,1,1144,1173,0,1639,-1,16652
10371,1,1136,1180,0,1638,0,16775
10372,1,1129,1187,0,1638,-1,16917
10373,1,1122,1194,0,1638,0,17039
10374,1,1114,1201,0,1638,0,17161
10375,1,1107,1208,0,1639,1,17283
10376,1,1100,1215,0,1639,-1,17426
10377,1,1092,1221,0,1638,0,17548
10378,1,1085,1228,0,1639,0,17671
10379,1,1077,1235,0,1639,-1,17813
10380,1,1069,1241,0,1638,0,17935
10381,1,1062,1248,0,1639,0,18058
10382,1,1054,1254,0,1638,1,18180
10383,1,1046,1261,0,1638,0,18322
10384,1,1039,1267,0,1639,0,18442
10385,1,1031,1273,0,1638,0,18564
10386,1,1023,1280,0,1639,0,18707
10387,1,1015,1286,0,1638,0,18829
10388,1,1007,1292,0,1638,1,18951
10389,1,999,1298,0,1638,-1,19094
10390,1,991,1304,0,1638,0,19216
10391,1,983,1311,0,1639,1,19338
10392,1,975,1317,0,1639,0,19481
10393,1,967,1322,0,1638,-1,19603
10394,1,959,1328,0,1638,0,19725
10395,1,951,1334,0,1638,0,19847
10396,1,943,1340,0,1639,1,19969
10397,1,934,1346,0,1638,0,20112
10398,1,926,1352,0,1639,1,20234
10399,1,918,1357,0,1639,0,20356
10400,1,909,1363,0,1638,0,20499
10401,1,901,1368,0,1638,0,20621
10402,1,893,1374,0,1639,0,20743
10403,1,884,1379,0,1638,-1,20886
10404,1,876,1385,0,1639,0,21005
10405,1,867,1390,0,1638,0,21128
10406,1,859,1395,0,1638,0,21250
10407,1,850,1401,0,1639,0,21392
10408,1,842,1406,0,1639,0,21515
10409,1,833,1411,0,1639,0,21637
10410,1,824,1416,0,1639,0,21779
10411,1,815,1421,0,1638,0,21902
10412,1,807,1426,0,1639,0,22024
10413,1,798,1431,0,1639,-1,22167
10414,1,789,1436,0,1639,0,22288
10415,1,780,1441,0,1639,0,22411
10416,1,772,1445,0,1638,0,22533
10417,1,763,1450,0,1639,1,22655
10418,1,754,1455,0,1639,0,22798
10419,1,745,1459,0,1638,0,22920
10420,1,736,1464,0,1639,1,23042
10421,1,727,1468,0,1638,-1,23185
10422,1,718,1473,0,1639,0,23307
10423,1,709,1477,0,1638,0,23429
10424,1,700,1481,0,1638,1,23548
10425,1,691,1486,0,1639,0,23691
10426,1,681,1490,0,1638,-1,23834
10427,1,672,1494,0,1638,0,23956
10428,1,663,1498,0,1638,0,24078
10429,1,654,1502,0,1639,0,24200
10430,1,645,1506,0,1638,0,24323
10431,1,635,1510,0,1638,0,24465
10432,1,626,1514,0,1638,0,24587
10433,1,617,1518,0,1639,1,24710
10434,1,608,1522,0,1639,1,24832
10435,1,598,1525,0,1638,0,24974
10436,1,589,1529,0,1639,0,25096
10437,1,579,1533,0,1639,0,25239
10438,1,570,1536,0,1638,0,25361
10439,1,561,1540,0,1639,0,25483
10440,1,551,1543,0,1639,1,25606
10441,1,542,1546,0,1638,1,25728
10442,1,532,1550,0,1639,0,25870
10443,1,523,1553,0,1639,0,25993
10444,1,513,1556,0,1639,0,26119
10445,1,503,1559,0,1638,0,26262
10446,1,494,1562,0,1638,-1,26384
10447,1,484,1565,0,1638,0,26507
10448,1,475,1568,0,1639,0,26629
10449,1,465,1571,0,1638,0,26771
10450,1,455,1574,0,1639,0,26894
10451,1,446,1577,0,1639,0,27016
10452,1,436,1579,0,1638,-1,27158
10453,1,426,1582,0,1639,0,27280
10454,1,417,1585,0,1639,0,27402
10455,1,407,1587,0,1638,0,27525
10456,1,397,1590,0,1639,0,27667
10457,1,387,1592,0,1638,0,27790
10458,1,378,1594,0,1638,0,27912
10459,1,368,1597,0,1639,1,28034
10460,1,358,1599,0,1639,0,28177
10461,1,348,1601,0,1638,0,28299
10462,1,338,1603,0,1638,-1,28441
10463,1,329,1605,0,1638,1,28543
10464,1,319,1607,0,1639,0,28683
10465,1,309,1609,0,1638,0,28805
10466,1,299,1611,0,1639,-1,28948
10467,1,289,1613,0,1639,0,29070
10468,1,279,1614,0,1638,0,29192
10469,1,269,1616,0,1638,-1,29335
10470,1,259,1618,0,1639,0,29457
10471,1,249,1619,0,1638,1,29579
10472,1,239,1621,0,1639,-1,29722
10473,1,230,1622,0,1638,1,29824
10474,1,220,1624,0,1639,-1,29966
10475,1,210,1625,0,1639,0,30088
10476,1,200,1626,0,1638,0,30210
10477,1,190,1627,0,1638,-1,30353
10478,1,180,1629,0,1639,0,30475
10479,1,170,1630,0,1639,0,30597
10480,1,160,1631,0,1639,1,30720
10481,1,150,1632,0,1639,0,30862
10482,1,140,1632,0,1638,0,30985
10483,1,130,1633,0,1638,0,31107
10484,1,120,1634,0,1639,-1,31247
10485,1,110,1635,0,1639,0,31369
10486,1,100,1635,0,1638,0,31491
10487,1,90,1636,0,1639,-1,31634
10488,1,79,1636,0,1638,1,31756
10489,1,69,1637,0,1639,-1,31898
10490,1,59,1637,0,1638,0,32021
10491,1,49,1638,0,1639,0,32143
10492,1,39,1638,0,1639,1,32265
10493,1,29,1638,0,1638,-1,32408
10494,1,19,1638,0,1638,0,32530
10495,1,9,1638,0,1638,0,32652
10496,1,-1,1638,0,1638,0,32782
10497,1,-11,1638,0,1638,0,32905
10498,1,-21,1638,0,1638,1,33027
10499,1,-31,1638,0,1639,-1,33169
10500,1,-41,1638,0,1639,0,33291
10501,1,-51,1638,0,1639,0,33413
10502,1,-61,1637,0,1638,-1,33556
10503,1,-71,1637,0,1639,0,33678
10504,1,-81,1636,0,1638,0,33800
10505,1,-91,1636,0,1639,0,33923
10506,1,-101,1635,0,1638,-1,34065
10507,1,-111,1635,0,1639,0,34188
10508,1,-121,1634,0,1639,0,34310
10509,1,-131,1633,0,1638,1,34429
10510,1,-141,1632,0,1638,-1,34572
10511,1,-152,1631,0,1638,-1,34714
10512,1,-162,1630,0,1638,0,34837
10513,1,-172,1629,0,1638,0,34959
10514,1,-182,1628,0,1638,1,35081
10515,1,-192,1627,0,1639,-1,35224
10516,1,-201,1626,0,1638,1,35326
10517,1,-211,1625,0,1639,-1,35468
10518,1,-221,1623,0,1638,0,35590
10519,1,-231,1622,0,1639,0,35712
10520,1,-241,1621,0,1639,-1,35855
10521,1,-251,1619,0,1638,0,35977
10522,1,-261,1617,0,1638,1,36099
10523,1,-271,1616,0,1639,-1,36242
10524,1,-281,1614,0,1638,0,36364
10525,1,-291,1612,0,1638,0,36486
10526,1,-301,1611,0,1639,0,36629
10527,1,-311,1609,0,1639,0,36751
10528,1,-321,1607,0,1639,1,36873
10529,1,-330,1605,0,1639,0,36993
10530,1,-340,1603,0,1639,-1,37135
10531,1,-350,1601,0,1639,0,37258
10532,1,-360,1598,0,1638,-1,37400
10533,1,-370,1596,0,1638,0,37522
10534,1,-379,1594,0,1639,-1,37645
10535,1,-389,1591,0,1638,0,37767
10536,1,-399,1589,0,1638,-1,37909
10537,1,-409,1587,0,1639,0,38032
10538,1,-418,1584,0,1638,0,38154
10539,1,-428,1581,0,1638,0,38276
10540,1,-438,1579,0,1639,0,38418
10541,1,-448,1576,0,1639,0,38541
10542,1,-457,1573,0,1638,0,38663
10543,1,-467,1570,0,1638,0,38805
10544,1,-476,1568,0,1639,-1,38928
10545,1,-486,1565,0,1639,0,39050
10546,1,-496,1562,0,1639,1,39172
10547,1,-505,1559,0,1639,-1,39315
10548,1,-515,1555,0,1638,0,39437
10549,1,-524,1552,0,1638,0,39564
10550,1,-534,1549,0,1639,0,39686
10551,1,-543,1546,0,1639,0,39808
10552,1,-553,1542,0,1638,0,39951
10553,1,-562,1539,0,1639,0,40073
10554,1,-572,1535,0,1638,-1,40216
10555,1,-581,1532,0,1639,-1,40338
10556,1,-591,1528,0,1638,0,40460
10557,1,-600,1525,0,1639,0,40582
10558,1,-609,1521,0,1639,1,40704
10559,1,-619,1517,0,1639,0,40847
10560,1,-628,1513,0,1638,0,40969
10561,1,-637,1509,0,1638,1,41091
10562,1,-646,1506,0,1639,1,41213
10563,1,-656,1502,0,1639,0,41356
10564,1,-665,1497,0,1638,-1,41499
10565,1,-674,1493,0,1638,0,41621
10566,1,-683,1489,0,1638,0,41743
10567,1,-692,1485,0,1638,0,41865
10568,1,-701,1481,0,1638,0,41988
10569,1,-710,1476,0,1638,-1,42127
10570,1,-719,1472,0,1638,0,42249
10571,1,-728,1468,0,1639,0,42372
10572,1,-737,1463,0,1638,1,42494
10573,1,-746,1458,0,1638,0,42637
10574,1,-755,1454,0,1639,0,42759
10575,1,-764,1449,0,1638,1,42881
10576,1,-773,1445,0,1639,-1,43024
10577,1,-782,1440,0,1639,0,43146
10578,1,-791,1435,0,1639,-1,43288
10579,1,-800,1430,0,1639,0,43410
10580,1,-808,1425,0,1638,0,43532
10581,1,-817,1420,0,1638,0,43655
10582,1,-826,1415,0,1639,-1,43797
10583,1,-834,1410,0,1638,-1,43920
10584,1,-843,1405,0,1639,0,44042
10585,1,-852,1400,0,1639,-1,44184
10586,1,-860,1394,0,1638,0,44307
10587,1,-869,1389,0,1638,0,44429
10588,1,-877,1384,0,1638,0,44551
10589,1,-886,1378,0,1639,0,44691
10590,1,-894,1373,0,1638,0,44813
10591,1,-903,1367,0,1639,-1,44956
10592,1,-911,1362,0,1639,1,45058
10593,1,-919,1356,0,1638,0,45200
10594,1,-928,1350,0,1638,1,45322
10595,1,-936,1345,0,1639,0,45445
10596,1,-944,1339,0,1638,-1,45587
10597,1,-952,1333,0,1638,0,45709
10598,1,-961,1327,0,1638,-1,45852
10599,1,-969,1321,0,1639,0,45974
10600,1,-977,1315,0,1638,0,46096
10601,1,-985,1309,0,1638,1,46218
10602,1,-993,1303,0,1638,-1,46361
10603,1,-1001,1297,0,1638,0,46483
10604,1,-1009,1291,0,1639,0,46605
10605,1,-1017,1285,0,1639,1,46728
10606,1,-1024,1279,0,1638,0,46850
10607,1,-1032,1272,0,1638,0,46992
10608,1,-1040,1266,0,1638,0,47115
10609,1,-1048,1260,0,1639,1,47234
10610,1,-1056,1253,0,1639,0,47377
10611,1,-1063,1247,0,1639,0,47499
10612,1,-1071,1240,0,1639,1,47621
10613,1,-1078,1233,0,1638,-1,47764
10614,1,-1086,1227,0,1639,0,47886
10615,1,-1094,1220,0,1639,1,48008
10616,1,-1101,1213,0,1638,-1,48151
10617,1,-1108,1207,0,1638,1,48253
10618,1,-1116,1200,0,1639,0,48395
10619,1,-1123,1193,0,1638,0,48517
10620,1,-1130,1186,0,1638,1,48639
10621,1,-1138,1179,0,1639,0,48782
10622,1,-1145,1172,0,1639,1,48904
10623,1,-1152,1165,0,1638,-1,49047
10624,1,-1159,1158,0,1639,1,49156
10625,1,-1166,1151,0,1639,1,49278
10626,1,-1173,1144,0,1639,-1,49420
10627,1,-1180,1136,0,1638,0,49543
10628,1,-1187,1129,0,1638,-1,49685
10629,1,-1194,1122,0,1638,0,49807
10630,1,-1201,1114,0,1638,0,49929
10631,1,-1208,1107,0,1639,1,50051
10632,1,-1215,1100,0,1639,-1,50194
10633,1,-1221,1092,0,1638,0,50316
10634,1,-1228,1085,0,1639,0,50439
10635,1,-1235,1077,0,1639,-1,50581
10636,1,-1241,1069,0,1638,0,50703
10637,1,-1248,1062,0,1639,0,50826
10638,1,-1254,1054,0,1638,1,50948
10639,1,-1261,1046,0,1638,0,51090
10640,1,-1267,1039,0,1639,0,51210
10641,1,-1273,1031,0,1638,0,51332
10642,1,-1280,1023,0,1639,0,51475
10643,1,-1286,1015,0,1638,0,51597
10644,1,-1292,1007,0,1638,1,51719
10645,1,-1298,999,0,1638,-1,51862
10646,1,-1304,991,0,1638,0,51984
10647,1,-1311,983,0,1639,1,52106
10648,1,-1317,975,0,1639,0,52249
10649,1,-1322,967,0,1638,-1,52371
10650,1,-1328,959,0,1638,0,52493
10651,1,-1334,951,0,1638,0,52615
10652,1,-1340,943,0,1639,1,52737
10653,1,-1346,934,0,1638,0,52880
10654,1,-1352,926,0,1639,1,53002
10655,1,-1357,918,0,1639,0,53124
10656,1,-1363,909,0,1638,0,53267
10657,1,-1368,901,0,1638,0,53389
10658,1,-1374,893,0,1639,0,53511
10659,1,-1379,884,0,1638,-1,53654
10660,1,-1385,876,0,1639,0,53773
10661,1,-1390,867,0,1638,0,53896
10662,1,-1395,859,0,1638,0,54018
10663,1,-1401,850,0,1639,0,54160
10664,1,-1406,842,0,1639,0,54283
10665,1,-1411,833,0,1639,0,54405
10666,1,-1416,824,0,1639,0,54547
10667,1,-1421,815,0,1638,0,54670
10668,1,-1426,807,0,1639,0,54792
10669,1,-1431,798,0,1639,-1,54935
10670,1,-1436,789,0,1639,0,55056
10671,1,-1441,780,0,1639,0,55179
10672,1,-1445,772,0,1638,0,55301
10673,1,-1450,763,0,1639,1,55423
10674,1,-1455,754,0,1639,0,55566
10675,1,-1459,745,0,1638,0,55688
10676,1,-1464,736,0,1639,1,55810
10677,1,-1468,727,0,1638,-1,55953
10678,1,-1473,718,0,1639,0,56075
10679,1,-1477,709,0,1638,0,56197
10680,1,-1481,700,0,1638,1,56316
10681,1,-1486,691,0,1639,0,56459
10682,1,-1490,681,0,1638,-1,56602
10683,1,-1494,672,0,1638,0,56724
10684,1,-1498,663,0,1638,0,56846
10685,1,-1502,654,0,1639,0,56968
10686,1,-1506,645,0,1638,0,57091
10687,1,-1510,635,0,1638,0,57233
10688,1,-1514,626,0,1638,0,57355
10689,1,-1518,617,0,1639,1,57478
10690,1,-1522,608,0,1639,1,57600
10691,1,-1525,598,0,1638,0,57742
10692,1,-1529,589,0,1639,0,57864
10693,1,-1533,579,0,1639,0,58007
10694,1,-1536,570,0,1638,0,58129
10695,1,-1540,561,0,1639,0,58251
10696,1,-1543,551,0,1639,1,58374
10697,1,-1546,542,0,1638,1,58496
10698,1,-1550,532,0,1639,0,58638
10699,1,-1553,523,0,1639,0,58761
10700,1,-1556,513,0,1639,0,58887
10701,1,-1559,503,0,1638,0,59030
10702,1,-1562,494,0,1638,-1,59152
10703,1,-1565,484,0,1638,0,59275
10704,1,-1568,475,0,1639,0,59397
10705,1,-1571,465,0,1638,0,59539
10706,1,-1574,455,0,1639,0,59662
10707,1,-1577,446,0,1639,0,59784
10708,1,-1579,436,0,1638,-1,59926
10709,1,-1582,426,0,1639,0,60048
10710,1,-1585,417,0,1639,0,60170
10711,1,-1587,407,0,1638,0,60293
10712,1,-1590,397,0,1639,0,60435
10713,1,-1592,387,0,1638,0,60558
10714,1,-1594,378,0,1638,0,60680
10715,1,-1597,368,0,1639,1,60802
10716,1,-1599,358,0,1639,0,60945
10717,1,-1601,348,0,1638,0,61067
10718,1,-1603,338,0,1638,-1,61209
10719,1,-1605,329,0,1638,1,61311
10720,1,-1607,319,0,1639,0,61451
10721,1,-1609,309,0,1638,0,61573
10722,1,-1611,299,0,1639,-1,61716
10723,1,-1613,289,0,1639,0,61838
10724,1,-1614,279,0,1638,0,61960
10725,1,-1616,269,0,1638,-1,62103
10726,1,-1618,259,0,1639,0,62225
10727,1,-1619,249,0,1638,1,62347
10728,1,-1621,239,0,1639,-1,62490
10729,1,-1622,230,0,1638,1,62592
10730,1,-1624,220,0,1639,-1,62734
10731,1,-1625,210,0,1639,0,62856
10732,1,-1626,200,0,1638,0,62978
10733,1,-1627,190,0,1638,-1,63121
10734,1,-1629,180,0,1639,0,63243
10735,1,-1630,170,0,1639,0,63365
10736,1,-1631,160,0,1639,1,63488
10737,1,-1632,150,0,1639,0,63630
10738,1,-1632,140,0,1638,0,63753
10739,1,-1633,130,0,1638,0,63875
10740,1,-1634,120,0,1639,-1,64015
10741,1,-1635,110,0,1639,0,64137
10742,1,-1635,100,0,1638,0,64259
10743,1,-1636,90,0,1639,-1,64402
10744,1,-1636,79,0,1638,1,64524
10745,1,-1637,69,0,1639,-1,64666
10746,1,-1637,59,0,1638,0,64789
10747,1,-1638,49,0,1639,0,64911
10748,1,-1638,39,0,1639,1,65033
10749,1,-1638,29,0,1638,-1,65176
10750,1,-1638,19,0,1638,0,65298
10751,1,-1638,9,0,1638,0,65420
10752,1,-1638,-1,0,1638,0,-65522
10753,1,-1638,-11,0,1638,0,-65399
10754,1,-1638,-21,0,1638,1,-65277
10755,1,-1638,-31,0,1639,-1,-65135
10756,1,-1638,-41,0,1639,0,-65013
10757,1,-1638,-51,0,1639,0,-64891
10758,1,-1637,-61,0,1638,-1,-64748
10759,1,-1637,-71,0,1639,0,-64626
10760,1,-1636,-81,0,1638,0,-64504
10761,1,-1636,-91,0,1639,0,-64381
10762,1,-1635,-101,0,1638,-1,-64239
10763,1,-1635,-111,0,1639,0,-64116
10764,1,-1634,-121,0,1639,0,-63994
10765,1,-1633,-131,0,1638,1,-63875
10766,1,-1632,-141,0,1638,-1,-63732
10767,1,-1631,-152,0,1638,-1,-63590
10768,1,-1630,-162,0,1638,0,-63467
10769,1,-1629,-172,0,1638,0,-63345
10770,1,-1628,-182,0,1638,1,-63223
10771,1,-1627,-192,0,1639,-1,-63080
10772,1,-1626,-201,0,1638,1,-62978
10773,1,-1625,-211,0,1639,-1,-62836
10774,1,-1623,-221,0,1638,0,-62714
10775,1,-1622,-231,0,1639,0,-62592
10776,1,-1621,-241,0,1639,-1,-62449
10777,1,-1619,-251,0,1638,0,-62327
10778,1,-1617,-261,0,1638,1,-62205
10779,1,-1616,-271,0,1639,-1,-62062
10780,1,-1614,-281,0,1638,0,-61940
10781,1,-1612,-291,0,1638,0,-61818
10782,1,-1611,-301,0,1639,0,-61675
10783,1,-1609,-311,0,1639,0,-61553
10784,1,-1607,-321,0,1639,1,-61431
10785,1,-1605,-330,0,1639,0,-61311
10786,1,-1603,-340,0,1639,-1,-61169
10787,1,-1601,-350,0,1639,0,-61046
10788,1,-1598,-360,0,1638,-1,-60904
10789,1,-1596,-370,0,1638,0,-60782
10790,1,-1594,-379,0,1639,-1,-60659
10791,1,-1591,-389,0,1638,0,-60537
10792,1,-1589,-399,0,1638,-1,-60395
10793,1,-1587,-409,0,1639,0,-60272
10794,1,-1584,-418,0,1638,0,-60150
10795,1,-1581,-428,0,1638,0,-60028
10796,1,-1579,-438,0,1639,0,-59886
10797,1,-1576,-448,0,1639,0,-59763
10798,1,-1573,-457,0,1638,0,-59641
10799,1,-1570,-467,0,1638,0,-59499
10800,1,-1568,-476,0,1639,-1,-59376
10801,1,-1565,-486,0,1639,0,-59254
10802,1,-1562,-496,0,1639,1,-59132
10803,1,-1559,-505,0,1639,-1,-58989
10804,1,-1555,-515,0,1638,0,-58867
10805,1,-1552,-524,0,1638,0,-58740
10806,1,-1549,-534,0,1639,0,-58618
10807,1,-1546,-543,0,1639,0,-58496
10808,1,-1542,-553,0,1638,0,-58353
10809,1,-1539,-562,0,1639,0,-58231
10810,1,-1535,-572,0,1638,-1,-58088
10811,1,-1532,-581,0,1639,-1,-57966
10812,1,-1528,-591,0,1638,0,-57844
10813,1,-1525,-600,0,1639,0,-57722
10814,1,-1521,-609,0,1639,1,-57600
10815,1,-1517,-619,0,1639,0,-57457
10816,1,-1513,-628,0,1638,0,-57335
10817,1,-1509,-637,0,1638,1,-57213
10818,1,-1506,-646,0,1639,1,-57091
10819,1,-1502,-656,0,1639,0,-56948
10820,1,-1497,-665,0,1638,-1,-56805
10821,1,-1493,-674,0,1638,0,-56683
10822,1,-1489,-683,0,1638,0,-56561
10823,1,-1485,-692,0,1638,0,-56439
10824,1,-1481,-701,0,1638,0,-56316
10825,1,-1476,-710,0,1638,-1,-56177
10826,1,-1472,-719,0,1638,0,-56055
10827,1,-1468,-728,0,1639,0,-55932
10828,1,-1463,-737,0,1638,1,-55810
10829,1,-1458,-746,0,1638,0,-55667
10830,1,-1454,-755,0,1639,0,-55545
10831,1,-1449,-764,0,1638,1,-55423
10832,1,-1445,-773,0,1639,-1,-55280
10833,1,-1440,-782,0,1639,0,-55158
10834,1,-1435,-791,0,1639,-1,-55016
10835,1,-1430,-800,0,1639,0,-54894
10836,1,-1425,-808,0,1638,0,-54772
10837,1,-1420,-817,0,1638,0,-54649
10838,1,-1415,-826,0,1639,-1,-54507
10839,1,-1410,-834,0,1638,-1,-54384
10840,1,-1405,-843,0,1639,0,-54262
10841,1,-1400,-852,0,1639,-1,-54120
10842,1,-1394,-860,0,1638,0,-53997
10843,1,-1389,-869,0,1638,0,-53875
10844,1,-1384,-877,0,1638,0,-53753
10845,1,-1378,-886,0,1639,0,-53613
10846,1,-1373,-894,0,1638,0,-53491
10847,1,-1367,-903,0,1639,-1,-53348
10848,1,-1362,-911,0,1639,1,-53246
10849,1,-1356,-919,0,1638,0,-53104
10850,1,-1350,-928,0,1638,1,-52982
10851,1,-1345,-936,0,1639,0,-52859
10852,1,-1339,-944,0,1638,-1,-52717
10853,1,-1333,-952,0,1638,0,-52595
10854,1,-1327,-961,0,1638,-1,-52452
10855,1,-1321,-969,0,1639,0,-52330
10856,1,-1315,-977,0,1638,0,-52208
10857,1,-1309,-985,0,1638,1,-52086
10858,1,-1303,-993,0,1638,-1,-51943
10859,1,-1297,-1001,0,1638,0,-51821
10860,1,-1291,-1009,0,1639,0,-51699
10861,1,-1285,-1017,0,1639,1,-51576
10862,1,-1279,-1024,0,1638,0,-51454
10863,1,-1272,-1032,0,1638,0,-51312
10864,1,-1266,-1040,0,1638,0,-51189
10865,1,-1260,-1048,0,1639,1,-51070
10866,1,-1253,-1056,0,1639,0,-50927
10867,1,-1247,-1063,0,1639,0,-50805
10868,1,-1240,-1071,0,1639,1,-50683
10869,1,-1233,-1078,0,1638,-1,-50540
10870,1,-1227,-1086,0,1639,0,-50418
10871,1,-1220,-1094,0,1639,1,-50296
10872,1,-1213,-1101,0,1638,-1,-50153
10873,1,-1207,-1108,0,1638,1,-50051
10874,1,-1200,-1116,0,1639,0,-49909
10875,1,-1193,-1123,0,1638,0,-49787
10876,1,-1186,-1130,0,1638,1,-49665
10877,1,-1179,-1138,0,1639,0,-49522
10878,1,-1172,-1145,0,1639,1,-49400
10879,1,-1165,-1152,0,1638,-1,-49257
10880,1,-1158,-1159,0,1639,1,-49148
10881,1,-1151,-1166,0,1639,1,-49026
10882,1,-1144,-1173,0,1639,-1,-48884
10883,1,-1136,-1180,0,1638,0,-48761
10884,1,-1129,-1187,0,1638,-1,-48619
10885,1,-1122,-1194,0,1638,0,-48497
10886,1,-1114,-1201,0,1638,0,-48375
10887,1,-1107,-1208,0,1639,1,-48253
10888,1,-1100,-1215,0,1639,-1,-48110
10889,1,-1092,-1221,0,1638,0,-47988
10890,1,-1085,-1228,0,1639,0,-47865
10891,1,-1077,-1235,0,1639,-1,-47723
10892,1,-1069,-1241,0,1638,0,-47601
10893,1,-1062,-1248,0,1639,0,-47478
10894,1,-1054,-1254,0,1638,1,-47356
10895,1,-1046,-1261,0,1638,0,-47214
10896,1,-1039,-1267,0,1639,0,-47094
10897,1,-1031,-1273,0,1638,0,-46972
10898,1,-1023,-1280,0,1639,0,-46829
10899,1,-1015,-1286,0,1638,0,-46707
10900,1,-1007,-1292,0,1638,1,-46585
10901,1,-999,-1298,0,1638,-1,-46442
10902,1,-991,-1304,0,1638,0,-46320
10903,1,-983,-1311,0,1639,1,-46198
10904,1,-975,-1317,0,1639,0,-46055
10905,1,-967,-1322,0,1638,-1,-45933
10906,1,-959,-1328,0,1638,0,-45811
10907,1,-951,-1334,0,1638,0,-45689
10908,1,-943,-1340,0,1639,1,-45567
10909,1,-934,-1346,0,1638,0,-45424
10910,1,-926,-1352,0,1639,1,-45302
10911,1,-918,-1357,0,1639,0,-45180
10912,1,-909,-1363,0,1638,0,-45037
10913,1,-901,-1368,0,1638,0,-44915
10914,1,-893,-1374,0,1639,0,-44793
10915,1,-884,-1379,0,1638,-1,-44650
10916,1,-876,-1385,0,1639,0,-44531
10917,1,-867,-1390,0,1638,0,-44408
10918,1,-859,-1395,0,1638,0,-44286
10919,1,-850,-1401,0,1639,0,-44144
10920,1,-842,-1406,0,1639,0,-44021
10921,1,-833,-1411,0,1639,0,-43899
10922,1,-824,-1416,0,1639,0,-43757
10923,1,-815,-1421,0,1638,0,-43634
10924,1,-807,-1426,0,1639,0,-43512
10925,1,-798,-1431,0,1639,-1,-43369
10926,1,-789,-1436,0,1639,0,-43248
10927,1,-780,-1441,0,1639,0,-43125
10928,1,-772,-1445,0,1638,0,-43003
10929,1,-763,-1450,0,1639,1,-42881
10930,1,-754,-1455,0,1639,0,-42738
10931,1,-745,-1459,0,1638,0,-42616
10932,1,-736,-1464,0,1639,1,-42494
10933,1,-727,-1468,0,1638,-1,-42351
10934,1,-718,-1473,0,1639,0,-42229
10935,1,-709,-1477,0,1638,0,-42107
10936,1,-700,-1481,0,1638,1,-41988
10937,1,-691,-1486,0,1639,0,-41845
10938,1,-681,-1490,0,1638,-1,-41702
10939,1,-672,-1494,0,1638,0,-41580
10940,1,-663,-1498,0,1638,0,-41458
10941,1,-654,-1502,0,1639,0,-41336
10942,1,-645,-1506,0,1638,0,-41213
10943,1,-635,-1510,0,1638,0,-41071
10944,1,-626,-1514,0,1638,0,-40949
10945,1,-617,-1518,0,1639,1,-40826
10946,1,-608,-1522,0,1639,1,-40704
10947,1,-598,-1525,0,1638,0,-40562
10948,1,-589,-1529,0,1639,0,-40440
10949,1,-579,-1533,0,1639,0,-40297
10950,1,-570,-1536,0,1638,0,-40175
10951,1,-561,-1540,0,1639,0,-40053
10952,1,-551,-1543,0,1639,1,-39930
10953,1,-542,-1546,0,1638,1,-39808
10954,1,-532,-1550,0,1639,0,-39666
10955,1,-523,-1553,0,1639,0,-39543
10956,1,-513,-1556,0,1639,0,-39417
10957,1,-503,-1559,0,1638,0,-39274
10958,1,-494,-1562,0,1638,-1,-39152
10959,1,-484,-1565,0,1638,0,-39029
10960,1,-475,-1568,0,1639,0,-38907
10961,1,-465,-1571,0,1638,0,-38765
10962,1,-455,-1574,0,1639,0,-38642
10963,1,-446,-1577,0,1639,0,-38520
10964,1,-436,-1579,0,1638,-1,-38378
10965,1,-426,-1582,0,1639,0,-38256
10966,1,-417,-1585,0,1639,0,-38134
10967,1,-407,-1587,0,1638,0,-38011
10968,1,-397,-1590,0,1639,0,-37869
10969,1,-387,-1592,0,1638,0,-37746
10970,1,-378,-1594,0,1638,0,-37624
10971,1,-368,-1597,0,1639,1,-37502
10972,1,-358,-1599,0,1639,0,-37359
10973,1,-348,-1601,0,1638,0,-37237
10974,1,-338,-1603,0,1638,-1,-37095
10975,1,-329,-1605,0,1638,1,-36993
10976,1,-319,-1607,0,1639,0,-36853
10977,1,-309,-1609,0,1638,0,-36731
10978,1,-299,-1611,0,1639,-1,-36588
10979,1,-289,-1613,0,1639,0,-36466
10980,1,-279,-1614,0,1638,0,-36344
10981,1,-269,-1616,0,1638,-1,-36201
10982,1,-259,-1618,0,1639,0,-36079
10983,1,-249,-1619,0,1638,1,-35957
10984,1,-239,-1621,0,1639,-1,-35814
10985,1,-230,-1622,0,1638,1,-35712
10986,1,-220,-1624,0,1639,-1,-35570
10987,1,-210,-1625,0,1639,0,-35448
10988,1,-200,-1626,0,1638,0,-35326
10989,1,-190,-1627,0,1638,-1,-35183
10990,1,-180,-1629,0,1639,0,-35061
10991,1,-170,-1630,0,1639,0,-34939
10992,1,-160,-1631,0,1639,1,-34816
10993,1,-150,-1632,0,1639,0,-34674
10994,1,-140,-1632,0,1638,0,-34551
10995,1,-130,-1633,0,1638,0,-34429
10996,1,-120,-1634,0,1639,-1,-34289
10997,1,-110,-1635,0,1639,0,-34167
10998,1,-100,-1635,0,1638,0,-34045
10999,1,-90,-1636,0,1639,-1,-33902
11000,1,-79,-1636,0,1638,1,-33780
11001,1,-69,-1637,0,1639,-1,-33638
11002,1,-59,-1637,0,1638,0,-33515
11003,1,-49,-1638,0,1639,0,-33393
11004,1,-39,-1638,0,1639,1,-33271
11005,1,-29,-1638,0,1638,-1,-33128
11006,1,-19,-1638,0,1638,0,-33006
11007,1,-9,-1638,0,1638,0,-32884
11008,1,1,-1638,0,1638,0,-32754
11009,1,11,-1638,0,1638,0,-32631
11010,1,21,-1638,0,1638,1,-32509
11011,1,31,-1638,0,1639,-1,-32367
11012,1,41,-1638,0,1639,0,-32245
11013,1,51,-1638,0,1639,0,-32123
11014,1,61,-1637,0,1638,-1,-31980
11015,1,71,-1637,0,1639,0,-31858
11016,1,81,-1636,0,1638,0,-31736
11017,1,91,-1636,0,1639,0,-31613
11018,1,101,-1635,0,1638,-1,-31471
11019,1,111,-1635,0,1639,0,-31348
11020,1,121,-1634,0,1639,0,-31226
11021,1,131,-1633,0,1638,1,-31107
11022,1,141,-1632,0,1638,-1,-30964
11023,1,152,-1631,0,1638,-1,-30822
11024,1,162,-1630,0,1638,0,-30699
11025,1,172,-1629,0,1638,0,-30577
11026,1,182,-1628,0,1638,1,-30455
11027,1,192,-1627,0,1639,-1,-30312
11028,1,201,-1626,0,1638,1,-30210
11029,1,211,-1625,0,1639,-1,-30068
11030,1,221,-1623,0,1638,0,-29946
11031,1,231,-1622,0,1639,0,-29824
11032,1,241,-1621,0,1639,-1,-29681
11033,1,251,-1619,0,1638,0,-29559
11034,1,261,-1617,0,1638,1,-29437
11035,1,271,-1616,0,1639,-1,-29294
11036,1,281,-1614,0,1638,0,-29172
11037,1,291,-1612,0,1638,0,-29050
11038,1,301,-1611,0,1639,0,-28907
11039,1,311,-1609,0,1639,0,-28785
11040,1,321,-1607,0,1639,1,-28663
11041,1,330,-1605,0,1639,0,-28543
11042,1,340,-1603,0,1639,-1,-28401
11043,1,350,-1601,0,1639,0,-28278
11044,1,360,-1598,0,1638,-1,-28136
11045,1,370,-1596,0,1638,0,-28014
11046,1,379,-1594,0,1639,-1,-27891
11047,1,389,-1591,0,1638,0,-27769
11048,1,399,-1589,0,1638,-1,-27627
11049,1,409,-1587,0,1639,0,-27504
11050,1,418,-1584,0,1638,0,-27382
11051,1,428,-1581,0,1638,0,-27260
11052,1,438,-1579,0,1639,0,-27118
11053,1,448,-1576,0,1639,0,-26995
11054,1,457,-1573,0,1638,0,-26873
11055,1,467,-1570,0,1638,0,-26731
11056,1,476,-1568,0,1639,-1,-26608
11057,1,486,-1565,0,1639,0,-26486
11058,1,496,-1562,0,1639,1,-26364
11059,1,505,-1559,0,1639,-1,-26221
11060,1,515,-1555,0,1638,0,-26099
11061,1,524,-1552,0,1638,0,-25972
11062,1,534,-1549,0,1639,0,-25850
11063,1,543,-1546,0,1639,0,-25728
11064,1,553,-1542,0,1638,0,-25585
11065,1,562,-1539,0,1639,0,-25463
11066,1,572,-1535,0,1638,-1,-25320
11067,1,581,-1532,0,1639,-1,-25198
11068,1,591,-1528,0,1638,0,-25076
11069,1,600,-1525,0,1639,0,-24954
11070,1,609,-1521,0,1639,1,-24832
11071,1,619,-1517,0,1639,0,-24689
11072,1,628,-1513,0,1638,0,-24567
11073,1,637,-1509,0,1638,1,-24445
11074,1,646,-1506,0,1639,1,-24323
11075,1,656,-1502,0,1639,0,-24180
11076,1,665,-1497,0,1638,-1,-24037
11077,1,674,-1493,0,1638,0,-23915
11078,1,683,-1489,0,1638,0,-23793
11079,1,692,-1485,0,1638,0,-23671
11080,1,701,-1481,0,1638,0,-23548
11081,1,710,-1476,0,1638,-1,-23409
11082,1,719,-1472,0,1638,0,-23287
11083,1,728,-1468,0,1639,0,-23164
11084,1,737,-1463,0,1638,1,-23042
11085,1,746,-1458,0,1638,0,-22899
11086,1,755,-1454,0,1639,0,-22777
11087,1,764,-1449,0,1638,1,-22655
11088,1,773,-1445,0,1639,-1,-22512
11089,1,782,-1440,0,1639,0,-22390
11090,1,791,-1435,0,1639,-1,-22248
11091,1,800,-1430,0,1639,0,-22126
11092,1,808,-1425,0,1638,0,-22004
11093,1,817,-1420,0,1638,0,-21881
11094,1,826,-1415,0,1639,-1,-21739
11095,1,834,-1410,0,1638,-1,-21616
11096,1,843,-1405,0,1639,0,-21494
11097,1,852,-1400,0,1639,-1,-21352
11098,1,860,-1394,0,1638,0,-21229
11099,1,869,-1389,0,1638,0,-21107
11100,1,877,-1384,0,1638,0,-20985
11101,1,886,-1378,0,1639,0,-20845
11102,1,894,-1373,0,1638,0,-20723
11103,1,903,-1367,0,1639,-1,-20580
11104,1,911,-1362,0,1639,1,-20478
11105,1,919,-1356,0,1638,0,-20336
11106,1,928,-1350,0,1638,1,-20214
11107,1,936,-1345,0,1639,0,-20091
11108,1,944,-1339,0,1638,-1,-19949
11109,1,952,-1333,0,1638,0,-19827
11110,1,961,-1327,0,1638,-1,-19684
11111,1,969,-1321,0,1639,0,-19562
11112,1,977,-1315,0,1638,0,-19440
11113,1,985,-1309,0,1638,1,-19318
11114,1,993,-1303,0,1638,-1,-19175
11115,1,1001,-1297,0,1638,0,-19053
11116,1,1009,-1291,0,1639,0,-18931
11117,1,1017,-1285,0,1639,1,-18808
11118,1,1024,-1279,0,1638,0,-18686
11119,1,1032,-1272,0,1638,0,-18544
11120,1,1040,-1266,0,1638,0,-18421
11121,1,1048,-1260,0,1639,1,-18302
11122,1,1056,-1253,0,1639,0,-18159
11123,1,1063,-1247,0,1639,0,-18037
11124,1,1071,-1240,0,1639,1,-17915
11125,1,1078,-1233,0,1638,-1,-17772
11126,1,1086,-1227,0,1639,0,-17650
11127,1,1094,-1220,0,1639,1,-17528
11128,1,1101,-1213,0,1638,-1,-17385
11129,1,1108,-1207,0,1638,1,-17283
11130,1,1116,-1200,0,1639,0,-17141
11131,1,1123,-1193,0,1638,0,-17019
11132,1,1130,-1186,0,1638,1,-16897
11133,1,1138,-1179,0,1639,0,-16754
11134,1,1145,-1172,0,1639,1,-16632
11135,1,1152,-1165,0,1638,-1,-16489
11136,1,1159,-1158,0,1639,1,-16380
11137,1,1166,-1151,0,1639,1,-16258
11138,1,1173,-1144,0,1639,-1,-16116
11139,1,1180,-1136,0,1638,0,-15993
11140,1,1187,-1129,0,1638,-1,-15851
11141,1,1194,-1122,0,1638,0,-15729
11142,1,1201,-1114,0,1638,0,-15607
11143,1,1208,-1107,0,1639,1,-15485
11144,1,1215,-1100,0,1639,-1,-15342
11145,1,1221,-1092,0,1638,0,-15220
11146,1,1228,-1085,0,1639,0,-15097
11147,1,1235,-1077,0,1639,-1,-14955
11148,1,1241,-1069,0,1638,0,-14833
11149,1,1248,-1062,0,1639,0,-14710
11150,1,1254,-1054,0,1638,1,-14588
11151,1,1261,-1046,0,1638,0,-14446
11152,1,1267,-1039,0,1639,0,-14326
11153,1,1273,-1031,0,1638,0,-14204
11154,1,1280,-1023,0,1639,0,-14061
11155,1,1286,-1015,0,1638,0,-13939
11156,1,1292,-1007,0,1638,1,-13817
11157,1,1298,-999,0,1638,-1,-13674
11158,1,1304,-991,0,1638,0,-13552
11159,1,1311,-983,0,1639,1,-13430
11160,1,1317,-975,0,1639,0,-13287
11161,1,1322,-967,0,1638,-1,-13165
11162,1,1328,-959,0,1638,0,-13043
11163,1,1334,-951,0,1638,0,-12921
11164,1,1340,-943,0,1639,1,-12799
11165,1,1346,-934,0,1638,0,-12656
11166,1,1352,-926,0,1639,1,-12534
11167,1,1357,-918,0,1639,0,-12412
11168,1,1363,-909,0,1638,0,-12269
11169,1,1368,-901,0,1638,0,-12147
11170,1,1374,-893,0,1639,0,-12025
11171,1,1379,-884,0,1638,-1,-11882
11172,1,1385,-876,0,1639,0,-11763
11173,1,1390,-867,0,1638,0,-11640
11174,1,1395,-859,0,1638,0,-11518
11175,1,1401,-850,0,1639,0,-11376
11176,1,1406,-842,0,1639,0,-11253
11177,1,1411,-833,0,1639,0,-11131
11178,1,1416,-824,0,1639,0,-10989
11179,1,1421,-815,0,1638,0,-10866
11180,1,1426,-807,0,1639,0,-10744
11181,1,1431,-798,0,1639,-1,-10601
11182,1,1436,-789,0,1639,0,-10480
11183,1,1441,-780,0,1639,0,-10357
11184,1,1445,-772,0,1638,0,-10235
11185,1,1450,-763,0,1639,1,-10113
11186,1,1455,-754,0,1639,0,-9970
11187,1,1459,-745,0,1638,0,-9848
11188,1,1464,-736,0,1639,1,-9726
11189,1,1468,-727,0,1638,-1,-9583
11190,1,1473,-718,0,1639,0,-9461
11191,1,1477,-709,0,1638,0,-9339
11192,1,1481,-700,0,1638,1,-9220
11193,1,1486,-691,0,1639,0,-9077
11194,1,1490,-681,0,1638,-1,-8934
11195,1,1494,-672,0,1638,0,-8812
11196,1,1498,-663,0,1638,0,-8690
11197,1,1502,-654,0,1639,0,-8568
11198,1,1506,-645,0,1638,0,-8445
11199,1,1510,-635,0,1638,0,-8303
11200,1,1514,-626,0,1638,0,-8181
11201,1,1518,-617,0,1639,1,-8058
11202,1,1522,-608,0,1639,1,-7936
11203,1,1525,-598,0,1638,0,-7794
11204,1,1529,-589,0,1639,0,-7672
11205,1,1533,-579,0,1639,0,-7529
11206,1,1536,-570,0,1638,0,-7407
11207,1,1540,-561,0,1639,0,-7285
11208,1,1543,-551,0,1639,1,-7162
11209,1,1546,-542,0,1638,1,-7040
11210,1,1550,-532,0,1639,0,-6898
11211,1,1553,-523,0,1639,0,-6775
11212,1,1556,-513,0,1639,0,-6649
11213,1,1559,-503,0,1638,0,-6506
11214,1,1562,-494,0,1638,-1,-6384
11215,1,1565,-484,0,1638,0,-6261
11216,1,1568,-475,0,1639,0,-6139
11217,1,1571,-465,0,1638,0,-5997
11218,1,1574,-455,0,1639,0,-5874
11219,1,1577,-446,0,1639,0,-5752
11220,1,1579,-436,0,1638,-1,-5610
11221,1,1582,-426,0,1639,0,-5488
11222,1,1585,-417,0,1639,0,-5366
11223,1,1587,-407,0,1638,0,-5243
11224,1,1590,-397,0,1639,0,-5101
11225,1,1592,-387,0,1638,0,-4978
11226,1,1594,-378,0,1638,0,-4856
11227,1,1597,-368,0,1639,1,-4734
11228,1,1599,-358,0,1639,0,-4591
11229,1,1601,-348,0,1638,0,-4469
11230,1,1603,-338,0,1638,-1,-4327
11231,1,1605,-329,0,1638,1,-4225
11232,1,1607,-319,0,1639,0,-4085
11233,1,1609,-309,0,1638,0,-3963
11234,1,1611,-299,0,1639,-1,-3820
11235,1,1613,-289,0,1639,0,-3698
11236,1,1614,-279,0,1638,0,-3576
11237,1,1616,-269,0,1638,-1,-3433
11238,1,1618,-259,0,1639,0,-3311
11239,1,1619,-249,0,1638,1,-3189
11240,1,1621,-239,0,1639,-1,-3046
11241,1,1622,-230,0,1638,1,-2944
11242,1,1624,-220,0,1639,-1,-2802
11243,1,1625,-210,0,1639,0,-2680
11244,1,1626,-200,0,1638,0,-2558
11245,1,1627,-190,0,1638,-1,-2415
11246,1,1629,-180,0,1639,0,-2293
11247,1,1630,-170,0,1639,0,-2171
11248,1,1631,-160,0,1639,1,-2048
11249,1,1632,-150,0,1639,0,-1906
11250,1,1632,-140,0,1638,0,-1783
11251,1,1633,-130,0,1638,0,-1661
11252,1,1634,-120,0,1639,-1,-1521
11253,1,1635,-110,0,1639,0,-1399
11254,1,1635,-100,0,1638,0,-1277
11255,1,1636,-90,0,1639,-1,-1134
11256,1,1636,-79,0,1638,1,-1012
11257,1,1637,-69,0,1639,-1,-870
11258,1,1637,-59,0,1638,0,-747
11259,1,1638,-49,0,1639,0,-625
11260,1,1638,-39,0,1639,1,-503
11261,1,1638,-29,0,1638,-1,-360
11262,1,1638,-19,0,1638,0,-238
11263,1,1638,-9,0,1638,0,-116
11264,1,45875,26,0,45875,-5,14
11265,1,45874,308,0,45875,8,137
11266,1,45871,589,0,45875,20,259
11267,1,45867,870,0,45875,-12,401
11268,1,45861,1152,0,45876,2,523
11269,1,45853,1433,0,45876,14,645
11270,1,45843,1715,0,45875,-17,788
11271,1,45832,1996,0,45875,-5,910
11272,1,45819,2277,0,45876,7,1032
11273,1,45804,2558,0,45876,20,1155
11274,1,45787,2839,0,45875,-12,1297
11275,1,45769,3120,0,45875,1,1420
11276,1,45749,3401,0,45875,14,1542
11277,1,45727,3681,0,45875,-13,1682
11278,1,45704,3962,0,45876,0,1804
11279,1,45679,4242,0,45876,12,1926
11280,1,45652,4522,0,45876,-20,2069
11281,1,45623,4802,0,45875,-7,2191
11282,1,45593,5082,0,45876,6,2313
11283,1,45561,5362,0,45876,19,2435
11284,1,45527,5641,0,45875,-14,2578
11285,1,45492,5921,0,45876,0,2700
11286,1,45454,6200,0,45875,12,2822
11287,1,45415,6479,0,45875,-19,2965
11288,1,45375,6757,0,45876,-7,3087
11289,1,45333,7035,0,45876,6,3209
11290,1,45289,7313,0,45876,18,3331
11291,1,45243,7591,0,45876,-14,3474
11292,1,45195,7869,0,45875,0,3596
11293,1,45146,8146,0,45875,12,3718
11294,1,45095,8423,0,45875,-20,3861
11295,1,45043,8699,0,45875,-8,3983
11296,1,44989,8975,0,45876,5,4105
11297,1,44933,9251,0,45876,-21,4245
11298,1,44875,9527,0,45875,-8,4367
11299,1,44816,9802,0,45875,5,4490
11300,1,44755,10077,0,45876,18,4612
11301,1,44692,10351,0,45875,-15,4754
11302,1,44628,10625,0,45876,-2,4877
11303,1,44562,10899,0,45876,11,4999
11304,1,44494,11172,0,45875,-21,5141
11305,1,44425,11445,0,45876,-8,5264
11306,1,44354,11717,0,45876,4,5386
11307,1,44281,11989,0,45876,17,5508
11308,1,44206,12261,0,45875,-14,5650
11309,1,44130,12532,0,45875,-1,5773
11310,1,44053,12802,0,45876,11,5895
11311,1,43973,13072,0,45875,-21,6037
11312,1,43892,13342,0,45875,-8,6160
11313,1,43810,13611,0,45876,5,6282
11314,1,43725,13879,0,45875,17,6404
11315,1,43639,14147,0,45875,-15,6547
11316,1,43552,14415,0,45876,-2,6669
11317,1,43462,14682,0,45875,0,6796
11318,1,43371,14948,0,45875,13,6918
11319,1,43279,15214,0,45875,-19,7061
11320,1,43185,15479,0,45875,-7,7183
11321,1,43089,15744,0,45876,6,7305
11322,1,42992,16008,0,45876,19,7427
11323,1,42893,16272,0,45876,-13,7570
11324,1,42792,16535,0,45876,0,7692
11325,1,42690,16797,0,45876,12,7814
11326,1,42586,17058,0,45876,-20,7956
11327,1,42480,17319,0,45875,-7,8079
11328,1,42373,17580,0,45875,6,8201
11329,1,42265,17839,0,45876,18,8323
11330,1,42154,18098,0,45875,-13,8466
11331,1,42042,18357,0,45875,0,8588
11332,1,41929,18614,0,45875,12,8710
11333,1,41814,18871,0,45875,-20,8853
11334,1,41697,19127,0,45875,-7,8975
11335,1,41579,19383,0,45875,6,9097
11336,1,41460,19638,0,45876,19,9220
11337,1,41338,19892,0,45875,-7,9359
11338,1,41215,20145,0,45875,5,9481
11339,1,41091,20398,0,45876,18,9604
11340,1,40965,20649,0,45875,-14,9746
11341,1,40838,20900,0,45876,-2,9869
11342,1,40709,21150,0,45875,11,9991
11343,1,40578,21400,0,45875,-21,10133
11344,1,40446,21648,0,45875,-8,10256
11345,1,40312,21896,0,45875,5,10378
11346,1,40177,22143,0,45875,18,10500
11347,1,40041,22389,0,45875,-14,10642
11348,1,39903,22634,0,45875,-2,10764
11349,1,39763,22879,0,45876,11,10887
11350,1,39622,23122,0,45875,-21,11029
11351,1,39479,23365,0,45875,-8,11152
11352,1,39335,23607,0,45875,5,11274
11353,1,39189,23848,0,45875,18,11396
11354,1,39042,24088,0,45875,-14,11539
11355,1,38894,24327,0,45875,-2,11661
11356,1,38744,24565,0,45875,11,11783
11357,1,38592,24802,0,45875,-16,11923
11358,1,38440,25039,0,45876,-3,12045
11359,1,38285,25274,0,45875,10,12167
11360,1,38129,25509,0,45875,-22,12310
11361,1,37972,25742,0,45875,-9,12432
11362,1,37813,25975,0,45875,4,12554
11363,1,37653,26206,0,45875,16,12677
11364,1,37492,26437,0,45876,-16,12819
11365,1,37329,26666,0,45875,-4,12941
11366,1,37165,26895,0,45876,9,13064
11367,1,36999,27122,0,45875,22,13185
11368,1,36832,27349,0,45876,-9,13328
11369,1,36663,27574,0,45875,3,13450
11370,1,36493,27799,0,45875,17,13573
11371,1,36322,28022,0,45875,-16,13715
11372,1,36150,28244,0,45875,-4,13837
11373,1,35976,28466,0,45876,9,13960
11374,1,35800,28686,0,45875,22,14082
11375,1,35624,28905,0,45876,-10,14224
11376,1,35445,29123,0,45875,3,14347
11377,1,35266,29340,0,45875,22,14466
11378,1,35085,29556,0,45875,-10,14609
11379,1,34903,29771,0,45875,3,14731
11380,1,34720,29984,0,45875,15,14853
11381,1,34535,30197,0,45875,-17,14996
11382,1,34350,30408,0,45876,-5,15118
11383,1,34162,30618,0,45875,8,15240
11384,1,33974,30827,0,45875,21,15362
11385,1,33784,31035,0,45875,-11,15505
11386,1,33593,31242,0,45875,2,15627
11387,1,33401,31447,0,45875,14,15749
11388,1,33207,31652,0,45876,-17,15892
11389,1,33012,31855,0,45875,-4,16014
11390,1,32816,32057,0,45875,9,16136
11391,1,32619,32258,0,45876,21,16258
11392,1,32420,32457,0,45875,19,16388
11393,1,32220,32655,0,45875,-14,16530
11394,1,32020,32852,0,45875,-2,16652
11395,1,31817,33048,0,45875,12,16775
11396,1,31614,33243,0,45875,-20,16917
11397,1,31409,33436,0,45875,-8,17039
11398,1,31204,33628,0,45875,5,17161
11399,1,30997,33819,0,45875,18,17283
11400,1,30789,34009,0,45876,-14,17426
11401,1,30579,34197,0,45875,-1,17548
11402,1,30369,34384,0,45875,12,17671
11403,1,30157,34570,0,45875,-20,17813
11404,1,29945,34754,0,45875,-8,17935
11405,1,29731,34937,0,45875,5,18058
11406,1,29516,35119,0,45875,18,18180
11407,1,29300,35299,0,45875,-15,18322
11408,1,29083,35479,0,45876,5,18442
11409,1,28865,35656,0,45875,17,18564
11410,1,28645,35833,0,45876,-14,18707
11411,1,28425,36008,0,45875,-2,18829
11412,1,28203,36182,0,45876,11,18951
11413,1,27981,36354,0,45876,-21,19094
11414,1,27757,36525,0,45875,-8,19216
11415,1,27533,36695,0,45876,4,19338
11416,1,27307,36863,0,45876,17,19460
11417,1,27080,37030,0,45875,-15,19603
11418,1,26852,37195,0,45875,-2,19725
11419,1,26624,37359,0,45875,10,19847
11420,1,26394,37522,0,45876,-21,19990
11421,1,26163,37683,0,45875,-8,20112
11422,1,25932,37843,0,45876,4,20234
11423,1,25699,38001,0,45875,17,20356
11424,1,25465,38158,0,45875,-15,20499
11425,1,25231,38314,0,45875,-3,20621
11426,1,24995,38468,0,45875,10,20743
11427,1,24759,38621,0,45876,-22,20886
11428,1,24521,38772,0,45875,-3,21005
11429,1,24283,38921,0,45875,9,21128
11430,1,24043,39070,0,45876,-22,21270
11431,1,23803,39217,0,45876,-10,21392
11432,1,23562,39362,0,45875,3,21515
11433,1,23320,39506,0,45876,16,21637
11434,1,23077,39648,0,45875,-17,21779
11435,1,22834,39789,0,45875,-4,21902
11436,1,22589,39928,0,45875,9,22024
11437,1,22344,40066,0,45875,21,22146
11438,1,22097,40202,0,45875,-10,22288
11439,1,21850,40337,0,45875,3,22411
11440,1,21602,40471,0,45875,16,22533
11441,1,21354,40602,0,45875,-17,22675
11442,1,21104,40733,0,45875,-4,22798
11443,1,20854,40861,0,45875,8,22920
11444,1,20603,40989,0,45876,22,23042
11445,1,20351,41114,0,45875,-11,23185
11446,1,20098,41238,0,45875,2,23307
11447,1,19845,41361,0,45875,15,23429
11448,1,19591,41482,0,45876,-11,23569
11449,1,19336,41601,0,45875,1,23691
11450,1,19080,41719,0,45875,14,23813
11451,1,18824,41835,0,45875,-18,23956
11452,1,18567,41950,0,45875,-5,24078
11453,1,18309,42063,0,45875,8,24200
11454,1,18051,42175,0,45876,20,24323
11455,1,17791,42285,0,45875,-11,24465
11456,1,17532,42393,0,45875,1,24587
11457,1,17271,42500,0,45875,14,24710
11458,1,17010,42605,0,45875,-18,24852
11459,1,16748,42709,0,45876,-4,24974
11460,1,16486,42811,0,45876,8,25096
11461,1,16223,42911,0,45875,21,25219
11462,1,15959,43010,0,45875,-11,25361
11463,1,15695,43107,0,45875,1,25483
11464,1,15430,43202,0,45875,14,25606
11465,1,15165,43296,0,45875,-18,25748
11466,1,14899,43388,0,45875,-5,25870
11467,1,14633,43479,0,45875,7,25993
11468,1,14365,43568,0,45875,10,26119
11469,1,14098,43655,0,45875,22,26242
11470,1,13830,43741,0,45876,-10,26384
11471,1,13561,43825,0,45875,3,26507
11472,1,13292,43907,0,45875,15,26629
11473,1,13022,43988,0,45875,-16,26771
11474,1,12752,44067,0,45875,-4,26894
11475,1,12482,44145,0,45876,9,27016
11476,1,12210,44220,0,45875,22,27138
11477,1,11939,44294,0,45875,-10,27280
11478,1,11667,44367,0,45876,3,27402
11479,1,11394,44438,0,45876,16,27525
11480,1,11122,44507,0,45876,-17,27667
11481,1,10848,44574,0,45875,-4,27790
11482,1,10575,44640,0,45876,9,27912
11483,1,10300,44704,0,45875,22,28034
11484,1,10026,44766,0,45875,-10,28177
11485,1,9751,44827,0,45875,3,28299
11486,1,9476,44886,0,45876,15,28421
11487,1,9200,44943,0,45875,-17,28564
11488,1,8924,44999,0,45876,2,28683
11489,1,8648,45053,0,45876,15,28805
11490,1,8371,45105,0,45875,-17,28948
11491,1,8094,45155,0,45875,-4,29070
11492,1,7817,45204,0,45875,8,29192
11493,1,7540,45251,0,45875,20,29314
11494,1,7262,45297,0,45876,-11,29457
11495,1,6984,45340,0,45875,1,29579
11496,1,6706,45382,0,45875,14,29702
11497,1,6427,45423,0,45875,-18,29844
11498,1,6148,45461,0,45875,-5,29966
11499,1,5869,45498,0,45875,8,30088
11500,1,5590,45533,0,45875,20,30210
11501,1,5310,45567,0,45875,-11,30353
11502,1,5031,45599,0,45876,1,30475
11503,1,4751,45629,0,45876,14,30597
11504,1,4471,45657,0,45875,-18,30740
11505,1,4190,45683,0,45875,-5,30862
11506,1,3910,45708,0,45875,8,30985
11507,1,3629,45731,0,45875,21,31107
11508,1,3349,45753,0,45876,-6,31247
11509,1,3068,45772,0,45875,7,31369
11510,1,2787,45790,0,45875,19,31491
11511,1,2506,45807,0,45876,-13,31634
11512,1,2225,45821,0,45875,0,31756
11513,1,1944,45834,0,45875,13,31878
11514,1,1663,45845,0,45875,-20,32021
11515,1,1381,45854,0,45875,-7,32143
11516,1,1100,45862,0,45875,6,32265
11517,1,818,45868,0,45875,19,32387
11518,1,537,45872,0,45875,-13,32530
11519,1,255,45874,0,45875,0,32652
11520,1,-26,45875,0,45875,-5,32782
11521,1,-308,45874,0,45875,8,32905
11522,1,-589,45871,0,45875,20,33027
11523,1,-870,45867,0,45875,-12,33169
11524,1,-1152,45861,0,45876,2,33291
11525,1,-1433,45853,0,45876,14,33413
11526,1,-1715,45843,0,45875,-17,33556
11527,1,-1996,45832,0,45875,-5,33678
11528,1,-2277,45819,0,45876,7,33800
11529,1,-2558,45804,0,45876,20,33923
11530,1,-2839,45787,0,45875,-12,34065
11531,1,-3120,45769,0,45875,1,34188
11532,1,-3401,45749,0,45875,14,34310
11533,1,-3681,45727,0,45875,-13,34450
11534,1,-3962,45704,0,45876,0,34572
11535,1,-4242,45679,0,45876,12,34694
11536,1,-4522,45652,0,45876,-20,34837
11537,1,-4802,45623,0,45875,-7,34959
11538,1,-5082,45593,0,45876,6,35081
11539,1,-5362,45561,0,45876,19,35203
11540,1,-5641,45527,0,45875,-14,35346
11541,1,-5921,45492,0,45876,0,35468
11542,1,-6200,45454,0,45875,12,35590
11543,1,-6479,45415,0,45875,-19,35733
11544,1,-6757,45375,0,45876,-7,35855
11545,1,-7035,45333,0,45876,6,35977
11546,1,-7313,45289,0,45876,18,36099
11547,1,-7591,45243,0,45876,-14,36242
11548,1,-7869,45195,0,45875,0,36364
11549,1,-8146,45146,0,45875,12,36486
11550,1,-8423,45095,0,45875,-20,36629
11551,1,-8699,45043,0,45875,-8,36751
11552,1,-8975,44989,0,45876,5,36873
11553,1,-9251,44933,0,45876,-21,37013
11554,1,-9527,44875,0,45875,-8,37135
11555,1,-9802,44816,0,45875,5,37258
11556,1,-10077,44755,0,45876,18,37380
11557,1,-10351,44692,0,45875,-15,37522
11558,1,-10625,44628,0,45876,-2,37645
11559,1,-10899,44562,0,45876,11,37767
11560,1,-11172,44494,0,45875,-21,37909
11561,1,-11445,44425,0,45876,-8,38032
11562,1,-11717,44354,0,45876,4,38154
11563,1,-11989,44281,0,45876,17,38276
11564,1,-12261,44206,0,45875,-14,38418
11565,1,-12532,44130,0,45875,-1,38541
11566,1,-12802,44053,0,45876,11,38663
11567,1,-13072,43973,0,45875,-21,38805
11568,1,-13342,43892,0,45875,-8,38928
11569,1,-13611,43810,0,45876,5,39050
11570,1,-13879,43725,0,45875,17,39172
11571,1,-14147,43639,0,45875,-15,39315
11572,1,-14415,43552,0,45876,-2,39437
11573,1,-14682,43462,0,45875,0,39564
11574,1,-14948,43371,0,45875,13,39686
11575,1,-15214,43279,0,45875,-19,39829
11576,1,-15479,43185,0,45875,-7,39951
11577,1,-15744,43089,0,45876,6,40073
11578,1,-16008,42992,0,45876,19,40195
11579,1,-16272,42893,0,45876,-13,40338
11580,1,-16535,42792,0,45876,0,40460
11581,1,-16797,42690,0,45876,12,40582
11582,1,-17058,42586,0,45876,-20,40724
11583,1,-17319,42480,0,45875,-7,40847
11584,1,-17580,42373,0,45875,6,40969
11585,1,-17839,42265,0,45876,18,41091
11586,1,-18098,42154,0,45875,-13,41234
11587,1,-18357,42042,0,45875,0,41356
11588,1,-18614,41929,0,45875,12,41478
11589,1,-18871,41814,0,45875,-20,41621
11590,1,-19127,41697,0,45875,-7,41743
11591,1,-19383,41579,0,45875,6,41865
11592,1,-19638,41460,0,45876,19,41988
11593,1,-19892,41338,0,45875,-7,42127
11594,1,-20145,41215,0,45875,5,42249
11595,1,-20398,41091,0,45876,18,42372
11596,1,-20649,40965,0,45875,-14,42514
11597,1,-20900,40838,0,45876,-2,42637
11598,1,-21150,40709,0,45875,11,42759
11599,1,-21400,40578,0,45875,-21,42901
11600,1,-21648,40446,0,45875,-8,43024
11601,1,-21896,40312,0,45875,5,43146
11602,1,-22143,40177,0,45875,18,43268
11603,1,-22389,40041,0,45875,-14,43410
11604,1,-22634,39903,0,45875,-2,43532
11605,1,-22879,39763,0,45876,11,43655
11606,1,-23122,39622,0,45875,-21,43797
11607,1,-23365,39479,0,45875,-8,43920
11608,1,-23607,39335,0,45875,5,44042
11609,1,-23848,39189,0,45875,18,44164
11610,1,-24088,39042,0,45875,-14,44307
11611,1,-24327,38894,0,45875,-2,44429
11612,1,-24565,38744,0,45875,11,44551
11613,1,-24802,38592,0,45875,-16,44691
11614,1,-25039,38440,0,45876,-3,44813
11615,1,-25274,38285,0,45875,10,44935
11616,1,-25509,38129,0,45875,-22,45078
11617,1,-25742,37972,0,45875,-9,45200
11618,1,-25975,37813,0,45875,4,45322
11619,1,-26206,37653,0,45875,16,45445
11620,1,-26437,37492,0,45876,-16,45587
11621,1,-26666,37329,0,45875,-4,45709
11622,1,-26895,37165,0,45876,9,45832
11623,1,-27122,36999,0,45875,22,45953
11624,1,-27349,36832,0,45876,-9,46096
11625,1,-27574,36663,0,45875,3,46218
11626,1,-27799,36493,0,45875,17,46341
11627,1,-28022,36322,0,45875,-16,46483
11628,1,-28244,36150,0,45875,-4,46605
11629,1,-28466,35976,0,45876,9,46728
11630,1,-28686,35800,0,45875,22,46850
11631,1,-28905,35624,0,45876,-10,46992
11632,1,-29123,35445,0,45875,3,47115
11633,1,-29340,35266,0,45875,22,47234
11634,1,-29556,35085,0,45875,-10,47377
11635,1,-29771,34903,0,45875,3,47499
11636,1,-29984,34720,0,45875,15,47621
11637,1,-30197,34535,0,45875,-17,47764
11638,1,-30408,34350,0,45876,-5,47886
11639,1,-30618,34162,0,45875,8,48008
11640,1,-30827,33974,0,45875,21,48130
11641,1,-31035,33784,0,45875,-11,48273
11642,1,-31242,33593,0,45875,2,48395
11643,1,-31447,33401,0,45875,14,48517
11644,1,-31652,33207,0,45876,-17,48660
11645,1,-31855,33012,0,45875,-4,48782
11646,1,-32057,32816,0,45875,9,48904
11647,1,-32258,32619,0,45876,21,49026
11648,1,-32457,32420,0,45875,19,49156
11649,1,-32655,32220,0,45875,-14,49298
11650,1,-32852,32020,0,45875,-2,49420
11651,1,-33048,31817,0,45875,12,49543
11652,1,-33243,31614,0,45875,-20,49685
11653,1,-33436,31409,0,45875,-8,49807
11654,1,-33628,31204,0,45875,5,49929
11655,1,-33819,30997,0,45875,18,50051
11656,1,-34009,30789,0,45876,-14,50194
11657,1,-34197,30579,0,45875,-1,50316
11658,1,-34384,30369,0,45875,12,50439
11659,1,-34570,30157,0,45875,-20,50581
11660,1,-34754,29945,0,45875,-8,50703
11661,1,-34937,29731,0,45875,5,50826
11662,1,-35119,29516,0,45875,18,50948
11663,1,-35299,29300,0,45875,-15,51090
11664,1,-35479,29083,0,45876,5,51210
11665,1,-35656,28865,0,45875,17,51332
11666,1,-35833,28645,0,45876,-14,51475
11667,1,-36008,28425,0,45875,-2,51597
11668,1,-36182,28203,0,45876,11,51719
11669,1,-36354,27981,0,45876,-21,51862
11670,1,-36525,27757,0,45875,-8,51984
11671,1,-36695,27533,0,45876,4,52106
11672,1,-36863,27307,0,45876,17,52228
11673,1,-37030,27080,0,45875,-15,52371
11674,1,-37195,26852,0,45875,-2,52493
11675,1,-37359,26624,0,45875,10,52615
11676,1,-37522,26394,0,45876,-21,52758
11677,1,-37683,26163,0,45875,-8,52880
11678,1,-37843,25932,0,45876,4,53002
11679,1,-38001,25699,0,45875,17,53124
11680,1,-38158,25465,0,45875,-15,53267
11681,1,-38314,25231,0,45875,-3,53389
11682,1,-38468,24995,0,45875,10,53511
11683,1,-38621,24759,0,45876,-22,53654
11684,1,-38772,24521,0,45875,-3,53773
11685,1,-38921,24283,0,45875,9,53896
11686,1,-39070,24043,0,45876,-22,54038
11687,1,-39217,23803,0,45876,-10,54160
11688,1,-39362,23562,0,45875,3,54283
11689,1,-39506,23320,0,45876,16,54405
11690,1,-39648,23077,0,45875,-17,54547
11691,1,-39789,22834,0,45875,-4,54670
11692,1,-39928,22589,0,45875,9,54792
11693,1,-40066,22344,0,45875,21,54914
11694,1,-40202,22097,0,45875,-10,55056
11695,1,-40337,21850,0,45875,3,55179
11696,1,-40471,21602,0,45875,16,55301
11697,1,-40602,21354,0,45875,-17,55443
11698,1,-40733,21104,0,45875,-4,55566
11699,1,-40861,20854,0,45875,8,55688
11700,1,-40989,20603,0,45876,22,55810
11701,1,-41114,20351,0,45875,-11,55953
11702,1,-41238,20098,0,45875,2,56075
11703,1,-41361,19845,0,45875,15,56197
11704,1,-41482,19591,0,45876,-11,56337
11705,1,-41601,19336,0,45875,1,56459
11706,1,-41719,19080,0,45875,14,56581
11707,1,-41835,18824,0,45875,-18,56724
11708,1,-41950,18567,0,45875,-5,56846
11709,1,-42063,18309,0,45875,8,56968
11710,1,-42175,18051,0,45876,20,57091
11711,1,-42285,17791,0,45875,-11,57233
11712,1,-42393,17532,0,45875,1,57355
11713,1,-42500,17271,0,45875,14,57478
11714,1,-42605,17010,0,45875,-18,57620
11715,1,-42709,16748,0,45876,-4,57742
11716,1,-42811,16486,0,45876,8,57864
11717,1,-42911,16223,0,45875,21,57987
11718,1,-43010,15959,0,45875,-11,58129
11719,1,-43107,15695,0,45875,1,58251
11720,1,-43202,15430,0,45875,14,58374
11721,1,-43296,15165,0,45875,-18,58516
11722,1,-43388,14899,0,45875,-5,58638
11723,1,-43479,14633,0,45875,7,58761
11724,1,-43568,14365,0,45875,10,58887
11725,1,-43655,14098,0,45875,22,59010
11726,1,-43741,13830,0,45876,-10,59152
11727,1,-43825,13561,0,45875,3,59275
11728,1,-43907,13292,0,45875,15,59397
11729,1,-43988,13022,0,45875,-16,59539
11730,1,-44067,12752,0,45875,-4,59662
11731,1,-44145,12482,0,45876,9,59784
11732,1,-44220,12210,0,45875,22,59906
11733,1,-44294,11939,0,45875,-10,60048
11734,1,-44367,11667,0,45876,3,60170
11735,1,-44438,11394,0,45876,16,60293
11736,1,-44507,11122,0,45876,-17,60435
11737,1,-44574,10848,0,45875,-4,60558
11738,1,-44640,10575,0,45876,9,60680
11739,1,-44704,10300,0,45875,22,60802
11740,1,-44766,10026,0,45875,-10,60945
11741,1,-44827,9751,0,45875,3,61067
11742,1,-44886,9476,0,45876,15,61189
11743,1,-44943,9200,0,45875,-17,61332
11744,1,-44999,8924,0,45876,2,61451
11745,1,-45053,8648,0,45876,15,61573
11746,1,-45105,8371,0,45875,-17,61716
11747,1,-45155,8094,0,45875,-4,61838
11748,1,-45204,7817,0,45875,8,61960
11749,1,-45251,7540,0,45875,20,62082
11750,1,-45297,7262,0,45876,-11,62225
11751,1,-45340,6984,0,45875,1,62347
11752,1,-45382,6706,0,45875,14,62470
11753,1,-45423,6427,0,45875,-18,62612
11754,1,-45461,6148,0,45875,-5,62734
11755,1,-45498,5869,0,45875,8,62856
11756,1,-45533,5590,0,45875,20,62978
11757,1,-45567,5310,0,45875,-11,63121
11758,1,-45599,5031,0,45876,1,63243
11759,1,-45629,4751,0,45876,14,63365
11760,1,-45657,4471,0,45875,-18,63508
11761,1,-45683,4190,0,45875,-5,63630
11762,1,-45708,3910,0,45875,8,63753
11763,1,-45731,3629,0,45875,21,63875
11764,1,-45753,3349,0,45876,-6,64015
11765,1,-45772,3068,0,45875,7,64137
11766,1,-45790,2787,0,45875,19,64259
11767,1,-45807,2506,0,45876,-13,64402
11768,1,-45821,2225,0,45875,0,64524
11769,1,-45834,1944,0,45875,13,64646
11770,1,-45845,1663,0,45875,-20,64789
11771,1,-45854,1381,0,45875,-7,64911
11772,1,-45862,1100,0,45875,6,65033
11773,1,-45868,818,0,45875,19,65155
11774,1,-45872,537,0,45875,-13,65298
11775,1,-45874,255,0,45875,0,65420
11776,1,-45875,-26,0,45875,-5,-65522
11777,1,-45874,-308,0,45875,8,-65399
11778,1,-45871,-589,0,45875,20,-65277
11779,1,-45867,-870,0,45875,-12,-65135
11780,1,-45861,-1152,0,45876,2,-65013
11781,1,-45853,-1433,0,45876,14,-64891
11782,1,-45843,-1715,0,45875,-17,-64748
11783,1,-45832,-1996,0,45875,-5,-64626
11784,1,-45819,-2277,0,45876,7,-64504
11785,1,-45804,-2558,0,45876,20,-64381
11786,1,-45787,-2839,0,45875,-12,-64239
11787,1,-45769,-3120,0,45875,1,-64116
11788,1,-45749,-3401,0,45875,14,-63994
11789,1,-45727,-3681,0,45875,-13,-63854
11790,1,-45704,-3962,0,45876,0,-63732
11791,1,-45679,-4242,0,45876,12,-63610
11792,1,-45652,-4522,0,45876,-20,-63467
11793,1,-45623,-4802,0,45875,-7,-63345
11794,1,-45593,-5082,0,45876,6,-63223
11795,1,-45561,-5362,0,45876,19,-63101
11796,1,-45527,-5641,0,45875,-14,-62958
11797,1,-45492,-5921,0,45876,0,-62836
11798,1,-45454,-6200,0,45875,12,-62714
11799,1,-45415,-6479,0,45875,-19,-62571
11800,1,-45375,-6757,0,45876,-7,-62449
11801,1,-45333,-7035,0,45876,6,-62327
11802,1,-45289,-7313,0,45876,18,-62205
11803,1,-45243,-7591,0,45876,-14,-62062
11804,1,-45195,-7869,0,45875,0,-61940
11805,1,-45146,-8146,0,45875,12,-61818
11806,1,-45095,-8423,0,45875,-20,-61675
11807,1,-45043,-8699,0,45875,-8,-61553
11808,1,-44989,-8975,0,45876,5,-61431
11809,1,-44933,-9251,0,45876,-21,-61291
11810,1,-44875,-9527,0,45875,-8,-61169
11811,1,-44816,-9802,0,45875,5,-61046
11812,1,-44755,-10077,0,45876,18,-60924
11813,1,-44692,-10351,0,45875,-15,-60782
11814,1,-44628,-10625,0,45876,-2,-60659
11815,1,-44562,-10899,0,45876,11,-60537
11816,1,-44494,-11172,0,45875,-21,-60395
11817,1,-44425,-11445,0,45876,-8,-60272
11818,1,-44354,-11717,0,45876,4,-60150
11819,1,-44281,-11989,0,45876,17,-60028
11820,1,-44206,-12261,0,45875,-14,-59886
11821,1,-44130,-12532,0,45875,-1,-59763
11822,1,-44053,-12802,0,45876,11,-59641
11823,1,-43973,-13072,0,45875,-21,-59499
11824,1,-43892,-13342,0,45875,-8,-59376
11825,1,-43810,-13611,0,45876,5,-59254
11826,1,-43725,-13879,0,45875,17,-59132
11827,1,-43639,-14147,0,45875,-15,-58989
11828,1,-43552,-14415,0,45876,-2,-58867
11829,1,-43462,-14682,0,45875,0,-58740
11830,1,-43371,-14948,0,45875,13,-58618
11831,1,-43279,-15214,0,45875,-19,-58475
11832,1,-43185,-15479,0,45875,-7,-58353
11833,1,-43089,-15744,0,45876,6,-58231
11834,1,-42992,-16008,0,45876,19,-58109
11835,1,-42893,-16272,0,45876,-13,-57966
11836,1,-42792,-16535,0,45876,0,-57844
11837,1,-42690,-16797,0,45876,12,-57722
11838,1,-42586,-17058,0,45876,-20,-57580
11839,1,-42480,-17319,0,45875,-7,-57457
11840,1,-42373,-17580,0,45875,6,-57335
11841,1,-42265,-17839,0,45876,18,-57213
11842,1,-42154,-18098,0,45875,-13,-57070
11843,1,-42042,-18357,0,45875,0,-56948
11844,1,-41929,-18614,0,45875,12,-56826
11845,1,-41814,-18871,0,45875,-20,-56683
11846,1,-41697,-19127,0,45875,-7,-56561
11847,1,-41579,-19383,0,45875,6,-56439
11848,1,-41460,-19638,0,45876,19,-56316
11849,1,-41338,-19892,0,45875,-7,-56177
11850,1,-41215,-20145,0,45875,5,-56055
11851,1,-41091,-20398,0,45876,18,-55932
11852,1,-40965,-20649,0,45875,-14,-55790
11853,1,-40838,-20900,0,45876,-2,-55667
11854,1,-40709,-21150,0,45875,11,-55545
11855,1,-40578,-21400,0,45875,-21,-55403
11856,1,-40446,-21648,0,45875,-8,-55280
11857,1,-40312,-21896,0,45875,5,-55158
11858,1,-40177,-22143,0,45875,18,-55036
11859,1,-40041,-22389,0,45875,-14,-54894
11860,1,-39903,-22634,0,45875,-2,-54772
11861,1,-39763,-22879,0,45876,11,-54649
11862,1,-39622,-23122,0,45875,-21,-54507
11863,1,-39479,-23365,0,45875,-8,-54384
11864,1,-39335,-23607,0,45875,5,-54262
11865,1,-39189,-23848,0,45875,18,-54140
11866,1,-39042,-24088,0,45875,-14,-53997
11867,1,-38894,-24327,0,45875,-2,-53875
11868,1,-38744,-24565,0,45875,11,-53753
11869,1,-38592,-24802,0,45875,-16,-53613
11870,1,-38440,-25039,0,45876,-3,-53491
11871,1,-38285,-25274,0,45875,10,-53369
11872,1,-38129,-25509,0,45875,-22,-53226
11873,1,-37972,-25742,0,45875,-9,-53104
11874,1,-37813,-25975,0,45875,4,-52982
11875,1,-37653,-26206,0,45875,16,-52859
11876,1,-37492,-26437,0,45876,-16,-52717
11877,1,-37329,-26666,0,45875,-4,-52595
11878,1,-37165,-26895,0,45876,9,-52472
11879,1,-36999,-27122,0,45875,22,-52351
11880,1,-36832,-27349,0,45876,-9,-52208
11881,1,-36663,-27574,0,45875,3,-52086
11882,1,-36493,-27799,0,45875,17,-51963
11883,1,-36322,-28022,0,45875,-16,-51821
11884,1,-36150,-28244,0,45875,-4,-51699
11885,1,-35976,-28466,0,45876,9,-51576
11886,1,-35800,-28686,0,45875,22,-51454
11887,1,-35624,-28905,0,45876,-10,-51312
11888,1,-35445,-29123,0,45875,3,-51189
11889,1,-35266,-29340,0,45875,22,-51070
11890,1,-35085,-29556,0,45875,-10,-50927
11891,1,-34903,-29771,0,45875,3,-50805
11892,1,-34720,-29984,0,45875,15,-50683
11893,1,-34535,-30197,0,45875,-17,-50540
11894,1,-34350,-30408,0,45876,-5,-50418
11895,1,-34162,-30618,0,45875,8,-50296
11896,1,-33974,-30827,0,45875,21,-50174
11897,1,-33784,-31035,0,45875,-11,-50031
11898,1,-33593,-31242,0,45875,2,-49909
11899,1,-33401,-31447,0,45875,14,-49787
11900,1,-33207,-31652,0,45876,-17,-49644
11901,1,-33012,-31855,0,45875,-4,-49522
11902,1,-32816,-32057,0,45875,9,-49400
11903,1,-32619,-32258,0,45876,21,-49278
11904,1,-32420,-32457,0,45875,19,-49148
11905,1,-32220,-32655,0,45875,-14,-49006
11906,1,-32020,-32852,0,45875,-2,-48884
11907,1,-31817,-33048,0,45875,12,-48761
11908,1,-31614,-33243,0,45875,-20,-48619
11909,1,-31409,-33436,0,45875,-8,-48497
11910,1,-31204,-33628,0,45875,5,-48375
11911,1,-30997,-33819,0,45875,18,-48253
11912,1,-30789,-34009,0,45876,-14,-48110
11913,1,-30579,-34197,0,45875,-1,-47988
11914,1,-30369,-34384,0,45875,12,-47865
11915,1,-30157,-34570,0,45875,-20,-47723
11916,1,-29945,-34754,0,45875,-8,-47601
11917,1,-29731,-34937,0,45875,5,-47478
11918,1,-29516,-35119,0,45875,18,-47356
11919,1,-29300,-35299,0,45875,-15,-47214
11920,1,-29083,-35479,0,45876,5,-47094
11921,1,-28865,-35656,0,45875,17,-46972
11922,1,-28645,-35833,0,45876,-14,-46829
11923,1,-28425,-36008,0,45875,-2,-46707
11924,1,-28203,-36182,0,45876,11,-46585
11925,1,-27981,-36354,0,45876,-21,-46442
11926,1,-27757,-36525,0,45875,-8,-46320
11927,1,-27533,-36695,0,45876,4,-46198
11928,1,-27307,-36863,0,45876,17,-46076
11929,1,-27080,-37030,0,45875,-15,-45933
11930,1,-26852,-37195,0,45875,-2,-45811
11931,1,-26624,-37359,0,45875,11,-45689
11932,1,-26394,-37522,0,45876,-21,-45546
11933,1,-26163,-37683,0,45875,-8,-45424
11934,1,-25932,-37843,0,45876,4,-45302
11935,1,-25699,-38001,0,45875,17,-45180
11936,1,-25465,-38158,0,45875,-15,-45037
11937,1,-25231,-38314,0,45875,-3,-44915
11938,1,-24995,-38468,0,45875,10,-44793
11939,1,-24759,-38621,0,45876,-22,-44650
11940,1,-24521,-38772,0,45875,-3,-44531
11941,1,-24283,-38921,0,45875,9,-44408
11942,1,-24043,-39070,0,45876,-22,-44266
11943,1,-23803,-39217,0,45876,-10,-44144
11944,1,-23562,-39362,0,45875,3,-44021
11945,1,-23320,-39506,0,45876,16,-43899
11946,1,-23077,-39648,0,45875,-17,-43757
11947,1,-22834,-39789,0,45875,-4,-43634
11948,1,-22589,-39928,0,45875,9,-43512
11949,1,-22344,-40066,0,45875,21,-43390
11950,1,-22097,-40202,0,45875,-10,-43248
11951,1,-21850,-40337,0,45875,3,-43125
11952,1,-21602,-40471,0,45875,16,-43003
11953,1,-21354,-40602,0,45875,-17,-42861
11954,1,-21104,-40733,0,45875,-4,-42738
11955,1,-20854,-40861,0,45875,8,-42616
11956,1,-20603,-40989,0,45876,22,-42494
11957,1,-20351,-41114,0,45875,-11,-42351
11958,1,-20098,-41238,0,45875,2,-42229
11959,1,-19845,-41361,0,45875,15,-42107
11960,1,-19591,-41482,0,45876,-11,-41967
11961,1,-19336,-41601,0,45875,1,-41845
11962,1,-19080,-41719,0,45875,14,-41723
11963,1,-18824,-41835,0,45875,-18,-41580
11964,1,-18567,-41950,0,45875,-5,-41458
11965,1,-18309,-42063,0,45875,8,-41336
11966,1,-18051,-42175,0,45876,20,-41213
11967,1,-17791,-42285,0,45875,-11,-41071
11968,1,-17532,-42393,0,45875,1,-40949
11969,1,-17271,-42500,0,45875,14,-40826
11970,1,-17010,-42605,0,45875,-18,-40684
11971,1,-16748,-42709,0,45876,-4,-40562
11972,1,-16486,-42811,0,45876,8,-40440
11973,1,-16223,-42911,0,45875,21,-40317
11974,1,-15959,-43010,0,45875,-11,-40175
11975,1,-15695,-43107,0,45875,1,-40053
11976,1,-15430,-43202,0,45875,14,-39930
11977,1,-15165,-43296,0,45875,-18,-39788
11978,1,-14899,-43388,0,45875,-5,-39666
11979,1,-14633,-43479,0,45875,7,-39543
11980,1,-14365,-43568,0,45875,10,-39417
11981,1,-14098,-43655,0,45875,22,-39294
11982,1,-13830,-43741,0,45876,-10,-39152
11983,1,-13561,-43825,0,45875,3,-39029
11984,1,-13292,-43907,0,45875,15,-38907
11985,1,-13022,-43988,0,45875,-16,-38765
11986,1,-12752,-44067,0,45875,-4,-38642
11987,1,-12482,-44145,0,45876,9,-38520
11988,1,-12210,-44220,0,45875,22,-38398
11989,1,-11939,-44294,0,45875,-10,-38256
11990,1,-11667,-44367,0,45876,3,-38134
11991,1,-11394,-44438,0,45876,16,-38011
11992,1,-11122,-44507,0,45876,-17,-37869
11993,1,-10848,-44574,0,45875,-4,-37746
11994,1,-10575,-44640,0,45876,9,-37624
11995,1,-10300,-44704,0,45875,22,-37502
11996,1,-10026,-44766,0,45875,-10,-37359
11997,1,-9751,-44827,0,45875,3,-37237
11998,1,-9476,-44886,0,45876,15,-37115
11999,1,-9200,-44943,0,45875,-17,-36972
12000,1,-8924,-44999,0,45876,2,-36853
12001,1,-8648,-45053,0,45876,15,-36731
12002,1,-8371,-45105,0,45875,-17,-36588
12003,1,-8094,-45155,0,45875,-4,-36466
12004,1,-7817,-45204,0,45875,8,-36344
12005,1,-7540,-45251,0,45875,20,-36222
12006,1,-7262,-45297,0,45876,-11,-36079
12007,1,-6984,-45340,0,45875,1,-35957
12008,1,-6706,-45382,0,45875,14,-35834
12009,1,-6427,-45423,0,45875,-18,-35692
12010,1,-6148,-45461,0,45875,-5,-35570
12011,1,-5869,-45498,0,45875,8,-35448
12012,1,-5590,-45533,0,45875,20,-35326
12013,1,-5310,-45567,0,45875,-11,-35183
12014,1,-5031,-45599,0,45876,1,-35061
12015,1,-4751,-45629,0,45876,14,-34939
12016,1,-4471,-45657,0,45875,-18,-34796
12017,1,-4190,-45683,0,45875,-5,-34674
12018,1,-3910,-45708,0,45875,8,-34551
12019,1,-3629,-45731,0,45875,21,-34429
12020,1,-3349,-45753,0,45876,-6,-34289
12021,1,-3068,-45772,0,45875,7,-34167
12022,1,-2787,-45790,0,45875,19,-34045
12023,1,-2506,-45807,0,45876,-13,-33902
12024,1,-2225,-45821,0,45875,0,-33780
12025,1,-1944,-45834,0,45875,13,-33658
12026,1,-1663,-45845,0,45875,-20,-33515
12027,1,-1381,-45854,0,45875,-7,-33393
12028,1,-1100,-45862,0,45875,6,-33271
12029,1,-818,-45868,0,45875,19,-33149
12030,1,-537,-45872,0,45875,-13,-33006
12031,1,-255,-45874,0,45875,0,-32884
12032,1,26,-45875,0,45875,-5,-32754
12033,1,308,-45874,0,45875,8,-32631
12034,1,589,-45871,0,45875,20,-32509
12035,1,870,-45867,0,45875,-12,-32367
12036,1,1152,-45861,0,45876,2,-32245
12037,1,1433,-45853,0,45876,14,-32123
12038,1,1715,-45843,0,45875,-17,-31980
12039,1,1996,-45832,0,45875,-5,-31858
12040,1,2277,-45819,0,45876,7,-31736
12041,1,2558,-45804,0,45876,20,-31613
12042,1,2839,-45787,0,45875,-12,-31471
12043,1,3120,-45769,0,45875,1,-31348
12044,1,3401,-45749,0,45875,14,-31226
12045,1,3681,-45727,0,45875,-13,-31086
12046,1,3962,-45704,0,45876,0,-30964
12047,1,4242,-45679,0,45876,12,-30842
12048,1,4522,-45652,0,45876,-20,-30699
12049,1,4802,-45623,0,45875,-7,-30577
12050,1,5082,-45593,0,45876,6,-30455
12051,1,5362,-45561,0,45876,19,-30333
12052,1,5641,-45527,0,45875,-14,-30190
12053,1,5921,-45492,0,45876,0,-30068
12054,1,6200,-45454,0,45875,12,-29946
12055,1,6479,-45415,0,45875,-19,-29803
12056,1,6757,-45375,0,45876,-7,-29681
12057,1,7035,-45333,0,45876,6,-29559
12058,1,7313,-45289,0,45876,18,-29437
12059,1,7591,-45243,0,45876,-14,-29294
12060,1,7869,-45195,0,45875,0,-29172
12061,1,8146,-45146,0,45875,12,-29050
12062,1,8423,-45095,0,45875,-20,-28907
12063,1,8699,-45043,0,45875,-8,-28785
12064,1,8975,-44989,0,45876,5,-28663
12065,1,9251,-44933,0,45876,-21,-28523
12066,1,9527,-44875,0,45875,-8,-28401
12067,1,9802,-44816,0,45875,5,-28278
12068,1,10077,-44755,0,45876,18,-28156
12069,1,10351,-44692,0,45875,-15,-28014
12070,1,10625,-44628,0,45876,-2,-27891
12071,1,10899,-44562,0,45876,11,-27769
12072,1,11172,-44494,0,45875,-21,-27627
12073,1,11445,-44425,0,45876,-8,-27504
12074,1,11717,-44354,0,45876,4,-27382
12075,1,11989,-44281,0,45876,17,-27260
12076,1,12261,-44206,0,45875,-14,-27118
12077,1,12532,-44130,0,45875,-1,-26995
12078,1,12802,-44053,0,45876,11,-26873
12079,1,13072,-43973,0,45875,-21,-26731
12080,1,13342,-43892,0,45875,-8,-26608
12081,1,13611,-43810,0,45876,5,-26486
12082,1,13879,-43725,0,45875,17,-26364
12083,1,14147,-43639,0,45875,-15,-26221
12084,1,14415,-43552,0,45876,-2,-26099
12085,1,14682,-43462,0,45875,0,-25972
12086,1,14948,-43371,0,45875,13,-25850
12087,1,15214,-43279,0,45875,-19,-25707
12088,1,15479,-43185,0,45875,-7,-25585
12089,1,15744,-43089,0,45876,6,-25463
12090,1,16008,-42992,0,45876,19,-25341
12091,1,16272,-42893,0,45876,-13,-25198
12092,1,16535,-42792,0,45876,0,-25076
12093,1,16797,-42690,0,45876,12,-24954
12094,1,17058,-42586,0,45876,-20,-24812
12095,1,17319,-42480,0,45875,-7,-24689
12096,1,17580,-42373,0,45875,6,-24567
12097,1,17839,-42265,0,45876,18,-24445
12098,1,18098,-42154,0,45875,-13,-24302
12099,1,18357,-42042,0,45875,0,-24180
12100,1,18614,-41929,0,45875,12,-24058
12101,1,18871,-41814,0,45875,-20,-23915
12102,1,19127,-41697,0,45875,-7,-23793
12103,1,19383,-41579,0,45875,6,-23671
12104,1,19638,-41460,0,45876,19,-23548
12105,1,19892,-41338,0,45875,-7,-23409
12106,1,20145,-41215,0,45875,5,-23287
12107,1,20398,-41091,0,45876,18,-23164
12108,1,20649,-40965,0,45875,-14,-23022
12109,1,20900,-40838,0,45876,-2,-22899
12110,1,21150,-40709,0,45875,11,-22777
12111,1,21400,-40578,0,45875,-21,-22635
12112,1,21648,-40446,0,45875,-8,-22512
12113,1,21896,-40312,0,45875,5,-22390
12114,1,22143,-40177,0,45875,18,-22268
12115,1,22389,-40041,0,45875,-14,-22126
12116,1,22634,-39903,0,45875,-2,-22004
12117,1,22879,-39763,0,45876,11,-21881
12118,1,23122,-39622,0,45875,-21,-21739
12119,1,23365,-39479,0,45875,-8,-21616
12120,1,23607,-39335,0,45875,5,-21494
12121,1,23848,-39189,0,45875,18,-21372
12122,1,24088,-39042,0,45875,-14,-21229
12123,1,24327,-38894,0,45875,-2,-21107
12124,1,24565,-38744,0,45875,11,-20985
12125,1,24802,-38592,0,45875,-16,-20845
12126,1,25039,-38440,0,45876,-3,-20723
12127,1,25274,-38285,0,45875,10,-20601
12128,1,25509,-38129,0,45875,-22,-20458
12129,1,25742,-37972,0,45875,-9,-20336
12130,1,25975,-37813,0,45875,4,-20214
12131,1,26206,-37653,0,45875,16,-20091
12132,1,26437,-37492,0,45876,-16,-19949
12133,1,26666,-37329,0,45875,-4,-19827
12134,1,26895,-37165,0,45876,9,-19704
12135,1,27122,-36999,0,45875,22,-19583
12136,1,27349,-36832,0,45876,-9,-19440
12137,1,27574,-36663,0,45875,3,-19318
12138,1,27799,-36493,0,45875,17,-19195
12139,1,28022,-36322,0,45875,-16,-19053
12140,1,28244,-36150,0,45875,-4,-18931
12141,1,28466,-35976,0,45876,9,-18808
12142,1,28686,-35800,0,45875,22,-18686
12143,1,28905,-35624,0,45876,-10,-18544
12144,1,29123,-35445,0,45875,3,-18421
12145,1,29340,-35266,0,45875,22,-18302
12146,1,29556,-35085,0,45875,-10,-18159
12147,1,29771,-34903,0,45875,3,-18037
12148,1,29984,-34720,0,45875,15,-17915
12149,1,30197,-34535,0,45875,-17,-17772
12150,1,30408,-34350,0,45876,-5,-17650
12151,1,30618,-34162,0,45875,8,-17528
12152,1,30827,-33974,0,45875,21,-17406
12153,1,31035,-33784,0,45875,-11,-17263
12154,1,31242,-33593,0,45875,2,-17141
12155,1,31447,-33401,0,45875,14,-17019
12156,1,31652,-33207,0,45876,-17,-16876
12157,1,31855,-33012,0,45875,-4,-16754
12158,1,32057,-32816,0,45875,9,-16632
12159,1,32258,-32619,0,45876,21,-16510
12160,1,32457,-32420,0,45875,19,-16380
12161,1,32655,-32220,0,45875,-14,-16238
12162,1,32852,-32020,0,45875,-2,-16116
12163,1,33048,-31817,0,45875,12,-15993
12164,1,33243,-31614,0,45875,-20,-15851
12165,1,33436,-31409,0,45875,-8,-15729
12166,1,33628,-31204,0,45875,5,-15607
12167,1,33819,-30997,0,45875,18,-15485
12168,1,34009,-30789,0,45876,-14,-15342
12169,1,34197,-30579,0,45875,-1,-15220
12170,1,34384,-30369,0,45875,12,-15097
12171,1,34570,-30157,0,45875,-20,-14955
12172,1,34754,-29945,0,45875,-8,-14833
12173,1,34937,-29731,0,45875,5,-14710
12174,1,35119,-29516,0,45875,18,-14588
12175,1,35299,-29300,0,45875,-15,-14446
12176,1,35479,-29083,0,45876,5,-14326
12177,1,35656,-28865,0,45875,17,-14204
12178,1,35833,-28645,0,45876,-14,-14061
12179,1,36008,-28425,0,45875,-2,-13939
12180,1,36182,-28203,0,45876,11,-13817
12181,1,36354,-27981,0,45876,-21,-13674
12182,1,36525,-27757,0,45875,-8,-13552
12183,1,36695,-27533,0,45876,4,-13430
12184,1,36863,-27307,0,45876,17,-13308
12185,1,37030,-27080,0,45875,-15,-13165
12186,1,37195,-26852,0,45875,-2,-13043
12187,1,37359,-26624,0,45875,11,-12921
12188,1,37522,-26394,0,45876,-21,-12778
12189,1,37683,-26163,0,45875,-8,-12656
12190,1,37843,-25932,0,45876,4,-12534
12191,1,38001,-25699,0,45875,17,-12412
12192,1,38158,-25465,0,45875,-15,-12269
12193,1,38314,-25231,0,45875,-3,-12147
12194,1,38468,-24995,0,45875,10,-12025
12195,1,38621,-24759,0,45876,-22,-11882
12196,1,38772,-24521,0,45875,-3,-11763
12197,1,38921,-24283,0,45875,9,-11640
12198,1,39070,-24043,0,45876,-22,-11498
12199,1,39217,-23803,0,45876,-10,-11376
12200,1,39362,-23562,0,45875,3,-11253
12201,1,39506,-23320,0,45876,16,-11131
12202,1,39648,-23077,0,45875,-17,-10989
12203,1,39789,-22834,0,45875,-4,-10866
12204,1,39928,-22589,0,45875,9,-10744
12205,1,40066,-22344,0,45875,21,-10622
12206,1,40202,-22097,0,45875,-10,-10480
12207,1,40337,-21850,0,45875,3,-10357
12208,1,40471,-21602,0,45875,16,-10235
12209,1,40602,-21354,0,45875,-17,-10093
12210,1,40733,-21104,0,45875,-4,-9970
12211,1,40861,-20854,0,45875,8,-9848
12212,1,40989,-20603,0,45876,22,-9726
12213,1,41114,-20351,0,45875,-11,-9583
12214,1,41238,-20098,0,45875,2,-9461
12215,1,41361,-19845,0,45875,15,-9339
12216,1,41482,-19591,0,45876,-11,-9199
12217,1,41601,-19336,0,45875,1,-9077
12218,1,41719,-19080,0,45875,14,-8955
12219,1,41835,-18824,0,45875,-18,-8812
12220,1,41950,-18567,0,45875,-5,-8690
12221,1,42063,-18309,0,45875,8,-8568
12222,1,42175,-18051,0,45876,20,-8445
12223,1,42285,-17791,0,45875,-11,-8303
12224,1,42393,-17532,0,45875,1,-8181
12225,1,42500,-17271,0,45875,14,-8058
12226,1,42605,-17010,0,45875,-18,-7916
12227,1,42709,-16748,0,45876,-4,-7794
12228,1,42811,-16486,0,45876,8,-7672
12229,1,42911,-16223,0,45875,21,-7549
12230,1,43010,-15959,0,45875,-11,-7407
12231,1,43107,-15695,0,45875,1,-7285
12232,1,43202,-15430,0,45875,14,-7162
12233,1,43296,-15165,0,45875,-18,-7020
12234,1,43388,-14899,0,45875,-5,-6898
12235,1,43479,-14633,0,45875,7,-6775
12236,1,43568,-14365,0,45875,10,-6649
12237,1,43655,-14098,0,45875,22,-6526
12238,1,43741,-13830,0,45876,-10,-6384
12239,1,43825,-13561,0,45875,3,-6261
12240,1,43907,-13292,0,45875,15,-6139
12241,1,43988,-13022,0,45875,-16,-5997
12242,1,44067,-12752,0,45875,-4,-5874
12243,1,44145,-12482,0,45876,9,-5752
12244,1,44220,-12210,0,45875,22,-5630
12245,1,44294,-11939,0,45875,-10,-5488
12246,1,44367,-11667,0,45876,3,-5366
12247,1,44438,-11394,0,45876,16,-5243
12248,1,44507,-11122,0,45876,-17,-5101
12249,1,44574,-10848,0,45875,-4,-4978
12250,1,44640,-10575,0,45876,9,-4856
12251,1,44704,-10300,0,45875,22,-4734
12252,1,44766,-10026,0,45875,-10,-4591
12253,1,44827,-9751,0,45875,3,-4469
12254,1,44886,-9476,0,45876,15,-4347
12255,1,44943,-9200,0,45875,-17,-4204
12256,1,44999,-8924,0,45876,2,-4085
12257,1,45053,-8648,0,45876,15,-3963
12258,1,45105,-8371,0,45875,-17,-3820
12259,1,45155,-8094,0,45875,-4,-3698
12260,1,45204,-7817,0,45875,8,-3576
12261,1,45251,-7540,0,45875,20,-3454
12262,1,45297,-7262,0,45876,-11,-3311
12263,1,45340,-6984,0,45875,1,-3189
12264,1,45382,-6706,0,45875,14,-3066
12265,1,45423,-6427,0,45875,-18,-2924
12266,1,45461,-6148,0,45875,-5,-2802
12267,1,45498,-5869,0,45875,8,-2680
12268,1,45533,-5590,0,45875,20,-2558
12269,1,45567,-5310,0,45875,-11,-2415
12270,1,45599,-5031,0,45876,1,-2293
12271,1,45629,-4751,0,45876,14,-2171
12272,1,45657,-4471,0,45875,-18,-2028
12273,1,45683,-4190,0,45875,-5,-1906
12274,1,45708,-3910,0,45875,8,-1783
12275,1,45731,-3629,0,45875,21,-1661
12276,1,45753,-3349,0,45876,-6,-1521
12277,1,45772,-3068,0,45875,7,-1399
12278,1,45790,-2787,0,45875,19,-1277
12279,1,45807,-2506,0,45876,-13,-1134
12280,1,45821,-2225,0,45875,0,-1012
12281,1,45834,-1944,0,45875,13,-890
12282,1,45845,-1663,0,45875,-20,-747
12283,1,45854,-1381,0,45875,-7,-625
12284,1,45862,-1100,0,45875,6,-503
12285,1,45868,-818,0,45875,19,-381
12286,1,45872,-537,0,45875,-13,-238
12287,1,45874,-255,0,45875,0,-116
12288,1,13038,32101,29237,34648,-17,53967
12289,1,-39594,-54705,31542,65535,-18,-14290
12290,1,27127,20161,21893,33799,8,35221
12291,1,-34655,-41009,-15829,53691,-19,-63226
12292,1,-47996,-32310,-36028,57858,26,41859
12293,1,23719,-34250,25712,41661,-1,5580
12294,1,-3078,-32286,-2454,32432,7,-37209
12295,1,-2681,5878,63959,6461,-2,-25411
12296,1,-60204,-13202,-8162,61635,-20,61884
12297,1,61140,58068,32932,65535,-18,48783
12298,1,-10948,41121,32303,42553,3,-60574
12299,1,60530,31886,-5755,65535,4,4358
12300,1,18517,58303,32017,61173,27,58361
12301,1,4876,-50246,-15920,50482,-24,-46660
12302,1,-45401,-48524,16701,65535,-8,-31755
12303,1,1315,15814,-31148,15869,-6,-102
12304,1,4769,9976,1046,11057,-2,24516
12305,1,26038,29887,47713,39639,8,65526
12306,1,37126,24288,-61806,44365,-2,-49720
12307,1,-52378,10386,-48527,53398,4,12924
12308,1,-45810,-13141,-64173,47658,-14,7197
12309,1,-3237,-22557,-42777,22788,-9,52562
12310,1,27788,47652,-38079,55163,-11,-16320
12311,1,-34399,-55469,-62990,65270,-2,23735
12312,1,16530,-17569,-39645,24123,-1,-56664
12313,1,-54836,-22,21732,54836,-15,-43790
12314,1,9917,56882,-35619,57740,-13,-6447
12315,1,-40570,-54282,47143,65535,1,986
12316,1,-27999,-27210,50942,39043,-17,1501
12317,1,-23383,-46393,3858,51953,18,-38656
12318,1,-62801,-46750,-43073,65535,2,35811
12319,1,-46671,-6314,-26254,47096,7,42084
12320,1,53839,-26324,-23289,59930,-15,-32770
12321,1,6937,-57001,-18296,57422,26,-48547
12322,1,58283,-32649,-4574,65535,-31,-15216
12323,1,-12662,-12762,15041,17978,-3,-34026
12324,1,6885,37796,22171,38418,1,51180
12325,1,-23192,31194,62813,38871,16,-22163
12326,1,2556,-3280,57492,4159,-2,38541
12327,1,-21213,63166,48746,65535,12,-42803
12328,1,-5693,-53889,43900,54189,-12,8941
12329,1,-55118,13745,-7091,56806,7,53344
12330,1,-32184,32276,-60989,45580,-13,-11861
12331,1,-52160,45031,-17121,65535,-12,33562
12332,1,6079,61629,-43141,61928,-8,-12421
12333,1,25020,58718,46239,63827,6,-60470
12334,1,-8694,-32504,-36789,33647,-8,56068
12335,1,47999,56651,25680,65535,23,43778
12336,1,36690,-29650,-27272,47173,12,-41456
12337,1,-50198,4695,57123,50417,3,-10359
12338,1,33152,-44792,-35315,55726,11,-54796
12339,1,-14,-947,-12221,947,-1,-45289
12340,1,-13615,-32497,29937,35234,10,-11113
12341,1,-48625,3966,294,48787,10,64128
12342,1,11492,15441,-13872,19248,1,5548
12343,1,-40909,-53672,1087,65535,23,-45274
12344,1,-63986,-14380,8162,65535,-1,-52762
12345,1,43255,59954,-55567,65535,20,-35842
12346,1,61672,5949,48635,61959,-5,50643
12347,1,-13699,-35158,38,37733,5,-40483
12348,1,59017,43955,62008,65535,20,-55716
12349,1,-64111,50494,22905,65535,8,-56550
12350,1,-27037,56759,-18708,62870,-13,23338
12351,1,-340,51532,51290,51533,3,-46877
12352,1,39829,18883,-24202,44079,-4,-14965
12353,1,-24173,-47246,53821,53071,8,11184
12354,1,-23061,-9218,-39927,24835,-4,33545
12355,1,-51493,48408,-42180,65535,31,7607
12356,1,61470,-22709,30805,65531,14,23419
12357,1,48290,-39563,48876,62428,23,34550
12358,1,63326,-41496,-35980,65535,20,-48086
12359,1,13077,36968,38958,39213,16,64625
12360,1,-10254,60985,-33903,61841,3,2339
12361,1,-16929,37208,1728,40878,-13,43410
12362,1,33515,19034,-23554,38543,-19,-12769
12363,1,31305,-62508,39266,65535,2,16183
12364,1,61832,-41508,-39692,65535,-9,-52022
12365,1,-24423,44508,-2677,50769,25,40550
12366,1,-63410,1909,6469,63439,-8,-59692
12367,1,45172,-2244,6383,45228,-6,5351
12368,1,20293,-61916,24615,65157,-2,-1545
12369,1,-31271,-61984,12778,65535,-2,-29736
12370,1,-27297,55808,-15483,62126,25,26766
12371,1,-64242,-5995,-31834,64521,-17,35648
12372,1,32915,2035,-51130,32978,-15,-49833
12373,1,-56581,2617,28535,56642,20,-37972
12374,1,61636,-44173,-7473,65535,-36,-20435
12375,1,-33680,-22572,-33052,40544,14,44794
12376,1,1522,46121,24595,46146,-4,56677
12377,1,28482,-54486,-19720,61481,-11,-42436
12378,1,-51798,29755,-54581,59736,27,68
12379,1,-34852,27223,56317,44224,9,-23056
12380,1,-46877,-55836,-39728,65535,-4,44008
12381,1,39669,-21652,-20180,45194,-9,-30599
12382,1,-32553,49728,3509,59436,15,48363
12383,1,-13112,-47757,16849,49524,-1,-21508
12384,1,46430,-44970,-57571,64638,12,57446
12385,1,-7267,52053,-423,52558,-25,35248
12386,1,34666,-34627,43179,48998,19,26799
12387,1,47851,-46166,-64224,65535,12,50834
12388,1,64254,15968,1439,65535,3,6519
12389,1,-8722,-60567,-29052,61192,4,-64805
12390,1,6033,-51632,21372,51984,-22,-8961
12391,1,-65022,-55683,-51651,65535,7,28657
12392,1,24459,53976,63379,59259,-7,-43798
12393,1,11088,41441,-1246,42899,-14,26075
12394,1,-19071,-40388,61330,44664,-8,19363
12395,1,12224,51236,64433,52674,-23,-38748
12396,1,-58776,46903,23913,65535,-32,-55664
12397,1,756,-22303,41449,22316,0,9388
12398,1,-50176,-54047,60056,65535,-10,11681
12399,1,38940,-21903,37095,44678,-12,26412
12400,1,30569,-59913,50864,65535,-20,27944
12401,1,53256,-45077,49372,65535,-12,34723
12402,1,-3749,61239,-1762,61354,-4,32283
12403,1,-25192,-29202,44118,38567,8,-3503
12404,1,-58079,-9518,-60935,58854,-11,7993
12405,1,-7921,-32338,48636,33294,13,10849
12406,1,63845,28904,10268,65535,-17,19141
12407,1,44940,-31913,8631,55119,-2,-4249
12408,1,5955,-49823,19296,50178,13,-10996
12409,1,-60110,-9517,-12516,60859,16,56290
12410,1,-13491,-10410,-1705,17040,-4,-53526
12411,1,-43211,63385,-13911,65535,34,31330
12412,1,45497,53426,19688,65535,-17,37746
12413,1,-41948,61992,20559,65535,-7,-65333
12414,1,-33779,43896,-17958,55389,20,28484
12415,1,-48933,36448,-36136,61016,-19,16052
12416,1,-28424,-43178,-52817,51694,6,33340
12417,1,-10401,-57185,61053,58123,16,24526
12418,1,5319,18523,-45597,19272,0,-18663
12419,1,-44860,34541,-6851,56617,19,44990
12420,1,58898,-10493,59194,59826,-1,55516
12421,1,53430,51701,-14881,65535,24,1153
12422,1,43330,-34669,60018,55493,13,45936
12423,1,-13660,53480,-61127,55197,-16,-23136
12424,1,51138,23965,-48482,56475,11,-39344
12425,1,-19611,-46030,11321,50034,7,-29852
12426,1,-26509,-20101,-36447,33268,3,42621
12427,1,56167,-28185,36545,62842,10,26839
12428,1,9056,47545,-39163,48400,-10,-10317
12429,1,-62155,52024,6538,65535,37,57527
12430,1,51421,-29979,-34927,59522,-6,-45936
12431,1,-36263,51145,-64428,62696,18,-18800
12432,1,45495,43523,-12740,62961,30,3172
12433,1,-30146,56384,21300,63937,22,64303
12434,1,17180,-16502,-27320,23822,10,-43293
12435,1,-6374,9075,-51884,11090,-3,-6338
12436,1,4787,32684,-54707,33033,-12,-24965
12437,1,30337,-50407,-52973,58832,22,56625
12438,1,-38177,-60370,-38305,65535,-2,48236
12439,1,18192,3004,31774,18439,1,35187
12440,1,30153,63085,-4442,65535,-10,19028
12441,1,5481,-49559,-44072,49861,12,56525
12442,1,6997,-18067,39914,19375,-4,14858
12443,1,-11843,40410,22291,42110,-18,61015
12444,1,-24224,-47833,5627,53617,21,-36928
12445,1,9592,3245,-37526,10126,4,-30730
12446,1,-43049,-3762,15634,43213,-12,-48078
12447,1,-50992,17777,39693,54002,5,-32842
12448,1,18360,57142,-16158,60019,1,10124
12449,1,9977,11454,24745,15190,5,42558
12450,1,-16199,-6157,-42248,17330,6,30858
12451,1,51966,52521,16784,65535,19,33273
12452,1,-18577,-38502,38818,42749,4,-3330
12453,1,-22544,33903,-50942,40714,-14,-5925
12454,1,18037,13655,-34815,22623,7,-21304
12455,1,-45176,-57691,-18864,65535,-2,-65490
12456,1,-60631,-53814,28239,65535,18,-22159
12457,1,-54349,17100,-23224,56976,12,35949
12458,1,11520,2845,-21195,11866,-5,-16135
12459,1,-29348,-59493,30349,65535,10,-11982
12460,1,37963,14858,5186,40767,17,12960
12461,1,37780,-55231,55441,65535,4,35187
12462,1,17636,57808,62802,60439,8,-41682
12463,1,-62018,65004,45197,65535,9,-37215
12464,1,697,-53320,-1904,53325,-16,-34393
12465,1,-22907,12986,1342,26332,8,56114
12466,1,-54881,-17271,32342,57535,-9,-26831
12467,1,-24064,-37062,18605,44189,-18,-26167
12468,1,-13881,-42708,59302,44908,-19,19987
12469,1,-24202,61314,-65038,65535,25,-24435
12470,1,-42261,48235,-16877,64130,-22,30907
12471,1,2269,12074,-10722,12285,4,18165
12472,1,56774,-36646,-54840,65535,21,64268
12473,1,-53375,20002,7798,57000,24,-65226
12474,1,-59049,7921,-39763,59578,0,22991
12475,1,25499,-40763,10527,48081,1,-10580
12476,1,-2284,59700,6608,59744,28,40164
12477,1,-56464,29183,9768,63560,-4,65354
12478,1,-4517,-21597,39456,22064,6,2382
12479,1,65212,19158,-21089,65535,16,-15133
12480,1,46572,-65527,-9192,65535,36,-29080
12481,1,-18554,-39611,49020,43741,0,7114
12482,1,-22669,33605,22192,40536,17,-63741
12483,1,49091,-22234,21989,53892,4,13116
12484,1,50685,-54015,-64614,65535,-28,49419
12485,1,-35329,-24431,-62095,42954,12,16056
12486,1,-20813,55903,-21473,59652,22,18722
12487,1,22323,-44748,43242,50007,21,20118
12488,1,-46190,-4636,18217,46422,-5,-45230
12489,1,33058,22257,-64456,39852,-19,-52085
12490,1,-63696,51658,-15605,65535,38,35707
12491,1,62674,54651,12583,65535,19,27538
12492,1,65081,-52667,-20724,65535,-36,-34908
12493,1,22905,35378,14205,42145,-4,34989
12494,1,64405,-1988,-51189,64436,5,-51834
12495,1,57562,-101,-36827,57562,-5,-36862
12496,1,44395,8591,15962,45219,9,19945
12497,1,4217,-2256,57780,4783,2,47524
12498,1,-47503,51423,43515,65535,-28,-39223
12499,1,25957,65388,37854,65535,-26,62747
12500,1,4752,-42484,28910,42749,-20,-1525
12501,1,-20094,-3096,-12495,20331,0,56230
12502,1,-62353,-24167,-10933,65535,3,62315
12503,1,54287,32208,23688,63122,-5,34860
12504,1,-22186,-60382,60045,64329,1,19931
12505,1,3561,50521,-26674,50646,-19,4634
12506,1,51083,25789,-44981,57224,18,-35235
12507,1,-44052,28106,-56521,52254,-14,-2826
12508,1,58058,-10771,-48143,59049,-18,-51963
12509,1,-20211,10071,-3704,22581,1,52188
12510,1,-29012,-57313,37573,64238,-27,-4962
12511,1,39828,-16621,35815,43157,-11,27573
12512,1,-34352,55464,36226,65241,28,-50519
12513,1,-24780,845,-62266,24795,-5,2563
12514,1,59075,-13407,40934,60577,-8,36281
12515,1,9030,-25610,52408,27156,-12,26721
12516,1,24579,26113,34661,35861,-7,51680
12517,1,28431,-63925,49813,65535,-2,25776
12518,1,-49843,18587,31929,53196,4,-41055
12519,1,35584,-65450,-51506,65535,-35,57196
12520,1,22697,44537,-8178,49987,-10,14762
12521,1,-19055,-408,-6399,19060,4,59579
12522,1,46258,-54829,-17211,65535,-33,-35350
12523,1,-10642,-53762,3844,54805,22,-33009
12524,1,-35463,52416,-64584,63286,-10,-19404
12525,1,60032,-37725,-25885,65535,-8,-37587
12526,1,33152,8123,-42615,34133,-11,-37596
12527,1,-60757,12532,34998,62036,6,-34783
12528,1,-4820,10035,-52030,11133,1,-9923
12529,1,-1098,-55080,32177,55091,15,-1012
12530,1,27651,-60978,-8118,65535,25,-32013
12531,1,-57941,-17951,-64449,60658,17,7348
12532,1,-45077,-46951,-49200,65087,-21,33151
12533,1,12996,-29506,288,32241,9,-23831
12534,1,-8822,-140,45658,8823,-4,-19538
12535,1,-7816,22561,-55127,23877,-2,-15400
12536,1,44495,-1282,14115,44514,8,13510
12537,1,-36186,34657,63434,50106,-3,-18034
12538,1,43438,-26632,63498,50952,10,52021
12539,1,26023,-20382,4447,33055,-4,-9411
12540,1,11475,-24033,57844,26632,-7,34374
12541,1,-43115,17672,-52548,46596,11,4869
12542,1,-4470,53469,22173,53656,-7,56684
12543,1,58291,-50131,-6856,65535,-17,-21668
12544,1,-28867,16425,18443,33213,-10,-57878
12545,1,5236,4249,1101,6743,-1,15325
12546,1,-31433,59697,-3587,65535,-9,39294
12547,1,14556,10173,-34464,17759,6,-21747
12548,1,-49970,-35413,31429,61246,4,-21247
12549,1,-36877,-11754,3996,38705,-15,-55095
12550,1,-10216,-54061,62647,55018,15,25977
12551,1,-53300,49594,59358,65535,-21,-21805
12552,1,-2700,-29273,-31655,29397,11,64723
12553,1,5508,-38451,26180,38844,6,-3623
12554,1,49453,16802,-18401,52230,-11,-11565
12555,1,-17968,-28306,-31634,33528,7,54867
12556,1,-42106,4340,2434,42329,15,-65252
12557,1,33408,-19779,23955,38824,1,12803
12558,1,18235,-31408,-12185,36318,9,-33985
12559,1,-59367,35264,-51436,65535,-31,2928
12560,1,24997,60916,53345,65535,-11,-53078
12561,1,-51551,41400,-133,65535,25,51280
12562,1,64540,-43873,2852,65535,-7,-9601
12563,1,-64247,21962,-37967,65535,20,20692
12564,1,-36413,-46714,9544,59229,14,-37041
12565,1,6789,33317,-14335,34002,-11,14246
12566,1,14411,-5647,-6351,15478,2,-14145
12567,1,51616,28453,-60811,58939,27,-50311
12568,1,-14663,-41906,63409,44397,-3,23621
12569,1,58205,24731,-42744,63241,-9,-34360
12570,1,49867,-13202,-50672,51585,18,-56078
12571,1,64482,16539,-46484,65535,-18,-41241
12572,1,-29150,-10049,34950,30834,11,-23668
12573,1,35811,-2662,-22537,35910,-10,-24079
12574,1,5093,63129,60778,63334,7,-39208
12575,1,23570,32502,-13828,40149,-9,5856
12576,1,42202,-24076,-6369,48587,-23,-17174
12577,1,40769,31354,2876,51431,4,16550
12578,1,-39655,50404,-37007,64133,23,9659
12579,1,-29260,61098,33457,65535,-5,-55529
12580,1,29718,32744,43204,44219,18,60589
12581,1,32463,61232,48602,65535,16,-59876
12582,1,-3765,-51092,32004,51231,18,-2306
12583,1,11392,28669,-2255,30850,8,22617
12584,1,-43224,-39140,-3244,58312,24,-53438
12585,1,11588,52874,-426,54129,24,27832
12586,1,38532,18063,-11897,42556,13,-2759
12587,1,12936,58836,29185,60241,-14,57443
12588,1,-22090,-57550,-54215,61644,18,36438
12589,1,-47052,-37979,-32433,60467,9,47266
12590,1,-44422,1295,-63515,44441,-7,1416
12591,1,-53464,-3845,39627,53602,-8,-24408
12592,1,-41702,53335,-52704,65535,19,-6099
12593,1,6715,-31445,-38220,32154,2,64472
12594,1,45641,64982,14361,65535,20,34351
12595,1,9812,-57503,12275,58334,-26,-16958
12596,1,-45608,-25372,-34251,52191,23,41866
12597,1,-48622,-50867,-12290,65535,-5,-60970
12598,1,6554,24277,-49028,25146,9,-21768
12599,1,52146,-61411,-25603,65535,-17,-43681
12600,1,-58831,-48404,62582,65535,-18,11413
12601,1,43484,27885,-4978,51657,-19,6924
12602,1,18268,11028,38931,21339,-5,50266
12603,1,16153,-12968,-21098,20715,-9,-35200
12604,1,-31997,-44889,63047,55126,7,17358
12605,1,32894,-41088,-28676,52633,3,-47362
12606,1,-6699,-58790,-40090,59170,21,55840
12607,1,51140,10417,23375,52190,13,27562
12608,1,-55799,49962,43286,65535,22,-37490
12609,1,-15641,6829,18898,17067,1,-55226
12610,1,8128,-51443,-50973,52081,-3,50601
12611,1,49144,-43844,9309,65535,10,-5890
12612,1,64158,-43809,43859,65535,-17,31366
12613,1,28066,22575,-50016,36019,14,-35893
12614,1,14088,-24071,-45776,27891,-5,63578
12615,1,-48671,-34311,-32989,59550,-28,45366
12616,1,17869,-41329,57594,45027,14,33333
12617,1,-9242,-3018,-513,9722,-1,-59462
12618,1,19853,-11197,57847,22793,-10,47144
12619,1,-64825,33398,-45846,65535,19,9760
12620,1,-49076,35913,9581,60813,21,61932
12621,1,28852,29420,57531,41207,-8,-56950
12622,1,64843,-37925,16744,65535,35,5694
12623,1,-52329,-9229,36384,53137,12,-25515
12624,1,28763,64896,-22035,65535,24,2023
12625,1,7148,-43139,-23521,43727,-16,-52856
12626,1,39927,-39707,-13158,56310,-19,-29477
12627,1,-49584,58729,17802,65535,-8,65199
12628,1,38255,53062,-35605,65415,-24,-15860
12629,1,-27001,64720,42676,65535,11,-47386
12630,1,-62845,-28712,-389,65535,19,-56991
12631,1,-37999,-56228,27760,65535,-20,-17399
12632,1,58948,9422,-45318,59696,-13,-42007
12633,1,-30142,11804,-11786,32371,12,45956
12634,1,39636,-24782,41110,46746,10,29449
12635,1,-24322,-11572,52765,26935,8,-3514
12636,1,-6432,29551,-23679,30243,2,13558
12637,1,-36646,-34420,-10869,50276,5,-60676
12638,1,51364,-12948,8402,52971,-25,3261
12639,1,8761,20006,-13960,21840,-2,10200
12640,1,53831,24187,56456,59015,-8,65268
12641,1,14508,15315,19257,21096,-10,36215
12642,1,12473,-49336,3279,50888,10,-24327
12643,1,55120,-9272,-52202,55895,-7,-55676
12644,1,26885,-46575,-8193,53778,-17,-30034
12645,1,-50984,-27020,-14876,57701,-22,60834
12646,1,57374,7321,63428,57839,23,-65005
12647,1,-57621,-52063,37707,65535,23,-12507
12648,1,57373,38793,17626,65535,-31,30038
12649,1,-7221,45414,29272,45985,-3,65331
12650,1,-52518,12019,-61502,53876,0,-659
12651,1,-35096,-35788,-14588,50125,-8,-63533
12652,1,5492,-37841,24857,38238,2,-4906
12653,1,-16474,43270,8489,46300,-3,48847
12654,1,17429,-12528,-40905,21465,1,-53908
12655,1,15107,53220,59206,55323,7,-44871
12656,1,-42174,22582,-20538,47839,1,34742
12657,1,38253,48197,-56814,61533,16,-38046
12658,1,58776,47358,23654,65535,20,37797
12659,1,-9343,-55919,-19757,56694,0,-55979
12660,1,-27541,62494,-31987,65535,33,9430
12661,1,-27516,26885,5697,38470,-11,55097
12662,1,-17044,-13271,-25461,21602,4,53872
12663,1,34692,-34819,51367,49152,15,34939
12664,1,60623,-62576,42096,65535,-5,25383
12665,1,34352,-17042,-8456,38347,-6,-18060
12666,1,52252,33833,-58216,62249,8,-46232
12667,1,-65234,-17202,60841,65535,-24,691
12668,1,-14205,-43512,29915,45772,10,-9440
12669,1,38884,20676,-54981,44039,1,-44787
12670,1,48609,-35581,49992,60240,12,36807
12671,1,-26544,-32106,49755,41658,-8,2579
12672,1,-8622,44085,65406,44920,11,-28874
12673,1,-27670,-52943,-61432,59738,16,26820
12674,1,28195,-35656,10649,45457,-5,-8159
12675,1,39376,57244,-33198,65535,18,-13005
12676,1,-13496,-35748,-9155,38211,-2,-49452
12677,1,-20505,58568,18800,62054,16,58588
12678,1,-25762,33034,13034,41892,0,59619
12679,1,-46360,56970,18877,65535,17,-65182
12680,1,1533,20784,31774,20841,6,63000
12681,1,-11875,-58933,56696,60118,-5,19782
12682,1,61139,8525,-35927,61730,19,-33043
12683,1,6257,48085,-62985,48491,2,-32917
12684,1,-54145,-41948,3233,65535,-19,-48547
12685,1,8326,-22172,51384,23684,6,26104
12686,1,-65192,-21947,-50755,65535,-4,21556
12687,1,15994,4367,32258,16580,-7,37827
12688,1,-34717,-42620,-58592,54971,15,25447
12689,1,-38260,18554,34279,42522,2,-40677
12690,1,-49577,41263,-39152,64502,20,11898
12691,1,10787,39874,58620,41307,-7,-45192
12692,1,-1533,35247,26531,35280,-6,60209
12693,1,-10676,48023,9326,49196,-18,46665
12694,1,-11407,5773,-2940,12785,-4,52829
12695,1,4899,47684,10719,47935,-13,41357
12696,1,40407,38781,-50545,56006,8,-34592
12697,1,25995,30630,-30628,40174,19,-12550
12698,1,-340,35150,-60313,35152,7,-27347
12699,1,10069,26732,-36425,28566,-8,-11166
12700,1,-37257,-22436,-946,43491,-15,-55168
12701,1,-62068,-61690,28396,65535,4,-20821
12702,1,45970,-19526,-1707,49945,13,-10091
12703,1,-38255,16694,306,41739,9,57254
12704,1,953,-16698,-10988,16725,-5,-42561
12705,1,31213,47944,14159,57209,18,34882
12706,1,58219,-26381,8480,63917,-7,-393
12707,1,-49641,49730,-29925,65535,18,19203
12708,1,-56021,-9496,52883,56820,23,-9159
12709,1,16,3950,63474,3950,-1,-34905
12710,1,64626,-22545,-8489,65535,-8,-15488
12711,1,-7531,5531,-7365,9344,-4,44965
12712,1,63137,27919,-22188,65535,-15,-13498
12713,1,5782,9305,4990,10955,1,26158
12714,1,64886,-64763,27027,65535,-18,10667
12715,1,-59508,41395,17382,65535,-7,-60831
12716,1,26335,51005,8201,57403,20,31019
12717,1,-49847,24914,49035,55726,-11,-26166
12718,1,7819,45019,54774,45693,19,-47126
12719,1,-21774,29124,1588,36364,5,47745
12720,1,-9425,31965,13982,33326,8,52726
12721,1,45348,-58493,18444,65535,5,-568
12722,1,56677,33794,44139,65535,11,55352
12723,1,50612,47465,48556,65535,21,64265
12724,1,31282,14541,-24458,34497,0,-15381
12725,1,-13653,-482,-16945,13662,6,49318
12726,1,27512,21647,-41935,35007,14,-28037
12727,1,-42391,-32074,-4516,53158,1,-56541
12728,1,48953,-61345,-29859,65535,34,-48586
12729,1,-63917,-16295,31589,65535,15,-28744
12730,1,9850,-60959,-7065,61750,-29,-36481
12731,1,56129,34605,-48482,65535,22,-36964
12732,1,30790,28690,65441,42085,1,-49983
12733,1,-14559,-46132,2596,48375,15,-36556
12734,1,-63508,3546,-21916,63607,-27,42465
12735,1,-36657,29091,38364,46798,14,-41172
12736,1,-50142,59211,-50074,65535,32,-2657
12737,1,-24967,-32010,20804,40596,-3,-25781
12738,1,6259,-52553,14570,52925,-8,-15722
12739,1,5687,23492,-24476,24171,4,3334
12740,1,3131,25219,11225,25412,2,41415
12741,1,-23337,64749,-25313,65535,-24,14679
12742,1,-32719,-2208,-65314,32793,10,1621
12743,1,28411,-31766,38161,42618,5,20613
12744,1,-59416,-6718,17800,59795,-15,-45382
12745,1,-51202,58525,-1830,65535,-7,45934
12746,1,-21290,38569,54034,44055,3,-33750
12747,1,9486,55495,53199,56300,9,-48640
12748,1,-58563,20667,-55094,62103,11,3361
12749,1,2714,-18353,18103,18553,-4,-11599
12750,1,-8806,21780,-3572,23493,-3,37214
12751,1,8112,-16802,19634,18658,3,-3754
12752,1,-51397,-22199,-60402,55986,-4,13641
12753,1,-56649,47278,47296,65535,-5,-32747
12754,1,-48470,-35836,-35475,60279,-19,43348
12755,1,-53347,-22030,38609,57717,26,-18767
12756,1,5193,62228,29328,62444,18,60353
12757,1,-51750,20252,-11637,55572,-21,46125
12758,1,35148,63165,40983,65535,31,63150
12759,1,1326,10806,57079,10887,-5,-43762
12760,1,19292,-12202,-24746,22827,-2,-36509
12761,1,15381,-45357,12268,47894,9,-13684
12762,1,-28112,-28557,762,40073,-5,-48224
12763,1,-51923,-46990,46538,65535,9,-3656
12764,1,54574,-12337,-65446,55951,-15,60994
12765,1,8850,9212,1126,12774,4,17921
12766,1,46135,-33216,4115,56849,15,-8908
12767,1,38104,-56158,63354,65535,14,43018
12768,1,-4944,-25318,31861,25796,1,-4931
12769,1,578,64019,26916,64022,29,59486
12770,1,-21797,-31350,-10464,38183,5,-55909
12771,1,-20477,24590,17439,32000,-1,64693
12772,1,-12419,6529,-51125,14031,-3,4318
12773,1,-48502,57574,6094,65535,-16,53471
12774,1,53972,-44512,20869,65535,4,6482
12775,1,-44984,6402,48969,45437,-10,-19511
12776,1,-3576,30812,-55101,31019,-7,-19918
12777,1,-64033,-32447,17309,65535,-10,-38440
12778,1,38622,44394,-59481,58843,-4,-41648
12779,1,-10272,-10423,15526,14634,4,-33480
12780,1,-25524,53312,30269,59107,-11,-58717
12781,1,-36353,-16942,20000,40107,1,-36439
12782,1,7173,-28835,-7338,29714,8,-35026
12783,1,-32934,20580,-2917,38836,18,50958
12784,1,20112,-2425,-63748,20258,-6,64828
12785,1,46407,54775,15127,65535,24,33225
12786,1,-39260,-58051,-6218,65535,24,-51398
12787,1,-9961,-48291,-60039,49308,4,34020
12788,1,-48963,30052,-56619,57450,-17,-2560
12789,1,37822,10340,24098,39210,-4,29667
12790,1,-25325,-62589,45948,65535,-10,5162
12791,1,38596,-60435,27618,65535,-20,6712
12792,1,49424,-52133,28846,65535,-10,11908
12793,1,-33532,10373,-9637,35100,5,49638
12794,1,34801,-42644,-31468,55042,-18,-49950
12795,1,-3858,-7431,47466,8373,0,4707
12796,1,41396,38672,46280,56649,18,61948
12797,1,-40029,61935,-20419,65535,20,24313
12798,1,3384,60965,-13869,61059,-6,17744
12799,1,-14353,-39672,58068,42189,5,18056
12800,1,-9083,11858,-44063,14937,1,2339
12801,1,-11552,-38304,61351,40008,16,22464
12802,1,-20137,-50566,30635,54428,-26,-10029
12803,1,-26388,47159,-2707,54040,0,40703
12804,1,24275,48233,-16980,53997,-2,6062
12805,1,-23565,12184,22602,26528,-6,-52884
12806,1,-53866,-6193,-10925,54221,-18,57006
12807,1,-95,-31980,-31956,31980,-11,-64779
12808,1,-28409,-7946,-32983,29500,-2,38244
12809,1,20995,7493,24203,22292,10,31345
12810,1,-6577,34803,40179,35419,-9,-54223
12811,1,-30570,35121,-16981,46562,15,30722
12812,1,-44044,-23240,-15003,49799,-12,60666
12813,1,27796,61928,-37913,65535,-30,-13937
12814,1,-14483,-26625,-4874,30309,8,-48040
12815,1,5110,-29523,-2139,29962,-1,-31331
12816,1,-45555,29761,-46475,54415,-17,6996
12817,1,5703,42195,-49897,42579,-1,-19931
12818,1,22028,11439,2689,24821,1,12680
12819,1,18832,-62881,6896,65535,-25,-19794
12820,1,11466,57720,42624,58848,-16,-59765
12821,1,57588,-21255,-50475,61385,-29,-57841
12822,1,36235,-24180,-61019,43562,-13,57784
12823,1,2648,-61564,-87,61621,20,-31965
12824,1,-30234,55727,-22136,63400,-24,21010
12825,1,52615,-21259,-785,56748,20,-8803
12826,1,-43770,-61153,54687,65535,10,8957
12827,1,-32173,-46847,3526,56831,2,-41796
12828,1,-3300,48508,25578,48620,-6,59766
12829,1,51555,-50513,-28294,65535,20,-44471
12830,1,50834,17325,-20614,53706,-12,-13757
12831,1,1948,20090,21388,20184,-8,52148
12832,1,-45132,-661,56624,45137,13,-8612
12833,1,-11936,-44022,47396,45612,11,9100
12834,1,44764,17955,13314,48231,2,21270
12835,1,-52668,5210,50365,52925,-22,-17219
12836,1,27211,23860,-63051,36190,2,-48035
12837,1,-62450,-3700,-7344,62560,-5,59428
12838,1,25090,12149,-43788,27877,9,-34388
12839,1,-23866,19813,-12997,31018,-12,38093
12840,1,-6771,-38759,-36807,39346,16,57881
12841,1,1970,-39460,35583,39509,16,3847
12842,1,19231,-59034,53539,62088,7,27338
12843,1,-37966,-14278,38392,40562,-9,-19635
12844,1,63923,12716,-9136,65176,-29,-5031
12845,1,62321,45472,33016,65535,17,46161
12846,1,6254,-6284,-3224,8866,-2,-19652
12847,1,-56980,-56541,-33198,65535,17,48637
12848,1,46372,3677,-46075,46518,22,-44434
12849,1,-39351,-37231,33282,54173,-9,-16444
12850,1,-53930,5111,40765,54172,-11,-26738
12851,1,18369,51298,-24332,54488,25,1253
12852,1,22829,14731,-4351,27169,-12,7613
12853,1,28399,-61651,-32784,65535,31,-56557
12854,1,-49872,22803,51789,54838,23,-22702
12855,1,-53372,-48843,19975,65535,-13,-30097
12856,1,-62017,-48094,-34259,65535,16,45033
12857,1,-5550,-8878,-18907,10470,3,-63336
12858,1,-60501,54146,-22653,65535,-36,27663
12859,1,-18215,65067,64852,65535,10,-27761
12860,1,-65489,42988,-12821,65535,35,40588
12861,1,-55441,57896,34158,65535,-1,-48214
12862,1,57236,36287,40892,65535,14,52675
12863,1,60609,-30759,-42422,65535,-32,-52209
12864,1,54116,2057,56842,54155,12,57630
12865,1,33940,38884,22254,51613,13,40047
12866,1,-64704,14378,25853,65535,31,-44254
12867,1,-43122,20632,32162,47804,21,-42692
12868,1,10367,-25386,-17223,27421,12,-41912
12869,1,-8949,65162,-40359,65535,14,-4748
12870,1,47420,-48185,-20292,65535,-1,-36842
12871,1,23175,13482,-32249,26811,4,-21260
12872,1,-53706,54835,26462,65535,-36,-55665
12873,1,23470,63745,-52429,65535,22,-27027
12874,1,-49641,-35340,-32858,60936,16,45579
12875,1,719,16523,-43380,16539,2,-11522
12876,1,50997,-54698,32626,65535,23,15506
12877,1,-14096,-36902,46696,39503,-2,6317
12878,1,24253,-46295,28156,52263,-14,5460
12879,1,-24621,-43947,-63582,50374,23,24059
12880,1,22079,-47618,-11582,52488,1,-35293
12881,1,18858,-45203,62465,48979,7,37939
12882,1,17627,48963,-20974,52039,-13,4591
12883,1,9956,-26192,-47235,28020,11,58639
12884,1,-59601,-24401,42651,64403,22,-14786
12885,1,33749,23635,-44978,41202,14,-32240
12886,1,18177,-39146,-37855,43160,-17,-61546
12887,1,10263,59300,-22005,60182,3,7187
12888,1,29883,15352,-9083,33596,-15,826
12889,1,-19869,-26502,11152,33123,16,-35046
12890,1,-50487,-50569,-22732,65535,-24,59212
12891,1,18386,51200,-25267,54401,-24,318
12892,1,-10535,21894,24610,24297,-4,-64335
12893,1,23590,-20015,28848,30937,-11,14178
12894,1,-9427,-2218,56107,9684,2,-4613
12895,1,-8519,54934,-45369,55591,1,-9392
12896,1,-22493,-7273,-2583,23640,-3,-61593
12897,1,-55901,11676,-17098,57107,-26,44152
12898,1,48367,58341,-26705,65535,21,-8383
12899,1,33813,-3963,41814,34044,3,39379
12900,1,-12225,13489,-29273,18205,-2,18857
12901,1,45654,-40246,295,60861,14,-14782
12902,1,52398,18677,44183,55627,2,51325
12903,1,-33466,-61210,57801,65535,5,14594
12904,1,13335,22424,25526,26089,1,47102
12905,1,58109,16715,-47027,60466,26,-41193
12906,1,-45404,25318,19055,51986,-24,-57082
12907,1,-2968,-53046,-47296,53129,23,49833
12908,1,15931,50201,27869,52668,-16,54233
12909,1,10317,27045,-40998,28946,11,-15841
12910,1,-18080,8818,31655,20116,-5,-43342
12911,1,-30095,-31051,55089,43242,-7,6266
12912,1,-54800,2931,-18655,54878,-2,45767
12913,1,1582,-14477,-16951,14563,-1,-47447
12914,1,42602,-62198,-18568,65535,-22,-38802
12915,1,-42026,25837,33855,49333,-3,-43179
12916,1,33470,-37610,-25029,50346,-21,-42618
12917,1,8451,18661,46601,20486,2,-60576
12918,1,-17673,62797,54636,65237,-28,-37936
12919,1,-50995,-21176,23141,55217,25,-34194
12920,1,42652,-39360,41901,58038,-4,26355
12921,1,-63453,-19894,-52232,65535,-16,19647
12922,1,41840,49183,-41266,64572,18,-23208
12923,1,55162,41407,27843,65535,8,41273
12924,1,-30578,47981,65484,56897,-14,-20979
12925,1,35965,-10749,-63888,37537,-1,61126
12926,1,34384,-24525,5498,42234,-8,-7423
12927,1,51175,23471,-21204,56301,-12,-12229
12928,1,-52862,49656,-36281,65535,-11,13526
12929,1,-37583,58786,-53715,65535,15,-9085
12930,1,-26947,25579,-64058,37154,18,-14373
12931,1,-16851,60191,29596,62506,10,-63017
12932,1,-45080,11889,63269,46622,15,-7653
12933,1,8902,27211,22889,28630,-11,49070
12934,1,16096,-61940,-38509,63997,-2,65099
12935,1,7141,-53123,-58856,53601,15,42230
12936,1,4910,-61804,-30110,61999,-22,-61217
12937,1,-59407,24648,24552,64317,-10,-49185
12938,1,-52155,-27064,-45145,58759,-15,30382
12939,1,-57338,47726,23708,65535,20,-56314
12940,1,27380,617,7915,27387,11,8377
12941,1,55162,-8234,-3886,55773,-11,-6973
12942,1,44892,22517,-24084,50223,-17,-14378
12943,1,1914,-3326,22817,3838,1,936
12944,1,45271,-33112,-39631,56088,-23,-52796
12945,1,40689,9491,-38735,41781,11,-33960
12946,1,41991,14496,-15624,44423,-9,-8686
12947,1,-45555,51320,-23738,65535,19,24168
12948,1,12524,29495,41382,32044,12,-65306
12949,1,-24845,-42807,56361,49495,-5,12625
12950,1,-11953,-55047,-53353,56330,24,40482
12951,1,27240,63757,-60989,65535,7,-36646
12952,1,23430,55508,-17797,60250,-26,6648
12953,1,-47621,10573,-34521,48781,-16,26464
12954,1,24185,36599,-30122,43868,14,-9542
12955,1,-47029,-16733,-46029,49917,22,26629
12956,1,-5849,-35968,24107,36441,16,-12033
12957,1,-57435,42120,10904,65535,21,63234
12958,1,-11873,3781,17698,12461,-4,-54262
12959,1,41390,30735,64870,51554,-9,-52874
12960,1,4496,17601,48186,18166,5,-55341
12961,1,-19308,15559,28304,24797,-8,-51375
12962,1,43847,-28159,-12843,52110,-16,-24745
12963,1,-34619,50253,18467,61023,27,63810
12964,1,3811,-63696,12627,63810,-30,-18884
12965,1,46760,-59588,53708,65535,6,34818
12966,1,-38793,52908,-10283,65535,-25,35691
12967,1,-47429,57379,-14255,65535,6,32921
12968,1,37793,59834,48065,65535,-33,-61981
12969,1,-21612,-23533,-24923,31951,12,57876
12970,1,31085,-18829,15757,36343,-10,4402
12971,1,-10028,-16062,28945,18936,-2,-15463
12972,1,-56104,-48917,35016,65535,13,-15565
12973,1,23228,-58996,45954,63404,-31,21021
12974,1,-31197,38952,-61036,49905,13,-14186
12975,1,-26820,-52460,45152,58919,27,2515
12976,1,-15486,-12163,-38400,19692,-9,41034
12977,1,-46662,48568,-52940,65535,-21,-4199
12978,1,-24656,12302,35910,27555,-13,-39270
12979,1,50659,58566,18625,65535,-11,36520
12980,1,-37891,-30984,45080,48946,-16,-6150
12981,1,47927,-55088,-35830,65535,6,-53663
12982,1,-13862,-53855,-2851,55611,22,-40883
12983,1,42068,-17808,26834,45682,-22,18490
12984,1,-58213,8172,-7561,58784,-16,55072
12985,1,49750,-64028,53287,65535,14,34295
12986,1,-38079,62550,16063,65535,-30,60247
12987,1,-49203,-5293,42702,49487,9,-20602
12988,1,-4430,-43400,35591,43626,17,693
12989,1,-36492,30498,-2809,47558,11,48200
12990,1,-8974,-64614,27168,65235,15,-8484
12991,1,59879,-42371,-53787,65535,-24,64445
12992,1,36747,23754,-946,43756,15,11018
12993,1,-34505,-65007,56574,65535,-19,13632
12994,1,21211,-55137,-50204,59076,27,55751
12995,1,60856,-57580,-11723,65535,12,-27533
12996,1,-33689,30095,63091,45174,21,-17665
12997,1,3315,22344,37466,22589,-6,-63904
12998,1,12385,59097,-39199,60381,-9,-10737
12999,1,-15690,-40275,-48100,43223,8,42451
13000,1,19260,-56908,-25728,60079,-24,-51680
13001,1,-55553,-5147,8618,55791,3,-54992
13002,1,-18187,-50754,-41602,53914,13,49519
13003,1,64626,-34164,-60327,65535,32,60591
13004,1,-19719,-4043,63796,20130,-6,2485
13005,1,34018,35785,37821,49374,-12,54738
13006,1,9056,38442,53919,39495,18,-49221
13007,1,46665,7148,14143,47209,5,17311
13008,1,-20401,25161,6584,32393,13,53556
13009,1,-48197,41727,19470,63751,25,-60960
13010,1,-26724,-28590,4092,39135,14,-44364
13011,1,-20405,41570,30620,46308,-7,-58162
13012,1,-53198,-14956,53957,55261,15,-5868
13013,1,49315,-24783,-62975,55192,-24,58391
13014,1,-50489,29923,-17354,58690,-26,37030
13015,1,9862,25598,9450,27432,0,34546
13016,1,23009,8702,-10852,24600,-8,-3303
13017,1,58732,42551,-16802,65535,-17,-3718
13018,1,121,34982,-51730,34982,6,-19037
13019,1,-39735,-23765,9790,46300,-20,-44493
13020,1,-9336,46196,8142,47130,-15,45077
13021,1,-2162,-42308,-5019,42363,16,-38860
13022,1,-3655,65490,20979,65535,26,54902
13023,1,15079,57303,-3538,59254,-6,23864
13024,1,-13874,-29133,-54089,32268,10,34937
13025,1,28849,-64229,46237,65535,-19,22281
13026,1,-7187,56947,-63344,57399,0,-27957
13027,1,15046,-27376,-25092,31238,6,-47380
13028,1,-3192,-5265,37762,6157,2,-6382
13029,1,-13674,-42238,40290,44396,-11,996
13030,1,-16308,51294,5623,53824,-7,44815
13031,1,-22159,-61881,1655,65535,30,-38296
13032,1,24534,27244,-38883,36663,14,-21416
13033,1,12484,-26345,-4721,29154,-8,-28252
13034,1,-55751,21461,9413,59739,18,-63795
13035,1,-30466,24170,52852,38889,18,-26684
13036,1,33553,-53561,4398,63203,-20,-16689
13037,1,-54874,-42221,21627,65535,21,-30235
13038,1,-29839,-565,41190,29845,-9,-23945
13039,1,6890,55778,-30875,56202,-17,-665
13040,1,-23760,-52055,4351,57221,5,-37351
13041,1,23510,34614,29754,41843,13,50069
13042,1,1011,22405,35557,22428,-11,-63678
13043,1,9852,54269,-53357,55156,-20,-24328
13044,1,19286,-64201,-39790,65535,31,64592
13045,1,62683,8897,61577,63312,-9,64521
13046,1,-52200,4677,15484,52409,2,-51917
13047,1,32131,25864,9377,41248,-9,23520
13048,1,57960,-29669,30161,65113,-3,20292
13049,1,-19207,11931,17278,22611,5,-59858
13050,1,-35510,27649,6512,45005,-9,58251
13051,1,44975,16185,56279,47799,7,63482
13052,1,-56227,47673,-6591,65535,-2,44275
13053,1,-7222,45962,-20431,46526,3,15587
13054,1,12934,-9151,-11275,15844,-4,-24115
13055,1,56835,50437,39209,65535,11,54347
13056,1,48210,-9122,-42479,49065,2,-46381
13057,1,36271,50293,-13528,62008,28,6197
13058,1,-65292,50663,-11700,65535,-40,40080
13059,1,-63944,20825,-36226,65535,-3,22743
13060,1,17596,50480,61612,53459,7,-43691
13061,1,-15902,36320,-18136,39649,1,23240
13062,1,-46202,32340,39103,56396,-6,-39171
13063,1,-62934,-7368,57014,63364,-13,-6087
13064,1,13876,-7199,-24018,15632,5,-34009
13065,1,63460,49407,51860,65535,13,-65415
13066,1,59616,-43361,-35342,65535,23,-48466
13067,1,-52430,59824,39283,65535,-16,-44005
13068,1,59838,47927,61022,65535,21,-55968
13069,1,4009,32651,-3530,32896,14,26680
13070,1,49046,-22895,-24556,54127,18,-33674
13071,1,-16811,3381,11472,17148,5,-58210
13072,1,42123,-37680,28290,56517,-11,13070
13073,1,44342,57681,20268,65535,9,39362
13074,1,-32696,38451,-23395,50473,25,24063
13075,1,40122,11259,-63274,41672,-9,-57563
13076,1,-10576,22317,6125,24696,-6,48130
13077,1,-41249,-3787,27179,41423,8,-36451
13078,1,-163,17263,15634,17264,0,48600
13079,1,-31358,2026,24826,31423,-12,-42048
13080,1,-1590,-15229,-8405,15312,0,-43344
13081,1,18317,20192,16456,27262,-9,33862
13082,1,-12664,-29907,43249,32478,13,2117
13083,1,-30616,-36660,17051,47763,-19,-30224
13084,1,-54462,11830,14986,55732,19,-55019
13085,1,-56350,36963,-21839,65535,-14,31591
13086,1,29788,46355,-41012,55101,22,-20167
13087,1,-12015,-41461,14886,43167,-20,-23756
13088,1,58028,1191,3254,58040,19,3675
13089,1,-35951,55884,21761,65535,7,-64620
13090,1,29288,-40863,63934,50275,-23,44148
13091,1,10421,-11892,37096,15812,-4,19344
13092,1,-46894,35449,73,58785,24,52098
13093,1,-6554,11920,-60476,13603,5,-17228
13094,1,44522,-64733,61899,65535,-25,41706
13095,1,44637,9492,19863,45635,8,24230
13096,1,-37594,63665,-61742,65535,-14,-17843
13097,1,1104,11991,8074,12042,-5,38936
13098,1,42969,23696,-38891,49070,-17,-28371
13099,1,51598,55688,22135,65535,-10,39317
13100,1,-33105,18262,-40318,37808,8,14698
13101,1,18008,29677,-56690,34714,-3,-35298
13102,1,-2401,1576,-33187,2872,1,20222
13103,1,27579,-39784,5342,48409,21,-14790
13104,1,885,-57240,-39798,57247,8,58825
13105,1,-47029,-53600,58880,65535,-26,11096
13106,1,39681,-55365,-53687,65535,-32,57599
13107,1,-9451,41401,47263,42466,18,-46368
13108,1,-5287,12431,5138,13509,3,46290
13109,1,5420,56174,-59333,56435,3,-28573
13110,1,-59651,-7895,-13059,60172,12,55218
13111,1,-53845,-62009,-9146,65535,-9,-56828
13112,1,-52693,26243,-21275,58866,15,34617
13113,1,5743,-59431,-57200,59708,6,43112
13114,1,45894,47920,62305,65535,-4,-51931
13115,1,-21779,-25296,-63683,33380,7,19788
13116,1,31708,20774,-9109,37907,-13,2997
13117,1,-27915,-29011,44389,40260,-18,-4352
13118,1,-62529,-14727,18956,64240,30,-41764
13119,1,55427,-45957,34540,65535,16,20094
13120,1,-24992,-62655,3312,65535,-5,-37372
13121,1,20632,53213,11034,57073,-10,36090
13122,1,-58659,7156,-64673,59094,14,-1674
13123,1,7106,-34534,52469,35258,14,23926
13124,1,-39498,64071,-63252,65535,23,-18966
13125,1,-32353,41786,46877,52847,21,-37691
13126,1,55383,-1423,41978,55401,21,41434
13127,1,-55649,-61884,-12910,65535,10,-60959
13128,1,-42022,-27068,52967,49985,-14,-626
13129,1,28363,-14188,36798,31714,14,27113
13130,1,-21362,51684,53741,55925,-12,-36382
13131,1,730,38834,-18818,38841,17,13549
13132,1,48972,-47674,37642,65535,-28,21547
13133,1,-28646,5527,-54170,29175,10,7383
13134,1,8205,62740,-22561,63275,24,7486
13135,1,-63513,53467,15662,65535,-34,-64462
13136,1,14064,48920,-31498,50901,-15,-4564
13137,1,-45031,50308,26519,65535,-31,-56545
13138,1,24674,23645,64204,34175,12,-50936
13139,1,-51842,-50115,12916,65535,-12,-36586
13140,1,-13235,-54095,-37690,55691,-18,55615
13141,1,-40195,5378,-46940,40553,14,15814
13142,1,12933,42362,-48350,44292,-3,-21762
13143,1,-14395,61005,55296,62680,-6,-38172
13144,1,-64245,-32701,-46827,65535,-21,28537
13145,1,-62700,26936,-42966,65535,4,14104
13146,1,-57249,-56760,-17180,65535,-17,64655
13147,1,15132,60923,-49903,62774,5,-22215
13148,1,-20967,18051,8913,27667,6,59616
13149,1,-51516,65395,10775,65535,1,57462
13150,1,-3720,-28893,-58901,29132,12,36723
13151,1,-14238,58497,45581,60205,6,-47745
13152,1,-52951,-9197,-35022,53744,-22,34110
13153,1,38164,19579,44850,42894,-1,54739
13154,1,54552,51284,-32468,65535,-32,-16719
13155,1,-21812,-134,58213,21812,-9,-7186
13156,1,51071,-5018,-55901,51317,13,-57949
13157,1,41314,-49161,50965,64216,-28,32785
13158,1,-63825,17261,56925,65535,-6,-14119
13159,1,13195,-46628,19404,48459,1,-7612
13160,1,-53242,-40109,22924,65535,-8,-29141
13161,1,-29732,27277,42919,40349,-3,-38102
13162,1,-60716,33230,59260,65535,-25,-16715
13163,1,-23358,13165,44495,26813,-4,-31744
13164,1,-31955,3959,7080,32199,10,-61034
13165,1,20060,60933,-62975,64150,-20,-36835
13166,1,-1700,-6772,-60883,6982,-3,32300
13167,1,4762,-30567,-27126,30936,-8,-56665
13168,1,-10255,10478,3452,14661,2,52376
13169,1,-63969,28021,-16582,65535,-14,40346
13170,1,-47493,-23233,-5279,52871,24,-61334
13171,1,30272,39119,21748,49464,-7,40780
13172,1,42981,44005,-45204,61513,-7,-28572
13173,1,-47834,9240,-35740,48718,6,25813
13174,1,32777,-25375,48220,41452,-15,34484
13175,1,-11254,30116,20765,32150,-12,61001
13176,1,-54446,-44365,-55050,65535,-7,24751
13177,1,40692,-14713,24652,43270,13,17408
13178,1,-2017,12088,2941,12255,-3,39163
13179,1,30387,-4766,-25626,30758,7,-28876
13180,1,14602,-52430,-61098,54426,-12,42877
13181,1,-32939,14980,-62559,36185,18,-5937
13182,1,50071,18588,-28223,53410,21,-20816
13183,1,-58369,24604,-33084,63343,4,24129
13184,1,-46131,23290,45918,51677,-17,-29364
13185,1,-29477,-35061,-8622,45806,10,-55978
13186,1,2663,31520,35310,31632,8,-64757
13187,1,-56293,14494,-15676,58129,19,44596
13188,1,-61227,11047,20271,62216,-16,-48983
13189,1,-21120,-8470,12877,22755,0,-44703
13190,1,-48883,19296,-15556,52554,-21,42145
13191,1,2125,21501,-13631,21606,-7,17089
13192,1,934,-58805,-32192,58813,-24,-64620
13193,1,-58963,-64636,-26490,65535,-16,56391
13194,1,14185,-22114,15942,26273,-6,-4924
13195,1,-60182,-2506,-63685,60234,-4,2721
13196,1,24897,-30226,-46783,39160,12,-65184
13197,1,59416,-51699,-15144,65535,-11,-30079
13198,1,-20063,36843,53017,41952,8,-34889
13199,1,65200,26414,-30174,65535,-28,-22136
13200,1,-2009,-13174,-43829,13326,-6,51327
13201,1,-35779,44600,-10525,57178,4,36345
13202,1,65313,9225,15546,65535,10,18470
13203,1,24807,-25339,17423,35461,11,811
13204,1,51457,49272,-35798,65535,-3,-19866
13205,1,-12867,28517,-34536,31286,14,7064
13206,1,-27048,-12206,-3811,29675,-14,-60494
13207,1,-14907,23470,-25547,27804,2,19024
13208,1,44562,-22162,-1368,49769,-8,-10992
13209,1,-46970,-60552,-18962,65535,-25,-65486
13210,1,-53438,62099,16154,65535,-38,63755
13211,1,-35943,18525,-4372,40436,4,51234
13212,1,-7569,43715,-62003,44366,1,-25659
13213,1,-5137,56594,-39334,56827,8,-4681
13214,1,-60277,-18664,-14587,63100,8,57210
13215,1,56944,16482,-58132,59282,8,-52258
13216,1,-47665,17856,52101,50900,-22,-20903
13217,1,-65514,29898,49097,65535,11,-25373
13218,1,53277,-3589,12068,53398,-10,10669
13219,1,-52202,54914,53939,65535,19,-28514
13220,1,33709,-57424,51552,65535,11,29854
13221,1,-52461,-45975,17133,65535,-15,-33387
13222,1,36056,4376,38179,36321,5,40696
13223,1,20173,43416,35120,47874,7,58811
13224,1,57717,65184,27731,65535,-1,45381
13225,1,61114,17882,49258,63677,8,55194
13226,1,34789,51649,-48994,62273,17,-28597
13227,1,-20203,-24438,61202,31708,-5,14026
13228,1,-59827,-63907,-35876,65535,-34,46740
13229,1,46750,-25109,-33635,53066,-15,-43911
13230,1,29641,23441,-17735,37790,-2,-3775
13231,1,-5496,65235,10314,65466,-31,44845
13232,1,9179,-43785,-30730,44737,10,-59192
13233,1,58,-5359,-9845,5359,2,-42395
13234,1,55496,-32528,-54321,64326,-30,-65371
13235,1,-33688,21589,1631,40012,-13,55285
13236,1,48500,600,-8046,48504,-1,-7787
13237,1,13659,61777,21995,63269,-27,50233
13238,1,48689,52058,-34907,65535,5,-17827
13239,1,48711,-50723,-11356,65535,31,-28171
13240,1,18260,-18170,-50401,25760,9,64331
13241,1,27329,-33763,57595,43437,-19,39031
13242,1,-24911,-23705,11083,34387,-8,-38582
13243,1,51518,-35169,-16003,62378,-6,-28496
13244,1,-24035,-54959,-37345,59985,24,52351
13245,1,-60234,5043,15632,60445,1,-51647
13246,1,57540,-52424,30230,65535,35,14807
13247,1,26773,-7300,-61117,27750,-6,64407
13248,1,-39425,-53268,34983,65535,-13,-11072
13249,1,42697,-47923,3061,64185,10,-14528
13250,1,55459,-41613,56078,65535,5,42648
13251,1,11475,55998,-56358,57162,23,-27815
13252,1,-26064,-22934,-52208,34717,-6,28385
13253,1,-6099,-6073,10745,8607,0,-38451
13254,1,-31409,13916,28737,34354,16,-45509
13255,1,14783,-59069,-57345,60891,-16,46080
13256,1,-55590,34469,26941,65409,2,-50174
13257,1,-58691,10378,-50200,59602,18,11679
13258,1,16742,14111,14265,21896,1,28874
13259,1,-43973,25793,2122,50980,9,56588
13260,1,42638,-30307,49112,52312,25,36211
13261,1,32835,27791,-58191,43017,6,-43542
13262,1,-44344,-5273,-52676,44657,-15,15336
13263,1,-27005,-65353,-35764,65535,22,54359
13264,1,9659,-35946,45656,37221,16,18355
13265,1,-36144,24259,61304,43530,-2,-16562
13266,1,-7706,48478,-64711,49087,-5,-28652
13267,1,14525,-65299,-45510,65535,-17,57365
13268,1,12437,-19753,-58985,23342,0,51041
13269,1,59785,51178,5927,65535,-9,20699
13270,1,-31240,-16724,59206,35435,-4,3926
13271,1,-29959,30094,-32093,42464,-5,17015
13272,1,7398,-11349,-5477,13547,4,-26200
13273,1,65487,43375,-56683,65535,-17,-44475
13274,1,-7592,-34356,-15333,35185,-11,-52631
13275,1,15953,56260,974,58478,24,27969
13276,1,17293,63399,37248,65535,-20,64468
13277,1,14395,-36089,28888,38854,2,4036
13278,1,-48474,22556,-21373,53465,-22,35086
13279,1,4944,35304,9,35648,2,29874
13280,1,55343,-49984,10381,65535,-7,-4941
13281,1,25363,20937,-55324,32888,13,-40937
13282,1,5290,58130,52883,58370,-22,-47306
13283,1,22044,10709,12366,24508,-8,21807
13284,1,-31054,-35039,36542,46820,-22,-11344
13285,1,26208,-26837,34146,37511,1,17514
13286,1,65367,54385,43647,65535,-41,58133
13287,1,-21028,-6359,51472,21968,8,-7945
13288,1,-59820,34089,46870,65535,0,-29471
13289,1,-45532,-53113,-45691,65535,27,37821
13290,1,33133,-47191,47047,57661,-24,27057
13291,1,62466,-49082,-23010,65535,21,-36908
13292,1,48289,14385,-53884,50386,5,-47847
13293,1,38535,35017,49953,52069,11,65336
13294,1,-31345,-30598,3377,43804,-8,-46023
13295,1,-49941,22305,14928,54696,23,-59379
13296,1,65176,42340,4770,65535,-25,16795
13297,1,60673,3186,43457,60757,2,44551
13298,1,63636,22389,33507,65535,-11,40568
13299,1,60785,-48092,-18480,65535,-12,-32440
13300,1,54933,62595,-23841,65535,-40,-6089
13301,1,-9177,50461,-6444,51289,-16,30083
13302,1,-23425,-20657,60535,31232,-2,10076
13303,1,1933,-10471,-42666,10648,4,59438
13304,1,54563,56188,-1245,65535,-11,15448
13305,1,-3227,-61353,21300,61438,-8,-12562
13306,1,-43804,-32480,-43233,54532,5,35611
13307,1,1772,-47115,62458,47148,-9,30478
13308,1,-42389,-18089,-3688,46087,21,-60819
13309,1,58945,-57038,30420,65535,-27,14386
13310,1,-23953,-4076,763,24297,2,-61258
13311,1,-14093,-23911,31936,27755,1,-11943
13312,1,-52704,-43191,20153,65535,-16,-31057
13313,1,57647,4163,-2079,57797,8,-578
13314,1,-12768,-25454,-56258,28477,9,32340
13315,1,51016,4446,-9630,51210,23,-7826
13316,1,-19028,-51236,60651,54655,24,20456
13317,1,30552,44213,23298,53742,4,43451
13318,1,16283,-33961,-56884,37663,14,50738
13319,1,-7914,-35237,-29485,36115,5,64207
13320,1,28299,-13344,-16481,31288,11,-25680
13321,1,-29818,11374,12830,31914,13,-60317
13322,1,91,-9060,-31325,9060,-4,-63875
13323,1,53205,-7739,-15765,53765,-20,-18770
13324,1,-5793,-23780,31990,24476,-7,-5756
13325,1,47852,-59127,18209,65535,36,-375
13326,1,-41975,-21050,-50464,46958,-19,24778
13327,1,-50126,15078,2807,52345,8,62244
13328,1,-35117,-48481,61489,59864,20,15637
13329,1,-47919,-8636,-56220,48691,3,13034
13330,1,-2739,-6786,10744,7318,-2,-30021
13331,1,9201,41356,-8354,42367,9,19843
13332,1,51332,-45578,-19938,65535,-28,-35076
13333,1,58205,63825,-20556,65535,-2,-3211
13334,1,55918,55692,24662,65535,8,41002
13335,1,-45636,-3011,-13139,45735,-10,53776
13336,1,-57562,-54706,-56245,65535,10,25142
13337,1,16321,3957,54314,16794,3,59272
13338,1,-47748,21050,44828,52182,19,-29377
13339,1,-42688,-54737,39644,65535,0,-6941
13340,1,9683,63722,-56232,64454,7,-26612
13341,1,-17208,-10644,-16687,20234,-3,60408
13342,1,-14479,-58594,47902,60357,18,10074
13343,1,-7143,-21526,-43655,22680,6,47960
13344,1,-23744,-53223,15138,58279,-8,-26381
13345,1,42517,-37907,28434,56962,27,13235
13346,1,-33426,61305,3248,65535,-17,46435
13347,1,60789,-18587,-11370,63567,-31,-17550
13348,1,-40631,-50148,4659,64542,-3,-42313
13349,1,23909,36514,-15440,43645,-16,5242
13350,1,15917,-19956,-39292,25526,5,-58019
13351,1,18147,-45572,54980,49052,23,30108
13352,1,53133,-34252,6463,63216,-5,-5480
13353,1,50480,-30651,-13229,59057,-22,-24605
13354,1,-7563,32191,26299,33068,-3,63883
13355,1,-14882,10130,-41498,18002,5,11565
13356,1,-23186,-12638,38415,26407,-10,-16702
13357,1,14948,-47117,11339,49431,11,-15025
13358,1,9060,11581,1357,14704,6,20267
13359,1,-38871,-62344,-36,65535,-36,-44424
13360,1,-58875,-31770,60761,65535,19,5542
13361,1,62520,-2672,-60374,62577,-3,-61264
13362,1,6799,20580,-38205,21674,-8,-12086
13363,1,-13682,60246,-60917,61780,18,-23496
13364,1,18537,-43840,-40120,47598,3,-64544
13365,1,-35896,-54139,4443,64958,-17,-40533
13366,1,5888,-46318,-3156,46691,-3,-33285
13367,1,-4969,-4711,8138,6847,-1,-41568
13368,1,-62094,38945,12717,65535,-16,-64500
13369,1,-8885,-59179,37801,59842,-4,1926
13370,1,-30779,-18977,-4334,36159,13,-58352
13371,1,29374,35574,31728,46134,20,50088
13372,1,45119,-36257,8635,57882,4,-5488
13373,1,-46159,22815,28702,51490,18,-46417
13374,1,17328,25964,35661,31215,-11,56160
13375,1,-19663,-40617,-59614,45126,-11,29290
13376,1,35937,26650,-51925,44740,7,-38617
13377,1,12204,-65396,-25130,65535,26,-54057
13378,1,64927,-54909,16997,65535,21,2348
13379,1,64382,-65397,65028,65535,14,48478
13380,1,-64714,21951,16977,65535,-19,-55375
13381,1,-65294,-27302,5193,65535,-1,-52081
13382,1,40507,64560,-11207,65535,-30,9880
13383,1,43521,-7394,-26289,44145,9,-29804
13384,1,28474,-58035,-63973,64644,-22,43853
13385,1,-8312,-52003,41197,52663,12,5118
13386,1,-36590,-28277,21221,46243,22,-30600
13387,1,-10124,33459,-31561,34957,-17,7346
13388,1,-45878,30692,-4301,55198,-27,48945
13389,1,10416,-19556,-43574,22157,-6,64945
13390,1,-45758,-3990,7055,45932,-22,-56657
13391,1,-46324,-59636,-10482,65535,-2,-57026
13392,1,-58447,-51188,-61516,65535,34,19016
13393,1,-40661,31723,61774,51572,-10,-17579
13394,1,32466,4112,26206,32726,15,28825
13395,1,-38915,6353,28930,39430,-7,-39978
13396,1,-16554,40635,-49000,43878,-18,-8153
13397,1,-23738,-17042,-31481,29222,10,47037
13398,1,24242,50162,-51806,55713,24,-28438
13399,1,38305,36358,-64923,52813,24,-49093
13400,1,62047,-54511,26811,65535,-3,11775
13401,1,41751,35146,17333,54575,22,31921
13402,1,-31984,58218,7116,65535,1,50364
13403,1,-39412,45917,34963,60512,14,-48549
13404,1,-27567,-35978,55634,45325,-11,9232
13405,1,-40842,-35301,6383,53984,-12,-44280
13406,1,-47899,8215,2360,48599,-19,64361
13407,1,-5156,15838,-49042,16656,-1,-9707
13408,1,-32889,-14703,14991,36026,-3,-41774
13409,1,46724,27354,59676,54142,-2,-60346
13410,1,-65415,60899,20766,65535,38,-60418
13411,1,12094,40143,-15745,41926,-12,10924
13412,1,-37222,7385,-5169,37948,-1,56282
13413,1,-61851,-65441,5905,65535,-26,-42653
13414,1,4589,12812,14237,13609,5,39822
13415,1,64694,34411,-42184,65535,11,-31990
13416,1,-2488,51421,-19084,51481,-9,14696
13417,1,-63461,451,58027,63463,26,-7666
13418,1,-59939,173,-51869,59939,-15,13612
13419,1,-16575,-51769,19520,54358,3,-19713
13420,1,36014,-14409,-60464,38789,-6,62672
13421,1,35214,29384,34199,45863,-1,48706
13422,1,-17202,-30214,-58704,34768,14,28795
13423,1,34924,6920,-13331,35603,-8,-9246
13424,1,-22533,3357,-64350,22782,2,-1901
13425,1,41243,59641,-7968,65535,-19,12185
13426,1,15401,-8309,-25422,17500,-4,-35739
13427,1,-49898,4710,34045,50120,9,-33458
13428,1,59018,13273,11774,60492,8,16386
13429,1,-45436,41571,-22171,61584,18,27901
13430,1,-8344,-44032,-9165,44816,-11,-45835
13431,1,20245,-49169,7255,53174,21,-17373
13432,1,-56567,-64649,43854,65535,2,-3910
13433,1,-8037,-40211,-56709,41007,-19,37490
13434,1,11413,-55969,-51204,57121,-22,51304
13435,1,33269,-63509,26916,65535,-21,4220
13436,1,13314,-8548,31195,15822,-3,19293
13437,1,-59513,52719,-46441,65535,-18,3977
13438,1,-5920,3871,-47485,7073,2,5965
13439,1,-41923,-10482,-18547,43214,-21,52110
13440,1,24747,17839,-53134,30506,10,-40111
13441,1,4651,-46403,-59917,46636,-12,40476
13442,1,819,-44838,27354,44846,1,-5033
13443,1,-46718,22998,-10956,52072,0,45037
13444,1,62814,41073,32344,65535,-20,44430
13445,1,-60708,-12600,-30216,62002,11,39585
13446,1,59966,-61105,20692,65535,-38,4121
13447,1,20463,29967,56209,36287,-8,-54588
13448,1,53940,42473,-54774,65535,-14,-40855
13449,1,-52286,30095,-18999,60329,-24,35650
13450,1,-42571,35006,3111,55116,-25,54300
13451,1,-51850,-3931,20472,51999,-10,-43481
13452,1,-32235,-27151,-22790,42146,-12,57355
13453,1,-49180,39821,51983,63280,17,-27757
13454,1,-30418,-15571,-20004,34172,2,55401
13455,1,48763,-8939,-39976,49576,-6,-43755
13456,1,-6305,-1597,-55631,6504,-2,15087
13457,1,-55706,40289,-10253,65535,5,42219
13458,1,1693,-1966,-59491,2595,0,53646
13459,1,51255,-31756,17589,60296,23,6010
13460,1,47321,48774,31222,65535,21,47915
13461,1,63293,-12871,-26161,64589,6,-30348
13462,1,-63355,-62067,-9465,65535,-30,-58824
13463,1,-61302,8353,-50607,61869,-8,12107
13464,1,1252,63290,19968,63303,27,52315
13465,1,21780,-38958,-24525,44633,-17,-46651
13466,1,-64545,44630,7278,65535,-17,60199
13467,1,5505,34623,1496,35058,2,30973
13468,1,16087,-40259,16343,43354,-13,-8489
13469,1,45304,28973,53697,53777,19,-65513
13470,1,-35709,59297,-54123,65535,-23,-10041
13471,1,53215,-10891,42351,54318,-18,38147
13472,1,22094,-16610,-42406,27641,4,-55856
13473,1,47969,7200,44849,48507,1,47956
13474,1,32026,-42056,-48850,52862,10,63027
13475,1,50774,-51305,22585,65535,-11,6096
13476,1,11198,3713,35357,11797,-6,42046
13477,1,-17119,25062,-58074,30351,11,-12813
13478,1,39343,20337,20766,44289,5,30716
13479,1,-62701,14121,-19535,64271,-28,41389
13480,1,56168,52396,22090,65535,-31,37758
13481,1,9631,48674,25957,49618,24,54640
13482,1,16105,-35662,-25214,39130,-8,-49129
13483,1,-57433,-21400,27073,61291,-21,-31015
13484,1,-4730,61709,-57676,61890,-21,-23305
13485,1,-49690,51115,-40045,65535,-21,8818
13486,1,-64078,32486,-34357,65535,-4,21392
13487,1,-60905,-37563,-32174,65535,-34,44901
13488,1,-44167,-65268,18603,65535,5,-26577
13489,1,52968,-17128,43960,55669,5,37434
13490,1,14387,-13555,-14399,19767,6,-30168
13491,1,57032,36790,40350,65535,26,52293
13492,1,7469,26945,58186,27961,13,-45768
13493,1,41898,-5884,-37522,42309,-14,-40425
13494,1,-2926,36846,-2940,36962,-15,31489
13495,1,-33261,7990,-30115,34207,-1,30504
13496,1,-26993,-28047,-5946,38926,16,-54707
13497,1,-16831,-60079,23696,62392,-21,-14763
13498,1,-53654,28288,-65317,60655,-25,-9894
13499,1,-28940,-333,-27046,28942,2,38728
13500,1,59338,-38199,-54178,65535,-30,64971
13501,1,48472,53438,31686,65535,-21,49092
13502,1,31060,25154,-30711,39968,-7,-16507
13503,1,-11681,-19316,-48559,22573,10,38390
13504,1,37470,30308,-41226,48193,10,-27042
13505,1,-34946,-36948,34375,50857,17,-14203
13506,1,-16422,58547,-56463,60807,-20,-17984
13507,1,-64308,32409,-25248,65535,28,30542
13508,1,28841,-39360,-43406,48796,14,-62989
13509,1,-17657,-42723,-36477,46228,11,53646
13510,1,-65288,-36207,-37086,65535,7,39011
13511,1,39280,58127,-31609,65535,-18,-11232
13512,1,24468,-50779,30802,56367,21,7393
13513,1,11938,16770,57166,20585,-5,-54039
13514,1,-38547,5049,-11459,38876,7,51356
13515,1,54588,15219,1883,56670,3,7554
13516,1,22521,34027,53030,40805,-17,-57462
13517,1,1373,-17821,42460,17874,3,11292
13518,1,-22454,-28529,-54545,36306,15,29840
13519,1,-21495,60707,826,64400,-7,40695
13520,1,36956,60103,-2212,65535,-9,19058
13521,1,16790,-21219,-51177,27058,6,61087
13522,1,33802,61465,-17597,65535,-31,4691
13523,1,-62266,-51261,32790,65535,4,-18379
13524,1,6309,55024,12253,55385,-19,42647
13525,1,-1115,-24003,55638,24029,4,21899
13526,1,63674,5014,-50449,63872,-5,-48808
13527,1,15512,-51924,-2529,54192,-5,-29239
13528,1,60989,19946,-45900,64168,19,-39313
13529,1,63347,-39426,-1883,65535,23,-13503
13530,1,55450,6598,-32689,55841,-15,-30213
13531,1,8219,47066,-33397,47778,23,-4245
13532,1,20835,-31014,-10099,37363,17,-30537
13533,1,28562,-53029,-5676,60232,29,-28148
13534,1,19557,-33063,-5326,38414,-16,-26942
13535,1,-834,28192,-9706,28204,-11,23687
13536,1,52173,37607,44092,64314,18,57115
13537,1,6153,9843,-50794,11608,3,-29687
13538,1,-3782,27362,53229,27622,3,-42212
13539,1,-43282,12656,-3709,45095,2,55891
13540,1,56525,43352,63465,65535,-19,-53953
13541,1,-28891,42510,-60756,51398,-1,-15535
13542,1,-9819,51196,36069,52129,-25,-58272
13543,1,41090,-29606,23878,50645,-4,10855
13544,1,55703,47431,18471,65535,14,33181
13545,1,17647,-46460,17645,49699,6,-7553
13546,1,49632,-13634,-15876,51471,-8,-21465
13547,1,3725,27812,60124,28061,6,-40962
13548,1,-39075,11842,62403,40830,1,-9272
13549,1,33930,-54806,-29007,64459,16,-50216
13550,1,-61908,-9840,61583,62685,-7,-662
13551,1,-39268,-64723,30726,65535,-2,-13418
13552,1,-62854,16839,15297,65071,21,-55706
13553,1,24619,17393,-32743,30143,-13,-19903
13554,1,-27591,-55896,39550,62335,-6,-2781
13555,1,-47675,-14912,61843,49953,3,2630
13556,1,11986,28302,-31670,30736,11,-7266
13557,1,-22682,37327,-22966,43678,-11,21198
13558,1,43389,-55845,-31007,65535,10,-49999
13559,1,-16833,7823,5901,18562,1,62360
13560,1,-56363,28573,61192,63192,-2,-14131
13561,1,-50305,-31965,14234,59602,15,-39499
13562,1,-58417,-27918,29175,64746,6,-27063
13563,1,-61173,43991,-48502,65535,-11,4031
13564,1,-30764,-14761,56905,34122,-11,708
13565,1,-9702,-7938,36631,12535,-1,-14599
13566,1,-43955,-16796,-64107,47055,8,9040
13567,1,-38062,14424,46464,40704,-14,-26621
13568,1,41980,-21246,-61134,47050,-16,60171
13569,1,-6488,20506,4843,21508,9,43995
13570,1,-62673,22888,36245,65535,2,-36596
13571,1,-32864,26845,-25230,42435,-5,26020
13572,1,26713,15219,-56477,30744,-3,-45672
13573,1,-20329,5275,5325,21002,8,-65515
13574,1,-42142,16763,-27625,45354,-4,30015
13575,1,-34813,-14690,34067,37786,12,-23146
13576,1,37082,-29190,-40961,47193,17,-54880
13577,1,18282,62616,38700,65231,30,65532
13578,1,57146,41529,-60292,65535,18,-47188
13579,1,5979,26352,-30879,27022,-2,-2764
13580,1,26978,51668,21293,58287,-19,44030
13581,1,34397,-45612,17152,57128,22,-2145
13582,1,-14077,-60209,-44770,61833,12,48739
13583,1,36940,-16038,-39559,40271,5,-48106
13584,1,31095,11952,64458,33313,6,-58963
13585,1,12803,21215,28322,24779,9,49755
13586,1,-5495,13928,36807,14973,3,-53662
13587,1,9021,59552,-35973,60232,-25,-6333
13588,1,-21173,-57588,46165,61357,-11,6051
13589,1,29730,30873,37261,42861,6,54036
13590,1,-22795,-37088,4477,43533,3,-39789
13591,1,-24640,-53357,16734,58772,-25,-25050
13592,1,6809,37998,-20452,38603,-2,8618
13593,1,20421,9998,-26373,22737,-5,-16871
13594,1,-34593,8817,-12241,35699,-6,48092
13595,1,-15761,-62602,-21924,64556,-11,-59833
13596,1,-38264,-47049,11541,60645,4,-35472
13597,1,-42266,17199,-14207,45631,-8,43271
13598,1,-65077,29704,6961,65535,6,63563
13599,1,-61712,31730,4834,65535,7,60461
13600,1,39860,-51107,-59498,64813,2,52623
13601,1,37329,-25531,-27284,45225,0,-39798
13602,1,-49978,-55948,53708,65535,-37,5741
13603,1,197,15214,39918,15215,7,-58665
13604,1,-18353,-38754,-45679,42880,-14,43405
13605,1,-49020,-52166,665,65535,-24,-47832
13606,1,-54766,57005,2696,65535,-26,51437
13607,1,-8235,-8276,-52784,11675,4,29180
13608,1,30444,22275,37877,37723,-15,51062
13609,1,-1463,28869,-18055,28906,5,15766
13610,1,11,18608,63818,18608,2,-34500
13611,1,7540,-1501,-4985,7688,2,-9090
13612,1,-5437,6124,3904,8189,3,51810
13613,1,-35525,27185,39242,44733,17,-39928
13614,1,-43940,-40973,63126,60079,23,13238
13615,1,-55851,27378,44225,62200,-18,-30813
13616,1,51281,11643,31209,52586,12,35862
13617,1,-4679,29095,-28083,29469,-7,8016
13618,1,51489,-32671,57811,60980,24,46008
13619,1,-24385,2948,-37618,24562,8,25401
13620,1,-27502,10033,-18297,29275,11,39934
13621,1,-25713,49014,21981,55349,17,64821
13622,1,28565,-20354,51657,35075,10,38736
13623,1,30054,-38314,20587,48695,-5,1697
13624,1,28507,-44594,-8336,52927,9,-29242
13625,1,-47666,61699,63494,65535,25,-21095
13626,1,20809,43313,-9966,48052,-9,13463
13627,1,-7618,35838,-33795,36639,3,3340
13628,1,38437,-65332,-59755,65535,12,49639
13629,1,-32303,-31299,-27088,44979,0,54503
13630,1,21927,38938,54131,44687,10,-54876
13631,1,42665,-32076,-19829,53378,6,-33279
13632,1,-63404,31002,16752,65535,-19,-58265
13633,1,-20207,52309,43437,56077,-5,-47175
13634,1,-65085,45447,-18376,65535,5,34443
13635,1,-52336,41083,25800,65535,-16,-53614
13636,1,-37540,-35662,16512,51779,-5,-33173
13637,1,-50472,16534,-25507,53111,10,33421
13638,1,18494,43398,-38560,47174,2,-14197
13639,1,-25279,51391,-7641,57272,-17,34670
13640,1,42776,10630,32323,44077,2,37403
13641,1,20974,63312,31198,65535,-14,57297
13642,1,47628,57974,29884,65535,0,48305
13643,1,-34523,-36512,-37550,50249,24,44944
13644,1,-42733,-64522,52234,65535,19,7258
13645,1,-1290,-26888,6410,26919,-11,-27350
13646,1,48277,-36739,-25828,60667,7,-39401
13647,1,-1738,-61529,25511,61554,-14,-7841
13648,1,-19776,14154,29238,24319,4,-49260
13649,1,-51845,65254,40812,65535,21,-43492
13650,1,-55836,60907,45380,65535,-24,-37439
13651,1,49612,37079,52199,61937,-1,-65484
13652,1,-44411,4926,-46868,44683,19,16355
13653,1,12959,-26635,-1684,29620,8,-25011
13654,1,54110,24645,39638,59458,5,48552
13655,1,65176,15152,-43846,65535,-31,-39071
13656,1,65213,-12511,40058,65535,28,36095
13657,1,58781,-11471,25730,59890,10,21706
13658,1,62572,21642,45350,65535,26,52288
13659,1,57250,35505,58186,65535,3,-61307
13660,1,22823,-7928,-43031,24161,6,-50010
13661,1,34527,-16003,-22581,38056,5,-31638
13662,1,62366,13218,35059,63751,30,39406
13663,1,16349,-1843,49446,16453,-6,47113
13664,1,40054,49769,-3443,63885,20,15182
13665,1,62810,-23259,37737,65535,28,30330
13666,1,45757,-8595,31767,46557,18,27886
13667,1,10775,-14364,-16086,17956,-4,-35424
13668,1,-37505,30151,29083,48122,-6,-50576
13669,1,-28138,-36941,-37114,46437,-15,47617
13670,1,13023,59357,-56498,60769,13,-28240
13671,1,46267,-34604,-62716,57776,-19,54967
13672,1,6427,47419,18113,47853,-19,48079
13673,1,48108,-44304,-46787,65401,-2,-62312
13674,1,37578,-40258,-31221,55071,-5,-48321
13675,1,-10187,-5826,-38404,11735,-5,37978
13676,1,-60123,-60970,29322,65535,-1,-19684
13677,1,44355,-42259,-40254,61263,-24,-56125
13678,1,-11695,12153,-60467,16866,-8,-11706
13679,1,-62819,7451,-52704,63259,-21,10376
13680,1,12046,59101,30854,60316,-22,59435
13681,1,-20080,22951,-21434,30495,-2,26330
13682,1,-12192,1433,-16217,12276,-3,46884
13683,1,3964,38061,-14568,38267,11,16029
13684,1,-14272,-4387,54451,14931,0,-4864
13685,1,64773,28237,-55241,65535,28,-46673
13686,1,-51831,35085,-36163,62589,-5,16961
13687,1,30351,-53140,17803,61197,0,-4139
13688,1,-50802,-63416,-56636,65535,-30,27586
13689,1,-48918,37661,-21176,61736,24,30665
13690,1,36598,-39221,-42280,53644,-13,-59380
13691,1,19076,39657,50161,44007,13,-57502
13692,1,-17726,4894,965,18389,-9,60891
13693,1,-64431,-28618,28981,65535,32,-27845
13694,1,-39491,-36206,2205,53576,-13,-47846
13695,1,-26097,26712,-8102,37344,9,40802
13696,1,35527,-56338,13375,65535,-18,-7651
13697,1,-50164,2604,41616,50232,-21,-24993
13698,1,-31907,7334,42557,32739,1,-27693
13699,1,8,-52801,19323,52801,23,-13451
13700,1,15119,27195,31719,31115,-5,53906
13701,1,61133,-25467,29535,65535,24,21293
13702,1,1862,-61787,1712,61815,10,-30431
13703,1,37863,-22211,-50664,43897,6,-61734
13704,1,-43105,-64610,-3960,65535,-15,-48997
13705,1,-59689,32828,-55704,65535,-32,-648
13706,1,-42184,-30161,27952,51857,18,-24643
13707,1,-6705,-46047,-44416,46533,21,50862
13708,1,-48639,-28563,-13532,56406,18,63074
13709,1,53963,-63086,3927,65535,40,-14090
13710,1,35174,56831,-47485,65535,-8,-26276
13711,1,36874,-56474,30010,65535,3,9307
13712,1,-32882,-23860,9085,40627,-19,-43347
13713,1,-49310,11888,19924,50723,6,-50550
13714,1,-27637,-28741,-30202,39873,-5,52129
13715,1,-2814,40247,-23441,40345,-8,10787
13716,1,-44873,49893,-11260,65535,-3,36789
13717,1,-19670,32245,-50551,37771,-18,-6346
13718,1,-45061,-64205,-51913,65535,-29,33633
13719,1,-18618,-45260,-57500,48940,-3,32664
13720,1,-30801,-52192,-36218,60603,27,50955
13721,1,-48014,-47231,-38007,65535,-16,43747
13722,1,22438,48512,-52259,53450,-3,-28527
13723,1,-8657,33891,-61420,34979,-10,-23429
13724,1,28357,-57122,-61574,63774,26,46334
13725,1,-48297,-31280,21086,57542,14,-32466
13726,1,-33946,52085,17071,62171,12,61884
13727,1,13937,19859,43315,24262,-8,63325
13728,1,-3036,-57419,18651,57499,-23,-15211
13729,1,43560,58136,17878,65535,-16,37236
13730,1,32491,50156,21094,59760,-21,41878
13731,1,1818,3155,48106,3641,0,-61105
13732,1,30584,41559,9245,51600,-21,28787
13733,1,-35244,-64433,-45247,65535,-9,42618
13734,1,2700,42596,-56148,42682,-6,-24698
13735,1,-16655,43316,47158,46408,14,-43495
13736,1,-4628,-25266,-61770,25687,0,32755
13737,1,11810,21132,-5921,24208,-11,16225
13738,1,5677,5873,-22843,8168,1,-6109
13739,1,-37797,24141,-16541,44849,10,37133
13740,1,3311,5230,-34415,6190,3,-13430
13741,1,-28941,-30913,-19745,42346,-18,62871
13742,1,64092,-55711,-8288,65535,31,-23223
13743,1,-60435,-29278,3127,65535,-30,-52989
13744,1,-42917,27252,-17036,50839,3,36697
13745,1,45547,51581,38226,65535,26,55897
13746,1,-35660,-25480,23411,43828,2,-29184
13747,1,44816,-743,30420,44822,-13,30080
13748,1,-39082,-35332,-8759,52685,-21,-58953
13749,1,42797,-32965,-14814,54021,8,-28509
13750,1,22653,443,15321,22658,7,15722
13751,1,29192,18966,-2861,34812,-9,9164
13752,1,-38722,43720,43951,58403,8,-39235
13753,1,-26269,7912,44909,27435,-6,-26726
13754,1,-15434,-59350,-20819,61324,-9,-58891
13755,1,41848,46758,6098,62750,-29,23646
13756,1,-55088,758,-23284,55094,-21,41973
13757,1,31313,-37923,-48445,49180,-22,64267
13758,1,-54069,22386,39703,58520,-23,-34014
13759,1,-50693,8526,-52085,51405,-5,9977
13760,1,-9524,-10756,30225,14367,0,-17661
13761,1,-51979,-39869,-7924,65509,-15,-59806
13762,1,-59797,-35179,35756,65535,10,-18690
13763,1,-29280,128,51545,29280,6,-14087
13764,1,-40431,51559,38054,65521,-17,-46372
13765,1,-51599,11169,33091,52794,5,-36894
13766,1,-21528,45204,-59393,50069,-14,-17347
13767,1,6741,9044,-25704,11280,4,-6305
13768,1,-28669,-33320,-62106,43956,-20,21386
13769,1,-33243,9379,40768,34541,-8,-30500
13770,1,37932,-4225,64348,38167,-1,62035
13771,1,38611,-42644,28398,57527,21,10972
13772,1,-51002,-25844,25846,57176,-8,-29903
13773,1,-19223,-25853,39191,32217,-14,-6905
13774,1,38930,-11914,-46567,40712,10,-52767
13775,1,-10500,-57242,-21232,58197,-14,-57779
13776,1,-3410,7418,51261,8164,-3,-38048
13777,1,-49797,-58950,-39247,65535,-12,44428
13778,1,37552,43864,25921,57743,5,43917
13779,1,-9491,-10416,-53026,14092,6,29855
13780,1,27707,39820,-47682,48511,-11,-27591
13781,1,-29421,35662,44913,46232,5,-39004
13782,1,57081,-18613,644,60039,-24,-5923
13783,1,-9923,-29507,-25844,31131,12,-65387
13784,1,-13207,-20976,-63547,24788,0,23035
13785,1,-932,23143,4897,23162,-10,38514
13786,1,11464,23515,49116,26161,-2,-58649
13787,1,-25305,53996,64253,59632,12,-24913
13788,1,-237,32792,47818,32793,-10,-50329
13789,1,-17936,-19180,-16838,26260,4,-65294
13790,1,-26174,26072,-40766,36944,-6,8430
13791,1,12011,-49729,-24203,51159,15,-52033
13792,1,41210,57932,47037,65535,8,-64168
13793,1,-47676,-26185,41529,54394,-6,-13527
13794,1,-34597,37082,62908,50715,-16,-19728
13795,1,-53646,-19231,-42934,56989,-6,29785
13796,1,5242,38984,-5201,39335,-13,24785
13797,1,-53247,-7077,-61607,53715,-13,6690
13798,1,-4558,13120,43689,13889,-3,-47636
13799,1,41875,11492,872,43424,-4,6461
13800,1,-24209,6845,2432,25158,5,62216
13801,1,10235,35956,7185,37385,14,34160
13802,1,45414,-19239,25286,49321,11,16922
13803,1,62622,18173,-25219,65206,-9,-19324
13804,1,-7156,-46343,-5539,46892,-16,-41496
13805,1,-13595,-32062,51156,34825,-4,10024
13806,1,-58662,47722,60061,65535,-5,-19720
13807,1,22966,5131,7039,23532,-7,11630
13808,1,45368,-32802,-56223,55984,12,61785
13809,1,-26454,-15971,63745,30901,-6,9544
13810,1,60091,27340,-4037,65535,-21,4877
13811,1,23593,-21509,62766,31926,4,47343
13812,1,-52411,-28434,-28768,59627,-24,47146
13813,1,-37714,1259,34416,37735,-18,-31806
13814,1,14853,8262,44782,16997,7,55363
13815,1,63909,63946,-22734,65535,11,-6346
13816,1,3795,39683,30429,39864,-3,61210
13817,1,36711,-10468,44804,38175,-3,39011
13818,1,-35241,25535,25033,43520,7,-53587
13819,1,7725,33044,39991,33935,7,-63108
13820,1,-51767,33750,63297,61797,-21,-14284
13821,1,29781,20741,294,36292,-11,12991
13822,1,-19278,-22840,6436,29888,7,-40961
13823,1,-12283,1536,-33900,12379,2,29038
13824,1,-13636,-26029,24201,29385,8,-18639
13825,1,-31245,-57959,-41428,65535,8,46559
13826,1,-62454,49623,48581,65535,-22,-30955
13827,1,-57182,50824,38818,65535,4,-41877
13828,1,9423,-31141,-3768,32535,-15,-30397
13829,1,-50551,-12537,10639,52082,-23,-49817
13830,1,47186,4224,-6578,47375,-6,-4713
13831,1,-49972,45684,-25770,65535,-18,24322
13832,1,-8245,-43868,33280,44636,12,-3369
13833,1,-38635,17597,18828,42454,-3,-55622
13834,1,47729,12260,-28369,49279,4,-23126
13835,1,-52970,33022,-3722,62420,-27,50194
13836,1,36360,-10243,10743,37775,7,5011
13837,1,-24169,39185,35101,46039,-20,-51664
13838,1,40709,27510,-19168,49133,13,-6777
13839,1,-48727,-45584,40525,65535,3,-9323
13840,1,-4204,57561,42940,57714,-1,-53843
13841,1,32545,-24619,-57720,40808,3,59841
13842,1,-26310,17496,-18303,31596,10,34984
13843,1,8173,-41662,-42661,42456,-7,59687
13844,1,-45339,-17520,30635,48607,0,-27209
13845,1,-35310,25659,28171,43649,-10,-50469
13846,1,34074,14073,11394,36866,-18,19575
13847,1,41497,-2579,45408,41577,5,44111
13848,1,48378,-24404,-48497,54185,1,-58243
13849,1,-63726,-29575,-24347,65535,26,50246
13850,1,-12164,-54903,30748,56234,7,-6571
13851,1,-13758,53254,-22411,55003,-26,15641
13852,1,-3345,-39707,-38254,39848,19,58287
13853,1,7524,33738,40583,34567,-10,-62292
13854,1,53948,7329,-52876,54444,-15,-50054
13855,1,47995,-38404,49273,61469,12,35191
13856,1,56036,46143,37071,65535,12,51438
13857,1,40771,-16570,-55973,44010,12,-64031
13858,1,-52550,29605,-50980,60315,2,3853
13859,1,28772,-18101,64243,33993,12,52521
13860,1,9386,-41255,34506,42309,-13,6411
13861,1,-51289,30012,-53,59425,15,54433
13862,1,-57377,-11839,12881,58586,-1,-48410
13863,1,40406,-21985,-10521,46000,7,-20919
13864,1,34565,62165,64683,65535,-16,-44202
13865,1,-45198,-58763,2544,65535,-10,-43898
13866,1,-14333,-34069,-21231,36961,-8,-62302
13867,1,-16851,40697,-25153,44048,18,15796
13868,1,64884,-64133,43701,65535,-19,27443
13869,1,38076,-20272,-44405,43136,19,-54620
13870,1,-60857,53111,6438,65535,27,56999
13871,1,27329,34610,-12779,44099,-8,6050
13872,1,51027,-6938,54088,51497,8,51266
13873,1,-23333,-7881,52997,24628,-1,-5743
13874,1,-57137,-43409,-35169,65535,4,43919
13875,1,-25323,6987,44352,26269,-8,-26794
13876,1,48525,4561,-36756,48739,20,-34810
13877,1,4225,58662,42121,58814,3,-57684
13878,1,-8203,32320,61469,33345,5,-31653
13879,1,-488,-34702,59791,34706,10,26723
13880,1,-52154,12581,-4473,53650,0,56125
13881,1,-63016,16600,-53336,65166,-24,6834
13882,1,-40043,23641,39028,46501,12,-37639
13883,1,27713,-15321,35603,31666,8,25063
13884,1,-5561,-35558,733,35990,-11,-35264
13885,1,-30856,9880,24047,32399,1,-47954
13886,1,54581,-46495,3874,65535,-28,-10836
13887,1,-39351,25840,26911,47077,13,-50752
13888,1,21508,-36545,-621,42404,13,-22299
13889,1,-1504,-6080,-4700,6263,0,-42528
13890,1,-13258,-101,-60802,13259,1,4891
13891,1,63969,-54045,-44608,65535,-20,-59237
13892,1,58384,36181,21730,65535,-20,33309
13893,1,1858,-49876,-21283,49911,22,-53283
13894,1,-33113,-2200,47116,33186,8,-17041
13895,1,58041,-28570,18190,64692,1,8647
13896,1,13227,-63955,54307,65309,29,25784
13897,1,29434,-5766,30485,29994,13,26441
13898,1,6513,-7665,-26241,10059,1,-44319
13899,1,-52062,-3774,-23798,52199,21,43239
13900,1,65463,-1338,-32188,65477,-16,-32609
13901,1,-32054,46820,-32682,56742,26,12600
13902,1,-10141,-4510,-47001,11099,-1,27266
13903,1,1319,-28746,38275,28776,8,6458
13904,1,-230,-48222,49542,48223,-9,16678
13905,1,54154,8398,-728,54801,1,2481
13906,1,-51373,-10987,54308,52535,19,-6840
13907,1,36899,-17327,63902,40765,0,54744
13908,1,56682,-31226,25617,64714,-13,15117
13909,1,19775,958,-40656,19798,-2,-39644
13910,1,-44606,-35173,45460,56805,27,-6157
13911,1,7543,64569,39592,65008,29,-61147
13912,1,-46262,20515,39862,50607,7,-34384
13913,1,8635,-56850,-49815,57502,-10,51637
13914,1,-37113,61766,-55212,65535,-25,-11150
13915,1,-58936,-26690,-51422,64698,-8,22987
13916,1,-8511,48410,811,49153,-15,37216
13917,1,17083,-32637,43310,36838,13,20594
13918,1,-45730,13527,-13595,47689,-7,45944
13919,1,-44880,-20155,-11610,49198,-16,62738
13920,1,-28330,-13310,15100,31301,6,-41278
13921,1,-19202,47416,-21863,51157,22,18923
13922,1,11205,10678,53294,15478,-7,-61886
13923,1,-1397,43800,-21810,43823,-2,11624
13924,1,63728,13053,56023,65051,31,60227
13925,1,-53216,17793,-44886,56112,10,13915
13926,1,19470,-60604,64042,63655,-3,37760
13927,1,-52443,17923,23454,55421,20,-48959
13928,1,-19258,-38167,49488,42750,-4,6974
13929,1,-33333,53504,-49072,63038,8,-4684
13930,1,10196,-31470,-718,33081,16,-26960
13931,1,47200,-14143,-45154,49274,12,-51232
13932,1,-55157,2734,41092,55225,-2,-25476
13933,1,4859,6248,-38486,7915,3,-19515
13934,1,57898,10601,-48947,58861,-5,-45168
13935,1,-58001,-52586,20370,65535,4,-29804
13936,1,40357,63273,-53265,65535,-9,-32338
13937,1,51470,-11738,-23273,52792,-11,-27946
13938,1,-23731,32385,5649,40149,12,51602
13939,1,15645,27869,-23100,31960,-13,-995
13940,1,-52130,-1645,43630,52156,-19,-21240
13941,1,41377,-37818,-51092,56056,-9,64536
13942,1,-23924,-8025,-12382,25234,-4,59909
13943,1,55361,-36693,-31299,65535,-6,-43507
13944,1,-59475,-29669,5189,65535,27,-50703
13945,1,-38474,56882,-53867,65535,-20,-8687
13946,1,-15216,-51469,-13596,53671,1,-52361
13947,1,15476,-54563,-44042,56715,-19,60035
13948,1,42428,40616,3177,58735,-10,19109
13949,1,-25508,-30146,-12007,39490,0,-59424
13950,1,-56510,-27964,-36030,63051,8,39089
13951,1,53398,-34218,-57937,63421,-18,61253
13952,1,-42854,-57181,44408,65535,-23,-1770
13953,1,-47897,-38140,20868,61227,22,-30647
13954,1,63148,62893,-43230,65535,9,-26890
13955,1,42421,-32265,-49692,53297,20,-63265
13956,1,20593,63827,36042,65535,-15,62304
13957,1,38,61015,-17765,61015,4,14989
13958,1,23175,57296,-35325,61806,-1,-10575
13959,1,35035,-26700,30889,44049,18,17296
13960,1,21085,-47040,9193,51550,-3,-14783
13961,1,24220,-52936,-35326,58214,-9,-59139
13962,1,24264,26016,10262,35575,-17,27382
13963,1,-19686,6075,622,20602,-3,59917
13964,1,-4946,-26767,37925,27220,11,1337
13965,1,38159,-15728,11586,41273,9,3426
13966,1,-56532,-35136,10354,65535,3,-43582
13967,1,-62147,54460,-4371,65535,21,46149
13968,1,41572,8964,7990,42528,4,12418
13969,1,-5362,11398,-37284,12596,-3,4663
13970,1,7940,6596,-11722,10323,-3,2744
13971,1,-918,40778,-10320,40789,15,22910
13972,1,26106,-57836,-38117,63455,-24,-62032
13973,1,-57877,49063,-29904,65535,5,20962
13974,1,8547,27530,-10975,28826,3,15511
13975,1,56287,49201,-61705,65535,34,-46730
13976,1,-44826,21298,1683,49628,11,57962
13977,1,-49320,-49144,-10709,65535,23,-59905
13978,1,43473,-21095,-35804,48321,-9,-45224
13979,1,18476,-47308,9595,50788,-16,-15399
13980,1,58816,-52904,-31685,65535,-1,-46966
13981,1,-21647,-19675,-50943,29252,9,29976
13982,1,22463,14335,34575,26647,10,46416
13983,1,32050,-5777,-1826,32567,-3,-5544
13984,1,47019,-8755,7215,47827,1,3374
13985,1,30637,53104,7022,61308,-26,28883
13986,1,-678,22531,-17261,22541,3,16132
13987,1,-61673,19939,-11358,64816,10,47652
13988,1,1517,-39270,-48122,39299,-6,50990
13989,1,-43743,3863,7983,43913,15,-59398
13990,1,-17626,-6935,48950,18941,5,-8772
13991,1,5366,42108,-44885,42449,-10,-14756
13992,1,59876,1824,7991,59904,-29,8636
13993,1,33398,25711,13273,42149,-17,26968
13994,1,19584,17947,35138,26564,-12,50623
13995,1,-36943,-51734,-6545,63571,16,-52254
13996,1,38681,-8903,10576,39693,-10,5862
13997,1,20092,30946,-33506,36896,-15,-12742
13998,1,-2420,28205,-49189,28309,3,-14638
13999,1,58604,-55600,-14360,65535,-19,-30190
14000,1,26653,55307,-31637,61394,-26,-8228
14001,1,46251,-63911,-63455,65535,17,47913
14002,1,43069,-45509,50661,62658,-2,33703
14003,1,-12899,-35327,27468,37608,3,-12605
14004,1,49179,15852,5342,51671,-3,11848
14005,1,-41991,-18675,-34675,45957,-2,39592
14006,1,18826,-915,59173,18848,-1,58161
14007,1,-42319,57829,40087,65535,-23,-45032
14008,1,23811,31722,41980,39664,-4,61318
14009,1,-568,56131,-20875,56134,-19,12111
14010,1,-27839,-2861,35494,27986,9,-27912
14011,1,794,24534,33589,24547,-11,-65381
14012,1,-15498,46698,3701,49203,-11,43158
14013,1,63699,-33495,-29834,65535,-21,-39927
14014,1,21382,54709,2934,58739,4,27928
14015,1,46344,60052,-15745,65535,15,3308
14016,1,17077,-26121,30358,31208,-11,9676
14017,1,28379,18953,12429,34126,-10,24719
14018,1,11671,-64362,-36812,65412,10,65231
14019,1,-4943,-158,17458,4946,0,-47412
14020,1,-5,70,-39554,70,0,-5244
14021,1,62953,42399,-22566,65535,-24,-10195
14022,1,-19309,53560,-23958,56934,-15,16034
14023,1,-37780,-50045,-62516,62704,5,22297
14024,1,-21581,-35602,38032,41632,15,-6112
14025,1,7701,-6262,-318,9926,1,-14563
14026,1,54097,6863,-41332,54531,-17,-38693
14027,1,-54293,19937,-18486,57838,12,39704
14028,1,532,-18888,-41514,18896,3,57374
14029,1,-36158,-41847,-46260,55305,22,37171
14030,1,19732,-37267,-58484,42169,9,49974
14031,1,-47647,50369,-59089,65535,-18,-10511
14032,1,-49385,27057,-43582,56311,10,11495
14033,1,-16891,-51638,28675,54331,-19,-10680
14034,1,14633,28403,-42604,31951,9,-19766
14035,1,44773,15304,41537,47317,-15,48414
14036,1,56743,62898,-53974,65535,40,-36528
14037,1,-9378,-12413,-52994,15557,-4,31819
14038,1,-28207,22293,23124,35953,13,-56372
14039,1,33613,45643,35881,56684,14,55402
14040,1,-21469,11630,-11276,24417,1,43903
14041,1,-9454,57069,46488,57847,-24,-48383
14042,1,-47650,15647,-28438,50153,23,30470
14043,1,8593,57411,-1961,58051,22,27700
14044,1,6547,15990,37499,17278,-6,62168
14045,1,-11745,28325,-15930,30664,-2,25039
14046,1,59079,21623,-63834,62912,-19,-56509
14047,1,-10414,24671,-10353,26779,12,30738
14048,1,-21597,20104,41600,29506,14,-39584
14049,1,6395,-20828,-45630,21788,-6,58895
14050,1,-14105,43985,-7131,46191,19,32102
14051,1,-31344,-63956,32031,65535,-14,-10239
14052,1,31649,-33147,-34581,45830,-22,-51437
14053,1,-48469,47071,-13864,65535,-12,35597
14054,1,-28548,-58066,-46002,64704,-31,42780
14055,1,27981,5745,58149,28565,-1,62374
14056,1,62579,49506,-53564,65535,8,-39604
14057,1,22995,-6409,-36990,23871,1,-42661
14058,1,40782,41943,-20902,58502,11,-4229
14059,1,-17832,52521,26798,55466,-23,-64670
14060,1,-37366,20858,37712,42793,2,-38446
14061,1,-40672,32811,-58025,52257,6,-6652
14062,1,44057,-18077,-55422,47621,-6,-63541
14063,1,-50299,-40836,-7439,64789,4,-58751
14064,1,57631,42129,47973,65535,10,61138
14065,1,46923,-53490,-50149,65535,19,63171
14066,1,-19399,8580,-51841,21212,3,5005
14067,1,45913,-40941,-11732,61516,24,-26931
14068,1,-32377,50055,59240,59614,-20,-27080
14069,1,44071,62000,6177,65535,36,26044
14070,1,4895,-54371,-61278,54591,21,38891
14071,1,10516,11809,55537,15813,1,-57946
14072,1,-13975,40353,48502,42705,-8,-42843
14073,1,-28208,37551,-4733,46966,22,41465
14074,1,-43674,7003,28027,44232,-12,-40820
14075,1,-787,33840,-330,33850,4,32920
14076,1,-520,46871,51521,46874,-16,-46545
14077,1,9873,-48725,15362,49715,10,-13239
14078,1,15264,-4463,-21427,15903,1,-27363
14079,1,-24267,-10818,19486,26569,-4,-37299
14080,1,49292,1794,-33169,49325,-21,-32401
14081,1,53483,-5021,-49809,53718,-16,-51755
14082,1,13078,60784,39923,62175,23,-62809
14083,1,6436,-32295,8730,32930,-3,-19933
14084,1,-27586,4837,-62653,28007,-6,-733
14085,1,-25359,-53695,-40742,59382,-15,48363
14086,1,-48256,3240,4202,48365,1,-62733
14087,1,44066,11355,-59711,45506,-6,-54447
14088,1,37267,-35386,20456,51391,17,4605
14089,1,-41006,33442,-53265,52914,-17,-1994
14090,1,48084,9104,31595,48938,4,35497
14091,1,15218,37809,-55347,40757,-11,-30556
14092,1,26357,-27453,-54189,38057,12,60068
14093,1,27761,-18494,-12033,33357,16,-24302
14094,1,28581,-45067,62499,53366,18,41514
14095,1,37715,52193,-64762,64394,-31,-45037
14096,1,62331,2790,-62999,62393,8,-62068
14097,1,42634,-42965,-33718,60528,13,-50187
14098,1,18658,38091,45378,42415,1,-62428
14099,1,20848,-33663,31233,39596,16,10024
14100,1,63417,-57938,-57632,65535,4,57996
14101,1,-59466,-41443,-28507,65535,0,49726
14102,1,55686,-36844,-47603,65535,-18,-59791
14103,1,-649,46571,42811,46576,-19,-55193
14104,1,51647,-308,-21726,51648,-21,-21842
14105,1,64871,13932,894,65535,16,5302
14106,1,-31884,-37677,44017,49357,-3,-3400
14107,1,37300,-40582,-46049,55120,2,-63312
14108,1,-34592,-35246,-2500,49385,20,-51465
14109,1,-27227,21929,25712,34960,-2,-53967
14110,1,19141,44893,-6327,48803,-7,18036
14111,1,-13385,-36533,-32159,38908,-1,58820
14112,1,-51227,-51014,61604,65535,3,12408
14113,1,51415,59720,22256,65535,18,40191
14114,1,-11837,2723,-31342,12146,-2,29480
14115,1,25062,64991,-13168,65535,-20,11928
14116,1,37412,45457,35480,58873,5,53881
14117,1,54885,35369,5138,65294,-5,17081
14118,1,46413,38745,-63366,60460,11,-48859
14119,1,-30310,-26589,-58747,40320,11,21805
14120,1,16856,-37670,31250,41269,11,7253
14121,1,-25433,-61422,-16631,65535,-28,-57580
14122,1,42793,-178,-65461,42794,19,65515
14123,1,-41650,-38305,48953,56586,19,-1078
14124,1,2628,9749,-23851,10097,-3,3429
14125,1,-35577,23439,40552,42604,-11,-37131
14126,1,-22614,-50867,-35326,55668,10,54247
14127,1,-20793,-15925,7050,26191,1,-44852
14128,1,-16825,15510,22247,22883,10,-58835
14129,1,-34461,35978,56018,49819,6,-26354
14130,1,-50620,60566,-33698,65535,-16,13597
14131,1,-51420,63089,61575,65535,1,-22464
14132,1,42421,-34,54728,42421,-5,54714
14133,1,-29404,-27158,-47818,40027,-19,33284
14134,1,56501,-29628,-61089,63798,-8,59911
14135,1,-57913,62897,-22292,65535,-6,26001
14136,1,-7965,55603,-56124,56171,9,-20391
14137,1,-50896,-44129,61140,65535,23,10498
14138,1,30935,-26446,-52809,40698,-8,63512
14139,1,38303,-2201,-11067,38366,-4,-12262
14140,1,35362,1264,46881,35385,-3,47628
14141,1,16966,57094,5747,59562,-24,32498
14142,1,34096,-35328,35343,49098,0,18589
14143,1,15631,2652,-35936,15854,-7,-32421
14144,1,8270,-12902,44840,15325,6,23954
14145,1,8719,-5800,-8929,10472,2,-21178
14146,1,20601,-37405,1985,42703,4,-20283
14147,1,-46302,30045,-64960,55196,-8,-11428
14148,1,42479,20241,-24400,47055,-4,-15122
14149,1,62920,-19307,20437,65535,31,14216
14150,1,64860,-54710,-22607,65535,-36,-37216
14151,1,50855,27817,-47409,57966,7,-36970
14152,1,35135,44732,40730,56881,25,59600
14153,1,23362,-4830,-57993,23856,-9,-62238
14154,1,-26844,-14513,40829,30516,3,-14370
14155,1,-4853,-31180,-56065,31555,13,39010
14156,1,32700,5597,47632,33175,2,51167
14157,1,-48323,28131,-11125,55915,-24,43422
14158,1,-6349,35045,54026,35615,0,-40539
14159,1,12017,40281,57555,42036,20,-46807
14160,1,2649,14384,-29262,14626,1,-294
14161,1,-62201,-34578,14097,65535,10,-40858
14162,1,53765,9134,-47901,54535,-11,-44386
14163,1,-4483,-9426,-63017,10438,-2,26030
14164,1,31100,62649,23335,65535,-28,46499
14165,1,9397,394,-192,9405,2,678
14166,1,-13013,58779,15517,60202,-16,52836
14167,1,6629,-39681,-16301,40231,-1,-45615
14168,1,-8523,2926,12502,9011,0,-59932
14169,1,43834,46586,-27920,63966,-1,-10901
14170,1,-56982,-45260,11613,65535,8,-39923
14171,1,33144,-20302,-65472,38868,-15,54143
14172,1,13660,46824,15163,48776,-14,42016
14173,1,-29117,9640,33875,30672,-1,-38330
14174,1,-15051,-52052,-36332,54184,7,56098
14175,1,12560,17896,-34983,21864,-8,-14973
14176,1,19018,-23659,64919,30355,3,46274
14177,1,60749,-16096,27821,62846,9,22415
14178,1,-28442,-53731,-6038,60795,-7,-48960
14179,1,30549,-33798,26802,45558,22,9356
14180,1,-57035,-63541,-62421,65535,4,20623
14181,1,-33031,61565,-44445,65535,-11,-1401
14182,1,20079,-4118,31588,20497,5,27363
14183,1,-23732,-15405,-41390,28294,9,36150
14184,1,-43428,30386,58854,53003,5,-19420
14185,1,-64845,-23264,-2384,65535,10,-60737
14186,1,-55291,3203,29082,55384,23,-37670
14187,1,-57847,34875,41417,65535,-11,-35433
14188,1,32619,24217,-29661,40626,-11,-16333
14189,1,22191,-33149,-13490,39891,-8,-33948
14190,1,49753,-32043,-24221,59179,21,-36164
14191,1,51689,-23160,56939,56641,12,48147
14192,1,-40376,23189,-42190,46561,-20,12480
14193,1,-10596,-16416,-30998,19539,6,55342
14194,1,15270,-63440,63517,65252,32,35666
14195,1,15419,-45629,50782,48164,5,24810
14196,1,19019,-61880,35670,64737,-1,9123
14197,1,-62137,-46453,-2760,65535,9,-54907
14198,1,33580,-48951,30577,59362,25,10343
14199,1,-37854,18289,-60337,42041,-19,-4181
14200,1,-4635,-25015,41714,25441,-2,5126
14201,1,48360,-56952,-9285,65535,-15,-27363
14202,1,36788,-64822,33900,65535,14,11896
14203,1,46687,15705,-53238,49258,-14,-46463
14204,1,-63190,-64531,31313,65535,-37,-17611
14205,1,29462,48943,58017,57127,-26,-51581
14206,1,45337,-27268,9679,52906,-4,-1615
14207,1,35503,-46873,-54181,58801,-26,57655
14208,1,-25129,61292,-22433,65535,-9,18454
14209,1,29139,44746,-53928,53397,10,-33205
14210,1,8517,-42964,-61213,43800,-5,41176
14211,1,-20523,34019,-43740,39730,18,342
14212,1,59558,-18649,26077,62410,-23,19754
14213,1,-41343,9415,1527,42402,4,62390
14214,1,-56699,-46943,-26214,65535,3,53747
14215,1,53952,-15202,24433,56053,7,18701
14216,1,224,63926,-56818,63927,7,-24125
14217,1,-54981,-25086,-51386,60434,-14,23084
14218,1,-46560,-30661,-24317,55749,3,53366
14219,1,-2842,-27210,36310,27358,0,1371
14220,1,42967,-50525,63333,65535,-29,45275
14221,1,-41181,-50238,37100,64960,7,-9994
14222,1,29142,-13906,64456,32290,-15,55178
14223,1,-44144,-44675,-51411,62806,-3,30635
14224,1,1149,11585,-5956,11642,4,24743
14225,1,-2869,-16343,-37744,16593,-7,56944
14226,1,37214,47346,-55363,60221,6,-36493
14227,1,-30450,19530,-57888,36175,10,-4254
14228,1,32326,-17053,48917,36548,12,38784
14229,1,-50481,-37884,26988,63115,0,-25118
14230,1,18367,-17219,31595,25177,-3,15886
14231,1,16885,10792,64717,20039,2,-54493
14232,1,4884,51743,25657,51973,9,56458
14233,1,40242,-33844,-150,52582,3,-14738
14234,1,-15273,11586,-35472,19170,-6,16532
14235,1,33876,12182,-37265,36000,-3,-30062
14236,1,49158,31549,-16202,58411,0,-4300
14237,1,-6569,-29173,26565,29903,-12,-10815
14238,1,44043,-18960,-8368,47951,14,-16854
14239,1,-50461,-22707,-17741,55335,23,56607
14240,1,18904,27691,-52275,33528,-4,-32000
14241,1,-18257,-16112,-9105,24350,8,-59564
14242,1,35003,34772,28719,49339,-10,45038
14243,1,24998,16583,-48070,29998,-15,-35842
14244,1,58460,6911,-43676,58867,-3,-41220
14245,1,5911,17160,4008,18150,-2,29858
14246,1,5100,-63305,-27479,63510,-14,-58565
14247,1,3246,64723,-8061,64804,23,23654
14248,1,39519,-20677,-62560,44601,-9,58460
14249,1,52171,65398,-33668,65535,-23,-14941
14250,1,43220,-43698,-34685,61461,-28,-51174
14251,1,11832,63396,-43177,64491,-26,-14250
14252,1,28523,-53629,50937,60742,7,28363
14253,1,-14136,56650,40234,58387,2,-52969
14254,1,-57706,-6671,-13466,58090,18,54465
14255,1,24447,22687,-16383,33352,-2,-776
14256,1,-38725,-17488,-50964,42491,-8,23425
14257,1,-35405,-615,60911,35411,3,-4265
14258,1,15696,-47799,-8016,50310,-23,-34156
14259,1,10326,3528,-19803,10912,-5,-12926
14260,1,5528,49872,-7556,50177,-24,22919
14261,1,-54084,-42915,-54524,65535,-26,25012
14262,1,9251,48239,1640,49118,-24,30466
14263,1,25683,15588,-45550,30044,6,-34174
14264,1,-49156,-3710,9000,49296,22,-54974
14265,1,-63364,-55664,-32698,65535,0,47874
14266,1,-9318,-30970,-40819,32342,3,51386
14267,1,-58185,48204,-418,65535,-27,50693
14268,1,-60567,-3294,22421,60657,-3,-41981
14269,1,-32487,-8835,6584,33667,-15,-53404
14270,1,-37509,-54443,-34457,65535,-32,51272
14271,1,-17010,-37679,-11518,41341,13,-53139
14272,1,-9017,-27999,13796,29415,9,-25478
14273,1,-28907,54798,-37715,61955,-21,5186
14274,1,37425,-15011,3205,40323,-1,-4751
14275,1,-23076,31394,-54748,38963,-7,-8754
14276,1,36250,-51960,-53979,63355,-31,57042
14277,1,-8835,44792,-6418,45655,-5,30415
14278,1,-53091,-63629,56871,65535,4,9596
14279,1,-55891,-26947,61402,62048,-23,5246
14280,1,55660,-22654,-14094,60094,-14,-22152
14281,1,-58099,-2608,2845,58158,14,-61760
14282,1,20884,15586,-13669,26059,7,-300
14283,1,20013,-40866,22104,45503,-4,-1162
14284,1,-64582,-56621,46950,65535,-1,-3570
14285,1,-1219,-43970,27796,43987,13,-5556
14286,1,-2868,-39586,32856,39690,-15,-1413
14287,1,37024,36461,51395,51963,16,-63459
14288,1,-58064,-3568,4173,58174,10,-60086
14289,1,53740,-49333,46934,65535,-28,31449
14290,1,-5720,37865,17044,38295,0,52940
14291,1,62473,-54994,32142,65535,-3,17085
14292,1,23007,17011,62051,28613,-8,-55734
14293,1,-22248,-39323,-56424,45181,7,31136
14294,1,250,15937,37288,15939,-6,-61335
14295,1,62253,-2832,-4706,62318,8,-5657
14296,1,-56008,-29829,-7838,63456,-19,-63159
14297,1,15442,53534,-42505,55717,-11,-15591
14298,1,10023,22390,51702,24531,-10,-55373
14299,1,-20328,20225,3628,28676,12,52824
14300,1,27881,18409,-33271,33410,10,-21104
14301,1,47893,24621,-58743,53851,-9,-48834
14302,1,-39218,-64399,37556,65535,20,-6628
14303,1,20646,63145,49573,65535,-15,-55318
14304,1,41159,-8649,-4427,42058,12,-8754
14305,1,25387,2206,-40999,25483,5,-39195
14306,1,52713,7099,41002,53189,-24,43804
14307,1,34430,-17850,61053,38782,-13,51083
14308,1,-25510,51394,-60243,57377,21,-17871
14309,1,-52322,-17023,47552,55022,-14,-11417
14310,1,52259,27396,55131,59005,1,65203
14311,1,-65327,-64370,-5802,65535,-34,-55100
14312,1,-59064,46399,-36039,65535,28,15599
14313,1,35995,6113,55451,36510,-9,58966
14314,1,-6784,-46640,31927,47131,-17,-3846
14315,1,-58465,46482,25833,65535,30,-53724
14316,1,11323,42286,26955,43776,20,54256
14317,1,28501,50084,-65265,57626,-21,-43282
14318,1,-24246,-622,-17855,24254,-10,48225
14319,1,-16960,49977,-59038,52777,22,-19454
14320,1,35894,-47507,39295,59542,19,20018
14321,1,-6662,29457,-33306,30201,11,4094
14322,1,64398,3556,37279,64496,-12,38434
14323,1,-45538,-16915,30890,48578,-19,-27219
14324,1,-64901,-29942,-55867,65535,4,18685
14325,1,10915,10656,13456,15254,-2,29592
14326,1,16377,-16030,-5724,22917,-5,-21880
14327,1,-63573,26655,37441,65535,1,-36377
14328,1,59486,-21909,52315,63392,14,44949
14329,1,57493,47114,-14665,65535,-19,-339
14330,1,-27387,-55572,-44994,61954,-28,43767
14331,1,-21564,3556,35982,21855,4,-32967
14332,1,52337,59856,12629,65535,29,30401
14333,1,25383,7956,33297,26601,-8,39640
14334,1,27142,58277,36534,64288,15,60205
14335,1,-32070,-13702,-62967,34875,-3,10994
14336,0,0,0,0,0,0,6
14337,0,1,0,0,1,0,6
14338,0,-1,0,0,-1,0,6
14339,0,32768,0,0,32768,-10,6
14340,0,-32768,0,0,-32768,10,6
14341,0,65535,0,0,65535,-19,6
14342,0,-65536,0,0,-65536,19,6
14343,0,0,1,0,0,1,6
14344,0,1,1,0,1,1,6
14345,0,-1,1,0,-1,1,6
14346,0,32768,1,0,32768,-8,6
14347,0,-32768,1,0,-32768,11,6
14348,0,65535,1,0,65535,-18,6
14349,0,-65536,1,0,-65536,20,6
14350,0,0,-1,0,0,-1,6
14351,0,1,-1,0,1,-1,6
14352,0,-1,-1,0,-1,-1,6
14353,0,32768,-1,0,32768,-11,6
14354,0,-32768,-1,0,-32768,9,6
14355,0,65535,-1,0,65535,-20,6
14356,0,-65536,-1,0,-65536,18,6
14357,0,0,32768,0,10,32768,6
14358,0,1,32768,0,11,32768,6
14359,0,-1,32768,0,8,32768,6
14360,0,32768,32768,0,32778,32759,6
14361,0,-32768,32768,0,-32759,32778,6
14362,0,65535,32768,0,65535,32749,6
14363,0,-65536,32768,0,-65527,32787,6
14364,0,0,-32768,0,-10,-32768,6
14365,0,1,-32768,0,-9,-32768,6
14366,0,-1,-32768,0,-11,-32768,6
14367,0,32768,-32768,0,32758,-32778,6
14368,0,-32768,-32768,0,-32778,-32758,6
14369,0,65535,-32768,0,65525,-32787,6
14370,0,-65536,-32768,0,-65536,-32749,6
14371,0,0,65535,0,19,65535,6
14372,0,1,65535,0,20,65535,6
14373,0,-1,65535,0,18,65535,6
14374,0,32768,65535,0,32787,65526,6
14375,0,-32768,65535,0,-32749,65535,6
14376,0,65535,65535,0,65535,65516,6
14377,0,-65536,65535,0,-65517,65535,6
14378,0,0,-65536,0,-19,-65536,6
14379,0,1,-65536,0,-18,-65536,6
14380,0,-1,-65536,0,-20,-65536,6
14381,0,32768,-65536,0,32749,-65536,6
14382,0,-32768,-65536,0,-32787,-65527,6
14383,0,65535,-65536,0,65516,-65536,6
14384,0,-65536,-65536,0,-65536,-65517,6
14385,0,0,0,1,0,0,7
14386,0,1,0,1,1,0,7
14387,0,-1,0,1,-1,0,7
14388,0,32768,0,1,32768,-10,7
14389,0,-32768,0,1,-32768,10,7
14390,0,65535,0,1,65535,-19,7
14391,0,-65536,0,1,-65536,19,7
14392,0,0,1,1,0,1,7
14393,0,1,1,1,1,1,7
14394,0,-1,1,1,-1,1,7
14395,0,32768,1,1,32768,-8,7
14396,0,-32768,1,1,-32768,11,7
14397,0,65535,1,1,65535,-18,7
14398,0,-65536,1,1,-65536,20,7
14399,0,0,-1,1,0,-1,7
14400,0,1,-1,1,1,-1,7
14401,0,-1,-1,1,-1,-1,7
14402,0,32768,-1,1,32768,-11,7
14403,0,-32768,-1,1,-32768,9,7
14404,0,65535,-1,1,65535,-20,7
14405,0,-65536,-1,1,-65536,18,7
14406,0,0,32768,1,10,32768,7
14407,0,1,32768,1,11,32768,7
14408,0,-1,32768,1,8,32768,7
14409,0,32768,32768,1,32778,32759,7
14410,0,-32768,32768,1,-32759,32778,7
14411,0,65535,32768,1,65535,32749,7
14412,0,-65536,32768,1,-65527,32787,7
14413,0,0,-32768,1,-10,-32768,7
14414,0,1,-32768,1,-9,-32768,7
14415,0,-1,-32768,1,-11,-32768,7
14416,0,32768,-32768,1,32758,-32778,7
14417,0,-32768,-32768,1,-32778,-32758,7
14418,0,65535,-32768,1,65525,-32787,7
14419,0,-65536,-32768,1,-65536,-32749,7
14420,0,0,65535,1,19,65535,7
14421,0,1,65535,1,20,65535,7
14422,0,-1,65535,1,18,65535,7
14423,0,32768,65535,1,32787,65526,7
14424,0,-32768,65535,1,-32749,65535,7
14425,0,65535,65535,1,65535,65516,7
14426,0,-65536,65535,1,-65517,65535,7
14427,0,0,-65536,1,-19,-65536,7
14428,0,1,-65536,1,-18,-65536,7
14429,0,-1,-65536,1,-20,-65536,7
14430,0,32768,-65536,1,32749,-65536,7
14431,0,-32768,-65536,1,-32787,-65527,7
14432,0,65535,-65536,1,65516,-65536,7
14433,0,-65536,-65536,1,-65536,-65517,7
14434,0,0,0,-1,0,0,-7
14435,0,1,0,-1,1,0,-7
14436,0,-1,0,-1,-1,0,-7
14437,0,32768,0,-1,32768,10,-7
14438,0,-32768,0,-1,-32768,-10,-7
14439,0,65535,0,-1,65535,19,-7
14440,0,-65536,0,-1,-65536,-19,-7
14441,0,0,1,-1,0,1,-7
14442,0,1,1,-1,1,1,-7
14443,0,-1,1,-1,-1,1,-7
14444,0,32768,1,-1,32768,11,-7
14445,0,-32768,1,-1,-32768,-9,-7
14446,0,65535,1,-1,65535,20,-7
14447,0,-65536,1,-1,-65536,-18,-7
14448,0,0,-1,-1,0,-1,-7
14449,0,1,-1,-1,1,-1,-7
14450,0,-1,-1,-1,-1,-1,-7
14451,0,32768,-1,-1,32768,8,-7
14452,0,-32768,-1,-1,-32768,-11,-7
14453,0,65535,-1,-1,65535,18,-7
14454,0,-65536,-1,-1,-65536,-20,-7
14455,0,0,32768,-1,-10,32768,-7
14456,0,1,32768,-1,-8,32768,-7
14457,0,-1,32768,-1,-11,32768,-7
14458,0,32768,32768,-1,32759,32778,-7
14459,0,-32768,32768,-1,-32778,32758,-7
14460,0,65535,32768,-1,65526,32787,-7
14461,0,-65536,32768,-1,-65536,32749,-7
14462,0,0,-32768,-1,10,-32768,-7
14463,0,1,-32768,-1,11,-32768,-7
14464,0,-1,-32768,-1,9,-32768,-7
14465,0,32768,-32768,-1,32778,-32759,-7
14466,0,-32768,-32768,-1,-32758,-32778,-7
14467,0,65535,-32768,-1,65535,-32749,-7
14468,0,-65536,-32768,-1,-65527,-32787,-7
14469,0,0,65535,-1,-19,65535,-7
14470,0,1,65535,-1,-18,65535,-7
14471,0,-1,65535,-1,-20,65535,-7
14472,0,32768,65535,-1,32749,65535,-7
14473,0,-32768,65535,-1,-32787,65525,-7
14474,0,65535,65535,-1,65516,65535,-7
14475,0,-65536,65535,-1,-65536,65516,-7
14476,0,0,-65536,-1,19,-65536,-7
14477,0,1,-65536,-1,20,-65536,-7
14478,0,-1,-65536,-1,18,-65536,-7
14479,0,32768,-65536,-1,32787,-65527,-7
14480,0,-32768,-65536,-1,-32749,-65536,-7
14481,0,65535,-65536,-1,65535,-65517,-7
14482,0,-65536,-65536,-1,-65517,-65536,-7
14483,0,0,0,32768,0,0,6
14484,0,1,0,32768,0,1,6
14485,0,-1,0,32768,0,-1,6
14486,0,32768,0,32768,10,32768,6
14487,0,-32768,0,32768,-10,-32768,6
14488,0,65535,0,32768,19,65535,6
14489,0,-65536,0,32768,-19,-65536,6
14490,0,0,1,32768,-1,0,6
14491,0,1,1,32768,-1,1,6
14492,0,-1,1,32768,-1,-1,6
14493,0,32768,1,32768,8,32768,6
14494,0,-32768,1,32768,-11,-32768,6
14495,0,65535,1,32768,18,65535,6
14496,0,-65536,1,32768,-20,-65536,6
14497,0,0,-1,32768,1,0,6
14498,0,1,-1,32768,1,1,6
14499,0,-1,-1,32768,1,-1,6
14500,0,32768,-1,32768,11,32768,6
14501,0,-32768,-1,32768,-9,-32768,6
14502,0,65535,-1,32768,20,65535,6
14503,0,-65536,-1,32768,-18,-65536,6
14504,0,0,32768,32768,-32768,10,6
14505,0,1,32768,32768,-32768,11,6
14506,0,-1,32768,32768,-32768,9,6
14507,0,32768,32768,32768,-32759,32778,6
14508,0,-32768,32768,32768,-32778,-32758,6
14509,0,65535,32768,32768,-32749,65535,6
14510,0,-65536,32768,32768,-32787,-65527,6
14511,0,0,-32768,32768,32768,-10,6
14512,0,1,-32768,32768,32768,-8,6
14513,0,-1,-32768,32768,32768,-11,6
14514,0,32768,-32768,32768,32778,32759,6
14515,0,-32768,-32768,32768,32758,-32778,6
14516,0,65535,-32768,32768,32787,65526,6
14517,0,-65536,-32768,32768,32749,-65536,6
14518,0,0,65535,32768,-65535,19,6
14519,0,1,65535,32768,-65535,20,6
14520,0,-1,65535,32768,-65535,18,6
14521,0,32768,65535,32768,-65526,32787,6
14522,0,-32768,65535,32768,-65536,-32749,6
14523,0,65535,65535,32768,-65516,65535,6
14524,0,-65536,65535,32768,-65536,-65517,6
14525,0,0,-65536,32768,65535,-19,6
14526,0,1,-65536,32768,65535,-18,6
14527,0,-1,-65536,32768,65535,-20,6
14528,0,32768,-65536,32768,65535,32749,6
14529,0,-32768,-65536,32768,65527,-32787,6
14530,0,65535,-65536,32768,65535,65516,6
14531,0,-65536,-65536,32768,65517,-65536,6
14532,0,0,0,32767,0,0,-7
14533,0,1,0,32767,0,1,-7
14534,0,-1,0,32767,0,-1,-7
14535,0,32768,0,32767,-10,32768,-7
14536,0,-32768,0,32767,10,-32768,-7
14537,0,65535,0,32767,-19,65535,-7
14538,0,-65536,0,32767,19,-65536,-7
14539,0,0,1,32767,-1,0,-7
14540,0,1,1,32767,-1,1,-7
14541,0,-1,1,32767,-1,-1,-7
14542,0,32768,1,32767,-11,32768,-7
14543,0,-32768,1,32767,9,-32768,-7
14544,0,65535,1,32767,-20,65535,-7
14545,0,-65536,1,32767,18,-65536,-7
14546,0,0,-1,32767,1,0,-7
14547,0,1,-1,32767,1,1,-7
14548,0,-1,-1,32767,1,-1,-7
14549,0,32768,-1,32767,-8,32768,-7
14550,0,-32768,-1,32767,11,-32768,-7
14551,0,65535,-1,32767,-18,65535,-7
14552,0,-65536,-1,32767,20,-65536,-7
14553,0,0,32768,32767,-32768,-10,-7
14554,0,1,32768,32767,-32768,-9,-7
14555,0,-1,32768,32767,-32768,-11,-7
14556,0,32768,32768,32767,-32778,32758,-7
14557,0,-32768,32768,32767,-32758,-32778,-7
14558,0,65535,32768,32767,-32787,65525,-7
14559,0,-65536,32768,32767,-32749,-65536,-7
14560,0,0,-32768,32767,32768,10,-7
14561,0,1,-32768,32767,32768,11,-7
14562,0,-1,-32768,32767,32768,8,-7
14563,0,32768,-32768,32767,32759,32778,-7
14564,0,-32768,-32768,32767,32778,-32759,-7
14565,0,65535,-32768,32767,32749,65535,-7
14566,0,-65536,-32768,32767,32787,-65527,-7
14567,0,0,65535,32767,-65535,-19,-7
14568,0,1,65535,32767,-65535,-18,-7
14569,0,-1,65535,32767,-65535,-20,-7
14570,0,32768,65535,32767,-65536,32749,-7
14571,0,-32768,65535,32767,-65525,-32787,-7
14572,0,65535,65535,32767,-65536,65516,-7
14573,0,-65536,65535,32767,-65516,-65536,-7
14574,0,0,-65536,32767,65535,19,-7
14575,0,1,-65536,32767,65535,20,-7
14576,0,-1,-65536,32767,65535,18,-7
14577,0,32768,-65536,32767,65527,32787,-7
14578,0,-32768,-65536,32767,65535,-32749,-7
14579,0,65535,-65536,32767,65517,65535,-7
14580,0,-65536,-65536,32767,65535,-65517,-7
14581,0,0,0,32769,0,0,7
14582,0,1,0,32769,0,1,7
14583,0,-1,0,32769,0,-1,7
14584,0,32768,0,32769,10,32768,7
14585,0,-32768,0,32769,-10,-32768,7
14586,0,65535,0,32769,19,65535,7
14587,0,-65536,0,32769,-19,-65536,7
14588,0,0,1,32769,-1,0,7
14589,0,1,1,32769,-1,1,7
14590,0,-1,1,32769,-1,-1,7
14591,0,32768,1,32769,8,32768,7
14592,0,-32768,1,32769,-11,-32768,7
14593,0,65535,1,32769,18,65535,7
14594,0,-65536,1,32769,-20,-65536,7
14595,0,0,-1,32769,1,0,7
14596,0,1,-1,32769,1,1,7
14597,0,-1,-1,32769,1,-1,7
14598,0,32768,-1,32769,11,32768,7
14599,0,-32768,-1,32769,-9,-32768,7
14600,0,65535,-1,32769,20,65535,7
14601,0,-65536,-1,32769,-18,-65536,7
14602,0,0,32768,32769,-32768,10,7
14603,0,1,32768,32769,-32768,11,7
14604,0,-1,32768,32769,-32768,9,7
14605,0,32768,32768,32769,-32759,32778,7
14606,0,-32768,32768,32769,-32778,-32758,7
14607,0,65535,32768,32769,-32749,65535,7
14608,0,-65536,32768,32769,-32787,-65527,7
14609,0,0,-32768,32769,32768,-10,7
14610,0,1,-32768,32769,32768,-8,7
14611,0,-1,-32768,32769,32768,-11,7
14612,0,32768,-32768,32769,32778,32759,7
14613,0,-32768,-32768,32769,32758,-32778,7
14614,0,65535,-32768,32769,32787,65526,7
14615,0,-65536,-32768,32769,32749,-65536,7
14616,0,0,65535,32769,-65535,19,7
14617,0,1,65535,32769,-65535,20,7
14618,0,-1,65535,32769,-65535,18,7
14619,0,32768,65535,32769,-65526,32787,7
14620,0,-32768,65535,32769,-65536,-32749,7
14621,0,65535,65535,32769,-65516,65535,7
14622,0,-65536,65535,32769,-65536,-65517,7
14623,0,0,-65536,32769,65535,-19,7
14624,0,1,-65536,32769,65535,-18,7
14625,0,-1,-65536,32769,65535,-20,7
14626,0,32768,-65536,32769,65535,32749,7
14627,0,-32768,-65536,32769,65527,-32787,7
14628,0,65535,-65536,32769,65535,65516,7
14629,0,-65536,-65536,32769,65517,-65536,7
14630,0,0,0,-32768,0,0,6
14631,0,1,0,-32768,0,-1,6
14632,0,-1,0,-32768,0,1,6
14633,0,32768,0,-32768,-10,-32768,6
14634,0,-32768,0,-32768,10,32768,6
14635,0,65535,0,-32768,-19,-65535,6
14636,0,-65536,0,-32768,19,65535,6
14637,0,0,1,-32768,1,0,6
14638,0,1,1,-32768,1,-1,6
14639,0,-1,1,-32768,1,1,6
14640,0,32768,1,-32768,-9,-32768,6
14641,0,-32768,1,-32768,11,32768,6
14642,0,65535,1,-32768,-18,-65535,6
14643,0,-65536,1,-32768,20,65535,6
14644,0,0,-1,-32768,-1,0,6
14645,0,1,-1,-32768,-1,-1,6
14646,0,-1,-1,-32768,-1,1,6
14647,0,32768,-1,-32768,-11,-32768,6
14648,0,-32768,-1,-32768,8,32768,6
14649,0,65535,-1,-32768,-20,-65535,6
14650,0,-65536,-1,-32768,18,65535,6
14651,0,0,32768,-32768,32768,-10,6
14652,0,1,32768,-32768,32768,-11,6
14653,0,-1,32768,-32768,32768,-8,6
14654,0,32768,32768,-32768,32758,-32778,6
14655,0,-32768,32768,-32768,32778,32759,6
14656,0,65535,32768,-32768,32749,-65536,6
14657,0,-65536,32768,-32768,32787,65527,6
14658,0,0,-32768,-32768,-32768,10,6
14659,0,1,-32768,-32768,-32768,9,6
14660,0,-1,-32768,-32768,-32768,11,6
14661,0,32768,-32768,-32768,-32778,-32758,6
14662,0,-32768,-32768,-32768,-32759,32778,6
14663,0,65535,-32768,-32768,-32787,-65525,6
14664,0,-65536,-32768,-32768,-32749,65535,6
14665,0,0,65535,-32768,65535,-19,6
14666,0,1,65535,-32768,65535,-20,6
14667,0,-1,65535,-32768,65535,-18,6
14668,0,32768,65535,-32768,65525,-32787,6
14669,0,-32768,65535,-32768,65535,32749,6
14670,0,65535,65535,-32768,65516,-65536,6
14671,0,-65536,65535,-32768,65535,65517,6
14672,0,0,-65536,-32768,-65536,19,6
14673,0,1,-65536,-32768,-65536,18,6
14674,0,-1,-65536,-32768,-65536,20,6
14675,0,32768,-65536,-32768,-65536,-32749,6
14676,0,-32768,-65536,-32768,-65527,32787,6
14677,0,65535,-65536,-32768,-65536,-65516,6
14678,0,-65536,-65536,-32768,-65517,65535,6
14679,0,0,0,-32769,0,0,-7
14680,0,1,0,-32769,0,-1,-7
14681,0,-1,0,-32769,0,1,-7
14682,0,32768,0,-32769,10,-32768,-7
14683,0,-32768,0,-32769,-10,32768,-7
14684,0,65535,0,-32769,19,-65535,-7
14685,0,-65536,0,-32769,-19,65535,-7
14686,0,0,1,-32769,1,0,-7
14687,0,1,1,-32769,1,-1,-7
14688,0,-1,1,-32769,1,1,-7
14689,0,32768,1,-32769,11,-32768,-7
14690,0,-32768,1,-32769,-8,32768,-7
14691,0,65535,1,-32769,20,-65535,-7
14692,0,-65536,1,-32769,-18,65535,-7
14693,0,0,-1,-32769,-1,0,-7
14694,0,1,-1,-32769,-1,-1,-7
14695,0,-1,-1,-32769,-1,1,-7
14696,0,32768,-1,-32769,9,-32768,-7
14697,0,-32768,-1,-32769,-11,32768,-7
14698,0,65535,-1,-32769,18,-65535,-7
14699,0,-65536,-1,-32769,-20,65535,-7
14700,0,0,32768,-32769,32768,10,-7
14701,0,1,32768,-32769,32768,8,-7
14702,0,-1,32768,-32769,32768,11,-7
14703,0,32768,32768,-32769,32778,-32759,-7
14704,0,-32768,32768,-32769,32759,32778,-7
14705,0,65535,32768,-32769,32787,-65526,-7
14706,0,-65536,32768,-32769,32749,65535,-7
14707,0,0,-32768,-32769,-32768,-10,-7
14708,0,1,-32768,-32769,-32768,-11,-7
14709,0,-1,-32768,-32769,-32768,-9,-7
14710,0,32768,-32768,-32769,-32758,-32778,-7
14711,0,-32768,-32768,-32769,-32778,32758,-7
14712,0,65535,-32768,-32769,-32749,-65536,-7
14713,0,-65536,-32768,-32769,-32787,65527,-7
14714,0,0,65535,-32769,65535,19,-7
14715,0,1,65535,-32769,65535,18,-7
14716,0,-1,65535,-32769,65535,20,-7
14717,0,32768,65535,-32769,65535,-32749,-7
14718,0,-32768,65535,-32769,65526,32787,-7
14719,0,65535,65535,-32769,65535,-65516,-7
14720,0,-65536,65535,-32769,65516,65535,-7
14721,0,0,-65536,-32769,-65536,-19,-7
14722,0,1,-65536,-32769,-65536,-20,-7
14723,0,-1,-65536,-32769,-65536,-18,-7
14724,0,32768,-65536,-32769,-65527,-32787,-7
14725,0,-32768,-65536,-32769,-65536,32749,-7
14726,0,65535,-65536,-32769,-65517,-65536,-7
14727,0,-65536,-65536,-32769,-65536,65517,-7
14728,0,0,0,-32767,0,0,7
14729,0,1,0,-32767,0,-1,7
14730,0,-1,0,-32767,0,1,7
14731,0,32768,0,-32767,-10,-32768,7
14732,0,-32768,0,-32767,10,32768,7
14733,0,65535,0,-32767,-19,-65535,7
14734,0,-65536,0,-32767,19,65535,7
14735,0,0,1,-32767,1,0,7
14736,0,1,1,-32767,1,-1,7
14737,0,-1,1,-32767,1,1,7
14738,0,32768,1,-32767,-9,-32768,7
14739,0,-32768,1,-32767,11,32768,7
14740,0,65535,1,-32767,-18,-65535,7
14741,0,-65536,1,-32767,20,65535,7
14742,0,0,-1,-32767,-1,0,7
14743,0,1,-1,-32767,-1,-1,7
14744,0,-1,-1,-32767,-1,1,7
14745,0,32768,-1,-32767,-11,-32768,7
14746,0,-32768,-1,-32767,8,32768,7
14747,0,65535,-1,-32767,-20,-65535,7
14748,0,-65536,-1,-32767,18,65535,7
14749,0,0,32768,-32767,32768,-10,7
14750,0,1,32768,-32767,32768,-11,7
14751,0,-1,32768,-32767,32768,-8,7
14752,0,32768,32768,-32767,32758,-32778,7
14753,0,-32768,32768,-32767,32778,32759,7
14754,0,65535,32768,-32767,32749,-65536,7
14755,0,-65536,32768,-32767,32787,65527,7
14756,0,0,-32768,-32767,-32768,10,7
14757,0,1,-32768,-32767,-32768,9,7
14758,0,-1,-32768,-32767,-32768,11,7
14759,0,32768,-32768,-32767,-32778,-32758,7
14760,0,-32768,-32768,-32767,-32759,32778,7
14761,0,65535,-32768,-32767,-32787,-65525,7
14762,0,-65536,-32768,-32767,-32749,65535,7
14763,0,0,65535,-32767,65535,-19,7
14764,0,1,65535,-32767,65535,-20,7
14765,0,-1,65535,-32767,65535,-18,7
14766,0,32768,65535,-32767,65525,-32787,7
14767,0,-32768,65535,-32767,65535,32749,7
14768,0,65535,65535,-32767,65516,-65536,7
14769,0,-65536,65535,-32767,65535,65517,7
14770,0,0,-65536,-32767,-65536,19,7
14771,0,1,-65536,-32767,-65536,18,7
14772,0,-1,-65536,-32767,-65536,20,7
14773,0,32768,-65536,-32767,-65536,-32749,7
14774,0,-32768,-65536,-32767,-65527,32787,7
14775,0,65535,-65536,-32767,-65536,-65516,7
14776,0,-65536,-65536,-32767,-65517,65535,7
14777,0,0,0,65535,0,0,-7
14778,0,1,0,65535,-1,0,-7
14779,0,-1,0,65535,1,0,-7
14780,0,32768,0,65535,-32768,-10,-7
14781,0,-32768,0,65535,32768,10,-7
14782,0,65535,0,65535,-65535,-19,-7
14783,0,-65536,0,65535,65535,19,-7
14784,0,0,1,65535,0,-1,-7
14785,0,1,1,65535,-1,-1,-7
14786,0,-1,1,65535,1,-1,-7
14787,0,32768,1,65535,-32768,-11,-7
14788,0,-32768,1,65535,32768,8,-7
14789,0,65535,1,65535,-65535,-20,-7
14790,0,-65536,1,65535,65535,18,-7
14791,0,0,-1,65535,0,1,-7
14792,0,1,-1,65535,-1,1,-7
14793,0,-1,-1,65535,1,1,-7
14794,0,32768,-1,65535,-32768,-9,-7
14795,0,-32768,-1,65535,32768,11,-7
14796,0,65535,-1,65535,-65535,-18,-7
14797,0,-65536,-1,65535,65535,20,-7
14798,0,0,32768,65535,10,-32768,-7
14799,0,1,32768,65535,9,-32768,-7
14800,0,-1,32768,65535,11,-32768,-7
14801,0,32768,32768,65535,-32758,-32778,-7
14802,0,-32768,32768,65535,32778,-32759,-7
14803,0,65535,32768,65535,-65525,-32787,-7
14804,0,-65536,32768,65535,65535,-32749,-7
14805,0,0,-32768,65535,-10,32768,-7
14806,0,1,-32768,65535,-11,32768,-7
14807,0,-1,-32768,65535,-8,32768,-7
14808,0,32768,-32768,65535,-32778,32758,-7
14809,0,-32768,-32768,65535,32759,32778,-7
14810,0,65535,-32768,65535,-65536,32749,-7
14811,0,-65536,-32768,65535,65527,32787,-7
14812,0,0,65535,65535,19,-65535,-7
14813,0,1,65535,65535,18,-65535,-7
14814,0,-1,65535,65535,20,-65535,-7
14815,0,32768,65535,65535,-32749,-65536,-7
14816,0,-32768,65535,65535,32787,-65526,-7
14817,0,65535,65535,65535,-65516,-65536,-7
14818,0,-65536,65535,65535,65535,-65516,-7
14819,0,0,-65536,65535,-19,65535,-7
14820,0,1,-65536,65535,-20,65535,-7
14821,0,-1,-65536,65535,-18,65535,-7
14822,0,32768,-65536,65535,-32787,65527,-7
14823,0,-32768,-65536,65535,32749,65535,-7
14824,0,65535,-65536,65535,-65536,65517,-7
14825,0,-65536,-65536,65535,65517,65535,-7
14826,0,0,0,-65536,0,0,6
14827,0,1,0,-65536,-1,0,6
14828,0,-1,0,-65536,1,0,6
14829,0,32768,0,-65536,-32768,10,6
14830,0,-32768,0,-65536,32768,-10,6
14831,0,65535,0,-65536,-65535,19,6
14832,0,-65536,0,-65536,65535,-19,6
14833,0,0,1,-65536,0,-1,6
14834,0,1,1,-65536,-1,-1,6
14835,0,-1,1,-65536,1,-1,6
14836,0,32768,1,-65536,-32768,9,6
14837,0,-32768,1,-65536,32768,-11,6
14838,0,65535,1,-65536,-65535,18,6
14839,0,-65536,1,-65536,65535,-20,6
14840,0,0,-1,-65536,0,1,6
14841,0,1,-1,-65536,-1,1,6
14842,0,-1,-1,-65536,1,1,6
14843,0,32768,-1,-65536,-32768,11,6
14844,0,-32768,-1,-65536,32768,-8,6
14845,0,65535,-1,-65536,-65535,20,6
14846,0,-65536,-1,-65536,65535,-18,6
14847,0,0,32768,-65536,-10,-32768,6
14848,0,1,32768,-65536,-11,-32768,6
14849,0,-1,32768,-65536,-9,-32768,6
14850,0,32768,32768,-65536,-32778,-32758,6
14851,0,-32768,32768,-65536,32758,-32778,6
14852,0,65535,32768,-65536,-65536,-32749,6
14853,0,-65536,32768,-65536,65527,-32787,6
14854,0,0,-32768,-65536,10,32768,6
14855,0,1,-32768,-65536,8,32768,6
14856,0,-1,-32768,-65536,11,32768,6
14857,0,32768,-32768,-65536,-32759,32778,6
14858,0,-32768,-32768,-65536,32778,32759,6
14859,0,65535,-32768,-65536,-65526,32787,6
14860,0,-65536,-32768,-65536,65535,32749,6
14861,0,0,65535,-65536,-19,-65535,6
14862,0,1,65535,-65536,-20,-65535,6
14863,0,-1,65535,-65536,-18,-65535,6
14864,0,32768,65535,-65536,-32787,-65525,6
14865,0,-32768,65535,-65536,32749,-65536,6
14866,0,65535,65535,-65536,-65536,-65516,6
14867,0,-65536,65535,-65536,65517,-65536,6
14868,0,0,-65536,-65536,19,65535,6
14869,0,1,-65536,-65536,18,65535,6
14870,0,-1,-65536,-65536,20,65535,6
14871,0,32768,-65536,-65536,-32749,65535,6
14872,0,-32768,-65536,-65536,32787,65527,6
14873,0,65535,-65536,-65536,-65516,65535,6
14874,0,-65536,-65536,-65536,65535,65517,6
14875,0,0,0,36366,0,0,2
14876,0,1,0,36366,0,1,2
14877,0,-1,0,36366,0,-1,2
14878,0,32768,0,36366,-5621,32283,2
14879,0,-32768,0,36366,5621,-32282,2
14880,0,65535,0,36366,-11242,64564,2
14881,0,-65536,0,36366,11242,-64565,2
14882,0,0,1,36366,-1,0,2
14883,0,1,1,36366,-1,1,2
14884,0,-1,1,36366,-1,-1,2
14885,0,32768,1,36366,-5622,32282,2
14886,0,-32768,1,36366,5620,-32283,2
14887,0,65535,1,36366,-11243,64564,2
14888,0,-65536,1,36366,11241,-64565,2
14889,0,0,-1,36366,1,0,2
14890,0,1,-1,36366,1,1,2
14891,0,-1,-1,36366,1,-1,2
14892,0,32768,-1,36366,-5620,32283,2
14893,0,-32768,-1,36366,5622,-32282,2
14894,0,65535,-1,36366,-11241,64564,2
14895,0,-65536,-1,36366,11243,-64564,2
14896,0,0,32768,36366,-32282,-5621,2
14897,0,1,32768,36366,-32283,-5620,2
14898,0,-1,32768,36366,-32282,-5622,2
14899,0,32768,32768,36366,-37903,26662,2
14900,0,-32768,32768,36366,-26662,-37903,2
14901,0,65535,32768,36366,-43524,58943,2
14902,0,-65536,32768,36366,-21041,-65536,2
14903,0,0,-32768,36366,32282,5621,2
14904,0,1,-32768,36366,32282,5622,2
14905,0,-1,-32768,36366,32283,5620,2
14906,0,32768,-32768,36366,26662,37903,2
14907,0,-32768,-32768,36366,37903,-26661,2
14908,0,65535,-32768,36366,21041,65535,2
14909,0,-65536,-32768,36366,43524,-58944,2
14910,0,0,65535,36366,-64564,-11241,2
14911,0,1,65535,36366,-64564,-11240,2
14912,0,-1,65535,36366,-64564,-11243,2
14913,0,32768,65535,36366,-65536,21041,2
14914,0,-32768,65535,36366,-58943,-43524,2
14915,0,65535,65535,36366,-65536,53322,2
14916,0,-65536,65535,36366,-53322,-65536,2
14917,0,0,-65536,36366,64565,11242,2
14918,0,1,-65536,36366,64565,11243,2
14919,0,-1,-65536,36366,64565,11241,2
14920,0,32768,-65536,36366,58944,43524,2
14921,0,-32768,-65536,36366,65535,-21041,2
14922,0,65535,-65536,36366,53323,65535,2
14923,0,-65536,-65536,36366,65535,-53323,2
14924,0,0,0,-36366,0,0,-2
14925,0,1,0,-36366,0,-1,-2
14926,0,-1,0,-36366,0,1,-2
14927,0,32768,0,-36366,-5621,-32282,-2
14928,0,-32768,0,-36366,5621,32282,-2
14929,0,65535,0,-36366,-11241,-64564,-2
14930,0,-65536,0,-36366,11242,64565,-2
14931,0,0,1,-36366,1,0,-2
14932,0,1,1,-36366,1,-1,-2
14933,0,-1,1,-36366,1,1,-2
14934,0,32768,1,-36366,-5620,-32283,-2
14935,0,-32768,1,-36366,5622,32282,-2
14936,0,65535,1,-36366,-11240,-64564,-2
14937,0,-65536,1,-36366,11243,64565,-2
14938,0,0,-1,-36366,-1,0,-2
14939,0,1,-1,-36366,-1,-1,-2
14940,0,-1,-1,-36366,-1,1,-2
14941,0,32768,-1,-36366,-5622,-32282,-2
14942,0,-32768,-1,-36366,5620,32283,-2
14943,0,65535,-1,-36366,-11243,-64564,-2
14944,0,-65536,-1,-36366,11241,64565,-2
14945,0,0,32768,-36366,32283,-5621,-2
14946,0,1,32768,-36366,32282,-5622,-2
14947,0,-1,32768,-36366,32283,-5620,-2
14948,0,32768,32768,-36366,26662,-37903,-2
14949,0,-32768,32768,-36366,37903,26662,-2
14950,0,65535,32768,-36366,21041,-65536,-2
14951,0,-65536,32768,-36366,43524,58944,-2
14952,0,0,-32768,-36366,-32282,5621,-2
14953,0,1,-32768,-36366,-32283,5620,-2
14954,0,-1,-32768,-36366,-32282,5622,-2
14955,0,32768,-32768,-36366,-37903,-26662,-2
14956,0,-32768,-32768,-36366,-26661,37903,-2
14957,0,65535,-32768,-36366,-43524,-58943,-2
14958,0,-65536,-32768,-36366,-21041,65535,-2
14959,0,0,65535,-36366,64564,-11242,-2
14960,0,1,65535,-36366,64564,-11243,-2
14961,0,-1,65535,-36366,64564,-11241,-2
14962,0,32768,65535,-36366,58943,-43524,-2
14963,0,-32768,65535,-36366,65535,21041,-2
14964,0,65535,65535,-36366,53322,-65536,-2
14965,0,-65536,65535,-36366,65535,53323,-2
14966,0,0,-65536,-36366,-64565,11242,-2
14967,0,1,-65536,-36366,-64565,11241,-2
14968,0,-1,-65536,-36366,-64564,11243,-2
14969,0,32768,-65536,-36366,-65536,-21041,-2
14970,0,-32768,-65536,-36366,-58944,43524,-2
14971,0,65535,-65536,-36366,-65536,-53322,-2
14972,0,-65536,-65536,-36366,-53323,65535,-2
14973,1,0,0,0,0,0,36356
14974,1,1,0,0,2,0,-984
14975,1,-1,0,0,1,0,-64535
14976,1,32768,0,0,32768,10,-6
14977,1,-32768,0,0,32768,-10,-65530
14978,1,65535,0,0,65535,19,-6
14979,1,-65536,0,0,65535,-19,-65530
14980,1,0,1,0,1,0,33769
14981,1,1,1,0,2,0,15756
14982,1,-1,1,0,2,0,48524
14983,1,32768,1,0,32768,11,-6
14984,1,-32768,1,0,32768,-11,-65530
14985,1,65535,1,0,65535,20,-6
14986,1,-65536,1,0,65535,-20,-65530
14987,1,0,-1,0,2,0,-33752
14988,1,1,-1,0,2,0,-17012
14989,1,-1,-1,0,2,0,-49780
14990,1,32768,-1,0,32768,-11,6
14991,1,-32768,-1,0,32768,11,65530
14992,1,65535,-1,0,65535,-20,6
14993,1,-65536,-1,0,65535,20,65530
14994,1,0,32768,0,32768,-10,32774
14995,1,1,32768,0,32768,-11,32774
14996,1,-1,32768,0,32768,11,32762
14997,1,32768,32768,0,46341,-8,16388
14998,1,-32768,32768,0,46341,-8,49156
14999,1,65535,32768,0,65535,26,9665
15000,1,-65536,32768,0,65535,-25,55871
15001,1,0,-32768,0,32768,10,-32774
15002,1,1,-32768,0,32768,11,-32774
15003,1,-1,-32768,0,32768,-11,-32762
15004,1,32768,-32768,0,46341,-8,-16380
15005,1,-32768,-32768,0,46341,-8,-49148
15006,1,65535,-32768,0,65535,-26,-9665
15007,1,-65536,-32768,0,65535,25,-55871
15008,1,0,65535,0,65535,-19,32774
15009,1,1,65535,0,65535,-20,32774
15010,1,-1,65535,0,65535,20,32762
15011,1,32768,65535,0,65535,-26,23103
15012,1,-32768,65535,0,65535,26,42433
15013,1,65535,65535,0,65535,-16,16388
15014,1,-65536,65535,0,65535,-15,49156
15015,1,0,-65536,0,65535,19,-32774
15016,1,1,-65536,0,65535,20,-32774
15017,1,-1,-65536,0,65535,-20,-32762
15018,1,32768,-65536,0,65535,25,-23103
15019,1,-32768,-65536,0,65535,-25,-42433
15020,1,65535,-65536,0,65535,15,-16388
15021,1,-65536,-65536,0,65535,-16,-49148
15022,1,0,0,1,0,0,36357
15023,1,1,0,1,2,0,-983
15024,1,-1,0,1,1,0,-64534
15025,1,32768,0,1,32768,10,-5
15026,1,-32768,0,1,32768,-10,-65529
15027,1,65535,0,1,65535,19,-5
15028,1,-65536,0,1,65535,-19,-65529
15029,1,0,1,1,1,0,33770
15030,1,1,1,1,2,0,15757
15031,1,-1,1,1,2,0,48525
15032,1,32768,1,1,32768,11,-5
15033,1,-32768,1,1,32768,-11,-65529
15034,1,65535,1,1,65535,20,-5
15035,1,-65536,1,1,65535,-20,-65529
15036,1,0,-1,1,2,0,-33751
15037,1,1,-1,1,2,0,-17011
15038,1,-1,-1,1,2,0,-49779
15039,1,32768,-1,1,32768,-11,7
15040,1,-32768,-1,1,32768,11,65531
15041,1,65535,-1,1,65535,-20,7
15042,1,-65536,-1,1,65535,20,65531
15043,1,0,32768,1,32768,-10,32775
15044,1,1,32768,1,32768,-11,32775
15045,1,-1,32768,1,32768,11,32763
15046,1,32768,32768,1,46341,-8,16389
15047,1,-32768,32768,1,46341,-8,49157
15048,1,65535,32768,1,65535,26,9666
15049,1,-65536,32768,1,65535,-25,55872
15050,1,0,-32768,1,32768,10,-32773
15051,1,1,-32768,1,32768,11,-32773
15052,1,-1,-32768,1,32768,-11,-32761
15053,1,32768,-32768,1,46341,-8,-16379
15054,1,-32768,-32768,1,46341,-8,-49147
15055,1,65535,-32768,1,65535,-26,-9664
15056,1,-65536,-32768,1,65535,25,-55870
15057,1,0,65535,1,65535,-19,32775
15058,1,1,65535,1,65535,-20,32775
15059,1,-1,65535,1,65535,20,32763
15060,1,32768,65535,1,65535,-26,23104
15061,1,-32768,65535,1,65535,26,42434
15062,1,65535,65535,1,65535,-16,16389
15063,1,-65536,65535,1,65535,-15,49157
15064,1,0,-65536,1,65535,19,-32773
15065,1,1,-65536,1,65535,20,-32773
15066,1,-1,-65536,1,65535,-20,-32761
15067,1,32768,-65536,1,65535,25,-23102
15068,1,-32768,-65536,1,65535,-25,-42432
15069,1,65535,-65536,1,65535,15,-16387
15070,1,-65536,-65536,1,65535,-16,-49147
15071,1,0,0,-1,0,0,36355
15072,1,1,0,-1,2,0,-985
15073,1,-1,0,-1,1,0,-64536
15074,1,32768,0,-1,32768,10,-7
15075,1,-32768,0,-1,32768,-10,-65531
15076,1,65535,0,-1,65535,19,-7
15077,1,-65536,0,-1,65535,-19,-65531
15078,1,0,1,-1,1,0,33768
15079,1,1,1,-1,2,0,15755
15080,1,-1,1,-1,2,0,48523
15081,1,32768,1,-1,32768,11,-7
15082,1,-32768,1,-1,32768,-11,-65531
15083,1,65535,1,-1,65535,20,-7
15084,1,-65536,1,-1,65535,-20,-65531
15085,1,0,-1,-1,2,0,-33753
15086,1,1,-1,-1,2,0,-17013
15087,1,-1,-1,-1,2,0,-49781
15088,1,32768,-1,-1,32768,-11,5
15089,1,-32768,-1,-1,32768,11,65529
15090,1,65535,-1,-1,65535,-20,5
15091,1,-65536,-1,-1,65535,20,65529
15092,1,0,32768,-1,32768,-10,32773
15093,1,1,32768,-1,32768,-11,32773
15094,1,-1,32768,-1,32768,11,32761
15095,1,32768,32768,-1,46341,-8,16387
15096,1,-32768,32768,-1,46341,-8,49155
15097,1,65535,32768,-1,65535,26,9664
15098,1,-65536,32768,-1,65535,-25,55870
15099,1,0,-32768,-1,32768,10,-32775
15100,1,1,-32768,-1,32768,11,-32775
15101,1,-1,-32768,-1,32768,-11,-32763
15102,1,32768,-32768,-1,46341,-8,-16381
15103,1,-32768,-32768,-1,46341,-8,-49149
15104,1,65535,-32768,-1,65535,-26,-9666
15105,1,-65536,-32768,-1,65535,25,-55872
15106,1,0,65535,-1,65535,-19,32773
15107,1,1,65535,-1,65535,-20,32773
15108,1,-1,65535,-1,65535,20,32761
15109,1,32768,65535,-1,65535,-26,23102
15110,1,-32768,65535,-1,65535,26,42432
15111,1,65535,65535,-1,65535,-16,16387
15112,1,-65536,65535,-1,65535,-15,49155
15113,1,0,-65536,-1,65535,19,-32775
15114,1,1,-65536,-1,65535,20,-32775
15115,1,-1,-65536,-1,65535,-20,-32763
15116,1,32768,-65536,-1,65535,25,-23104
15117,1,-32768,-65536,-1,65535,-25,-42434
15118,1,65535,-65536,-1,65535,15,-16389
15119,1,-65536,-65536,-1,65535,-16,-49149
15120,1,0,0,32768,0,0,-61948
15121,1,1,0,32768,2,0,31784
15122,1,-1,0,32768,1,0,-31767
15123,1,32768,0,32768,32768,10,32762
15124,1,-32768,0,32768,32768,-10,-32762
15125,1,65535,0,32768,65535,19,32762
15126,1,-65536,0,32768,65535,-19,-32762
15127,1,0,1,32768,1,0,-64535
15128,1,1,1,32768,2,0,48524
15129,1,-1,1,32768,2,0,-49780
15130,1,32768,1,32768,32768,11,32762
15131,1,-32768,1,32768,32768,-11,-32762
15132,1,65535,1,32768,65535,20,32762
15133,1,-65536,1,32768,65535,-20,-32762
15134,1,0,-1,32768,2,0,-984
15135,1,1,-1,32768,2,0,15756
15136,1,-1,-1,32768,2,0,-17012
15137,1,32768,-1,32768,32768,-11,32774
15138,1,-32768,-1,32768,32768,11,-32774
15139,1,65535,-1,32768,65535,-20,32774
15140,1,-65536,-1,32768,65535,20,-32774
15141,1,0,32768,32768,32768,-10,-65530
15142,1,1,32768,32768,32768,-11,-65530
15143,1,-1,32768,32768,32768,11,65530
15144,1,32768,32768,32768,46341,-8,49156
15145,1,-32768,32768,32768,46341,-8,-49148
15146,1,65535,32768,32768,65535,26,42433
15147,1,-65536,32768,32768,65535,-25,-42433
15148,1,0,-32768,32768,32768,10,-6
15149,1,1,-32768,32768,32768,11,-6
15150,1,-1,-32768,32768,32768,-11,6
15151,1,32768,-32768,32768,46341,-8,16388
15152,1,-32768,-32768,32768,46341,-8,-16380
15153,1,65535,-32768,32768,65535,-26,23103
15154,1,-65536,-32768,32768,65535,25,-23103
15155,1,0,65535,32768,65535,-19,-65530
15156,1,1,65535,32768,65535,-20,-65530
15157,1,-1,65535,32768,65535,20,65530
15158,1,32768,65535,32768,65535,-26,55871
15159,1,-32768,65535,32768,65535,26,-55871
15160,1,65535,65535,32768,65535,-16,49156
15161,1,-65536,65535,32768,65535,-15,-49148
15162,1,0,-65536,32768,65535,19,-6
15163,1,1,-65536,32768,65535,20,-6
15164,1,-1,-65536,32768,65535,-20,6
15165,1,32768,-65536,32768,65535,25,9665
15166,1,-32768,-65536,32768,65535,-25,-9665
15167,1,65535,-65536,32768,65535,15,16380
15168,1,-65536,-65536,32768,65535,-16,-16380
15169,1,0,0,32767,0,0,-61949
15170,1,1,0,32767,2,0,31783
15171,1,-1,0,32767,1,0,-31768
15172,1,32768,0,32767,32768,10,32761
15173,1,-32768,0,32767,32768,-10,-32763
15174,1,65535,0,32767,65535,19,32761
15175,1,-65536,0,32767,65535,-19,-32763
15176,1,0,1,32767,1,0,-64536
15177,1,1,1,32767,2,0,48523
15178,1,-1,1,32767,2,0,-49781
15179,1,32768,1,32767,32768,11,32761
15180,1,-32768,1,32767,32768,-11,-32763
15181,1,65535,1,32767,65535,20,32761
15182,1,-65536,1,32767,65535,-20,-32763
15183,1,0,-1,32767,2,0,-985
15184,1,1,-1,32767,2,0,15755
15185,1,-1,-1,32767,2,0,-17013
15186,1,32768,-1,32767,32768,-11,32773
15187,1,-32768,-1,32767,32768,11,-32775
15188,1,65535,-1,32767,65535,-20,32773
15189,1,-65536,-1,32767,65535,20,-32775
15190,1,0,32768,32767,32768,-10,-65531
15191,1,1,32768,32767,32768,-11,-65531
15192,1,-1,32768,32767,32768,11,65529
15193,1,32768,32768,32767,46341,-8,49155
15194,1,-32768,32768,32767,46341,-8,-49149
15195,1,65535,32768,32767,65535,26,42432
15196,1,-65536,32768,32767,65535,-25,-42434
15197,1,0,-32768,32767,32768,10,-7
15198,1,1,-32768,32767,32768,11,-7
15199,1,-1,-32768,32767,32768,-11,5
15200,1,32768,-32768,32767,46341,-8,16387
15201,1,-32768,-32768,32767,46341,-8,-16381
15202,1,65535,-32768,32767,65535,-26,23102
15203,1,-65536,-32768,32767,65535,25,-23104
15204,1,0,65535,32767,65535,-19,-65531
15205,1,1,65535,32767,65535,-20,-65531
15206,1,-1,65535,32767,65535,20,65529
15207,1,32768,65535,32767,65535,-26,55870
15208,1,-32768,65535,32767,65535,26,-55872
15209,1,65535,65535,32767,65535,-16,49155
15210,1,-65536,65535,32767,65535,-15,-49149
15211,1,0,-65536,32767,65535,19,-7
15212,1,1,-65536,32767,65535,20,-7
15213,1,-1,-65536,32767,65535,-20,5
15214,1,32768,-65536,32767,65535,25,9664
15215,1,-32768,-65536,32767,65535,-25,-9666
15216,1,65535,-65536,32767,65535,15,16379
15217,1,-65536,-65536,32767,65535,-16,-16381
15218,1,0,0,32769,0,0,-61947
15219,1,1,0,32769,2,0,31785
15220,1,-1,0,32769,1,0,-31766
15221,1,32768,0,32769,32768,10,32763
15222,1,-32768,0,32769,32768,-10,-32761
15223,1,65535,0,32769,65535,19,32763
15224,1,-65536,0,32769,65535,-19,-32761
15225,1,0,1,32769,1,0,-64534
15226,1,1,1,32769,2,0,48525
15227,1,-1,1,32769,2,0,-49779
15228,1,32768,1,32769,32768,11,32763
15229,1,-32768,1,32769,32768,-11,-32761
15230,1,65535,1,32769,65535,20,32763
15231,1,-65536,1,32769,65535,-20,-32761
15232,1,0,-1,32769,2,0,-983
15233,1,1,-1,32769,2,0,15757
15234,1,-1,-1,32769,2,0,-17011
15235,1,32768,-1,32769,32768,-11,32775
15236,1,-32768,-1,32769,32768,11,-32773
15237,1,65535,-1,32769,65535,-20,32775
15238,1,-65536,-1,32769,65535,20,-32773
15239,1,0,32768,32769,32768,-10,-65529
15240,1,1,32768,32769,32768,-11,-65529
15241,1,-1,32768,32769,32768,11,65531
15242,1,32768,32768,32769,46341,-8,49157
15243,1,-32768,32768,32769,46341,-8,-49147
15244,1,65535,32768,32769,65535,26,42434
15245,1,-65536,32768,32769,65535,-25,-42432
15246,1,0,-32768,32769,32768,10,-5
15247,1,1,-32768,32769,32768,11,-5
15248,1,-1,-32768,32769,32768,-11,7
15249,1,32768,-32768,32769,46341,-8,16389
15250,1,-32768,-32768,32769,46341,-8,-16379
15251,1,65535,-32768,32769,65535,-26,23104
15252,1,-65536,-32768,32769,65535,25,-23102
15253,1,0,65535,32769,65535,-19,-65529
15254,1,1,65535,32769,65535,-20,-65529
15255,1,-1,65535,32769,65535,20,65531
15256,1,32768,65535,32769,65535,-26,55872
15257,1,-32768,65535,32769,65535,26,-55870
15258,1,65535,65535,32769,65535,-16,49157
15259,1,-65536,65535,32769,65535,-15,-49147
15260,1,0,-65536,32769,65535,19,-5
15261,1,1,-65536,32769,65535,20,-5
15262,1,-1,-65536,32769,65535,-20,7
15263,1,32768,-65536,32769,65535,25,9666
15264,1,-32768,-65536,32769,65535,-25,-9664
15265,1,65535,-65536,32769,65535,15,16381
15266,1,-65536,-65536,32769,65535,-16,-16379
15267,1,0,0,-32768,0,0,3588
15268,1,1,0,-32768,2,0,-33752
15269,1,-1,0,-32768,1,0,33769
15270,1,32768,0,-32768,32768,10,-32774
15271,1,-32768,0,-32768,32768,-10,32774
15272,1,65535,0,-32768,65535,19,-32774
15273,1,-65536,0,-32768,65535,-19,32774
15274,1,0,1,-32768,1,0,1001
15275,1,1,1,-32768,2,0,-17012
15276,1,-1,1,-32768,2,0,15756
15277,1,32768,1,-32768,32768,11,-32774
15278,1,-32768,1,-32768,32768,-11,32774
15279,1,65535,1,-32768,65535,20,-32774
15280,1,-65536,1,-32768,65535,-20,32774
15281,1,0,-1,-32768,2,0,64552
15282,1,1,-1,-32768,2,0,-49780
15283,1,-1,-1,-32768,2,0,48524
15284,1,32768,-1,-32768,32768,-11,-32762
15285,1,-32768,-1,-32768,32768,11,32762
15286,1,65535,-1,-32768,65535,-20,-32762
15287,1,-65536,-1,-32768,65535,20,32762
15288,1,0,32768,-32768,32768,-10,6
15289,1,1,32768,-32768,32768,-11,6
15290,1,-1,32768,-32768,32768,11,-6
15291,1,32768,32768,-32768,46341,-8,-16380
15292,1,-32768,32768,-32768,46341,-8,16388
15293,1,65535,32768,-32768,65535,26,-23103
15294,1,-65536,32768,-32768,65535,-25,23103
15295,1,0,-32768,-32768,32768,10,65530
15296,1,1,-32768,-32768,32768,11,65530
15297,1,-1,-32768,-32768,32768,-11,-65530
15298,1,32768,-32768,-32768,46341,-8,-49148
15299,1,-32768,-32768,-32768,46341,-8,49156
15300,1,65535,-32768,-32768,65535,-26,-42433
15301,1,-65536,-32768,-32768,65535,25,42433
15302,1,0,65535,-32768,65535,-19,6
15303,1,1,65535,-32768,65535,-20,6
15304,1,-1,65535,-32768,65535,20,-6
15305,1,32768,65535,-32768,65535,-26,-9665
15306,1,-32768,65535,-32768,65535,26,9665
15307,1,65535,65535,-32768,65535,-16,-16380
15308,1,-65536,65535,-32768,65535,-15,16388
15309,1,0,-65536,-32768,65535,19,65530
15310,1,1,-65536,-32768,65535,20,65530
15311,1,-1,-65536,-32768,65535,-20,-65530
15312,1,32768,-65536,-32768,65535,25,-55871
15313,1,-32768,-65536,-32768,65535,-25,55871
15314,1,65535,-65536,-32768,65535,15,-49156
15315,1,-65536,-65536,-32768,65535,-16,49156
15316,1,0,0,-32769,0,0,3587
15317,1,1,0,-32769,2,0,-33753
15318,1,-1,0,-32769,1,0,33768
15319,1,32768,0,-32769,32768,10,-32775
15320,1,-32768,0,-32769,32768,-10,32773
15321,1,65535,0,-32769,65535,19,-32775
15322,1,-65536,0,-32769,65535,-19,32773
15323,1,0,1,-32769,1,0,1000
15324,1,1,1,-32769,2,0,-17013
15325,1,-1,1,-32769,2,0,15755
15326,1,32768,1,-32769,32768,11,-32775
15327,1,-32768,1,-32769,32768,-11,32773
15328,1,65535,1,-32769,65535,20,-32775
15329,1,-65536,1,-32769,65535,-20,32773
15330,1,0,-1,-32769,2,0,64551
15331,1,1,-1,-32769,2,0,-49781
15332,1,-1,-1,-32769,2,0,48523
15333,1,32768,-1,-32769,32768,-11,-32763
15334,1,-32768,-1,-32769,32768,11,32761
15335,1,65535,-1,-32769,65535,-20,-32763
15336,1,-65536,-1,-32769,65535,20,32761
15337,1,0,32768,-32769,32768,-10,5
15338,1,1,32768,-32769,32768,-11,5
15339,1,-1,32768,-32769,32768,11,-7
15340,1,32768,32768,-32769,46341,-8,-16381
15341,1,-32768,32768,-32769,46341,-8,16387
15342,1,65535,32768,-32769,65535,26,-23104
15343,1,-65536,32768,-32769,65535,-25,23102
15344,1,0,-32768,-32769,32768,10,65529
15345,1,1,-32768,-32769,32768,11,65529
15346,1,-1,-32768,-32769,32768,-11,-65531
15347,1,32768,-32768,-32769,46341,-8,-49149
15348,1,-32768,-32768,-32769,46341,-8,49155
15349,1,65535,-32768,-32769,65535,-26,-42434
15350,1,-65536,-32768,-32769,65535,25,42432
15351,1,0,65535,-32769,65535,-19,5
15352,1,1,65535,-32769,65535,-20,5
15353,1,-1,65535,-32769,65535,20,-7
15354,1,32768,65535,-32769,65535,-26,-9666
15355,1,-32768,65535,-32769,65535,26,9664
15356,1,65535,65535,-32769,65535,-16,-16381
15357,1,-65536,65535,-32769,65535,-15,16387
15358,1,0,-65536,-32769,65535,19,65529
15359,1,1,-65536,-32769,65535,20,65529
15360,1,-1,-65536,-32769,65535,-20,-65531
15361,1,32768,-65536,-32769,65535,25,-55872
15362,1,-32768,-65536,-32769,65535,-25,55870
15363,1,65535,-65536,-32769,65535,15,-49157
15364,1,-65536,-65536,-32769,65535,-16,49155
15365,1,0,0,-32767,0,0,3589
15366,1,1,0,-32767,2,0,-33751
15367,1,-1,0,-32767,1,0,33770
15368,1,32768,0,-32767,32768,10,-32773
15369,1,-32768,0,-32767,32768,-10,32775
15370,1,65535,0,-32767,65535,19,-32773
15371,1,-65536,0,-32767,65535,-19,32775
15372,1,0,1,-32767,1,0,1002
15373,1,1,1,-32767,2,0,-17011
15374,1,-1,1,-32767,2,0,15757
15375,1,32768,1,-32767,32768,11,-32773
15376,1,-32768,1,-32767,32768,-11,32775
15377,1,65535,1,-32767,65535,20,-32773
15378,1,-65536,1,-32767,65535,-20,32775
15379,1,0,-1,-32767,2,0,64553
15380,1,1,-1,-32767,2,0,-49779
15381,1,-1,-1,-32767,2,0,48525
15382,1,32768,-1,-32767,32768,-11,-32761
15383,1,-32768,-1,-32767,32768,11,32763
15384,1,65535,-1,-32767,65535,-20,-32761
15385,1,-65536,-1,-32767,65535,20,32763
15386,1,0,32768,-32767,32768,-10,7
15387,1,1,32768,-32767,32768,-11,7
15388,1,-1,32768,-32767,32768,11,-5
15389,1,32768,32768,-32767,46341,-8,-16379
15390,1,-32768,32768,-32767,46341,-8,16389
15391,1,65535,32768,-32767,65535,26,-23102
15392,1,-65536,32768,-32767,65535,-25,23104
15393,1,0,-32768,-32767,32768,10,65531
15394,1,1,-32768,-32767,32768,11,65531
15395,1,-1,-32768,-32767,32768,-11,-65529
15396,1,32768,-32768,-32767,46341,-8,-49147
15397,1,-32768,-32768,-32767,46341,-8,49157
15398,1,65535,-32768,-32767,65535,-26,-42432
15399,1,-65536,-32768,-32767,65535,25,42434
15400,1,0,65535,-32767,65535,-19,7
15401,1,1,65535,-32767,65535,-20,7
15402,1,-1,65535,-32767,65535,20,-5
15403,1,32768,65535,-32767,65535,-26,-9664
15404,1,-32768,65535,-32767,65535,26,9666
15405,1,65535,65535,-32767,65535,-16,-16379
15406,1,-65536,65535,-32767,65535,-15,16389
15407,1,0,-65536,-32767,65535,19,65531
15408,1,1,-65536,-32767,65535,20,65531
15409,1,-1,-65536,-32767,65535,-20,-65529
15410,1,32768,-65536,-32767,65535,25,-55870
15411,1,-32768,-65536,-32767,65535,-25,55872
15412,1,65535,-65536,-32767,65535,15,-49155
15413,1,-65536,-65536,-32767,65535,-16,49157
15414,1,0,0,65535,0,0,-29181
15415,1,1,0,65535,2,0,64551
15416,1,-1,0,65535,1,0,1000
15417,1,32768,0,65535,32768,10,65529
15418,1,-32768,0,65535,32768,-10,5
15419,1,65535,0,65535,65535,19,65529
15420,1,-65536,0,65535,65535,-19,5
15421,1,0,1,65535,1,0,-31768
15422,1,1,1,65535,2,0,-49781
15423,1,-1,1,65535,2,0,-17013
15424,1,32768,1,65535,32768,11,65529
15425,1,-32768,1,65535,32768,-11,5
15426,1,65535,1,65535,65535,20,65529
15427,1,-65536,1,65535,65535,-20,5
15428,1,0,-1,65535,2,0,31783
15429,1,1,-1,65535,2,0,48523
15430,1,-1,-1,65535,2,0,15755
15431,1,32768,-1,65535,32768,-11,-65531
15432,1,-32768,-1,65535,32768,11,-7
15433,1,65535,-1,65535,65535,-20,-65531
15434,1,-65536,-1,65535,65535,20,-7
15435,1,0,32768,65535,32768,-10,-32763
15436,1,1,32768,65535,32768,-11,-32763
15437,1,-1,32768,65535,32768,11,-32775
15438,1,32768,32768,65535,46341,-8,-49149
15439,1,-32768,32768,65535,46341,-8,-16381
15440,1,65535,32768,65535,65535,26,-55872
15441,1,-65536,32768,65535,65535,-25,-9666
15442,1,0,-32768,65535,32768,10,32761
15443,1,1,-32768,65535,32768,11,32761
15444,1,-1,-32768,65535,32768,-11,32773
15445,1,32768,-32768,65535,46341,-8,49155
15446,1,-32768,-32768,65535,46341,-8,16387
15447,1,65535,-32768,65535,65535,-26,55870
15448,1,-65536,-32768,65535,65535,25,9664
15449,1,0,65535,65535,65535,-19,-32763
15450,1,1,65535,65535,65535,-20,-32763
15451,1,-1,65535,65535,65535,20,-32775
15452,1,32768,65535,65535,65535,-26,-42434
15453,1,-32768,65535,65535,65535,26,-23104
15454,1,65535,65535,65535,65535,-16,-49149
15455,1,-65536,65535,65535,65535,-15,-16381
15456,1,0,-65536,65535,65535,19,32761
15457,1,1,-65536,65535,65535,20,32761
15458,1,-1,-65536,65535,65535,-20,32773
15459,1,32768,-65536,65535,65535,25,42432
15460,1,-32768,-65536,65535,65535,-25,23102
15461,1,65535,-65536,65535,65535,15,49147
15462,1,-65536,-65536,65535,65535,-16,16387
15463,1,0,0,-65536,0,0,-29180
15464,1,1,0,-65536,2,0,64552
15465,1,-1,0,-65536,1,0,1001
15466,1,32768,0,-65536,32768,10,65530
15467,1,-32768,0,-65536,32768,-10,6
15468,1,65535,0,-65536,65535,19,65530
15469,1,-65536,0,-65536,65535,-19,6
15470,1,0,1,-65536,1,0,-31767
15471,1,1,1,-65536,2,0,-49780
15472,1,-1,1,-65536,2,0,-17012
15473,1,32768,1,-65536,32768,11,65530
15474,1,-32768,1,-65536,32768,-11,6
15475,1,65535,1,-65536,65535,20,65530
15476,1,-65536,1,-65536,65535,-20,6
15477,1,0,-1,-65536,2,0,31784
15478,1,1,-1,-65536,2,0,48524
15479,1,-1,-1,-65536,2,0,15756
15480,1,32768,-1,-65536,32768,-11,-65530
15481,1,-32768,-1,-65536,32768,11,-6
15482,1,65535,-1,-65536,65535,-20,-65530
15483,1,-65536,-1,-65536,65535,20,-6
15484,1,0,32768,-65536,32768,-10,-32762
15485,1,1,32768,-65536,32768,-11,-32762
15486,1,-1,32768,-65536,32768,11,-32774
15487,1,32768,32768,-65536,46341,-8,-49148
15488,1,-32768,32768,-65536,46341,-8,-16380
15489,1,65535,32768,-65536,65535,26,-55871
15490,1,-65536,32768,-65536,65535,-25,-9665
15491,1,0,-32768,-65536,32768,10,32762
15492,1,1,-32768,-65536,32768,11,32762
15493,1,-1,-32768,-65536,32768,-11,32774
15494,1,32768,-32768,-65536,46341,-8,49156
15495,1,-32768,-32768,-65536,46341,-8,16388
15496,1,65535,-32768,-65536,65535,-26,55871
15497,1,-65536,-32768,-65536,65535,25,9665
15498,1,0,65535,-65536,65535,-19,-32762
15499,1,1,65535,-65536,65535,-20,-32762
15500,1,-1,65535,-65536,65535,20,-32774
15501,1,32768,65535,-65536,65535,-26,-42433
15502,1,-32768,65535,-65536,65535,26,-23103
15503,1,65535,65535,-65536,65535,-16,-49148
15504,1,-65536,65535,-65536,65535,-15,-16380
15505,1,0,-65536,-65536,65535,19,32762
15506,1,1,-65536,-65536,65535,20,32762
15507,1,-1,-65536,-65536,65535,-20,32774
15508,1,32768,-65536,-65536,65535,25,42433
15509,1,-32768,-65536,-65536,65535,-25,23103
15510,1,65535,-65536,-65536,65535,15,49148
15511,1,-65536,-65536,-65536,65535,-16,16388
15512,1,0,0,36366,0,0,-58350
15513,1,1,0,36366,2,0,35382
15514,1,-1,0,36366,1,0,-28169
15515,1,32768,0,36366,32768,10,36360
15516,1,-32768,0,36366,32768,-10,-29164
15517,1,65535,0,36366,65535,19,36360
15518,1,-65536,0,36366,65535,-19,-29164
15519,1,0,1,36366,1,0,-60937
15520,1,1,1,36366,2,0,52122
15521,1,-1,1,36366,2,0,-46182
15522,1,32768,1,36366,32768,11,36360
15523,1,-32768,1,36366,32768,-11,-29164
15524,1,65535,1,36366,65535,20,36360
15525,1,-65536,1,36366,65535,-20,-29164
15526,1,0,-1,36366,2,0,2614
15527,1,1,-1,36366,2,0,19354
15528,1,-1,-1,36366,2,0,-13414
15529,1,32768,-1,36366,32768,-11,36372
15530,1,-32768,-1,36366,32768,11,-29176
15531,1,65535,-1,36366,65535,-20,36372
15532,1,-65536,-1,36366,65535,20,-29176
15533,1,0,32768,36366,32768,-10,-61932
15534,1,1,32768,36366,32768,-11,-61932
15535,1,-1,32768,36366,32768,11,-61944
15536,1,32768,32768,36366,46341,-8,52754
15537,1,-32768,32768,36366,46341,-8,-45550
15538,1,65535,32768,36366,65535,26,46031
15539,1,-65536,32768,36366,65535,-25,-38835
15540,1,0,-32768,36366,32768,10,3592
15541,1,1,-32768,36366,32768,11,3592
15542,1,-1,-32768,36366,32768,-11,3604
15543,1,32768,-32768,36366,46341,-8,19986
15544,1,-32768,-32768,36366,46341,-8,-12782
15545,1,65535,-32768,36366,65535,-26,26701
15546,1,-65536,-32768,36366,65535,25,-19505
15547,1,0,65535,36366,65535,-19,-61932
15548,1,1,65535,36366,65535,-20,-61932
15549,1,-1,65535,36366,65535,20,-61944
15550,1,32768,65535,36366,65535,-26,59469
15551,1,-32768,65535,36366,65535,26,-52273
15552,1,65535,65535,36366,65535,-16,52754
15553,1,-65536,65535,36366,65535,-15,-45550
15554,1,0,-65536,36366,65535,19,3592
15555,1,1,-65536,36366,65535,20,3592
15556,1,-1,-65536,36366,65535,-20,3604
15557,1,32768,-65536,36366,65535,25,13263
15558,1,-32768,-65536,36366,65535,-25,-6067
15559,1,65535,-65536,36366,65535,15,19978
15560,1,-65536,-65536,36366,65535,-16,-12782
15561,1,0,0,-36366,0,0,-10
15562,1,1,0,-36366,2,0,-37350
15563,1,-1,0,-36366,1,0,30171
15564,1,32768,0,-36366,32768,10,-36372
15565,1,-32768,0,-36366,32768,-10,29176
15566,1,65535,0,-36366,65535,19,-36372
15567,1,-65536,0,-36366,65535,-19,29176
15568,1,0,1,-36366,1,0,-2597
15569,1,1,1,-36366,2,0,-20610
15570,1,-1,1,-36366,2,0,12158
15571,1,32768,1,-36366,32768,11,-36372
15572,1,-32768,1,-36366,32768,-11,29176
15573,1,65535,1,-36366,65535,20,-36372
15574,1,-65536,1,-36366,65535,-20,29176
15575,1,0,-1,-36366,2,0,60954
15576,1,1,-1,-36366,2,0,-53378
15577,1,-1,-1,-36366,2,0,44926
15578,1,32768,-1,-36366,32768,-11,-36360
15579,1,-32768,-1,-36366,32768,11,29164
15580,1,65535,-1,-36366,65535,-20,-36360
15581,1,-65536,-1,-36366,65535,20,29164
15582,1,0,32768,-36366,32768,-10,-3592
15583,1,1,32768,-36366,32768,-11,-3592
15584,1,-1,32768,-36366,32768,11,-3604
15585,1,32768,32768,-36366,46341,-8,-19978
15586,1,-32768,32768,-36366,46341,-8,12790
15587,1,65535,32768,-36366,65535,26,-26701
15588,1,-65536,32768,-36366,65535,-25,19505
15589,1,0,-32768,-36366,32768,10,61932
15590,1,1,-32768,-36366,32768,11,61932
15591,1,-1,-32768,-36366,32768,-11,61944
15592,1,32768,-32768,-36366,46341,-8,-52746
15593,1,-32768,-32768,-36366,46341,-8,45558
15594,1,65535,-32768,-36366,65535,-26,-46031
15595,1,-65536,-32768,-36366,65535,25,38835
15596,1,0,65535,-36366,65535,-19,-3592
15597,1,1,65535,-36366,65535,-20,-3592
15598,1,-1,65535,-36366,65535,20,-3604
15599,1,32768,65535,-36366,65535,-26,-13263
15600,1,-32768,65535,-36366,65535,26,6067
15601,1,65535,65535,-36366,65535,-16,-19978
15602,1,-65536,65535,-36366,65535,-15,12790
15603,1,0,-65536,-36366,65535,19,61932
15604,1,1,-65536,-36366,65535,20,61932
15605,1,-1,-65536,-36366,65535,-20,61944
15606,1,32768,-65536,-36366,65535,25,-59469
15607,1,-32768,-65536,-36366,65535,-25,52273
15608,1,65535,-65536,-36366,65535,15,-52754
15609,1,-65536,-65536,-36366,65535,-16,45558
