seq,mode,x,y,z,xo,yo,zo
0,0,32768,0,-65536,-32767,-230,-147
1,0,32768,0,-65504,-32767,-230,-115
2,0,32768,0,-65472,-32767,-230,-83
3,0,32768,0,-65440,-32767,-230,-51
4,0,32768,0,-65408,-32767,-230,-19
5,0,32768,0,-65376,-32767,-230,13
6,0,32768,0,-65344,-32767,-230,45
7,0,32768,0,-65312,-32767,-230,77
8,0,32768,0,-65280,-32767,-230,109
9,0,32768,0,-65248,-32767,-230,141
10,0,32768,0,-65216,-32760,-742,-152
11,0,32768,0,-65184,-32760,-742,-120
12,0,32768,0,-65152,-32760,-742,-88
13,0,32768,0,-65120,-32760,-742,-56
14,0,32768,0,-65088,-32760,-742,-24
15,0,32768,0,-65056,-32760,-742,8
16,0,32768,0,-65024,-32760,-742,40
17,0,32768,0,-64992,-32760,-742,72
18,0,32768,0,-64960,-32760,-742,104
19,0,32768,0,-64928,-32760,-742,136
20,0,32768,0,-64896,-32744,-1253,-158
21,0,32768,0,-64864,-32744,-1253,-126
22,0,32768,0,-64832,-32744,-1253,-94
23,0,32768,0,-64800,-32744,-1253,-62
24,0,32768,0,-64768,-32744,-1253,-30
25,0,32768,0,-64736,-32744,-1253,2
26,0,32768,0,-64704,-32744,-1253,34
27,0,32768,0,-64672,-32744,-1253,66
28,0,32768,0,-64640,-32744,-1253,98
29,0,32768,0,-64608,-32744,-1253,130
30,0,32768,0,-64576,-32744,-1253,162
31,0,32768,0,-64544,-32721,-1765,-132
32,0,32768,0,-64512,-32721,-1765,-100
33,0,32768,0,-64480,-32721,-1765,-68
34,0,32768,0,-64448,-32721,-1765,-36
35,0,32768,0,-64416,-32721,-1765,-4
36,0,32768,0,-64384,-32721,-1765,28
37,0,32768,0,-64352,-32721,-1765,60
38,0,32768,0,-64320,-32721,-1765,92
39,0,32768,0,-64288,-32721,-1765,124
40,0,32768,0,-64256,-32721,-1765,156
41,0,32768,0,-64224,-32689,-2276,-138
42,0,32768,0,-64192,-32689,-2276,-106
43,0,32768,0,-64160,-32689,-2276,-74
44,0,32768,0,-64128,-32689,-2276,-42
45,0,32768,0,-64096,-32689,-2276,-10
46,0,32768,0,-64064,-32689,-2276,22
47,0,32768,0,-64032,-32689,-2276,54
48,0,32768,0,-64000,-32689,-2276,86
49,0,32768,0,-63968,-32689,-2276,118
50,0,32768,0,-63936,-32689,-2276,150
51,0,32768,0,-63904,-32653,-2750,-121
52,0,32768,0,-63872,-32653,-2750,-89
53,0,32768,0,-63840,-32653,-2750,-57
54,0,32768,0,-63808,-32653,-2750,-25
55,0,32768,0,-63776,-32653,-2750,7
56,0,32768,0,-63744,-32653,-2750,39
57,0,32768,0,-63712,-32653,-2750,71
58,0,32768,0,-63680,-32653,-2750,103
59,0,32768,0,-63648,-32653,-2750,135
60,0,32768,0,-63616,-32606,-3260,-159
61,0,32768,0,-63584,-32606,-3260,-127
62,0,32768,0,-63552,-32606,-3260,-95
63,0,32768,0,-63520,-32606,-3260,-63
64,0,32768,0,-63488,-32606,-3260,-31
65,0,32768,0,-63456,-32606,-3260,1
66,0,32768,0,-63424,-32606,-3260,33
67,0,32768,0,-63392,-32606,-3260,65
68,0,32768,0,-63360,-32606,-3260,97
69,0,32768,0,-63328,-32606,-3260,129
70,0,32768,0,-63296,-32606,-3260,161
71,0,32768,0,-63264,-32551,-3769,-133
72,0,32768,0,-63232,-32551,-3769,-101
73,0,32768,0,-63200,-32551,-3769,-69
74,0,32768,0,-63168,-32551,-3769,-37
75,0,32768,0,-63136,-32551,-3769,-5
76,0,32768,0,-63104,-32551,-3769,27
77,0,32768,0,-63072,-32551,-3769,59
78,0,32768,0,-63040,-32551,-3769,91
79,0,32768,0,-63008,-32551,-3769,123
80,0,32768,0,-62976,-32551,-3769,155
81,0,32768,0,-62944,-32488,-4277,-139
82,0,32768,0,-62912,-32488,-4277,-107
83,0,32768,0,-62880,-32488,-4277,-75
84,0,32768,0,-62848,-32488,-4277,-43
85,0,32768,0,-62816,-32488,-4277,-11
86,0,32768,0,-62784,-32488,-4277,21
87,0,32768,0,-62752,-32488,-4277,53
88,0,32768,0,-62720,-32488,-4277,85
89,0,32768,0,-62688,-32488,-4277,117
90,0,32768,0,-62656,-32488,-4277,149
91,0,32768,0,-62624,-32417,-4784,-144
92,0,32768,0,-62592,-32417,-4784,-112
93,0,32768,0,-62560,-32417,-4784,-80
94,0,32768,0,-62528,-32417,-4784,-48
95,0,32768,0,-62496,-32417,-4784,-16
96,0,32768,0,-62464,-32417,-4784,16
97,0,32768,0,-62432,-32417,-4784,48
98,0,32768,0,-62400,-32417,-4784,80
99,0,32768,0,-62368,-32417,-4784,112
100,0,32768,0,-62336,-32417,-4784,144
101,0,32768,0,-62304,-32338,-5290,-150
102,0,32768,0,-62272,-32338,-5290,-118
103,0,32768,0,-62240,-32338,-5290,-86
104,0,32768,0,-62208,-32338,-5290,-54
105,0,32768,0,-62176,-32338,-5290,-22
106,0,32768,0,-62144,-32338,-5290,10
107,0,32768,0,-62112,-32338,-5290,42
108,0,32768,0,-62080,-32338,-5290,74
109,0,32768,0,-62048,-32338,-5290,106
110,0,32768,0,-62016,-32338,-5290,138
111,0,32768,0,-61984,-32252,-5794,-156
112,0,32768,0,-61952,-32252,-5794,-124
113,0,32768,0,-61920,-32252,-5794,-92
114,0,32768,0,-61888,-32252,-5794,-60
115,0,32768,0,-61856,-32252,-5794,-28
116,0,32768,0,-61824,-32252,-5794,4
117,0,32768,0,-61792,-32252,-5794,36
118,0,32768,0,-61760,-32252,-5794,68
119,0,32768,0,-61728,-32252,-5794,100
120,0,32768,0,-61696,-32252,-5794,132
121,0,32768,0,-61664,-32157,-6297,-162
122,0,32768,0,-61632,-32157,-6297,-130
123,0,32768,0,-61600,-32157,-6297,-98
124,0,32768,0,-61568,-32157,-6297,-66
125,0,32768,0,-61536,-32157,-6297,-34
126,0,32768,0,-61504,-32157,-6297,-2
127,0,32768,0,-61472,-32157,-6297,30
128,0,32768,0,-61440,-32157,-6297,62
129,0,32768,0,-61408,-32157,-6297,94
130,0,32768,0,-61376,-32157,-6297,126
131,0,32768,0,-61344,-32157,-6297,158
132,0,32768,0,-61312,-32056,-6794,-133
133,0,32768,0,-61280,-32056,-6794,-101
134,0,32768,0,-61248,-32056,-6794,-69
135,0,32768,0,-61216,-32056,-6794,-37
136,0,32768,0,-61184,-32056,-6794,-5
137,0,32768,0,-61152,-32056,-6794,27
138,0,32768,0,-61120,-32056,-6794,59
139,0,32768,0,-61088,-32056,-6794,91
140,0,32768,0,-61056,-32056,-6794,123
141,0,32768,0,-61024,-32056,-6794,155
142,0,32768,0,-60992,-31946,-7295,-139
143,0,32768,0,-60960,-31946,-7295,-107
144,0,32768,0,-60928,-31946,-7295,-75
145,0,32768,0,-60896,-31946,-7295,-43
146,0,32768,0,-60864,-31946,-7295,-11
147,0,32768,0,-60832,-31946,-7295,21
148,0,32768,0,-60800,-31946,-7295,53
149,0,32768,0,-60768,-31946,-7295,85
150,0,32768,0,-60736,-31946,-7295,117
151,0,32768,0,-60704,-31946,-7295,149
152,0,32768,0,-60672,-31828,-7793,-145
153,0,32768,0,-60640,-31828,-7793,-113
154,0,32768,0,-60608,-31828,-7793,-81
155,0,32768,0,-60576,-31828,-7793,-49
156,0,32768,0,-60544,-31828,-7793,-17
157,0,32768,0,-60512,-31828,-7793,15
158,0,32768,0,-60480,-31828,-7793,47
159,0,32768,0,-60448,-31828,-7793,79
160,0,32768,0,-60416,-31828,-7793,111
161,0,32768,0,-60384,-31828,-7793,143
162,0,32768,0,-60352,-31702,-8289,-151
163,0,32768,0,-60320,-31702,-8289,-119
164,0,32768,0,-60288,-31702,-8289,-87
165,0,32768,0,-60256,-31702,-8289,-55
166,0,32768,0,-60224,-31702,-8289,-23
167,0,32768,0,-60192,-31702,-8289,9
168,0,32768,0,-60160,-31702,-8289,41
169,0,32768,0,-60128,-31702,-8289,73
170,0,32768,0,-60096,-31702,-8289,105
171,0,32768,0,-60064,-31702,-8289,137
172,0,32768,0,-60032,-31569,-8783,-156
173,0,32768,0,-60000,-31569,-8783,-124
174,0,32768,0,-59968,-31569,-8783,-92
175,0,32768,0,-59936,-31569,-8783,-60
176,0,32768,0,-59904,-31569,-8783,-28
177,0,32768,0,-59872,-31569,-8783,4
178,0,32768,0,-59840,-31569,-8783,36
179,0,32768,0,-59808,-31569,-8783,68
180,0,32768,0,-59776,-31569,-8783,100
181,0,32768,0,-59744,-31569,-8783,132
182,0,32768,0,-59712,-31428,-9275,-162
183,0,32768,0,-59680,-31428,-9275,-130
184,0,32768,0,-59648,-31428,-9275,-98
185,0,32768,0,-59616,-31428,-9275,-66
186,0,32768,0,-59584,-31428,-9275,-34
187,0,32768,0,-59552,-31428,-9275,-2
188,0,32768,0,-59520,-31428,-9275,30
189,0,32768,0,-59488,-31428,-9275,62
190,0,32768,0,-59456,-31428,-9275,94
191,0,32768,0,-59424,-31428,-9275,126
192,0,32768,0,-59392,-31428,-9275,158
193,0,32768,0,-59360,-31279,-9765,-136
194,0,32768,0,-59328,-31279,-9765,-104
195,0,32768,0,-59296,-31279,-9765,-72
196,0,32768,0,-59264,-31279,-9765,-40
197,0,32768,0,-59232,-31279,-9765,-8
198,0,32768,0,-59200,-31279,-9765,24
199,0,32768,0,-59168,-31279,-9765,56
200,0,32768,0,-59136,-31279,-9765,88
201,0,32768,0,-59104,-31279,-9765,120
202,0,32768,0,-59072,-31279,-9765,152
203,0,32768,0,-59040,-31123,-10253,-142
204,0,32768,0,-59008,-31123,-10253,-110
205,0,32768,0,-58976,-31123,-10253,-78
206,0,32768,0,-58944,-31123,-10253,-46
207,0,32768,0,-58912,-31123,-10253,-14
208,0,32768,0,-58880,-31123,-10253,18
209,0,32768,0,-58848,-31123,-10253,50
210,0,32768,0,-58816,-31050,-10472,-66
211,0,32768,0,-58784,-31050,-10472,-34
212,0,32768,0,-58752,-31050,-10472,-2
213,0,32768,0,-58720,-31050,-10472,30
214,0,32768,0,-58688,-31050,-10472,62
215,0,32768,0,-58656,-31050,-10472,94
216,0,32768,0,-58624,-31050,-10472,126
217,0,32768,0,-58592,-31050,-10472,158
218,0,32768,0,-58560,-30883,-10956,-136
219,0,32768,0,-58528,-30883,-10956,-104
220,0,32768,0,-58496,-30883,-10956,-72
221,0,32768,0,-58464,-30883,-10956,-40
222,0,32768,0,-58432,-30883,-10956,-8
223,0,32768,0,-58400,-30883,-10956,24
224,0,32768,0,-58368,-30883,-10956,56
225,0,32768,0,-58336,-30883,-10956,88
226,0,32768,0,-58304,-30883,-10956,120
227,0,32768,0,-58272,-30883,-10956,152
228,0,32768,0,-58240,-30708,-11437,-141
229,0,32768,0,-58208,-30708,-11437,-109
230,0,32768,0,-58176,-30708,-11437,-77
231,0,32768,0,-58144,-30708,-11437,-45
232,0,32768,0,-58112,-30708,-11437,-13
233,0,32768,0,-58080,-30708,-11437,19
234,0,32768,0,-58048,-30708,-11437,51
235,0,32768,0,-58016,-30708,-11437,83
236,0,32768,0,-57984,-30708,-11437,115
237,0,32768,0,-57952,-30708,-11437,147
238,0,32768,0,-57920,-30525,-11915,-147
239,0,32768,0,-57888,-30525,-11915,-115
240,0,32768,0,-57856,-30525,-11915,-83
241,0,32768,0,-57824,-30525,-11915,-51
242,0,32768,0,-57792,-30525,-11915,-19
243,0,32768,0,-57760,-30525,-11915,13
244,0,32768,0,-57728,-30525,-11915,45
245,0,32768,0,-57696,-30525,-11915,77
246,0,32768,0,-57664,-30525,-11915,109
247,0,32768,0,-57632,-30525,-11915,141
248,0,32768,0,-57600,-30335,-12390,-153
249,0,32768,0,-57568,-30335,-12390,-121
250,0,32768,0,-57536,-30335,-12390,-89
251,0,32768,0,-57504,-30335,-12390,-57
252,0,32768,0,-57472,-30335,-12390,-25
253,0,32768,0,-57440,-30335,-12390,7
254,0,32768,0,-57408,-30335,-12390,39
255,0,32768,0,-57376,-30335,-12390,71
256,0,32768,0,-57344,-30335,-12390,103
257,0,32768,0,-57312,-30335,-12390,135
258,0,32768,0,-57280,-30138,-12862,-159
259,0,32768,0,-57248,-30138,-12862,-127
260,0,32768,0,-57216,-30138,-12862,-95
261,0,32768,0,-57184,-30138,-12862,-63
262,0,32768,0,-57152,-30138,-12862,-31
263,0,32768,0,-57120,-30138,-12862,1
264,0,32768,0,-57088,-30138,-12862,33
265,0,32768,0,-57056,-30138,-12862,65
266,0,32768,0,-57024,-30138,-12862,97
267,0,32768,0,-56992,-30138,-12862,129
268,0,32768,0,-56960,-30138,-12862,161
269,0,32768,0,-56928,-29933,-13332,-133
270,0,32768,0,-56896,-29933,-13332,-101
271,0,32768,0,-56864,-29933,-13332,-69
272,0,32768,0,-56832,-29933,-13332,-37
273,0,32768,0,-56800,-29933,-13332,-5
274,0,32768,0,-56768,-29933,-13332,27
275,0,32768,0,-56736,-29933,-13332,59
276,0,32768,0,-56704,-29933,-13332,91
277,0,32768,0,-56672,-29933,-13332,123
278,0,32768,0,-56640,-29933,-13332,155
279,0,32768,0,-56608,-29721,-13798,-139
280,0,32768,0,-56576,-29721,-13798,-107
281,0,32768,0,-56544,-29721,-13798,-75
282,0,32768,0,-56512,-29721,-13798,-43
283,0,32768,0,-56480,-29721,-13798,-11
284,0,32768,0,-56448,-29721,-13798,21
285,0,32768,0,-56416,-29721,-13798,53
286,0,32768,0,-56384,-29721,-13798,85
287,0,32768,0,-56352,-29721,-13798,117
288,0,32768,0,-56320,-29721,-13798,149
289,0,32768,0,-56288,-29504,-14256,-142
290,0,32768,0,-56256,-29504,-14256,-110
291,0,32768,0,-56224,-29504,-14256,-78
292,0,32768,0,-56192,-29504,-14256,-46
293,0,32768,0,-56160,-29504,-14256,-14
294,0,32768,0,-56128,-29504,-14256,18
295,0,32768,0,-56096,-29504,-14256,50
296,0,32768,0,-56064,-29504,-14256,82
297,0,32768,0,-56032,-29504,-14256,114
298,0,32768,0,-56000,-29504,-14256,146
299,0,32768,0,-55968,-29278,-14716,-148
300,0,32768,0,-55936,-29278,-14716,-116
301,0,32768,0,-55904,-29278,-14716,-84
302,0,32768,0,-55872,-29278,-14716,-52
303,0,32768,0,-55840,-29278,-14716,-20
304,0,32768,0,-55808,-29278,-14716,12
305,0,32768,0,-55776,-29278,-14716,44
306,0,32768,0,-55744,-29278,-14716,76
307,0,32768,0,-55712,-29278,-14716,108
308,0,32768,0,-55680,-29278,-14716,140
309,0,32768,0,-55648,-29045,-15171,-154
310,0,32768,0,-55616,-29045,-15171,-122
311,0,32768,0,-55584,-29045,-15171,-90
312,0,32768,0,-55552,-29045,-15171,-58
313,0,32768,0,-55520,-29045,-15171,-26
314,0,32768,0,-55488,-29045,-15171,6
315,0,32768,0,-55456,-29045,-15171,38
316,0,32768,0,-55424,-29045,-15171,70
317,0,32768,0,-55392,-29045,-15171,102
318,0,32768,0,-55360,-29045,-15171,134
319,0,32768,0,-55328,-28804,-15623,-160
320,0,32768,0,-55296,-28804,-15623,-128
321,0,32768,0,-55264,-28804,-15623,-96
322,0,32768,0,-55232,-28804,-15623,-64
323,0,32768,0,-55200,-28804,-15623,-32
324,0,32768,0,-55168,-28804,-15623,0
325,0,32768,0,-55136,-28804,-15623,32
326,0,32768,0,-55104,-28804,-15623,64
327,0,32768,0,-55072,-28804,-15623,96
328,0,32768,0,-55040,-28804,-15623,128
329,0,32768,0,-55008,-28804,-15623,160
330,0,32768,0,-54976,-28557,-16071,-133
331,0,32768,0,-54944,-28557,-16071,-101
332,0,32768,0,-54912,-28557,-16071,-69
333,0,32768,0,-54880,-28557,-16071,-37
334,0,32768,0,-54848,-28557,-16071,-5
335,0,32768,0,-54816,-28557,-16071,27
336,0,32768,0,-54784,-28557,-16071,59
337,0,32768,0,-54752,-28557,-16071,91
338,0,32768,0,-54720,-28557,-16071,123
339,0,32768,0,-54688,-28557,-16071,155
340,0,32768,0,-54656,-28302,-16515,-139
341,0,32768,0,-54624,-28302,-16515,-107
342,0,32768,0,-54592,-28302,-16515,-75
343,0,32768,0,-54560,-28302,-16515,-43
344,0,32768,0,-54528,-28302,-16515,-11
345,0,32768,0,-54496,-28302,-16515,21
346,0,32768,0,-54464,-28302,-16515,53
347,0,32768,0,-54432,-28302,-16515,85
348,0,32768,0,-54400,-28302,-16515,117
349,0,32768,0,-54368,-28302,-16515,149
350,0,32768,0,-54336,-28040,-16955,-145
351,0,32768,0,-54304,-28040,-16955,-113
352,0,32768,0,-54272,-28040,-16955,-81
353,0,32768,0,-54240,-28040,-16955,-49
354,0,32768,0,-54208,-28040,-16955,-17
355,0,32768,0,-54176,-28040,-16955,15
356,0,32768,0,-54144,-28040,-16955,47
357,0,32768,0,-54112,-28040,-16955,79
358,0,32768,0,-54080,-28040,-16955,111
359,0,32768,0,-54048,-28040,-16955,143
360,0,32768,0,-54016,-27772,-17391,-151
361,0,32768,0,-53984,-27772,-17391,-119
362,0,32768,0,-53952,-27772,-17391,-87
363,0,32768,0,-53920,-27772,-17391,-55
364,0,32768,0,-53888,-27772,-17391,-23
365,0,32768,0,-53856,-27772,-17391,9
366,0,32768,0,-53824,-27772,-17391,41
367,0,32768,0,-53792,-27772,-17391,73
368,0,32768,0,-53760,-27772,-17391,105
369,0,32768,0,-53728,-27772,-17391,137
370,0,32768,0,-53696,-27517,-17792,-134
371,0,32768,0,-53664,-27517,-17792,-102
372,0,32768,0,-53632,-27517,-17792,-70
373,0,32768,0,-53600,-27517,-17792,-38
374,0,32768,0,-53568,-27517,-17792,-6
375,0,32768,0,-53536,-27517,-17792,26
376,0,32768,0,-53504,-27517,-17792,58
377,0,32768,0,-53472,-27517,-17792,90
378,0,32768,0,-53440,-27517,-17792,122
379,0,32768,0,-53408,-27517,-17792,154
380,0,32768,0,-53376,-27235,-18220,-140
381,0,32768,0,-53344,-27235,-18220,-108
382,0,32768,0,-53312,-27235,-18220,-76
383,0,32768,0,-53280,-27235,-18220,-44
384,0,32768,0,-53248,-27235,-18220,-12
385,0,32768,0,-53216,-27235,-18220,20
386,0,32768,0,-53184,-27235,-18220,52
387,0,32768,0,-53152,-27235,-18220,84
388,0,32768,0,-53120,-27235,-18220,116
389,0,32768,0,-53088,-27235,-18220,148
390,0,32768,0,-53056,-26947,-18644,-146
391,0,32768,0,-53024,-26947,-18644,-114
392,0,32768,0,-52992,-26947,-18644,-82
393,0,32768,0,-52960,-26947,-18644,-50
394,0,32768,0,-52928,-26947,-18644,-18
395,0,32768,0,-52896,-26947,-18644,14
396,0,32768,0,-52864,-26947,-18644,46
397,0,32768,0,-52832,-26947,-18644,78
398,0,32768,0,-52800,-26947,-18644,110
399,0,32768,0,-52768,-26947,-18644,142
400,0,32768,0,-52736,-26653,-19063,-152
401,0,32768,0,-52704,-26653,-19063,-120
402,0,32768,0,-52672,-26653,-19063,-88
403,0,32768,0,-52640,-26653,-19063,-56
404,0,32768,0,-52608,-26653,-19063,-24
405,0,32768,0,-52576,-26653,-19063,8
406,0,32768,0,-52544,-26653,-19063,40
407,0,32768,0,-52512,-26653,-19063,72
408,0,32768,0,-52480,-26653,-19063,104
409,0,32768,0,-52448,-26653,-19063,136
410,0,32768,0,-52416,-26352,-19476,-157
411,0,32768,0,-52384,-26352,-19476,-125
412,0,32768,0,-52352,-26352,-19476,-93
413,0,32768,0,-52320,-26352,-19476,-61
414,0,32768,0,-52288,-26352,-19476,-29
415,0,32768,0,-52256,-26352,-19476,3
416,0,32768,0,-52224,-26352,-19476,35
417,0,32768,0,-52192,-26352,-19476,67
418,0,32768,0,-52160,-26352,-19476,99
419,0,32768,0,-52128,-26352,-19476,131
420,0,32768,0,-52096,-26352,-19476,163
421,0,32768,0,-52064,-26044,-19885,-131
422,0,32768,0,-52032,-26044,-19885,-99
423,0,32768,0,-52000,-26044,-19885,-67
424,0,32768,0,-51968,-26044,-19885,-35
425,0,32768,0,-51936,-26044,-19885,-3
426,0,32768,0,-51904,-26044,-19885,29
427,0,32768,0,-51872,-26044,-19885,61
428,0,32768,0,-51840,-26044,-19885,93
429,0,32768,0,-51808,-26044,-19885,125
430,0,32768,0,-51776,-26044,-19885,157
431,0,32768,0,-51744,-25731,-20290,-137
432,0,32768,0,-51712,-25731,-20290,-105
433,0,32768,0,-51680,-25731,-20290,-73
434,0,32768,0,-51648,-25731,-20290,-41
435,0,32768,0,-51616,-25731,-20290,-9
436,0,32768,0,-51584,-25731,-20290,23
437,0,32768,0,-51552,-25731,-20290,55
438,0,32768,0,-51520,-25731,-20290,87
439,0,32768,0,-51488,-25731,-20290,119
440,0,32768,0,-51456,-25731,-20290,151
441,0,32768,0,-51424,-25410,-20690,-143
442,0,32768,0,-51392,-25410,-20690,-111
443,0,32768,0,-51360,-25410,-20690,-79
444,0,32768,0,-51328,-25410,-20690,-47
445,0,32768,0,-51296,-25410,-20690,-15
446,0,32768,0,-51264,-25410,-20690,17
447,0,32768,0,-51232,-25410,-20690,49
448,0,32768,0,-51200,-25410,-20690,81
449,0,32768,0,-51168,-25410,-20690,113
450,0,32768,0,-51136,-25410,-20690,145
451,0,32768,0,-51104,-25087,-21080,-146
452,0,32768,0,-51072,-25087,-21080,-114
453,0,32768,0,-51040,-25087,-21080,-82
454,0,32768,0,-51008,-25087,-21080,-50
455,0,32768,0,-50976,-25087,-21080,-18
456,0,32768,0,-50944,-25087,-21080,14
457,0,32768,0,-50912,-25087,-21080,46
458,0,32768,0,-50880,-25087,-21080,78
459,0,32768,0,-50848,-25087,-21080,110
460,0,32768,0,-50816,-25087,-21080,142
461,0,32768,0,-50784,-24755,-21470,-152
462,0,32768,0,-50752,-24755,-21470,-120
463,0,32768,0,-50720,-24755,-21470,-88
464,0,32768,0,-50688,-24755,-21470,-56
465,0,32768,0,-50656,-24755,-21470,-24
466,0,32768,0,-50624,-24755,-21470,8
467,0,32768,0,-50592,-24755,-21470,40
468,0,32768,0,-50560,-24755,-21470,72
469,0,32768,0,-50528,-24755,-21470,104
470,0,32768,0,-50496,-24755,-21470,136
471,0,32768,0,-50464,-24416,-21854,-158
472,0,32768,0,-50432,-24416,-21854,-126
473,0,32768,0,-50400,-24416,-21854,-94
474,0,32768,0,-50368,-24416,-21854,-62
475,0,32768,0,-50336,-24416,-21854,-30
476,0,32768,0,-50304,-24416,-21854,2
477,0,32768,0,-50272,-24416,-21854,34
478,0,32768,0,-50240,-24416,-21854,66
479,0,32768,0,-50208,-24416,-21854,98
480,0,32768,0,-50176,-24416,-21854,130
481,0,32768,0,-50144,-24416,-21854,162
482,0,32768,0,-50112,-24072,-22233,-132
483,0,32768,0,-50080,-24072,-22233,-100
484,0,32768,0,-50048,-24072,-22233,-68
485,0,32768,0,-50016,-24072,-22233,-36
486,0,32768,0,-49984,-24072,-22233,-4
487,0,32768,0,-49952,-24072,-22233,28
488,0,32768,0,-49920,-24072,-22233,60
489,0,32768,0,-49888,-24072,-22233,92
490,0,32768,0,-49856,-24072,-22233,124
491,0,32768,0,-49824,-24072,-22233,156
492,0,32768,0,-49792,-23722,-22606,-137
493,0,32768,0,-49760,-23722,-22606,-105
494,0,32768,0,-49728,-23722,-22606,-73
495,0,32768,0,-49696,-23722,-22606,-41
496,0,32768,0,-49664,-23722,-22606,-9
497,0,32768,0,-49632,-23722,-22606,23
498,0,32768,0,-49600,-23722,-22606,55
499,0,32768,0,-49568,-23722,-22606,87
500,0,32768,0,-49536,-23722,-22606,119
501,0,32768,0,-49504,-23722,-22606,151
502,0,32768,0,-49472,-23366,-22974,-143
503,0,32768,0,-49440,-23366,-22974,-111
504,0,32768,0,-49408,-23366,-22974,-79
505,0,32768,0,-49376,-23366,-22974,-47
506,0,32768,0,-49344,-23366,-22974,-15
507,0,32768,0,-49312,-23366,-22974,17
508,0,32768,0,-49280,-23366,-22974,49
509,0,32768,0,-49248,-23366,-22974,81
510,0,32768,0,-49216,-23366,-22974,113
511,0,32768,0,-49184,-23366,-22974,145
512,0,32768,0,-49152,-23336,-23004,149
513,0,32768,0,-49120,-22974,-23366,-144
514,0,32768,0,-49088,-22974,-23366,-112
515,0,32768,0,-49056,-22974,-23366,-80
516,0,32768,0,-49024,-22974,-23366,-48
517,0,32768,0,-48992,-22974,-23366,-16
518,0,32768,0,-48960,-22974,-23366,16
519,0,32768,0,-48928,-22974,-23366,48
520,0,32768,0,-48896,-22974,-23366,80
521,0,32768,0,-48864,-22974,-23366,112
522,0,32768,0,-48832,-22974,-23366,144
523,0,32768,0,-48800,-22606,-23722,-150
524,0,32768,0,-48768,-22606,-23722,-118
525,0,32768,0,-48736,-22606,-23722,-86
526,0,32768,0,-48704,-22606,-23722,-54
527,0,32768,0,-48672,-22606,-23722,-22
528,0,32768,0,-48640,-22606,-23722,10
529,0,32768,0,-48608,-22606,-23722,42
530,0,32768,0,-48576,-22606,-23722,74
531,0,32768,0,-48544,-22606,-23722,106
532,0,32768,0,-48512,-22606,-23722,138
533,0,32768,0,-48480,-22233,-24072,-156
534,0,32768,0,-48448,-22233,-24072,-124
535,0,32768,0,-48416,-22233,-24072,-92
536,0,32768,0,-48384,-22233,-24072,-60
537,0,32768,0,-48352,-22233,-24072,-28
538,0,32768,0,-48320,-22233,-24072,4
539,0,32768,0,-48288,-22233,-24072,36
540,0,32768,0,-48256,-22233,-24072,68
541,0,32768,0,-48224,-22233,-24072,100
542,0,32768,0,-48192,-22233,-24072,132
543,0,32768,0,-48160,-21854,-24416,-162
544,0,32768,0,-48128,-21854,-24416,-130
545,0,32768,0,-48096,-21854,-24416,-98
546,0,32768,0,-48064,-21854,-24416,-66
547,0,32768,0,-48032,-21854,-24416,-34
548,0,32768,0,-48000,-21854,-24416,-2
549,0,32768,0,-47968,-21854,-24416,30
550,0,32768,0,-47936,-21854,-24416,62
551,0,32768,0,-47904,-21854,-24416,94
552,0,32768,0,-47872,-21854,-24416,126
553,0,32768,0,-47840,-21854,-24416,158
554,0,32768,0,-47808,-21470,-24755,-136
555,0,32768,0,-47776,-21470,-24755,-104
556,0,32768,0,-47744,-21470,-24755,-72
557,0,32768,0,-47712,-21470,-24755,-40
558,0,32768,0,-47680,-21470,-24755,-8
559,0,32768,0,-47648,-21470,-24755,24
560,0,32768,0,-47616,-21470,-24755,56
561,0,32768,0,-47584,-21470,-24755,88
562,0,32768,0,-47552,-21470,-24755,120
563,0,32768,0,-47520,-21470,-24755,152
564,0,32768,0,-47488,-21080,-25087,-142
565,0,32768,0,-47456,-21080,-25087,-110
566,0,32768,0,-47424,-21080,-25087,-78
567,0,32768,0,-47392,-21080,-25087,-46
568,0,32768,0,-47360,-21080,-25087,-14
569,0,32768,0,-47328,-21080,-25087,18
570,0,32768,0,-47296,-21080,-25087,50
571,0,32768,0,-47264,-21080,-25087,82
572,0,32768,0,-47232,-21080,-25087,114
573,0,32768,0,-47200,-21080,-25087,146
574,0,32768,0,-47168,-20690,-25410,-145
575,0,32768,0,-47136,-20690,-25410,-113
576,0,32768,0,-47104,-20690,-25410,-81
577,0,32768,0,-47072,-20690,-25410,-49
578,0,32768,0,-47040,-20690,-25410,-17
579,0,32768,0,-47008,-20690,-25410,15
580,0,32768,0,-46976,-20690,-25410,47
581,0,32768,0,-46944,-20690,-25410,79
582,0,32768,0,-46912,-20690,-25410,111
583,0,32768,0,-46880,-20690,-25410,143
584,0,32768,0,-46848,-20290,-25731,-151
585,0,32768,0,-46816,-20290,-25731,-119
586,0,32768,0,-46784,-20290,-25731,-87
587,0,32768,0,-46752,-20290,-25731,-55
588,0,32768,0,-46720,-20290,-25731,-23
589,0,32768,0,-46688,-20290,-25731,9
590,0,32768,0,-46656,-20290,-25731,41
591,0,32768,0,-46624,-20290,-25731,73
592,0,32768,0,-46592,-20290,-25731,105
593,0,32768,0,-46560,-20290,-25731,137
594,0,32768,0,-46528,-19885,-26044,-157
595,0,32768,0,-46496,-19885,-26044,-125
596,0,32768,0,-46464,-19885,-26044,-93
597,0,32768,0,-46432,-19885,-26044,-61
598,0,32768,0,-46400,-19885,-26044,-29
599,0,32768,0,-46368,-19885,-26044,3
600,0,32768,0,-46336,-19885,-26044,35
601,0,32768,0,-46304,-19885,-26044,67
602,0,32768,0,-46272,-19885,-26044,99
603,0,32768,0,-46240,-19885,-26044,131
604,0,32768,0,-46208,-19476,-26352,-163
605,0,32768,0,-46176,-19476,-26352,-131
606,0,32768,0,-46144,-19476,-26352,-99
607,0,32768,0,-46112,-19476,-26352,-67
608,0,32768,0,-46080,-19476,-26352,-35
609,0,32768,0,-46048,-19476,-26352,-3
610,0,32768,0,-46016,-19476,-26352,29
611,0,32768,0,-45984,-19476,-26352,61
612,0,32768,0,-45952,-19476,-26352,93
613,0,32768,0,-45920,-19476,-26352,125
614,0,32768,0,-45888,-19476,-26352,157
615,0,32768,0,-45856,-19063,-26653,-136
616,0,32768,0,-45824,-19063,-26653,-104
617,0,32768,0,-45792,-19063,-26653,-72
618,0,32768,0,-45760,-19063,-26653,-40
619,0,32768,0,-45728,-19063,-26653,-8
620,0,32768,0,-45696,-19063,-26653,24
621,0,32768,0,-45664,-19063,-26653,56
622,0,32768,0,-45632,-19063,-26653,88
623,0,32768,0,-45600,-19063,-26653,120
624,0,32768,0,-45568,-19063,-26653,152
625,0,32768,0,-45536,-18644,-26947,-142
626,0,32768,0,-45504,-18644,-26947,-110
627,0,32768,0,-45472,-18644,-26947,-78
628,0,32768,0,-45440,-18644,-26947,-46
629,0,32768,0,-45408,-18644,-26947,-14
630,0,32768,0,-45376,-18644,-26947,18
631,0,32768,0,-45344,-18644,-26947,50
632,0,32768,0,-45312,-18644,-26947,82
633,0,32768,0,-45280,-18644,-26947,114
634,0,32768,0,-45248,-18644,-26947,146
635,0,32768,0,-45216,-18220,-27235,-148
636,0,32768,0,-45184,-18220,-27235,-116
637,0,32768,0,-45152,-18220,-27235,-84
638,0,32768,0,-45120,-18220,-27235,-52
639,0,32768,0,-45088,-18220,-27235,-20
640,0,32768,0,-45056,-18220,-27235,12
641,0,32768,0,-45024,-18220,-27235,44
642,0,32768,0,-44992,-18220,-27235,76
643,0,32768,0,-44960,-18220,-27235,108
644,0,32768,0,-44928,-18220,-27235,140
645,0,32768,0,-44896,-17792,-27517,-154
646,0,32768,0,-44864,-17792,-27517,-122
647,0,32768,0,-44832,-17792,-27517,-90
648,0,32768,0,-44800,-17792,-27517,-58
649,0,32768,0,-44768,-17792,-27517,-26
650,0,32768,0,-44736,-17792,-27517,6
651,0,32768,0,-44704,-17792,-27517,38
652,0,32768,0,-44672,-17792,-27517,70
653,0,32768,0,-44640,-17792,-27517,102
654,0,32768,0,-44608,-17792,-27517,134
655,0,32768,0,-44576,-17391,-27772,-137
656,0,32768,0,-44544,-17391,-27772,-105
657,0,32768,0,-44512,-17391,-27772,-73
658,0,32768,0,-44480,-17391,-27772,-41
659,0,32768,0,-44448,-17391,-27772,-9
660,0,32768,0,-44416,-17391,-27772,23
661,0,32768,0,-44384,-17391,-27772,55
662,0,32768,0,-44352,-17391,-27772,87
663,0,32768,0,-44320,-17391,-27772,119
664,0,32768,0,-44288,-17391,-27772,151
665,0,32768,0,-44256,-16955,-28040,-143
666,0,32768,0,-44224,-16955,-28040,-111
667,0,32768,0,-44192,-16955,-28040,-79
668,0,32768,0,-44160,-16955,-28040,-47
669,0,32768,0,-44128,-16955,-28040,-15
670,0,32768,0,-44096,-16955,-28040,17
671,0,32768,0,-44064,-16955,-28040,49
672,0,32768,0,-44032,-16955,-28040,81
673,0,32768,0,-44000,-16955,-28040,113
674,0,32768,0,-43968,-16955,-28040,145
675,0,32768,0,-43936,-16515,-28302,-149
676,0,32768,0,-43904,-16515,-28302,-117
677,0,32768,0,-43872,-16515,-28302,-85
678,0,32768,0,-43840,-16515,-28302,-53
679,0,32768,0,-43808,-16515,-28302,-21
680,0,32768,0,-43776,-16515,-28302,11
681,0,32768,0,-43744,-16515,-28302,43
682,0,32768,0,-43712,-16515,-28302,75
683,0,32768,0,-43680,-16515,-28302,107
684,0,32768,0,-43648,-16515,-28302,139
685,0,32768,0,-43616,-16071,-28557,-155
686,0,32768,0,-43584,-16071,-28557,-123
687,0,32768,0,-43552,-16071,-28557,-91
688,0,32768,0,-43520,-16071,-28557,-59
689,0,32768,0,-43488,-16071,-28557,-27
690,0,32768,0,-43456,-16071,-28557,5
691,0,32768,0,-43424,-16071,-28557,37
692,0,32768,0,-43392,-16071,-28557,69
693,0,32768,0,-43360,-16071,-28557,101
694,0,32768,0,-43328,-16071,-28557,133
695,0,32768,0,-43296,-15623,-28804,-160
696,0,32768,0,-43264,-15623,-28804,-128
697,0,32768,0,-43232,-15623,-28804,-96
698,0,32768,0,-43200,-15623,-28804,-64
699,0,32768,0,-43168,-15623,-28804,-32
700,0,32768,0,-43136,-15623,-28804,0
701,0,32768,0,-43104,-15623,-28804,32
702,0,32768,0,-43072,-15623,-28804,64
703,0,32768,0,-43040,-15623,-28804,96
704,0,32768,0,-43008,-15623,-28804,128
705,0,32768,0,-42976,-15623,-28804,160
706,0,32768,0,-42944,-15171,-29045,-134
707,0,32768,0,-42912,-15171,-29045,-102
708,0,32768,0,-42880,-15171,-29045,-70
709,0,32768,0,-42848,-15171,-29045,-38
710,0,32768,0,-42816,-15171,-29045,-6
711,0,32768,0,-42784,-15171,-29045,26
712,0,32768,0,-42752,-15171,-29045,58
713,0,32768,0,-42720,-15171,-29045,90
714,0,32768,0,-42688,-15171,-29045,122
715,0,32768,0,-42656,-15171,-29045,154
716,0,32768,0,-42624,-14716,-29278,-140
717,0,32768,0,-42592,-14716,-29278,-108
718,0,32768,0,-42560,-14716,-29278,-76
719,0,32768,0,-42528,-14716,-29278,-44
720,0,32768,0,-42496,-14716,-29278,-12
721,0,32768,0,-42464,-14716,-29278,20
722,0,32768,0,-42432,-14716,-29278,52
723,0,32768,0,-42400,-14716,-29278,84
724,0,32768,0,-42368,-14716,-29278,116
725,0,32768,0,-42336,-14716,-29278,148
726,0,32768,0,-42304,-14256,-29504,-146
727,0,32768,0,-42272,-14256,-29504,-114
728,0,32768,0,-42240,-14256,-29504,-82
729,0,32768,0,-42208,-14256,-29504,-50
730,0,32768,0,-42176,-14256,-29504,-18
731,0,32768,0,-42144,-14256,-29504,14
732,0,32768,0,-42112,-14256,-29504,46
733,0,32768,0,-42080,-14256,-29504,78
734,0,32768,0,-42048,-14256,-29504,110
735,0,32768,0,-42016,-14256,-29504,142
736,0,32768,0,-41984,-13798,-29721,-149
737,0,32768,0,-41952,-13798,-29721,-117
738,0,32768,0,-41920,-13798,-29721,-85
739,0,32768,0,-41888,-13798,-29721,-53
740,0,32768,0,-41856,-13798,-29721,-21
741,0,32768,0,-41824,-13798,-29721,11
742,0,32768,0,-41792,-13798,-29721,43
743,0,32768,0,-41760,-13798,-29721,75
744,0,32768,0,-41728,-13798,-29721,107
745,0,32768,0,-41696,-13798,-29721,139
746,0,32768,0,-41664,-13332,-29933,-155
747,0,32768,0,-41632,-13332,-29933,-123
748,0,32768,0,-41600,-13332,-29933,-91
749,0,32768,0,-41568,-13332,-29933,-59
750,0,32768,0,-41536,-13332,-29933,-27
751,0,32768,0,-41504,-13332,-29933,5
752,0,32768,0,-41472,-13332,-29933,37
753,0,32768,0,-41440,-13332,-29933,69
754,0,32768,0,-41408,-13332,-29933,101
755,0,32768,0,-41376,-13332,-29933,133
756,0,32768,0,-41344,-12862,-30138,-161
757,0,32768,0,-41312,-12862,-30138,-129
758,0,32768,0,-41280,-12862,-30138,-97
759,0,32768,0,-41248,-12862,-30138,-65
760,0,32768,0,-41216,-12862,-30138,-33
761,0,32768,0,-41184,-12862,-30138,-1
762,0,32768,0,-41152,-12862,-30138,31
763,0,32768,0,-41120,-12862,-30138,63
764,0,32768,0,-41088,-12862,-30138,95
765,0,32768,0,-41056,-12862,-30138,127
766,0,32768,0,-41024,-12862,-30138,159
767,0,32768,0,-40992,-12390,-30335,-135
768,0,32768,0,-40960,-12390,-30335,-103
769,0,32768,0,-40928,-12390,-30335,-71
770,0,32768,0,-40896,-12390,-30335,-39
771,0,32768,0,-40864,-12390,-30335,-7
772,0,32768,0,-40832,-12390,-30335,25
773,0,32768,0,-40800,-12390,-30335,57
774,0,32768,0,-40768,-12390,-30335,89
775,0,32768,0,-40736,-12390,-30335,121
776,0,32768,0,-40704,-12390,-30335,153
777,0,32768,0,-40672,-11915,-30525,-140
778,0,32768,0,-40640,-11915,-30525,-108
779,0,32768,0,-40608,-11915,-30525,-76
780,0,32768,0,-40576,-11915,-30525,-44
781,0,32768,0,-40544,-11915,-30525,-12
782,0,32768,0,-40512,-11915,-30525,20
783,0,32768,0,-40480,-11915,-30525,52
784,0,32768,0,-40448,-11915,-30525,84
785,0,32768,0,-40416,-11915,-30525,116
786,0,32768,0,-40384,-11915,-30525,148
787,0,32768,0,-40352,-11437,-30708,-146
788,0,32768,0,-40320,-11437,-30708,-114
789,0,32768,0,-40288,-11437,-30708,-82
790,0,32768,0,-40256,-11437,-30708,-50
791,0,32768,0,-40224,-11437,-30708,-18
792,0,32768,0,-40192,-11437,-30708,14
793,0,32768,0,-40160,-11437,-30708,46
794,0,32768,0,-40128,-11437,-30708,78
795,0,32768,0,-40096,-11437,-30708,110
796,0,32768,0,-40064,-11437,-30708,142
797,0,32768,0,-40032,-10956,-30883,-152
798,0,32768,0,-40000,-10956,-30883,-120
799,0,32768,0,-39968,-10956,-30883,-88
800,0,32768,0,-39936,-10956,-30883,-56
801,0,32768,0,-39904,-10956,-30883,-24
802,0,32768,0,-39872,-10956,-30883,8
803,0,32768,0,-39840,-10956,-30883,40
804,0,32768,0,-39808,-10956,-30883,72
805,0,32768,0,-39776,-10956,-30883,104
806,0,32768,0,-39744,-10956,-30883,136
807,0,32768,0,-39712,-10472,-31050,-158
808,0,32768,0,-39680,-10472,-31050,-126
809,0,32768,0,-39648,-10472,-31050,-94
810,0,32768,0,-39616,-10472,-31050,-62
811,0,32768,0,-39584,-10472,-31050,-30
812,0,32768,0,-39552,-10472,-31050,2
813,0,32768,0,-39520,-10472,-31050,34
814,0,32768,0,-39488,-10472,-31050,66
815,0,32768,0,-39456,-10253,-31123,-50
816,0,32768,0,-39424,-10253,-31123,-18
817,0,32768,0,-39392,-10253,-31123,14
818,0,32768,0,-39360,-10253,-31123,46
819,0,32768,0,-39328,-10253,-31123,78
820,0,32768,0,-39296,-10253,-31123,110
821,0,32768,0,-39264,-10253,-31123,142
822,0,32768,0,-39232,-9765,-31279,-152
823,0,32768,0,-39200,-9765,-31279,-120
824,0,32768,0,-39168,-9765,-31279,-88
825,0,32768,0,-39136,-9765,-31279,-56
826,0,32768,0,-39104,-9765,-31279,-24
827,0,32768,0,-39072,-9765,-31279,8
828,0,32768,0,-39040,-9765,-31279,40
829,0,32768,0,-39008,-9765,-31279,72
830,0,32768,0,-38976,-9765,-31279,104
831,0,32768,0,-38944,-9765,-31279,136
832,0,32768,0,-38912,-9275,-31428,-157
833,0,32768,0,-38880,-9275,-31428,-125
834,0,32768,0,-38848,-9275,-31428,-93
835,0,32768,0,-38816,-9275,-31428,-61
836,0,32768,0,-38784,-9275,-31428,-29
837,0,32768,0,-38752,-9275,-31428,3
838,0,32768,0,-38720,-9275,-31428,35
839,0,32768,0,-38688,-9275,-31428,67
840,0,32768,0,-38656,-9275,-31428,99
841,0,32768,0,-38624,-9275,-31428,131
842,0,32768,0,-38592,-9275,-31428,163
843,0,32768,0,-38560,-8783,-31569,-131
844,0,32768,0,-38528,-8783,-31569,-99
845,0,32768,0,-38496,-8783,-31569,-67
846,0,32768,0,-38464,-8783,-31569,-35
847,0,32768,0,-38432,-8783,-31569,-3
848,0,32768,0,-38400,-8783,-31569,29
849,0,32768,0,-38368,-8783,-31569,61
850,0,32768,0,-38336,-8783,-31569,93
851,0,32768,0,-38304,-8783,-31569,125
852,0,32768,0,-38272,-8783,-31569,157
853,0,32768,0,-38240,-8289,-31702,-137
854,0,32768,0,-38208,-8289,-31702,-105
855,0,32768,0,-38176,-8289,-31702,-73
856,0,32768,0,-38144,-8289,-31702,-41
857,0,32768,0,-38112,-8289,-31702,-9
858,0,32768,0,-38080,-8289,-31702,23
859,0,32768,0,-38048,-8289,-31702,55
860,0,32768,0,-38016,-8289,-31702,87
861,0,32768,0,-37984,-8289,-31702,119
862,0,32768,0,-37952,-8289,-31702,151
863,0,32768,0,-37920,-7793,-31828,-143
864,0,32768,0,-37888,-7793,-31828,-111
865,0,32768,0,-37856,-7793,-31828,-79
866,0,32768,0,-37824,-7793,-31828,-47
867,0,32768,0,-37792,-7793,-31828,-15
868,0,32768,0,-37760,-7793,-31828,17
869,0,32768,0,-37728,-7793,-31828,49
870,0,32768,0,-37696,-7793,-31828,81
871,0,32768,0,-37664,-7793,-31828,113
872,0,32768,0,-37632,-7793,-31828,145
873,0,32768,0,-37600,-7295,-31946,-149
874,0,32768,0,-37568,-7295,-31946,-117
875,0,32768,0,-37536,-7295,-31946,-85
876,0,32768,0,-37504,-7295,-31946,-53
877,0,32768,0,-37472,-7295,-31946,-21
878,0,32768,0,-37440,-7295,-31946,11
879,0,32768,0,-37408,-7295,-31946,43
880,0,32768,0,-37376,-7295,-31946,75
881,0,32768,0,-37344,-7295,-31946,107
882,0,32768,0,-37312,-7295,-31946,139
883,0,32768,0,-37280,-6794,-32056,-155
884,0,32768,0,-37248,-6794,-32056,-123
885,0,32768,0,-37216,-6794,-32056,-91
886,0,32768,0,-37184,-6794,-32056,-59
887,0,32768,0,-37152,-6794,-32056,-27
888,0,32768,0,-37120,-6794,-32056,5
889,0,32768,0,-37088,-6794,-32056,37
890,0,32768,0,-37056,-6794,-32056,69
891,0,32768,0,-37024,-6794,-32056,101
892,0,32768,0,-36992,-6794,-32056,133
893,0,32768,0,-36960,-6297,-32157,-158
894,0,32768,0,-36928,-6297,-32157,-126
895,0,32768,0,-36896,-6297,-32157,-94
896,0,32768,0,-36864,-6297,-32157,-62
897,0,32768,0,-36832,-6297,-32157,-30
898,0,32768,0,-36800,-6297,-32157,2
899,0,32768,0,-36768,-6297,-32157,34
900,0,32768,0,-36736,-6297,-32157,66
901,0,32768,0,-36704,-6297,-32157,98
902,0,32768,0,-36672,-6297,-32157,130
903,0,32768,0,-36640,-6297,-32157,162
904,0,32768,0,-36608,-5794,-32252,-132
905,0,32768,0,-36576,-5794,-32252,-100
906,0,32768,0,-36544,-5794,-32252,-68
907,0,32768,0,-36512,-5794,-32252,-36
908,0,32768,0,-36480,-5794,-32252,-4
909,0,32768,0,-36448,-5794,-32252,28
910,0,32768,0,-36416,-5794,-32252,60
911,0,32768,0,-36384,-5794,-32252,92
912,0,32768,0,-36352,-5794,-32252,124
913,0,32768,0,-36320,-5794,-32252,156
914,0,32768,0,-36288,-5290,-32338,-138
915,0,32768,0,-36256,-5290,-32338,-106
916,0,32768,0,-36224,-5290,-32338,-74
917,0,32768,0,-36192,-5290,-32338,-42
918,0,32768,0,-36160,-5290,-32338,-10
919,0,32768,0,-36128,-5290,-32338,22
920,0,32768,0,-36096,-5290,-32338,54
921,0,32768,0,-36064,-5290,-32338,86
922,0,32768,0,-36032,-5290,-32338,118
923,0,32768,0,-36000,-5290,-32338,150
924,0,32768,0,-35968,-4784,-32417,-144
925,0,32768,0,-35936,-4784,-32417,-112
926,0,32768,0,-35904,-4784,-32417,-80
927,0,32768,0,-35872,-4784,-32417,-48
928,0,32768,0,-35840,-4784,-32417,-16
929,0,32768,0,-35808,-4784,-32417,16
930,0,32768,0,-35776,-4784,-32417,48
931,0,32768,0,-35744,-4784,-32417,80
932,0,32768,0,-35712,-4784,-32417,112
933,0,32768,0,-35680,-4784,-32417,144
934,0,32768,0,-35648,-4277,-32488,-149
935,0,32768,0,-35616,-4277,-32488,-117
936,0,32768,0,-35584,-4277,-32488,-85
937,0,32768,0,-35552,-4277,-32488,-53
938,0,32768,0,-35520,-4277,-32488,-21
939,0,32768,0,-35488,-4277,-32488,11
940,0,32768,0,-35456,-4277,-32488,43
941,0,32768,0,-35424,-4277,-32488,75
942,0,32768,0,-35392,-4277,-32488,107
943,0,32768,0,-35360,-4277,-32488,139
944,0,32768,0,-35328,-3769,-32551,-155
945,0,32768,0,-35296,-3769,-32551,-123
946,0,32768,0,-35264,-3769,-32551,-91
947,0,32768,0,-35232,-3769,-32551,-59
948,0,32768,0,-35200,-3769,-32551,-27
949,0,32768,0,-35168,-3769,-32551,5
950,0,32768,0,-35136,-3769,-32551,37
951,0,32768,0,-35104,-3769,-32551,69
952,0,32768,0,-35072,-3769,-32551,101
953,0,32768,0,-35040,-3769,-32551,133
954,0,32768,0,-35008,-3260,-32606,-161
955,0,32768,0,-34976,-3260,-32606,-129
956,0,32768,0,-34944,-3260,-32606,-97
957,0,32768,0,-34912,-3260,-32606,-65
958,0,32768,0,-34880,-3260,-32606,-33
959,0,32768,0,-34848,-3260,-32606,-1
960,0,32768,0,-34816,-3260,-32606,31
961,0,32768,0,-34784,-3260,-32606,63
962,0,32768,0,-34752,-3260,-32606,95
963,0,32768,0,-34720,-3260,-32606,127
964,0,32768,0,-34688,-3260,-32606,159
965,0,32768,0,-34656,-2750,-32653,-135
966,0,32768,0,-34624,-2750,-32653,-103
967,0,32768,0,-34592,-2750,-32653,-71
968,0,32768,0,-34560,-2750,-32653,-39
969,0,32768,0,-34528,-2750,-32653,-7
970,0,32768,0,-34496,-2750,-32653,25
971,0,32768,0,-34464,-2750,-32653,57
972,0,32768,0,-34432,-2750,-32653,89
973,0,32768,0,-34400,-2750,-32653,121
974,0,32768,0,-34368,-2276,-32689,-150
975,0,32768,0,-34336,-2276,-32689,-118
976,0,32768,0,-34304,-2276,-32689,-86
977,0,32768,0,-34272,-2276,-32689,-54
978,0,32768,0,-34240,-2276,-32689,-22
979,0,32768,0,-34208,-2276,-32689,10
980,0,32768,0,-34176,-2276,-32689,42
981,0,32768,0,-34144,-2276,-32689,74
982,0,32768,0,-34112,-2276,-32689,106
983,0,32768,0,-34080,-2276,-32689,138
984,0,32768,0,-34048,-1765,-32721,-156
985,0,32768,0,-34016,-1765,-32721,-124
986,0,32768,0,-33984,-1765,-32721,-92
987,0,32768,0,-33952,-1765,-32721,-60
988,0,32768,0,-33920,-1765,-32721,-28
989,0,32768,0,-33888,-1765,-32721,4
990,0,32768,0,-33856,-1765,-32721,36
991,0,32768,0,-33824,-1765,-32721,68
992,0,32768,0,-33792,-1765,-32721,100
993,0,32768,0,-33760,-1765,-32721,132
994,0,32768,0,-33728,-1253,-32744,-162
995,0,32768,0,-33696,-1253,-32744,-130
996,0,32768,0,-33664,-1253,-32744,-98
997,0,32768,0,-33632,-1253,-32744,-66
998,0,32768,0,-33600,-1253,-32744,-34
999,0,32768,0,-33568,-1253,-32744,-2
1000,0,32768,0,-33536,-1253,-32744,30
1001,0,32768,0,-33504,-1253,-32744,62
1002,0,32768,0,-33472,-1253,-32744,94
1003,0,32768,0,-33440,-1253,-32744,126
1004,0,32768,0,-33408,-1253,-32744,158
1005,0,32768,0,-33376,-742,-32760,-136
1006,0,32768,0,-33344,-742,-32760,-104
1007,0,32768,0,-33312,-742,-32760,-72
1008,0,32768,0,-33280,-742,-32760,-40
1009,0,32768,0,-33248,-742,-32760,-8
1010,0,32768,0,-33216,-742,-32760,24
1011,0,32768,0,-33184,-742,-32760,56
1012,0,32768,0,-33152,-742,-32760,88
1013,0,32768,0,-33120,-742,-32760,120
1014,0,32768,0,-33088,-742,-32760,152
1015,0,32768,0,-33056,-230,-32767,-141
1016,0,32768,0,-33024,-230,-32767,-109
1017,0,32768,0,-32992,-230,-32767,-77
1018,0,32768,0,-32960,-230,-32767,-45
1019,0,32768,0,-32928,-230,-32767,-13
1020,0,32768,0,-32896,-230,-32767,19
1021,0,32768,0,-32864,-230,-32767,51
1022,0,32768,0,-32832,-230,-32767,83
1023,0,32768,0,-32800,-230,-32767,115
1024,0,32768,0,-32768,230,-32767,-147
1025,0,32768,0,-32736,230,-32767,-115
1026,0,32768,0,-32704,230,-32767,-83
1027,0,32768,0,-32672,230,-32767,-51
1028,0,32768,0,-32640,230,-32767,-19
1029,0,32768,0,-32608,230,-32767,13
1030,0,32768,0,-32576,230,-32767,45
1031,0,32768,0,-32544,230,-32767,77
1032,0,32768,0,-32512,230,-32767,109
1033,0,32768,0,-32480,230,-32767,141
1034,0,32768,0,-32448,742,-32760,-152
1035,0,32768,0,-32416,742,-32760,-120
1036,0,32768,0,-32384,742,-32760,-88
1037,0,32768,0,-32352,742,-32760,-56
1038,0,32768,0,-32320,742,-32760,-24
1039,0,32768,0,-32288,742,-32760,8
1040,0,32768,0,-32256,742,-32760,40
1041,0,32768,0,-32224,742,-32760,72
1042,0,32768,0,-32192,742,-32760,104
1043,0,32768,0,-32160,742,-32760,136
1044,0,32768,0,-32128,1253,-32744,-158
1045,0,32768,0,-32096,1253,-32744,-126
1046,0,32768,0,-32064,1253,-32744,-94
1047,0,32768,0,-32032,1253,-32744,-62
1048,0,32768,0,-32000,1253,-32744,-30
1049,0,32768,0,-31968,1253,-32744,2
1050,0,32768,0,-31936,1253,-32744,34
1051,0,32768,0,-31904,1253,-32744,66
1052,0,32768,0,-31872,1253,-32744,98
1053,0,32768,0,-31840,1253,-32744,130
1054,0,32768,0,-31808,1253,-32744,162
1055,0,32768,0,-31776,1765,-32721,-132
1056,0,32768,0,-31744,1765,-32721,-100
1057,0,32768,0,-31712,1765,-32721,-68
1058,0,32768,0,-31680,1765,-32721,-36
1059,0,32768,0,-31648,1765,-32721,-4
1060,0,32768,0,-31616,1765,-32721,28
1061,0,32768,0,-31584,1765,-32721,60
1062,0,32768,0,-31552,1765,-32721,92
1063,0,32768,0,-31520,1765,-32721,124
1064,0,32768,0,-31488,1765,-32721,156
1065,0,32768,0,-31456,2276,-32689,-138
1066,0,32768,0,-31424,2276,-32689,-106
1067,0,32768,0,-31392,2276,-32689,-74
1068,0,32768,0,-31360,2276,-32689,-42
1069,0,32768,0,-31328,2276,-32689,-10
1070,0,32768,0,-31296,2276,-32689,22
1071,0,32768,0,-31264,2276,-32689,54
1072,0,32768,0,-31232,2276,-32689,86
1073,0,32768,0,-31200,2276,-32689,118
1074,0,32768,0,-31168,2276,-32689,150
1075,0,32768,0,-31136,2750,-32652,-121
1076,0,32768,0,-31104,2750,-32652,-89
1077,0,32768,0,-31072,2750,-32652,-57
1078,0,32768,0,-31040,2750,-32652,-25
1079,0,32768,0,-31008,2750,-32652,7
1080,0,32768,0,-30976,2750,-32652,39
1081,0,32768,0,-30944,2750,-32652,71
1082,0,32768,0,-30912,2750,-32652,103
1083,0,32768,0,-30880,2750,-32652,135
1084,0,32768,0,-30848,3260,-32605,-159
1085,0,32768,0,-30816,3260,-32605,-127
1086,0,32768,0,-30784,3260,-32605,-95
1087,0,32768,0,-30752,3260,-32605,-63
1088,0,32768,0,-30720,3260,-32605,-31
1089,0,32768,0,-30688,3260,-32605,1
1090,0,32768,0,-30656,3260,-32605,33
1091,0,32768,0,-30624,3260,-32605,65
1092,0,32768,0,-30592,3260,-32605,97
1093,0,32768,0,-30560,3260,-32605,129
1094,0,32768,0,-30528,3260,-32605,161
1095,0,32768,0,-30496,3769,-32550,-133
1096,0,32768,0,-30464,3769,-32550,-101
1097,0,32768,0,-30432,3769,-32550,-69
1098,0,32768,0,-30400,3769,-32550,-37
1099,0,32768,0,-30368,3769,-32550,-5
1100,0,32768,0,-30336,3769,-32550,27
1101,0,32768,0,-30304,3769,-32550,59
1102,0,32768,0,-30272,3769,-32550,91
1103,0,32768,0,-30240,3769,-32550,123
1104,0,32768,0,-30208,3769,-32550,155
1105,0,32768,0,-30176,4277,-32488,-139
1106,0,32768,0,-30144,4277,-32488,-107
1107,0,32768,0,-30112,4277,-32488,-75
1108,0,32768,0,-30080,4277,-32488,-43
1109,0,32768,0,-30048,4277,-32488,-11
1110,0,32768,0,-30016,4277,-32488,21
1111,0,32768,0,-29984,4277,-32488,53
1112,0,32768,0,-29952,4277,-32488,85
1113,0,32768,0,-29920,4277,-32488,117
1114,0,32768,0,-29888,4277,-32488,149
1115,0,32768,0,-29856,4784,-32417,-144
1116,0,32768,0,-29824,4784,-32417,-112
1117,0,32768,0,-29792,4784,-32417,-80
1118,0,32768,0,-29760,4784,-32417,-48
1119,0,32768,0,-29728,4784,-32417,-16
1120,0,32768,0,-29696,4784,-32417,16
1121,0,32768,0,-29664,4784,-32417,48
1122,0,32768,0,-29632,4784,-32417,80
1123,0,32768,0,-29600,4784,-32417,112
1124,0,32768,0,-29568,4784,-32417,144
1125,0,32768,0,-29536,5290,-32338,-150
1126,0,32768,0,-29504,5290,-32338,-118
1127,0,32768,0,-29472,5290,-32338,-86
1128,0,32768,0,-29440,5290,-32338,-54
1129,0,32768,0,-29408,5290,-32338,-22
1130,0,32768,0,-29376,5290,-32338,10
1131,0,32768,0,-29344,5290,-32338,42
1132,0,32768,0,-29312,5290,-32338,74
1133,0,32768,0,-29280,5290,-32338,106
1134,0,32768,0,-29248,5290,-32338,138
1135,0,32768,0,-29216,5794,-32252,-156
1136,0,32768,0,-29184,5794,-32252,-124
1137,0,32768,0,-29152,5794,-32252,-92
1138,0,32768,0,-29120,5794,-32252,-60
1139,0,32768,0,-29088,5794,-32252,-28
1140,0,32768,0,-29056,5794,-32252,4
1141,0,32768,0,-29024,5794,-32252,36
1142,0,32768,0,-28992,5794,-32252,68
1143,0,32768,0,-28960,5794,-32252,100
1144,0,32768,0,-28928,5794,-32252,132
1145,0,32768,0,-28896,6298,-32157,-162
1146,0,32768,0,-28864,6298,-32157,-130
1147,0,32768,0,-28832,6298,-32157,-98
1148,0,32768,0,-28800,6298,-32157,-66
1149,0,32768,0,-28768,6298,-32157,-34
1150,0,32768,0,-28736,6298,-32157,-2
1151,0,32768,0,-28704,6298,-32157,30
1152,0,32768,0,-28672,6298,-32157,62
1153,0,32768,0,-28640,6298,-32157,94
1154,0,32768,0,-28608,6298,-32157,126
1155,0,32768,0,-28576,6298,-32157,158
1156,0,32768,0,-28544,6794,-32056,-133
1157,0,32768,0,-28512,6794,-32056,-101
1158,0,32768,0,-28480,6794,-32056,-69
1159,0,32768,0,-28448,6794,-32056,-37
1160,0,32768,0,-28416,6794,-32056,-5
1161,0,32768,0,-28384,6794,-32056,27
1162,0,32768,0,-28352,6794,-32056,59
1163,0,32768,0,-28320,6794,-32056,91
1164,0,32768,0,-28288,6794,-32056,123
1165,0,32768,0,-28256,6794,-32056,155
1166,0,32768,0,-28224,7295,-31946,-139
1167,0,32768,0,-28192,7295,-31946,-107
1168,0,32768,0,-28160,7295,-31946,-75
1169,0,32768,0,-28128,7295,-31946,-43
1170,0,32768,0,-28096,7295,-31946,-11
1171,0,32768,0,-28064,7295,-31946,21
1172,0,32768,0,-28032,7295,-31946,53
1173,0,32768,0,-28000,7295,-31946,85
1174,0,32768,0,-27968,7295,-31946,117
1175,0,32768,0,-27936,7295,-31946,149
1176,0,32768,0,-27904,7793,-31828,-145
1177,0,32768,0,-27872,7793,-31828,-113
1178,0,32768,0,-27840,7793,-31828,-81
1179,0,32768,0,-27808,7793,-31828,-49
1180,0,32768,0,-27776,7793,-31828,-17
1181,0,32768,0,-27744,7793,-31828,15
1182,0,32768,0,-27712,7793,-31828,47
1183,0,32768,0,-27680,7793,-31828,79
1184,0,32768,0,-27648,7793,-31828,111
1185,0,32768,0,-27616,7793,-31828,143
1186,0,32768,0,-27584,8289,-31702,-151
1187,0,32768,0,-27552,8289,-31702,-119
1188,0,32768,0,-27520,8289,-31702,-87
1189,0,32768,0,-27488,8289,-31702,-55
1190,0,32768,0,-27456,8289,-31702,-23
1191,0,32768,0,-27424,8289,-31702,9
1192,0,32768,0,-27392,8289,-31702,41
1193,0,32768,0,-27360,8289,-31702,73
1194,0,32768,0,-27328,8289,-31702,105
1195,0,32768,0,-27296,8289,-31702,137
1196,0,32768,0,-27264,8783,-31569,-156
1197,0,32768,0,-27232,8783,-31569,-124
1198,0,32768,0,-27200,8783,-31569,-92
1199,0,32768,0,-27168,8783,-31569,-60
1200,0,32768,0,-27136,8783,-31569,-28
1201,0,32768,0,-27104,8783,-31569,4
1202,0,32768,0,-27072,8783,-31569,36
1203,0,32768,0,-27040,8783,-31569,68
1204,0,32768,0,-27008,8783,-31569,100
1205,0,32768,0,-26976,8783,-31569,132
1206,0,32768,0,-26944,9275,-31428,-162
1207,0,32768,0,-26912,9275,-31428,-130
1208,0,32768,0,-26880,9275,-31428,-98
1209,0,32768,0,-26848,9275,-31428,-66
1210,0,32768,0,-26816,9275,-31428,-34
1211,0,32768,0,-26784,9275,-31428,-2
1212,0,32768,0,-26752,9275,-31428,30
1213,0,32768,0,-26720,9275,-31428,62
1214,0,32768,0,-26688,9275,-31428,94
1215,0,32768,0,-26656,9275,-31428,126
1216,0,32768,0,-26624,9275,-31428,158
1217,0,32768,0,-26592,9765,-31279,-136
1218,0,32768,0,-26560,9765,-31279,-104
1219,0,32768,0,-26528,9765,-31279,-72
1220,0,32768,0,-26496,9765,-31279,-40
1221,0,32768,0,-26464,9765,-31279,-8
1222,0,32768,0,-26432,9765,-31279,24
1223,0,32768,0,-26400,9765,-31279,56
1224,0,32768,0,-26368,9765,-31279,88
1225,0,32768,0,-26336,9765,-31279,120
1226,0,32768,0,-26304,9765,-31279,152
1227,0,32768,0,-26272,10253,-31123,-142
1228,0,32768,0,-26240,10253,-31123,-110
1229,0,32768,0,-26208,10253,-31123,-78
1230,0,32768,0,-26176,10253,-31123,-46
1231,0,32768,0,-26144,10253,-31123,-14
1232,0,32768,0,-26112,10253,-31123,18
1233,0,32768,0,-26080,10253,-31123,50
1234,0,32768,0,-26048,10472,-31050,-66
1235,0,32768,0,-26016,10472,-31050,-34
1236,0,32768,0,-25984,10472,-31050,-2
1237,0,32768,0,-25952,10472,-31050,30
1238,0,32768,0,-25920,10472,-31050,62
1239,0,32768,0,-25888,10472,-31050,94
1240,0,32768,0,-25856,10472,-31050,126
1241,0,32768,0,-25824,10472,-31050,158
1242,0,32768,0,-25792,10956,-30882,-136
1243,0,32768,0,-25760,10956,-30882,-104
1244,0,32768,0,-25728,10956,-30882,-72
1245,0,32768,0,-25696,10956,-30882,-40
1246,0,32768,0,-25664,10956,-30882,-8
1247,0,32768,0,-25632,10956,-30882,24
1248,0,32768,0,-25600,10956,-30882,56
1249,0,32768,0,-25568,10956,-30882,88
1250,0,32768,0,-25536,10956,-30882,120
1251,0,32768,0,-25504,10956,-30882,152
1252,0,32768,0,-25472,11437,-30707,-141
1253,0,32768,0,-25440,11437,-30707,-109
1254,0,32768,0,-25408,11437,-30707,-77
1255,0,32768,0,-25376,11437,-30707,-45
1256,0,32768,0,-25344,11437,-30707,-13
1257,0,32768,0,-25312,11437,-30707,19
1258,0,32768,0,-25280,11437,-30707,51
1259,0,32768,0,-25248,11437,-30707,83
1260,0,32768,0,-25216,11437,-30707,115
1261,0,32768,0,-25184,11437,-30707,147
1262,0,32768,0,-25152,11915,-30525,-147
1263,0,32768,0,-25120,11915,-30525,-115
1264,0,32768,0,-25088,11915,-30525,-83
1265,0,32768,0,-25056,11915,-30525,-51
1266,0,32768,0,-25024,11915,-30525,-19
1267,0,32768,0,-24992,11915,-30525,13
1268,0,32768,0,-24960,11915,-30525,45
1269,0,32768,0,-24928,11915,-30525,77
1270,0,32768,0,-24896,11915,-30525,109
1271,0,32768,0,-24864,11915,-30525,141
1272,0,32768,0,-24832,12390,-30335,-153
1273,0,32768,0,-24800,12390,-30335,-121
1274,0,32768,0,-24768,12390,-30335,-89
1275,0,32768,0,-24736,12390,-30335,-57
1276,0,32768,0,-24704,12390,-30335,-25
1277,0,32768,0,-24672,12390,-30335,7
1278,0,32768,0,-24640,12390,-30335,39
1279,0,32768,0,-24608,12390,-30335,71
1280,0,32768,0,-24576,12390,-30335,103
1281,0,32768,0,-24544,12390,-30335,135
1282,0,32768,0,-24512,12863,-30138,-159
1283,0,32768,0,-24480,12863,-30138,-127
1284,0,32768,0,-24448,12863,-30138,-95
1285,0,32768,0,-24416,12863,-30138,-63
1286,0,32768,0,-24384,12863,-30138,-31
1287,0,32768,0,-24352,12863,-30138,1
1288,0,32768,0,-24320,12863,-30138,33
1289,0,32768,0,-24288,12863,-30138,65
1290,0,32768,0,-24256,12863,-30138,97
1291,0,32768,0,-24224,12863,-30138,129
1292,0,32768,0,-24192,12863,-30138,161
1293,0,32768,0,-24160,13332,-29933,-133
1294,0,32768,0,-24128,13332,-29933,-101
1295,0,32768,0,-24096,13332,-29933,-69
1296,0,32768,0,-24064,13332,-29933,-37
1297,0,32768,0,-24032,13332,-29933,-5
1298,0,32768,0,-24000,13332,-29933,27
1299,0,32768,0,-23968,13332,-29933,59
1300,0,32768,0,-23936,13332,-29933,91
1301,0,32768,0,-23904,13332,-29933,123
1302,0,32768,0,-23872,13332,-29933,155
1303,0,32768,0,-23840,13798,-29722,-139
1304,0,32768,0,-23808,13798,-29722,-107
1305,0,32768,0,-23776,13798,-29722,-75
1306,0,32768,0,-23744,13798,-29722,-43
1307,0,32768,0,-23712,13798,-29722,-11
1308,0,32768,0,-23680,13798,-29722,21
1309,0,32768,0,-23648,13798,-29722,53
1310,0,32768,0,-23616,13798,-29722,85
1311,0,32768,0,-23584,13798,-29722,117
1312,0,32768,0,-23552,13798,-29722,149
1313,0,32768,0,-23520,14257,-29504,-142
1314,0,32768,0,-23488,14257,-29504,-110
1315,0,32768,0,-23456,14257,-29504,-78
1316,0,32768,0,-23424,14257,-29504,-46
1317,0,32768,0,-23392,14257,-29504,-14
1318,0,32768,0,-23360,14257,-29504,18
1319,0,32768,0,-23328,14257,-29504,50
1320,0,32768,0,-23296,14257,-29504,82
1321,0,32768,0,-23264,14257,-29504,114
1322,0,32768,0,-23232,14257,-29504,146
1323,0,32768,0,-23200,14716,-29278,-148
1324,0,32768,0,-23168,14716,-29278,-116
1325,0,32768,0,-23136,14716,-29278,-84
1326,0,32768,0,-23104,14716,-29278,-52
1327,0,32768,0,-23072,14716,-29278,-20
1328,0,32768,0,-23040,14716,-29278,12
1329,0,32768,0,-23008,14716,-29278,44
1330,0,32768,0,-22976,14716,-29278,76
1331,0,32768,0,-22944,14716,-29278,108
1332,0,32768,0,-22912,14716,-29278,140
1333,0,32768,0,-22880,15171,-29045,-154
1334,0,32768,0,-22848,15171,-29045,-122
1335,0,32768,0,-22816,15171,-29045,-90
1336,0,32768,0,-22784,15171,-29045,-58
1337,0,32768,0,-22752,15171,-29045,-26
1338,0,32768,0,-22720,15171,-29045,6
1339,0,32768,0,-22688,15171,-29045,38
1340,0,32768,0,-22656,15171,-29045,70
1341,0,32768,0,-22624,15171,-29045,102
1342,0,32768,0,-22592,15171,-29045,134
1343,0,32768,0,-22560,15623,-28804,-160
1344,0,32768,0,-22528,15623,-28804,-128
1345,0,32768,0,-22496,15623,-28804,-96
1346,0,32768,0,-22464,15623,-28804,-64
1347,0,32768,0,-22432,15623,-28804,-32
1348,0,32768,0,-22400,15623,-28804,0
1349,0,32768,0,-22368,15623,-28804,32
1350,0,32768,0,-22336,15623,-28804,64
1351,0,32768,0,-22304,15623,-28804,96
1352,0,32768,0,-22272,15623,-28804,128
1353,0,32768,0,-22240,15623,-28804,160
1354,0,32768,0,-22208,16071,-28557,-133
1355,0,32768,0,-22176,16071,-28557,-101
1356,0,32768,0,-22144,16071,-28557,-69
1357,0,32768,0,-22112,16071,-28557,-37
1358,0,32768,0,-22080,16071,-28557,-5
1359,0,32768,0,-22048,16071,-28557,27
1360,0,32768,0,-22016,16071,-28557,59
1361,0,32768,0,-21984,16071,-28557,91
1362,0,32768,0,-21952,16071,-28557,123
1363,0,32768,0,-21920,16071,-28557,155
1364,0,32768,0,-21888,16515,-28302,-139
1365,0,32768,0,-21856,16515,-28302,-107
1366,0,32768,0,-21824,16515,-28302,-75
1367,0,32768,0,-21792,16515,-28302,-43
1368,0,32768,0,-21760,16515,-28302,-11
1369,0,32768,0,-21728,16515,-28302,21
1370,0,32768,0,-21696,16515,-28302,53
1371,0,32768,0,-21664,16515,-28302,85
1372,0,32768,0,-21632,16515,-28302,117
1373,0,32768,0,-21600,16515,-28302,149
1374,0,32768,0,-21568,16955,-28041,-145
1375,0,32768,0,-21536,16955,-28041,-113
1376,0,32768,0,-21504,16955,-28041,-81
1377,0,32768,0,-21472,16955,-28041,-49
1378,0,32768,0,-21440,16955,-28041,-17
1379,0,32768,0,-21408,16955,-28041,15
1380,0,32768,0,-21376,16955,-28041,47
1381,0,32768,0,-21344,16955,-28041,79
1382,0,32768,0,-21312,16955,-28041,111
1383,0,32768,0,-21280,16955,-28041,143
1384,0,32768,0,-21248,17392,-27772,-151
1385,0,32768,0,-21216,17392,-27772,-119
1386,0,32768,0,-21184,17392,-27772,-87
1387,0,32768,0,-21152,17392,-27772,-55
1388,0,32768,0,-21120,17392,-27772,-23
1389,0,32768,0,-21088,17392,-27772,9
1390,0,32768,0,-21056,17392,-27772,41
1391,0,32768,0,-21024,17392,-27772,73
1392,0,32768,0,-20992,17392,-27772,105
1393,0,32768,0,-20960,17392,-27772,137
1394,0,32768,0,-20928,17793,-27517,-134
1395,0,32768,0,-20896,17793,-27517,-102
1396,0,32768,0,-20864,17793,-27517,-70
1397,0,32768,0,-20832,17793,-27517,-38
1398,0,32768,0,-20800,17793,-27517,-6
1399,0,32768,0,-20768,17793,-27517,26
1400,0,32768,0,-20736,17793,-27517,58
1401,0,32768,0,-20704,17793,-27517,90
1402,0,32768,0,-20672,17793,-27517,122
1403,0,32768,0,-20640,17793,-27517,154
1404,0,32768,0,-20608,18220,-27235,-140
1405,0,32768,0,-20576,18220,-27235,-108
1406,0,32768,0,-20544,18220,-27235,-76
1407,0,32768,0,-20512,18220,-27235,-44
1408,0,32768,0,-20480,18220,-27235,-12
1409,0,32768,0,-20448,18220,-27235,20
1410,0,32768,0,-20416,18220,-27235,52
1411,0,32768,0,-20384,18220,-27235,84
1412,0,32768,0,-20352,18220,-27235,116
1413,0,32768,0,-20320,18220,-27235,148
1414,0,32768,0,-20288,18644,-26947,-146
1415,0,32768,0,-20256,18644,-26947,-114
1416,0,32768,0,-20224,18644,-26947,-82
1417,0,32768,0,-20192,18644,-26947,-50
1418,0,32768,0,-20160,18644,-26947,-18
1419,0,32768,0,-20128,18644,-26947,14
1420,0,32768,0,-20096,18644,-26947,46
1421,0,32768,0,-20064,18644,-26947,78
1422,0,32768,0,-20032,18644,-26947,110
1423,0,32768,0,-20000,18644,-26947,142
1424,0,32768,0,-19968,19063,-26653,-152
1425,0,32768,0,-19936,19063,-26653,-120
1426,0,32768,0,-19904,19063,-26653,-88
1427,0,32768,0,-19872,19063,-26653,-56
1428,0,32768,0,-19840,19063,-26653,-24
1429,0,32768,0,-19808,19063,-26653,8
1430,0,32768,0,-19776,19063,-26653,40
1431,0,32768,0,-19744,19063,-26653,72
1432,0,32768,0,-19712,19063,-26653,104
1433,0,32768,0,-19680,19063,-26653,136
1434,0,32768,0,-19648,19476,-26352,-157
1435,0,32768,0,-19616,19476,-26352,-125
1436,0,32768,0,-19584,19476,-26352,-93
1437,0,32768,0,-19552,19476,-26352,-61
1438,0,32768,0,-19520,19476,-26352,-29
1439,0,32768,0,-19488,19476,-26352,3
1440,0,32768,0,-19456,19476,-26352,35
1441,0,32768,0,-19424,19476,-26352,67
1442,0,32768,0,-19392,19476,-26352,99
1443,0,32768,0,-19360,19476,-26352,131
1444,0,32768,0,-19328,19476,-26352,163
1445,0,32768,0,-19296,19886,-26045,-131
1446,0,32768,0,-19264,19886,-26045,-99
1447,0,32768,0,-19232,19886,-26045,-67
1448,0,32768,0,-19200,19886,-26045,-35
1449,0,32768,0,-19168,19886,-26045,-3
1450,0,32768,0,-19136,19886,-26045,29
1451,0,32768,0,-19104,19886,-26045,61
1452,0,32768,0,-19072,19886,-26045,93
1453,0,32768,0,-19040,19886,-26045,125
1454,0,32768,0,-19008,19886,-26045,157
1455,0,32768,0,-18976,20290,-25731,-137
1456,0,32768,0,-18944,20290,-25731,-105
1457,0,32768,0,-18912,20290,-25731,-73
1458,0,32768,0,-18880,20290,-25731,-41
1459,0,32768,0,-18848,20290,-25731,-9
1460,0,32768,0,-18816,20290,-25731,23
1461,0,32768,0,-18784,20290,-25731,55
1462,0,32768,0,-18752,20290,-25731,87
1463,0,32768,0,-18720,20290,-25731,119
1464,0,32768,0,-18688,20290,-25731,151
1465,0,32768,0,-18656,20690,-25411,-143
1466,0,32768,0,-18624,20690,-25411,-111
1467,0,32768,0,-18592,20690,-25411,-79
1468,0,32768,0,-18560,20690,-25411,-47
1469,0,32768,0,-18528,20690,-25411,-15
1470,0,32768,0,-18496,20690,-25411,17
1471,0,32768,0,-18464,20690,-25411,49
1472,0,32768,0,-18432,20690,-25411,81
1473,0,32768,0,-18400,20690,-25411,113
1474,0,32768,0,-18368,20690,-25411,145
1475,0,32768,0,-18336,21081,-25087,-146
1476,0,32768,0,-18304,21081,-25087,-114
1477,0,32768,0,-18272,21081,-25087,-82
1478,0,32768,0,-18240,21081,-25087,-50
1479,0,32768,0,-18208,21081,-25087,-18
1480,0,32768,0,-18176,21081,-25087,14
1481,0,32768,0,-18144,21081,-25087,46
1482,0,32768,0,-18112,21081,-25087,78
1483,0,32768,0,-18080,21081,-25087,110
1484,0,32768,0,-18048,21081,-25087,142
1485,0,32768,0,-18016,21470,-24755,-152
1486,0,32768,0,-17984,21470,-24755,-120
1487,0,32768,0,-17952,21470,-24755,-88
1488,0,32768,0,-17920,21470,-24755,-56
1489,0,32768,0,-17888,21470,-24755,-24
1490,0,32768,0,-17856,21470,-24755,8
1491,0,32768,0,-17824,21470,-24755,40
1492,0,32768,0,-17792,21470,-24755,72
1493,0,32768,0,-17760,21470,-24755,104
1494,0,32768,0,-17728,21470,-24755,136
1495,0,32768,0,-17696,21854,-24416,-158
1496,0,32768,0,-17664,21854,-24416,-126
1497,0,32768,0,-17632,21854,-24416,-94
1498,0,32768,0,-17600,21854,-24416,-62
1499,0,32768,0,-17568,21854,-24416,-30
1500,0,32768,0,-17536,21854,-24416,2
1501,0,32768,0,-17504,21854,-24416,34
1502,0,32768,0,-17472,21854,-24416,66
1503,0,32768,0,-17440,21854,-24416,98
1504,0,32768,0,-17408,21854,-24416,130
1505,0,32768,0,-17376,21854,-24416,162
1506,0,32768,0,-17344,22233,-24072,-132
1507,0,32768,0,-17312,22233,-24072,-100
1508,0,32768,0,-17280,22233,-24072,-68
1509,0,32768,0,-17248,22233,-24072,-36
1510,0,32768,0,-17216,22233,-24072,-4
1511,0,32768,0,-17184,22233,-24072,28
1512,0,32768,0,-17152,22233,-24072,60
1513,0,32768,0,-17120,22233,-24072,92
1514,0,32768,0,-17088,22233,-24072,124
1515,0,32768,0,-17056,22233,-24072,156
1516,0,32768,0,-17024,22606,-23722,-137
1517,0,32768,0,-16992,22606,-23722,-105
1518,0,32768,0,-16960,22606,-23722,-73
1519,0,32768,0,-16928,22606,-23722,-41
1520,0,32768,0,-16896,22606,-23722,-9
1521,0,32768,0,-16864,22606,-23722,23
1522,0,32768,0,-16832,22606,-23722,55
1523,0,32768,0,-16800,22606,-23722,87
1524,0,32768,0,-16768,22606,-23722,119
1525,0,32768,0,-16736,22606,-23722,151
1526,0,32768,0,-16704,22974,-23366,-143
1527,0,32768,0,-16672,22974,-23366,-111
1528,0,32768,0,-16640,22974,-23366,-79
1529,0,32768,0,-16608,22974,-23366,-47
1530,0,32768,0,-16576,22974,-23366,-15
1531,0,32768,0,-16544,22974,-23366,17
1532,0,32768,0,-16512,22974,-23366,49
1533,0,32768,0,-16480,22974,-23366,81
1534,0,32768,0,-16448,22974,-23366,113
1535,0,32768,0,-16416,22974,-23366,145
1536,0,32768,0,-16384,23004,-23335,149
1537,0,32768,0,-16352,23366,-22973,-144
1538,0,32768,0,-16320,23366,-22973,-112
1539,0,32768,0,-16288,23366,-22973,-80
1540,0,32768,0,-16256,23366,-22973,-48
1541,0,32768,0,-16224,23366,-22973,-16
1542,0,32768,0,-16192,23366,-22973,16
1543,0,32768,0,-16160,23366,-22973,48
1544,0,32768,0,-16128,23366,-22973,80
1545,0,32768,0,-16096,23366,-22973,112
1546,0,32768,0,-16064,23366,-22973,144
1547,0,32768,0,-16032,23722,-22606,-150
1548,0,32768,0,-16000,23722,-22606,-118
1549,0,32768,0,-15968,23722,-22606,-86
1550,0,32768,0,-15936,23722,-22606,-54
1551,0,32768,0,-15904,23722,-22606,-22
1552,0,32768,0,-15872,23722,-22606,10
1553,0,32768,0,-15840,23722,-22606,42
1554,0,32768,0,-15808,23722,-22606,74
1555,0,32768,0,-15776,23722,-22606,106
1556,0,32768,0,-15744,23722,-22606,138
1557,0,32768,0,-15712,24072,-22232,-156
1558,0,32768,0,-15680,24072,-22232,-124
1559,0,32768,0,-15648,24072,-22232,-92
1560,0,32768,0,-15616,24072,-22232,-60
1561,0,32768,0,-15584,24072,-22232,-28
1562,0,32768,0,-15552,24072,-22232,4
1563,0,32768,0,-15520,24072,-22232,36
1564,0,32768,0,-15488,24072,-22232,68
1565,0,32768,0,-15456,24072,-22232,100
1566,0,32768,0,-15424,24072,-22232,132
1567,0,32768,0,-15392,24416,-21854,-162
1568,0,32768,0,-15360,24416,-21854,-130
1569,0,32768,0,-15328,24416,-21854,-98
1570,0,32768,0,-15296,24416,-21854,-66
1571,0,32768,0,-15264,24416,-21854,-34
1572,0,32768,0,-15232,24416,-21854,-2
1573,0,32768,0,-15200,24416,-21854,30
1574,0,32768,0,-15168,24416,-21854,62
1575,0,32768,0,-15136,24416,-21854,94
1576,0,32768,0,-15104,24416,-21854,126
1577,0,32768,0,-15072,24416,-21854,158
1578,0,32768,0,-15040,24755,-21470,-136
1579,0,32768,0,-15008,24755,-21470,-104
1580,0,32768,0,-14976,24755,-21470,-72
1581,0,32768,0,-14944,24755,-21470,-40
1582,0,32768,0,-14912,24755,-21470,-8
1583,0,32768,0,-14880,24755,-21470,24
1584,0,32768,0,-14848,24755,-21470,56
1585,0,32768,0,-14816,24755,-21470,88
1586,0,32768,0,-14784,24755,-21470,120
1587,0,32768,0,-14752,24755,-21470,152
1588,0,32768,0,-14720,25087,-21080,-142
1589,0,32768,0,-14688,25087,-21080,-110
1590,0,32768,0,-14656,25087,-21080,-78
1591,0,32768,0,-14624,25087,-21080,-46
1592,0,32768,0,-14592,25087,-21080,-14
1593,0,32768,0,-14560,25087,-21080,18
1594,0,32768,0,-14528,25087,-21080,50
1595,0,32768,0,-14496,25087,-21080,82
1596,0,32768,0,-14464,25087,-21080,114
1597,0,32768,0,-14432,25087,-21080,146
1598,0,32768,0,-14400,25410,-20689,-145
1599,0,32768,0,-14368,25410,-20689,-113
1600,0,32768,0,-14336,25410,-20689,-81
1601,0,32768,0,-14304,25410,-20689,-49
1602,0,32768,0,-14272,25410,-20689,-17
1603,0,32768,0,-14240,25410,-20689,15
1604,0,32768,0,-14208,25410,-20689,47
1605,0,32768,0,-14176,25410,-20689,79
1606,0,32768,0,-14144,25410,-20689,111
1607,0,32768,0,-14112,25410,-20689,143
1608,0,32768,0,-14080,25731,-20290,-151
1609,0,32768,0,-14048,25731,-20290,-119
1610,0,32768,0,-14016,25731,-20290,-87
1611,0,32768,0,-13984,25731,-20290,-55
1612,0,32768,0,-13952,25731,-20290,-23
1613,0,32768,0,-13920,25731,-20290,9
1614,0,32768,0,-13888,25731,-20290,41
1615,0,32768,0,-13856,25731,-20290,73
1616,0,32768,0,-13824,25731,-20290,105
1617,0,32768,0,-13792,25731,-20290,137
1618,0,32768,0,-13760,26044,-19885,-157
1619,0,32768,0,-13728,26044,-19885,-125
1620,0,32768,0,-13696,26044,-19885,-93
1621,0,32768,0,-13664,26044,-19885,-61
1622,0,32768,0,-13632,26044,-19885,-29
1623,0,32768,0,-13600,26044,-19885,3
1624,0,32768,0,-13568,26044,-19885,35
1625,0,32768,0,-13536,26044,-19885,67
1626,0,32768,0,-13504,26044,-19885,99
1627,0,32768,0,-13472,26044,-19885,131
1628,0,32768,0,-13440,26352,-19476,-163
1629,0,32768,0,-13408,26352,-19476,-131
1630,0,32768,0,-13376,26352,-19476,-99
1631,0,32768,0,-13344,26352,-19476,-67
1632,0,32768,0,-13312,26352,-19476,-35
1633,0,32768,0,-13280,26352,-19476,-3
1634,0,32768,0,-13248,26352,-19476,29
1635,0,32768,0,-13216,26352,-19476,61
1636,0,32768,0,-13184,26352,-19476,93
1637,0,32768,0,-13152,26352,-19476,125
1638,0,32768,0,-13120,26352,-19476,157
1639,0,32768,0,-13088,26653,-19062,-136
1640,0,32768,0,-13056,26653,-19062,-104
1641,0,32768,0,-13024,26653,-19062,-72
1642,0,32768,0,-12992,26653,-19062,-40
1643,0,32768,0,-12960,26653,-19062,-8
1644,0,32768,0,-12928,26653,-19062,24
1645,0,32768,0,-12896,26653,-19062,56
1646,0,32768,0,-12864,26653,-19062,88
1647,0,32768,0,-12832,26653,-19062,120
1648,0,32768,0,-12800,26653,-19062,152
1649,0,32768,0,-12768,26948,-18644,-142
1650,0,32768,0,-12736,26948,-18644,-110
1651,0,32768,0,-12704,26948,-18644,-78
1652,0,32768,0,-12672,26948,-18644,-46
1653,0,32768,0,-12640,26948,-18644,-14
1654,0,32768,0,-12608,26948,-18644,18
1655,0,32768,0,-12576,26948,-18644,50
1656,0,32768,0,-12544,26948,-18644,82
1657,0,32768,0,-12512,26948,-18644,114
1658,0,32768,0,-12480,26948,-18644,146
1659,0,32768,0,-12448,27235,-18220,-148
1660,0,32768,0,-12416,27235,-18220,-116
1661,0,32768,0,-12384,27235,-18220,-84
1662,0,32768,0,-12352,27235,-18220,-52
1663,0,32768,0,-12320,27235,-18220,-20
1664,0,32768,0,-12288,27235,-18220,12
1665,0,32768,0,-12256,27235,-18220,44
1666,0,32768,0,-12224,27235,-18220,76
1667,0,32768,0,-12192,27235,-18220,108
1668,0,32768,0,-12160,27235,-18220,140
1669,0,32768,0,-12128,27517,-17793,-154
1670,0,32768,0,-12096,27517,-17793,-122
1671,0,32768,0,-12064,27517,-17793,-90
1672,0,32768,0,-12032,27517,-17793,-58
1673,0,32768,0,-12000,27517,-17793,-26
1674,0,32768,0,-11968,27517,-17793,6
1675,0,32768,0,-11936,27517,-17793,38
1676,0,32768,0,-11904,27517,-17793,70
1677,0,32768,0,-11872,27517,-17793,102
1678,0,32768,0,-11840,27517,-17793,134
1679,0,32768,0,-11808,27772,-17391,-137
1680,0,32768,0,-11776,27772,-17391,-105
1681,0,32768,0,-11744,27772,-17391,-73
1682,0,32768,0,-11712,27772,-17391,-41
1683,0,32768,0,-11680,27772,-17391,-9
1684,0,32768,0,-11648,27772,-17391,23
1685,0,32768,0,-11616,27772,-17391,55
1686,0,32768,0,-11584,27772,-17391,87
1687,0,32768,0,-11552,27772,-17391,119
1688,0,32768,0,-11520,27772,-17391,151
1689,0,32768,0,-11488,28041,-16955,-143
1690,0,32768,0,-11456,28041,-16955,-111
1691,0,32768,0,-11424,28041,-16955,-79
1692,0,32768,0,-11392,28041,-16955,-47
1693,0,32768,0,-11360,28041,-16955,-15
1694,0,32768,0,-11328,28041,-16955,17
1695,0,32768,0,-11296,28041,-16955,49
1696,0,32768,0,-11264,28041,-16955,81
1697,0,32768,0,-11232,28041,-16955,113
1698,0,32768,0,-11200,28041,-16955,145
1699,0,32768,0,-11168,28302,-16515,-149
1700,0,32768,0,-11136,28302,-16515,-117
1701,0,32768,0,-11104,28302,-16515,-85
1702,0,32768,0,-11072,28302,-16515,-53
1703,0,32768,0,-11040,28302,-16515,-21
1704,0,32768,0,-11008,28302,-16515,11
1705,0,32768,0,-10976,28302,-16515,43
1706,0,32768,0,-10944,28302,-16515,75
1707,0,32768,0,-10912,28302,-16515,107
1708,0,32768,0,-10880,28302,-16515,139
1709,0,32768,0,-10848,28557,-16071,-155
1710,0,32768,0,-10816,28557,-16071,-123
1711,0,32768,0,-10784,28557,-16071,-91
1712,0,32768,0,-10752,28557,-16071,-59
1713,0,32768,0,-10720,28557,-16071,-27
1714,0,32768,0,-10688,28557,-16071,5
1715,0,32768,0,-10656,28557,-16071,37
1716,0,32768,0,-10624,28557,-16071,69
1717,0,32768,0,-10592,28557,-16071,101
1718,0,32768,0,-10560,28557,-16071,133
1719,0,32768,0,-10528,28804,-15623,-160
1720,0,32768,0,-10496,28804,-15623,-128
1721,0,32768,0,-10464,28804,-15623,-96
1722,0,32768,0,-10432,28804,-15623,-64
1723,0,32768,0,-10400,28804,-15623,-32
1724,0,32768,0,-10368,28804,-15623,0
1725,0,32768,0,-10336,28804,-15623,32
1726,0,32768,0,-10304,28804,-15623,64
1727,0,32768,0,-10272,28804,-15623,96
1728,0,32768,0,-10240,28804,-15623,128
1729,0,32768,0,-10208,28804,-15623,160
1730,0,32768,0,-10176,29045,-15171,-134
1731,0,32768,0,-10144,29045,-15171,-102
1732,0,32768,0,-10112,29045,-15171,-70
1733,0,32768,0,-10080,29045,-15171,-38
1734,0,32768,0,-10048,29045,-15171,-6
1735,0,32768,0,-10016,29045,-15171,26
1736,0,32768,0,-9984,29045,-15171,58
1737,0,32768,0,-9952,29045,-15171,90
1738,0,32768,0,-9920,29045,-15171,122
1739,0,32768,0,-9888,29045,-15171,154
1740,0,32768,0,-9856,29278,-14716,-140
1741,0,32768,0,-9824,29278,-14716,-108
1742,0,32768,0,-9792,29278,-14716,-76
1743,0,32768,0,-9760,29278,-14716,-44
1744,0,32768,0,-9728,29278,-14716,-12
1745,0,32768,0,-9696,29278,-14716,20
1746,0,32768,0,-9664,29278,-14716,52
1747,0,32768,0,-9632,29278,-14716,84
1748,0,32768,0,-9600,29278,-14716,116
1749,0,32768,0,-9568,29278,-14716,148
1750,0,32768,0,-9536,29505,-14257,-146
1751,0,32768,0,-9504,29505,-14257,-114
1752,0,32768,0,-9472,29505,-14257,-82
1753,0,32768,0,-9440,29505,-14257,-50
1754,0,32768,0,-9408,29505,-14257,-18
1755,0,32768,0,-9376,29505,-14257,14
1756,0,32768,0,-9344,29505,-14257,46
1757,0,32768,0,-9312,29505,-14257,78
1758,0,32768,0,-9280,29505,-14257,110
1759,0,32768,0,-9248,29505,-14257,142
1760,0,32768,0,-9216,29722,-13798,-149
1761,0,32768,0,-9184,29722,-13798,-117
1762,0,32768,0,-9152,29722,-13798,-85
1763,0,32768,0,-9120,29722,-13798,-53
1764,0,32768,0,-9088,29722,-13798,-21
1765,0,32768,0,-9056,29722,-13798,11
1766,0,32768,0,-9024,29722,-13798,43
1767,0,32768,0,-8992,29722,-13798,75
1768,0,32768,0,-8960,29722,-13798,107
1769,0,32768,0,-8928,29722,-13798,139
1770,0,32768,0,-8896,29934,-13332,-155
1771,0,32768,0,-8864,29934,-13332,-123
1772,0,32768,0,-8832,29934,-13332,-91
1773,0,32768,0,-8800,29934,-13332,-59
1774,0,32768,0,-8768,29934,-13332,-27
1775,0,32768,0,-8736,29934,-13332,5
1776,0,32768,0,-8704,29934,-13332,37
1777,0,32768,0,-8672,29934,-13332,69
1778,0,32768,0,-8640,29934,-13332,101
1779,0,32768,0,-8608,29934,-13332,133
1780,0,32768,0,-8576,30138,-12862,-161
1781,0,32768,0,-8544,30138,-12862,-129
1782,0,32768,0,-8512,30138,-12862,-97
1783,0,32768,0,-8480,30138,-12862,-65
1784,0,32768,0,-8448,30138,-12862,-33
1785,0,32768,0,-8416,30138,-12862,-1
1786,0,32768,0,-8384,30138,-12862,31
1787,0,32768,0,-8352,30138,-12862,63
1788,0,32768,0,-8320,30138,-12862,95
1789,0,32768,0,-8288,30138,-12862,127
1790,0,32768,0,-8256,30138,-12862,159
1791,0,32768,0,-8224,30336,-12390,-135
1792,0,32768,0,-8192,30336,-12390,-103
1793,0,32768,0,-8160,30336,-12390,-71
1794,0,32768,0,-8128,30336,-12390,-39
1795,0,32768,0,-8096,30336,-12390,-7
1796,0,32768,0,-8064,30336,-12390,25
1797,0,32768,0,-8032,30336,-12390,57
1798,0,32768,0,-8000,30336,-12390,89
1799,0,32768,0,-7968,30336,-12390,121
1800,0,32768,0,-7936,30336,-12390,153
1801,0,32768,0,-7904,30525,-11915,-140
1802,0,32768,0,-7872,30525,-11915,-108
1803,0,32768,0,-7840,30525,-11915,-76
1804,0,32768,0,-7808,30525,-11915,-44
1805,0,32768,0,-7776,30525,-11915,-12
1806,0,32768,0,-7744,30525,-11915,20
1807,0,32768,0,-7712,30525,-11915,52
1808,0,32768,0,-7680,30525,-11915,84
1809,0,32768,0,-7648,30525,-11915,116
1810,0,32768,0,-7616,30525,-11915,148
1811,0,32768,0,-7584,30708,-11437,-146
1812,0,32768,0,-7552,30708,-11437,-114
1813,0,32768,0,-7520,30708,-11437,-82
1814,0,32768,0,-7488,30708,-11437,-50
1815,0,32768,0,-7456,30708,-11437,-18
1816,0,32768,0,-7424,30708,-11437,14
1817,0,32768,0,-7392,30708,-11437,46
1818,0,32768,0,-7360,30708,-11437,78
1819,0,32768,0,-7328,30708,-11437,110
1820,0,32768,0,-7296,30708,-11437,142
1821,0,32768,0,-7264,30883,-10956,-152
1822,0,32768,0,-7232,30883,-10956,-120
1823,0,32768,0,-7200,30883,-10956,-88
1824,0,32768,0,-7168,30883,-10956,-56
1825,0,32768,0,-7136,30883,-10956,-24
1826,0,32768,0,-7104,30883,-10956,8
1827,0,32768,0,-7072,30883,-10956,40
1828,0,32768,0,-7040,30883,-10956,72
1829,0,32768,0,-7008,30883,-10956,104
1830,0,32768,0,-6976,30883,-10956,136
1831,0,32768,0,-6944,31050,-10472,-158
1832,0,32768,0,-6912,31050,-10472,-126
1833,0,32768,0,-6880,31050,-10472,-94
1834,0,32768,0,-6848,31050,-10472,-62
1835,0,32768,0,-6816,31050,-10472,-30
1836,0,32768,0,-6784,31050,-10472,2
1837,0,32768,0,-6752,31050,-10472,34
1838,0,32768,0,-6720,31050,-10472,66
1839,0,32768,0,-6688,31123,-10252,-50
1840,0,32768,0,-6656,31123,-10252,-18
1841,0,32768,0,-6624,31123,-10252,14
1842,0,32768,0,-6592,31123,-10252,46
1843,0,32768,0,-6560,31123,-10252,78
1844,0,32768,0,-6528,31123,-10252,110
1845,0,32768,0,-6496,31123,-10252,142
1846,0,32768,0,-6464,31279,-9765,-152
1847,0,32768,0,-6432,31279,-9765,-120
1848,0,32768,0,-6400,31279,-9765,-88
1849,0,32768,0,-6368,31279,-9765,-56
1850,0,32768,0,-6336,31279,-9765,-24
1851,0,32768,0,-6304,31279,-9765,8
1852,0,32768,0,-6272,31279,-9765,40
1853,0,32768,0,-6240,31279,-9765,72
1854,0,32768,0,-6208,31279,-9765,104
1855,0,32768,0,-6176,31279,-9765,136
1856,0,32768,0,-6144,31428,-9275,-157
1857,0,32768,0,-6112,31428,-9275,-125
1858,0,32768,0,-6080,31428,-9275,-93
1859,0,32768,0,-6048,31428,-9275,-61
1860,0,32768,0,-6016,31428,-9275,-29
1861,0,32768,0,-5984,31428,-9275,3
1862,0,32768,0,-5952,31428,-9275,35
1863,0,32768,0,-5920,31428,-9275,67
1864,0,32768,0,-5888,31428,-9275,99
1865,0,32768,0,-5856,31428,-9275,131
1866,0,32768,0,-5824,31428,-9275,163
1867,0,32768,0,-5792,31569,-8783,-131
1868,0,32768,0,-5760,31569,-8783,-99
1869,0,32768,0,-5728,31569,-8783,-67
1870,0,32768,0,-5696,31569,-8783,-35
1871,0,32768,0,-5664,31569,-8783,-3
1872,0,32768,0,-5632,31569,-8783,29
1873,0,32768,0,-5600,31569,-8783,61
1874,0,32768,0,-5568,31569,-8783,93
1875,0,32768,0,-5536,31569,-8783,125
1876,0,32768,0,-5504,31569,-8783,157
1877,0,32768,0,-5472,31702,-8289,-137
1878,0,32768,0,-5440,31702,-8289,-105
1879,0,32768,0,-5408,31702,-8289,-73
1880,0,32768,0,-5376,31702,-8289,-41
1881,0,32768,0,-5344,31702,-8289,-9
1882,0,32768,0,-5312,31702,-8289,23
1883,0,32768,0,-5280,31702,-8289,55
1884,0,32768,0,-5248,31702,-8289,87
1885,0,32768,0,-5216,31702,-8289,119
1886,0,32768,0,-5184,31702,-8289,151
1887,0,32768,0,-5152,31828,-7793,-143
1888,0,32768,0,-5120,31828,-7793,-111
1889,0,32768,0,-5088,31828,-7793,-79
1890,0,32768,0,-5056,31828,-7793,-47
1891,0,32768,0,-5024,31828,-7793,-15
1892,0,32768,0,-4992,31828,-7793,17
1893,0,32768,0,-4960,31828,-7793,49
1894,0,32768,0,-4928,31828,-7793,81
1895,0,32768,0,-4896,31828,-7793,113
1896,0,32768,0,-4864,31828,-7793,145
1897,0,32768,0,-4832,31946,-7295,-149
1898,0,32768,0,-4800,31946,-7295,-117
1899,0,32768,0,-4768,31946,-7295,-85
1900,0,32768,0,-4736,31946,-7295,-53
1901,0,32768,0,-4704,31946,-7295,-21
1902,0,32768,0,-4672,31946,-7295,11
1903,0,32768,0,-4640,31946,-7295,43
1904,0,32768,0,-4608,31946,-7295,75
1905,0,32768,0,-4576,31946,-7295,107
1906,0,32768,0,-4544,31946,-7295,139
1907,0,32768,0,-4512,32056,-6795,-155
1908,0,32768,0,-4480,32056,-6795,-123
1909,0,32768,0,-4448,32056,-6795,-91
1910,0,32768,0,-4416,32056,-6795,-59
1911,0,32768,0,-4384,32056,-6795,-27
1912,0,32768,0,-4352,32056,-6795,5
1913,0,32768,0,-4320,32056,-6795,37
1914,0,32768,0,-4288,32056,-6795,69
1915,0,32768,0,-4256,32056,-6795,101
1916,0,32768,0,-4224,32056,-6795,133
1917,0,32768,0,-4192,32157,-6297,-158
1918,0,32768,0,-4160,32157,-6297,-126
1919,0,32768,0,-4128,32157,-6297,-94
1920,0,32768,0,-4096,32157,-6297,-62
1921,0,32768,0,-4064,32157,-6297,-30
1922,0,32768,0,-4032,32157,-6297,2
1923,0,32768,0,-4000,32157,-6297,34
1924,0,32768,0,-3968,32157,-6297,66
1925,0,32768,0,-3936,32157,-6297,98
1926,0,32768,0,-3904,32157,-6297,130
1927,0,32768,0,-3872,32157,-6297,162
1928,0,32768,0,-3840,32252,-5794,-132
1929,0,32768,0,-3808,32252,-5794,-100
1930,0,32768,0,-3776,32252,-5794,-68
1931,0,32768,0,-3744,32252,-5794,-36
1932,0,32768,0,-3712,32252,-5794,-4
1933,0,32768,0,-3680,32252,-5794,28
1934,0,32768,0,-3648,32252,-5794,60
1935,0,32768,0,-3616,32252,-5794,92
1936,0,32768,0,-3584,32252,-5794,124
1937,0,32768,0,-3552,32252,-5794,156
1938,0,32768,0,-3520,32338,-5290,-138
1939,0,32768,0,-3488,32338,-5290,-106
1940,0,32768,0,-3456,32338,-5290,-74
1941,0,32768,0,-3424,32338,-5290,-42
1942,0,32768,0,-3392,32338,-5290,-10
1943,0,32768,0,-3360,32338,-5290,22
1944,0,32768,0,-3328,32338,-5290,54
1945,0,32768,0,-3296,32338,-5290,86
1946,0,32768,0,-3264,32338,-5290,118
1947,0,32768,0,-3232,32338,-5290,150
1948,0,32768,0,-3200,32417,-4784,-144
1949,0,32768,0,-3168,32417,-4784,-112
1950,0,32768,0,-3136,32417,-4784,-80
1951,0,32768,0,-3104,32417,-4784,-48
1952,0,32768,0,-3072,32417,-4784,-16
1953,0,32768,0,-3040,32417,-4784,16
1954,0,32768,0,-3008,32417,-4784,48
1955,0,32768,0,-2976,32417,-4784,80
1956,0,32768,0,-2944,32417,-4784,112
1957,0,32768,0,-2912,32417,-4784,144
1958,0,32768,0,-2880,32488,-4277,-149
1959,0,32768,0,-2848,32488,-4277,-117
1960,0,32768,0,-2816,32488,-4277,-85
1961,0,32768,0,-2784,32488,-4277,-53
1962,0,32768,0,-2752,32488,-4277,-21
1963,0,32768,0,-2720,32488,-4277,11
1964,0,32768,0,-2688,32488,-4277,43
1965,0,32768,0,-2656,32488,-4277,75
1966,0,32768,0,-2624,32488,-4277,107
1967,0,32768,0,-2592,32488,-4277,139
1968,0,32768,0,-2560,32551,-3769,-155
1969,0,32768,0,-2528,32551,-3769,-123
1970,0,32768,0,-2496,32551,-3769,-91
1971,0,32768,0,-2464,32551,-3769,-59
1972,0,32768,0,-2432,32551,-3769,-27
1973,0,32768,0,-2400,32551,-3769,5
1974,0,32768,0,-2368,32551,-3769,37
1975,0,32768,0,-2336,32551,-3769,69
1976,0,32768,0,-2304,32551,-3769,101
1977,0,32768,0,-2272,32551,-3769,133
1978,0,32768,0,-2240,32606,-3260,-161
1979,0,32768,0,-2208,32606,-3260,-129
1980,0,32768,0,-2176,32606,-3260,-97
1981,0,32768,0,-2144,32606,-3260,-65
1982,0,32768,0,-2112,32606,-3260,-33
1983,0,32768,0,-2080,32606,-3260,-1
1984,0,32768,0,-2048,32606,-3260,31
1985,0,32768,0,-2016,32606,-3260,63
1986,0,32768,0,-1984,32606,-3260,95
1987,0,32768,0,-1952,32606,-3260,127
1988,0,32768,0,-1920,32606,-3260,159
1989,0,32768,0,-1888,32653,-2750,-135
1990,0,32768,0,-1856,32653,-2750,-103
1991,0,32768,0,-1824,32653,-2750,-71
1992,0,32768,0,-1792,32653,-2750,-39
1993,0,32768,0,-1760,32653,-2750,-7
1994,0,32768,0,-1728,32653,-2750,25
1995,0,32768,0,-1696,32653,-2750,57
1996,0,32768,0,-1664,32653,-2750,89
1997,0,32768,0,-1632,32653,-2750,121
1998,0,32768,0,-1600,32689,-2276,-150
1999,0,32768,0,-1568,32689,-2276,-118
2000,0,32768,0,-1536,32689,-2276,-86
2001,0,32768,0,-1504,32689,-2276,-54
2002,0,32768,0,-1472,32689,-2276,-22
2003,0,32768,0,-1440,32689,-2276,10
2004,0,32768,0,-1408,32689,-2276,42
2005,0,32768,0,-1376,32689,-2276,74
2006,0,32768,0,-1344,32689,-2276,106
2007,0,32768,0,-1312,32689,-2276,138
2008,0,32768,0,-1280,32721,-1765,-156
2009,0,32768,0,-1248,32721,-1765,-124
2010,0,32768,0,-1216,32721,-1765,-92
2011,0,32768,0,-1184,32721,-1765,-60
2012,0,32768,0,-1152,32721,-1765,-28
2013,0,32768,0,-1120,32721,-1765,4
2014,0,32768,0,-1088,32721,-1765,36
2015,0,32768,0,-1056,32721,-1765,68
2016,0,32768,0,-1024,32721,-1765,100
2017,0,32768,0,-992,32721,-1765,132
2018,0,32768,0,-960,32744,-1253,-162
2019,0,32768,0,-928,32744,-1253,-130
2020,0,32768,0,-896,32744,-1253,-98
2021,0,32768,0,-864,32744,-1253,-66
2022,0,32768,0,-832,32744,-1253,-34
2023,0,32768,0,-800,32744,-1253,-2
2024,0,32768,0,-768,32744,-1253,30
2025,0,32768,0,-736,32744,-1253,62
2026,0,32768,0,-704,32744,-1253,94
2027,0,32768,0,-672,32744,-1253,126
2028,0,32768,0,-640,32744,-1253,158
2029,0,32768,0,-608,32760,-742,-136
2030,0,32768,0,-576,32760,-742,-104
2031,0,32768,0,-544,32760,-742,-72
2032,0,32768,0,-512,32760,-742,-40
2033,0,32768,0,-480,32760,-742,-8
2034,0,32768,0,-448,32760,-742,24
2035,0,32768,0,-416,32760,-742,56
2036,0,32768,0,-384,32760,-742,88
2037,0,32768,0,-352,32760,-742,120
2038,0,32768,0,-320,32760,-742,152
2039,0,32768,0,-288,32767,-230,-141
2040,0,32768,0,-256,32767,-230,-109
2041,0,32768,0,-224,32767,-230,-77
2042,0,32768,0,-192,32767,-230,-45
2043,0,32768,0,-160,32767,-230,-13
2044,0,32768,0,-128,32767,-230,19
2045,0,32768,0,-96,32767,-230,51
2046,0,32768,0,-64,32767,-230,83
2047,0,32768,0,-32,32767,-230,115
2048,0,32768,0,0,32767,230,-147
2049,0,32768,0,32,32767,230,-115
2050,0,32768,0,64,32767,230,-83
2051,0,32768,0,96,32767,230,-51
2052,0,32768,0,128,32767,230,-19
2053,0,32768,0,160,32767,230,13
2054,0,32768,0,192,32767,230,45
2055,0,32768,0,224,32767,230,77
2056,0,32768,0,256,32767,230,109
2057,0,32768,0,288,32767,230,141
2058,0,32768,0,320,32760,742,-152
2059,0,32768,0,352,32760,742,-120
2060,0,32768,0,384,32760,742,-88
2061,0,32768,0,416,32760,742,-56
2062,0,32768,0,448,32760,742,-24
2063,0,32768,0,480,32760,742,8
2064,0,32768,0,512,32760,742,40
2065,0,32768,0,544,32760,742,72
2066,0,32768,0,576,32760,742,104
2067,0,32768,0,608,32760,742,136
2068,0,32768,0,640,32744,1253,-158
2069,0,32768,0,672,32744,1253,-126
2070,0,32768,0,704,32744,1253,-94
2071,0,32768,0,736,32744,1253,-62
2072,0,32768,0,768,32744,1253,-30
2073,0,32768,0,800,32744,1253,2
2074,0,32768,0,832,32744,1253,34
2075,0,32768,0,864,32744,1253,66
2076,0,32768,0,896,32744,1253,98
2077,0,32768,0,928,32744,1253,130
2078,0,32768,0,960,32744,1253,162
2079,0,32768,0,992,32721,1765,-132
2080,0,32768,0,1024,32721,1765,-100
2081,0,32768,0,1056,32721,1765,-68
2082,0,32768,0,1088,32721,1765,-36
2083,0,32768,0,1120,32721,1765,-4
2084,0,32768,0,1152,32721,1765,28
2085,0,32768,0,1184,32721,1765,60
2086,0,32768,0,1216,32721,1765,92
2087,0,32768,0,1248,32721,1765,124
2088,0,32768,0,1280,32721,1765,156
2089,0,32768,0,1312,32689,2276,-138
2090,0,32768,0,1344,32689,2276,-106
2091,0,32768,0,1376,32689,2276,-74
2092,0,32768,0,1408,32689,2276,-42
2093,0,32768,0,1440,32689,2276,-10
2094,0,32768,0,1472,32689,2276,22
2095,0,32768,0,1504,32689,2276,54
2096,0,32768,0,1536,32689,2276,86
2097,0,32768,0,1568,32689,2276,118
2098,0,32768,0,1600,32689,2276,150
2099,0,32768,0,1632,32652,2751,-121
2100,0,32768,0,1664,32652,2751,-89
2101,0,32768,0,1696,32652,2751,-57
2102,0,32768,0,1728,32652,2751,-25
2103,0,32768,0,1760,32652,2751,7
2104,0,32768,0,1792,32652,2751,39
2105,0,32768,0,1824,32652,2751,71
2106,0,32768,0,1856,32652,2751,103
2107,0,32768,0,1888,32652,2751,135
2108,0,32768,0,1920,32605,3260,-159
2109,0,32768,0,1952,32605,3260,-127
2110,0,32768,0,1984,32605,3260,-95
2111,0,32768,0,2016,32605,3260,-63
2112,0,32768,0,2048,32605,3260,-31
2113,0,32768,0,2080,32605,3260,1
2114,0,32768,0,2112,32605,3260,33
2115,0,32768,0,2144,32605,3260,65
2116,0,32768,0,2176,32605,3260,97
2117,0,32768,0,2208,32605,3260,129
2118,0,32768,0,2240,32605,3260,161
2119,0,32768,0,2272,32550,3769,-133
2120,0,32768,0,2304,32550,3769,-101
2121,0,32768,0,2336,32550,3769,-69
2122,0,32768,0,2368,32550,3769,-37
2123,0,32768,0,2400,32550,3769,-5
2124,0,32768,0,2432,32550,3769,27
2125,0,32768,0,2464,32550,3769,59
2126,0,32768,0,2496,32550,3769,91
2127,0,32768,0,2528,32550,3769,123
2128,0,32768,0,2560,32550,3769,155
2129,0,32768,0,2592,32488,4277,-139
2130,0,32768,0,2624,32488,4277,-107
2131,0,32768,0,2656,32488,4277,-75
2132,0,32768,0,2688,32488,4277,-43
2133,0,32768,0,2720,32488,4277,-11
2134,0,32768,0,2752,32488,4277,21
2135,0,32768,0,2784,32488,4277,53
2136,0,32768,0,2816,32488,4277,85
2137,0,32768,0,2848,32488,4277,117
2138,0,32768,0,2880,32488,4277,149
2139,0,32768,0,2912,32417,4784,-144
2140,0,32768,0,2944,32417,4784,-112
2141,0,32768,0,2976,32417,4784,-80
2142,0,32768,0,3008,32417,4784,-48
2143,0,32768,0,3040,32417,4784,-16
2144,0,32768,0,3072,32417,4784,16
2145,0,32768,0,3104,32417,4784,48
2146,0,32768,0,3136,32417,4784,80
2147,0,32768,0,3168,32417,4784,112
2148,0,32768,0,3200,32417,4784,144
2149,0,32768,0,3232,32338,5290,-150
2150,0,32768,0,3264,32338,5290,-118
2151,0,32768,0,3296,32338,5290,-86
2152,0,32768,0,3328,32338,5290,-54
2153,0,32768,0,3360,32338,5290,-22
2154,0,32768,0,3392,32338,5290,10
2155,0,32768,0,3424,32338,5290,42
2156,0,32768,0,3456,32338,5290,74
2157,0,32768,0,3488,32338,5290,106
2158,0,32768,0,3520,32338,5290,138
2159,0,32768,0,3552,32252,5794,-156
2160,0,32768,0,3584,32252,5794,-124
2161,0,32768,0,3616,32252,5794,-92
2162,0,32768,0,3648,32252,5794,-60
2163,0,32768,0,3680,32252,5794,-28
2164,0,32768,0,3712,32252,5794,4
2165,0,32768,0,3744,32252,5794,36
2166,0,32768,0,3776,32252,5794,68
2167,0,32768,0,3808,32252,5794,100
2168,0,32768,0,3840,32252,5794,132
2169,0,32768,0,3872,32158,6297,-162
2170,0,32768,0,3904,32158,6297,-130
2171,0,32768,0,3936,32158,6297,-98
2172,0,32768,0,3968,32158,6297,-66
2173,0,32768,0,4000,32158,6297,-34
2174,0,32768,0,4032,32158,6297,-2
2175,0,32768,0,4064,32158,6297,30
2176,0,32768,0,4096,32158,6297,62
2177,0,32768,0,4128,32158,6297,94
2178,0,32768,0,4160,32158,6297,126
2179,0,32768,0,4192,32158,6297,158
2180,0,32768,0,4224,32056,6795,-133
2181,0,32768,0,4256,32056,6795,-101
2182,0,32768,0,4288,32056,6795,-69
2183,0,32768,0,4320,32056,6795,-37
2184,0,32768,0,4352,32056,6795,-5
2185,0,32768,0,4384,32056,6795,27
2186,0,32768,0,4416,32056,6795,59
2187,0,32768,0,4448,32056,6795,91
2188,0,32768,0,4480,32056,6795,123
2189,0,32768,0,4512,32056,6795,155
2190,0,32768,0,4544,31946,7295,-139
2191,0,32768,0,4576,31946,7295,-107
2192,0,32768,0,4608,31946,7295,-75
2193,0,32768,0,4640,31946,7295,-43
2194,0,32768,0,4672,31946,7295,-11
2195,0,32768,0,4704,31946,7295,21
2196,0,32768,0,4736,31946,7295,53
2197,0,32768,0,4768,31946,7295,85
2198,0,32768,0,4800,31946,7295,117
2199,0,32768,0,4832,31946,7295,149
2200,0,32768,0,4864,31828,7793,-145
2201,0,32768,0,4896,31828,7793,-113
2202,0,32768,0,4928,31828,7793,-81
2203,0,32768,0,4960,31828,7793,-49
2204,0,32768,0,4992,31828,7793,-17
2205,0,32768,0,5024,31828,7793,15
2206,0,32768,0,5056,31828,7793,47
2207,0,32768,0,5088,31828,7793,79
2208,0,32768,0,5120,31828,7793,111
2209,0,32768,0,5152,31828,7793,143
2210,0,32768,0,5184,31703,8289,-151
2211,0,32768,0,5216,31703,8289,-119
2212,0,32768,0,5248,31703,8289,-87
2213,0,32768,0,5280,31703,8289,-55
2214,0,32768,0,5312,31703,8289,-23
2215,0,32768,0,5344,31703,8289,9
2216,0,32768,0,5376,31703,8289,41
2217,0,32768,0,5408,31703,8289,73
2218,0,32768,0,5440,31703,8289,105
2219,0,32768,0,5472,31703,8289,137
2220,0,32768,0,5504,31569,8783,-156
2221,0,32768,0,5536,31569,8783,-124
2222,0,32768,0,5568,31569,8783,-92
2223,0,32768,0,5600,31569,8783,-60
2224,0,32768,0,5632,31569,8783,-28
2225,0,32768,0,5664,31569,8783,4
2226,0,32768,0,5696,31569,8783,36
2227,0,32768,0,5728,31569,8783,68
2228,0,32768,0,5760,31569,8783,100
2229,0,32768,0,5792,31569,8783,132
2230,0,32768,0,5824,31428,9275,-162
2231,0,32768,0,5856,31428,9275,-130
2232,0,32768,0,5888,31428,9275,-98
2233,0,32768,0,5920,31428,9275,-66
2234,0,32768,0,5952,31428,9275,-34
2235,0,32768,0,5984,31428,9275,-2
2236,0,32768,0,6016,31428,9275,30
2237,0,32768,0,6048,31428,9275,62
2238,0,32768,0,6080,31428,9275,94
2239,0,32768,0,6112,31428,9275,126
2240,0,32768,0,6144,31428,9275,158
2241,0,32768,0,6176,31280,9765,-136
2242,0,32768,0,6208,31280,9765,-104
2243,0,32768,0,6240,31280,9765,-72
2244,0,32768,0,6272,31280,9765,-40
2245,0,32768,0,6304,31280,9765,-8
2246,0,32768,0,6336,31280,9765,24
2247,0,32768,0,6368,31280,9765,56
2248,0,32768,0,6400,31280,9765,88
2249,0,32768,0,6432,31280,9765,120
2250,0,32768,0,6464,31280,9765,152
2251,0,32768,0,6496,31123,10252,-142
2252,0,32768,0,6528,31123,10252,-110
2253,0,32768,0,6560,31123,10252,-78
2254,0,32768,0,6592,31123,10252,-46
2255,0,32768,0,6624,31123,10252,-14
2256,0,32768,0,6656,31123,10252,18
2257,0,32768,0,6688,31123,10252,50
2258,0,32768,0,6720,31050,10472,-66
2259,0,32768,0,6752,31050,10472,-34
2260,0,32768,0,6784,31050,10472,-2
2261,0,32768,0,6816,31050,10472,30
2262,0,32768,0,6848,31050,10472,62
2263,0,32768,0,6880,31050,10472,94
2264,0,32768,0,6912,31050,10472,126
2265,0,32768,0,6944,31050,10472,158
2266,0,32768,0,6976,30882,10956,-136
2267,0,32768,0,7008,30882,10956,-104
2268,0,32768,0,7040,30882,10956,-72
2269,0,32768,0,7072,30882,10956,-40
2270,0,32768,0,7104,30882,10956,-8
2271,0,32768,0,7136,30882,10956,24
2272,0,32768,0,7168,30882,10956,56
2273,0,32768,0,7200,30882,10956,88
2274,0,32768,0,7232,30882,10956,120
2275,0,32768,0,7264,30882,10956,152
2276,0,32768,0,7296,30707,11437,-141
2277,0,32768,0,7328,30707,11437,-109
2278,0,32768,0,7360,30707,11437,-77
2279,0,32768,0,7392,30707,11437,-45
2280,0,32768,0,7424,30707,11437,-13
2281,0,32768,0,7456,30707,11437,19
2282,0,32768,0,7488,30707,11437,51
2283,0,32768,0,7520,30707,11437,83
2284,0,32768,0,7552,30707,11437,115
2285,0,32768,0,7584,30707,11437,147
2286,0,32768,0,7616,30525,11915,-147
2287,0,32768,0,7648,30525,11915,-115
2288,0,32768,0,7680,30525,11915,-83
2289,0,32768,0,7712,30525,11915,-51
2290,0,32768,0,7744,30525,11915,-19
2291,0,32768,0,7776,30525,11915,13
2292,0,32768,0,7808,30525,11915,45
2293,0,32768,0,7840,30525,11915,77
2294,0,32768,0,7872,30525,11915,109
2295,0,32768,0,7904,30525,11915,141
2296,0,32768,0,7936,30335,12390,-153
2297,0,32768,0,7968,30335,12390,-121
2298,0,32768,0,8000,30335,12390,-89
2299,0,32768,0,8032,30335,12390,-57
2300,0,32768,0,8064,30335,12390,-25
2301,0,32768,0,8096,30335,12390,7
2302,0,32768,0,8128,30335,12390,39
2303,0,32768,0,8160,30335,12390,71
2304,0,32768,0,8192,30335,12390,103
2305,0,32768,0,8224,30335,12390,135
2306,0,32768,0,8256,30138,12863,-159
2307,0,32768,0,8288,30138,12863,-127
2308,0,32768,0,8320,30138,12863,-95
2309,0,32768,0,8352,30138,12863,-63
2310,0,32768,0,8384,30138,12863,-31
2311,0,32768,0,8416,30138,12863,1
2312,0,32768,0,8448,30138,12863,33
2313,0,32768,0,8480,30138,12863,65
2314,0,32768,0,8512,30138,12863,97
2315,0,32768,0,8544,30138,12863,129
2316,0,32768,0,8576,30138,12863,161
2317,0,32768,0,8608,29934,13332,-133
2318,0,32768,0,8640,29934,13332,-101
2319,0,32768,0,8672,29934,13332,-69
2320,0,32768,0,8704,29934,13332,-37
2321,0,32768,0,8736,29934,13332,-5
2322,0,32768,0,8768,29934,13332,27
2323,0,32768,0,8800,29934,13332,59
2324,0,32768,0,8832,29934,13332,91
2325,0,32768,0,8864,29934,13332,123
2326,0,32768,0,8896,29934,13332,155
2327,0,32768,0,8928,29722,13798,-139
2328,0,32768,0,8960,29722,13798,-107
2329,0,32768,0,8992,29722,13798,-75
2330,0,32768,0,9024,29722,13798,-43
2331,0,32768,0,9056,29722,13798,-11
2332,0,32768,0,9088,29722,13798,21
2333,0,32768,0,9120,29722,13798,53
2334,0,32768,0,9152,29722,13798,85
2335,0,32768,0,9184,29722,13798,117
2336,0,32768,0,9216,29722,13798,149
2337,0,32768,0,9248,29504,14257,-142
2338,0,32768,0,9280,29504,14257,-110
2339,0,32768,0,9312,29504,14257,-78
2340,0,32768,0,9344,29504,14257,-46
2341,0,32768,0,9376,29504,14257,-14
2342,0,32768,0,9408,29504,14257,18
2343,0,32768,0,9440,29504,14257,50
2344,0,32768,0,9472,29504,14257,82
2345,0,32768,0,9504,29504,14257,114
2346,0,32768,0,9536,29504,14257,146
2347,0,32768,0,9568,29278,14716,-148
2348,0,32768,0,9600,29278,14716,-116
2349,0,32768,0,9632,29278,14716,-84
2350,0,32768,0,9664,29278,14716,-52
2351,0,32768,0,9696,29278,14716,-20
2352,0,32768,0,9728,29278,14716,12
2353,0,32768,0,9760,29278,14716,44
2354,0,32768,0,9792,29278,14716,76
2355,0,32768,0,9824,29278,14716,108
2356,0,32768,0,9856,29278,14716,140
2357,0,32768,0,9888,29045,15171,-154
2358,0,32768,0,9920,29045,15171,-122
2359,0,32768,0,9952,29045,15171,-90
2360,0,32768,0,9984,29045,15171,-58
2361,0,32768,0,10016,29045,15171,-26
2362,0,32768,0,10048,29045,15171,6
2363,0,32768,0,10080,29045,15171,38
2364,0,32768,0,10112,29045,15171,70
2365,0,32768,0,10144,29045,15171,102
2366,0,32768,0,10176,29045,15171,134
2367,0,32768,0,10208,28804,15623,-160
2368,0,32768,0,10240,28804,15623,-128
2369,0,32768,0,10272,28804,15623,-96
2370,0,32768,0,10304,28804,15623,-64
2371,0,32768,0,10336,28804,15623,-32
2372,0,32768,0,10368,28804,15623,0
2373,0,32768,0,10400,28804,15623,32
2374,0,32768,0,10432,28804,15623,64
2375,0,32768,0,10464,28804,15623,96
2376,0,32768,0,10496,28804,15623,128
2377,0,32768,0,10528,28804,15623,160
2378,0,32768,0,10560,28557,16071,-133
2379,0,32768,0,10592,28557,16071,-101
2380,0,32768,0,10624,28557,16071,-69
2381,0,32768,0,10656,28557,16071,-37
2382,0,32768,0,10688,28557,16071,-5
2383,0,32768,0,10720,28557,16071,27
2384,0,32768,0,10752,28557,16071,59
2385,0,32768,0,10784,28557,16071,91
2386,0,32768,0,10816,28557,16071,123
2387,0,32768,0,10848,28557,16071,155
2388,0,32768,0,10880,28302,16515,-139
2389,0,32768,0,10912,28302,16515,-107
2390,0,32768,0,10944,28302,16515,-75
2391,0,32768,0,10976,28302,16515,-43
2392,0,32768,0,11008,28302,16515,-11
2393,0,32768,0,11040,28302,16515,21
2394,0,32768,0,11072,28302,16515,53
2395,0,32768,0,11104,28302,16515,85
2396,0,32768,0,11136,28302,16515,117
2397,0,32768,0,11168,28302,16515,149
2398,0,32768,0,11200,28041,16955,-145
2399,0,32768,0,11232,28041,16955,-113
2400,0,32768,0,11264,28041,16955,-81
2401,0,32768,0,11296,28041,16955,-49
2402,0,32768,0,11328,28041,16955,-17
2403,0,32768,0,11360,28041,16955,15
2404,0,32768,0,11392,28041,16955,47
2405,0,32768,0,11424,28041,16955,79
2406,0,32768,0,11456,28041,16955,111
2407,0,32768,0,11488,28041,16955,143
2408,0,32768,0,11520,27773,17391,-151
2409,0,32768,0,11552,27773,17391,-119
2410,0,32768,0,11584,27773,17391,-87
2411,0,32768,0,11616,27773,17391,-55
2412,0,32768,0,11648,27773,17391,-23
2413,0,32768,0,11680,27773,17391,9
2414,0,32768,0,11712,27773,17391,41
2415,0,32768,0,11744,27773,17391,73
2416,0,32768,0,11776,27773,17391,105
2417,0,32768,0,11808,27773,17391,137
2418,0,32768,0,11840,27517,17793,-134
2419,0,32768,0,11872,27517,17793,-102
2420,0,32768,0,11904,27517,17793,-70
2421,0,32768,0,11936,27517,17793,-38
2422,0,32768,0,11968,27517,17793,-6
2423,0,32768,0,12000,27517,17793,26
2424,0,32768,0,12032,27517,17793,58
2425,0,32768,0,12064,27517,17793,90
2426,0,32768,0,12096,27517,17793,122
2427,0,32768,0,12128,27517,17793,154
2428,0,32768,0,12160,27235,18220,-140
2429,0,32768,0,12192,27235,18220,-108
2430,0,32768,0,12224,27235,18220,-76
2431,0,32768,0,12256,27235,18220,-44
2432,0,32768,0,12288,27235,18220,-12
2433,0,32768,0,12320,27235,18220,20
2434,0,32768,0,12352,27235,18220,52
2435,0,32768,0,12384,27235,18220,84
2436,0,32768,0,12416,27235,18220,116
2437,0,32768,0,12448,27235,18220,148
2438,0,32768,0,12480,26948,18644,-146
2439,0,32768,0,12512,26948,18644,-114
2440,0,32768,0,12544,26948,18644,-82
2441,0,32768,0,12576,26948,18644,-50
2442,0,32768,0,12608,26948,18644,-18
2443,0,32768,0,12640,26948,18644,14
2444,0,32768,0,12672,26948,18644,46
2445,0,32768,0,12704,26948,18644,78
2446,0,32768,0,12736,26948,18644,110
2447,0,32768,0,12768,26948,18644,142
2448,0,32768,0,12800,26653,19062,-152
2449,0,32768,0,12832,26653,19062,-120
2450,0,32768,0,12864,26653,19062,-88
2451,0,32768,0,12896,26653,19062,-56
2452,0,32768,0,12928,26653,19062,-24
2453,0,32768,0,12960,26653,19062,8
2454,0,32768,0,12992,26653,19062,40
2455,0,32768,0,13024,26653,19062,72
2456,0,32768,0,13056,26653,19062,104
2457,0,32768,0,13088,26653,19062,136
2458,0,32768,0,13120,26352,19476,-157
2459,0,32768,0,13152,26352,19476,-125
2460,0,32768,0,13184,26352,19476,-93
2461,0,32768,0,13216,26352,19476,-61
2462,0,32768,0,13248,26352,19476,-29
2463,0,32768,0,13280,26352,19476,3
2464,0,32768,0,13312,26352,19476,35
2465,0,32768,0,13344,26352,19476,67
2466,0,32768,0,13376,26352,19476,99
2467,0,32768,0,13408,26352,19476,131
2468,0,32768,0,13440,26352,19476,163
2469,0,32768,0,13472,26045,19885,-131
2470,0,32768,0,13504,26045,19885,-99
2471,0,32768,0,13536,26045,19885,-67
2472,0,32768,0,13568,26045,19885,-35
2473,0,32768,0,13600,26045,19885,-3
2474,0,32768,0,13632,26045,19885,29
2475,0,32768,0,13664,26045,19885,61
2476,0,32768,0,13696,26045,19885,93
2477,0,32768,0,13728,26045,19885,125
2478,0,32768,0,13760,26045,19885,157
2479,0,32768,0,13792,25731,20290,-137
2480,0,32768,0,13824,25731,20290,-105
2481,0,32768,0,13856,25731,20290,-73
2482,0,32768,0,13888,25731,20290,-41
2483,0,32768,0,13920,25731,20290,-9
2484,0,32768,0,13952,25731,20290,23
2485,0,32768,0,13984,25731,20290,55
2486,0,32768,0,14016,25731,20290,87
2487,0,32768,0,14048,25731,20290,119
2488,0,32768,0,14080,25731,20290,151
2489,0,32768,0,14112,25411,20689,-143
2490,0,32768,0,14144,25411,20689,-111
2491,0,32768,0,14176,25411,20689,-79
2492,0,32768,0,14208,25411,20689,-47
2493,0,32768,0,14240,25411,20689,-15
2494,0,32768,0,14272,25411,20689,17
2495,0,32768,0,14304,25411,20689,49
2496,0,32768,0,14336,25411,20689,81
2497,0,32768,0,14368,25411,20689,113
2498,0,32768,0,14400,25411,20689,145
2499,0,32768,0,14432,25087,21081,-146
2500,0,32768,0,14464,25087,21081,-114
2501,0,32768,0,14496,25087,21081,-82
2502,0,32768,0,14528,25087,21081,-50
2503,0,32768,0,14560,25087,21081,-18
2504,0,32768,0,14592,25087,21081,14
2505,0,32768,0,14624,25087,21081,46
2506,0,32768,0,14656,25087,21081,78
2507,0,32768,0,14688,25087,21081,110
2508,0,32768,0,14720,25087,21081,142
2509,0,32768,0,14752,24755,21470,-152
2510,0,32768,0,14784,24755,21470,-120
2511,0,32768,0,14816,24755,21470,-88
2512,0,32768,0,14848,24755,21470,-56
2513,0,32768,0,14880,24755,21470,-24
2514,0,32768,0,14912,24755,21470,8
2515,0,32768,0,14944,24755,21470,40
2516,0,32768,0,14976,24755,21470,72
2517,0,32768,0,15008,24755,21470,104
2518,0,32768,0,15040,24755,21470,136
2519,0,32768,0,15072,24417,21854,-158
2520,0,32768,0,15104,24417,21854,-126
2521,0,32768,0,15136,24417,21854,-94
2522,0,32768,0,15168,24417,21854,-62
2523,0,32768,0,15200,24417,21854,-30
2524,0,32768,0,15232,24417,21854,2
2525,0,32768,0,15264,24417,21854,34
2526,0,32768,0,15296,24417,21854,66
2527,0,32768,0,15328,24417,21854,98
2528,0,32768,0,15360,24417,21854,130
2529,0,32768,0,15392,24417,21854,162
2530,0,32768,0,15424,24072,22233,-132
2531,0,32768,0,15456,24072,22233,-100
2532,0,32768,0,15488,24072,22233,-68
2533,0,32768,0,15520,24072,22233,-36
2534,0,32768,0,15552,24072,22233,-4
2535,0,32768,0,15584,24072,22233,28
2536,0,32768,0,15616,24072,22233,60
2537,0,32768,0,15648,24072,22233,92
2538,0,32768,0,15680,24072,22233,124
2539,0,32768,0,15712,24072,22233,156
2540,0,32768,0,15744,23722,22606,-137
2541,0,32768,0,15776,23722,22606,-105
2542,0,32768,0,15808,23722,22606,-73
2543,0,32768,0,15840,23722,22606,-41
2544,0,32768,0,15872,23722,22606,-9
2545,0,32768,0,15904,23722,22606,23
2546,0,32768,0,15936,23722,22606,55
2547,0,32768,0,15968,23722,22606,87
2548,0,32768,0,16000,23722,22606,119
2549,0,32768,0,16032,23722,22606,151
2550,0,32768,0,16064,23366,22973,-143
2551,0,32768,0,16096,23366,22973,-111
2552,0,32768,0,16128,23366,22973,-79
2553,0,32768,0,16160,23366,22973,-47
2554,0,32768,0,16192,23366,22973,-15
2555,0,32768,0,16224,23366,22973,17
2556,0,32768,0,16256,23366,22973,49
2557,0,32768,0,16288,23366,22973,81
2558,0,32768,0,16320,23366,22973,113
2559,0,32768,0,16352,23366,22973,145
2560,0,32768,0,16384,23336,23005,149
2561,0,32768,0,16416,22973,23366,-144
2562,0,32768,0,16448,22973,23366,-112
2563,0,32768,0,16480,22973,23366,-80
2564,0,32768,0,16512,22973,23366,-48
2565,0,32768,0,16544,22973,23366,-16
2566,0,32768,0,16576,22973,23366,16
2567,0,32768,0,16608,22973,23366,48
2568,0,32768,0,16640,22973,23366,80
2569,0,32768,0,16672,22973,23366,112
2570,0,32768,0,16704,22973,23366,144
2571,0,32768,0,16736,22606,23722,-150
2572,0,32768,0,16768,22606,23722,-118
2573,0,32768,0,16800,22606,23722,-86
2574,0,32768,0,16832,22606,23722,-54
2575,0,32768,0,16864,22606,23722,-22
2576,0,32768,0,16896,22606,23722,10
2577,0,32768,0,16928,22606,23722,42
2578,0,32768,0,16960,22606,23722,74
2579,0,32768,0,16992,22606,23722,106
2580,0,32768,0,17024,22606,23722,138
2581,0,32768,0,17056,22233,24072,-156
2582,0,32768,0,17088,22233,24072,-124
2583,0,32768,0,17120,22233,24072,-92
2584,0,32768,0,17152,22233,24072,-60
2585,0,32768,0,17184,22233,24072,-28
2586,0,32768,0,17216,22233,24072,4
2587,0,32768,0,17248,22233,24072,36
2588,0,32768,0,17280,22233,24072,68
2589,0,32768,0,17312,22233,24072,100
2590,0,32768,0,17344,22233,24072,132
2591,0,32768,0,17376,21854,24417,-162
2592,0,32768,0,17408,21854,24417,-130
2593,0,32768,0,17440,21854,24417,-98
2594,0,32768,0,17472,21854,24417,-66
2595,0,32768,0,17504,21854,24417,-34
2596,0,32768,0,17536,21854,24417,-2
2597,0,32768,0,17568,21854,24417,30
2598,0,32768,0,17600,21854,24417,62
2599,0,32768,0,17632,21854,24417,94
2600,0,32768,0,17664,21854,24417,126
2601,0,32768,0,17696,21854,24417,158
2602,0,32768,0,17728,21470,24755,-136
2603,0,32768,0,17760,21470,24755,-104
2604,0,32768,0,17792,21470,24755,-72
2605,0,32768,0,17824,21470,24755,-40
2606,0,32768,0,17856,21470,24755,-8
2607,0,32768,0,17888,21470,24755,24
2608,0,32768,0,17920,21470,24755,56
2609,0,32768,0,17952,21470,24755,88
2610,0,32768,0,17984,21470,24755,120
2611,0,32768,0,18016,21470,24755,152
2612,0,32768,0,18048,21081,25087,-142
2613,0,32768,0,18080,21081,25087,-110
2614,0,32768,0,18112,21081,25087,-78
2615,0,32768,0,18144,21081,25087,-46
2616,0,32768,0,18176,21081,25087,-14
2617,0,32768,0,18208,21081,25087,18
2618,0,32768,0,18240,21081,25087,50
2619,0,32768,0,18272,21081,25087,82
2620,0,32768,0,18304,21081,25087,114
2621,0,32768,0,18336,21081,25087,146
2622,0,32768,0,18368,20689,25411,-145
2623,0,32768,0,18400,20689,25411,-113
2624,0,32768,0,18432,20689,25411,-81
2625,0,32768,0,18464,20689,25411,-49
2626,0,32768,0,18496,20689,25411,-17
2627,0,32768,0,18528,20689,25411,15
2628,0,32768,0,18560,20689,25411,47
2629,0,32768,0,18592,20689,25411,79
2630,0,32768,0,18624,20689,25411,111
2631,0,32768,0,18656,20689,25411,143
2632,0,32768,0,18688,20290,25731,-151
2633,0,32768,0,18720,20290,25731,-119
2634,0,32768,0,18752,20290,25731,-87
2635,0,32768,0,18784,20290,25731,-55
2636,0,32768,0,18816,20290,25731,-23
2637,0,32768,0,18848,20290,25731,9
2638,0,32768,0,18880,20290,25731,41
2639,0,32768,0,18912,20290,25731,73
2640,0,32768,0,18944,20290,25731,105
2641,0,32768,0,18976,20290,25731,137
2642,0,32768,0,19008,19885,26045,-157
2643,0,32768,0,19040,19885,26045,-125
2644,0,32768,0,19072,19885,26045,-93
2645,0,32768,0,19104,19885,26045,-61
2646,0,32768,0,19136,19885,26045,-29
2647,0,32768,0,19168,19885,26045,3
2648,0,32768,0,19200,19885,26045,35
2649,0,32768,0,19232,19885,26045,67
2650,0,32768,0,19264,19885,26045,99
2651,0,32768,0,19296,19885,26045,131
2652,0,32768,0,19328,19476,26352,-163
2653,0,32768,0,19360,19476,26352,-131
2654,0,32768,0,19392,19476,26352,-99
2655,0,32768,0,19424,19476,26352,-67
2656,0,32768,0,19456,19476,26352,-35
2657,0,32768,0,19488,19476,26352,-3
2658,0,32768,0,19520,19476,26352,29
2659,0,32768,0,19552,19476,26352,61
2660,0,32768,0,19584,19476,26352,93
2661,0,32768,0,19616,19476,26352,125
2662,0,32768,0,19648,19476,26352,157
2663,0,32768,0,19680,19062,26653,-136
2664,0,32768,0,19712,19062,26653,-104
2665,0,32768,0,19744,19062,26653,-72
2666,0,32768,0,19776,19062,26653,-40
2667,0,32768,0,19808,19062,26653,-8
2668,0,32768,0,19840,19062,26653,24
2669,0,32768,0,19872,19062,26653,56
2670,0,32768,0,19904,19062,26653,88
2671,0,32768,0,19936,19062,26653,120
2672,0,32768,0,19968,19062,26653,152
2673,0,32768,0,20000,18644,26948,-142
2674,0,32768,0,20032,18644,26948,-110
2675,0,32768,0,20064,18644,26948,-78
2676,0,32768,0,20096,18644,26948,-46
2677,0,32768,0,20128,18644,26948,-14
2678,0,32768,0,20160,18644,26948,18
2679,0,32768,0,20192,18644,26948,50
2680,0,32768,0,20224,18644,26948,82
2681,0,32768,0,20256,18644,26948,114
2682,0,32768,0,20288,18644,26948,146
2683,0,32768,0,20320,18220,27235,-148
2684,0,32768,0,20352,18220,27235,-116
2685,0,32768,0,20384,18220,27235,-84
2686,0,32768,0,20416,18220,27235,-52
2687,0,32768,0,20448,18220,27235,-20
2688,0,32768,0,20480,18220,27235,12
2689,0,32768,0,20512,18220,27235,44
2690,0,32768,0,20544,18220,27235,76
2691,0,32768,0,20576,18220,27235,108
2692,0,32768,0,20608,18220,27235,140
2693,0,32768,0,20640,17793,27517,-154
2694,0,32768,0,20672,17793,27517,-122
2695,0,32768,0,20704,17793,27517,-90
2696,0,32768,0,20736,17793,27517,-58
2697,0,32768,0,20768,17793,27517,-26
2698,0,32768,0,20800,17793,27517,6
2699,0,32768,0,20832,17793,27517,38
2700,0,32768,0,20864,17793,27517,70
2701,0,32768,0,20896,17793,27517,102
2702,0,32768,0,20928,17793,27517,134
2703,0,32768,0,20960,17391,27773,-137
2704,0,32768,0,20992,17391,27773,-105
2705,0,32768,0,21024,17391,27773,-73
2706,0,32768,0,21056,17391,27773,-41
2707,0,32768,0,21088,17391,27773,-9
2708,0,32768,0,21120,17391,27773,23
2709,0,32768,0,21152,17391,27773,55
2710,0,32768,0,21184,17391,27773,87
2711,0,32768,0,21216,17391,27773,119
2712,0,32768,0,21248,17391,27773,151
2713,0,32768,0,21280,16955,28041,-143
2714,0,32768,0,21312,16955,28041,-111
2715,0,32768,0,21344,16955,28041,-79
2716,0,32768,0,21376,16955,28041,-47
2717,0,32768,0,21408,16955,28041,-15
2718,0,32768,0,21440,16955,28041,17
2719,0,32768,0,21472,16955,28041,49
2720,0,32768,0,21504,16955,28041,81
2721,0,32768,0,21536,16955,28041,113
2722,0,32768,0,21568,16955,28041,145
2723,0,32768,0,21600,16515,28302,-149
2724,0,32768,0,21632,16515,28302,-117
2725,0,32768,0,21664,16515,28302,-85
2726,0,32768,0,21696,16515,28302,-53
2727,0,32768,0,21728,16515,28302,-21
2728,0,32768,0,21760,16515,28302,11
2729,0,32768,0,21792,16515,28302,43
2730,0,32768,0,21824,16515,28302,75
2731,0,32768,0,21856,16515,28302,107
2732,0,32768,0,21888,16515,28302,139
2733,0,32768,0,21920,16071,28557,-155
2734,0,32768,0,21952,16071,28557,-123
2735,0,32768,0,21984,16071,28557,-91
2736,0,32768,0,22016,16071,28557,-59
2737,0,32768,0,22048,16071,28557,-27
2738,0,32768,0,22080,16071,28557,5
2739,0,32768,0,22112,16071,28557,37
2740,0,32768,0,22144,16071,28557,69
2741,0,32768,0,22176,16071,28557,101
2742,0,32768,0,22208,16071,28557,133
2743,0,32768,0,22240,15623,28804,-160
2744,0,32768,0,22272,15623,28804,-128
2745,0,32768,0,22304,15623,28804,-96
2746,0,32768,0,22336,15623,28804,-64
2747,0,32768,0,22368,15623,28804,-32
2748,0,32768,0,22400,15623,28804,0
2749,0,32768,0,22432,15623,28804,32
2750,0,32768,0,22464,15623,28804,64
2751,0,32768,0,22496,15623,28804,96
2752,0,32768,0,22528,15623,28804,128
2753,0,32768,0,22560,15623,28804,160
2754,0,32768,0,22592,15171,29045,-134
2755,0,32768,0,22624,15171,29045,-102
2756,0,32768,0,22656,15171,29045,-70
2757,0,32768,0,22688,15171,29045,-38
2758,0,32768,0,22720,15171,29045,-6
2759,0,32768,0,22752,15171,29045,26
2760,0,32768,0,22784,15171,29045,58
2761,0,32768,0,22816,15171,29045,90
2762,0,32768,0,22848,15171,29045,122
2763,0,32768,0,22880,15171,29045,154
2764,0,32768,0,22912,14716,29278,-140
2765,0,32768,0,22944,14716,29278,-108
2766,0,32768,0,22976,14716,29278,-76
2767,0,32768,0,23008,14716,29278,-44
2768,0,32768,0,23040,14716,29278,-12
2769,0,32768,0,23072,14716,29278,20
2770,0,32768,0,23104,14716,29278,52
2771,0,32768,0,23136,14716,29278,84
2772,0,32768,0,23168,14716,29278,116
2773,0,32768,0,23200,14716,29278,148
2774,0,32768,0,23232,14257,29504,-146
2775,0,32768,0,23264,14257,29504,-114
2776,0,32768,0,23296,14257,29504,-82
2777,0,32768,0,23328,14257,29504,-50
2778,0,32768,0,23360,14257,29504,-18
2779,0,32768,0,23392,14257,29504,14
2780,0,32768,0,23424,14257,29504,46
2781,0,32768,0,23456,14257,29504,78
2782,0,32768,0,23488,14257,29504,110
2783,0,32768,0,23520,14257,29504,142
2784,0,32768,0,23552,13798,29722,-149
2785,0,32768,0,23584,13798,29722,-117
2786,0,32768,0,23616,13798,29722,-85
2787,0,32768,0,23648,13798,29722,-53
2788,0,32768,0,23680,13798,29722,-21
2789,0,32768,0,23712,13798,29722,11
2790,0,32768,0,23744,13798,29722,43
2791,0,32768,0,23776,13798,29722,75
2792,0,32768,0,23808,13798,29722,107
2793,0,32768,0,23840,13798,29722,139
2794,0,32768,0,23872,13332,29934,-155
2795,0,32768,0,23904,13332,29934,-123
2796,0,32768,0,23936,13332,29934,-91
2797,0,32768,0,23968,13332,29934,-59
2798,0,32768,0,24000,13332,29934,-27
2799,0,32768,0,24032,13332,29934,5
2800,0,32768,0,24064,13332,29934,37
2801,0,32768,0,24096,13332,29934,69
2802,0,32768,0,24128,13332,29934,101
2803,0,32768,0,24160,13332,29934,133
2804,0,32768,0,24192,12863,30138,-161
2805,0,32768,0,24224,12863,30138,-129
2806,0,32768,0,24256,12863,30138,-97
2807,0,32768,0,24288,12863,30138,-65
2808,0,32768,0,24320,12863,30138,-33
2809,0,32768,0,24352,12863,30138,-1
2810,0,32768,0,24384,12863,30138,31
2811,0,32768,0,24416,12863,30138,63
2812,0,32768,0,24448,12863,30138,95
2813,0,32768,0,24480,12863,30138,127
2814,0,32768,0,24512,12863,30138,159
2815,0,32768,0,24544,12390,30335,-135
2816,0,32768,0,24576,12390,30335,-103
2817,0,32768,0,24608,12390,30335,-71
2818,0,32768,0,24640,12390,30335,-39
2819,0,32768,0,24672,12390,30335,-7
2820,0,32768,0,24704,12390,30335,25
2821,0,32768,0,24736,12390,30335,57
2822,0,32768,0,24768,12390,30335,89
2823,0,32768,0,24800,12390,30335,121
2824,0,32768,0,24832,12390,30335,153
2825,0,32768,0,24864,11915,30525,-140
2826,0,32768,0,24896,11915,30525,-108
2827,0,32768,0,24928,11915,30525,-76
2828,0,32768,0,24960,11915,30525,-44
2829,0,32768,0,24992,11915,30525,-12
2830,0,32768,0,25024,11915,30525,20
2831,0,32768,0,25056,11915,30525,52
2832,0,32768,0,25088,11915,30525,84
2833,0,32768,0,25120,11915,30525,116
2834,0,32768,0,25152,11915,30525,148
2835,0,32768,0,25184,11437,30707,-146
2836,0,32768,0,25216,11437,30707,-114
2837,0,32768,0,25248,11437,30707,-82
2838,0,32768,0,25280,11437,30707,-50
2839,0,32768,0,25312,11437,30707,-18
2840,0,32768,0,25344,11437,30707,14
2841,0,32768,0,25376,11437,30707,46
2842,0,32768,0,25408,11437,30707,78
2843,0,32768,0,25440,11437,30707,110
2844,0,32768,0,25472,11437,30707,142
2845,0,32768,0,25504,10956,30882,-152
2846,0,32768,0,25536,10956,30882,-120
2847,0,32768,0,25568,10956,30882,-88
2848,0,32768,0,25600,10956,30882,-56
2849,0,32768,0,25632,10956,30882,-24
2850,0,32768,0,25664,10956,30882,8
2851,0,32768,0,25696,10956,30882,40
2852,0,32768,0,25728,10956,30882,72
2853,0,32768,0,25760,10956,30882,104
2854,0,32768,0,25792,10956,30882,136
2855,0,32768,0,25824,10472,31050,-158
2856,0,32768,0,25856,10472,31050,-126
2857,0,32768,0,25888,10472,31050,-94
2858,0,32768,0,25920,10472,31050,-62
2859,0,32768,0,25952,10472,31050,-30
2860,0,32768,0,25984,10472,31050,2
2861,0,32768,0,26016,10472,31050,34
2862,0,32768,0,26048,10472,31050,66
2863,0,32768,0,26080,10252,31123,-50
2864,0,32768,0,26112,10252,31123,-18
2865,0,32768,0,26144,10252,31123,14
2866,0,32768,0,26176,10252,31123,46
2867,0,32768,0,26208,10252,31123,78
2868,0,32768,0,26240,10252,31123,110
2869,0,32768,0,26272,10252,31123,142
2870,0,32768,0,26304,9765,31280,-152
2871,0,32768,0,26336,9765,31280,-120
2872,0,32768,0,26368,9765,31280,-88
2873,0,32768,0,26400,9765,31280,-56
2874,0,32768,0,26432,9765,31280,-24
2875,0,32768,0,26464,9765,31280,8
2876,0,32768,0,26496,9765,31280,40
2877,0,32768,0,26528,9765,31280,72
2878,0,32768,0,26560,9765,31280,104
2879,0,32768,0,26592,9765,31280,136
2880,0,32768,0,26624,9275,31428,-157
2881,0,32768,0,26656,9275,31428,-125
2882,0,32768,0,26688,9275,31428,-93
2883,0,32768,0,26720,9275,31428,-61
2884,0,32768,0,26752,9275,31428,-29
2885,0,32768,0,26784,9275,31428,3
2886,0,32768,0,26816,9275,31428,35
2887,0,32768,0,26848,9275,31428,67
2888,0,32768,0,26880,9275,31428,99
2889,0,32768,0,26912,9275,31428,131
2890,0,32768,0,26944,9275,31428,163
2891,0,32768,0,26976,8783,31569,-131
2892,0,32768,0,27008,8783,31569,-99
2893,0,32768,0,27040,8783,31569,-67
2894,0,32768,0,27072,8783,31569,-35
2895,0,32768,0,27104,8783,31569,-3
2896,0,32768,0,27136,8783,31569,29
2897,0,32768,0,27168,8783,31569,61
2898,0,32768,0,27200,8783,31569,93
2899,0,32768,0,27232,8783,31569,125
2900,0,32768,0,27264,8783,31569,157
2901,0,32768,0,27296,8289,31703,-137
2902,0,32768,0,27328,8289,31703,-105
2903,0,32768,0,27360,8289,31703,-73
2904,0,32768,0,27392,8289,31703,-41
2905,0,32768,0,27424,8289,31703,-9
2906,0,32768,0,27456,8289,31703,23
2907,0,32768,0,27488,8289,31703,55
2908,0,32768,0,27520,8289,31703,87
2909,0,32768,0,27552,8289,31703,119
2910,0,32768,0,27584,8289,31703,151
2911,0,32768,0,27616,7793,31828,-143
2912,0,32768,0,27648,7793,31828,-111
2913,0,32768,0,27680,7793,31828,-79
2914,0,32768,0,27712,7793,31828,-47
2915,0,32768,0,27744,7793,31828,-15
2916,0,32768,0,27776,7793,31828,17
2917,0,32768,0,27808,7793,31828,49
2918,0,32768,0,27840,7793,31828,81
2919,0,32768,0,27872,7793,31828,113
2920,0,32768,0,27904,7793,31828,145
2921,0,32768,0,27936,7295,31946,-149
2922,0,32768,0,27968,7295,31946,-117
2923,0,32768,0,28000,7295,31946,-85
2924,0,32768,0,28032,7295,31946,-53
2925,0,32768,0,28064,7295,31946,-21
2926,0,32768,0,28096,7295,31946,11
2927,0,32768,0,28128,7295,31946,43
2928,0,32768,0,28160,7295,31946,75
2929,0,32768,0,28192,7295,31946,107
2930,0,32768,0,28224,7295,31946,139
2931,0,32768,0,28256,6795,32056,-155
2932,0,32768,0,28288,6795,32056,-123
2933,0,32768,0,28320,6795,32056,-91
2934,0,32768,0,28352,6795,32056,-59
2935,0,32768,0,28384,6795,32056,-27
2936,0,32768,0,28416,6795,32056,5
2937,0,32768,0,28448,6795,32056,37
2938,0,32768,0,28480,6795,32056,69
2939,0,32768,0,28512,6795,32056,101
2940,0,32768,0,28544,6795,32056,133
2941,0,32768,0,28576,6297,32158,-158
2942,0,32768,0,28608,6297,32158,-126
2943,0,32768,0,28640,6297,32158,-94
2944,0,32768,0,28672,6297,32158,-62
2945,0,32768,0,28704,6297,32158,-30
2946,0,32768,0,28736,6297,32158,2
2947,0,32768,0,28768,6297,32158,34
2948,0,32768,0,28800,6297,32158,66
2949,0,32768,0,28832,6297,32158,98
2950,0,32768,0,28864,6297,32158,130
2951,0,32768,0,28896,6297,32158,162
2952,0,32768,0,28928,5794,32252,-132
2953,0,32768,0,28960,5794,32252,-100
2954,0,32768,0,28992,5794,32252,-68
2955,0,32768,0,29024,5794,32252,-36
2956,0,32768,0,29056,5794,32252,-4
2957,0,32768,0,29088,5794,32252,28
2958,0,32768,0,29120,5794,32252,60
2959,0,32768,0,29152,5794,32252,92
2960,0,32768,0,29184,5794,32252,124
2961,0,32768,0,29216,5794,32252,156
2962,0,32768,0,29248,5290,32338,-138
2963,0,32768,0,29280,5290,32338,-106
2964,0,32768,0,29312,5290,32338,-74
2965,0,32768,0,29344,5290,32338,-42
2966,0,32768,0,29376,5290,32338,-10
2967,0,32768,0,29408,5290,32338,22
2968,0,32768,0,29440,5290,32338,54
2969,0,32768,0,29472,5290,32338,86
2970,0,32768,0,29504,5290,32338,118
2971,0,32768,0,29536,5290,32338,150
2972,0,32768,0,29568,4784,32417,-144
2973,0,32768,0,29600,4784,32417,-112
2974,0,32768,0,29632,4784,32417,-80
2975,0,32768,0,29664,4784,32417,-48
2976,0,32768,0,29696,4784,32417,-16
2977,0,32768,0,29728,4784,32417,16
2978,0,32768,0,29760,4784,32417,48
2979,0,32768,0,29792,4784,32417,80
2980,0,32768,0,29824,4784,32417,112
2981,0,32768,0,29856,4784,32417,144
2982,0,32768,0,29888,4277,32488,-149
2983,0,32768,0,29920,4277,32488,-117
2984,0,32768,0,29952,4277,32488,-85
2985,0,32768,0,29984,4277,32488,-53
2986,0,32768,0,30016,4277,32488,-21
2987,0,32768,0,30048,4277,32488,11
2988,0,32768,0,30080,4277,32488,43
2989,0,32768,0,30112,4277,32488,75
2990,0,32768,0,30144,4277,32488,107
2991,0,32768,0,30176,4277,32488,139
2992,0,32768,0,30208,3769,32550,-155
2993,0,32768,0,30240,3769,32550,-123
2994,0,32768,0,30272,3769,32550,-91
2995,0,32768,0,30304,3769,32550,-59
2996,0,32768,0,30336,3769,32550,-27
2997,0,32768,0,30368,3769,32550,5
2998,0,32768,0,30400,3769,32550,37
2999,0,32768,0,30432,3769,32550,69
3000,0,32768,0,30464,3769,32550,101
3001,0,32768,0,30496,3769,32550,133
3002,0,32768,0,30528,3260,32605,-161
3003,0,32768,0,30560,3260,32605,-129
3004,0,32768,0,30592,3260,32605,-97
3005,0,32768,0,30624,3260,32605,-65
3006,0,32768,0,30656,3260,32605,-33
3007,0,32768,0,30688,3260,32605,-1
3008,0,32768,0,30720,3260,32605,31
3009,0,32768,0,30752,3260,32605,63
3010,0,32768,0,30784,3260,32605,95
3011,0,32768,0,30816,3260,32605,127
3012,0,32768,0,30848,3260,32605,159
3013,0,32768,0,30880,2751,32652,-135
3014,0,32768,0,30912,2751,32652,-103
3015,0,32768,0,30944,2751,32652,-71
3016,0,32768,0,30976,2751,32652,-39
3017,0,32768,0,31008,2751,32652,-7
3018,0,32768,0,31040,2751,32652,25
3019,0,32768,0,31072,2751,32652,57
3020,0,32768,0,31104,2751,32652,89
3021,0,32768,0,31136,2751,32652,121
3022,0,32768,0,31168,2276,32689,-150
3023,0,32768,0,31200,2276,32689,-118
3024,0,32768,0,31232,2276,32689,-86
3025,0,32768,0,31264,2276,32689,-54
3026,0,32768,0,31296,2276,32689,-22
3027,0,32768,0,31328,2276,32689,10
3028,0,32768,0,31360,2276,32689,42
3029,0,32768,0,31392,2276,32689,74
3030,0,32768,0,31424,2276,32689,106
3031,0,32768,0,31456,2276,32689,138
3032,0,32768,0,31488,1765,32721,-156
3033,0,32768,0,31520,1765,32721,-124
3034,0,32768,0,31552,1765,32721,-92
3035,0,32768,0,31584,1765,32721,-60
3036,0,32768,0,31616,1765,32721,-28
3037,0,32768,0,31648,1765,32721,4
3038,0,32768,0,31680,1765,32721,36
3039,0,32768,0,31712,1765,32721,68
3040,0,32768,0,31744,1765,32721,100
3041,0,32768,0,31776,1765,32721,132
3042,0,32768,0,31808,1253,32744,-162
3043,0,32768,0,31840,1253,32744,-130
3044,0,32768,0,31872,1253,32744,-98
3045,0,32768,0,31904,1253,32744,-66
3046,0,32768,0,31936,1253,32744,-34
3047,0,32768,0,31968,1253,32744,-2
3048,0,32768,0,32000,1253,32744,30
3049,0,32768,0,32032,1253,32744,62
3050,0,32768,0,32064,1253,32744,94
3051,0,32768,0,32096,1253,32744,126
3052,0,32768,0,32128,1253,32744,158
3053,0,32768,0,32160,742,32760,-136
3054,0,32768,0,32192,742,32760,-104
3055,0,32768,0,32224,742,32760,-72
3056,0,32768,0,32256,742,32760,-40
3057,0,32768,0,32288,742,32760,-8
3058,0,32768,0,32320,742,32760,24
3059,0,32768,0,32352,742,32760,56
3060,0,32768,0,32384,742,32760,88
3061,0,32768,0,32416,742,32760,120
3062,0,32768,0,32448,742,32760,152
3063,0,32768,0,32480,230,32767,-141
3064,0,32768,0,32512,230,32767,-109
3065,0,32768,0,32544,230,32767,-77
3066,0,32768,0,32576,230,32767,-45
3067,0,32768,0,32608,230,32767,-13
3068,0,32768,0,32640,230,32767,19
3069,0,32768,0,32672,230,32767,51
3070,0,32768,0,32704,230,32767,83
3071,0,32768,0,32736,230,32767,115
3072,0,32768,0,32768,-230,32767,-147
3073,0,32768,0,32800,-230,32767,-115
3074,0,32768,0,32832,-230,32767,-83
3075,0,32768,0,32864,-230,32767,-51
3076,0,32768,0,32896,-230,32767,-19
3077,0,32768,0,32928,-230,32767,13
3078,0,32768,0,32960,-230,32767,45
3079,0,32768,0,32992,-230,32767,77
3080,0,32768,0,33024,-230,32767,109
3081,0,32768,0,33056,-230,32767,141
3082,0,32768,0,33088,-742,32760,-152
3083,0,32768,0,33120,-742,32760,-120
3084,0,32768,0,33152,-742,32760,-88
3085,0,32768,0,33184,-742,32760,-56
3086,0,32768,0,33216,-742,32760,-24
3087,0,32768,0,33248,-742,32760,8
3088,0,32768,0,33280,-742,32760,40
3089,0,32768,0,33312,-742,32760,72
3090,0,32768,0,33344,-742,32760,104
3091,0,32768,0,33376,-742,32760,136
3092,0,32768,0,33408,-1253,32744,-158
3093,0,32768,0,33440,-1253,32744,-126
3094,0,32768,0,33472,-1253,32744,-94
3095,0,32768,0,33504,-1253,32744,-62
3096,0,32768,0,33536,-1253,32744,-30
3097,0,32768,0,33568,-1253,32744,2
3098,0,32768,0,33600,-1253,32744,34
3099,0,32768,0,33632,-1253,32744,66
3100,0,32768,0,33664,-1253,32744,98
3101,0,32768,0,33696,-1253,32744,130
3102,0,32768,0,33728,-1253,32744,162
3103,0,32768,0,33760,-1765,32721,-132
3104,0,32768,0,33792,-1765,32721,-100
3105,0,32768,0,33824,-1765,32721,-68
3106,0,32768,0,33856,-1765,32721,-36
3107,0,32768,0,33888,-1765,32721,-4
3108,0,32768,0,33920,-1765,32721,28
3109,0,32768,0,33952,-1765,32721,60
3110,0,32768,0,33984,-1765,32721,92
3111,0,32768,0,34016,-1765,32721,124
3112,0,32768,0,34048,-1765,32721,156
3113,0,32768,0,34080,-2276,32689,-138
3114,0,32768,0,34112,-2276,32689,-106
3115,0,32768,0,34144,-2276,32689,-74
3116,0,32768,0,34176,-2276,32689,-42
3117,0,32768,0,34208,-2276,32689,-10
3118,0,32768,0,34240,-2276,32689,22
3119,0,32768,0,34272,-2276,32689,54
3120,0,32768,0,34304,-2276,32689,86
3121,0,32768,0,34336,-2276,32689,118
3122,0,32768,0,34368,-2276,32689,150
3123,0,32768,0,34400,-2750,32653,-121
3124,0,32768,0,34432,-2750,32653,-89
3125,0,32768,0,34464,-2750,32653,-57
3126,0,32768,0,34496,-2750,32653,-25
3127,0,32768,0,34528,-2750,32653,7
3128,0,32768,0,34560,-2750,32653,39
3129,0,32768,0,34592,-2750,32653,71
3130,0,32768,0,34624,-2750,32653,103
3131,0,32768,0,34656,-2750,32653,135
3132,0,32768,0,34688,-3260,32606,-159
3133,0,32768,0,34720,-3260,32606,-127
3134,0,32768,0,34752,-3260,32606,-95
3135,0,32768,0,34784,-3260,32606,-63
3136,0,32768,0,34816,-3260,32606,-31
3137,0,32768,0,34848,-3260,32606,1
3138,0,32768,0,34880,-3260,32606,33
3139,0,32768,0,34912,-3260,32606,65
3140,0,32768,0,34944,-3260,32606,97
3141,0,32768,0,34976,-3260,32606,129
3142,0,32768,0,35008,-3260,32606,161
3143,0,32768,0,35040,-3769,32551,-133
3144,0,32768,0,35072,-3769,32551,-101
3145,0,32768,0,35104,-3769,32551,-69
3146,0,32768,0,35136,-3769,32551,-37
3147,0,32768,0,35168,-3769,32551,-5
3148,0,32768,0,35200,-3769,32551,27
3149,0,32768,0,35232,-3769,32551,59
3150,0,32768,0,35264,-3769,32551,91
3151,0,32768,0,35296,-3769,32551,123
3152,0,32768,0,35328,-3769,32551,155
3153,0,32768,0,35360,-4277,32488,-139
3154,0,32768,0,35392,-4277,32488,-107
3155,0,32768,0,35424,-4277,32488,-75
3156,0,32768,0,35456,-4277,32488,-43
3157,0,32768,0,35488,-4277,32488,-11
3158,0,32768,0,35520,-4277,32488,21
3159,0,32768,0,35552,-4277,32488,53
3160,0,32768,0,35584,-4277,32488,85
3161,0,32768,0,35616,-4277,32488,117
3162,0,32768,0,35648,-4277,32488,149
3163,0,32768,0,35680,-4784,32417,-144
3164,0,32768,0,35712,-4784,32417,-112
3165,0,32768,0,35744,-4784,32417,-80
3166,0,32768,0,35776,-4784,32417,-48
3167,0,32768,0,35808,-4784,32417,-16
3168,0,32768,0,35840,-4784,32417,16
3169,0,32768,0,35872,-4784,32417,48
3170,0,32768,0,35904,-4784,32417,80
3171,0,32768,0,35936,-4784,32417,112
3172,0,32768,0,35968,-4784,32417,144
3173,0,32768,0,36000,-5290,32338,-150
3174,0,32768,0,36032,-5290,32338,-118
3175,0,32768,0,36064,-5290,32338,-86
3176,0,32768,0,36096,-5290,32338,-54
3177,0,32768,0,36128,-5290,32338,-22
3178,0,32768,0,36160,-5290,32338,10
3179,0,32768,0,36192,-5290,32338,42
3180,0,32768,0,36224,-5290,32338,74
3181,0,32768,0,36256,-5290,32338,106
3182,0,32768,0,36288,-5290,32338,138
3183,0,32768,0,36320,-5794,32252,-156
3184,0,32768,0,36352,-5794,32252,-124
3185,0,32768,0,36384,-5794,32252,-92
3186,0,32768,0,36416,-5794,32252,-60
3187,0,32768,0,36448,-5794,32252,-28
3188,0,32768,0,36480,-5794,32252,4
3189,0,32768,0,36512,-5794,32252,36
3190,0,32768,0,36544,-5794,32252,68
3191,0,32768,0,36576,-5794,32252,100
3192,0,32768,0,36608,-5794,32252,132
3193,0,32768,0,36640,-6297,32157,-162
3194,0,32768,0,36672,-6297,32157,-130
3195,0,32768,0,36704,-6297,32157,-98
3196,0,32768,0,36736,-6297,32157,-66
3197,0,32768,0,36768,-6297,32157,-34
3198,0,32768,0,36800,-6297,32157,-2
3199,0,32768,0,36832,-6297,32157,30
3200,0,32768,0,36864,-6297,32157,62
3201,0,32768,0,36896,-6297,32157,94
3202,0,32768,0,36928,-6297,32157,126
3203,0,32768,0,36960,-6297,32157,158
3204,0,32768,0,36992,-6795,32056,-133
3205,0,32768,0,37024,-6795,32056,-101
3206,0,32768,0,37056,-6795,32056,-69
3207,0,32768,0,37088,-6795,32056,-37
3208,0,32768,0,37120,-6795,32056,-5
3209,0,32768,0,37152,-6795,32056,27
3210,0,32768,0,37184,-6795,32056,59
3211,0,32768,0,37216,-6795,32056,91
3212,0,32768,0,37248,-6795,32056,123
3213,0,32768,0,37280,-6795,32056,155
3214,0,32768,0,37312,-7295,31946,-139
3215,0,32768,0,37344,-7295,31946,-107
3216,0,32768,0,37376,-7295,31946,-75
3217,0,32768,0,37408,-7295,31946,-43
3218,0,32768,0,37440,-7295,31946,-11
3219,0,32768,0,37472,-7295,31946,21
3220,0,32768,0,37504,-7295,31946,53
3221,0,32768,0,37536,-7295,31946,85
3222,0,32768,0,37568,-7295,31946,117
3223,0,32768,0,37600,-7295,31946,149
3224,0,32768,0,37632,-7793,31828,-145
3225,0,32768,0,37664,-7793,31828,-113
3226,0,32768,0,37696,-7793,31828,-81
3227,0,32768,0,37728,-7793,31828,-49
3228,0,32768,0,37760,-7793,31828,-17
3229,0,32768,0,37792,-7793,31828,15
3230,0,32768,0,37824,-7793,31828,47
3231,0,32768,0,37856,-7793,31828,79
3232,0,32768,0,37888,-7793,31828,111
3233,0,32768,0,37920,-7793,31828,143
3234,0,32768,0,37952,-8289,31702,-151
3235,0,32768,0,37984,-8289,31702,-119
3236,0,32768,0,38016,-8289,31702,-87
3237,0,32768,0,38048,-8289,31702,-55
3238,0,32768,0,38080,-8289,31702,-23
3239,0,32768,0,38112,-8289,31702,9
3240,0,32768,0,38144,-8289,31702,41
3241,0,32768,0,38176,-8289,31702,73
3242,0,32768,0,38208,-8289,31702,105
3243,0,32768,0,38240,-8289,31702,137
3244,0,32768,0,38272,-8783,31569,-156
3245,0,32768,0,38304,-8783,31569,-124
3246,0,32768,0,38336,-8783,31569,-92
3247,0,32768,0,38368,-8783,31569,-60
3248,0,32768,0,38400,-8783,31569,-28
3249,0,32768,0,38432,-8783,31569,4
3250,0,32768,0,38464,-8783,31569,36
3251,0,32768,0,38496,-8783,31569,68
3252,0,32768,0,38528,-8783,31569,100
3253,0,32768,0,38560,-8783,31569,132
3254,0,32768,0,38592,-9275,31428,-162
3255,0,32768,0,38624,-9275,31428,-130
3256,0,32768,0,38656,-9275,31428,-98
3257,0,32768,0,38688,-9275,31428,-66
3258,0,32768,0,38720,-9275,31428,-34
3259,0,32768,0,38752,-9275,31428,-2
3260,0,32768,0,38784,-9275,31428,30
3261,0,32768,0,38816,-9275,31428,62
3262,0,32768,0,38848,-9275,31428,94
3263,0,32768,0,38880,-9275,31428,126
3264,0,32768,0,38912,-9275,31428,158
3265,0,32768,0,38944,-9765,31279,-136
3266,0,32768,0,38976,-9765,31279,-104
3267,0,32768,0,39008,-9765,31279,-72
3268,0,32768,0,39040,-9765,31279,-40
3269,0,32768,0,39072,-9765,31279,-8
3270,0,32768,0,39104,-9765,31279,24
3271,0,32768,0,39136,-9765,31279,56
3272,0,32768,0,39168,-9765,31279,88
3273,0,32768,0,39200,-9765,31279,120
3274,0,32768,0,39232,-9765,31279,152
3275,0,32768,0,39264,-10252,31123,-142
3276,0,32768,0,39296,-10252,31123,-110
3277,0,32768,0,39328,-10252,31123,-78
3278,0,32768,0,39360,-10252,31123,-46
3279,0,32768,0,39392,-10252,31123,-14
3280,0,32768,0,39424,-10252,31123,18
3281,0,32768,0,39456,-10252,31123,50
3282,0,32768,0,39488,-10472,31050,-66
3283,0,32768,0,39520,-10472,31050,-34
3284,0,32768,0,39552,-10472,31050,-2
3285,0,32768,0,39584,-10472,31050,30
3286,0,32768,0,39616,-10472,31050,62
3287,0,32768,0,39648,-10472,31050,94
3288,0,32768,0,39680,-10472,31050,126
3289,0,32768,0,39712,-10472,31050,158
3290,0,32768,0,39744,-10956,30883,-136
3291,0,32768,0,39776,-10956,30883,-104
3292,0,32768,0,39808,-10956,30883,-72
3293,0,32768,0,39840,-10956,30883,-40
3294,0,32768,0,39872,-10956,30883,-8
3295,0,32768,0,39904,-10956,30883,24
3296,0,32768,0,39936,-10956,30883,56
3297,0,32768,0,39968,-10956,30883,88
3298,0,32768,0,40000,-10956,30883,120
3299,0,32768,0,40032,-10956,30883,152
3300,0,32768,0,40064,-11437,30708,-141
3301,0,32768,0,40096,-11437,30708,-109
3302,0,32768,0,40128,-11437,30708,-77
3303,0,32768,0,40160,-11437,30708,-45
3304,0,32768,0,40192,-11437,30708,-13
3305,0,32768,0,40224,-11437,30708,19
3306,0,32768,0,40256,-11437,30708,51
3307,0,32768,0,40288,-11437,30708,83
3308,0,32768,0,40320,-11437,30708,115
3309,0,32768,0,40352,-11437,30708,147
3310,0,32768,0,40384,-11915,30525,-147
3311,0,32768,0,40416,-11915,30525,-115
3312,0,32768,0,40448,-11915,30525,-83
3313,0,32768,0,40480,-11915,30525,-51
3314,0,32768,0,40512,-11915,30525,-19
3315,0,32768,0,40544,-11915,30525,13
3316,0,32768,0,40576,-11915,30525,45
3317,0,32768,0,40608,-11915,30525,77
3318,0,32768,0,40640,-11915,30525,109
3319,0,32768,0,40672,-11915,30525,141
3320,0,32768,0,40704,-12390,30336,-153
3321,0,32768,0,40736,-12390,30336,-121
3322,0,32768,0,40768,-12390,30336,-89
3323,0,32768,0,40800,-12390,30336,-57
3324,0,32768,0,40832,-12390,30336,-25
3325,0,32768,0,40864,-12390,30336,7
3326,0,32768,0,40896,-12390,30336,39
3327,0,32768,0,40928,-12390,30336,71
3328,0,32768,0,40960,-12390,30336,103
3329,0,32768,0,40992,-12390,30336,135
3330,0,32768,0,41024,-12862,30138,-159
3331,0,32768,0,41056,-12862,30138,-127
3332,0,32768,0,41088,-12862,30138,-95
3333,0,32768,0,41120,-12862,30138,-63
3334,0,32768,0,41152,-12862,30138,-31
3335,0,32768,0,41184,-12862,30138,1
3336,0,32768,0,41216,-12862,30138,33
3337,0,32768,0,41248,-12862,30138,65
3338,0,32768,0,41280,-12862,30138,97
3339,0,32768,0,41312,-12862,30138,129
3340,0,32768,0,41344,-12862,30138,161
3341,0,32768,0,41376,-13332,29934,-133
3342,0,32768,0,41408,-13332,29934,-101
3343,0,32768,0,41440,-13332,29934,-69
3344,0,32768,0,41472,-13332,29934,-37
3345,0,32768,0,41504,-13332,29934,-5
3346,0,32768,0,41536,-13332,29934,27
3347,0,32768,0,41568,-13332,29934,59
3348,0,32768,0,41600,-13332,29934,91
3349,0,32768,0,41632,-13332,29934,123
3350,0,32768,0,41664,-13332,29934,155
3351,0,32768,0,41696,-13798,29722,-139
3352,0,32768,0,41728,-13798,29722,-107
3353,0,32768,0,41760,-13798,29722,-75
3354,0,32768,0,41792,-13798,29722,-43
3355,0,32768,0,41824,-13798,29722,-11
3356,0,32768,0,41856,-13798,29722,21
3357,0,32768,0,41888,-13798,29722,53
3358,0,32768,0,41920,-13798,29722,85
3359,0,32768,0,41952,-13798,29722,117
3360,0,32768,0,41984,-13798,29722,149
3361,0,32768,0,42016,-14257,29505,-142
3362,0,32768,0,42048,-14257,29505,-110
3363,0,32768,0,42080,-14257,29505,-78
3364,0,32768,0,42112,-14257,29505,-46
3365,0,32768,0,42144,-14257,29505,-14
3366,0,32768,0,42176,-14257,29505,18
3367,0,32768,0,42208,-14257,29505,50
3368,0,32768,0,42240,-14257,29505,82
3369,0,32768,0,42272,-14257,29505,114
3370,0,32768,0,42304,-14257,29505,146
3371,0,32768,0,42336,-14716,29278,-148
3372,0,32768,0,42368,-14716,29278,-116
3373,0,32768,0,42400,-14716,29278,-84
3374,0,32768,0,42432,-14716,29278,-52
3375,0,32768,0,42464,-14716,29278,-20
3376,0,32768,0,42496,-14716,29278,12
3377,0,32768,0,42528,-14716,29278,44
3378,0,32768,0,42560,-14716,29278,76
3379,0,32768,0,42592,-14716,29278,108
3380,0,32768,0,42624,-14716,29278,140
3381,0,32768,0,42656,-15171,29045,-154
3382,0,32768,0,42688,-15171,29045,-122
3383,0,32768,0,42720,-15171,29045,-90
3384,0,32768,0,42752,-15171,29045,-58
3385,0,32768,0,42784,-15171,29045,-26
3386,0,32768,0,42816,-15171,29045,6
3387,0,32768,0,42848,-15171,29045,38
3388,0,32768,0,42880,-15171,29045,70
3389,0,32768,0,42912,-15171,29045,102
3390,0,32768,0,42944,-15171,29045,134
3391,0,32768,0,42976,-15623,28804,-160
3392,0,32768,0,43008,-15623,28804,-128
3393,0,32768,0,43040,-15623,28804,-96
3394,0,32768,0,43072,-15623,28804,-64
3395,0,32768,0,43104,-15623,28804,-32
3396,0,32768,0,43136,-15623,28804,0
3397,0,32768,0,43168,-15623,28804,32
3398,0,32768,0,43200,-15623,28804,64
3399,0,32768,0,43232,-15623,28804,96
3400,0,32768,0,43264,-15623,28804,128
3401,0,32768,0,43296,-15623,28804,160
3402,0,32768,0,43328,-16071,28557,-133
3403,0,32768,0,43360,-16071,28557,-101
3404,0,32768,0,43392,-16071,28557,-69
3405,0,32768,0,43424,-16071,28557,-37
3406,0,32768,0,43456,-16071,28557,-5
3407,0,32768,0,43488,-16071,28557,27
3408,0,32768,0,43520,-16071,28557,59
3409,0,32768,0,43552,-16071,28557,91
3410,0,32768,0,43584,-16071,28557,123
3411,0,32768,0,43616,-16071,28557,155
3412,0,32768,0,43648,-16515,28302,-139
3413,0,32768,0,43680,-16515,28302,-107
3414,0,32768,0,43712,-16515,28302,-75
3415,0,32768,0,43744,-16515,28302,-43
3416,0,32768,0,43776,-16515,28302,-11
3417,0,32768,0,43808,-16515,28302,21
3418,0,32768,0,43840,-16515,28302,53
3419,0,32768,0,43872,-16515,28302,85
3420,0,32768,0,43904,-16515,28302,117
3421,0,32768,0,43936,-16515,28302,149
3422,0,32768,0,43968,-16955,28041,-145
3423,0,32768,0,44000,-16955,28041,-113
3424,0,32768,0,44032,-16955,28041,-81
3425,0,32768,0,44064,-16955,28041,-49
3426,0,32768,0,44096,-16955,28041,-17
3427,0,32768,0,44128,-16955,28041,15
3428,0,32768,0,44160,-16955,28041,47
3429,0,32768,0,44192,-16955,28041,79
3430,0,32768,0,44224,-16955,28041,111
3431,0,32768,0,44256,-16955,28041,143
3432,0,32768,0,44288,-17391,27772,-151
3433,0,32768,0,44320,-17391,27772,-119
3434,0,32768,0,44352,-17391,27772,-87
3435,0,32768,0,44384,-17391,27772,-55
3436,0,32768,0,44416,-17391,27772,-23
3437,0,32768,0,44448,-17391,27772,9
3438,0,32768,0,44480,-17391,27772,41
3439,0,32768,0,44512,-17391,27772,73
3440,0,32768,0,44544,-17391,27772,105
3441,0,32768,0,44576,-17391,27772,137
3442,0,32768,0,44608,-17793,27517,-134
3443,0,32768,0,44640,-17793,27517,-102
3444,0,32768,0,44672,-17793,27517,-70
3445,0,32768,0,44704,-17793,27517,-38
3446,0,32768,0,44736,-17793,27517,-6
3447,0,32768,0,44768,-17793,27517,26
3448,0,32768,0,44800,-17793,27517,58
3449,0,32768,0,44832,-17793,27517,90
3450,0,32768,0,44864,-17793,27517,122
3451,0,32768,0,44896,-17793,27517,154
3452,0,32768,0,44928,-18220,27235,-140
3453,0,32768,0,44960,-18220,27235,-108
3454,0,32768,0,44992,-18220,27235,-76
3455,0,32768,0,45024,-18220,27235,-44
3456,0,32768,0,45056,-18220,27235,-12
3457,0,32768,0,45088,-18220,27235,20
3458,0,32768,0,45120,-18220,27235,52
3459,0,32768,0,45152,-18220,27235,84
3460,0,32768,0,45184,-18220,27235,116
3461,0,32768,0,45216,-18220,27235,148
3462,0,32768,0,45248,-18644,26948,-146
3463,0,32768,0,45280,-18644,26948,-114
3464,0,32768,0,45312,-18644,26948,-82
3465,0,32768,0,45344,-18644,26948,-50
3466,0,32768,0,45376,-18644,26948,-18
3467,0,32768,0,45408,-18644,26948,14
3468,0,32768,0,45440,-18644,26948,46
3469,0,32768,0,45472,-18644,26948,78
3470,0,32768,0,45504,-18644,26948,110
3471,0,32768,0,45536,-18644,26948,142
3472,0,32768,0,45568,-19062,26653,-152
3473,0,32768,0,45600,-19062,26653,-120
3474,0,32768,0,45632,-19062,26653,-88
3475,0,32768,0,45664,-19062,26653,-56
3476,0,32768,0,45696,-19062,26653,-24
3477,0,32768,0,45728,-19062,26653,8
3478,0,32768,0,45760,-19062,26653,40
3479,0,32768,0,45792,-19062,26653,72
3480,0,32768,0,45824,-19062,26653,104
3481,0,32768,0,45856,-19062,26653,136
3482,0,32768,0,45888,-19476,26352,-157
3483,0,32768,0,45920,-19476,26352,-125
3484,0,32768,0,45952,-19476,26352,-93
3485,0,32768,0,45984,-19476,26352,-61
3486,0,32768,0,46016,-19476,26352,-29
3487,0,32768,0,46048,-19476,26352,3
3488,0,32768,0,46080,-19476,26352,35
3489,0,32768,0,46112,-19476,26352,67
3490,0,32768,0,46144,-19476,26352,99
3491,0,32768,0,46176,-19476,26352,131
3492,0,32768,0,46208,-19476,26352,163
3493,0,32768,0,46240,-19885,26044,-131
3494,0,32768,0,46272,-19885,26044,-99
3495,0,32768,0,46304,-19885,26044,-67
3496,0,32768,0,46336,-19885,26044,-35
3497,0,32768,0,46368,-19885,26044,-3
3498,0,32768,0,46400,-19885,26044,29
3499,0,32768,0,46432,-19885,26044,61
3500,0,32768,0,46464,-19885,26044,93
3501,0,32768,0,46496,-19885,26044,125
3502,0,32768,0,46528,-19885,26044,157
3503,0,32768,0,46560,-20290,25731,-137
3504,0,32768,0,46592,-20290,25731,-105
3505,0,32768,0,46624,-20290,25731,-73
3506,0,32768,0,46656,-20290,25731,-41
3507,0,32768,0,46688,-20290,25731,-9
3508,0,32768,0,46720,-20290,25731,23
3509,0,32768,0,46752,-20290,25731,55
3510,0,32768,0,46784,-20290,25731,87
3511,0,32768,0,46816,-20290,25731,119
3512,0,32768,0,46848,-20290,25731,151
3513,0,32768,0,46880,-20689,25410,-143
3514,0,32768,0,46912,-20689,25410,-111
3515,0,32768,0,46944,-20689,25410,-79
3516,0,32768,0,46976,-20689,25410,-47
3517,0,32768,0,47008,-20689,25410,-15
3518,0,32768,0,47040,-20689,25410,17
3519,0,32768,0,47072,-20689,25410,49
3520,0,32768,0,47104,-20689,25410,81
3521,0,32768,0,47136,-20689,25410,113
3522,0,32768,0,47168,-20689,25410,145
3523,0,32768,0,47200,-21080,25087,-146
3524,0,32768,0,47232,-21080,25087,-114
3525,0,32768,0,47264,-21080,25087,-82
3526,0,32768,0,47296,-21080,25087,-50
3527,0,32768,0,47328,-21080,25087,-18
3528,0,32768,0,47360,-21080,25087,14
3529,0,32768,0,47392,-21080,25087,46
3530,0,32768,0,47424,-21080,25087,78
3531,0,32768,0,47456,-21080,25087,110
3532,0,32768,0,47488,-21080,25087,142
3533,0,32768,0,47520,-21470,24755,-152
3534,0,32768,0,47552,-21470,24755,-120
3535,0,32768,0,47584,-21470,24755,-88
3536,0,32768,0,47616,-21470,24755,-56
3537,0,32768,0,47648,-21470,24755,-24
3538,0,32768,0,47680,-21470,24755,8
3539,0,32768,0,47712,-21470,24755,40
3540,0,32768,0,47744,-21470,24755,72
3541,0,32768,0,47776,-21470,24755,104
3542,0,32768,0,47808,-21470,24755,136
3543,0,32768,0,47840,-21854,24416,-158
3544,0,32768,0,47872,-21854,24416,-126
3545,0,32768,0,47904,-21854,24416,-94
3546,0,32768,0,47936,-21854,24416,-62
3547,0,32768,0,47968,-21854,24416,-30
3548,0,32768,0,48000,-21854,24416,2
3549,0,32768,0,48032,-21854,24416,34
3550,0,32768,0,48064,-21854,24416,66
3551,0,32768,0,48096,-21854,24416,98
3552,0,32768,0,48128,-21854,24416,130
3553,0,32768,0,48160,-21854,24416,162
3554,0,32768,0,48192,-22232,24072,-132
3555,0,32768,0,48224,-22232,24072,-100
3556,0,32768,0,48256,-22232,24072,-68
3557,0,32768,0,48288,-22232,24072,-36
3558,0,32768,0,48320,-22232,24072,-4
3559,0,32768,0,48352,-22232,24072,28
3560,0,32768,0,48384,-22232,24072,60
3561,0,32768,0,48416,-22232,24072,92
3562,0,32768,0,48448,-22232,24072,124
3563,0,32768,0,48480,-22232,24072,156
3564,0,32768,0,48512,-22606,23722,-137
3565,0,32768,0,48544,-22606,23722,-105
3566,0,32768,0,48576,-22606,23722,-73
3567,0,32768,0,48608,-22606,23722,-41
3568,0,32768,0,48640,-22606,23722,-9
3569,0,32768,0,48672,-22606,23722,23
3570,0,32768,0,48704,-22606,23722,55
3571,0,32768,0,48736,-22606,23722,87
3572,0,32768,0,48768,-22606,23722,119
3573,0,32768,0,48800,-22606,23722,151
3574,0,32768,0,48832,-22973,23366,-143
3575,0,32768,0,48864,-22973,23366,-111
3576,0,32768,0,48896,-22973,23366,-79
3577,0,32768,0,48928,-22973,23366,-47
3578,0,32768,0,48960,-22973,23366,-15
3579,0,32768,0,48992,-22973,23366,17
3580,0,32768,0,49024,-22973,23366,49
3581,0,32768,0,49056,-22973,23366,81
3582,0,32768,0,49088,-22973,23366,113
3583,0,32768,0,49120,-22973,23366,145
3584,0,32768,0,49152,-23004,23336,149
3585,0,32768,0,49184,-23366,22974,-144
3586,0,32768,0,49216,-23366,22974,-112
3587,0,32768,0,49248,-23366,22974,-80
3588,0,32768,0,49280,-23366,22974,-48
3589,0,32768,0,49312,-23366,22974,-16
3590,0,32768,0,49344,-23366,22974,16
3591,0,32768,0,49376,-23366,22974,48
3592,0,32768,0,49408,-23366,22974,80
3593,0,32768,0,49440,-23366,22974,112
3594,0,32768,0,49472,-23366,22974,144
3595,0,32768,0,49504,-23722,22606,-150
3596,0,32768,0,49536,-23722,22606,-118
3597,0,32768,0,49568,-23722,22606,-86
3598,0,32768,0,49600,-23722,22606,-54
3599,0,32768,0,49632,-23722,22606,-22
3600,0,32768,0,49664,-23722,22606,10
3601,0,32768,0,49696,-23722,22606,42
3602,0,32768,0,49728,-23722,22606,74
3603,0,32768,0,49760,-23722,22606,106
3604,0,32768,0,49792,-23722,22606,138
3605,0,32768,0,49824,-24072,22233,-156
3606,0,32768,0,49856,-24072,22233,-124
3607,0,32768,0,49888,-24072,22233,-92
3608,0,32768,0,49920,-24072,22233,-60
3609,0,32768,0,49952,-24072,22233,-28
3610,0,32768,0,49984,-24072,22233,4
3611,0,32768,0,50016,-24072,22233,36
3612,0,32768,0,50048,-24072,22233,68
3613,0,32768,0,50080,-24072,22233,100
3614,0,32768,0,50112,-24072,22233,132
3615,0,32768,0,50144,-24416,21854,-162
3616,0,32768,0,50176,-24416,21854,-130
3617,0,32768,0,50208,-24416,21854,-98
3618,0,32768,0,50240,-24416,21854,-66
3619,0,32768,0,50272,-24416,21854,-34
3620,0,32768,0,50304,-24416,21854,-2
3621,0,32768,0,50336,-24416,21854,30
3622,0,32768,0,50368,-24416,21854,62
3623,0,32768,0,50400,-24416,21854,94
3624,0,32768,0,50432,-24416,21854,126
3625,0,32768,0,50464,-24416,21854,158
3626,0,32768,0,50496,-24755,21470,-136
3627,0,32768,0,50528,-24755,21470,-104
3628,0,32768,0,50560,-24755,21470,-72
3629,0,32768,0,50592,-24755,21470,-40
3630,0,32768,0,50624,-24755,21470,-8
3631,0,32768,0,50656,-24755,21470,24
3632,0,32768,0,50688,-24755,21470,56
3633,0,32768,0,50720,-24755,21470,88
3634,0,32768,0,50752,-24755,21470,120
3635,0,32768,0,50784,-24755,21470,152
3636,0,32768,0,50816,-25087,21081,-142
3637,0,32768,0,50848,-25087,21081,-110
3638,0,32768,0,50880,-25087,21081,-78
3639,0,32768,0,50912,-25087,21081,-46
3640,0,32768,0,50944,-25087,21081,-14
3641,0,32768,0,50976,-25087,21081,18
3642,0,32768,0,51008,-25087,21081,50
3643,0,32768,0,51040,-25087,21081,82
3644,0,32768,0,51072,-25087,21081,114
3645,0,32768,0,51104,-25087,21081,146
3646,0,32768,0,51136,-25411,20690,-145
3647,0,32768,0,51168,-25411,20690,-113
3648,0,32768,0,51200,-25411,20690,-81
3649,0,32768,0,51232,-25411,20690,-49
3650,0,32768,0,51264,-25411,20690,-17
3651,0,32768,0,51296,-25411,20690,15
3652,0,32768,0,51328,-25411,20690,47
3653,0,32768,0,51360,-25411,20690,79
3654,0,32768,0,51392,-25411,20690,111
3655,0,32768,0,51424,-25411,20690,143
3656,0,32768,0,51456,-25731,20290,-151
3657,0,32768,0,51488,-25731,20290,-119
3658,0,32768,0,51520,-25731,20290,-87
3659,0,32768,0,51552,-25731,20290,-55
3660,0,32768,0,51584,-25731,20290,-23
3661,0,32768,0,51616,-25731,20290,9
3662,0,32768,0,51648,-25731,20290,41
3663,0,32768,0,51680,-25731,20290,73
3664,0,32768,0,51712,-25731,20290,105
3665,0,32768,0,51744,-25731,20290,137
3666,0,32768,0,51776,-26045,19886,-157
3667,0,32768,0,51808,-26045,19886,-125
3668,0,32768,0,51840,-26045,19886,-93
3669,0,32768,0,51872,-26045,19886,-61
3670,0,32768,0,51904,-26045,19886,-29
3671,0,32768,0,51936,-26045,19886,3
3672,0,32768,0,51968,-26045,19886,35
3673,0,32768,0,52000,-26045,19886,67
3674,0,32768,0,52032,-26045,19886,99
3675,0,32768,0,52064,-26045,19886,131
3676,0,32768,0,52096,-26352,19476,-163
3677,0,32768,0,52128,-26352,19476,-131
3678,0,32768,0,52160,-26352,19476,-99
3679,0,32768,0,52192,-26352,19476,-67
3680,0,32768,0,52224,-26352,19476,-35
3681,0,32768,0,52256,-26352,19476,-3
3682,0,32768,0,52288,-26352,19476,29
3683,0,32768,0,52320,-26352,19476,61
3684,0,32768,0,52352,-26352,19476,93
3685,0,32768,0,52384,-26352,19476,125
3686,0,32768,0,52416,-26352,19476,157
3687,0,32768,0,52448,-26653,19063,-136
3688,0,32768,0,52480,-26653,19063,-104
3689,0,32768,0,52512,-26653,19063,-72
3690,0,32768,0,52544,-26653,19063,-40
3691,0,32768,0,52576,-26653,19063,-8
3692,0,32768,0,52608,-26653,19063,24
3693,0,32768,0,52640,-26653,19063,56
3694,0,32768,0,52672,-26653,19063,88
3695,0,32768,0,52704,-26653,19063,120
3696,0,32768,0,52736,-26653,19063,152
3697,0,32768,0,52768,-26947,18644,-142
3698,0,32768,0,52800,-26947,18644,-110
3699,0,32768,0,52832,-26947,18644,-78
3700,0,32768,0,52864,-26947,18644,-46
3701,0,32768,0,52896,-26947,18644,-14
3702,0,32768,0,52928,-26947,18644,18
3703,0,32768,0,52960,-26947,18644,50
3704,0,32768,0,52992,-26947,18644,82
3705,0,32768,0,53024,-26947,18644,114
3706,0,32768,0,53056,-26947,18644,146
3707,0,32768,0,53088,-27235,18220,-148
3708,0,32768,0,53120,-27235,18220,-116
3709,0,32768,0,53152,-27235,18220,-84
3710,0,32768,0,53184,-27235,18220,-52
3711,0,32768,0,53216,-27235,18220,-20
3712,0,32768,0,53248,-27235,18220,12
3713,0,32768,0,53280,-27235,18220,44
3714,0,32768,0,53312,-27235,18220,76
3715,0,32768,0,53344,-27235,18220,108
3716,0,32768,0,53376,-27235,18220,140
3717,0,32768,0,53408,-27517,17793,-154
3718,0,32768,0,53440,-27517,17793,-122
3719,0,32768,0,53472,-27517,17793,-90
3720,0,32768,0,53504,-27517,17793,-58
3721,0,32768,0,53536,-27517,17793,-26
3722,0,32768,0,53568,-27517,17793,6
3723,0,32768,0,53600,-27517,17793,38
3724,0,32768,0,53632,-27517,17793,70
3725,0,32768,0,53664,-27517,17793,102
3726,0,32768,0,53696,-27517,17793,134
3727,0,32768,0,53728,-27772,17392,-137
3728,0,32768,0,53760,-27772,17392,-105
3729,0,32768,0,53792,-27772,17392,-73
3730,0,32768,0,53824,-27772,17392,-41
3731,0,32768,0,53856,-27772,17392,-9
3732,0,32768,0,53888,-27772,17392,23
3733,0,32768,0,53920,-27772,17392,55
3734,0,32768,0,53952,-27772,17392,87
3735,0,32768,0,53984,-27772,17392,119
3736,0,32768,0,54016,-27772,17392,151
3737,0,32768,0,54048,-28041,16955,-143
3738,0,32768,0,54080,-28041,16955,-111
3739,0,32768,0,54112,-28041,16955,-79
3740,0,32768,0,54144,-28041,16955,-47
3741,0,32768,0,54176,-28041,16955,-15
3742,0,32768,0,54208,-28041,16955,17
3743,0,32768,0,54240,-28041,16955,49
3744,0,32768,0,54272,-28041,16955,81
3745,0,32768,0,54304,-28041,16955,113
3746,0,32768,0,54336,-28041,16955,145
3747,0,32768,0,54368,-28302,16515,-149
3748,0,32768,0,54400,-28302,16515,-117
3749,0,32768,0,54432,-28302,16515,-85
3750,0,32768,0,54464,-28302,16515,-53
3751,0,32768,0,54496,-28302,16515,-21
3752,0,32768,0,54528,-28302,16515,11
3753,0,32768,0,54560,-28302,16515,43
3754,0,32768,0,54592,-28302,16515,75
3755,0,32768,0,54624,-28302,16515,107
3756,0,32768,0,54656,-28302,16515,139
3757,0,32768,0,54688,-28557,16071,-155
3758,0,32768,0,54720,-28557,16071,-123
3759,0,32768,0,54752,-28557,16071,-91
3760,0,32768,0,54784,-28557,16071,-59
3761,0,32768,0,54816,-28557,16071,-27
3762,0,32768,0,54848,-28557,16071,5
3763,0,32768,0,54880,-28557,16071,37
3764,0,32768,0,54912,-28557,16071,69
3765,0,32768,0,54944,-28557,16071,101
3766,0,32768,0,54976,-28557,16071,133
3767,0,32768,0,55008,-28804,15623,-160
3768,0,32768,0,55040,-28804,15623,-128
3769,0,32768,0,55072,-28804,15623,-96
3770,0,32768,0,55104,-28804,15623,-64
3771,0,32768,0,55136,-28804,15623,-32
3772,0,32768,0,55168,-28804,15623,0
3773,0,32768,0,55200,-28804,15623,32
3774,0,32768,0,55232,-28804,15623,64
3775,0,32768,0,55264,-28804,15623,96
3776,0,32768,0,55296,-28804,15623,128
3777,0,32768,0,55328,-28804,15623,160
3778,0,32768,0,55360,-29045,15171,-134
3779,0,32768,0,55392,-29045,15171,-102
3780,0,32768,0,55424,-29045,15171,-70
3781,0,32768,0,55456,-29045,15171,-38
3782,0,32768,0,55488,-29045,15171,-6
3783,0,32768,0,55520,-29045,15171,26
3784,0,32768,0,55552,-29045,15171,58
3785,0,32768,0,55584,-29045,15171,90
3786,0,32768,0,55616,-29045,15171,122
3787,0,32768,0,55648,-29045,15171,154
3788,0,32768,0,55680,-29278,14716,-140
3789,0,32768,0,55712,-29278,14716,-108
3790,0,32768,0,55744,-29278,14716,-76
3791,0,32768,0,55776,-29278,14716,-44
3792,0,32768,0,55808,-29278,14716,-12
3793,0,32768,0,55840,-29278,14716,20
3794,0,32768,0,55872,-29278,14716,52
3795,0,32768,0,55904,-29278,14716,84
3796,0,32768,0,55936,-29278,14716,116
3797,0,32768,0,55968,-29278,14716,148
3798,0,32768,0,56000,-29504,14257,-146
3799,0,32768,0,56032,-29504,14257,-114
3800,0,32768,0,56064,-29504,14257,-82
3801,0,32768,0,56096,-29504,14257,-50
3802,0,32768,0,56128,-29504,14257,-18
3803,0,32768,0,56160,-29504,14257,14
3804,0,32768,0,56192,-29504,14257,46
3805,0,32768,0,56224,-29504,14257,78
3806,0,32768,0,56256,-29504,14257,110
3807,0,32768,0,56288,-29504,14257,142
3808,0,32768,0,56320,-29722,13798,-149
3809,0,32768,0,56352,-29722,13798,-117
3810,0,32768,0,56384,-29722,13798,-85
3811,0,32768,0,56416,-29722,13798,-53
3812,0,32768,0,56448,-29722,13798,-21
3813,0,32768,0,56480,-29722,13798,11
3814,0,32768,0,56512,-29722,13798,43
3815,0,32768,0,56544,-29722,13798,75
3816,0,32768,0,56576,-29722,13798,107
3817,0,32768,0,56608,-29722,13798,139
3818,0,32768,0,56640,-29933,13332,-155
3819,0,32768,0,56672,-29933,13332,-123
3820,0,32768,0,56704,-29933,13332,-91
3821,0,32768,0,56736,-29933,13332,-59
3822,0,32768,0,56768,-29933,13332,-27
3823,0,32768,0,56800,-29933,13332,5
3824,0,32768,0,56832,-29933,13332,37
3825,0,32768,0,56864,-29933,13332,69
3826,0,32768,0,56896,-29933,13332,101
3827,0,32768,0,56928,-29933,13332,133
3828,0,32768,0,56960,-30138,12863,-161
3829,0,32768,0,56992,-30138,12863,-129
3830,0,32768,0,57024,-30138,12863,-97
3831,0,32768,0,57056,-30138,12863,-65
3832,0,32768,0,57088,-30138,12863,-33
3833,0,32768,0,57120,-30138,12863,-1
3834,0,32768,0,57152,-30138,12863,31
3835,0,32768,0,57184,-30138,12863,63
3836,0,32768,0,57216,-30138,12863,95
3837,0,32768,0,57248,-30138,12863,127
3838,0,32768,0,57280,-30138,12863,159
3839,0,32768,0,57312,-30335,12390,-135
3840,0,32768,0,57344,-30335,12390,-103
3841,0,32768,0,57376,-30335,12390,-71
3842,0,32768,0,57408,-30335,12390,-39
3843,0,32768,0,57440,-30335,12390,-7
3844,0,32768,0,57472,-30335,12390,25
3845,0,32768,0,57504,-30335,12390,57
3846,0,32768,0,57536,-30335,12390,89
3847,0,32768,0,57568,-30335,12390,121
3848,0,32768,0,57600,-30335,12390,153
3849,0,32768,0,57632,-30525,11915,-140
3850,0,32768,0,57664,-30525,11915,-108
3851,0,32768,0,57696,-30525,11915,-76
3852,0,32768,0,57728,-30525,11915,-44
3853,0,32768,0,57760,-30525,11915,-12
3854,0,32768,0,57792,-30525,11915,20
3855,0,32768,0,57824,-30525,11915,52
3856,0,32768,0,57856,-30525,11915,84
3857,0,32768,0,57888,-30525,11915,116
3858,0,32768,0,57920,-30525,11915,148
3859,0,32768,0,57952,-30707,11437,-146
3860,0,32768,0,57984,-30707,11437,-114
3861,0,32768,0,58016,-30707,11437,-82
3862,0,32768,0,58048,-30707,11437,-50
3863,0,32768,0,58080,-30707,11437,-18
3864,0,32768,0,58112,-30707,11437,14
3865,0,32768,0,58144,-30707,11437,46
3866,0,32768,0,58176,-30707,11437,78
3867,0,32768,0,58208,-30707,11437,110
3868,0,32768,0,58240,-30707,11437,142
3869,0,32768,0,58272,-30882,10956,-152
3870,0,32768,0,58304,-30882,10956,-120
3871,0,32768,0,58336,-30882,10956,-88
3872,0,32768,0,58368,-30882,10956,-56
3873,0,32768,0,58400,-30882,10956,-24
3874,0,32768,0,58432,-30882,10956,8
3875,0,32768,0,58464,-30882,10956,40
3876,0,32768,0,58496,-30882,10956,72
3877,0,32768,0,58528,-30882,10956,104
3878,0,32768,0,58560,-30882,10956,136
3879,0,32768,0,58592,-31050,10472,-158
3880,0,32768,0,58624,-31050,10472,-126
3881,0,32768,0,58656,-31050,10472,-94
3882,0,32768,0,58688,-31050,10472,-62
3883,0,32768,0,58720,-31050,10472,-30
3884,0,32768,0,58752,-31050,10472,2
3885,0,32768,0,58784,-31050,10472,34
3886,0,32768,0,58816,-31050,10472,66
3887,0,32768,0,58848,-31123,10253,-50
3888,0,32768,0,58880,-31123,10253,-18
3889,0,32768,0,58912,-31123,10253,14
3890,0,32768,0,58944,-31123,10253,46
3891,0,32768,0,58976,-31123,10253,78
3892,0,32768,0,59008,-31123,10253,110
3893,0,32768,0,59040,-31123,10253,142
3894,0,32768,0,59072,-31279,9765,-152
3895,0,32768,0,59104,-31279,9765,-120
3896,0,32768,0,59136,-31279,9765,-88
3897,0,32768,0,59168,-31279,9765,-56
3898,0,32768,0,59200,-31279,9765,-24
3899,0,32768,0,59232,-31279,9765,8
3900,0,32768,0,59264,-31279,9765,40
3901,0,32768,0,59296,-31279,9765,72
3902,0,32768,0,59328,-31279,9765,104
3903,0,32768,0,59360,-31279,9765,136
3904,0,32768,0,59392,-31428,9275,-157
3905,0,32768,0,59424,-31428,9275,-125
3906,0,32768,0,59456,-31428,9275,-93
3907,0,32768,0,59488,-31428,9275,-61
3908,0,32768,0,59520,-31428,9275,-29
3909,0,32768,0,59552,-31428,9275,3
3910,0,32768,0,59584,-31428,9275,35
3911,0,32768,0,59616,-31428,9275,67
3912,0,32768,0,59648,-31428,9275,99
3913,0,32768,0,59680,-31428,9275,131
3914,0,32768,0,59712,-31428,9275,163
3915,0,32768,0,59744,-31569,8783,-131
3916,0,32768,0,59776,-31569,8783,-99
3917,0,32768,0,59808,-31569,8783,-67
3918,0,32768,0,59840,-31569,8783,-35
3919,0,32768,0,59872,-31569,8783,-3
3920,0,32768,0,59904,-31569,8783,29
3921,0,32768,0,59936,-31569,8783,61
3922,0,32768,0,59968,-31569,8783,93
3923,0,32768,0,60000,-31569,8783,125
3924,0,32768,0,60032,-31569,8783,157
3925,0,32768,0,60064,-31702,8289,-137
3926,0,32768,0,60096,-31702,8289,-105
3927,0,32768,0,60128,-31702,8289,-73
3928,0,32768,0,60160,-31702,8289,-41
3929,0,32768,0,60192,-31702,8289,-9
3930,0,32768,0,60224,-31702,8289,23
3931,0,32768,0,60256,-31702,8289,55
3932,0,32768,0,60288,-31702,8289,87
3933,0,32768,0,60320,-31702,8289,119
3934,0,32768,0,60352,-31702,8289,151
3935,0,32768,0,60384,-31828,7793,-143
3936,0,32768,0,60416,-31828,7793,-111
3937,0,32768,0,60448,-31828,7793,-79
3938,0,32768,0,60480,-31828,7793,-47
3939,0,32768,0,60512,-31828,7793,-15
3940,0,32768,0,60544,-31828,7793,17
3941,0,32768,0,60576,-31828,7793,49
3942,0,32768,0,60608,-31828,7793,81
3943,0,32768,0,60640,-31828,7793,113
3944,0,32768,0,60672,-31828,7793,145
3945,0,32768,0,60704,-31946,7295,-149
3946,0,32768,0,60736,-31946,7295,-117
3947,0,32768,0,60768,-31946,7295,-85
3948,0,32768,0,60800,-31946,7295,-53
3949,0,32768,0,60832,-31946,7295,-21
3950,0,32768,0,60864,-31946,7295,11
3951,0,32768,0,60896,-31946,7295,43
3952,0,32768,0,60928,-31946,7295,75
3953,0,32768,0,60960,-31946,7295,107
3954,0,32768,0,60992,-31946,7295,139
3955,0,32768,0,61024,-32056,6794,-155
3956,0,32768,0,61056,-32056,6794,-123
3957,0,32768,0,61088,-32056,6794,-91
3958,0,32768,0,61120,-32056,6794,-59
3959,0,32768,0,61152,-32056,6794,-27
3960,0,32768,0,61184,-32056,6794,5
3961,0,32768,0,61216,-32056,6794,37
3962,0,32768,0,61248,-32056,6794,69
3963,0,32768,0,61280,-32056,6794,101
3964,0,32768,0,61312,-32056,6794,133
3965,0,32768,0,61344,-32157,6298,-158
3966,0,32768,0,61376,-32157,6298,-126
3967,0,32768,0,61408,-32157,6298,-94
3968,0,32768,0,61440,-32157,6298,-62
3969,0,32768,0,61472,-32157,6298,-30
3970,0,32768,0,61504,-32157,6298,2
3971,0,32768,0,61536,-32157,6298,34
3972,0,32768,0,61568,-32157,6298,66
3973,0,32768,0,61600,-32157,6298,98
3974,0,32768,0,61632,-32157,6298,130
3975,0,32768,0,61664,-32157,6298,162
3976,0,32768,0,61696,-32252,5794,-132
3977,0,32768,0,61728,-32252,5794,-100
3978,0,32768,0,61760,-32252,5794,-68
3979,0,32768,0,61792,-32252,5794,-36
3980,0,32768,0,61824,-32252,5794,-4
3981,0,32768,0,61856,-32252,5794,28
3982,0,32768,0,61888,-32252,5794,60
3983,0,32768,0,61920,-32252,5794,92
3984,0,32768,0,61952,-32252,5794,124
3985,0,32768,0,61984,-32252,5794,156
3986,0,32768,0,62016,-32338,5290,-138
3987,0,32768,0,62048,-32338,5290,-106
3988,0,32768,0,62080,-32338,5290,-74
3989,0,32768,0,62112,-32338,5290,-42
3990,0,32768,0,62144,-32338,5290,-10
3991,0,32768,0,62176,-32338,5290,22
3992,0,32768,0,62208,-32338,5290,54
3993,0,32768,0,62240,-32338,5290,86
3994,0,32768,0,62272,-32338,5290,118
3995,0,32768,0,62304,-32338,5290,150
3996,0,32768,0,62336,-32417,4784,-144
3997,0,32768,0,62368,-32417,4784,-112
3998,0,32768,0,62400,-32417,4784,-80
3999,0,32768,0,62432,-32417,4784,-48
4000,0,32768,0,62464,-32417,4784,-16
4001,0,32768,0,62496,-32417,4784,16
4002,0,32768,0,62528,-32417,4784,48
4003,0,32768,0,62560,-32417,4784,80
4004,0,32768,0,62592,-32417,4784,112
4005,0,32768,0,62624,-32417,4784,144
4006,0,32768,0,62656,-32488,4277,-149
4007,0,32768,0,62688,-32488,4277,-117
4008,0,32768,0,62720,-32488,4277,-85
4009,0,32768,0,62752,-32488,4277,-53
4010,0,32768,0,62784,-32488,4277,-21
4011,0,32768,0,62816,-32488,4277,11
4012,0,32768,0,62848,-32488,4277,43
4013,0,32768,0,62880,-32488,4277,75
4014,0,32768,0,62912,-32488,4277,107
4015,0,32768,0,62944,-32488,4277,139
4016,0,32768,0,62976,-32550,3769,-155
4017,0,32768,0,63008,-32550,3769,-123
4018,0,32768,0,63040,-32550,3769,-91
4019,0,32768,0,63072,-32550,3769,-59
4020,0,32768,0,63104,-32550,3769,-27
4021,0,32768,0,63136,-32550,3769,5
4022,0,32768,0,63168,-32550,3769,37
4023,0,32768,0,63200,-32550,3769,69
4024,0,32768,0,63232,-32550,3769,101
4025,0,32768,0,63264,-32550,3769,133
4026,0,32768,0,63296,-32605,3260,-161
4027,0,32768,0,63328,-32605,3260,-129
4028,0,32768,0,63360,-32605,3260,-97
4029,0,32768,0,63392,-32605,3260,-65
4030,0,32768,0,63424,-32605,3260,-33
4031,0,32768,0,63456,-32605,3260,-1
4032,0,32768,0,63488,-32605,3260,31
4033,0,32768,0,63520,-32605,3260,63
4034,0,32768,0,63552,-32605,3260,95
4035,0,32768,0,63584,-32605,3260,127
4036,0,32768,0,63616,-32605,3260,159
4037,0,32768,0,63648,-32652,2750,-135
4038,0,32768,0,63680,-32652,2750,-103
4039,0,32768,0,63712,-32652,2750,-71
4040,0,32768,0,63744,-32652,2750,-39
4041,0,32768,0,63776,-32652,2750,-7
4042,0,32768,0,63808,-32652,2750,25
4043,0,32768,0,63840,-32652,2750,57
4044,0,32768,0,63872,-32652,2750,89
4045,0,32768,0,63904,-32652,2750,121
4046,0,32768,0,63936,-32689,2276,-150
4047,0,32768,0,63968,-32689,2276,-118
4048,0,32768,0,64000,-32689,2276,-86
4049,0,32768,0,64032,-32689,2276,-54
4050,0,32768,0,64064,-32689,2276,-22
4051,0,32768,0,64096,-32689,2276,10
4052,0,32768,0,64128,-32689,2276,42
4053,0,32768,0,64160,-32689,2276,74
4054,0,32768,0,64192,-32689,2276,106
4055,0,32768,0,64224,-32689,2276,138
4056,0,32768,0,64256,-32721,1765,-156
4057,0,32768,0,64288,-32721,1765,-124
4058,0,32768,0,64320,-32721,1765,-92
4059,0,32768,0,64352,-32721,1765,-60
4060,0,32768,0,64384,-32721,1765,-28
4061,0,32768,0,64416,-32721,1765,4
4062,0,32768,0,64448,-32721,1765,36
4063,0,32768,0,64480,-32721,1765,68
4064,0,32768,0,64512,-32721,1765,100
4065,0,32768,0,64544,-32721,1765,132
4066,0,32768,0,64576,-32744,1253,-162
4067,0,32768,0,64608,-32744,1253,-130
4068,0,32768,0,64640,-32744,1253,-98
4069,0,32768,0,64672,-32744,1253,-66
4070,0,32768,0,64704,-32744,1253,-34
4071,0,32768,0,64736,-32744,1253,-2
4072,0,32768,0,64768,-32744,1253,30
4073,0,32768,0,64800,-32744,1253,62
4074,0,32768,0,64832,-32744,1253,94
4075,0,32768,0,64864,-32744,1253,126
4076,0,32768,0,64896,-32744,1253,158
4077,0,32768,0,64928,-32760,742,-136
4078,0,32768,0,64960,-32760,742,-104
4079,0,32768,0,64992,-32760,742,-72
4080,0,32768,0,65024,-32760,742,-40
4081,0,32768,0,65056,-32760,742,-8
4082,0,32768,0,65088,-32760,742,24
4083,0,32768,0,65120,-32760,742,56
4084,0,32768,0,65152,-32760,742,88
4085,0,32768,0,65184,-32760,742,120
4086,0,32768,0,65216,-32760,742,152
4087,0,32768,0,65248,-32767,230,-141
4088,0,32768,0,65280,-32767,230,-109
4089,0,32768,0,65312,-32767,230,-77
4090,0,32768,0,65344,-32767,230,-45
4091,0,32768,0,65376,-32767,230,-13
4092,0,32768,0,65408,-32767,230,19
4093,0,32768,0,65440,-32767,230,51
4094,0,32768,0,65472,-32767,230,83
4095,0,32768,0,65504,-32767,230,115
4096,0,-3695,15899,24544,-16116,2591,-135
4097,0,-8142,-2327,-30348,-3248,7821,15
4098,0,-2073,3678,-26694,2941,3029,88
4099,0,7829,1663,-60685,-7209,-3477,-158
4100,0,-23613,-3017,5482,-22082,-8892,147
4101,0,-15826,13580,-41616,18844,8932,-107
4102,0,19107,-1459,-24046,6441,-18048,-19
4103,0,-10351,-8314,11431,-4556,-12470,86
4104,0,-14857,6001,33130,-5663,-14989,-110
4105,0,56,260,29193,-246,101,133
4106,0,4726,-11959,24083,12847,-549,56
4107,0,28820,25,45444,-16418,23687,50
4108,0,21684,3919,-4807,22012,-1006,-124
4109,0,28196,-1727,-10807,23725,-15334,-114
4110,0,13515,17172,-32242,17474,-13123,54
4111,0,-22595,1207,60826,21760,-6207,-27
4112,0,-875,-15351,51925,10011,11670,-8
4113,0,1609,19394,-63074,632,-19450,57
4114,0,-9007,22397,-11544,4253,23763,127
4115,0,-9661,-18721,-18588,-20617,-4329,-75
4116,0,7453,9550,-1862,8229,8891,-109
4117,0,-13964,-701,-17415,-9835,9937,123
4118,0,-15521,23098,56034,3926,-27550,-112
4119,0,-13953,2272,44882,5668,-12951,140
4120,0,-4173,-2634,19046,-439,-4915,-119
4121,0,-2783,-4042,36630,4470,-2024,154
4122,0,-9979,14895,-8603,-3056,17667,138
4123,0,16646,7189,-47183,-4935,-17447,-160
4124,0,15301,14648,-49170,-641,-21173,159
4125,0,-6290,10807,57201,1543,-12409,80
4126,0,1959,-1976,1260,2063,-1868,136
4127,0,-1351,16153,27707,-16011,2529,-52
4128,0,-13196,-23337,-11737,-23570,-12775,-66
4129,0,3372,3731,23256,-1892,4659,-122
4130,0,-10906,-13935,-25480,-16865,5357,-149
4131,0,7105,2597,57392,-7559,282,-55
4132,0,-42,1770,61883,-271,-1750,55
4133,0,-13122,23317,9946,-22427,14592,-96
4134,0,3739,-11310,58195,444,11904,97
4135,0,-5696,-2406,18822,-1638,-5963,-17
4136,0,26184,15811,57584,-30218,-4737,137
4137,0,-4770,13005,-44862,13511,-3056,-120
4138,0,-14625,-7241,33805,8018,-14214,-87
4139,0,13835,-19093,-9041,4509,-23144,26
4140,0,-666,32544,-34032,32533,-1088,-140
4141,0,8540,-24022,-1817,6494,-24654,-64
4142,0,-2010,-2553,-16450,-3229,-357,111
4143,0,-16302,-23224,-6613,-22750,-16957,25
4144,0,18793,-25074,-26288,-17935,-25695,-158
4145,0,14715,3684,44606,-11084,10357,-136
4146,0,-13569,13234,-62729,15180,-11350,76
4147,0,-9647,-21437,-56626,-276,23506,-157
4148,0,-1484,-6971,43284,6835,2019,148
4149,0,4373,-5124,-17494,-902,-6676,44
4150,0,129,117,3206,111,135,150
4151,0,-24395,-15147,-4059,-26851,-10176,-25
4152,0,2077,-707,1252,2112,-594,128
4153,0,-19404,-595,58696,18577,-5637,-54
4154,0,-27041,17879,-38416,24473,21260,13
4155,0,-6050,19423,-49088,18092,-9303,-112
4156,0,19579,-12029,54568,-10848,20258,51
4157,0,16377,-14979,-22509,-5358,-21538,-109
4158,0,-6370,8777,42321,-4981,-9633,-163
4159,0,-4410,20085,33171,-19980,-4863,-69
4160,0,821,2519,13149,-837,2514,-128
4161,0,-13115,15753,14643,-20175,3623,65
4162,0,23351,2834,-45795,-11279,-20642,-75
4163,0,88,7682,37701,-7482,-1741,-76
4164,0,5344,5340,-49862,-302,-7549,118
4165,0,699,364,-62633,-638,-462,-153
4166,0,10412,-2618,-5687,9329,-5313,-26
4167,0,-29841,10994,64540,29206,-12585,128
4168,0,3008,-1690,-26191,-664,-3386,-61
4169,0,-2227,-3617,-22909,-4232,366,143
4170,0,-15446,6286,33900,-5445,-15762,8
4171,0,17862,14264,39468,-19136,12502,62
4172,0,-11209,1943,-7103,-9914,5579,9
4173,0,-26571,-14779,-24413,-24023,18637,-60
4174,0,-519,-1031,-54311,-89,1151,-120
4175,0,-19013,-18223,-26636,-22859,13077,146
4176,0,-22974,3790,33440,-2908,-23102,-126
4177,0,-1624,-4850,-37322,-4367,2663,129
4178,0,-2821,-2290,57097,3494,999,-24
4179,0,-4787,12439,-44406,13083,-2544,33
4180,0,-10273,7162,52765,4373,-11735,-145
4181,0,-2175,-14128,43233,13456,4824,97
4182,0,-9680,21164,-18412,10300,20869,101
4183,0,-22366,-1702,-29506,-5290,21798,-120
4184,0,-768,30108,-27193,28801,8810,-85
4185,0,-31728,6844,-52460,29788,12891,124
4186,0,872,-1828,26245,2009,256,115
4187,0,21443,-2668,-61059,-21530,-1836,120
4188,0,10341,5658,17795,2501,11519,-69
4189,0,23766,15135,-41975,3721,-27929,-140
4190,0,25875,19778,-59722,-19627,-25990,154
4191,0,-167,-231,34953,246,-143,106
4192,0,-5249,-359,-2840,-5251,329,-109
4193,0,2455,15601,2105,891,15768,26
4194,0,9625,18184,32029,-17803,10314,59
4195,0,-5634,-5117,-40190,-2829,7065,16
4196,0,20079,-17160,31970,17916,19408,0
4197,0,-10101,-19766,-30171,-20915,7435,-134
4198,0,-25087,-17879,31041,15711,-26499,26
4199,0,58,381,-47473,254,-290,-127
4200,0,-643,-1026,-60775,399,1143,78
4201,0,-21528,23280,5093,-26447,17493,84
4202,0,2238,-6220,52902,1699,6388,-8
4203,0,-23313,3206,-35921,6575,22595,-97
4204,0,651,-970,-20384,-444,-1080,84
4205,0,-10677,3390,-8327,-8489,7309,88
4206,0,20735,4281,-1527,20982,2831,-77
4207,0,922,-2384,-64197,-1085,2314,-111
4208,0,-248,-18437,-23513,-16709,-7798,-135
4209,0,7909,8276,-10888,11002,3162,131
4210,0,-424,10474,557,-661,10462,85
4211,0,-15808,11868,57929,10411,-16804,157
4212,0,11785,10055,-38981,6086,-14246,99
4213,0,-1505,1990,-26890,1483,2007,-108
4214,0,12469,-28735,-20767,-17360,-26073,27
4215,0,18439,-9196,33956,8189,18908,64
4216,0,3133,1140,-38010,310,-3319,93
4217,0,-21066,13648,-47203,24001,7348,143
4218,0,-4303,-2410,-42088,-298,4923,70
4219,0,-1979,-18696,-20908,-16775,-8490,-114
4220,0,4508,-8116,56254,-528,9269,108
4221,0,-9531,-28209,-32490,-28275,9332,131
4222,0,-19817,-2658,8820,-17021,-10491,79
4223,0,3746,2359,591,3692,2443,119
4224,0,24134,-9811,49925,-11073,23582,-55
4225,0,9294,-6441,-37790,-8466,-7495,-13
4226,0,10598,-17102,39461,12928,15417,55
4227,0,1309,327,-35579,154,-1340,-80
4228,0,7294,-97,62329,-7202,1161,-151
4229,0,-8284,-19732,-25527,-21366,1210,129
4230,0,5235,-26650,-12476,-10857,-24895,150
4231,0,-763,-972,34694,1043,-662,-153
4232,0,5540,-2037,61618,-5045,3064,116
4233,0,21368,23010,-29589,25883,-17780,123
4234,0,-39,-3076,-37955,-2966,816,148
4235,0,1693,-4578,27175,4864,404,68
4236,0,10413,9431,7022,6661,12370,-90
4237,0,-17535,24147,22984,-29450,-4823,-68
4238,0,6626,-25696,58624,1933,26466,-126
4239,0,-6132,1177,24353,-3490,-5178,0
4240,0,-20534,-11050,-3860,-22164,-7245,-152
4241,0,-9079,-23832,-58948,1167,25476,-50
4242,0,-15811,27142,16653,-30439,7755,93
4243,0,-4639,-9481,-55712,-113,10555,108
4244,0,-1373,-16398,55641,8809,13899,147
4245,0,9232,-17262,-26810,-13943,-13741,-28
4246,0,3770,30845,12874,-14877,27282,-78
4247,0,-16108,-8077,-63302,15224,9640,155
4248,0,-1194,1634,-41867,1985,395,-32
4249,0,-4709,2576,24993,-4112,-3450,-11
4250,0,-13751,-5324,-12866,-14282,3669,86
4251,0,-950,-59,12177,-757,-577,-123
4252,0,-9251,-6740,20575,458,-11437,107
4253,0,8946,29047,-12343,23587,19168,-43
4254,0,16301,-7085,-3940,14636,-10086,94
4255,0,1237,566,52147,-1331,280,-112
4256,0,-12278,798,11862,-10744,-5997,-112
4257,0,-4892,-2274,8089,-3669,-3955,0
4258,0,8848,-29121,48381,15390,26258,57
4259,0,-2617,19566,-42622,18658,-6449,-138
4260,0,14282,3082,54623,-13889,4536,106
4261,0,3185,-2238,-38588,-3010,-2469,-159
4262,0,8214,-5206,-28390,-3390,-9115,21
4263,0,-8336,-18575,-10769,-16375,-12099,-76
4264,0,20830,5898,56673,-21428,3087,-122
4265,0,18817,-3478,-55767,-18375,-5343,53
4266,0,8409,6755,-28307,8352,-6825,104
4267,0,-10356,5474,-6164,-8254,8312,148
4268,0,-5244,-18110,18903,10974,-15331,64
4269,0,-697,8,-18511,-434,546,2
4270,0,10454,-4354,18905,9892,5513,66
4271,0,12765,11473,24679,-5794,16156,0
4272,0,-11828,-13375,55477,16677,6379,-17
4273,0,7744,555,-8652,7300,-2644,89
4274,0,-20494,461,-46280,12803,16009,91
4275,0,5800,21858,5639,-271,22613,-21
4276,0,10301,14307,3385,7856,15782,3
4277,0,3168,2067,11540,1588,3433,-131
4278,0,-21702,-7543,-15205,-21201,8853,25
4279,0,-1427,-31865,-1168,-3141,-31742,-44
4280,0,-4119,4988,39419,-3448,-5473,13
4281,0,4626,8895,-42344,5870,-8128,140
4282,0,-3161,11925,58119,-1200,-12279,21
4283,0,15177,25703,-28787,28141,-9955,-53
4284,0,-19737,-8568,-47931,6779,20421,67
4285,0,7375,2664,-13333,7514,-2241,-56
4286,0,-1524,13542,40232,-12159,-6154,27
4287,0,1716,968,-35374,736,-1828,125
4288,0,-25305,-19390,10981,-12084,-29501,-38
4289,0,-103,20004,-43347,17484,-9721,114
4290,0,4027,-8486,-15575,-2800,-8966,-19
4291,0,-15723,-7781,22064,-930,-17518,-11
4292,0,-18803,10385,7807,-21292,2837,44
4293,0,-24465,13460,-56481,27858,-1907,-12
4294,0,7240,4749,19036,619,8637,-129
4295,0,-3098,-4398,-28307,-4945,2119,104
4296,0,-169,5581,32279,-5583,-43,-17
4297,0,2447,-19960,27936,20004,-2058,-149
4298,0,848,-2795,-15707,-1273,-2628,-151
4299,0,12170,-771,58808,-11285,4620,58
4300,0,-9339,-12900,40037,15280,-4488,157
4301,0,14793,-4184,-65201,-14884,3848,-137
4302,0,549,454,41200,-633,327,17
4303,0,-2478,-3857,-62284,1823,4206,-130
4304,0,1618,-15606,-12964,-7763,-13635,-12
4305,0,-11439,1410,14475,-9665,-6279,-103
4306,0,20261,20379,49579,-28727,-775,-75
4307,0,-7725,-25405,-19883,-25158,-8496,-67
4308,0,-13969,-2916,19322,-6160,-12872,157
4309,0,11571,-388,58004,-10708,4402,-94
4310,0,2247,-2822,-57209,-3174,1714,-88
4311,0,-12979,11090,-46537,16745,3325,160
4312,0,16568,20767,-43462,9972,-24624,-1
4313,0,13773,7735,-36652,4944,-15003,150
4314,0,-2726,20975,-6363,3648,20835,-51
4315,0,-5226,-1199,60712,5362,5,-141
4316,0,-6003,-3073,-38126,-1455,6585,-23
4317,0,-5938,6215,3557,-6943,5067,-151
4318,0,6425,1760,42806,-4535,4880,-4
4319,0,1266,-3143,-50008,-3062,1450,-28
4320,0,-982,-2444,42228,2628,179,70
4321,0,17518,-9012,51570,-8176,17924,-37
4322,0,-27228,-10422,10390,-18965,-22143,22
4323,0,5407,-4000,1071,5615,-3703,-53
4324,0,-10674,-28122,-36057,-26030,15074,93
4325,0,23328,-18716,3510,26044,-14705,128
4326,0,-12222,-12099,-34034,-11423,12856,-142
4327,0,7039,-2412,30259,3206,6715,-104
4328,0,17169,-2985,28441,6480,16177,30
4329,0,-25719,-3550,31053,1379,-25926,38
4330,0,5044,12420,-38710,10484,-8353,45
4331,0,11575,-3975,42354,-1646,12127,-130
4332,0,-7947,5360,24487,-8049,-5205,134
4333,0,-1248,-13619,58896,5446,12545,-2
4334,0,24794,-8588,-64487,-25221,7240,-75
4335,0,11081,178,59361,-10631,3132,137
4336,0,8630,-2729,-51561,-8466,-3201,46
4337,0,8601,24,-60769,-8380,-1938,84
4338,0,8163,-12154,23129,14525,1836,77
4339,0,-3007,-5448,1380,-2621,-5644,-70
4340,0,-25559,14996,-21820,71,29634,-71
4341,0,8858,-1333,-13258,6332,-6337,19
4342,0,-17644,19006,-5749,-11904,23040,-88
4343,0,3522,-14227,-25544,-12231,-8076,112
4344,0,-828,-3935,-4874,-1740,-3625,135
4345,0,-4032,-1495,-953,-4086,-1340,-155
4346,0,-9130,23044,23535,-24721,1805,157
4347,0,10684,1948,58871,-10757,1493,-27
4348,0,-30590,-7161,-29205,-12457,28842,-145
4349,0,-8985,-194,10802,-7735,-4575,109
4350,0,-16033,-14078,-2309,-17546,-12141,96
4351,0,21248,-275,16523,15093,14959,-37
4352,0,-2715,4811,-30201,4467,3251,162
4353,0,-606,-5045,55636,2873,4191,142
4354,0,14865,19860,-37788,15755,-19162,-11
4355,0,9997,20353,-13989,20453,9792,-60
4356,0,24405,-15307,29003,19381,21314,-57
4357,0,4185,-3141,50353,-1024,5132,47
4358,0,-5579,26724,57767,-4520,-26923,-5
4359,0,-10265,-20836,26038,16463,-16386,56
4360,0,26625,3130,29802,791,26797,90
4361,0,14731,16075,-9254,20258,8065,136
4362,0,5737,2973,-38804,1228,-6344,-49
4363,0,6381,9237,14268,-884,11192,13
4364,0,-1728,2111,18124,-2728,35,-66
4365,0,3637,7134,20453,-3907,6990,-15
4366,0,10543,-7942,-36347,-9681,-8972,129
4367,0,-4478,4669,65453,4445,-4700,64
4368,0,15755,-14926,-46269,-21424,-3464,102
4369,0,-1061,26717,-50446,18609,-19200,-140
4370,0,-20091,-7071,-57700,16145,13893,73
4371,0,8515,-2713,12801,8504,2747,-151
4372,0,3523,-4124,42957,2024,5032,147
4373,0,-4061,-264,-41313,1351,3839,-130
4374,0,-1175,-24141,17929,17467,-16705,65
4375,0,-1251,32540,-24715,29651,13462,-36
4376,0,20896,-22210,-62786,-23616,19292,19
4377,0,-5734,12759,9973,-10990,8654,-69
4378,0,5285,-13074,1093,5982,-12770,-31
4379,0,18019,-3234,47465,-9116,15876,119
4380,0,26552,-18326,-27293,-11013,-30324,140
4381,0,-1020,7308,26985,-7314,976,-122
4382,0,-5014,-2256,33621,2446,-4924,55
4383,0,-19460,121,-37137,4154,19012,-12
4384,0,-19889,5519,-53458,19698,6165,104
4385,0,-542,1835,-3333,-239,1899,49
4386,0,-1330,1655,10976,-1983,759,-43
4387,0,31060,-7488,44589,-10138,30299,150
4388,0,4862,-23766,19656,22159,-9871,-160
4389,0,-4315,-29125,-12793,-20453,-21180,159
4390,0,16892,-17113,-27888,-12605,-20477,-129
4391,0,2246,-24603,12420,15547,-19200,120
4392,0,22332,20385,-49187,-1632,-30193,142
4393,0,1614,26067,-35412,25633,-5003,87
4394,0,3677,-3854,-31433,-3589,-3936,-115
4395,0,-45,49,44206,-19,-64,93
4396,0,-2171,8079,23120,-8194,1688,68
4397,0,616,-123,48121,-319,541,123
4398,0,7275,-21701,-38695,-22873,-835,60
4399,0,2619,30351,-33178,30284,-3305,62
4400,0,-701,426,-25465,154,806,-134
4401,0,-18334,17595,-39510,22532,11750,44
4402,0,-4308,16925,-39813,17391,-1599,67
4403,0,1257,12787,52564,-8461,-9669,-20
4404,0,13934,338,-18360,9060,-10592,153
4405,0,5372,-3290,-36149,-4114,-4770,1
4406,0,-15359,24142,-4641,-9599,26955,42
4407,0,10567,16974,-53723,53,-19994,142
4408,0,199,-145,43017,33,244,-119
4409,0,-29638,-4428,18028,-15676,-25540,-162
4410,0,-4877,-1631,-45363,1434,4939,31
4411,0,15145,14276,12689,4333,20357,63
4412,0,21695,9640,56304,-23728,759,158
4413,0,-973,-298,-55083,713,726,85
4414,0,-594,-20301,2274,1745,-20234,-131
4415,0,-6437,796,55571,5337,-3686,77
4416,0,-5729,10054,18392,-11414,1905,-121
4417,0,31230,683,18592,19189,24649,79
4418,0,26278,16682,17574,5095,30706,36
4419,0,-12898,6076,13202,-13984,-2780,-75
4420,0,-7376,-22026,-14349,-19627,-12423,-94
4421,0,-12635,22650,55583,712,-25926,89
4422,0,-17484,-8981,-41014,-1703,19582,-157
4423,0,-24364,-3086,-10738,-22746,9260,-45
4424,0,-44,-8,28331,-1,-45,-80
4425,0,6504,-22240,-548,5999,-22382,-76
4426,0,7956,5102,18103,1212,9373,-87
4427,0,8770,-2431,12113,8684,2721,139
4428,0,-4958,271,-46039,3165,3826,6
4429,0,-12632,5526,-26342,1511,13705,114
4430,0,-1853,5180,-61078,2887,-4683,101
4431,0,-8802,1712,23965,-5145,-7344,-62
4432,0,-12055,-7908,-42251,-1875,14295,-93
4433,0,-2211,-31925,64719,3431,31817,-19
4434,0,1858,-7857,56003,1746,7883,-143
4435,0,31585,-2583,-51285,-26124,-17940,-4
4436,0,-15520,-3043,10693,-12033,-10263,0
4437,0,8348,-10331,47181,2741,12996,158
4438,0,-16637,-25865,-51154,-3429,30562,127
4439,0,85,448,53620,-314,-330,58
4440,0,-20715,13701,39516,-6363,-24007,-38
4441,0,-7059,-6163,-10002,-9110,-2194,40
4442,0,18789,5315,41280,-12264,15195,97
4443,0,-5701,4214,-20356,333,7082,112
4444,0,-4806,-10856,9061,212,-11870,-6
4445,0,9788,-16662,-46659,-19144,2631,38
4446,0,442,-2829,-60794,-1061,2660,59
4447,0,974,205,-51143,-626,-774,138
4448,0,-16158,-17756,30564,16060,-17845,-125
4449,0,15639,-2664,35402,600,15853,-97
4450,0,21691,8133,18667,7388,21956,154
4451,0,-4063,1649,54078,2623,-3513,-113
4452,0,10634,7574,-18877,12532,-3661,-38
4453,0,14876,18778,14611,-691,23946,33
4454,0,-1177,-2269,64986,1228,2242,-78
4455,0,2857,-1689,21541,2924,1571,118
4456,0,6940,4980,-43154,1068,-8475,-18
4457,0,1212,24017,16976,-16551,17446,90
4458,0,-6821,-3030,-2223,-7088,-2337,-144
4459,0,-13336,2241,-54325,12572,4983,-134
4460,0,-9710,1687,12777,-8945,-4137,151
4461,0,-550,-1421,-63094,383,1475,37
4462,0,1402,-23686,31182,23726,-246,-136
4463,0,18784,12043,20386,435,22309,-82
4464,0,-10619,-6434,-9306,-12360,-1173,84
4465,0,2712,-32227,-27850,-30658,-10298,-91
4466,0,730,35,13941,552,479,12
4467,0,-19004,23487,33288,-23051,-19531,48
4468,0,-22196,-5644,-63750,21644,7487,33
4469,0,-14896,-16964,25918,11315,-19537,-64
4470,0,-834,8901,-7531,2325,8632,-93
4471,0,22416,12955,30184,-9918,23915,147
4472,0,4653,8123,36967,-8911,2868,-158
4473,0,-3910,-24072,25346,21194,-12066,16
4474,0,20662,-15139,-990,19817,-16230,134
4475,0,13454,15473,6180,8232,18779,-132
4476,0,11910,-26760,-15202,-8973,-27883,28
4477,0,-11890,-18731,32731,18647,-12021,110
4478,0,30091,-7441,-30370,-3930,-30747,-7
4479,0,-19942,-1098,37479,5510,-19197,28
4480,0,12539,28476,-28234,30553,-5885,-149
4481,0,7287,4924,-56198,-4419,-7604,-52
4482,0,12967,-1885,-65326,-12980,1794,63
4483,0,7376,4782,169,7342,4834,22
4484,0,6318,-3882,-3883,5454,-5024,151
4485,0,16856,12481,38757,-16742,12634,3
4486,0,1625,7046,-30044,7198,-691,-7
4487,0,-7443,23204,481,-7967,23030,9
4488,0,-4243,-73,-39990,1350,4023,-110
4489,0,-14241,22209,-20814,10917,24018,-20
4490,0,1641,-5223,-12634,-1622,-5229,-8
4491,0,-26967,671,30127,-4185,-26649,90
4492,0,-15550,-6842,-56591,11223,12753,-122
4493,0,-2164,-26603,-27890,-26355,-4225,-131
4494,0,31133,3285,-59422,-28930,-11963,128
4495,0,6895,-12431,-36224,-13381,-4798,-74
4496,0,5033,4335,-44142,1105,-6550,-29
4497,0,-14,3607,-38422,3479,-953,7
4498,0,7335,18559,4278,3327,19677,-79
4499,0,-1272,739,11849,-1470,-70,-125
4500,0,-29676,-9424,12392,-19425,-24334,92
4501,0,-20801,-1083,58559,19966,-5934,135
4502,0,-6155,14877,30956,-15341,-4885,-59
4503,0,13614,6635,31430,-5673,14042,112
4504,0,-32034,5364,-1142,-31699,7082,-18
4505,0,-19095,-25217,46858,31625,620,161
4506,0,-2328,7848,27763,-8176,-395,4
4507,0,-27723,-8085,33096,8710,-27533,-144
4508,0,-2873,14280,-30476,13855,4497,-113
4509,0,1025,652,-4256,1138,425,101
4510,0,-14439,-20076,-1443,-15799,-19024,7
4511,0,14530,-22878,47959,7357,26085,-39
4512,0,5806,10595,59084,-8700,-8383,-140
4513,0,-27837,15216,28513,-20657,-24077,102
4514,0,535,31884,-29260,31552,4619,126
4515,0,-8993,11018,-6001,-5507,13113,-14
4516,0,-24449,-1375,-43319,10793,21981,142
4517,0,-26541,-14610,-39238,-6037,29689,-158
4518,0,4137,168,-20651,2387,-3383,143
4519,0,7883,473,53492,-6876,3883,-70
4520,0,947,-794,-16566,98,-1232,-5
4521,0,15763,-14711,-38561,-18398,-11243,-132
4522,0,-2711,-676,36150,1105,-2566,0
4523,0,-8844,-26747,34116,27297,-6965,-102
4524,0,5055,5446,15329,135,7429,99
4525,0,-5238,27294,-4200,536,27787,157
4526,0,-20328,-9511,15431,-8480,-20779,-125
4527,0,-23847,21635,35471,-18337,-26467,-28
4528,0,16361,10546,37631,-14134,13384,-146
4529,0,7463,-6580,-3912,6059,-7891,122
4530,0,-2865,3698,-18669,1059,4556,-156
4531,0,-11549,-10668,29769,8868,-12983,57
4532,0,11024,-4237,-33352,-4486,-10925,-112
4533,0,1857,2496,55356,-2801,-1353,-138
4534,0,14108,2549,-42074,-3843,-13812,84
4535,0,1001,7679,-7309,3618,6847,129
4536,0,16406,9858,35283,-11680,15164,110
4537,0,-2866,13055,-4227,-96,13365,130
4538,0,3663,20017,-45168,14601,-14175,-100
4539,0,2855,2925,-2353,3173,2577,52
4540,0,-21796,14302,2344,-23297,11700,-61
4541,0,32158,4317,-4675,32312,-2950,8
4542,0,3384,26961,-14189,19647,18771,66
4543,0,-6190,-19805,-42075,-15139,14190,83
4544,0,-15460,-13969,36625,16483,-12746,149
4545,0,-9150,19868,42718,-13374,-17309,-92
4546,0,-6613,-2705,45579,6047,-3805,-141
4547,0,-4203,19194,-62011,7246,-18264,143
4548,0,-7387,-3593,-14297,-7997,1878,-42
4549,0,123,-288,-5948,37,-311,39
4550,0,12048,-24825,3128,15543,-22800,72
4551,0,9012,-5256,32687,5319,8975,66
4552,0,18901,1162,-31391,2472,-18775,-73
4553,0,-2681,-3646,38007,4206,-1672,-96
4554,0,7156,3679,-8559,8026,575,-144
4555,0,-23668,-21165,49641,31735,-1005,-13
4556,0,-11959,-1040,64616,11990,582,-122
4557,0,-9307,-29782,-34139,-29064,11353,79
4558,0,-7252,26466,33921,-26037,-8667,29
4559,0,-16038,4064,-21790,-4573,15900,-41
4560,0,3939,31915,-10149,18268,26465,-107
4561,0,17260,11400,-32895,11278,-17340,20
4562,0,8389,7846,58196,-10600,-4425,98
4563,0,-12560,24159,50998,-5926,-26577,40
4564,0,6035,926,19072,2926,5359,-93
4565,0,-725,-793,-43758,-319,1026,29
4566,0,2735,-9995,37560,9136,4892,109
4567,0,9027,-16483,11247,16254,-9434,-98
4568,0,1363,-12427,-12397,-5777,-11087,-97
4569,0,23907,20775,31943,-19845,24684,-27
4570,0,941,-16910,18395,13707,-9947,-118
4571,0,32596,-479,15909,23928,22140,28
4572,0,-4370,13114,17642,-12686,5490,104
4573,0,23596,12033,41343,-20330,16979,160
4574,0,-4319,27560,16068,-22402,16624,-139
4575,0,-24081,2845,61927,23199,-7058,99
4576,0,12547,1406,-16372,9810,-7948,161
4577,0,-11902,-19535,-53934,-280,22873,-69
4578,0,-12302,5030,-61592,13040,-2572,-90
4579,0,11206,6819,44809,-11811,5708,67
4580,0,-2503,-839,-52264,1514,2163,-5
4581,0,270,38,33248,-44,269,8
4582,0,-503,12672,-43275,11379,-5599,-139
4583,0,13110,-10559,43044,3031,16559,-92
4584,0,-17804,16721,-23494,7309,23306,-116
4585,0,-16829,-1588,-22426,-9419,14036,-26
4586,0,5045,444,-3720,5044,-455,-12
4587,0,-10277,-28758,-1918,-13087,-27593,161
4588,0,-13333,-2581,-52778,9496,9709,132
4589,0,-25979,3398,-4163,-24842,8327,-129
4590,0,-28050,2712,42720,10583,-26118,-90
4591,0,-3330,-23137,-18674,-20044,-12026,-161
4592,0,-17380,-17798,64787,18048,17120,49
4593,0,9905,113,23657,4068,9032,-44
4594,0,-3461,-1849,-19117,-3570,1629,48
4595,0,-17464,-6104,6061,-15022,-10798,75
4596,0,-7483,-7799,2293,-6536,-8608,-112
4597,0,-19266,3311,12591,-17728,-8239,-35
4598,0,6677,6533,18813,-996,9288,-26
4599,0,958,-534,55827,-616,907,7
4600,0,-3628,24999,-13964,12630,21877,-35
4601,0,-2301,-539,-8544,-2328,407,-129
4602,0,282,-1853,25189,1835,-382,-141
4603,0,1409,-4840,-54080,-3710,3413,111
4604,0,-998,-5354,32273,5330,-1119,-23
4605,0,8151,31644,37562,-32665,902,111
4606,0,5489,2126,34567,-2579,5291,46
4607,0,-761,-2656,56706,1776,2117,-89
4608,0,3568,-23812,15534,18778,-15072,-22
4609,0,30782,9884,-27837,16921,-27548,-78
4610,0,7156,-8144,52949,-1251,10769,39
4611,0,10681,15703,18821,-5717,18111,-18
4612,0,3647,6471,-37440,5497,-4996,11
4613,0,16599,-1179,36111,-1516,16572,-39
4614,0,20424,1149,-53421,-16527,-12055,141
4615,0,24286,19192,18951,-33,30954,112
4616,0,7905,4739,-26279,6975,-6026,-149
4617,0,-2376,31726,11966,-19222,25352,-8
4618,0,3035,-1608,40934,341,3418,77
4619,0,-10933,-29489,50918,27341,15543,-40
4620,0,-25040,1188,-27358,-5185,24526,75
4621,0,20174,-15903,14622,25676,803,44
4622,0,-14304,-2016,-43342,5259,13454,119
4623,0,25106,17267,2141,23263,19679,62
4624,0,-12855,-8808,-20914,-14377,6012,-120
4625,0,27202,14118,-55825,-17965,-24830,-5
4626,0,-4389,-7219,-33750,-6972,4771,142
4627,0,-8080,-3204,4690,-7164,-4922,7
4628,0,-3344,12381,-36267,12758,1301,-117
4629,0,-12862,-26111,-28156,-28319,6727,-71
4630,0,-739,-11250,63591,1855,11121,134
4631,0,19078,-11444,8553,22039,-3037,138
4632,0,-924,-12552,41679,11774,4447,-156
4633,0,-1592,3363,47273,-1551,-3382,-73
4634,0,-16458,-13789,-57310,10022,18988,137
4635,0,11460,30349,19713,-18018,26977,-103
4636,0,-14243,17944,10497,-21075,8982,129
4637,0,-1193,-9681,24084,8358,-5029,57
4638,0,-25387,17618,-9241,-15193,26908,149
4639,0,16228,27396,-61983,-11128,-29834,-155
4640,0,-2622,30580,-18049,21725,21680,141
4641,0,2448,-21630,2455,4920,-21205,50
4642,0,955,-3176,-59545,-1814,2776,5
4643,0,620,8909,23726,-7820,4314,25
4644,0,13916,-25808,-18200,-10806,-27257,-10
4645,0,-13789,629,-34302,1585,13712,-84
4646,0,11942,10423,14660,2437,15663,82
4647,0,-11538,11287,55127,4761,-15423,-41
4648,0,18374,-9960,29219,13052,16323,159
4649,0,-13827,-4714,27506,1063,-14570,73
4650,0,4156,24335,18631,-16247,18588,118
4651,0,-2898,5143,-48723,5722,-1450,-73
4652,0,18458,301,-32961,171,-18460,-46
4653,0,-4845,-25849,-14468,-20339,-16673,110
4654,0,-23355,11565,16288,-24762,-8128,81
4655,0,10515,-13558,35038,12259,12005,-135
4656,0,2752,4365,9554,499,5136,-162
4657,0,1321,-614,-47357,-1320,-616,-11
4658,0,29892,10940,26371,-1535,31794,-85
4659,0,3983,779,11841,2922,2817,-133
4660,0,1763,21580,-20,1915,21567,127
4661,0,-20756,-16745,1498,-19543,-18146,48
4662,0,6529,10288,11432,264,12182,87
4663,0,-20775,-7710,-47316,7462,20865,30
4664,0,2226,-150,49091,-1453,1692,116
4665,0,-7344,-11545,18252,4114,-13050,62
4666,0,-348,1293,-50596,1110,-749,36
4667,0,-117,451,-17774,264,384,90
4668,0,-22470,-10945,18262,-6076,-24244,72
4669,0,-1960,-8484,-12058,-6252,-6060,-84
4670,0,-13679,-4318,37459,7255,-12374,8
4671,0,-25736,-10014,46351,23578,-14378,-20
4672,0,497,-3507,28945,3540,-131,-115
4673,0,-2219,-6247,21535,4198,-5131,112
4674,0,-22810,-17581,65033,23202,17060,-31
4675,0,7747,-2486,-59478,-8134,191,72
4676,0,-25378,-18067,-30290,-20866,23132,73
4677,0,21380,5543,21294,6319,21164,-129
4678,0,21250,-14305,-26676,-7705,-24430,106
4679,0,-26777,17031,-18558,-3699,31518,-45
4680,0,-6243,-1372,57853,6315,-992,81
4681,0,-3735,21009,-56988,11682,-17857,133
4682,0,-3667,25044,59132,-3963,-24999,-92
4683,0,1628,-670,-38369,-1082,-1389,60
4684,0,5327,2007,-15232,5308,-2057,-2
4685,0,2887,-9559,-64893,-3251,9442,-155
4686,0,-11970,-1603,29947,27,-12077,-90
4687,0,-24992,-8985,54630,26114,-4835,113
4688,0,-17603,-16836,-9836,-23289,-7138,-120
4689,0,29635,-13883,-36524,-18904,-26713,-48
4690,0,-7650,-6500,-33051,-6446,7695,-136
4691,0,-10132,-6282,9591,-6232,-10163,-125
4692,0,-9473,-22309,-63607,7207,23141,-150
4693,0,21708,-4731,23478,13705,17487,100
4694,0,-11148,-3853,37893,6394,-9912,116
4695,0,-26156,9164,51375,14497,-23621,94
4696,0,-4797,-3645,60104,5563,2313,-97
4697,0,-13529,27128,-16025,8921,28972,-143
4698,0,-25309,12225,38566,-4994,-27660,138
4699,0,-1182,-328,-36376,-114,1221,100
4700,0,-30848,1708,-34764,4769,30525,83
4701,0,-32443,2011,7507,-31105,-9439,70
4702,0,-10198,13869,38295,-10628,-13542,-133
4703,0,-22275,23851,-51989,32179,-5439,-56
4704,0,2716,-11510,5414,5539,-10449,79
4705,0,1773,-2174,-64741,-1855,2105,-3
4706,0,13278,-15728,8600,18528,-8965,-141
4707,0,-2820,3164,-6824,-1661,3899,-38
4708,0,15405,19432,-6593,20711,13637,45
4709,0,-15376,22953,51259,-2569,-27507,-22
4710,0,-8866,11093,26237,-13310,-4950,107
4711,0,17959,-16431,17590,24220,2423,52
4712,0,6649,-12161,-30301,-11315,-8003,62
4713,0,-9816,-13020,-59726,5967,15175,150
4714,0,16597,-28017,2170,19302,-26226,91
4715,0,-10299,636,41584,3609,-9667,75
4716,0,-6610,15298,-64099,7657,-14802,-13
4717,0,5006,-16124,18381,15664,-6298,-132
4718,0,-4913,-4659,-26109,-5962,3208,21
4719,0,-16631,22755,-7593,-7643,27129,-155
4720,0,2451,-8770,-14231,-3637,-8348,24
4721,0,12965,28665,-29567,30250,-8641,145
4722,0,16208,12481,38338,-16369,12270,-90
4723,0,-8803,17566,23123,-19648,23,71
4724,0,12520,23096,-23783,26221,-1631,-82
4725,0,29148,-13632,51776,-14895,28524,-157
4726,0,348,-104,-2264,334,-143,141
4727,0,-2059,-1484,28248,1025,-2322,-163
4728,0,12503,-29648,24438,32176,-138,85
4729,0,-11842,2178,-38680,5441,10741,75
4730,0,-853,-479,24198,106,-973,-155
4731,0,-26273,6923,-55479,26493,6028,15
4732,0,23307,16506,-11920,28535,1205,54
4733,0,27419,-9548,-55875,-28787,-3782,-55
4734,0,-15651,-23728,-59199,7869,27314,25
4735,0,-7135,-12997,-28126,-14259,4063,-41
4736,0,-5212,31570,-31636,31244,6905,8
4737,0,-2777,13110,-1988,-1459,13321,91
4738,0,13458,20573,34987,-21810,11344,140
4739,0,-21718,-241,47630,14412,-16249,-42
4740,0,292,5827,45532,-4958,-3075,138
4741,0,-559,-19576,-4973,-5199,-18881,36
4742,0,20530,-5535,-17056,9864,-18837,156
4743,0,-10752,-25679,31989,25249,-11726,19
4744,0,-13981,-26947,-27698,-29499,7172,61
4745,0,-23355,14809,63561,21766,-17059,104
4746,0,-5489,-24075,30212,23284,-8222,-151
4747,0,-10579,-211,-755,-10579,194,43
4748,0,10365,8084,51377,-13142,276,96
4749,0,-15438,542,34427,756,-15429,-94
4750,0,-14050,-2159,-46615,7004,12370,82
4751,0,5839,2735,-19196,5718,-2981,-31
4752,0,31301,6806,58606,-31834,3554,-144
4753,0,540,12226,63130,-1942,-12083,-1
4754,0,-81,-625,-37455,-591,218,-4
4755,0,3191,-28041,-24470,-24538,-13942,-117
4756,0,-18021,-4033,35968,6620,-17239,144
4757,0,4073,26772,-48621,16571,-21418,29
4758,0,12722,20245,-10895,21192,11074,124
4759,0,189,1697,-2935,435,1651,121
4760,0,-9525,-7027,-12619,-11831,-360,7
4761,0,-669,6780,-19611,5055,4568,-120
4762,0,-6950,-31905,20771,23018,-23160,-23
4763,0,12398,121,-23124,5676,-11023,-72
4764,0,-7186,-211,3163,-7078,-1258,107
4765,0,-1110,-20662,-23723,-19208,-7694,-22
4766,0,1119,-8964,-41630,-8644,2625,-121
4767,0,-2108,9295,65243,2043,-9310,-146
4768,0,6595,-19753,-14277,-7358,-19482,-22
4769,0,2399,12565,36304,-12788,339,154
4770,0,5537,10929,-31650,11211,-4940,-6
4771,0,-4155,-25456,-7777,-13127,-22203,-13
4772,0,12109,-17866,31404,18664,10839,86
4773,0,-201,16274,62671,-1925,-16161,-134
4774,0,21346,-443,12297,17988,11501,-3
4775,0,-24342,-21477,6339,-16836,-27755,27
4776,0,14568,-11441,-58750,-17461,6186,0
4777,0,2746,25548,-57684,6732,-24798,89
4778,0,-18073,10557,63698,17124,-12037,-85
4779,0,22461,8847,29435,-5105,23595,49
4780,0,6517,2115,45420,-5447,4156,26
4781,0,-14805,7563,-47508,15315,6469,-162
4782,0,-4719,-12363,-56265,-1130,13185,-119
4783,0,-15495,-16675,-57411,8039,21296,36
4784,0,-3287,32265,48945,-20702,-24965,-30
4785,0,-2414,-8473,-46682,-5159,7142,15
4786,0,4353,-3342,-8680,2617,-4824,61
4787,0,13884,14974,-14808,20300,2215,96
4788,0,17225,-3476,11195,16539,5938,-150
4789,0,11797,-6883,-1210,11409,-7508,-86
4790,0,29580,2238,27999,4403,29336,-86
4791,0,3059,27353,-46706,19584,-19339,-9
4792,0,-1158,-8860,-63251,131,8935,-120
4793,0,148,-14392,49070,10159,10196,95
4794,0,-13777,24994,-23636,16869,23021,65
4795,0,8132,-4722,60579,-6776,6521,52
4796,0,-825,-6241,37079,6276,487,-46
4797,0,-11952,-6762,-3290,-12887,-4744,92
4798,0,17209,22597,7025,8664,27050,-87
4799,0,24491,11642,60517,-26557,-5484,-10
4800,0,-17375,18190,57124,8840,-23550,3
4801,0,-330,-4142,-50386,-2516,3306,-80
4802,0,-4215,-3811,-34601,-3443,4520,-80
4803,0,-5641,6221,10151,-7880,2902,109
4804,0,-19030,-8762,48888,19590,-7427,-87
4805,0,-31846,3434,-28533,-3244,31866,-122
4806,0,-11260,25112,-2077,-8705,26108,2
4807,0,-539,-11238,62531,2174,11039,51
4808,0,-14312,6452,41960,175,-15698,125
4809,0,20190,-20795,37200,16156,24063,75
4810,0,-1183,8460,49321,-5088,-6862,-7
4811,0,4939,31918,17090,-20097,25285,-122
4812,0,-10399,7633,30900,-8479,-9722,-115
4813,0,-530,-20097,26077,18922,-6791,-53
4814,0,2541,2498,-33450,2399,-2634,116
4815,0,-1601,-1148,-3221,-1765,-875,161
4816,0,-4580,-10346,-1577,-5288,-10003,-127
4817,0,4086,14416,-65326,-3984,-14444,63
4818,0,-18349,11129,-9876,-11397,18184,-160
4819,0,8490,-11860,60679,-5426,13539,152
4820,0,2458,-4421,-9880,132,-5057,162
4821,0,12340,-13495,-56101,-16982,6782,45
4822,0,-4007,-16368,-26744,-16833,-790,38
4823,0,23509,-5872,-54351,-23156,-7140,-160
4824,0,-1470,1364,49234,92,-2003,-94
4825,0,-7760,-14639,-1552,-8758,-14065,-102
4826,0,-24154,1642,48699,15474,-18619,50
4827,0,-7485,-26344,3574,-2709,-27253,-134
4828,0,1893,-21846,35685,21335,5062,-139
4829,0,-9317,15945,-11542,566,18459,129
4830,0,5358,-22725,-58650,-12340,19821,100
4831,0,23495,-9237,2423,24402,-6473,18
4832,0,-3238,-283,27875,-495,-3212,116
4833,0,2798,7249,-46891,3855,-6747,132
4834,0,-9518,-15073,-22764,-17767,1458,-38
4835,0,13512,7234,6400,10743,10932,88
4836,0,2838,-10891,60477,-166,11253,-50
4837,0,23552,7365,-51727,-13933,-20367,-120
4838,0,8601,-19152,-60044,-13166,16353,157
4839,0,5727,1314,62998,-5840,-647,-133
4840,0,1308,-1727,36327,1469,1593,-149
4841,0,-18668,24751,35503,-22103,-21739,4
4842,0,-3427,-12476,37799,12933,-362,22
4843,0,-204,-285,-41488,-177,303,21
4844,0,-22498,16932,-16960,-3263,27968,-73
4845,0,-3995,-1614,-55872,2845,3236,-52
4846,0,4695,-19884,-3696,1105,-20401,12
4847,0,-50,-8810,-9193,-3755,-7970,-126
4848,0,18375,7381,29608,-4619,19255,-104
4849,0,7303,30244,-49179,15997,-26686,150
4850,0,1569,7050,-64924,-1409,-7084,140
4851,0,-5626,-9601,-29087,-10445,3840,-27
4852,0,-445,-4033,-50983,-2254,3374,-25
4853,0,25279,-3768,-62101,-25556,-362,53
4854,0,-708,-1213,-64277,642,1250,135
4855,0,4229,5080,-36297,4331,-4994,-147
4856,0,5170,-2208,23238,4238,3694,-140
4857,0,1458,-4439,26788,4670,142,7
4858,0,-15347,4785,-52742,15267,5036,-158
4859,0,15940,12549,-51487,-4746,-19724,120
4860,0,-12332,-7096,47453,13366,-4876,107
4861,0,-3759,-16914,-21028,-16330,-5791,69
4862,0,12385,-23727,-2496,9574,-24994,-91
4863,0,13651,-12509,9316,17733,-5324,-74
4864,0,-11266,-27970,367,-10630,-28218,-105
4865,0,-5997,8650,58025,2601,-10199,-73
4866,0,-6981,-9048,15884,1188,-11366,3
4867,0,-5621,14587,-22472,10143,11896,-72
4868,0,-9859,31120,-16414,15279,28848,147
4869,0,-10439,11519,18259,-15535,-582,69
4870,0,4832,-1058,-43077,-3234,-3743,59
4871,0,-14032,5047,4288,-14774,2028,-69
4872,0,2244,-10344,13668,8061,-6860,65
4873,0,17467,-5581,33347,5184,17589,107
4874,0,-8179,14768,-17528,5549,15944,10
4875,0,8280,-4253,63516,-7816,5056,59
4876,0,11705,-3196,14903,10937,5255,-1
4877,0,-19468,10391,-1856,-18527,11988,-103
4878,0,-10325,-3824,52309,10576,-3062,50
4879,0,-12218,-2995,-6191,-12556,782,121
4880,0,-2711,1254,-8247,-2035,2186,-158
4881,0,12978,-16597,50775,1070,21042,143
4882,0,23762,-1662,-30933,338,-23818,82
4883,0,-23172,17066,-22414,3953,28505,-14
4884,0,-250,2225,53709,-998,-2004,147
4885,0,-2075,-27866,24229,24815,-12847,-124
4886,0,-5861,2537,-57908,6382,-232,-135
4887,0,-7461,14005,-34740,14678,6031,107
4888,0,12996,-14020,40928,8065,17333,71
4889,0,-684,5943,-14089,3143,5090,-160
4890,0,-4823,-11158,-5347,-7489,-9575,-12
4891,0,-3338,2412,5748,-3862,1429,88
4892,0,15862,-24000,-31984,-23376,-16768,-14
4893,0,-22388,-17941,12797,-7773,-27617,-155
4894,0,19146,-8371,11143,20756,2420,124
4895,0,27742,10186,27813,-3296,29369,54
4896,0,-8074,5521,-8822,-5129,8329,-81
4897,0,-25880,-16158,-37936,-9540,28980,-159
4898,0,3895,-5814,-12441,5,-6998,-141
4899,0,-5225,-14236,292,-5125,-14273,145
4900,0,-23836,-1508,6801,-22105,-9046,15
4901,0,-26006,-7293,-52487,16911,21061,97
4902,0,57,-1688,-43839,-1487,801,-52
4903,0,1324,-18426,34529,18250,2866,8
4904,0,-1067,13463,-26161,12454,5226,-31
4905,0,23177,-9361,46176,-6247,24203,131
4906,0,31981,-3264,-54790,-29471,-12840,53
4907,0,9720,12275,12650,1009,15625,24
4908,0,2495,1814,-37738,1169,-2855,39
4909,0,-1217,1624,-15748,239,2015,134
4910,0,8121,-19749,25323,21342,717,-7
4911,0,-5640,6688,-4275,-4130,7712,82
4912,0,992,-1203,-1773,888,-1282,-20
4913,0,-1142,-9192,-52794,-4291,8209,116
4914,0,28966,4628,43882,-18596,22686,95
4915,0,-4508,28266,-8510,6949,27767,-95
4916,0,-3946,8403,10980,-7643,5269,-39
4917,0,-6964,7115,-13021,-1525,9839,-69
4918,0,-12126,26201,25637,-28747,-2668,-19
4919,0,-30,-6,-33260,-5,30,-20
4920,0,-1010,1279,-32154,1256,1039,142
4921,0,-3620,-10388,52995,8887,6483,85
4922,0,20546,4500,1425,20184,5916,-25
4923,0,19206,-6545,31999,7275,18942,29
4924,0,476,2629,23252,-2160,1572,-126
4925,0,348,1030,-19665,1040,316,151
4926,0,-108,29,34906,-18,-110,59
4927,0,-15351,7580,-2920,-14080,9740,136
4928,0,-30,-17,47881,33,-11,-117
4929,0,-7138,-6369,53292,9474,1325,56
4930,0,-1421,22300,-22463,18925,11881,-63
4931,0,9651,28183,-57661,1258,-29763,112
4932,0,-3771,22829,-5762,2486,23004,-101
4933,0,23943,-21946,23341,30177,12010,-37
4934,0,13115,22954,61965,-16967,-20273,137
4935,0,23737,1103,53887,-20704,11664,22
4936,0,-22682,1096,-13681,-17363,14636,-78
4937,0,-808,1532,55930,34,-1732,110
4938,0,-5295,-10672,-30827,-11146,4207,-138
4939,0,3964,-10798,27221,11466,925,114
4940,0,-17255,-6568,11095,-11593,-14369,76
4941,0,9444,24272,27687,-21330,14945,-72
4942,0,-19920,23402,-33334,23847,19385,-94
4943,0,2255,2973,29349,-2570,2705,-37
4944,0,-6142,11233,52668,-1539,-12710,84
4945,0,-18709,1772,-45532,12102,14377,-138
4946,0,19484,-5200,5419,20166,-102,84
4947,0,6141,11940,62706,-7647,-11036,-99
4948,0,-2458,-4818,47216,5270,1218,-130
4949,0,-298,574,1434,-337,552,-16
4950,0,-21240,-3075,64231,21402,1593,145
4951,0,5727,28477,64262,-7252,-28127,-150
4952,0,-494,-4124,-4953,-1461,-3888,56
4953,0,-1591,408,39243,85,-1640,163
4954,0,-3575,5970,-9928,-405,6947,114
4955,0,-24967,3846,-58852,24917,4159,46
4956,0,9423,11176,52229,-14220,-3387,-30
4957,0,8179,-15246,11831,15146,-8361,-143
4958,0,-30009,-7707,5205,-27083,-15048,-130
4959,0,13403,-20085,-7735,5182,-23584,29
4960,0,153,-2198,60344,408,2165,143
4961,0,11879,-6832,25162,10684,8582,158
4962,0,-828,137,31611,-181,-819,-33
4963,0,23588,6314,-29452,10039,-22259,-66
4964,0,-16,17497,-30749,17409,1757,-60
4965,0,-10972,-9601,27541,6513,-13044,108
4966,0,8386,-11129,39244,7947,11447,-162
4967,0,19725,18690,-13816,27062,2463,113
4968,0,-1445,-7068,22216,5451,-4726,141
4969,0,30746,5166,32716,-4950,30782,95
4970,0,7478,24500,54984,-18533,-17684,141
4971,0,-6127,26880,4499,-11568,25026,142
4972,0,-1836,24649,65370,1662,-24661,-19
4973,0,-5427,-4140,-59799,4119,5443,77
4974,0,2217,3312,-28354,3700,-1482,57
4975,0,-565,7880,-15444,4931,6172,112
4976,0,8778,-11305,33923,10816,9374,31
4977,0,-1083,720,33095,-695,-1099,-145
4978,0,18133,22868,-44175,10186,-27349,-62
4979,0,4786,17050,28422,-15687,8217,11
4980,0,6950,-15080,-8644,214,-16603,97
4981,0,10708,-18260,64758,-10001,18657,20
4982,0,10154,-30758,-1,9938,-30829,146
4983,0,4270,4257,23042,-1886,5727,-10
4984,0,1888,-5702,41527,4441,4045,18
4985,0,-16701,-10848,7756,-11613,-16178,-7
4986,0,-13715,-13144,-61291,10692,15703,-112
4987,0,19107,-5993,-20733,5342,-19299,61
4988,0,189,-428,-14994,-138,-447,-90
4989,0,13545,-28033,-64089,-15459,27025,-3
4990,0,-17969,2689,33484,-1999,-18059,-82
4991,0,-3,21,26085,-21,4,-45
4992,0,-6374,-1175,8599,-5344,-3667,-142
4993,0,4976,-20443,-10269,-5373,-20342,99
4994,0,15329,11672,12952,5678,18411,0
4995,0,7450,-27135,24676,27938,-3363,-3
4996,0,-14219,-21951,40269,25533,-5663,64
4997,0,5982,-3295,-16221,1955,-6543,-13
4998,0,-15823,1542,-19720,-7951,13767,96
4999,0,6584,-1037,-34895,-1687,-6448,-48
5000,0,-28928,5820,-21261,-9988,27766,162
5001,0,-10145,-3595,47691,9363,-5309,19
5002,0,4099,28401,47499,-24381,-15133,153
5003,0,-12799,-2748,59707,13054,-987,158
5004,0,21421,7309,40004,-14051,17745,124
5005,0,11408,-8119,-54468,-13945,1263,49
5006,0,-2927,22331,62912,-13,-22522,107
5007,0,27262,-4566,-30194,-968,-27625,-157
5008,0,5771,4094,-46207,-137,-7075,-162
5009,0,663,7123,59903,-2548,-6685,28
5010,0,-7768,75,-45167,4382,6415,-99
5011,0,10162,13363,-13595,16186,4454,8
5012,0,16252,-24072,-62447,-19592,21442,33
5013,0,7301,-15245,22350,16882,-851,-50
5014,0,-961,8570,58937,-1769,-8440,39
5015,0,-21164,-7610,-17842,-19616,11003,22
5016,0,-12589,-10479,36224,12374,-10732,74
5017,0,6025,-3382,-42119,-5666,-3954,39
5018,0,-18960,942,-3274,-18559,3990,108
5019,0,-26820,-3582,-35358,-51,27058,141
5020,0,17165,13096,-35288,11035,-18558,-115
5021,0,15416,4872,53438,-15591,4279,-124
5022,0,17130,6924,-57610,-13440,-12679,163
5023,0,-2314,-6245,-59507,452,6645,43
5024,0,-4273,11533,44390,-7507,-9743,-49
5025,0,-4552,24522,48211,-14926,-19982,-113
5026,0,-5299,2447,-24769,262,5831,-90
5027,0,-5445,28070,-52380,21062,-19338,-121
5028,0,-4431,-237,-30806,-677,4386,-117
5029,0,-70,839,-32504,838,76,117
5030,0,1349,2556,14750,-655,2815,-154
5031,0,11238,8605,-48107,-1083,-14113,-109
5032,0,-25534,19641,82,-25672,19461,-65
5033,0,7629,-4906,-42916,-7880,-4491,-106
5034,0,-2787,-5808,27441,4914,-4166,8
5035,0,10620,-30114,34113,29304,12686,-105
5036,0,-23325,12648,-19745,-3281,26330,71
5037,0,-2095,-730,-13906,-2097,724,23
5038,0,1780,12364,-30088,12491,-151,-51
5039,0,11901,-7634,9958,14083,-1256,-84
5040,0,5372,-20108,-46806,-19116,8233,-109
5041,0,7820,21855,-7410,14956,17751,28
5042,0,-7411,-11627,56171,11732,7245,25
5043,0,-20412,14266,15285,-24724,-2983,55
5044,0,-4508,-23860,-46222,-16229,18063,149
5045,0,-1173,22803,34661,-22624,-3083,140
5046,0,234,3608,57300,-1581,-3252,-147
5047,0,-4379,-6729,57533,6599,4573,86
5048,0,-21929,-9773,64413,22424,8578,1
5049,0,-63,1466,-5298,310,1434,37
5050,0,1044,-4991,-58928,-2553,4414,-30
5051,0,10213,26397,-10404,21563,18334,-36
5052,0,9604,-29705,27458,31169,1777,25
5053,0,21120,17955,55864,-26934,-6558,44
5054,0,-1950,17932,11286,-10947,14336,-59
5055,0,-2238,3865,-61951,2886,-3408,-123
5056,0,2294,-22890,11829,14355,-17976,-145
5057,0,-15021,-26726,-34495,-25371,17211,26
5058,0,-24842,9209,36954,-4263,-26149,152
5059,0,-3084,23221,-21380,18275,14654,43
5060,0,-23013,3680,-43103,14207,18474,33
5061,0,-10215,-30336,57925,20547,24545,153
5062,0,-8196,17502,50378,-5565,-18507,72
5063,0,26454,7485,-34934,4816,-27068,-87
5064,0,17840,5690,-7260,18716,-602,-148
5065,0,-769,26145,8209,-10598,23914,120
5066,0,-413,2528,-56654,1406,-2141,141
5067,0,1323,746,39189,-1106,1040,109
5068,0,-2464,1823,-38049,2387,1923,54
5069,0,-11314,-20142,32305,19881,-11767,9
5070,0,-11485,14109,-24353,8468,16102,0
5071,0,2838,1084,13348,1638,2558,71
5072,0,30947,859,-7599,29301,-9996,-161
5073,0,-946,-12746,-33757,-12677,1631,135
5074,0,2703,1913,58581,-3187,-900,157
5075,0,3325,9453,21291,-6369,7737,-132
5076,0,4900,28712,-40162,25197,-14613,44
5077,0,-591,-4148,-57124,-1085,4047,-3
5078,0,-2274,6204,-20174,3808,5400,-32
5079,0,-1341,2109,-13366,175,2493,-89
5080,0,2814,-1605,63205,-2611,1918,74
5081,0,13924,4255,-61274,-12739,-7050,-95
5082,0,4295,24103,-7151,12107,21280,-39
5083,0,6001,28897,38222,-29475,-1504,119
5084,0,-13338,21325,28866,-23491,-8991,132
5085,0,-19948,-13752,-9329,-23944,-3704,61
5086,0,-747,-4479,3493,-14,-4541,111
5087,0,9174,8401,44635,-12036,3142,-107
5088,0,3686,647,-40359,-680,-3680,-153
5089,0,23000,-8101,-3822,21205,-12040,-114
5090,0,-4047,-6173,-43130,-3497,6501,6
5091,0,25027,13327,16689,8043,27190,129
5092,0,1616,-13203,55472,4680,12451,-22
5093,0,30310,-11910,-3159,28247,-16208,-103
5094,0,-12290,-24224,-9997,-22109,-15781,45
5095,0,29562,-2007,-14376,21657,-20221,-121
5096,0,-535,-5821,-25254,-5642,-1530,77
5097,0,1479,-12860,26402,12716,-2420,-54
5098,0,-2657,-25488,430,-2079,-25542,-42
5099,0,-4539,-8220,-13463,-8596,-3779,140
5100,0,29726,3076,-11378,27029,-12749,-33
5101,0,1771,26092,23818,-22920,12593,117
5102,0,-9752,-10236,-44010,-3713,13642,103
5103,0,-564,-29,15086,-401,-398,-144
5104,0,-704,10551,-57769,4493,-9573,4
5105,0,-1631,2370,-6058,-894,2735,-71
5106,0,-7830,11012,9428,-11841,6509,38
5107,0,14859,3445,55404,-14765,3826,-90
5108,0,19325,-865,55019,-16575,9974,-149
5109,0,-9518,25956,29337,-27152,-5203,-49
5110,0,3784,374,65090,-3791,-288,26
5111,0,-2970,-1532,-2057,-3108,-1229,22
5112,0,12881,1045,-24493,6017,-11437,-140
5113,0,-16603,-1505,63484,16671,-154,27
5114,0,12740,-23095,54462,636,26369,-55
5115,0,-11025,-4508,-61820,10054,6386,8
5116,0,18825,22615,-17856,29419,596,8
5117,0,-6637,3038,64171,6410,-3492,85
5118,0,9613,13303,-58474,-4612,-15751,-50
5119,0,23581,-6124,52203,-15324,18941,-56
5120,0,4236,7811,-29899,8297,-3180,138
5121,0,-2816,17167,-32834,17187,2695,81
5122,0,5873,-30577,51045,15175,27188,87
5123,0,9296,-2323,60856,-8546,4334,3
5124,0,12253,10397,-51500,-3183,-15751,107
5125,0,-8361,8813,-47084,12113,920,-61
5126,0,-2096,6241,-48951,5920,-2880,25
5127,0,5610,2175,-52882,-3376,-4980,28
5128,0,-10739,3862,49180,4950,-10283,-148
5129,0,-4754,-25776,-9233,-15495,-21140,157
5130,0,-18283,-868,14098,-13630,-12217,-157
5131,0,-2511,-14571,-61030,-565,14775,149
5132,0,19761,23715,38236,-27943,13119,133
5133,0,-13289,9375,16576,-16002,-2903,16
5134,0,3609,587,-40422,-765,-3575,110
5135,0,16818,16887,-39237,11108,-21086,-157
5136,0,-13441,18567,33491,-18039,-14142,-75
5137,0,4426,-24440,-16489,-14324,-20291,72
5138,0,-28938,-6246,3199,-27716,-10404,143
5139,0,23346,-17945,28480,22396,19118,69
5140,0,-18675,15997,39787,-8833,-22949,-93
5141,0,-22815,-20952,56918,29366,9857,123
5142,0,-23671,12058,7330,-26391,3038,-107
5143,0,19475,-21064,65102,-18993,21500,38
5144,0,12589,17982,-29991,19471,-10134,46
5145,0,-1958,1988,4005,-2303,1574,-29
5146,0,2709,-3801,-21079,-1784,-4313,18
5147,0,-21673,-16530,8872,-13073,-23918,131
5148,0,-9921,-2648,-33125,-2422,9978,115
5149,0,-10568,-7259,-30200,-8576,9530,-163
5150,0,16497,-4075,-54249,-16225,-5049,-58
5151,0,-1525,-4273,16266,1909,-4116,59
5152,0,-2199,1660,30284,-1902,-1994,-79
5153,0,-2048,15395,-39845,15194,-3217,35
5154,0,-187,-9809,39918,9307,3104,38
5155,0,-7502,-9340,-708,-7854,-9046,90
5156,0,3279,2369,-2221,3499,2031,-142
5157,0,18032,860,29832,1782,17964,120
5158,0,-5145,8657,-44632,10064,-380,110
5159,0,848,1787,-12749,1714,987,-123
5160,0,388,-175,-32262,-166,-392,34
5161,0,7520,-114,-12168,6187,-4276,132
5162,0,-4348,-9755,27897,8441,-6543,138
5163,0,11228,-15145,36557,12921,13729,81
5164,0,17704,14679,47105,-22561,4461,82
5165,0,-3332,7057,-28892,6285,4626,-158
5166,0,153,-254,-60711,-206,214,142
5167,0,7497,27422,-18645,25999,11500,-132
5168,0,3760,31779,62211,-8840,-30755,57
5169,0,-2289,22463,-9841,8043,21098,-125
5170,0,-17322,121,47480,11051,-13340,134
5171,0,-22195,-13810,-35591,-10794,23808,-92
5172,0,-5821,-3602,29475,2615,-6326,89
5173,0,-16469,23798,30375,-25534,-13623,12
5174,0,-12409,7702,38541,-4094,-14019,113
5175,0,2041,-4583,64174,-1718,4714,88
5176,0,12935,-19619,-16181,-4531,-23058,27
5177,0,6625,-4413,6020,7603,-2357,34
5178,0,16279,-18425,-65334,-16408,18310,55
5179,0,-10488,27890,45284,-16969,-24493,-110
5180,0,9541,-19103,18952,20908,-4337,113
5181,0,30079,2867,3970,28968,8594,-64
5182,0,12349,6562,37714,-9311,10434,-63
5183,0,-7548,-29443,11888,9649,-28823,-86
5184,0,-5709,-3097,35203,3733,-5315,30
5185,0,254,-43,-47729,-199,-164,-57
5186,0,10956,-27638,-10993,-4467,-29393,26
5187,0,6356,-11405,41161,7995,10323,-22
5188,0,2141,-8731,41515,7105,5508,6
5189,0,17547,-23226,9183,25696,-13678,116
5190,0,-13631,21553,44859,-10698,-23149,117
5191,0,-6420,10697,25998,-12187,-2665,16
5192,0,1029,6812,-60456,621,-6861,71
5193,0,-3338,-25425,47354,21613,13801,8
5194,0,1158,787,-841,1187,742,-43
5195,0,-101,-115,61670,120,96,-158
5196,0,-4511,12160,32817,-12128,-4596,-98
5197,0,-2558,5525,-53586,5148,-3250,-24
5198,0,16969,9220,59906,-18819,-4335,31
5199,0,9961,27913,-18141,27778,10331,49
5200,0,-8658,19022,64621,7924,-19339,-117
5201,0,-3686,-13847,5035,-287,-14326,26
5202,0,6706,16523,-12421,14761,10005,-121
5203,0,-12481,-11984,39592,15344,-7996,38
5204,0,2074,465,-50310,-1235,-1730,-4
5205,0,-14967,514,-47692,10195,10970,-20
5206,0,21205,-8772,-37184,-12978,-18926,-59
5207,0,13,-21936,-22139,-19110,-10769,-64
5208,0,21354,15435,-8259,25699,5814,156
5209,0,-2156,10737,36472,-10187,-4021,-4
5210,0,-14871,20401,-54208,23282,-9763,-17
5211,0,19682,-14246,14414,24258,1380,159
5212,0,26084,-8173,58185,-21591,16763,87
5213,0,2396,-8804,-60206,-4545,7912,-5
5214,0,9759,-10782,-36562,-12338,-7699,-86
5215,0,-2066,9979,15604,-8288,5929,48
5216,0,-5219,-31965,57496,16918,27618,49
5217,0,-10284,-2335,-15035,-9299,4974,-131
5218,0,-12951,-26283,56287,23096,18030,141
5219,0,7302,5357,16786,1159,8982,-100
5220,0,1847,20100,6624,-4534,19669,-14
5221,0,-1002,960,59092,670,-1215,-132
5222,0,4579,32150,17117,-20511,25177,-95
5223,0,-1116,2557,-61747,1551,-2319,81
5224,0,2950,-2254,15219,3701,288,-11
5225,0,20760,7607,27130,-1764,22039,23
5226,0,-2987,-9407,38581,9864,-356,153
5227,0,17836,-10533,-64691,-18226,9843,47
5228,0,12018,-20323,-46155,-23487,2414,-110
5229,0,-10323,-15991,14623,2384,-18884,45
5230,0,-13406,-17155,18322,4510,-21300,132
5231,0,-4991,1371,55054,3734,-3585,-114
5232,0,24072,9163,-29143,13275,-22072,-83
5233,0,11412,-7297,-3588,9942,-9200,120
5234,0,-25222,671,-4630,-24440,6269,53
5235,0,-8059,-8785,-25009,-11114,4313,-4
5236,0,-4226,-16031,5633,226,-16577,-27
5237,0,6221,-5068,38205,3330,7301,102
5238,0,4759,11742,55023,-9782,-8052,-145
5239,0,-3141,-21499,8860,5878,-20917,119
5240,0,-4203,-115,-21770,-2218,3572,-21
5241,0,-2765,-1888,56338,3303,548,-131
5242,0,14901,1864,5540,13856,5790,-120
5243,0,-17500,23796,33819,-22819,-18756,-73
5244,0,10609,13778,35021,-14907,8954,-152
5245,0,-983,-4986,9572,1361,-4896,-144
5246,0,18304,23318,-36373,19714,-22139,103
5247,0,14271,-3812,27589,7298,12843,156
5248,0,16959,1832,59660,-16784,3043,111
5249,0,11883,-13439,47430,2644,17743,84
5250,0,1848,1361,-19967,2182,-711,-151
5251,0,32264,3680,-16842,24922,-20818,45
5252,0,-8182,-27621,-7437,-17308,-23028,1
5253,0,-30661,9525,43691,7226,-31283,-96
5254,0,-11108,-10523,4534,-8487,-12732,-149
5255,0,5173,18648,-56527,3160,-19093,-58
5256,0,-32004,5558,-43018,20144,25482,118
5257,0,-2642,5045,-33469,5142,2447,97
5258,0,12188,28300,34224,-29078,10193,6
5259,0,1958,-2335,55330,-608,2986,162
5260,0,-10285,21145,-10202,674,23504,-160
5261,0,2579,569,15397,1509,2168,-159
5262,0,-5192,12457,-8199,-96,13495,-110
5263,0,17350,13307,16324,3043,21653,117
5264,0,-2911,5938,14601,-6049,2673,23
5265,0,-6889,5552,-48068,8731,1430,-70
5266,0,-17179,8929,28191,-12529,-14760,106
5267,0,7882,499,-56913,-6997,-3663,-118
5268,0,7830,20744,-37911,18287,-12539,-134
5269,0,27517,-3564,-6144,25383,-11207,-157
5270,0,-11293,436,12282,-9629,-5917,-18
5271,0,-8502,-25543,21626,17776,-20217,-123
5272,0,-15143,-8075,-899,-15441,-7490,-101
5273,0,-10101,-671,-8397,-9554,3348,18
5274,0,22990,-10883,-25622,-2571,-25306,34
5275,0,3873,6615,45951,-7622,-817,-94
5276,0,12268,16030,48540,-20068,-2177,-109
5277,0,16897,-14569,-21970,-4410,-21871,105
5278,0,-2371,-5348,34807,5557,-1827,-40
5279,0,-8525,1736,-54948,8281,2668,-105
5280,0,959,1275,4492,674,1446,135
5281,0,-7081,1185,29906,-2099,-6866,-131
5282,0,27103,11086,-644,27507,10041,154
5283,0,4747,30074,12325,-12777,27636,25
5284,0,2021,-20664,-5196,-3272,-20503,139
5285,0,-16519,13598,49584,2578,-21240,-70
5286,0,-1612,-1433,-4588,-1890,-1038,95
5287,0,1594,-12260,13819,8843,-8640,-110
5288,0,7583,11530,30923,-10853,8524,-92
5289,0,4845,-1267,37993,0,5008,-110
5290,0,-11459,11439,35053,-10045,-12699,-120
5291,0,7625,-573,-5689,7193,-2596,-28
5292,0,492,-31394,52768,17457,26097,-142
5293,0,-1196,-2222,-6939,-1843,-1724,-153
5294,0,6759,-1029,11134,6356,2518,115
5295,0,-12617,3701,-2090,-12186,4938,-11
5296,0,-16170,-27924,11564,1116,-32249,-107
5297,0,16478,-7690,-42877,-14445,-11045,-67
5298,0,-30375,2225,20925,-18361,-24299,131
5299,0,5537,12176,-47404,5760,-12072,-58
5300,0,-10946,-587,2017,-10833,-1673,-62
5301,0,-8851,-4722,38526,6922,-7261,98
5302,0,-3323,5974,-20670,3212,6035,124
5303,0,-19581,23011,-16552,2681,30095,9
5304,0,-28578,10311,57880,22873,-19997,108
5305,0,-18692,-24164,-33853,-23122,19966,39
5306,0,-6543,-25273,30168,24203,-9786,131
5307,0,3958,2208,54170,-4530,159,-21
5308,0,-12511,15971,30630,-17136,-10860,-59
5309,0,-18032,12533,-32200,12121,18311,96
5310,0,-4747,12561,-31995,12370,5224,-25
5311,0,138,14764,-6056,4311,14121,-69
5312,0,982,-3574,-31800,-3516,-1173,-156
5313,0,707,489,-27665,643,-570,94
5314,0,-7218,-340,13226,-5603,-4564,-51
5315,0,-17856,-17185,-7799,-22882,-9516,-35
5316,0,22179,-19711,33925,18488,23209,33
5317,0,23894,-15864,-43712,-25745,-12642,75
5318,0,11397,-3512,24644,7561,9223,-35
5319,0,-15366,-12636,2785,-13585,-14534,54
5320,0,-7125,2776,-61030,7546,-1238,149
5321,0,-1781,-5328,-50645,-2145,5192,-13
5322,0,4366,3380,33314,-3478,4288,74
5323,0,7910,-7798,45933,1569,10996,-112
5324,0,3498,5274,46724,-6307,-519,27
5325,0,-244,20566,41897,-18551,-8881,62
5326,0,-11748,-17471,-811,-12408,-17009,-13
5327,0,-2252,2423,46749,-508,-3268,52
5328,0,104,-898,19389,784,-450,-102
5329,0,-29630,6760,-45339,22418,20521,55
5330,0,-2140,-382,52665,1963,-934,81
5331,0,-20595,8542,4640,-21980,3743,-43
5332,0,-17917,1635,3174,-17964,-998,118
5333,0,-19481,-6401,-60453,17400,10850,74
5334,0,27041,14601,-97,27143,14410,50
5335,0,960,31438,55721,-14976,-27659,-99
5336,0,-5898,18924,7682,-12375,15484,-81
5337,0,5137,-15308,63388,-3588,15743,-69
5338,0,8463,-6660,23797,9604,4872,96
5339,0,12152,2077,-10117,11733,-3785,-75
5340,0,10404,-327,34867,-710,10385,20
5341,0,12322,-2037,-53671,-11453,-4980,-109
5342,0,20918,-25205,7768,28652,-15873,5
5343,0,10531,13548,-26585,16071,-6015,-129
5344,0,2433,4419,64417,-2668,-4281,5
5345,0,13064,14151,56984,-17570,-7887,-137
5346,0,25029,-18282,-14181,7866,-29980,74
5347,0,-25281,13317,52339,12416,-25736,80
5348,0,-14212,-1809,-41718,4344,13652,117
5349,0,1506,-6539,58390,767,6666,-34
5350,0,11302,-941,-17799,6694,-9155,65
5351,0,9469,-9759,9435,12772,-4667,45
5352,0,9786,7965,51376,-12618,2,95
5353,0,4912,23720,19254,-15872,18299,89
5354,0,-763,-9269,-38323,-8725,3220,106
5355,0,-1,-78,23169,69,-36,117
5356,0,-1584,-2232,-42885,-1245,2437,-75
5357,0,19859,460,-24087,8500,-17954,-60
5358,0,18436,9173,-48407,-5770,-19767,-83
5359,0,10310,18614,-11450,18454,10594,-105
5360,0,-261,696,-32145,690,277,151
5361,0,-16253,22819,43793,-11517,-25539,6
5362,0,-6311,14414,-3942,-3423,15359,92
5363,0,-11393,21157,51356,-4524,-23600,75
5364,0,-28666,250,-29622,-3938,28396,90
5365,0,-7992,3268,59298,6655,-5501,74
5366,0,-6784,6587,10046,-9063,2698,4
5367,0,21723,-12040,14774,24299,5137,-130
5368,0,-222,31481,-58961,10061,-29831,-63
5369,0,20187,-3085,16258,16558,11953,51
5370,0,10698,19608,13029,-2705,22172,77
5371,0,2600,-25902,-38466,-25651,4438,-37
5372,0,462,-8509,11566,4908,-6967,-105
5373,0,-5914,-19,26821,-1656,-5677,40
5374,0,-3294,10918,-49573,9917,-5632,82
5375,0,7928,-15216,48123,6051,16055,125
5376,0,-17775,20401,12624,-26225,6664,-2
5377,0,-8028,16636,34721,-15755,-9643,-126
5378,0,-18163,12423,8444,-21582,4296,29
5379,0,633,1965,19370,-1204,1677,-121
5380,0,17284,17472,62851,-19417,-15067,46
5381,0,-20928,-935,-22094,-11079,17780,-19
5382,0,16210,21286,29983,-18988,18850,-54
5383,0,6451,2910,42188,-5427,4543,30
5384,0,10017,-25652,37248,23017,15119,123
5385,0,382,-1681,-15238,-837,-1507,-8
5386,0,10475,-8221,-34293,-8929,-9879,-75
5387,0,-11153,892,-56539,10492,3887,-70
5388,0,-2187,1213,-32122,1129,2232,-152
5389,0,-9989,-30842,-23864,-32180,-3927,-163
5390,0,-10524,-2518,38660,5394,-9381,-94
5391,0,-6131,18020,29924,-18666,-3726,-113
5392,0,-1098,-14073,42362,13067,5339,-122
5393,0,3035,425,45789,-2111,2221,69
5394,0,9219,-13350,20283,16224,-14,141
5395,0,2037,4134,13742,-890,4522,139
5396,0,-5289,-28810,63658,7689,28264,-125
5397,0,-14744,-19691,33035,19794,-14605,120
5398,0,10845,3982,-35344,2532,-11272,155
5399,0,-7707,-14187,15474,3964,-15651,-82
5400,0,13093,-7579,43167,420,15122,31
5401,0,23362,-10610,-62129,-24768,6700,25
5402,0,9636,-2389,-55053,-9609,-2494,115
5403,0,-10828,-2081,-34756,-993,10981,91
5404,0,-18929,3878,-50771,16841,9473,-139
5405,0,21844,-5845,-63911,-22258,3991,-128
5406,0,2860,12775,-30194,13039,-1168,-157
5407,0,-947,-32015,65509,1172,32008,120
5408,0,-22397,22445,-48662,31700,730,-12
5409,0,822,2144,58703,-1464,-1769,-47
5410,0,-20512,25100,-14136,-59,32416,119
5411,0,23690,-12654,4384,25799,-7467,27
5412,0,-9844,6299,46168,785,-11660,123
5413,0,-13315,-23017,53951,23501,12441,86
5414,0,3318,3036,-51576,-725,-4439,31
5415,0,4532,-617,45576,-2134,4045,-144
5416,0,-1322,-2749,-464,-1383,-2718,8
5417,0,-1365,-11993,-10475,-6918,-9891,-107
5418,0,-19601,10518,39124,-4199,-21845,44
5419,0,4308,-21470,64022,-2807,21718,-64
5420,0,3237,-18154,52080,8444,16394,147
5421,0,21865,-7926,6498,23247,-687,-140
5422,0,27617,-12292,-54785,-30096,-2832,58
5423,0,4109,7249,17733,-2784,7854,-131
5424,0,-13992,6343,40591,-821,-15340,60
5425,0,27617,-7906,-16281,14150,-24999,-73
5426,0,17257,9247,25823,-3247,19307,-159
5427,0,-2753,-19600,-14883,-14922,-13003,21
5428,0,-17705,-6909,16903,-7213,-17584,17
5429,0,-5895,29892,22954,-29356,8157,-98
5430,0,-6942,-30653,-50036,-15698,27228,-56
5431,0,-17502,-20788,17043,2975,-27011,157
5432,0,30253,-12501,-20264,6932,-31992,-122
5433,0,-27293,1960,50298,19030,-19663,-8
5434,0,12396,16782,11045,2248,20742,26
5435,0,-13048,-27338,-43170,-17810,24504,-34
5436,0,-567,-305,59206,632,122,-18
5437,0,-597,893,-18174,300,1032,16
5438,0,14971,-532,-63726,-14963,-726,57
5439,0,12638,-25124,21656,28069,-1747,-93
5440,0,-8124,-20084,-2410,-10380,-19016,-5
5441,0,19189,-2175,-43197,-11061,-15831,-61
5442,0,21913,2724,25059,5431,21404,55
5443,0,-6398,10467,33192,-10320,-6633,-48
5444,0,-3729,-4674,-60759,2595,5387,94
5445,0,22730,-3358,59372,-20697,9979,148
5446,0,-3978,-23194,-29428,-23532,182,-42
5447,0,-23089,11456,2546,-24254,8724,141
5448,0,9540,-12716,-31254,-12023,-10400,64
5449,0,29223,11413,-57603,-22738,-21615,-156
5450,0,-27919,-5001,20356,-11368,-25986,-112
5451,0,6996,-13248,-36624,-14276,-4543,-148
5452,0,-1447,-13876,-57088,-4116,13330,33
5453,0,6443,-3696,42130,525,7410,-28
5454,0,20725,-1677,-6064,19403,-7475,-77
5455,0,4215,-1385,-660,4159,-1545,138
5456,0,4787,-20245,5112,9464,-18526,103
5457,0,30730,-7791,-40036,-17617,-26357,-156
5458,0,784,-780,2983,889,-657,-73
5459,0,-3528,2768,57319,2220,-3897,-128
5460,0,27690,-96,-46267,-16880,-21950,104
5461,0,11647,-6918,-2158,10901,-8043,-79
5462,0,1456,4207,10312,-726,4392,-56
5463,0,-1301,-3730,36216,3891,-682,66
5464,0,4395,-3403,32039,3569,4262,69
5465,0,19681,16153,65276,-19794,-16014,-113
5466,0,2923,-1435,23121,2595,1967,69
5467,0,-5520,14338,-65115,5843,-14209,-51
5468,0,-6785,-24388,42600,24838,4890,116
5469,0,22960,-10231,36267,6390,24311,117
5470,0,-7351,-16336,-10275,-14251,-10855,93
5471,0,7380,12128,-45323,5775,-12970,71
5472,0,17415,22005,-9321,25254,12236,69
5473,0,-19027,8015,1412,-19538,6674,-38
5474,0,886,-15004,-60630,-4429,14363,-103
5475,0,31634,7141,-29990,11209,-30431,47
5476,0,-267,38,62027,258,-81,-127
5477,0,-8405,-9844,47878,12941,302,-120
5478,0,-2045,4816,-15449,1765,4926,107
5479,0,22224,-2114,-42458,-11869,-18907,26
5480,0,-22874,-5598,-55585,17683,15553,-91
5481,0,1927,23682,-38955,22032,-8897,125
5482,0,-13362,11685,-15361,-2164,17618,-131
5483,0,-7833,20503,-64045,9238,-19910,41
5484,0,-627,-9289,-27711,-9172,-1600,48
5485,0,17690,-25228,-54207,-28191,12435,-16
5486,0,6071,3408,-6457,6811,1444,-145
5487,0,-6404,16631,-6449,-1157,17784,-137
5488,0,-7507,-12781,46617,14685,2019,-80
5489,0,-13281,2886,46882,6148,-12121,-141
5490,0,13371,-6020,-35956,-7907,-12349,-132
5491,0,21236,10102,13209,11074,20746,-68
5492,0,9887,-22177,-14062,-5968,-23536,-133
5493,0,-197,10922,-5841,2902,10531,146
5494,0,-1539,-27755,14355,16331,-22495,100
5495,0,3173,356,14276,2236,2279,21
5496,0,-5860,22328,30308,-22854,-3253,-55
5497,0,-6950,701,22985,-3747,-5895,-67
5498,0,-18750,-1999,-46286,9790,16116,85
5499,0,-10725,15432,-26573,11535,14837,-117
5500,0,2535,-17372,32731,17390,2413,110
5501,0,-17394,6825,-13386,-9932,15827,-109
5502,0,-18597,-21935,9696,-6765,-27950,-20
5503,0,-10712,18535,-16056,5356,20727,152
5504,0,22140,8210,-60813,-19757,-12933,40
5505,0,13222,-4317,14738,12900,5201,160
5506,0,-26422,11267,-14077,-13771,25208,-148
5507,0,15380,-3128,15713,13421,8137,157
5508,0,-23002,16352,13374,-28217,-521,97
5509,0,-19932,-2187,14501,-13853,-14497,-77
5510,0,17493,-6246,-35454,-8476,-16528,45
5511,0,-243,110,30674,-133,-231,-15
5512,0,-11667,9880,55741,5987,-14067,-79
5513,0,22420,-2603,18470,16174,15743,-43
5514,0,-3506,-15538,-20116,-14773,-5957,26
5515,0,7320,-27288,-12948,-9921,-26454,4
5516,0,-17156,-2371,-33290,-1982,17205,-50
5517,0,-13079,-5980,-47574,4052,13799,98
5518,0,10790,5157,-19639,10560,-5612,-148
5519,0,2147,20611,60236,-7291,-19397,35
5520,0,5733,14188,32696,-14147,5833,75
5521,0,-9885,17059,3679,-12746,15042,-29
5522,0,8238,-556,47838,-5080,6509,-160
5523,0,-13982,10011,-60839,15860,-6647,14
5524,0,4659,2407,2685,4305,2995,-46
5525,0,18271,18564,33077,-18692,18140,162
5526,0,589,-4862,-4912,-584,-4863,97
5527,0,-3986,20345,-30154,19651,6608,-117
5528,0,980,-9275,2319,2040,-9100,-86
5529,0,-1176,6952,50842,-3572,-6079,-116
5530,0,-19908,13876,48605,3689,-23985,-44
5531,0,1541,-3526,-18340,-1708,-3448,-150
5532,0,17568,10119,-63269,-16288,-12072,-138
5533,0,284,1200,-56120,266,-1204,26
5534,0,-1250,-7235,-53947,-2780,6795,-82
5535,0,16997,-8497,-60841,-18462,4500,12
5536,0,-31445,840,-6219,-29766,10173,93
5537,0,-14424,20493,-45476,25060,202,-82
5538,0,-11217,18689,-32218,18430,11637,78
5539,0,-24998,-13228,41223,21979,-17799,40
5540,0,7736,4731,-36843,3156,-8501,-41
5541,0,8965,-20533,42283,14587,17006,125
5542,0,553,-160,-3445,520,-247,-63
5543,0,-22550,3512,-39477,10391,20320,-71
5544,0,-346,-13125,52097,8079,10349,-162
5545,0,31307,2405,-13540,26343,-17087,63
5546,0,-6026,29425,62324,1666,-29990,-156
5547,0,-12615,13208,52502,2577,-18082,-82
5548,0,5020,3933,-26268,5307,-3538,-138
5549,0,957,-6471,-2547,206,-6538,-142
5550,0,1869,9398,18933,-6222,7287,94
5551,0,-1613,-31444,-16280,-23196,-21291,-72
5552,0,755,455,-4607,837,275,76
5553,0,-6778,16021,39322,-13096,-11451,-84
5554,0,12684,-10713,-60203,-14982,7156,-2
5555,0,17842,-18443,51592,-2590,25530,-15
5556,0,596,287,-30057,362,-553,-20
5557,0,853,-19371,-62009,-3969,18979,145
5558,0,-9790,-17011,-36959,-14812,12877,-157
5559,0,5855,7862,983,5423,8166,-141
5560,0,-17292,-19417,-2706,-19679,-16994,25
5561,0,10839,-22762,-62097,-14371,20714,57
5562,0,-24960,21143,-64396,26063,-19768,16
5563,0,-19496,-1779,-50103,13115,14535,-123
5564,0,18347,-20575,-23795,-10936,-25305,-94
5565,0,-25711,18950,45320,-955,-31926,-74
5566,0,-14756,5402,58941,12325,-9747,43
5567,0,415,-426,57422,-223,551,-25
5568,0,-5370,-3588,53389,6458,-4,153
5569,0,-17438,-6069,12692,-10887,-14912,66
5570,0,11095,3724,56836,-11650,1112,41
5571,0,-3697,14738,51086,-6651,-13662,128
5572,0,6233,21253,-40092,17741,-13259,114
5573,0,-14889,150,58490,13982,-5120,66
5574,0,-10761,6127,29421,-7784,-9631,35
5575,0,-29381,10452,-47742,27147,15348,-70
5576,0,-12894,-7939,-23527,-12758,8156,-149
5577,0,-17067,18536,23894,-23876,-8049,-133
5578,0,19411,21563,6826,11502,26636,40
5579,0,-30,-42,-44237,-20,48,-124
5580,0,4704,-29160,-28700,-27712,-10220,34
5581,0,1550,3938,5282,504,4202,-53
5582,0,-5127,-4637,-8198,-6499,-2354,-109
5583,0,118,387,28522,-354,195,111
5584,0,21001,8706,16848,8185,21210,-38
5585,0,-1767,3775,-1491,-1501,3889,-41
5586,0,20314,-21406,-24029,-11289,-27266,-2
5587,0,-355,590,8944,-570,385,-123
5588,0,21408,3114,12933,15602,14987,-19
5589,0,-13077,-15061,-37533,-11772,16102,-82
5590,0,-15758,-9022,-13269,-18035,2110,8
5591,0,-23120,12312,-30417,9571,24383,-54
5592,0,-8020,-26198,57276,17660,20947,155
5593,0,-13727,-2393,50369,11824,-7372,63
5594,0,-10607,4731,38880,-1535,-11513,126
5595,0,2224,8563,-64286,-1759,-8670,126
5596,0,-7985,10067,-12508,-839,12822,118
5597,0,-11465,11552,-42265,15390,5297,-107
5598,0,15419,-12197,53881,-6595,18521,16
5599,0,-4952,21386,64410,3793,-21622,-2
5600,0,-503,27716,-48417,20702,-18435,-93
5601,0,-22284,11235,-10119,-14550,20276,-77
5602,0,12423,-23054,11949,22950,-12614,-25
5603,0,659,-2444,-40689,-2516,275,-157
5604,0,5086,-14149,-5048,1575,-14953,-39
5605,0,-5240,-5097,-21881,-7043,1957,-132
5606,0,-8468,-17614,19790,9401,-17134,-26
5607,0,-6583,-12251,21973,7448,-11745,-102
5608,0,4705,25055,12553,-10386,23282,-73
5609,0,12305,3707,25853,420,12844,-129
5610,0,-834,24760,-3668,3557,24518,40
5611,0,1780,567,-46703,-657,-1749,-6
5612,0,-2798,22081,-39823,21746,-4746,57
5613,0,-6930,20886,44476,-14023,-16958,37
5614,0,-29030,11054,50584,14688,-27371,-48
5615,0,6232,-6966,51999,-726,9319,66
5616,0,13018,-14447,-36995,-16832,-9740,130
5617,0,-1324,2494,33983,-2419,-1456,91
5618,0,21402,6835,43321,-16453,15299,-140
5619,0,-20354,18231,36332,-14345,-23257,-144
5620,0,-18698,2643,-35714,5345,18112,110
5621,0,-2159,6108,15380,-5682,3111,150
5622,0,11396,3662,43444,-8780,8135,-17
5623,0,5173,22240,-43395,16845,-15416,66
5624,0,5796,-3538,-57011,-6720,979,110
5625,0,535,-301,-4905,448,-420,104
5626,0,-9497,-120,-15055,-7253,6132,-151
5627,0,2679,15611,-29309,15839,-124,77
5628,0,-12409,17401,-2644,-10031,18872,87
5629,0,1090,-2947,-42641,-3122,350,-157
5630,0,14607,-17066,-61553,-17614,13941,-51
5631,0,3249,7203,28333,-6373,4672,-78
5632,0,-1240,-4779,-28747,-4928,298,-13
5633,0,1724,1797,46410,-2474,280,39
5634,0,1789,-26044,-47816,-20847,15713,-144
5635,0,-4280,-12991,54814,10101,9222,-29
5636,0,-12475,2424,-562,-12417,2706,-90
5637,0,7205,22007,45702,-22091,-6942,-18
5638,0,15652,23059,-17632,27621,3716,-94
5639,0,-25405,-8604,-41722,2893,26666,113
5640,0,-37,360,24631,-347,102,-48
5641,0,-187,-1357,-1747,-300,-1337,6
5642,0,-18844,2818,-46113,13467,13480,-68
5643,0,103,105,-19056,146,-18,109
5644,0,-490,2696,-11670,1015,2545,1
5645,0,13500,10501,8869,8060,15085,128
5646,0,-4200,-8163,-35446,-7545,5230,53
5647,0,6041,10083,6352,2762,11425,40
5648,0,-14021,-18379,43861,22941,-2847,74
5649,0,-6,-4,-37383,-2,7,68
5650,0,3816,2311,-10197,4452,282,-155
5651,0,4028,13718,23955,-10893,9261,-72
5652,0,5573,11847,43555,-13058,-954,94
5653,0,-14087,9738,-26000,4725,16461,-18
5654,0,-8930,15294,-32137,15088,9274,159
5655,0,-11244,3900,-47975,10405,5777,23
5656,0,-26165,-15454,60642,29090,8788,115
5657,0,28516,15216,-61669,-25376,-20019,159
5658,0,-1909,1443,15971,-2377,-272,90
5659,0,26591,-19136,25455,27214,18240,125
5660,0,-13525,10793,45473,-1181,-17263,79
5661,0,9037,-6237,-49195,-10817,-1889,134
5662,0,-25246,9232,10412,-26593,-3922,44
5663,0,-30624,-6123,-48469,16280,26651,-145
5664,0,2861,1557,58048,-3224,-461,-50
5665,0,1622,2096,35386,-2290,1335,-113
5666,0,-712,-205,16218,-364,-646,11
5667,0,469,-734,-14571,-113,-864,7
5668,0,-24347,19882,-11500,-10547,29612,-155
5669,0,17140,-17548,24590,22726,9232,-89
5670,0,-15224,-11872,36189,14174,-13108,39
5671,0,6211,-1387,26211,3260,5466,81
5672,0,-148,-284,-48508,-104,303,142
5673,0,18908,-6096,52743,-11833,15958,159
5674,0,-21316,-17285,-46646,-374,27441,51
5675,0,-7530,-4059,-53436,4119,7497,126
5676,0,-13236,3669,44581,3916,-13165,142
5677,0,-3495,18896,78,-3628,18871,-69
5678,0,-11072,15953,60445,6961,-18128,-82
5679,0,-2853,-783,7914,-2373,-1767,151
5680,0,2701,-12977,63042,-1190,13201,-89
5681,0,-6980,-24904,31800,24492,-8311,156
5682,0,-29268,4163,-37859,11004,27439,-82
5683,0,14099,-24414,-9325,2073,-28116,65
5684,0,8937,18214,-58878,-2789,-20096,20
5685,0,-535,-547,-55354,221,733,140
5686,0,-18608,6593,-24697,-933,19720,-18
5687,0,20064,19891,-50367,-1684,-28203,-61
5688,0,9557,2978,54428,-9755,2245,-89
5689,0,23874,18867,31669,-17554,24856,25
5690,0,27225,-7190,-20482,9162,-26626,-14
5691,0,13576,-3318,-1132,13378,-4044,-8
5692,0,-14001,-4987,-63565,13435,6355,-108
5693,0,5420,3040,54276,-6211,203,85
5694,0,-10366,-20693,3949,-6196,-22300,-85
5695,0,7749,-19008,-12644,-4442,-20041,-18
5696,0,4653,22827,60506,-9948,-21066,-21
5697,0,263,-620,-25036,-482,-470,-31
5698,0,15848,6677,-264,15895,6565,-117
5699,0,8610,-20041,8600,16019,-14804,-141
5700,0,23463,-950,10140,21237,10021,98
5701,0,11601,10773,14688,1951,15711,110
5702,0,-3023,-3503,-23378,-4470,1198,0
5703,0,228,-435,-17351,-165,-463,-139
5704,0,-1814,3725,-51701,3731,-1802,-94
5705,0,-1610,-1823,-62755,1358,2017,50
5706,0,-21080,-6810,-34118,-5329,21502,100
5707,0,-7167,-2726,-2725,-7462,-1767,6
5708,0,-28425,999,25508,-10445,-26455,-148
5709,0,28983,-2897,27068,10560,27146,-39
5710,0,1443,1365,-11335,1941,422,10
5711,0,-5596,9882,17163,-11057,2594,-49
5712,0,652,-11672,47385,8517,8008,39
5713,0,27035,-6377,-428,26884,-6988,44
5714,0,32197,-1610,-25531,9247,-30882,125
5715,0,-9689,2730,3149,-9984,1287,93
5716,0,4063,-20006,-52458,-14943,13909,126
5717,0,8104,-16958,-12579,-2984,-18557,47
5718,0,-1741,3854,46118,-2065,-3691,73
5719,0,-22171,21057,60633,16527,-25726,106
5720,0,13990,-26570,-22267,-16685,-24966,133
5721,0,-5091,1597,52976,3278,-4210,66
5722,0,-13680,-10490,-42833,-2964,16983,-23
5723,0,13052,7254,49515,-14453,3753,-139
5724,0,23300,-11944,57796,-17362,19599,24
5725,0,-1669,-4228,-23079,-4527,-407,-27
5726,0,2719,12325,-2572,4305,11865,159
5727,0,15726,-18948,-30345,-17013,-17801,18
5728,0,-28568,7223,64125,27997,-9190,39
5729,0,-2343,11511,167,-2424,11494,20
5730,0,6366,15163,-45955,8410,-14132,90
5731,0,-6277,-1866,33324,2008,-6233,84
5732,0,-4357,-2488,-39739,-888,4938,141
5733,0,611,13109,43686,-11630,-6079,-101
5734,0,2793,30480,35004,-30607,-253,157
5735,0,10726,-4070,-5986,9135,-6939,1
5736,0,28505,-12404,7837,31064,-1190,74
5737,0,-10600,-19210,-7801,-16860,-14041,-37
5738,0,-11235,22908,2814,-14129,21246,83
5739,0,137,-6039,-5105,-1303,-5898,-96
5740,0,-690,-163,-11268,-675,218,77
5741,0,4717,2947,1172,4552,3197,48
5742,0,5888,17289,-35284,16497,-7838,-111
5743,0,13929,-2241,-25671,2545,-13876,-15
5744,0,5593,6197,56239,-7732,-3147,93
5745,0,14306,-27736,32429,28053,13674,133
5746,0,21263,-10737,44285,-2185,23720,-154
5747,0,-13023,-12866,19206,2323,-18159,41
5748,0,31761,-4561,45513,-14320,28714,119
5749,0,4142,12492,-31343,12750,-3264,-25
5750,0,-11430,10045,-28065,7249,13379,20
5751,0,944,-654,-17811,125,-1142,53
5752,0,-10254,-3979,-54708,6985,8497,135
5753,0,4527,803,19159,2109,4086,-6
5754,0,1249,-1014,-12567,450,-1544,59
5755,0,-3670,76,-24115,-1424,3383,-88
5756,0,18218,13481,-13784,22653,-695,145
5757,0,6176,9889,15604,-2172,11455,48
5758,0,-12282,-18411,39732,21458,-5419,-148
5759,0,-17179,4677,60625,15574,-8628,98
5760,0,-10389,14231,-45795,17619,172,-75
5761,0,-9989,12787,56254,3431,-15859,108
5762,0,4304,25457,389,3726,25548,-83
5763,0,-171,2,45044,93,-143,-24
5764,0,6152,23189,36265,-23878,2328,115
5765,0,1533,-2939,-18671,-1311,-3044,-158
5766,0,28535,-4828,10494,27385,9361,126
5767,0,1235,165,-31254,251,-1221,64
5768,0,3468,-16139,-22045,-12364,-10937,30
5769,0,-3319,247,-35439,678,3258,60
5770,0,12044,-1272,521,12070,-999,49
5771,0,-14818,26927,-54748,26120,-16199,95
5772,0,1989,520,1540,1948,657,90
5773,0,7212,16601,33116,-16760,6835,-124
5774,0,19709,-13732,17623,23376,5528,85
5775,0,-23786,17666,-9597,-13319,26467,119
5776,0,-713,-249,10206,-508,-559,-162
5777,0,17816,15517,59455,-21480,-9840,-94
5778,0,-14656,-3898,-30947,-5115,14277,68
5779,0,-4349,-1151,-50489,2531,3719,143
5780,0,-18023,20932,46635,-5277,-27113,-62
5781,0,-27935,-16792,60954,30972,10152,101
5782,0,-7111,1120,1195,-7161,735,71
5783,0,2332,1823,1542,2200,1980,92
5784,0,25828,-14210,-6854,19933,-21719,-68
5785,0,10995,802,62064,-10980,983,-90
5786,0,-3352,-6460,31331,6212,-3792,13
5787,0,2180,22225,-59547,4200,-21933,3
5788,0,-236,-7208,-3437,-1397,-7075,-55
5789,0,10526,23001,11125,-2501,25171,106
5790,0,-938,-3621,33000,3628,-913,85
5791,0,2912,-2143,-40218,-3024,-1981,-12
5792,0,-6594,-17058,-29935,-17773,4311,102
5793,0,-1102,2671,-36342,2824,612,134
5794,0,2200,-3044,-50042,-3681,743,-62
5795,0,-1940,1997,50575,157,-2780,-57
5796,0,-5563,25095,-55338,16550,-19668,156
5797,0,-20574,-22506,37715,26753,-14631,-62
5798,0,-9438,-5853,53279,11099,-383,43
5799,0,-12331,21280,9219,-20145,14109,152
5800,0,-537,-180,39126,332,-459,46
5801,0,-24857,3833,54142,19288,-16142,-49
5802,0,-3240,-17432,62585,5750,16772,105
5803,0,-29269,-6525,-29790,-10728,28003,-78
5804,0,19601,-7394,30219,9600,18620,-144
5805,0,4264,-14134,-60426,-7503,12715,101
5806,0,8235,5674,-41559,1833,-9831,-50
5807,0,1615,-2712,-63643,-1837,2567,140
5808,0,19608,-10280,-7818,14528,-16706,-54
5809,0,-1980,-2020,6675,-1248,-2538,37
5810,0,24410,11238,-10849,26784,-2178,-156
5811,0,15325,-960,10648,13826,6679,-45
5812,0,-11458,-7871,26526,4099,-13283,70
5813,0,5828,1542,50403,-5371,2738,97
5814,0,-16620,-14717,46839,21848,-3938,142
5815,0,28929,9179,-42349,-4790,-29970,135
5816,0,-16842,16330,-64666,17455,-15674,72
5817,0,-14038,10271,62185,12196,-12402,31
5818,0,-1099,7974,-8338,2119,7765,77
5819,0,11056,5120,16168,4295,11402,-39
5820,0,-1785,1576,-19603,206,2372,-112
5821,0,-1502,-6292,-38993,-5559,3309,87
5822,0,15894,24177,-19123,28862,2039,42
5823,0,-20597,21929,-62778,23283,-19053,27
5824,0,16362,14862,-11616,21755,3913,55
5825,0,-4419,23685,63252,1666,-24036,121
5826,0,-12784,2675,2545,-13007,1187,140
5827,0,-8910,1370,-10563,-7093,5564,130
5828,0,-4450,-5338,-57531,2101,6624,-84
5829,0,-17572,-6438,65266,17617,6314,-123
5830,0,-11768,-9046,-13308,-14840,-280,-31
5831,0,11222,-8323,50666,-3025,13640,34
5832,0,6530,11271,-52426,1246,-12966,158
5833,0,-5541,-8194,18008,2560,-9555,144
5834,0,-7504,10337,36832,-8702,-9351,30
5835,0,1615,2169,-35672,1910,-1914,152
5836,0,24759,20869,5127,19086,26159,118
5837,0,30931,-2555,-46487,-20801,-23034,-116
5838,0,16586,7218,27589,-2788,17873,156
5839,0,6662,-1113,-30525,-339,-6746,-162
5840,0,24281,-5243,-23011,6220,-24049,41
5841,0,-723,-1158,61348,932,998,-154
5842,0,-10895,2764,5978,-11232,-433,-8
5843,0,-22076,7561,23706,-16154,-16840,5
5844,0,7224,-5746,42136,2031,9005,-22
5845,0,1901,781,-22508,1593,-1299,-108
5846,0,9004,3383,-6677,9610,396,-39
5847,0,2226,2821,-4339,2763,2298,18
5848,0,-26151,8523,-38074,14861,23145,29
5849,0,-758,-712,-30670,-784,684,19
5850,0,-254,-24,847,-253,-34,49
5851,0,208,24272,33190,-24271,-342,-50
5852,0,24352,-17591,-23354,-5244,-29580,24
5853,0,9599,-163,33109,-54,9601,-131
5854,0,2241,-3040,-45641,-3776,-54,79
5855,0,-20699,-10357,19467,-3973,-22802,-24
5856,0,-11410,7655,-52606,13734,411,-22
5857,0,-9877,27854,-38215,29447,2510,-112
5858,0,2177,-28573,50106,17787,22468,126
5859,0,-11269,17704,64388,10299,-18285,-24
5860,0,6875,21556,-6473,12986,18528,-161
5861,0,7995,2900,-40182,-73,-8504,24
5862,0,-631,-465,-45338,-23,783,56
5863,0,-16532,21695,-9892,-4609,26884,150
5864,0,13597,28820,-31922,29319,-12484,48
5865,0,3733,11857,7422,-640,12415,-15
5866,0,3889,17747,49029,-15381,-9669,54
5867,0,-4887,1504,61529,4507,-2415,27
5868,0,9173,-20303,47712,9328,20232,40
5869,0,-4422,-4868,28340,3845,-5335,-71
5870,0,-5104,15580,61922,2269,-16237,94
5871,0,6220,29815,13191,-12719,27674,-86
5872,0,-18132,-5260,35506,7582,-17290,7
5873,0,-14227,-1516,447,-14189,-1838,-25
5874,0,-5184,3581,6349,-6015,1874,37
5875,0,18727,-8117,42159,-839,20394,1
5876,0,13892,13630,1390,12912,14562,-60
5877,0,-17936,-17589,-57150,9592,23218,-29
5878,0,-9017,-17473,48265,18954,5231,-59
5879,0,12550,-27869,54333,3681,30342,142
5880,0,-2627,9963,30669,-10175,-1623,-20
5881,0,12907,-3120,-30857,-2026,-13123,158
5882,0,3848,-7505,494,4017,-7416,22
5883,0,90,97,-32097,101,-86,-127
5884,0,564,-1174,58255,-119,1297,157
5885,0,-8145,1628,20326,-5882,-5864,-142
5886,0,6150,11869,46420,-13166,-2315,49
5887,0,4897,1317,12770,3278,3869,144
5888,0,-28619,14165,36820,-8401,-30808,18
5889,0,27901,-14263,-56233,-31328,704,-87
5890,0,-2941,4723,-30415,4353,3465,-52
5891,0,17391,3107,-37453,-842,-17646,-2
5892,0,-22048,-1264,49601,16833,-14295,-53
5893,0,14704,-2077,42723,-4967,13995,-87
5894,0,-4254,2367,-61430,4630,-1505,72
5895,0,-60,-2239,-43409,-1922,1150,52
5896,0,3317,14700,28753,-13789,6080,19
5897,0,4403,11624,24768,-9096,8471,89
5898,0,8760,11279,-37383,9046,-11051,68
5899,0,-4990,-12732,-48939,-5580,12485,37
5900,0,27958,15938,-62573,-25332,-19848,-93
5901,0,6246,26829,-34958,26075,-8884,-111
5902,0,-5442,21057,-25357,17833,12449,-26
5903,0,-13072,-8632,35369,10265,-11833,-130
5904,0,-18359,3375,-45702,13425,12970,18
5905,0,-2150,31745,-53234,19439,-25189,2
5906,0,-21238,-2571,-12836,-18770,10264,116
5907,0,-23484,2568,27211,-8768,-21936,104
5908,0,-672,374,-51955,761,110,-22
5909,0,23687,15552,-29533,19172,-20866,-147
5910,0,13500,152,-13772,10695,-8240,157
5911,0,1771,-10727,-51906,-7917,7451,27
5912,0,15794,13031,58560,-19242,-7001,136
5913,0,-13017,20715,-51502,23048,-8206,105
5914,0,-28522,-14687,-29602,-18694,26073,110
5915,0,9449,-4223,-9928,6420,-8118,114
5916,0,16951,-20520,8890,23834,-11848,149
5917,0,4171,-4494,-8512,2072,-5771,-97
5918,0,-2421,286,30072,-599,-2363,35
5919,0,1398,1859,-26495,2191,-781,-39
5920,0,-8040,-16050,-30305,-16868,6141,58
5921,0,9436,9947,-56061,-4169,-13061,85
5922,0,-12655,3236,-4758,-11617,5972,-75
5923,0,-17,-504,57945,192,466,-153
5924,0,-22583,-16325,-57322,14734,23652,125
5925,0,-3899,12248,-13103,3954,12231,-151
5926,0,22888,4267,-36801,-211,-23281,1
5927,0,-9563,7561,-3452,-8217,9006,-70
5928,0,635,-854,21133,1061,85,36
5929,0,-14648,10832,-51676,18210,564,-69
5930,0,16614,19060,-3937,19967,15512,97
5931,0,14588,17185,-53414,-2919,-22352,148
5932,0,27580,11231,64690,-27989,-10168,-48
5933,0,-20315,-2070,-48300,12263,16328,24
5934,0,-12170,-15318,12725,-1293,-19521,99
5935,0,17097,19036,-5195,21356,14092,140
5936,0,-4711,-5898,50362,7444,1253,56
5937,0,3143,11227,37024,-11635,747,-101
5938,0,-2235,-4974,41958,5453,67,123
5939,0,-6786,17395,57504,-295,-18670,57
5940,0,-37,-18613,-26334,-17778,-5512,122
5941,0,4802,5806,32983,-5840,4761,68
5942,0,801,-17387,44035,14464,9682,-78
5943,0,15749,-27333,-26603,-21398,-23179,-147
5944,0,-2929,13754,61728,451,-14055,-100
5945,0,1297,4538,-63861,-912,-4630,-78
5946,0,10596,-13627,47154,3877,16821,131
5947,0,13579,-8803,-22060,-1012,-16151,15
5948,0,-19526,878,4928,-19175,-3791,-81
5949,0,-1466,-28936,17023,19936,-21023,137
5950,0,-11505,-22279,-23432,-25066,666,-54
5951,0,-4100,24921,34931,-24390,-6559,84
5952,0,-22054,-15782,51115,27037,-2105,157
5953,0,-2963,22766,-36069,22946,-751,81
5954,0,-4625,3919,-25637,2147,5670,19
5955,0,-1088,-852,217,-1082,-860,70
5956,0,6602,27027,51512,-21919,-17135,-95
5957,0,4754,-2354,28849,3224,4213,115
5958,0,3368,7535,-63091,-2479,-7872,40
5959,0,-3719,-5182,6959,-1772,-6127,-153
5960,0,-4546,15578,-13485,5840,15140,118
5961,0,1024,-22038,-56191,-10510,19398,-45
5962,0,-1186,922,-18991,-10,1502,-152
5963,0,-10628,3981,29343,-5644,-9846,-43
5964,0,2020,2367,38973,-2861,1223,-107
5965,0,29188,7637,10404,22016,20629,36
5966,0,7115,-27895,16650,24879,-14483,90
5967,0,-7629,1364,9523,-7463,-2091,133
5968,0,7246,-25432,-36671,-26350,-2223,131
5969,0,-18875,1847,16945,-14358,-12390,59
5970,0,1680,19553,-54368,8404,-17735,149
5971,0,870,1876,-31057,1942,-709,-42
5972,0,176,14031,-60215,3379,-13619,-14
5973,0,1667,-2651,6088,2349,-2071,102
5974,0,-3884,26890,-37629,27042,-2622,148
5975,0,12950,-24587,-59471,-19380,19916,79
5976,0,14950,-18120,37834,14045,18831,57
5977,0,5266,-11315,-17311,-4739,-11546,-99
5978,0,21959,-4245,48222,-11780,19012,-102
5979,0,-3067,-3139,-13321,-4332,-702,-44
5980,0,167,2003,10191,-779,1853,149
5981,0,-1333,-4236,40115,4435,229,-90
5982,0,3718,-25456,-8931,-7347,-24655,136
5983,0,4840,5475,-13845,7191,1302,84
5984,0,7366,10495,-52168,314,-12818,91
5985,0,19711,-13349,-15046,6144,-22999,-142
5986,0,-7968,2594,22477,-6079,-5767,77
5987,0,-28467,5107,-27649,-1809,28865,110
5988,0,-2316,-44,14225,-1768,-1497,-30
5989,0,-10088,3739,-2177,-9666,4724,-98
5990,0,15033,2130,-22150,9229,-12056,-75
5991,0,-17255,11335,-26154,5367,19935,-24
5992,0,-2479,-21587,-55376,-7797,20282,118
5993,0,1137,2186,-38735,1775,-1709,20
5994,0,4088,4492,14373,334,6064,118
5995,0,3877,3195,-56461,-2171,-4530,8
5996,0,28290,-5303,-50833,-25070,-14139,125
5997,0,-17559,-9530,-13862,-19689,3389,67
5998,0,5027,-2686,7448,5648,-762,11
5999,0,16883,8082,-7267,18614,1972,-155
6000,0,98,1073,-58957,243,-1050,-59
6001,0,14797,19951,60802,-18867,-16156,-51
6002,0,1645,-1738,-28620,-1389,-1948,114
6003,0,-120,-714,-56983,-170,704,138
6004,0,-821,2420,37380,-2177,-1339,-71
6005,0,-24339,-7987,61024,25467,2766,-155
6006,0,-856,-246,24260,-110,-884,-93
6007,0,5788,-6718,3404,6797,-5696,22
6008,0,7978,-15587,58852,-2701,17301,-46
6009,0,-4277,7815,-27680,6574,6013,79
6010,0,-285,18140,-21689,15524,9389,60
6011,0,-2377,-6862,30295,6543,-3151,-68
6012,0,6523,-5188,-20581,-685,-8306,-113
6013,0,2204,-7991,-33806,-8098,-1770,86
6014,0,1611,-7487,16686,6468,-4100,126
6015,0,-7355,-30232,55446,20516,23391,-48
6016,0,14571,14907,-62939,-12500,-16682,-134
6017,0,3170,-7739,61329,-1496,8228,150
6018,0,-84,-86,22346,35,-115,-54
6019,0,-923,871,-10042,-415,1199,0
6020,0,3349,-14447,33074,14423,3451,159
6021,0,12019,15540,61877,-14578,-13170,49
6022,0,28060,-13823,-5438,23651,-20472,-103
6023,0,-6344,-2438,8540,-4878,-4733,125
6024,0,9620,-6893,31820,7256,9349,-150
6025,0,23562,4094,-61184,-22201,-8890,-5
6026,0,-9587,-2058,-22339,-6380,7446,61
6027,0,-12880,-16523,44459,20840,-2147,20
6028,0,-8216,6123,63336,7566,-6910,-121
6029,0,-8756,29921,63861,6214,-30551,78
6030,0,-6481,9102,-16104,1760,11034,104
6031,0,-3033,8909,1352,-3644,8677,-98
6032,0,-31,-3574,21508,3042,-1876,85
6033,0,13599,-10269,61852,-11569,12512,24
6034,0,17758,-1123,-55061,-16145,-7480,107
6035,0,-17372,8330,-55116,19242,960,52
6036,0,149,5523,63713,-612,-5491,-70
6037,0,-1193,-1173,11943,-365,-1633,-31
6038,0,-26687,4950,-148,-26652,5138,-1
6039,0,-22626,919,-44787,13058,18501,-45
6040,0,11182,-13664,50893,229,17655,-65
6041,0,16290,26041,37754,-29168,9630,-23
6042,0,12446,12240,4531,9409,14704,-152
6043,0,-3124,668,45344,1228,-2949,-50
6044,0,-10411,28720,24606,-30524,1221,-73
6045,0,-328,3903,-26771,3651,1419,11
6046,0,8734,-9045,-12867,1842,-12438,85
6047,0,14240,20584,54910,-22505,-10955,67
6048,0,-14065,-16651,20927,6346,-20852,133
6049,0,-876,5573,17232,-4689,3138,20
6050,0,-6114,2364,-44588,5249,3927,-149
6051,0,-9191,18152,-31427,17470,10430,-109
6052,0,-2223,-1775,23351,631,-2774,-27
6053,0,8106,-27733,45524,18195,22445,130
6054,0,8012,183,-38175,-1850,-7798,-72
6055,0,-13983,-7591,36073,9749,-12574,-77
6056,0,14843,1195,-44070,-6658,-13320,43
6057,0,3685,5357,-41928,3307,-5598,-93
6058,0,5213,-22626,-61398,-9464,21202,104
6059,0,-7829,12941,-61920,9994,-11353,-92
6060,0,-12175,21331,-41115,24398,2825,68
6061,0,217,2143,875,135,2150,77
6062,0,8022,-3312,36073,1974,8452,-77
6063,0,-886,-21483,17093,15180,-15227,-119
6064,0,10733,-5488,46311,-2152,11861,-60
6065,0,-1676,5445,-62106,2533,-5103,48
6066,0,-16218,-20378,-28729,-23115,11999,5
6067,0,4140,-1505,-73,4130,-1534,74
6068,0,-6414,24390,23334,-24751,4836,-44
6069,0,5152,16973,46604,-16518,-6464,-93
6070,0,-1968,13582,-52792,9346,-10050,118
6071,0,-10540,16701,57482,3443,-19447,35
6072,0,-4011,18278,-61866,7180,-17281,-38
6073,0,337,18733,7997,-6771,17470,-92
6074,0,-4611,9196,12632,-9024,4939,6
6075,0,-20704,13265,219,-20797,13119,72
6076,0,-4860,-4041,-8076,-6027,-1904,13
6077,0,811,-99,8358,785,228,-57
6078,0,21159,8766,-12667,22388,-4830,-41
6079,0,-10665,-2704,4217,-9873,-4857,-140
6080,0,-88,-410,-38425,-371,195,4
6081,0,19706,-14890,60837,-15897,18903,-16
6082,0,-21821,-6569,44205,16912,-15274,92
6083,0,23599,-9297,-28481,-4202,-25014,-70
6084,0,-14061,-7935,-60685,11771,11051,-158
6085,0,-8496,-15386,18038,6314,-16403,-152
6086,0,12729,-1178,-21789,5398,-11588,-40
6087,0,571,21561,33049,-21564,420,134
6088,0,-1964,-10384,38623,10515,1055,-131
6089,0,23709,5988,-2654,24288,2842,77
6090,0,-6479,-1335,-52340,4417,4925,-81
6091,0,-3659,-18888,-44698,-13874,13328,44
6092,0,-495,-350,-45021,-15,606,47
6093,0,-9628,22408,26891,-24217,-2892,110
6094,0,237,226,22909,-95,313,-143
6095,0,-23034,3025,46175,11258,-20322,130
6096,0,-15003,25869,-39750,29397,5491,130
6097,0,-14388,-6007,-53358,8618,12993,-122
6098,0,7678,-15862,14084,15851,-7701,155
6099,0,14542,15510,29176,-12694,17055,116
6100,0,-4940,-1708,42486,3745,-3647,2
6101,0,-1312,-5278,-14322,-4350,-3264,-67
6102,0,2192,18325,50957,-13467,-12619,-1
6103,0,-12720,-28211,33521,28677,-11631,-45
6104,0,-4969,-210,60264,4860,-1054,63
6105,0,6,-1065,58318,351,1005,-106
6106,0,-4722,-4131,31411,3793,-4997,93
6107,0,18089,-2243,59747,-16826,7009,-128
6108,0,5398,-11720,-57724,-9290,8955,49
6109,0,2116,-5102,47547,2468,4941,-125
6110,0,-6624,-9457,-23127,-11425,1672,-75
6111,0,10384,1842,-8270,10274,-2382,145
6112,0,-7095,-3632,50878,7769,-1784,-80
6113,0,10195,-9933,30570,10898,9156,-119
6114,0,-16120,-1252,-61942,15645,4083,-114
6115,0,-4329,-6804,4307,-2824,-7554,-50
6116,0,9740,-4828,24693,8153,7191,14
6117,0,-6784,-319,-17761,-4686,4916,103
6118,0,-9913,18321,-32891,18390,9784,24
6119,0,6809,12483,-62303,-4705,-13418,-149
6120,0,-5780,12087,51677,-2945,-13070,70
6121,0,6361,-5949,-65458,-6403,5904,-69
6122,0,9619,20846,-65403,-9472,-20913,-14
6123,0,-8161,-5444,-43615,-742,9782,-154
6124,0,-9065,-6097,-23775,-9347,5655,-74
6125,0,4645,-10737,-12079,-1929,-11539,-105
6126,0,-27232,14585,32812,-14393,-27334,-103
6127,0,-4204,-4807,30078,4217,-4795,41
6128,0,-684,1403,-49565,1463,-544,90
6129,0,-1768,926,-21212,-153,1990,-115
6130,0,24360,10502,-25761,18042,-19446,-105
6131,0,7154,297,43172,-3672,6147,36
6132,0,9901,-18515,63122,-7705,19531,-9
6133,0,14808,3145,-63638,-14492,-4377,145
6134,0,-21679,499,-34537,2317,21561,-16
6135,0,17324,-19197,58822,-10280,23727,72
6136,0,19299,11166,-60892,-16329,-15182,-39
6137,0,23632,-14068,41518,3236,27312,9
6138,0,2835,18558,-16887,15391,10750,0
6139,0,-3881,-3578,4315,-3055,-4305,-42
6140,0,10606,30986,899,9413,31369,101
6141,0,-9324,-15605,-22398,-18163,756,2
6142,0,9768,23377,-17724,24061,7937,140
6143,0,8709,8893,-32444,9088,-8505,-148
6144,0,-12223,38199,52141,-12874,-37984,-118
6145,0,57255,55896,-41169,28935,-65536,14
6146,0,-32321,17684,-57478,36608,-4150,-31
6147,0,51333,51037,-10316,65535,20389,52
6148,0,-18699,-47553,-21797,-50496,-7816,-48
6149,0,-35040,14349,36327,-7927,-37025,-149
6150,0,54624,-4068,20855,33077,43661,61
6151,0,-8182,-1924,25635,-922,-8355,-21
6152,0,3316,54779,-26557,53279,13159,-101
6153,0,-56307,46539,-53686,65535,-8507,-124
6154,0,-56015,-19553,-62465,52561,27521,15
6155,0,11385,55761,-1861,16025,54609,-108
6156,0,54634,16857,2357,52333,23030,-48
6157,0,30666,-13973,-39997,-23422,-24230,-117
6158,0,15082,52411,-21292,52654,14213,131
6159,0,-30233,21152,440,-30704,20462,-32
6160,0,-17919,10769,44983,1013,-20881,-85
6161,0,-36615,48696,31986,-50061,-34726,16
6162,0,-7830,45076,-58919,21541,-40363,-21
6163,0,-52314,-33805,11368,-27275,-55997,23
6164,0,-45932,-18499,-26304,-31346,38332,152
6165,0,58700,65517,24583,-38458,65535,-96
6166,0,-64357,14822,-44346,46719,46679,93
6167,0,-55684,5430,1605,-55944,737,-148
6168,0,47296,-13546,-47829,-41222,-26854,-157
6169,0,-64584,-64583,-65461,64129,65036,-72
6170,0,-154,-64563,-27650,-62747,-15204,109
6171,0,22969,2112,-52880,-17687,-14805,30
6172,0,-48605,45707,50581,6771,-65536,-51
6173,0,57977,-63092,-48109,-65536,-1122,-111
6174,0,55453,19452,-25197,37583,-45177,134
6175,0,48361,51648,33476,-53460,46350,-90
6176,0,26485,-14235,65369,-26384,14421,-20
6177,0,46990,23629,65461,-47155,-23298,72
6178,0,18437,16039,-23153,22611,-9271,-101
6179,0,-57507,47553,47271,589,-65536,-75
6180,0,64384,44951,-42835,10034,-65536,-25
6181,0,32446,22669,-53579,-14937,-36654,-17
6182,0,59679,63921,18470,-11888,65535,-43
6183,0,-42692,35515,13068,-55385,4051,116
6184,0,45294,-42980,16871,62362,3140,-15
6185,0,61012,35881,-8162,65535,10147,-73
6186,0,-25732,-43459,-13484,-46825,-18926,119
6187,0,56627,38381,42316,-59195,34289,158
6188,0,-457,-36530,46477,29312,21805,106
6189,0,29231,31256,-15646,42680,3129,-90
6190,0,-39208,49299,32154,-50174,-38082,-142
6191,0,-751,63746,-50337,43074,-46998,-31
6192,0,62533,17738,-36747,5390,-64776,55
6193,0,60399,20793,6981,49972,39791,-131
6194,0,-50305,-1052,32766,698,-50311,145
6195,0,11470,44565,-49983,21811,-40521,-3
6196,0,-45096,-27800,-48910,11793,51648,66
6197,0,22844,-54815,21131,58582,-9731,34
6198,0,53428,-15588,-14682,30877,-46305,-104
6199,0,-877,42420,38927,-40231,-13479,-153
6200,0,-7841,55485,-21714,43971,34737,35
6201,0,45937,-35551,-2853,40904,-41243,-122
6202,0,-7519,2808,-553,-7453,2978,-81
6203,0,-42405,-56136,63447,47780,51639,-10
6204,0,33219,-4857,-55551,-31693,-11075,-57
6205,0,43923,57530,39008,-65536,24784,-72
6206,0,-16718,28625,19755,-33009,3054,-61
6207,0,-3315,10778,51250,-4235,-10451,-31
6208,0,53220,-50248,-19261,-7641,-65536,-96
6209,0,2610,-13925,5574,6247,-12716,-86
6210,0,7314,-1744,-18056,3370,-6721,134
6211,0,4340,22002,62569,-7505,-21133,89
6212,0,32925,-34478,-43742,-46373,-11061,45
6213,0,-36371,42333,-1250,-34038,44231,-126
6214,0,470,47438,50952,-30878,-36016,-6
6215,0,44105,-25040,65200,-43527,26032,136
6216,0,18474,5231,36999,-8948,16988,-126
6217,0,-41787,60200,27894,-65536,-26271,135
6218,0,58419,-24333,846,59307,-22080,48
6219,0,-51778,-10794,-3445,-52842,-2294,-63
6220,0,36245,27973,-10189,45078,8013,-147
6221,0,6869,29039,27993,-26781,13161,-92
6222,0,-7074,33829,55985,-8348,-33537,-161
6223,0,4872,59662,34882,-59851,-1088,35
6224,0,-41710,-19705,-27425,-29615,35369,8
6225,0,-8807,-14132,17431,4657,-15987,-107
6226,0,-3181,23708,63132,433,-23917,1
6227,0,2872,-28958,58202,7416,28139,104
6228,0,-27282,48881,60952,15716,-53728,99
6229,0,-55131,21354,31433,-25132,-53515,115
6230,0,-35670,-42264,9304,-13730,-53573,-86
6231,0,-7196,-48982,-49684,-28581,40424,-29
6232,0,32967,-8142,38224,-462,33955,121
6233,0,10314,3632,11579,6814,8552,-92
6234,0,32869,-40749,-5556,20745,-48068,105
6235,0,-43220,46645,-56370,58843,-24109,99
6236,0,-64179,-25377,-11897,-65536,13538,77
6237,0,56517,-8508,55467,-46156,33708,-27
6238,0,-18525,-26015,31848,25287,-19507,-122
6239,0,-62738,50743,-64345,65380,-47290,67
6240,0,-54647,-46737,-33387,-45488,55691,-147
6241,0,27562,-35757,54625,-5784,44775,108
6242,0,27117,-19189,44569,1872,33167,130
6243,0,-65342,-63554,-37510,-47413,65535,-59
6244,0,-28235,-13222,-7898,-31110,-2050,-134
6245,0,40015,33394,-57987,-25844,-45260,112
6246,0,58947,38420,-18475,65535,-21454,38
6247,0,42664,57516,5888,24640,65535,-98
6248,0,-42746,-6841,-63673,42021,10405,110
6249,0,32402,63763,50924,-65536,-27972,-34
6250,0,39202,19896,-9089,43935,1539,-22
6251,0,34505,18969,-60998,-29417,-26174,-145
6252,0,40817,-60732,59948,-23045,65535,73
6253,0,56147,19622,-2076,57821,13938,3
6254,0,-60948,57788,-12732,-17243,65535,-106
6255,0,-26633,18050,2228,-28297,15311,149
6256,0,-32565,-23055,22807,5358,-39539,81
6257,0,-5531,17197,-25886,14528,10737,96
6258,0,50661,63723,-61346,-37470,-65536,156
6259,0,10334,-19728,-30151,-18210,-12821,-114
6260,0,44030,37676,55100,-56667,-12125,-68
6261,0,62675,1558,-50985,-46982,-41513,-27
6262,0,-41292,28135,50300,12004,-48503,-6
6263,0,-49037,8089,57483,42338,-26030,36
6264,0,59788,49787,21833,-12868,65535,84
6265,0,-53889,54744,20415,-65536,-14350,-53
6266,0,-35835,38280,-2660,-30532,42630,71
6267,0,-43263,23148,65042,42728,-24121,-22
6268,0,-55085,25169,4796,-59306,12275,113
6269,0,-35006,55373,18539,-65043,7816,26
6270,0,-26830,-59299,43486,64836,5701,25
6271,0,-35335,-36834,-50683,2560,50978,-51
6272,0,-15328,-15154,-40937,-8233,19920,-80
6273,0,46694,24491,37365,-34271,40070,-86
6274,0,-13209,-14570,-60132,9094,17438,69
6275,0,3923,-48988,32505,49015,3578,-116
6276,0,20042,20259,19180,-3940,28224,15
6277,0,-20686,8472,-43526,17529,13872,-65
6278,0,-55016,-35097,-56502,35123,55000,-33
6279,0,59936,-14489,-61955,-61554,3663,-127
6280,0,-44655,16532,-40911,32190,35089,-54
6281,0,54230,62169,35796,-65536,44574,-28
6282,0,-3034,-3436,52668,4466,1030,84
6283,0,-23638,23542,-40397,30526,13460,135
6284,0,-27918,16979,64680,27248,-18035,-58
6285,0,-59160,-32824,24512,6967,-65536,159
6286,0,-31142,-31750,41256,41426,-16180,73
6287,0,-28755,39997,-60800,36937,-32592,53
6288,0,12877,-10178,-37663,-12948,-10087,114
6289,0,-37725,15253,-63465,39056,-11424,-8
6290,0,-48198,-55546,9153,-20328,-65536,86
6291,0,20573,5390,-40554,-2460,-21125,-22
6292,0,-30137,24748,47738,1050,-38982,66
6293,0,27777,19196,59569,-32074,-10549,20
6294,0,-4437,-35111,-12235,-23211,-26716,65
6295,0,-6171,199,7843,-5821,-2058,80
6296,0,-17248,18386,-17198,1804,25145,14
6297,0,56189,-21159,-15409,26921,-53667,147
6298,0,13885,-17064,57821,-6730,20945,49
6299,0,-33939,-3461,41888,17430,-29326,53
6300,0,-55854,55061,-25631,33218,65535,25
6301,0,64439,59110,58891,-65536,-35981,-7
6302,0,-59536,11449,-6078,-53861,27833,-91
6303,0,11139,39131,-4473,19011,35971,-116
6304,0,20795,-46460,15716,46799,-20021,160
6305,0,-25260,47527,51451,-9594,-52961,-156
6306,0,33315,2038,-11898,29083,-16378,76
6307,0,63901,-38051,64927,-63023,39488,-137
6308,0,62030,-24874,-32800,-25310,-61854,115
6309,0,-14732,-16061,-22304,-21142,5292,96
6310,0,-40888,13382,-39155,24959,35043,-75
6311,0,59580,52225,39650,-65536,39767,96
6312,0,65440,44739,-9935,65535,9357,107
6313,0,7047,11313,36826,-12456,4742,24
6314,0,-3196,-7882,-32406,-7952,3017,-110
6315,0,24523,-13233,11471,27832,1365,126
6316,0,31384,38742,53310,-47627,-14750,74
6317,0,14349,61677,45260,-58885,-23291,-134
6318,0,-56596,33756,21979,-57175,-32767,-96
6319,0,63175,-5006,-28000,9183,-62704,85
6320,0,-22262,-63230,-52506,-18676,64381,78
6321,0,-36477,33023,-32264,32189,37216,32
6322,0,51302,44732,34757,-49614,46597,-90
6323,0,-56539,38790,-48340,65535,15216,-16
6324,0,3714,50598,-34209,50218,-7219,9
6325,0,23104,-33223,-37234,-37291,-15713,-109
6326,0,35208,-59419,-50442,-65536,20794,-136
6327,0,-64344,-41873,-8311,-65536,-13255,104
6328,0,8390,40290,58306,-21378,-35167,-118
6329,0,40067,50013,878,38125,51509,80
6330,0,57059,-39057,41759,11400,65535,-76
6331,0,65079,-31454,-5769,54268,-47746,-108
6332,0,-37454,-30846,-29592,-35984,32550,120
6333,0,-19641,6342,58147,16193,-12798,49
6334,0,-64495,9989,49915,40602,-51097,-65
6335,0,17849,-54236,-50577,-49020,29278,55
6336,0,-45509,-38924,37366,48078,-35702,-85
6337,0,-48981,63836,-21310,29282,65535,113
6338,0,-24961,55466,34671,-53176,-29528,150
6339,0,364,-47106,57845,16790,44014,73
6340,0,-28338,56631,42816,-37076,-51337,6
6341,0,-6707,56718,59448,-9622,-56297,-101
6342,0,-32039,29955,103,-32249,29729,-44
6343,0,47117,-22906,6790,51966,-6647,4
6344,0,-63715,-13985,-21951,-43436,48667,124
6345,0,49757,53064,-33235,51925,-50946,5
6346,0,24288,-27113,-15887,-1121,-36383,-5
6347,0,27174,-13169,19558,26742,14027,67
6348,0,-8843,48592,4593,-19438,45404,-90
6349,0,23040,-43302,54223,2690,48976,32
6350,0,46959,-20313,20968,42139,29019,-129
6351,0,36371,28236,-14207,46033,-1068,48
6352,0,2415,-24043,10481,13586,-19983,113
6353,0,-57810,-12748,29619,4172,-59052,-93
6354,0,-44556,-36945,26584,21989,-53541,128
6355,0,51369,64052,24568,-39873,65535,-111
6356,0,-5650,15669,-45289,16100,-4269,105
6357,0,14727,-58295,16167,51372,-31244,-40
6358,0,43293,-48759,-36752,-56171,-33115,50
6359,0,-11108,28462,-28781,25797,16371,-47
6360,0,5619,47205,11475,-19617,43302,130
6361,0,8303,890,36209,-2219,8051,59
6362,0,7501,11924,-29018,13062,-5274,42
6363,0,-53698,41666,-1546,-50675,45295,-96
6364,0,37384,-23995,-40021,-35113,-27210,-141
6365,0,-58511,-59193,-9035,-65536,-29052,32
6366,0,53317,21300,-8672,57371,-2235,69
6367,0,57305,-16634,23221,39910,44360,-157
6368,0,-51300,-49001,-26596,-62062,34367,-140
6369,0,-50944,62605,54913,13692,-65536,70
6370,0,-16894,40285,-9955,3677,43529,87
6371,0,26994,30763,55111,-38396,-14171,-57
6372,0,-20863,21512,57802,11613,-27626,30
6373,0,-60455,-3660,42921,31234,-51891,111
6374,0,-48573,2709,9911,-44308,-20087,-131
6375,0,62499,-33870,-57943,-65536,9927,156
6376,0,4094,-28317,23974,27533,-7781,-53
6377,0,-55887,31675,22317,-54489,-34024,-83
6378,0,9348,-60755,-60449,-23528,56789,78
6379,0,14392,-36040,34359,34954,16860,141
6380,0,34456,7623,-8921,34462,-7594,146
6381,0,-56850,-42544,-23318,-63041,32678,60
6382,0,14644,51604,-46417,32129,-42955,-46
6383,0,-9385,-52428,46028,47741,23614,-17
6384,0,-58004,7010,28680,-18027,-55576,-54
6385,0,30892,12595,18031,10231,31754,-159
6386,0,-40136,-37767,52213,54725,6517,-46
6387,0,65236,-52929,-41167,-65536,-39224,16
6388,0,-53150,-5091,-56416,46065,26998,53
6389,0,10363,63915,-16203,52200,38311,5
6390,0,18177,36039,52710,-35750,-18739,126
6391,0,-11475,-5041,34398,5986,-11011,-123
6392,0,60,-60351,40265,56535,21120,60
6393,0,41165,-52414,38339,39463,53708,-89
6394,0,-5317,23933,7735,-13656,20362,-28
6395,0,20148,-9110,-11735,12241,-18414,-64
6396,0,-48210,62131,42086,-34968,-65536,-72
6397,0,51567,-43273,16157,65535,5297,-50
6398,0,-41522,63555,-6218,-20696,65535,94
6399,0,-28465,-484,64637,28463,-605,-101
6400,0,-7352,-6129,42330,8778,-3817,-154
6401,0,-40657,-12136,63618,41663,8031,161
6402,0,18121,26321,-11062,28917,13601,-43
6403,0,-62554,-25037,-43966,10942,65535,147
6404,0,-7853,-24084,-54592,-5355,24759,-75
6405,0,-16914,-33557,-22582,-37575,-544,144
6406,0,-6943,39566,21370,-37450,14531,-53
6407,0,-61269,21653,8047,-64908,-3121,-42
6408,0,20753,424,39959,-7338,19417,79
6409,0,25836,-12967,-51089,-28122,-6693,-131
6410,0,-9055,-26582,-51233,-9761,26331,48
6411,0,-4167,9136,-35667,9647,2789,157
6412,0,7546,-53690,-48359,-44562,30885,-35
6413,0,22571,7133,26816,-453,23667,35
6414,0,45338,-11594,-8541,37148,-28460,-126
6415,0,63219,21068,-39518,-240,-65536,36
6416,0,875,-34257,35070,33929,4810,-103
6417,0,-21669,-38067,22623,23709,-36831,-103
6418,0,-1601,-60052,-22907,-54375,-25538,145
6419,0,-62480,-12818,-3112,-63682,-3559,-56
6420,0,-36667,-11604,50157,35061,-15808,-149
6421,0,46151,52513,-41652,29194,-63524,-143
6422,0,1216,-52995,-168,843,-53002,-21
6423,0,16234,42893,-59230,-2714,-45782,-6
6424,0,-28957,-57344,35855,60957,-20275,31
6425,0,-11429,25516,34846,-24252,-13911,-1
6426,0,-34289,58968,4986,-47329,49122,-23
6427,0,57983,-63321,-8343,28474,-65536,72
6428,0,-29228,-41925,-42267,-25033,44557,-109
6429,0,53991,-36335,-36629,-45310,-46715,-153
6430,0,-21784,40445,-60536,30778,-34104,-9
6431,0,-508,-52419,14389,32703,-40970,134
6432,0,64437,-37671,-51902,-65536,-9162,31
6433,0,44918,46065,-13882,63795,8359,47
6434,0,-58038,1117,16910,-40847,-41245,24
6435,0,34013,15857,-32767,16096,-33901,-146
6436,0,50772,-42756,43774,11340,65401,-13
6437,0,-29764,17447,-2276,-27560,20755,129
6438,0,64140,-32686,-19485,11836,-65536,6
6439,0,-16908,49343,61817,7917,-51555,-11
6440,0,38023,29261,61169,-43264,-20741,-10
6441,0,-9072,-27288,-11182,-21589,-18996,-163
6442,0,21755,9896,11801,13186,19933,130
6443,0,-40710,-39861,-4994,-49022,-29036,15
6444,0,17803,-12577,17368,21318,4545,156
6445,0,-23761,42870,42604,-27633,-40482,120
6446,0,-18393,63591,35180,-61054,-25585,7
6447,0,-24480,41057,33126,-40493,-25403,-114
6448,0,1728,44371,12565,-23824,37473,-61
6449,0,-16171,31258,-18293,13528,32489,-103
6450,0,-13670,-24436,9617,-1240,-27972,-99
6451,0,-50748,-63742,1631,-45219,-65536,-122
6452,0,-38654,60407,35297,-55560,-45346,124
6453,0,-23657,-43915,41953,49794,-2966,118
6454,0,23018,-37035,-40538,-42870,-7976,-6
6455,0,29095,-61169,-62707,-36831,56848,98
6456,0,17666,58460,-63256,-10824,-60104,-125
6457,0,-47984,57527,-52691,65535,-18877,-107
6458,0,55605,361,63980,-55496,3502,-106
6459,0,-24657,-493,-37886,5385,24067,-109
6460,0,53045,57009,-37433,43770,-64405,18
6461,0,-17180,14822,-47098,22341,3964,-75
6462,0,-26196,-48295,22319,29963,-46053,-81
6463,0,54463,27871,-54656,-32993,-51522,-139
6464,0,-15537,28659,-2265,-12137,30256,140
6465,0,-42830,26572,-1341,-40881,29483,109
6466,0,5041,-32549,26738,32645,-4378,-43
6467,0,-12342,-47899,30977,46695,-16319,-38
6468,0,-24881,45008,-5585,-11907,50030,76
6469,0,36967,10585,53109,-36611,11757,-127
6470,0,-12622,40010,-5743,-1436,41929,-82
6471,0,-51444,14606,-36644,24220,47678,158
6472,0,-5279,32518,-39495,32500,-5390,59
6473,0,-46442,5865,7118,-45731,-10000,6
6474,0,3128,49306,25187,-45113,20140,-143
6475,0,60898,-46705,-31434,-42363,-63995,-116
6476,0,33829,59238,58603,-50986,-45321,-147
6477,0,-50722,358,60303,48982,-13177,102
6478,0,61513,47032,42619,-65536,33840,135
6479,0,-58128,19554,44123,13344,-59860,10
6480,0,13616,21500,28826,-18483,17494,92
6481,0,19552,15948,-29856,18632,-17014,-144
6482,0,-42227,38249,36854,-29421,-48791,52
6483,0,-16625,28410,39081,-22165,-24336,1
6484,0,-52886,-932,-50347,38785,35966,-41
6485,0,-5052,-32249,35242,32616,-1309,69
6486,0,45837,8831,26354,5230,46386,-102
6487,0,-28152,-34163,-21036,-43896,5728,61
6488,0,20509,-17457,-45986,-26229,-6118,59
6489,0,50205,-59730,-38155,-65536,-33463,-52
6490,0,-30772,-28752,41940,39036,-15804,105
6491,0,-31475,-65127,-7346,-52226,-50046,92
6492,0,-20727,-17669,-58352,13627,23582,72
6493,0,-22325,-30954,3006,-17567,-33881,-50
6494,0,6174,10429,-17243,11851,2540,-31
6495,0,19840,13887,6339,14801,19168,27
6496,0,19771,-44833,-4900,8542,-48249,109
6497,0,56746,38903,45932,-65013,22513,-113
6498,0,-56237,57445,-22416,23683,65535,-16
6499,0,-47710,42851,-62916,52896,-36257,-111
6500,0,-42776,39910,-20652,10287,57592,142
6501,0,-2540,49619,-29903,48863,8995,134
6502,0,23635,-28107,10443,34177,-13438,75
6503,0,-39884,36726,-43577,51567,16746,-116
6504,0,4306,34117,-13684,24127,24504,-81
6505,0,-32982,-60440,-38656,-48633,48741,99
6506,0,-18932,15621,57548,11620,-21620,101
6507,0,-45921,56406,56421,17900,-65536,-48
6508,0,10714,-59224,5604,26196,-54186,-56
6509,0,-41746,-13361,10298,-30325,-31648,-70
6510,0,-53251,-14996,19142,-20396,-51425,-23
6511,0,22369,-2652,62058,-21648,6228,-96
6512,0,-53480,-31254,20045,-4726,-61762,-97
6513,0,6240,-37429,11745,25154,-28411,74
6514,0,27729,9175,29271,-4578,28847,-115
6515,0,-13934,41052,24720,-43273,2623,41
6516,0,-53,52643,27797,-51146,12468,38
6517,0,7053,-16219,7944,12662,-12348,-145
6518,0,-40757,-20168,-47970,12154,43820,28
6519,0,-6738,-16562,40417,17879,-254,-114
6520,0,12211,47597,16008,-23996,42881,127
6521,0,-55588,-32452,31028,27672,-58116,13
6522,0,-49939,1036,-34068,4502,49747,150
6523,0,1739,-22395,57337,6858,21390,-110
6524,0,866,12217,-40354,11147,-5076,-148
6525,0,-60381,-64547,20985,22659,-65536,-112
6526,0,52482,47158,-9020,65535,20675,47
6527,0,-59047,5573,1418,-59292,1458,-32
6528,0,-4542,65186,-6902,16529,63219,-116
6529,0,49257,62559,-52661,-3672,-65536,-77
6530,0,26617,-49928,-45565,-56095,7395,155
6531,0,21427,-2362,24622,10289,18943,-57
6532,0,-49780,32396,33609,-30468,-50983,43
6533,0,-42701,-39440,-7763,-54119,-21213,1
6534,0,39889,35199,-20120,51642,-12777,22
6535,0,-42976,-7544,61374,43625,-856,-128
6536,0,-26240,48417,-42261,55011,2562,-103
6537,0,-25364,-167,32767,-12,-25365,146
6538,0,-47657,-5036,-17301,-36034,31593,-89
6539,0,-47470,-43529,-62998,42148,48701,133
6540,0,-64167,60345,53458,21117,-65536,-104
6541,0,30048,52082,51701,-55844,-22291,94
6542,0,-17507,-54858,-10978,-42769,-38557,41
6543,0,45589,-15141,-33299,-16169,-45235,-59
6544,0,31444,22441,15211,8463,37692,-19
6545,0,-14070,20413,47659,-6202,-24004,-13
6546,0,28378,35955,25533,-24398,38766,-123
6547,0,57344,6535,26908,9963,56849,127
6548,0,22630,-57755,-9573,-5717,-61766,143
6549,0,-3282,-44073,38131,43470,7974,28
6550,0,-35675,63992,13390,-65536,30259,113
6551,0,-43832,16457,18352,-40437,-23599,-161
6552,0,60835,6322,51886,-52189,31893,-47
6553,0,-4640,58790,14661,-41374,42025,83
6554,0,-22535,43255,9532,-39110,29143,142
6555,0,17770,14375,65450,-17870,-14250,61
6556,0,44936,45257,-30678,49503,-40210,11
6557,0,-16772,-20111,44276,25947,-3542,-163
6558,0,-14432,28971,-65108,15084,-28637,-44
6559,0,-982,16850,16520,-12704,11114,-40
6560,0,-15765,583,28900,-3361,-15414,-160
6561,0,26379,-25589,2600,29494,-21927,-131
6562,0,26246,-42208,11460,44299,-22538,115
6563,0,53842,19775,52469,-55298,15237,-115
6564,0,-52470,20851,-47827,50131,25977,-155
6565,0,-61619,41444,-50516,65535,9064,116
6566,0,-64468,-63635,-35845,-53542,65535,-21
6567,0,8843,-28721,28145,29969,2227,60
6568,0,-52291,-17448,1891,-50643,-21775,138
6569,0,-13816,-28348,-48403,-11451,29383,-79
6570,0,-16224,-52279,-35498,-49714,22910,1
6571,0,-385,28101,-19853,22633,16661,-37
6572,0,-61355,13201,-61909,62723,-2144,-81
6573,0,27280,47197,65126,-28341,-46568,62
6574,0,-38361,18104,63447,36370,-21831,-10
6575,0,-13317,30514,-23120,21284,25602,-68
6576,0,-3522,63059,-58822,23489,-58627,-72
6577,0,22319,-53496,-62585,-29890,49665,-105
6578,0,-16396,22638,-53079,26215,-9699,157
6579,0,-37117,-6294,63773,37515,3156,-10
6580,0,-41982,-39564,65473,42259,39268,84
6581,0,-59842,-55078,-19957,-65536,16633,-141
6582,0,-28089,-49291,24035,33599,-45713,8
6583,0,-53925,16405,-49802,50356,25325,-147
6584,0,45981,-24101,-35995,-31208,-41488,155
6585,0,-62561,-33157,29839,23669,-65536,127
6586,0,34526,38009,51705,-50646,-8468,98
6587,0,9984,-21126,63947,-8492,21769,-139
6588,0,58995,61718,10740,21143,65535,47
6589,0,-53794,-45676,-58874,36803,60214,24
6590,0,47509,16052,-59197,-40567,-29481,27
6591,0,54202,-5801,9266,51327,18359,-124
6592,0,45202,44786,-28847,52639,-35753,-113
6593,0,-32723,-56349,23254,36500,-53980,-124
6594,0,3634,-7073,-961,3361,-7207,-163
6595,0,-40544,25866,-38307,35787,32128,122
6596,0,4432,-29535,33561,29344,5559,-5
6597,0,23783,-11353,42176,-125,26354,18
6598,0,-36716,-124,54082,31483,-18892,-109
6599,0,8263,25398,-47078,14478,-22443,-55
6600,0,33642,41280,-9741,48597,21775,-25
6601,0,21988,-44220,48907,16116,46681,-68
6602,0,-44202,38276,57090,25630,-52555,-31
6603,0,-21186,59916,-4064,-9277,62871,-30
6604,0,54019,28655,29860,-20462,57624,148
6605,0,-28204,37278,-45003,46667,2714,65
6606,0,-64901,-5991,31180,1469,-65161,-138
6607,0,-22781,-54701,-64281,19802,55849,131
6608,0,10116,25512,27106,-21867,16584,-1
6609,0,-59068,-20019,48154,54311,-30662,156
6610,0,44653,-28310,-6078,34814,-39791,-91
6611,0,47021,21821,58450,-51610,-4844,26
6612,0,16500,-62964,-6541,-4029,-64965,97
6613,0,35433,-25900,-61335,-40034,17990,-156
6614,0,34984,-25064,-5461,27506,-33098,-126
6615,0,26946,25415,48466,-36952,2551,142
6616,0,7101,15568,-37990,13266,-10808,113
6617,0,56108,-2155,49517,-39132,40267,-137
6618,0,-44808,-49536,-28888,-57224,34453,-154
6619,0,-23571,60615,-12294,14114,63487,6
6620,0,-61243,-2233,-37806,12396,60017,-29
6621,0,-28344,29463,25783,-37244,-16862,127
6622,0,38133,24355,-2487,40682,19807,-82
6623,0,61310,9075,6785,55195,28193,-1
6624,0,-62947,-32368,19362,-11383,-65536,-129
6625,0,-32462,22044,1487,-33915,19736,37
6626,0,-46608,3710,59997,43908,-16067,122
6627,0,23416,57893,40683,-62445,762,152
6628,0,-56946,-4263,-533,-57028,-2973,-61
6629,0,-18745,1835,-64443,18817,-823,-31
6630,0,-60595,-28939,-42320,307,65535,-162
6631,0,17401,34783,-64222,-14943,-35908,-136
6632,0,-61014,-11049,28719,-883,-62000,-15
6633,0,-52347,26535,36459,-16861,-56214,-17
6634,0,41449,26557,-62325,-37128,-32323,155
6635,0,46994,39850,-52695,-15042,-59751,-111
6636,0,28615,52151,-2426,34424,48514,-21
6637,0,-697,-10706,10709,4643,-9672,16
6638,0,35652,-10950,53421,-23993,28554,-141
6639,0,-25562,63651,-48219,64102,-24408,105
6640,0,56708,-17428,47405,-23139,54628,59
6641,0,24171,-39204,-942,22654,-40100,-144
6642,0,-30035,-37192,58426,40742,25010,2
6643,0,40066,39707,11216,13740,54710,-129
6644,0,4560,-26795,52211,12259,24259,-48
6645,0,47361,54620,-34273,51199,-51040,-55
6646,0,-54465,-53859,-20834,-65536,16492,-40
6647,0,-13565,-17948,-13614,-21673,-6033,-11
6648,0,-5004,24947,28662,-25444,-116,-72
6649,0,-54123,4554,5237,-53515,-9285,-98
6650,0,-13239,-39864,-45007,-25772,33170,61
6651,0,-42960,65215,-58883,61208,-48500,15
6652,0,12851,56532,12149,-20753,54133,-151
6653,0,-45738,31652,-60863,51637,-20676,-10
6654,0,20000,-52609,62893,-12962,54770,88
6655,0,47766,40080,-22455,58006,-22878,-55
6656,0,-3575,31005,-43840,28581,-12539,-53
6657,0,-33443,56287,-29703,50802,41302,9
6658,0,-30428,-24817,-41493,-10290,37893,16
6659,0,-55695,-35939,24642,12212,-65150,-37
6660,0,32809,-3828,-32273,-3084,-32887,23
6661,0,-46205,-61042,61414,57075,51025,-88
6662,0,23811,33678,42294,-40683,6787,136
6663,0,46161,33560,11271,22136,52603,-74
6664,0,15949,-21214,65371,-15799,21326,-18
6665,0,-62736,-15276,13238,-41373,-49573,-39
6666,0,25156,19881,-34486,17700,-26736,35
6667,0,27016,-31920,29731,35522,22067,19
6668,0,46481,40309,9760,23428,56890,44
6669,0,-63772,-44380,-42172,-12214,65535,-14
6670,0,19991,-27269,-40232,-32531,-9217,-26
6671,0,16888,-62653,65467,-16447,62770,78
6672,0,-19789,-41819,28933,37661,-26872,-127
6673,0,15124,-5485,-6111,12953,-9542,-124
6674,0,-43831,-26080,9973,-26776,-43410,-69
6675,0,14615,-31131,-8096,1759,-34346,-7
6676,0,-11850,-13755,22638,6706,-16872,-88
6677,0,-50990,20976,-22839,-5015,54908,-113
6678,0,-27753,-59316,-48335,-24745,60634,-11
6679,0,-24741,-5242,2702,-23845,-8427,-29
6680,0,-2467,-47375,-1031,-5015,-47174,93
6681,0,-41886,1883,-49036,30709,28548,-60
6682,0,40767,13406,-46100,-13449,-40753,-55
6683,0,-53322,-38387,57182,64111,14376,61
6684,0,-10899,46157,-24034,37730,28735,-7
6685,0,46891,53754,56988,-64228,-31034,-133
6686,0,-50,-5300,47996,3983,3497,-2
6687,0,-1968,-2475,-5816,-2559,-1857,-155
6688,0,4403,35002,-65313,-4157,-35032,76
6689,0,48890,25460,62180,-52359,-17234,26
6690,0,-28338,62411,15097,-62739,27605,-133
6691,0,61221,-5329,61633,-59056,16995,131
6692,0,-50385,-25304,35351,31664,-46651,-148
6693,0,-62705,-18020,64661,63349,15608,-77
6694,0,-6110,-63117,19150,46459,-43159,-15
6695,0,42357,57151,-1369,46224,54071,81
6696,0,-30828,-44606,28374,37245,-39407,-37
6697,0,8295,25089,34314,-25605,6532,96
6698,0,58557,-12571,-64949,-58827,11242,115
6699,0,54641,24252,22686,3802,59660,-40
6700,0,21481,-28576,-47635,-35662,2495,37
6701,0,-61945,-60738,13257,-13716,-65536,-20
6702,0,6875,-23345,54506,5828,23628,-11
6703,0,25242,47201,46422,-52834,-8581,51
6704,0,49817,32614,-63488,-46325,-37408,-31
6705,0,22743,60409,-4460,34775,54380,-103
6706,0,-13921,53018,18232,-49546,23450,42
6707,0,36304,20509,5064,30385,28554,55
6708,0,-7092,-53191,-57422,-13547,51924,25
6709,0,-49251,6663,-28240,-4468,49499,-155
6710,0,49968,-5335,-36512,-14086,-48237,-36
6711,0,17618,50989,5336,4147,53787,1
6712,0,49781,56911,53221,-65536,-19622,-15
6713,0,49848,4932,-59844,-46702,-18112,32
6714,0,21282,-14384,23144,22410,12555,92
6715,0,-48506,-27368,-5251,-53852,-14207,84
6716,0,-28203,-10288,-64300,27608,11792,112
6717,0,17713,-55220,-8061,-4481,-57818,28
6718,0,10115,16003,-14690,18039,5745,-112
6719,0,-20264,29900,57673,8005,-35222,-99
6720,0,-39531,49605,348,-40644,48698,-124
6721,0,62365,-17860,59343,-54209,35634,119
6722,0,31058,-32253,51806,-5113,44483,-127
6723,0,-63191,-4891,-32728,-5335,63156,-107
6724,0,-2162,-28830,31928,28726,-3263,-42
6725,0,-28351,-58774,-33902,-57162,31476,-10
6726,0,-57841,-36504,6694,-43516,-52769,56
6727,0,-54429,27954,-2849,-50315,34820,-118
6728,0,-3649,58312,6594,-21710,54243,-44
6729,0,17418,59170,-18588,56882,23852,-75
6730,0,15987,-4558,61830,-14929,7313,2
6731,0,31555,-49772,-38082,-56136,-17938,21
6732,0,2011,-28248,-19943,-21806,-18069,-127
6733,0,17391,36494,-8849,30734,26262,-108
6734,0,-42430,-32564,9007,-24773,-47403,-60
6735,0,-38158,54617,50652,-6959,-65536,20
6736,0,18036,58941,12316,-17783,59018,16
6737,0,43941,44327,62878,-49351,-38212,73
6738,0,-21309,-28538,-21705,-35388,4022,44
6739,0,22222,-6205,-62349,-22890,2894,131
6740,0,-10508,2291,-8554,-8765,6232,-139
6741,0,-19573,12359,5831,-22271,6313,-155
6742,0,61861,-53451,-12107,22924,-65536,-133
6743,0,-4047,64502,47810,-46077,-45320,138
6744,0,27701,-1111,-31,27693,-1306,116
6745,0,-14902,29528,-38383,32442,6442,46
6746,0,-58114,26272,-43939,51981,36952,-152
6747,0,40995,-32799,15998,52305,4537,117
6748,0,8081,30568,50850,-25852,-18204,-108
6749,0,-47345,-50130,-64617,45393,51905,121
6750,0,-53219,-7317,-18169,-39839,36037,21
6751,0,58813,11921,31431,-7807,59499,113
6752,0,56179,-51558,-5855,39288,-65351,132
6753,0,-45871,35436,39960,-18060,-55079,80
6754,0,11942,27272,-22135,29624,2968,-60
6755,0,-61644,-39358,-37690,-23569,65535,87
6756,0,6659,-12165,-6600,2518,-13638,38
6757,0,-21625,44102,-64072,24636,-42494,14
6758,0,5007,60600,57058,-28393,-53771,-63
6759,0,64402,-3333,-62161,-64096,-7107,-7
6760,0,24593,51479,-47180,24392,-51574,-157
6761,0,38926,-4925,-44571,-24834,-30377,-132
6762,0,-8410,38866,12869,-29450,26720,-83
6763,0,-37130,28514,30637,-32067,-34109,-52
6764,0,5163,-61172,-35650,-61323,2866,-151
6765,0,36991,40344,14082,4066,54585,153
6766,0,-41089,-25435,-61037,34922,33403,142
6767,0,-34086,-52642,-55397,5840,62442,97
6768,0,-44984,-14827,-48046,18953,43407,-48
6769,0,11041,-3201,-61448,-11450,1020,54
6770,0,-4395,13585,18851,-13389,4961,12
6771,0,-42746,-58815,-56865,15119,65535,-70
6772,0,-13961,-55753,25281,47375,-32542,-49
6773,0,-55117,-21039,29880,13665,-57392,-157
6774,0,35315,24590,-29889,28990,-31803,148
6775,0,-26392,-24345,-65368,26220,24530,21
6776,0,62833,-43752,21563,65535,31130,140
6777,0,9630,-11202,-38803,-13470,-6065,-48
6778,0,-64778,-50531,37375,63684,-51904,-76
6779,0,30693,-63815,20754,65535,-8877,-40
6780,0,-42656,46390,50898,2814,-62958,-60
6781,0,-36540,-51914,6272,-19409,-60445,-40
6782,0,63259,57382,27209,-38327,65535,102
6783,0,13413,65106,-1135,16901,64289,-11
6784,0,-37060,47406,-27341,36490,47847,92
6785,0,-22005,-48243,17854,22028,-48233,-10
6786,0,-25871,57761,57864,3097,-63215,92
6787,0,-52186,54436,1611,-56571,49864,-142
6788,0,-439,9302,27665,-9139,1786,-94
6789,0,-35610,42628,45892,-13116,-53974,-153
6790,0,27053,-50085,61426,-16923,54351,-76
6791,0,19623,-60527,-54818,-46786,43124,25
6792,0,-25231,56256,-63662,29864,-53940,121
6793,0,17673,4494,-64115,-17318,-5711,-29
6794,0,18919,-23085,-39251,-27846,-10746,155
6795,0,-32929,-34624,30644,31177,-36211,-45
6796,0,61221,55061,-4216,65535,41170,141
6797,0,-10693,61865,22343,-59479,20097,-57
6798,0,65470,15125,2058,63641,21564,-21
6799,0,-26505,-1824,-31867,-2837,26416,103
6800,0,-30127,49240,-64966,31234,-48545,98
6801,0,45681,61971,-6294,62073,45543,18
6802,0,4315,-47271,-49831,-35242,31798,149
6803,0,-33592,-22155,28877,15286,-37224,143
6804,0,2083,-13401,39613,12032,6257,59
6805,0,-8383,29834,-10285,6856,30222,83
6806,0,15198,-16939,19055,22686,1800,-110
6807,0,64522,13867,21549,21519,62389,126
6808,0,-23505,65446,-48116,64442,-26134,-118
6809,0,26851,-22545,-36135,-26584,-22859,15
6810,0,-13070,-14311,38012,17152,-9025,-91
6811,0,9865,-41974,-37565,-43117,-273,-114
6812,0,58537,5248,-33880,2088,-58735,12
6813,0,43895,37585,35212,-42385,39281,39
6814,0,-874,52239,53514,-27631,-44342,-48
6815,0,49620,-31996,60801,-41252,42240,-52
6816,0,-64837,-54020,16026,-9671,-65536,145
6817,0,8569,-12279,49231,2498,14764,-97
6818,0,30701,26264,29444,-20963,34538,58
6819,0,-10697,-11318,41972,14770,-4937,137
6820,0,13932,-29265,22439,32367,-1706,39
6821,0,-56757,30989,42726,-1189,-64655,-84
6822,0,5866,-10246,-11908,-637,-11789,66
6823,0,-25352,55907,-55857,47759,-38567,-37
6824,0,6502,54157,23773,-46384,28702,72
6825,0,61393,-60030,38708,40198,65535,-46
6826,0,-44594,13332,-43177,32981,32843,-41
6827,0,59958,-50111,22639,65535,29944,-87
6828,0,-21361,48506,2042,-26081,46141,-37
6829,0,-49719,41628,-35654,47762,43860,-155
6830,0,25183,31977,57725,-35087,-20631,-47
6831,0,-23983,-5850,-43918,7035,23663,-131
6832,0,-24277,40677,57207,6362,-46942,86
6833,0,-18867,-1272,-27239,-6282,17836,-131
6834,0,25669,-6913,-16989,12704,-23352,-102
6835,0,48929,29353,18449,8131,56477,-64
6836,0,46498,-9317,-54115,-44611,-16087,76
6837,0,-29579,-60376,-16269,-63422,-22314,-61
6838,0,44100,10694,32025,-8999,44477,55
6839,0,-25411,-52430,13334,10727,-57268,57
6840,0,57866,55013,-60071,-42068,-65536,130
6841,0,-30200,-40074,-10750,-45972,-20112,-57
6842,0,-47220,13917,17738,-41453,-26554,-126
6843,0,217,-52807,-64663,-2237,52760,75
6844,0,32794,42068,-56872,-12842,-51771,-77
6845,0,-15938,53577,-3597,-6213,55551,111
6846,0,-33005,-61441,49589,65535,21710,-65
6847,0,14319,-48717,20426,48454,-15187,-42
6848,0,-1626,-34527,-3918,-8231,-33571,116
6849,0,31824,-41136,30329,44524,26881,-34
6850,0,-53317,-65489,2005,-46537,-65536,-74
6851,0,62176,33098,4644,53248,46109,-39
6852,0,-46465,17858,-29702,10883,48575,10
6853,0,-35411,-18833,34433,21739,-33705,-88
6854,0,-16678,-17548,27151,12436,-20771,44
6855,0,-44356,34148,-28421,24208,50473,-10
6856,0,-10944,-11375,58304,14118,7062,-120
6857,0,9638,24768,-21527,26182,4568,-104
6858,0,-13823,-40612,-4436,-21943,-36863,-79
6859,0,45740,-3637,43874,-19912,41339,87
6860,0,9472,-23099,-49005,-23112,9441,-29
6861,0,-14873,1323,-44914,9370,11626,154
6862,0,8154,-17398,-8732,370,-19210,9
6863,0,-21221,-60233,-32634,-60381,20797,-13
6864,0,23029,8885,7693,18222,16651,-70
6865,0,51819,-49793,31136,53967,47457,121
6866,0,-23906,40745,6207,-34962,31770,-105
6867,0,-25458,-35072,13337,372,-43336,60
6868,0,-55094,-58770,-22742,-65536,21624,-16
6869,0,-9822,-13148,16747,2742,-16181,-139
6870,0,-20160,-10140,21741,-1403,-22523,-8
6871,0,-53604,-35021,57227,63049,11169,106
6872,0,-35552,48483,31975,-49808,-33671,5
6873,0,-52395,2547,-17513,-33046,40740,25
6874,0,903,47112,40621,-44216,-16290,90
6875,0,17906,-56654,-42325,-58661,9444,159
6876,0,28395,31227,30413,-27753,31799,50
6877,0,-62205,54430,56970,35847,-65536,-151
6878,0,-42375,5842,-23472,-13176,40697,-94
6879,0,13944,44586,-849,15639,44020,-51
6880,0,30813,8008,46554,-25367,19237,-143
6881,0,-4658,-39005,40428,38029,9844,-103
6882,0,58877,30595,-40425,7092,-65536,107
6883,0,-31188,-44143,-30256,-47438,25904,107
6884,0,48317,20018,15882,21169,47824,1
6885,0,-11292,56868,63444,5578,-57710,-13
6886,0,9601,10429,-46919,2025,-14030,104
6887,0,37876,-26568,-55359,-45873,6013,135
6888,0,57327,-42446,-63856,-60688,37485,-73
6889,0,22893,-53860,26886,58137,6712,105
6890,0,-12864,-20201,47257,23742,3147,-89
6891,0,-51623,-34524,49636,61189,-10620,-18
6892,0,-23274,43449,-18293,18292,45770,-103
6893,0,-23993,14402,-35620,17411,21908,-121
6894,0,52411,13572,-35402,6615,-53734,97
6895,0,-62139,62797,-28979,50820,65535,81
6896,0,-39302,3897,743,-39422,2391,-55
6897,0,49115,48142,-42120,21979,-65168,38
6898,0,-56655,63067,63937,52138,-65536,-149
6899,0,-30024,-1404,-34968,1590,30015,-121
6900,0,-9263,-64827,19205,45904,-46703,40
6901,0,-3491,11296,-44518,11427,-3036,-79
6902,0,3289,5099,19647,-2146,5676,156
6903,0,56090,42915,-61101,-45973,-53613,78
6904,0,-16379,4302,1234,-16587,3414,110
6905,0,-26260,37797,29030,-41845,-19163,-30
6906,0,-59372,55262,-22992,22713,65535,60
6907,0,63749,-56437,-60908,-65536,40830,-55
6908,0,-56040,10238,57332,48009,-30668,-115
6909,0,-25290,53464,-5023,-11850,57945,-14
6910,0,62856,-41414,37968,24167,65535,-135
6911,0,35863,27097,-39261,14516,-42541,145
6912,0,55696,-28063,-62159,-59496,18704,-5
6913,0,-42773,7288,-8463,-36479,23493,-48
6914,0,37695,39562,55773,-51447,-18420,-47
6915,0,15075,-8968,51997,-6540,16276,64
6916,0,16012,-24292,21187,29086,678,90
6917,0,-65337,-15405,-23573,-41485,52776,128
6918,0,-2012,39882,-40800,37682,-13218,57
6919,0,-16192,-16746,37803,20116,-11745,26
6920,0,-33763,-50092,10496,-5795,-60130,128
6921,0,-23638,1575,9007,-22104,-8525,-60
6922,0,59166,44030,-465,60148,42680,7
6923,0,38773,-21154,-40242,-33356,-28952,-36
6924,0,-44305,25706,-28263,15961,48673,148
6925,0,-61285,40707,-12068,-29360,65535,-94
6926,0,40689,537,40868,-15883,37465,11
6927,0,-55238,41087,-1004,-52945,44003,120
6928,0,46132,37759,37630,-47647,35829,-147
6929,0,-33005,-27467,18228,-204,-42939,38
6930,0,37977,34728,11537,13756,49589,-134
6931,0,41272,11463,19053,15935,39760,-112
6932,0,5741,-61494,-42244,-57867,21585,-86
6933,0,-55755,-13611,11855,-39430,-41704,-119
6934,0,62851,30835,58037,-65536,-6959,-61
6935,0,-64010,10132,10401,-61097,-21613,33
6936,0,-55448,-2420,-8538,-51948,19539,-123
6937,0,-44764,-50187,-63613,39549,54392,-156
6938,0,55497,59394,51568,-65536,-12275,-39
6939,0,53815,47624,-28164,58409,-41863,-79
6940,0,-5149,62946,61197,-8015,-62646,18
6941,0,5882,-2883,28591,3960,5218,-143
6942,0,-52923,29163,-59370,59210,-12067,-146
6943,0,45122,-62620,57665,-19263,65535,-107
6944,0,-13666,-14447,13308,-2403,-19741,31
6945,0,57515,-26607,23602,48351,40964,-99
6946,0,-15507,36393,36148,-33413,-21178,-2
6947,0,49351,-57172,-43681,-65536,-13810,106
6948,0,-43975,-65304,23110,38600,-65536,58
6949,0,2281,62690,17298,-44506,44210,86
6950,0,54020,39084,-56637,-33446,-57681,158
6951,0,-62940,-52594,61165,65535,38400,-14
6952,0,6210,57405,-13969,40421,41232,-40
6953,0,-3150,59688,5678,-19033,56660,18
6954,0,42948,3879,38902,-15877,40094,148
6955,0,46813,47148,17955,-4946,65535,91
6956,0,2962,-64455,-8440,-22576,-60445,-25
6957,0,8206,-3955,-34390,-4630,-7846,131
6958,0,-44893,27382,60080,36506,-37848,-121
6959,0,-54733,-48517,38529,61412,-39726,101
6960,0,-38909,58366,18249,-65536,7759,59
6961,0,-63127,-15072,-28151,-28747,58188,-66
6962,0,-51578,-18434,11107,-35258,-41917,88
6963,0,-10997,-12666,30171,11122,-12556,134
6964,0,65337,-26263,-25614,-2907,-65536,42
6965,0,-51417,-3994,-29200,-13023,49901,-140
6966,0,9256,36619,-15259,31319,21113,-29
6967,0,32443,-7422,-5470,29510,-15387,-135
6968,0,5539,29817,15546,-16161,25662,-10
6969,0,53233,64137,-54162,-12366,-65536,29
6970,0,64727,-16499,-22504,16358,-64763,-104
6971,0,-23021,-5351,10127,-17927,-15402,85
6972,0,-44784,-3976,-48898,28563,34722,78
6973,0,10779,32089,-43022,23068,-24774,114
6974,0,31647,-42688,-26876,-31984,-42436,-94
6975,0,61913,23334,-7114,65535,1291,-2
6976,0,-59784,17649,28810,-28810,-55278,76
6977,0,53068,19289,41796,-39842,40012,-39
6978,0,5093,-46234,29984,46504,-986,-53
6979,0,-58991,12830,-61255,60369,-319,-76
6980,0,-41754,47361,54106,11224,-62133,-85
6981,0,54034,24689,10919,34227,48557,-100
6982,0,-37887,-18850,-23912,-32634,26941,115
6983,0,31007,64105,-16077,65535,23973,131
6984,0,-13694,19086,10986,-21447,9583,-33
6985,0,34426,57295,-12033,60020,29420,-59
6986,0,-19963,40969,11976,-39010,23564,2
6987,0,52568,23221,-47605,-16900,-54927,67
6988,0,-37976,-4781,45382,25539,-28510,-12
6989,0,38290,392,-17923,25384,-28670,-59
6990,0,-41496,-10412,-23877,-26394,33670,150
6991,0,35295,-42652,-50011,-54867,7386,-31
6992,0,-49375,-63137,38518,65535,-30646,90
6993,0,49172,-19791,-15728,21944,-48250,154
6994,0,1041,27915,38146,-27270,-6054,43
6995,0,16497,1912,17766,9365,13716,-98
6996,0,62802,11105,23879,15407,61888,-148
6997,0,12151,21725,-58796,-4571,-24469,-46
6998,0,61822,-19981,-2566,59114,-26960,-161
6999,0,31110,-44970,8879,46715,-28422,138
7000,0,-23874,15128,-29007,10668,26173,53
7001,0,-31314,-35401,-32221,-36101,30505,75
7002,0,53988,-13930,-39392,-30123,-46919,14
7003,0,-46265,31379,36092,-23499,-50724,-58
7004,0,-24595,59948,34548,-57673,-29540,27
7005,0,-57301,-59678,-57384,30482,65535,63
7006,0,18425,-56203,13591,48752,-33490,-12
7007,0,2582,-36040,-60911,-10540,34561,-58
7008,0,-41048,43793,-7915,-22314,55721,-151
7009,0,-52676,33925,-3249,-46509,41984,133
7010,0,-24149,-22920,-6004,-29649,-15147,-17
7011,0,37443,-8754,-25812,4269,-38215,-156
7012,0,-47357,58602,59409,28833,-65536,-140
7013,0,-21315,63554,-18357,35826,56656,156
7014,0,39883,-40606,-1171,37638,-42695,-47
7015,0,47951,62070,-9824,65535,33925,-108
7016,0,30718,12174,12217,18762,27199,-83
7017,0,54907,-53296,36474,42748,63466,-2
7018,0,73,22119,44159,-18965,-11383,46
7019,0,12675,44635,-38592,39222,-24791,163
7020,0,11059,-44484,37435,40906,20684,-16
7021,0,48766,-63947,56187,-16087,65535,41
7022,0,26418,11594,42680,-22508,18048,-130
7023,0,-37802,63669,-35783,65535,28102,41
7024,0,59705,20215,45019,-50000,38384,-49
7025,0,35236,-55024,39946,40077,51605,66
7026,0,-60817,41883,-55635,65535,-8966,-141
7027,0,57229,-35411,-63119,-60923,28594,12
7028,0,-55331,-36227,-51439,20034,63028,-158
7029,0,-41612,35156,21355,-51615,-17418,-68
7030,0,-17250,-37629,893,-15798,-38261,95
7031,0,27073,-51753,-63340,-32088,48803,117
7032,0,35842,4722,6739,32453,15929,-47
7033,0,4734,52518,-55508,20119,-48742,-14
7034,0,-61930,-32985,52351,65535,-10282,92
7035,0,45322,47713,-35491,41389,-51163,8
7036,0,-26902,7297,-25871,-1683,27824,111
7037,0,-35008,34222,-14926,-4024,48791,-22
7038,0,5250,37548,-60857,3241,-37775,-4
7039,0,11047,-2958,13110,10706,4021,158
7040,0,14813,-1288,-37899,-4774,-14082,-122
7041,0,-48233,-14464,-12801,-47646,16294,151
7042,0,26701,-37344,24869,44497,11294,-135
7043,0,12397,-12114,1418,13209,-11224,-32
7044,0,-61247,-48828,-34175,-44456,64491,43
7045,0,-29676,56820,-30846,53586,35182,-157
7046,0,-58272,-34530,-37598,-20691,64497,-147
7047,0,64610,53716,13549,18756,65535,-54
7048,0,-27364,-5234,-832,-27544,-4183,-34
7049,0,30937,-22680,-54521,-38151,3997,-4
7050,0,-3439,-56295,52920,34858,44338,10
7051,0,2689,-13437,54952,4247,13029,109
7052,0,35047,43405,57834,-48431,-27690,62
7053,0,43571,-18914,-59555,-47143,5808,-5
7054,0,25740,-19243,49753,-5359,31688,99
7055,0,16078,811,16194,10896,11850,-13
7056,0,-53918,-34143,28998,24071,-59106,-62
7057,0,-43477,-22058,-33286,-21068,43965,-46
7058,0,-34400,-22786,-61000,28464,29872,-147
7059,0,-5221,-11047,-3212,-6778,-10166,-156
7060,0,8070,-33168,21630,32715,-9746,-119
7061,0,58111,-14685,50193,-33506,49698,-113
7062,0,57207,4816,12508,44305,36509,-118
7063,0,16188,11086,25445,-4739,19039,115
7064,0,32231,25807,-37430,17985,-37167,21
7065,0,62994,44679,-43254,9239,-65536,-118
7066,0,-44722,-40152,47230,59511,-8408,-116
7067,0,-58037,-30170,-48496,18197,62829,154
7068,0,-14753,-52199,29465,49133,-22986,79
7069,0,-31731,44234,-43332,54111,5958,129
7070,0,61401,-30115,-3445,55735,-39632,-63
7071,0,-24794,-3715,60806,24999,-1898,-47
7072,0,19990,30391,-39846,21959,-29001,34
7073,0,-36178,29634,48211,2777,-46683,-113
7074,0,18378,-27310,-41930,-32510,-5170,-95
7075,0,61582,57891,21865,-18964,65535,116
7076,0,35104,-27481,-29490,-21454,-39080,-104
7077,0,-56177,56498,18720,-65536,-9129,-119
7078,0,38295,-35093,-36907,-41799,-30837,-105
7079,0,-26709,-42365,-28598,-46708,18069,136
7080,0,51936,9198,-50761,-33209,-40978,-129
7081,0,-60993,8668,-45037,41119,45875,31
7082,0,45934,-22716,13138,50442,9033,-139
7083,0,5118,34628,-21388,32281,13538,35
7084,0,21022,-40488,-42458,-45616,-600,26
7085,0,46138,62354,-31907,64074,-43719,63
7086,0,-35234,4154,36537,2141,-35413,61
7087,0,1319,-63825,-51058,-42070,48016,-100
7088,0,5166,-19460,-333,4724,-19572,139
7089,0,-54033,-18357,27950,5868,-56764,-135
7090,0,-7383,-17447,23813,12716,-14043,112
7091,0,42841,52021,43530,-65536,11822,69
7092,0,7124,3732,64136,-7366,-3228,50
7093,0,-59570,-64494,38420,65535,-40104,-8
7094,0,-19896,-49278,2053,-14895,-51013,-26
7095,0,-6548,-27886,-40364,-23847,15869,-158
7096,0,47257,31517,63369,-50158,-26659,-88
7097,0,-8225,8875,-17448,1128,12048,90
7098,0,58036,21058,58876,-61711,-1842,-22
7099,0,-7658,-4960,62672,8240,3918,-133
7100,0,-44153,50683,39594,-33916,-58035,40
7101,0,-24471,-22151,-32118,-23071,23606,-148
7102,0,-21062,61490,32226,-61951,-19665,-70
7103,0,36533,18733,-62630,-33407,-23866,-150
7104,0,-54868,-53510,-35384,-45890,61383,115
7105,0,-12883,57569,-30375,55705,19420,-12
7106,0,-4961,7272,-15076,1153,8727,154
7107,0,-38660,-32611,-20869,-48377,14757,-75
7108,0,57163,4692,25357,15554,55206,27
7109,0,-23117,30284,-56844,33439,-18259,-49
7110,0,-8948,26451,6396,-16424,22583,84
7111,0,46730,11242,64055,-47398,-7969,-31
7112,0,11429,-24423,-18253,-11346,-24462,-63
7113,0,-58887,-28217,48128,60299,-25060,130
7114,0,-25821,12386,-52271,28127,5386,-12
7115,0,-54452,22205,-32372,20967,54941,-76
7116,0,-12183,59093,54138,-20151,-56872,-53
7117,0,3678,-40848,28158,40642,-5508,73
7118,0,-45952,-10591,-52579,31215,35347,5
7119,0,-4680,2393,48612,1496,-5039,-37
7120,0,4691,-32131,6161,14053,-29273,-151
7121,0,-22662,46207,33931,-44919,-25118,39
7122,0,35189,-16084,-32183,-15283,-35544,113
7123,0,9689,-24826,9132,19242,-18438,65
7124,0,24237,-51932,2757,30809,-48324,26
7125,0,-32423,10686,-9086,-24909,23345,-19
7126,0,44440,62853,38685,-65536,24832,-69
7127,0,-51706,-7848,11446,-40186,-33470,101
7128,0,62950,10878,-5101,63731,-4405,-92
7129,0,46002,-63159,-55522,-65536,34684,-28
7130,0,18692,31457,-65265,-18470,-31588,124
7131,0,-6511,-62430,-55715,-22219,58705,105
7132,0,48346,44213,42576,-61216,23341,92
7133,0,33765,2625,29089,3387,33698,29
7134,0,34333,-13831,64299,-33538,15660,-113
7135,0,63598,12571,32385,-11128,63866,89
7136,0,24233,47413,39818,-52787,6987,-62
7137,0,-8712,-57622,64620,10910,57247,-118
7138,0,36153,-10375,-55411,-36848,-7542,83
7139,0,48827,-7125,-56293,-47064,-14828,-147
7140,0,53600,-32271,-58640,-61103,13450,110
7141,0,-35258,-63573,28304,54881,-47674,-107
7142,0,16632,-25174,-6457,8374,-28987,-145
7143,0,-50285,48755,-37595,58726,38170,-144
7144,0,-33091,-12790,42136,25913,-24230,-22
7145,0,-51399,-4570,-14716,-42291,29567,-138
7146,0,-51591,-612,-1398,-51509,2973,52
7147,0,-38982,54152,1650,-43390,50690,-103
7148,0,-4871,38085,-9941,13315,36013,101
7149,0,-28454,-62418,-7712,-49203,-47799,52
7150,0,56995,-7781,58910,-51699,25223,12
7151,0,-44781,-31332,-18714,-52331,15763,125
7152,0,-15777,57341,-31712,56408,18843,-68
7153,0,48216,-47423,-13652,9544,-65536,-49
7154,0,37171,41281,5759,24746,49734,99
7155,0,25990,-38935,-40569,-45721,-10053,-37
7156,0,-59930,31769,8321,-65536,5695,-94
7157,0,-51834,41206,52757,19182,-63378,-153
7158,0,56613,-3516,18125,39112,41081,-65
7159,0,39596,19091,-60327,-33479,-28487,-126
7160,0,-28459,59237,37014,-52049,-40123,-111
7161,0,-21490,20020,-58816,26761,-12102,-66
7162,0,-46434,-20025,-16755,-46530,19801,132
7163,0,-59315,-60433,-8565,-65536,-32300,-150
7164,0,-29379,-14872,-25190,-24191,22341,141
7165,0,-49577,39394,40675,-18670,-60508,144
7166,0,-16532,-47480,-17462,-46404,-19347,76
7167,0,57489,-56270,41156,29188,65535,-27
7168,0,56140,-9330,16500,46012,33491,-60
7169,0,53675,206,-48955,-37485,-38418,21
7170,0,28048,42548,-26293,48974,-14095,163
7171,0,2738,-43606,-28020,-41902,-12376,65
7172,0,-53799,65195,46142,-20454,-65536,97
7173,0,-4663,46899,6605,-19102,43085,-33
7174,0,35244,42508,64417,-37483,-40548,5
7175,0,-42366,-10623,-64690,41929,12236,48
7176,0,49063,22849,-21678,44463,-30860,71
7177,0,44009,-49684,54965,-13985,64882,122
7178,0,-37102,44090,41355,-25181,-51831,-154
7179,0,23061,16682,-31127,18559,-21579,-112
7180,0,-41875,29981,-61877,46517,-22104,-49
7181,0,59263,38888,59608,-65536,-20523,59
7182,0,-1665,19383,-38013,19174,-3292,90
7183,0,14933,61717,-31656,62432,-11587,-12
7184,0,-33534,25580,62580,29441,-30202,100
7185,0,-28133,-29155,-40262,-17502,36540,-56
7186,0,-32227,-55672,-38882,-44274,46667,-127
7187,0,26448,775,18147,16421,20747,-43
7188,0,-11829,35126,29661,-36476,-6574,-51
7189,0,-22732,1432,-34202,3007,22578,16
7190,0,-18739,20445,27969,-24104,-13717,-116
7191,0,-13095,25103,59739,5888,-27694,-136
7192,0,36273,23016,-64290,-34981,-24937,122
7193,0,20522,28124,7548,9416,33518,111
7194,0,-62431,-689,45138,35287,-51507,70
7195,0,-28849,-35521,5925,-17615,-42234,-61
7196,0,35537,23892,-10625,42688,3393,68
7197,0,27606,-36295,-38489,-42366,-16868,-60
7198,0,35233,-50404,-2183,30044,-53659,-104
7199,0,40228,2426,29059,4726,40023,-1
7200,0,-4759,7690,-27209,6133,6646,-101
7201,0,-60027,5161,43748,25796,-54447,-39
7202,0,-29688,40386,-51393,48522,-12574,-112
7203,0,21332,43528,2819,15468,45940,88
7204,0,13114,32372,-30710,33516,-9828,-21
7205,0,-47277,27706,-22358,1814,54767,42
7206,0,-54239,53196,13413,-65536,10543,136
7207,0,46258,-26880,65527,-46068,27205,138
7208,0,5329,61949,-23079,57744,23059,-27
7209,0,-32920,-1517,-23437,-15689,28981,-59
7210,0,25713,39018,-6577,36630,29014,61
7211,0,55361,-20949,-9662,40057,-43580,54
7212,0,38289,-55339,13231,63684,-21746,-46
7213,0,-24272,55858,-37439,59860,11228,12
7214,0,-4162,-49200,37544,48892,6895,93
7215,0,30144,26847,55,29954,27058,-92
7216,0,43623,-34837,-49532,-55613,-4874,123
7217,0,37921,54967,10703,6089,65535,10
7218,0,4003,43173,-2658,9605,42281,73
7219,0,-55096,-37240,-49756,14196,64969,-101
7220,0,372,13065,57329,-5284,-11955,-118
7221,0,-24285,16197,-22690,3113,29025,36
7222,0,-24459,64556,31935,-65445,-21972,-35
7223,0,-10155,-25851,33217,26074,-9567,-23
7224,0,42444,-55025,-45269,-65536,-3598,125
7225,0,51816,10966,-42176,-12670,-51426,-18
7226,0,-50612,11401,57316,42544,-29692,-131
7227,0,-42123,-20667,-6644,-46475,-6450,-6
7228,0,62215,-23780,-1759,60000,-28918,-6
7229,0,7144,36329,2078,3494,36860,-1
7230,0,33685,48863,-21588,59181,-4467,161
7231,0,-24369,-29801,13946,-683,-38490,17
7232,0,63049,-16530,-4613,57787,-30151,70
7233,0,-57834,50489,16378,-65536,-5742,-155
7234,0,-29696,-24218,-13692,-38300,-1228,-89
7235,0,-11041,-30955,21452,20776,-25465,29
7236,0,-42315,15529,-20626,-10622,43805,-158
7237,0,9011,29576,-12803,24535,18815,149
7238,0,-53734,59277,-58183,65535,-36795,-84
7239,0,40445,-11376,-42807,-28809,-30582,3
7240,0,-12971,21541,7028,-19427,15965,-84
7241,0,-29888,-59964,37669,65352,-14770,-108
7242,0,49457,-53160,-52540,-65536,14468,44
7243,0,-6519,26785,-31482,26395,7952,162
7244,0,-9371,50299,-23291,41212,30322,87
7245,0,-64931,65286,32125,-65536,-62386,155
7246,0,-22182,42398,-28708,37345,29917,26
7247,0,-19125,-64290,21321,45119,-49631,-102
7248,0,-11088,6180,-2385,-10304,7414,20
7249,0,-51341,50903,60191,36795,-62235,-10
7250,0,6984,-2354,-34003,-2727,-6847,-111
7251,0,17148,45311,31955,-44622,18869,-15
7252,0,-35072,18078,-63258,36919,-13924,-127
7253,0,-48609,27669,25039,-43450,-35221,35
7254,0,-21502,35158,-21642,19529,36291,107
7255,0,-64186,-65164,-51488,10052,65535,119
7256,0,-16973,-2594,62578,17170,88,98
7257,0,37774,-30744,-14734,9142,-47838,-156
7258,0,39716,32204,-11843,50838,5478,131
7259,0,-1653,9406,-20716,7001,6496,78
7260,0,-39064,52932,-62980,44893,-48088,151
7261,0,50507,18669,852,49756,20588,54
7262,0,53653,-40133,35781,31870,58938,-43
7263,0,-59065,-4012,3542,-57643,-13494,160
7264,0,-54704,-24780,-23606,-45511,39184,95
7265,0,27810,-54154,11585,52312,-31138,-86
7266,0,46169,-4580,47205,-26195,38294,-141
7267,0,3962,23791,-32557,23818,-3795,64
7268,0,31850,41974,-10010,47664,22458,32
7269,0,-56187,-16959,56209,57969,-9176,63
7270,0,-23491,40758,-50941,44205,-16092,17
7271,0,63599,16886,44807,-48714,44238,65
7272,0,-20435,58636,14201,-52869,32568,-54
7273,0,-11047,-63269,-41630,-53302,35833,-121
7274,0,51618,8063,18176,27034,44706,-14
7275,0,-28023,-44591,8703,-7457,-52135,-38
7276,0,-11666,-50709,41039,51219,9175,-144
7277,0,-25748,62705,-23675,46033,49758,26
7278,0,62240,-25608,13371,65274,16399,94
7279,0,55282,-34168,10186,64820,-4690,144
7280,0,-62113,-55665,55364,65535,20582,-130
7281,0,56694,-53454,-43196,-65536,-24349,-60
7282,0,58536,7792,-37239,-4515,-58880,-114
7283,0,12691,1197,-61535,-12224,-3613,-33
7284,0,4504,7854,30148,-7199,5491,111
7285,0,52835,61103,-54444,-14838,-65536,73
7286,0,-6463,-34282,-26250,-34583,-4588,-120
7287,0,-43517,38574,15837,-58115,-2096,-44
7288,0,-61466,-64309,-18765,-65536,8446,74
7289,0,20008,12924,-43913,1079,-23795,-126
7290,0,13505,58775,-49802,30770,-51866,-147
7291,0,-6784,13109,43465,-8097,-12341,4
7292,0,9268,-38046,-60243,-18591,34464,-42
7293,0,-26822,-56526,-52087,-12984,61205,-154
7294,0,1866,-53829,40537,49466,21312,6
7295,0,22770,-727,5495,22214,5057,160
7296,0,768,39108,-63684,2517,-39034,99
7297,0,17574,29048,-60983,-10666,-32231,-130
7298,0,50888,-53607,-18175,-8304,-65536,15
7299,0,-28282,-36866,-46989,-10731,45209,34
7300,0,56635,6177,48922,-44111,36054,-53
7301,0,25623,10226,3198,23856,13857,142
7302,0,-7046,15214,7290,-11913,11798,-147
7303,0,39663,51515,-10867,60221,24504,152
7304,0,-24080,58956,61600,12301,-62485,98
7305,0,-6752,60572,-8291,17566,58361,124
7306,0,-59550,-59419,29474,49027,-65536,88
7307,0,40824,32581,29309,-25563,45548,-77
7308,0,-33093,63248,41795,-43433,-56649,-40
7309,0,31490,-43896,-56139,-47452,25824,7
7310,0,-42793,27515,53472,20995,-46342,-90
7311,0,-38237,-44381,18398,10273,-57673,-115
7312,0,-25923,-11154,51508,27262,-7293,-99
7313,0,-10495,-40860,-22033,-40756,-10893,42
7314,0,33612,-27284,64104,-31636,29553,18
7315,0,-57372,55401,61881,46672,-64673,53
7316,0,-63313,33402,-57537,65535,-6982,-90
7317,0,-42817,-13638,34590,17184,-41521,69
7318,0,12665,33088,16331,-14167,32473,124
7319,0,-9976,-64271,-9175,-36112,-54095,-108
7320,0,42410,35110,-51322,-10719,-54004,-41
7321,0,16856,23597,29375,-20567,20444,-11
7322,0,-32777,17617,24685,-28702,-23683,6
7323,0,-48698,18612,17985,-45968,-24594,121
7324,0,-59306,-43944,-2605,-64535,-35827,126
7325,0,51884,33120,-29351,41061,-45857,35
7326,0,17126,15249,63199,-18766,-13178,68
7327,0,49183,36982,63605,-52618,-31906,148
7328,0,17880,-9986,29534,12742,16034,148
7329,0,-49246,39834,-25663,21077,59731,-7
7330,0,-50228,-42122,61494,57387,31684,-8
7331,0,-24446,44778,46215,-20755,-46604,-156
7332,0,-63823,21529,35016,-14045,-65536,-157
7333,0,-45401,49840,-29394,41857,52851,-8
7334,0,37417,-53109,-36879,-59310,-26513,-77
7335,0,-44317,-62260,3436,-33685,-65536,54
7336,0,60032,37207,-26469,53407,-46217,-13
7337,0,-61873,-39618,-65248,61593,40053,141
7338,0,-33482,8544,-60476,34554,-336,51
7339,0,20087,-8637,36922,4616,21373,120
7340,0,-23705,29520,25153,-36119,-11348,149
7341,0,13992,-38437,-24358,-29860,-27957,-5
7342,0,-13481,-38229,-29314,-39904,7133,72
7343,0,-52790,-39382,38566,52091,-40303,138
7344,0,-54421,-11584,9435,-43961,-34107,45
7345,0,-45250,25736,20730,-46182,-24024,-64
7346,0,-17962,37595,12397,-35834,21260,97
7347,0,25286,6935,42191,-17246,19751,33
7348,0,-20824,6457,-3775,-19354,10038,-67
7349,0,21641,40037,41155,-45318,4188,-28
7350,0,-8918,-37666,-4325,-16534,-34998,32
7351,0,-52981,-42928,-17094,-65536,9795,118
7352,0,63515,-30383,15048,65535,18663,144
7353,0,32568,62895,62335,-41401,-57467,-145
7354,0,-24903,-10698,6718,-20179,-18095,-68
7355,0,37679,46623,-34641,43297,-41460,-120
7356,0,61222,55400,1388,57227,59518,-62
7357,0,53514,58699,31589,-55731,56598,-55
7358,0,56858,21948,58784,-60890,-2627,34
7359,0,-39778,41664,-20663,13388,56027,131
7360,0,2348,16052,-13020,11248,11690,-68
7361,0,-65387,-21526,51420,64297,-24592,139
7362,0,48451,38944,-27065,50506,-36240,43
7363,0,39184,31473,-31275,34119,-36904,43
7364,0,-19731,39842,59341,6962,-43912,117
7365,0,49557,63357,-1920,55615,58112,159
7366,0,-61834,19591,45489,19070,-61997,95
7367,0,-55758,17609,45910,18979,-55307,-135
7368,0,21246,18137,-2659,23432,15209,72
7369,0,-14611,13903,25404,-18128,-8840,74
7370,0,45462,42415,-54232,-16956,-59819,-41
7371,0,-863,1661,40205,-1255,-1388,0
7372,0,33524,-55579,46432,23831,60374,61
7373,0,57136,-61732,-45725,-65536,-10561,-5
7374,0,34777,11369,51785,-34541,12068,-148
7375,0,-28612,63369,2811,-36639,59093,80
7376,0,4907,34035,11559,-13904,31450,-112
7377,0,56052,20700,55589,-59267,7604,95
7378,0,22348,-13658,3195,24103,-10249,139
7379,0,-53373,-17072,13807,-31340,-46454,-122
7380,0,-32273,14820,-54404,35344,3465,113
7381,0,59590,-28652,-42929,-52986,-39553,-119
7382,0,-32601,-19656,34195,21873,-31157,-23
7383,0,-61722,17600,47321,26233,-58577,-25
7384,0,29324,8971,-57728,-24055,-19020,45
7385,0,36773,3889,52252,-31884,18729,-7
7386,0,-64009,40221,60557,52608,-54290,30
7387,0,45267,16951,-19865,40121,-26958,-49
7388,0,-40171,-56072,52137,65535,21217,-122
7389,0,17333,42490,-30084,44389,-11638,-47
7390,0,-49618,1230,9068,-45523,-19778,1
7391,0,19142,-19546,-36486,-22623,-15384,-10
7392,0,-3699,-29713,-20421,-26753,-13447,47
7393,0,13122,-24424,-44375,-27665,1842,64
7394,0,-61437,7007,-36493,17760,59230,-17
7395,0,46642,-36091,-31991,-34280,-47989,-21
7396,0,-60442,-13999,65420,60539,13574,31
7397,0,-26649,-28176,10028,-10576,-37313,-14
7398,0,686,-55029,64900,1420,55015,162
7399,0,24001,33195,-44416,15396,-37959,23
7400,0,4723,-10290,9090,8617,-7345,23
7401,0,13077,44098,-36742,40763,-21308,60
7402,0,-39536,-52534,64715,41517,50983,-23
7403,0,-63199,25522,-37401,38951,55932,50
7404,0,-4340,60182,-32359,60069,5701,-63
7405,0,-13447,38433,-5916,-2019,40668,71
7406,0,64659,45934,17361,10126,65535,149
7407,0,58210,-23366,-40825,-43641,-45054,32
7408,0,2917,28532,6220,-5718,28105,-92
7409,0,36673,-10843,-38406,-20276,-32425,23
7410,0,307,31418,-2904,4891,31037,152
7411,0,64125,32653,24992,-7101,65535,-12
7412,0,-10056,21933,33520,-21532,-10888,-46
7413,0,63701,-59477,65436,-63281,59924,47
7414,0,35069,-24655,-8942,21427,-37129,125
7415,0,-29391,-39423,29584,34710,-34832,-128
7416,0,14649,1616,39143,-5908,13502,63
7417,0,-41294,-59089,3312,-31214,-64980,-70
7418,0,56449,4868,38749,-20647,52763,-5
7419,0,-55082,-57441,-27815,-65536,39841,-56
7420,0,-57225,-34724,49406,65150,-15359,78
7421,0,42560,-30982,-16336,8627,-51931,-128
7422,0,24062,1577,-60255,-22880,-7613,-54
7423,0,7417,58396,18520,-40602,42622,7
7424,0,-30114,-47623,-35410,-43285,36073,89
7425,0,56727,55329,-24172,65535,-29309,-145
7426,0,945,-36160,54767,16911,31976,-76
7427,0,15242,-38369,37879,33643,23930,102
7428,0,5990,-553,54121,-4840,3573,-70
7429,0,-53859,-35954,-30219,-41911,49366,144
7430,0,6119,-986,-43492,-3860,-4849,-31
7431,0,48930,38483,37186,-47793,39888,61
7432,0,2159,-34430,-4520,-5027,-34130,-163
7433,0,-11330,20005,35158,-18569,-13556,-15
7434,0,-32435,49120,34998,-45650,-37161,151
7435,0,18901,-42248,-4896,8311,-45531,113
7436,0,41862,49443,-1976,46574,45033,103
7437,0,21683,-51246,-60003,-34625,43559,-127
7438,0,21103,-18805,29161,22240,17445,101
7439,0,1910,31356,27521,-29853,9780,88
7440,0,-15638,-43621,8307,2740,-46258,-108
7441,0,5353,23727,31949,-23505,6257,-21
7442,0,-11532,5005,-6723,-9327,8428,63
7443,0,-28449,50822,-19472,23962,53086,19
7444,0,-5948,59891,19200,-51212,31618,35
7445,0,-18416,42246,-55206,36330,-28355,-38
7446,0,16641,-37582,28161,40344,7857,76
7447,0,16268,36765,-57056,-531,-40200,65
7448,0,-13748,59812,8454,-36123,49615,39
7449,0,-11807,-50638,30032,48664,-18316,-5
7450,0,31073,-21453,-49198,-37198,-6488,131
7451,0,44930,-14570,-54036,-45987,-10780,155
7452,0,-43625,-55912,20915,23264,-65536,121
7453,0,-14381,9403,50554,4703,-16526,-78
7454,0,60556,-46366,-60267,-65536,29539,-66
7455,0,51049,30635,52345,-59262,5705,86
7456,0,3414,-36911,18957,31098,-20174,118
7457,0,60274,18120,8374,48324,40325,-41
7458,0,-10321,-35568,-34869,-34365,13808,-22
7459,0,-55949,-20028,-8704,-59258,4467,37
7460,0,-39945,-54615,38488,63324,-23845,60
7461,0,9094,58401,-57290,13663,-57504,157
7462,0,64520,-10249,-29969,-1740,-65306,68
7463,0,-26553,54994,60329,11778,-59923,128
7464,0,-30992,39148,61934,23582,-44012,106
7465,0,10554,63338,44320,-59283,-24671,-119
7466,0,-15720,46680,11426,-37606,31812,81
7467,0,49418,23982,-41244,2659,-54865,-61
7468,0,-22366,62760,21210,-65062,14353,113
7469,0,62901,-53391,-28499,-39188,-65536,-88
7470,0,24781,52695,-63518,-19415,-54899,-61
7471,0,49953,19781,-56088,-36372,-39544,58
7472,0,-11068,-23349,-34600,-22337,12989,-79
7473,0,16849,-17030,3924,19808,-13474,-110
7474,0,-52881,29926,52219,24740,-55497,-40
7475,0,-935,22804,-41561,21212,-8424,-52
7476,0,49780,12578,21946,13453,49551,-129
7477,0,12274,-23959,-50916,-24810,10447,42
7478,0,-10887,-13819,-22533,-17338,2981,-133
7479,0,42329,-19642,52123,-22366,40955,-136
7480,0,-63808,-27297,-27989,-40816,56130,96
7481,0,-6859,-30164,-36161,-28661,11638,-11
7482,0,55920,6372,-2846,56274,-982,-115
7483,0,-7855,-46722,1382,-4591,-47155,-68
7484,0,35465,48718,-24381,58729,-13495,-28
7485,0,38443,-57899,-47958,-65536,9970,40
7486,0,25196,38024,-65453,-24928,-38200,-64
7487,0,-40486,24050,56785,27199,-38441,-10
7488,0,35116,57398,31105,-54248,39810,90
7489,0,30351,-55433,47783,21991,59249,111
7490,0,64716,-13798,-10076,50974,-42193,-34
7491,0,-6331,37951,-56561,21723,-31757,-92
7492,0,21674,-42323,-35000,-44269,-17356,-153
7493,0,-19824,40718,22678,-45269,1281,-48
7494,0,-15625,20615,21724,-25680,-3105,-25
7495,0,-45278,-39564,-51966,11978,58923,-33
7496,0,2325,40275,-16350,29895,27089,-142
7497,0,-35135,45938,-46045,57826,952,0
7498,0,29065,-3247,-42989,-16712,-24000,147
7499,0,59455,4881,-6100,58405,-12147,-113
7500,0,56991,64007,41716,-65536,24741,-119
7501,0,-1930,-34446,56674,15778,30681,-121
7502,0,-55044,55186,16603,-65536,-559,43
7503,0,-3112,11353,56550,-1958,-11608,81
7504,0,51695,28028,48505,-55953,18088,-144
7505,0,45135,22419,-54358,-27684,-42112,159
7506,0,-23148,28902,-44682,36840,3745,60
7507,0,61756,-52518,30469,59273,55305,106
7508,0,-2686,-11488,15416,5822,-10262,-140
7509,0,57855,11420,-13319,53315,-25203,-42
7510,0,3307,-31776,61432,2861,31819,-70
7511,0,8849,3323,-41005,-270,-9449,-148
7512,0,-47908,29958,-28694,20193,52772,40
7513,0,-24685,-1195,21420,-11750,-21742,-3
7514,0,-48391,34278,-48552,58199,11385,98
7515,0,34544,-715,53800,-28898,18940,-65
7516,0,-28015,27712,-52848,38806,-6850,62
7517,0,32041,-3802,45339,-15103,28513,-55
7518,0,29689,51566,16649,-15955,57323,89
7519,0,51083,30291,45605,-54355,23928,-115
7520,0,-25054,-27058,29621,23111,-28736,-91
7521,0,3221,-20355,-8275,-5028,-19986,140
7522,0,35357,-48399,-37254,-54679,-24553,-129
7523,0,47876,-54793,-29498,-46346,-56093,-112
7524,0,-862,58956,2136,-6724,58578,57
7525,0,53206,-32776,22188,54658,30293,113
7526,0,57331,-44272,28193,55924,46037,108
7527,0,-52712,56122,60778,38896,-65536,-75
7528,0,16922,-17080,-28125,-12884,-20300,-40
7529,0,42535,-7945,18006,33871,26928,142
7530,0,-16341,-43191,9258,4078,-45999,-132
7531,0,-39830,-22459,-48532,11219,44329,118
7532,0,3879,20201,54774,-13288,-15702,-69
7533,0,-62298,-51377,-40983,-24007,65535,-126
7534,0,15336,57336,48090,-52951,-26812,92
7535,0,-64455,18102,-40638,40300,53461,-106
7536,0,-32242,-31695,19141,5626,-44861,-24
7537,0,-45899,-33647,43947,52194,-22686,160
7538,0,17655,-37767,48960,14553,39068,-15
7539,0,-2652,-27614,31851,27493,-3706,-119
7540,0,-50918,-30125,-43519,-1281,59148,-58
7541,0,-51005,-11989,-46225,21423,47815,146
7542,0,-65486,-3400,-2968,-65281,6197,88
7543,0,51592,16628,12396,33635,42508,96
7544,0,58128,-56513,-65404,-58524,56103,-15
7545,0,-23758,-25239,-12515,-33898,-7238,111
7546,0,46727,5916,-26659,18901,-43142,123
7547,0,31091,63282,24740,-46828,52711,61
7548,0,-2390,38523,809,-3862,38404,11
7549,0,30718,-54305,-2612,23367,-57850,119
7550,0,-62819,-41336,1197,-60502,-44659,73
7551,0,-44667,-54277,-28336,-62360,32442,75
7552,0,-42246,-7117,-51496,28767,31747,111
7553,0,19900,-58659,-42233,-61474,7603,-75
7554,0,-48505,-36383,41464,52970,-29506,-45
7555,0,58565,-42525,-24309,-16123,-65536,44
7556,0,44244,-58269,12611,65535,-22745,-15
7557,0,-18946,-55320,40717,58377,3378,-140
7558,0,-44807,-11390,58608,46098,-3527,-142
7559,0,-49531,-21730,-28670,-30844,44432,64
7560,0,25165,-31691,63321,-21887,34038,-136
7561,0,45642,-28370,41480,7346,53236,-29
7562,0,-22213,-26391,-48720,-3781,34287,-70
7563,0,-26101,-51527,55665,46461,34318,-155
7564,0,49814,63539,-60045,-32121,-65536,156
7565,0,36762,18064,-10598,40897,-2287,95
7566,0,444,41209,-37702,39921,-10231,75
7567,0,-36830,-4039,63019,37051,-224,-112
7568,0,29124,-17883,-63493,-30759,14897,-36
7569,0,-33057,941,-26175,-9449,31692,-45
7570,0,-27926,-48199,-13975,-51773,-20556,-46
7571,0,-5238,-47060,-40772,-41586,22643,85
7572,0,50046,49250,-46472,8774,-65536,-101
7573,0,49620,6046,17425,28588,41006,-113
7574,0,-851,-15374,-12704,-9447,-12159,-78
7575,0,17952,34876,-27715,38145,-9143,44
7576,0,-13219,22988,-50454,25181,-8313,-148
7577,0,29751,24308,-55998,-16212,-34831,148
7578,0,-22658,421,-41406,9603,20527,103
7579,0,-24032,29739,-29998,26348,27709,39
7580,0,13479,-11835,-28824,-9024,-15502,-90
7581,0,-11939,43895,40644,-36549,-27083,113
7582,0,33935,40801,42783,-51876,11188,-27
7583,0,-27552,20460,28847,-25374,-23106,113
7584,0,40129,-20938,-11610,22898,-39044,61
7585,0,-6167,2133,63623,5967,-2643,-160
7586,0,21257,-47886,1012,23805,-46672,-112
7587,0,35548,-60367,38663,47837,51181,-91
7588,0,26013,58710,-5991,41567,48946,-4
7589,0,-53918,27742,65388,53722,-28121,-1
7590,0,36438,8672,-12291,35108,-13053,9
7591,0,-19270,-23391,21166,9597,-28746,69
7592,0,-6926,-22560,37893,23560,-1362,116
7593,0,23140,-31079,-11418,3720,-38569,-73
7594,0,-49657,6799,-8149,-43399,25070,-60
7595,0,-7175,-62986,-53929,-27348,57191,-64
7596,0,-9454,-10052,36483,11565,-7527,7
7597,0,58330,35927,748,56913,38132,-50
7598,0,18422,-7033,33605,6323,18678,39
7599,0,42990,-26449,11066,50461,-1177,47
7600,0,-23062,27445,62861,19282,-30220,56
7601,0,772,30176,-47877,21970,-20700,121
7602,0,41618,-26478,-61110,-46204,17273,69
7603,0,-37842,5189,-9860,-31481,21631,-144
7604,0,-22288,20514,-29104,16250,25564,-44
7605,0,-53613,22988,-9717,-37579,44617,-1
7606,0,42980,10949,-35829,4557,-44118,-5
7607,0,36124,47245,62620,-42634,-41466,140
7608,0,10628,39933,9363,-7804,40580,-27
7609,0,61460,22067,-63166,-58514,-28990,-35
7610,0,-10516,-8829,38587,11325,-7765,159
7611,0,-25747,-7327,-54037,18241,19592,154
7612,0,30043,23748,64544,-31279,-22095,132
7613,0,-48313,-52239,-51779,6699,65535,154
7614,0,-47235,-1153,-29098,-9487,46287,-38
7615,0,59100,-1009,45909,-34315,48128,-136
7616,0,58957,-49336,-48182,-65536,-9837,142
7617,0,-39779,40602,62863,34139,-45447,58
7618,0,-3318,21115,29318,-21374,134,-68
7619,0,-31674,8867,37400,-1593,-32853,-51
7620,0,25515,45030,-3458,32449,40321,-76
7621,0,15615,-766,27181,4923,14838,74
7622,0,40604,-3167,61272,-39065,11518,93
7623,0,-35977,-64123,51566,65535,28075,-41
7624,0,-48109,-18169,60350,51141,5408,149
7625,0,15461,10684,57356,-18353,-4045,-91
7626,0,-65206,-59139,58295,65535,33935,-129
7627,0,23422,59865,-8342,45041,45866,73
7628,0,-42492,-19270,52374,45625,-9759,115
7629,0,-18978,-56776,-17721,-55326,-22863,143
7630,0,10661,31717,-58408,557,-33456,16
7631,0,25850,-5309,-53508,-24590,-9578,54
7632,0,-55366,7844,-26436,-9011,55188,20
7633,0,21712,50000,-26171,54283,-4978,-41
7634,0,35386,50839,-20248,61942,-175,-106
7635,0,55473,-42388,49180,-9838,65535,-148
7636,0,7270,-38030,-53455,-26755,27988,107
7637,0,2552,38209,52280,-24762,-29211,21
7638,0,-19869,35009,64438,17955,-36028,26
7639,0,-43882,-63731,-58998,21739,65535,-100
7640,0,-45615,-20164,-8832,-49873,139,-91
7641,0,-13269,41641,-2356,-8391,42891,49
7642,0,57655,30570,-4159,62455,18920,-125
7643,0,-16772,3945,-52316,15833,6796,-57
7644,0,-710,-1364,-1243,-782,-1324,-119
7645,0,-23167,-46111,-37341,-39797,32851,110
7646,0,4117,-41114,-20926,-32290,-25781,-132
7647,0,51661,-62074,-53250,-65536,22868,-14
7648,0,37553,-62479,-37854,-65536,-21617,-77
7649,0,1435,-39310,25729,37528,-11791,73
7650,0,60265,21508,56175,-63620,6854,29
7651,0,15585,18334,34898,-19794,13684,51
7652,0,-43992,39025,-32408,38019,44864,-112
7653,0,59824,44890,-47340,-4118,-65536,6
7654,0,835,45418,-12783,26528,36875,-157
7655,0,14826,52984,65132,-16021,-52635,68
7656,0,4050,-1672,50602,-1964,3917,-30
7657,0,-1031,41913,-1232,1228,41908,-108
7658,0,-50513,26549,49370,17406,-54346,42
7659,0,25527,-18472,-39867,-25944,-17882,13
7660,0,-3757,-47895,9407,17455,-44759,17
7661,0,41993,-58704,-55193,-64902,31581,-25
7662,0,-34450,6536,-50478,30308,17634,154
7663,0,-15289,24500,-17602,8059,27732,-64
7664,0,1250,-12647,21807,11553,-5294,58
7665,0,50806,33291,25443,-13465,59230,113
7666,0,-1314,52068,59916,-12690,-50515,41
7667,0,-40717,-52740,-41739,-30692,59139,96
7668,0,-22332,32514,41828,-20088,-33947,-7
7669,0,47413,27145,-38958,11783,-53348,122
7670,0,514,62275,36311,-61542,-9546,161
7671,0,-55167,-32966,-35948,-24559,59389,-124
7672,0,-24485,59075,24905,-63935,-1328,-99
7673,0,-12555,31305,-39965,33701,1366,-85
7674,0,50736,-59432,-30894,-54964,-55545,121
7675,0,-23910,5509,30226,-8223,-23118,-137
7676,0,-65057,-10266,-38752,8568,65303,3
7677,0,-5920,-32721,-54900,-10889,31419,-57
7678,0,-60886,5922,-51645,51477,33050,-38
7679,0,-8875,-44848,2343,-3658,-45571,-62
7680,0,-21455,60388,-14526,22423,60036,52
7681,0,-46037,-22405,-7180,-50879,-5724,-68
7682,0,58012,-58661,-59719,-65536,40966,157
7683,0,-64558,17701,-30286,10158,65535,77
7684,0,17874,36600,-38655,30044,-27503,100
7685,0,57700,58494,54938,-65536,-22678,95
7686,0,45895,-46415,-11483,15257,-63466,-138
7687,0,-46459,-46631,-55929,20569,62529,-109
7688,0,-32004,50851,-3401,-23375,55351,-19
7689,0,-61752,-28284,4235,-54545,-40474,-122
7690,0,-8568,-53895,-39021,-48893,24240,59
7691,0,-30266,-31552,-36287,-26253,34963,-137
7692,0,55065,63787,24777,-38230,65535,98
7693,0,57220,-884,-10911,48976,-29602,108
7694,0,29182,7425,47188,-24458,17565,-158
7695,0,2179,-55568,-53863,-31339,45939,2
7696,0,-33956,-34694,-8205,-44553,-19279,-116
7697,0,26743,-20051,24733,28675,17176,54
7698,0,-49498,10354,-11484,-36999,34472,-139
7699,0,4105,-42072,-6233,-8619,-41384,79
7700,0,-47678,-61842,54229,65535,28250,38
7701,0,-48804,25718,-50200,53517,13385,106
7702,0,46997,-14974,-54966,-48301,-10000,-123
7703,0,21372,33288,36742,-36775,14576,-60
7704,0,3504,-21703,6701,10119,-19517,63
7705,0,7035,12513,33264,-12669,6750,24
7706,0,45300,-18481,-26653,-4903,-48679,129
7707,0,9853,-39544,-52711,-31018,26432,-127
7708,0,3568,39008,12395,-18725,34406,95
7709,0,63697,40504,61939,-65536,-28603,111
7710,0,2654,60896,15379,-38636,47145,149
7711,0,-25053,24682,-38674,30764,17042,81
7712,0,-49346,-18209,-40242,159,52598,-36
7713,0,-55977,-54785,40912,65535,-31106,55
7714,0,-14137,-49260,10025,10276,-50208,-17
7715,0,26419,-5130,26759,12398,23887,-22
7716,0,17384,-27123,48826,7153,31412,-149
7717,0,50215,19793,35720,-26912,46788,-104
7718,0,-48217,11410,47567,22972,-43902,-105
7719,0,26013,-39059,32781,38875,26287,-134
7720,0,5044,-31241,48583,19137,25204,-66
7721,0,-12186,-9412,-46716,155,15397,-19
7722,0,-6009,-6966,-25547,-8574,3334,109
7723,0,16029,-59401,-28333,-54787,-27997,78
7724,0,45199,33476,48138,-55088,11353,140
7725,0,-22102,-19994,35991,23300,-18585,-159
7726,0,-57467,-56830,65159,58739,55515,95
7727,0,17592,23745,32359,-23341,18125,63
7728,0,-10088,12317,-7413,-5154,15063,25
7729,0,13626,11297,-15261,17687,-670,-31
7730,0,9694,-14777,-45219,-17672,160,-151
7731,0,22055,-53217,-39560,-57474,-3892,-6
7732,0,-16569,64872,-12570,23284,62776,56
7733,0,48094,59684,-13695,65535,18252,-92
7734,0,-44047,-41402,-5807,-53532,-28081,-146
7735,0,-26226,-61203,36366,64876,-14990,-110
7736,0,-27814,5668,8446,-27807,-5705,31
7737,0,-46675,23624,-7006,-36091,37870,106
7738,0,43208,18304,-42110,-2317,-46868,48
7739,0,46925,-57070,32608,57399,46523,-13
7740,0,54851,-14434,-63810,-55869,9780,-27
7741,0,-49144,30755,-25106,10780,56963,-101
7742,0,1495,-7406,16098,6259,-4233,-109
7743,0,38366,-42205,-2791,32529,-46852,-60
7744,0,30577,-43036,14162,50884,-14067,-93
7745,0,-21733,-42246,54128,40457,24906,-63
7746,0,-7593,-25723,28313,23590,-12762,-98
7747,0,17967,59178,-63920,-12937,-60477,-137
7748,0,43712,-22842,-18406,9886,-48320,107
7749,0,-55978,22201,14102,-57427,-18128,-153
7750,0,-39684,43532,-45115,58248,8778,-47
7751,0,-13764,-37630,-54668,-7077,39438,-151
7752,0,15264,-1232,-22527,6195,-14005,-127
7753,0,-2859,28627,304,-3060,28606,157
7754,0,42899,-19863,22293,37914,28239,-107
7755,0,9691,-49186,-14976,-24906,-43507,-72
7756,0,42547,-625,-64977,-42550,-338,87
7757,0,48201,23458,34565,-27421,46063,44
7758,0,-53623,-6248,-15737,-43130,32470,145
7759,0,-1368,-63379,15089,41250,-48138,-141
7760,0,-51037,5888,-166,-50995,6247,-19
7761,0,-10184,34664,-2028,-6685,35506,51
7762,0,-6280,49804,34565,-49101,-10438,44
7763,0,64579,-54304,-13606,18374,-65536,-3
7764,0,-47338,-31965,-62520,42164,38534,-40
7765,0,19085,-17254,17055,25624,2314,-157
7766,0,-36292,-53061,19689,22046,-60387,-127
7767,0,54065,636,-22496,26336,-47221,-96
7768,0,-57578,24627,56949,42578,-45923,154
7769,0,-58110,61029,31698,-64070,-54739,54
7770,0,62476,-64759,-28576,-51545,-65536,158
7771,0,-10157,22232,-58676,16729,-17820,74
7772,0,355,6781,-47625,4890,-4711,47
7773,0,-41419,64618,-14328,8680,65535,-73
7774,0,-46292,-39787,-25138,-53896,28656,-133
7775,0,-33460,59113,-52460,61604,-28616,124
7776,0,-9232,54598,-57501,29191,-47054,-54
7777,0,-4462,5193,17194,-6842,246,-18
7778,0,40352,40418,-3212,45821,34094,-156
7779,0,64894,20771,44194,-51352,44784,81
7780,0,36957,6087,-8037,36515,-8339,52
7781,0,62101,52517,11740,24760,65535,69
7782,0,-51986,45184,63598,47233,-50132,141
7783,0,-44957,1260,24210,-18806,-40854,-143
7784,0,14702,29924,-35692,27457,-18913,132
7785,0,-51809,2606,-1139,-51594,5393,-15
7786,0,46302,-1157,-52249,-37924,-26590,10
7787,0,14817,-44233,28943,46156,6762,-117
7788,0,33507,33153,3844,27117,38556,136
7789,0,-47968,7637,27302,-19523,-44476,-131
7790,0,-4272,320,54117,3490,-2484,-74
7791,0,-58090,-42227,56192,65535,12748,46
7792,0,-50479,-30754,-899,-51619,-28801,-101
7793,0,-30324,37081,16019,-47534,5925,138
7794,0,-7598,57160,-61748,17586,-54916,80
7795,0,-4103,-41703,46729,35288,22600,32
7796,0,-24037,-19951,51133,31237,295,-148
7797,0,-18883,35115,7592,-29952,26317,155
7798,0,-25650,-1811,-50145,17905,18456,161
7799,0,44771,19072,51068,-46546,14201,110
7800,0,25562,13593,-57592,-18525,-22249,-145
7801,0,23253,54531,40095,-59218,2758,-110
7802,0,-12112,-16661,24044,10292,-17843,17
7803,0,13011,36990,-8043,26032,29324,46
7804,0,-61422,-56634,-63876,56452,61590,-93
7805,0,-31420,39869,43457,-19335,-46935,-4
7806,0,37007,11006,14051,22245,31557,122
7807,0,56415,-3657,24960,23921,51224,-44
7808,0,5978,3045,2908,5469,3885,-148
7809,0,65323,-9990,53504,-49430,43858,-58
7810,0,-3238,60265,38729,-56884,-20164,-25
7811,0,56887,38151,-40995,13809,-65536,-138
7812,0,33722,26440,21492,-5176,42538,69
7813,0,-57893,-36126,-28791,-46578,49871,-57
7814,0,-34150,34787,-50572,48592,-3905,60
7815,0,-52547,37066,21286,-58908,-25787,-137
7816,0,-32189,54618,64929,30945,-55333,-135
7817,0,63087,-38197,-2402,58275,-45201,3
7818,0,-46180,46247,-24486,24408,60627,-133
7819,0,-61979,38379,-20353,-2564,65535,115
7820,0,-24449,26849,-48714,36304,-823,-64
7821,0,19309,-34918,-47908,-38896,8900,90
7822,0,36320,31763,-3769,41364,24840,-61
7823,0,26396,-1941,-26011,6596,-25632,-29
7824,0,35610,-50519,27495,57884,21673,62
7825,0,42815,-23806,8168,48638,-5850,79
7826,0,38396,4522,-45149,-17591,-34427,-81
7827,0,-54685,-47460,-13192,-65536,-5665,85
7828,0,28024,48216,-12802,50843,22916,150
7829,0,44944,36189,-52859,-16370,-55332,51
7830,0,-50558,493,25076,-18843,-46918,72
7831,0,-52004,16344,46847,19367,-50956,150
7832,0,-11446,-64500,51061,50258,42018,103
7833,0,-51352,-56510,18830,12577,-65536,-9
7834,0,-22876,63681,64571,19413,-64821,159
7835,0,50332,10884,-31908,12801,-49879,62
7836,0,-31323,-3048,-20935,-19568,24649,-141
7837,0,16688,45077,-48191,21792,-42843,133
7838,0,30477,-30191,-41256,-39731,-16180,-73
7839,0,-55775,-61339,14373,-4523,-65536,118
7840,0,-22130,11552,-325,-21863,12050,147
7841,0,49212,-63398,-3135,39430,-65536,-79
7842,0,-31996,-28842,-47812,-825,43069,-140
7843,0,-5283,60094,-44258,54158,-26574,-145
7844,0,50906,18221,1891,49197,22430,138
7845,0,-22557,-50738,-10946,-45055,-32454,73
7846,0,52720,-40834,64789,-51119,42821,51
7847,0,-51254,-31119,-43245,-2917,59891,-109
7848,0,35191,-42275,-52867,-52993,14744,43
7849,0,52861,65012,-37132,52638,-65193,-7
7850,0,59829,60884,55231,-65536,-24993,63
7851,0,-41842,-5913,-37376,3550,42108,75
7852,0,27793,-11569,-55406,-29991,-2614,88
7853,0,-22054,-43342,33725,44154,-20380,159
7854,0,1361,-42197,-55971,-20166,37091,-151
7855,0,23100,-24372,-49117,-33574,615,-141
7856,0,-53236,-60817,34747,65535,-46921,-100
7857,0,-34022,-10382,-14074,-33144,12914,-145
7858,0,-21540,-34004,217,-21300,-34155,70
7859,0,-62011,-49150,5494,-47561,-63238,159
7860,0,48729,63247,-2450,55681,57222,-45
7861,0,13572,15369,-26565,18715,-8375,-109
7862,0,62573,19517,-4306,65260,6118,51
7863,0,-16677,36123,13202,-34882,19138,-75
7864,0,2737,-17720,-43898,-16684,6567,-111
7865,0,-43006,-58380,35991,64557,-33018,-159
7866,0,59283,57973,39685,-65536,37648,131
7867,0,26046,811,9577,22908,12422,-139
7868,0,-64836,37686,58889,49790,-56080,-9
7869,0,21506,-9691,-54120,-23418,-2835,71
7870,0,16225,53592,-37570,48636,-27748,-119
7871,0,-8010,-23329,302,-7846,-23385,155
7872,0,22518,65332,-14891,59817,34602,13
7873,0,11425,49320,30360,-47679,17022,-3
7874,0,10095,-14902,40244,10441,14661,39
7875,0,12570,-53428,-16877,-30007,-45958,10
7876,0,24339,55295,-27455,59654,-9560,-22
7877,0,30741,27173,-40486,14135,-38517,46
7878,0,19921,-28228,-23151,-16275,-30476,-99
7879,0,51666,50362,22630,-20718,65535,-96
7880,0,32665,-61339,-41138,-65536,-5966,45
7881,0,-17628,3426,-23968,-4042,17497,59
7882,0,16486,12827,59340,-19560,-7331,116
7883,0,622,-23305,-40905,-21810,8236,-48
7884,0,8130,30882,-5867,16539,27318,120
7885,0,-47199,23520,-24781,3927,52589,-102
7886,0,13592,10571,-27472,13666,-10476,-39
7887,0,-53897,-26292,-937,-54864,-24211,-139
7888,0,-33967,-35905,56967,45335,19690,-154
7889,0,-16397,-53886,-11566,-42497,-36968,105
7890,0,-53602,-9966,32353,8750,-53814,57
7891,0,63524,-29164,39248,7825,65535,-158
7892,0,-17768,-25229,-38963,-18788,24479,117
7893,0,65438,-13012,30627,19458,63819,-62
7894,0,-44381,-13508,-44180,11405,44968,-67
7895,0,7742,58900,2474,915,59400,69
7896,0,56464,-29939,33005,29541,56674,90
7897,0,37127,-9191,-9519,29431,-24429,-129
7898,0,62837,2016,49583,-46881,41890,-71
7899,0,-41016,13434,-45818,34788,25547,-98
7900,0,10218,-4524,-8143,7749,-8052,-54
7901,0,-49865,-28597,18523,-9308,-56724,10
7902,0,12888,42058,-43570,30332,-31859,-109
7903,0,36492,-40189,-52183,-53234,10631,76
7904,0,6306,-2419,-38109,-3936,-5489,-6
7905,0,-39681,55854,9556,-60538,32085,-160
7906,0,42685,-44921,23252,59018,18890,-126
7907,0,40448,-58039,10854,63714,-30742,161
7908,0,10005,22072,11056,-2483,24106,37
7909,0,8146,-37795,-46327,-34984,16462,44
7910,0,-28544,42026,12673,-47385,18321,47
7911,0,54571,8510,41742,-30697,45914,-93
7912,0,-6142,-58993,-27484,-58628,-8981,-51
7913,0,17658,53202,-25805,56044,1146,-149
7914,0,-45830,39471,-42117,55479,24093,41
7915,0,37249,40629,64177,-39981,-37944,91
7916,0,-47292,18081,-24611,-1143,50618,68
7917,0,-36146,8940,-8348,-29736,22411,67
7918,0,62925,34914,24994,-9643,65535,-10
7919,0,-36095,61740,29353,-65536,-25655,-33
7920,0,46634,65468,-581,48104,64396,-109
7921,0,-18158,28139,17452,-33077,5237,-86
7922,0,-47782,15103,-54299,48703,11800,-108
7923,0,3792,-57491,47099,42189,39240,76
7924,0,51267,-2185,-36245,-10432,-50242,-95
7925,0,-29893,-57118,-11229,-55135,-33410,116
7926,0,34294,1710,-34910,-1710,-34294,-63
7927,0,-44552,13029,-34139,16092,43540,79
7928,0,-32542,-32570,13888,-5386,-45725,-41
7929,0,-29087,-57667,27364,48434,-42729,-69
7930,0,-58898,49048,-32068,46759,60732,-98
7931,0,43202,-4798,45178,-20034,38576,110
7932,0,-13326,-8032,-64527,12874,8738,-115
7933,0,-2618,9871,-22151,7318,7123,-76
7934,0,56235,46684,-11420,65535,10851,-75
7935,0,18347,-48340,-5057,6325,-51316,-48
7936,0,-58500,-49518,37743,62010,-45045,-34
7937,0,11588,-4112,46843,-3946,11646,146
7938,0,-5694,15019,-9625,1657,15977,91
7939,0,-65335,-27761,-21734,-56906,42439,15
7940,0,-32091,-40958,-27310,-47744,20687,123
7941,0,-49371,47902,-46147,65535,11233,-102
7942,0,29354,-43699,-15937,-8896,-51886,-55
7943,0,22929,6175,-55527,-17464,-16089,-33
7944,0,-29601,37901,40019,-25823,-40569,139
7945,0,62194,12260,-9494,61334,-16020,-104
7946,0,-26226,34457,45789,-12770,-41377,69
7947,0,8166,41417,10439,-12569,40300,71
7948,0,46035,-12329,-32058,-10559,-46473,-88
7949,0,-45584,-54058,-32650,-54377,45203,-29
7950,0,-15861,12399,19534,-19398,-5386,43
7951,0,9940,45063,-64685,-8209,-45410,53
7952,0,10546,-53998,62772,-3407,54913,-33
7953,0,-5198,13656,15805,-13184,6300,-76
7954,0,14674,-37848,-54634,-31749,25294,-117
7955,0,19112,-23974,45542,8842,29357,148
7956,0,-48797,-12771,-53468,34042,37221,94
7957,0,32161,-12595,52974,-19282,28656,64
7958,0,4887,43500,62044,-11845,-42141,-110
7959,0,-35480,21179,20342,-37331,-17713,-126
7960,0,-6799,-34380,-1691,-9660,-33688,62
7961,0,-57980,-34687,95,-57735,-35094,-52
7962,0,-27016,-20996,-42312,-7151,33460,-154
7963,0,-54984,-28476,-19654,-55148,28157,162
7964,0,45966,60639,13126,924,65535,-151
7965,0,44911,53520,14360,1035,65535,105
7966,0,35744,-25955,20731,41205,15922,-63
7967,0,58485,-46357,60272,-44857,59644,71
7968,0,-36896,6469,-37959,15592,34060,144
7969,0,-16660,-5099,45664,13839,-10585,-56
7970,0,-47093,-11973,-18408,-39018,28959,105
7971,0,45807,-14636,41359,-5267,47799,-150
7972,0,53981,-54580,-61542,-63464,43189,-40
7973,0,-45137,-58653,59390,59893,43479,-159
7974,0,11836,42448,45879,-41411,-15067,159
7975,0,30804,6837,-4114,31544,790,-80
7976,0,-34683,42100,63408,30323,-45342,-49
7977,0,14550,31939,-21376,34860,4075,47
7978,0,27054,-39791,7420,39241,-27846,-17
7979,0,-47326,11233,22309,-32438,-36245,-91
7980,0,-22113,11582,-57059,24885,-1972,62
7981,0,-13063,-52536,-33428,-51998,15063,138
7982,0,-36589,-1983,27972,-6212,-36113,-113
7983,0,-14810,13132,-13351,-4105,19363,-74
7984,0,15385,49346,24387,-39346,33520,34
7985,0,-46627,-3921,-62244,45383,11397,-90
7986,0,22759,-64161,41550,49351,46894,41
7987,0,-2498,35297,-35539,35321,-2131,-40
7988,0,9213,-12838,900,9697,-12476,102
7989,0,52522,26164,-64233,-50578,-29749,-147
7990,0,-509,58254,-9357,24887,52673,33
7991,0,10148,-9874,54106,-3575,13701,-85
7992,0,39256,23120,5326,32131,32298,-9
7993,0,40814,33876,22428,-10319,52028,28
7994,0,-58623,-62300,-17524,-65536,2132,14
7995,0,52794,764,55222,-46772,24500,54
7996,0,-51017,3702,43088,21070,-46610,-48
7997,0,59879,-33632,-10478,36600,-58113,-110
7998,0,7198,65329,16638,-41538,50935,78
7999,0,22870,-58911,50358,22248,59149,52
8000,0,54747,-14553,-62361,-56285,6405,119
8001,0,3478,-12674,4996,6392,-11483,-13
8002,0,-20341,44159,25333,-48481,-3649,3
8003,0,6074,43885,32123,-43621,7748,153
8004,0,-11373,-27582,-47778,-13385,26664,-106
8005,0,-27141,-35910,-9753,-40377,-19897,-37
8006,0,-36569,28008,4300,-41582,19817,-57
8007,0,-59091,-18432,59970,61870,1919,95
8008,0,-32577,11498,48735,14150,-31516,86
8009,0,55460,-27625,-3262,50274,-36216,120
8010,0,13792,-35019,34851,33473,17208,4
8011,0,64858,-37360,-17281,16560,-65536,-69
8012,0,-48875,-33770,24632,12783,-58016,-47
8013,0,15306,13222,36920,-15917,12480,118
8014,0,-21584,8264,46501,6530,-22170,130
8015,0,-26818,57322,17563,-60598,18247,25
8016,0,7751,-64220,-34196,-64604,-3272,22
8017,0,33865,35596,-63121,-29546,-39255,10
8018,0,64010,31160,-60646,-54764,-45489,-119
8019,0,63626,-19503,-34609,-24774,-61765,-88
8020,0,-60894,56335,3176,-65536,46842,120
8021,0,8454,-14748,39896,11073,12898,16
8022,0,30824,-14293,10952,33827,3190,-67
8023,0,21036,32982,-26678,37588,-10840,104
8024,0,-58399,-60025,55810,65535,27405,-10
8025,0,43603,-12352,-58256,-45172,-3643,-157
8026,0,60075,-20467,-39103,-37440,-51246,-23
8027,0,-12129,50317,-53048,38603,-34478,-138
8028,0,1752,35435,-45543,28144,-21602,-149
8029,0,55753,-53132,-6872,35850,-65536,-86
8030,0,59332,28575,-38028,12637,-64631,75
8031,0,42934,-64136,-56653,-65314,41120,142
8032,0,18655,-14089,-27964,-9583,-21324,121
8033,0,46674,9167,26347,5158,47286,-109
8034,0,-4219,14797,-24678,12103,9501,1
8035,0,13624,-45297,8962,31431,-35349,-105
8036,0,6913,-46435,12410,31566,-34751,110
8037,0,-52977,-24942,7669,-40281,-42499,-94
8038,0,16037,58006,36378,-59928,5527,-98
8039,0,-44263,21551,2254,-46448,16317,-151
8040,0,10013,11266,-46308,2878,-14795,63
8041,0,-12041,30999,-43356,32920,-4710,105
8042,0,-13114,-56844,-38265,-51678,27067,-162
8043,0,49408,56689,9123,20944,65535,56
8044,0,32749,48169,20189,-20980,54338,47
8045,0,-23618,54507,-9751,3376,59308,-35
8046,0,-38740,-37588,50108,53962,1328,128
8047,0,-63194,55994,-27094,37007,65535,14
8048,0,23273,39867,54911,-39834,-23329,68
8049,0,-56405,37666,55776,33482,-58985,-44
8050,0,-23343,59887,14014,-55412,32572,85
8051,0,34001,-19440,40978,5140,38828,121
8052,0,60200,-58598,13089,65535,-12642,137
8053,0,-8352,29380,-21743,21167,22021,6
8054,0,-33461,22713,-36866,28720,28472,-64
8055,0,24868,62968,19994,-37634,56277,-148
8056,0,-41063,63118,-65033,42481,-62172,31
8057,0,56198,32805,46613,-60557,23816,-84
8058,0,-28509,-38714,3812,-21214,-43145,104
8059,0,-29782,-19453,30574,16394,-31570,-115
8060,0,-40220,25217,-5858,-31438,35571,129
8061,0,-4727,-36449,39367,36098,6914,-39
8062,0,-19783,22802,9463,-27733,11924,73
8063,0,22778,36429,2726,17828,39091,-5
8064,0,-63188,-33943,-37377,-19025,65535,74
8065,0,56312,-63229,-53058,-65536,19958,-148
8066,0,-57893,23169,-32164,21852,58403,132
8067,0,39489,-61798,-52857,-65536,28353,53
8068,0,-12486,-48808,-13982,-40026,-30595,-53
8069,0,59831,-61976,-34702,-65536,-53368,145
8070,0,24986,-42494,-55118,-42224,25440,50
8071,0,-40855,-4346,-29522,-10884,39618,-136
8072,0,-59212,-36459,27045,19255,-65536,-62
8073,0,-51421,-65175,-57920,24202,65535,-147
8074,0,-38861,-44366,-47005,-9868,58148,18
8075,0,-25283,12083,32213,-12652,-25003,-83
8076,0,37479,10265,-36751,2871,-38753,51
8077,0,-63600,-4547,-55801,54784,32625,19
8078,0,-19294,25222,-3510,-14969,28006,-128
8079,0,-6586,-17601,63304,8305,16858,-153
8080,0,28587,-50738,12807,52768,-24639,-145
8081,0,11178,22093,42613,-24760,66,129
8082,0,65340,11982,38905,-29987,59277,151
8083,0,26369,6388,-32479,6573,-26324,142
8084,0,-34404,-8945,-37872,-507,35545,-95
8085,0,18978,-45599,-30784,-43485,-23421,-95
8086,0,-45180,-44085,34239,47117,-42009,21
8087,0,13913,-47438,35693,44899,20690,-131
8088,0,-23197,49731,-47086,53211,-13411,-63
8089,0,-55879,2426,-62101,55538,6626,53
8090,0,-50393,-62365,-60681,34116,65535,-154
8091,0,-62019,-43289,24173,14312,-65536,146
8092,0,22240,-33244,59665,-11921,38180,116
8093,0,-19180,-60370,-49316,-28648,56495,13
8094,0,-13816,-41541,-12287,-34582,-26845,13
8095,0,-58061,31098,40157,-8878,-65264,-48
8096,0,-60994,-63479,53682,65535,20187,120
8097,0,29038,3472,43412,-17267,23603,-49
8098,0,-60802,47573,55664,32962,-65536,-156
8099,0,49641,-59405,-10155,16496,-65536,-113
8100,0,-57,-54925,-20346,-45683,-30493,122
8101,0,-6436,22038,7905,-14009,18189,142
8102,0,-28998,-31599,16903,2871,-42792,17
8103,0,25765,-35919,56901,-8922,43295,106
8104,0,65206,-14170,-54811,-63775,-19631,32
8105,0,57386,30068,-563,58052,28761,-91
8106,0,15262,-59790,4858,29043,-54445,-151
8107,0,-16629,-49071,42937,51194,7980,127
8108,0,38385,4628,-46952,-20647,-32688,71
8109,0,15600,48340,-52950,14675,-48629,-40
8110,0,-12047,30566,45920,-17421,-27855,-125
8111,0,58294,-31556,-47825,-62034,-23363,-153
8112,0,65068,-25044,49346,-28840,63477,18
8113,0,-38765,43818,-44131,57554,10500,-18
8114,0,-9500,-61154,36023,61886,497,-127
8115,0,50831,-57033,39652,37798,65535,98
8116,0,-23149,49436,-61760,31526,-44564,68
8117,0,13514,-37042,20622,38302,-9365,154
8118,0,-38790,-20214,-61097,33756,27818,82
8119,0,39890,26071,36401,-32714,34652,-75
8120,0,-52757,54279,-6162,-34185,65535,150
8121,0,27425,23847,21723,-6775,35706,-26
8122,0,56078,-62848,17375,65535,-130,-163
8123,0,45985,-15573,38171,3434,48429,68
8124,0,-10253,14434,-49502,17380,-3376,153
8125,0,2696,-63011,-61279,-15703,61083,-100
8126,0,39423,-60867,42340,36680,62559,-144
8127,0,-55458,-16141,8755,-44094,-37308,14
8128,0,-8967,5160,-1860,-8502,5894,-107
8129,0,-7749,45579,-8835,11465,44789,-94
8130,0,24397,16723,-17650,28732,-7026,-112
8131,0,-12763,27539,52029,-6568,-29634,96
8132,0,49474,37220,21009,-5288,61685,-88
8133,0,-42228,-35041,-20123,-52843,14790,19
8134,0,49518,-7007,397,49664,-5884,-75
8135,0,-59938,-19698,-39448,44,63092,-42
8136,0,14610,33126,40908,-36191,1000,51
8137,0,59907,-22673,-44318,-51012,-38740,121
8138,0,42773,-82,-547,42760,-1050,-75
8139,0,59464,-28499,37996,12530,64740,-107
8140,0,-51417,-10598,-53085,36843,37399,151
8141,0,60440,-10667,-53660,-56546,-23861,-98
8142,0,52510,33065,7992,36109,50465,-97
8143,0,-4388,-29704,56100,16875,24836,-46
8144,0,60156,31700,-45646,-9211,-65536,74
8145,0,6549,20354,37034,-21270,2186,-91
8146,0,-10494,7607,23607,-11319,-6315,-94
8147,0,9387,18034,-791,10070,17662,7
8148,0,-23922,29028,-19089,8555,36629,76
8149,0,61106,5766,-17473,45050,-41686,65
8150,0,27531,39003,29781,-34566,32930,69
8151,0,-4162,-2585,-16581,-4761,1155,-20
8152,0,-15819,19928,-30081,17693,18285,-44
8153,0,-17873,34250,42582,-22576,-31351,98
8154,0,-39264,47028,-49726,60868,-6958,-71
8155,0,13854,-28874,1564,15826,-27842,114
8156,0,18175,61079,7858,-5279,63507,95
8157,0,44369,-8455,46749,-20834,40076,52
8158,0,18819,-56987,-34544,-58365,-13969,-23
8159,0,-6555,16865,-64127,7711,-16369,-41
8160,0,-9236,-49403,-22938,-48289,-13934,114
8161,0,18413,2332,-41993,-5638,-17683,-158
8162,0,4969,-5075,48993,135,7101,18
8163,0,-9679,-42989,-22984,-42757,-10658,68
8164,0,25547,-15037,-5006,21238,-20681,3
8165,0,54903,-64138,41595,36252,65535,86
8166,0,-8873,-24114,-40309,-19501,16731,-103
8167,0,-8902,9757,15426,-13159,1128,-130
8168,0,-8035,-10290,-30389,-11146,6798,-26
8169,0,55736,-39121,-21587,-5698,-65536,162
8170,0,57809,8927,63250,-58452,-2218,119
8171,0,3565,58414,34470,-58507,-1350,-51
8172,0,-61092,-1856,26348,-16434,-58870,-108
8173,0,-10226,62090,-33405,62436,7843,161
8174,0,44971,-57821,59075,-25697,65535,-149
8175,0,27534,-11303,31148,13575,26488,133
8176,0,23606,-44869,49547,13864,48768,-107
8177,0,54857,22803,22319,6110,59093,-81
8178,0,26233,-53297,-25674,-41460,-42543,-18
8179,0,-2237,33172,-55737,16896,-28634,83
8180,0,39251,-26551,-30839,-22514,-41698,-150
8181,0,-11345,-29499,64026,13366,28640,-60
8182,0,-51968,51207,-23994,25634,65535,33
8183,0,38245,-43807,51283,-1999,58119,2
8184,0,51418,50895,18465,-7003,65535,-48
8185,0,29834,-26943,61628,-24100,32175,126
8186,0,-41729,-29424,38053,39023,-32929,-50
8187,0,-33166,40405,-52703,50482,-13571,-119
8188,0,-15191,40490,-54362,33527,-27315,155
8189,0,44097,-55825,-24065,-33055,-62995,-38
8190,0,58015,30514,-64852,-56805,-32711,-114
8191,0,-63077,-28126,13389,-34010,-60109,112
8192,1,32768,19,0,32767,-211,147
8193,1,32767,220,0,32768,-10,147
8194,1,32765,421,0,32767,191,147
8195,1,32762,622,0,32768,-120,472
8196,1,32758,823,0,32768,81,472
8197,1,32752,1024,0,32767,-230,798
8198,1,32745,1225,0,32768,-28,798
8199,1,32737,1426,0,32768,173,798
8200,1,32728,1626,0,32768,-139,1124
8201,1,32717,1827,0,32768,62,1124
8202,1,32705,2028,0,32767,-248,1450
8203,1,32692,2229,0,32768,-47,1450
8204,1,32678,2429,0,32768,154,1450
8205,1,32662,2630,0,32768,-121,1753
8206,1,32646,2830,0,32769,79,1753
8207,1,32628,3030,0,32768,-231,2079
8208,1,32608,3230,0,32768,-30,2079
8209,1,32588,3430,0,32768,171,2079
8210,1,32566,3630,0,32768,-140,2405
8211,1,32543,3830,0,32768,61,2405
8212,1,32519,4030,0,32767,-249,2731
8213,1,32494,4229,0,32768,-49,2731
8214,1,32467,4428,0,32767,152,2731
8215,1,32440,4628,0,32768,-158,3056
8216,1,32411,4826,0,32769,42,3056
8217,1,32380,5025,0,32767,244,3056
8218,1,32349,5224,0,32768,-66,3382
8219,1,32316,5422,0,32768,134,3382
8220,1,32282,5620,0,32767,-177,3708
8221,1,32247,5818,0,32768,24,3708
8222,1,32211,6016,0,32767,225,3708
8223,1,32173,6214,0,32767,-85,4034
8224,1,32135,6411,0,32768,116,4034
8225,1,32095,6608,0,32768,-191,4357
8226,1,32054,6805,0,32768,10,4357
8227,1,32011,7001,0,32767,211,4357
8228,1,31968,7198,0,32769,-99,4683
8229,1,31923,7394,0,32768,102,4683
8230,1,31877,7589,0,32768,-210,5009
8231,1,31830,7785,0,32768,-8,5009
8232,1,31781,7980,0,32767,193,5009
8233,1,31732,8175,0,32768,-118,5335
8234,1,31681,8369,0,32768,83,5335
8235,1,31629,8564,0,32768,-227,5661
8236,1,31576,8758,0,32768,-26,5661
8237,1,31522,8951,0,32768,175,5661
8238,1,31466,9144,0,32768,-136,5987
8239,1,31410,9337,0,32769,65,5987
8240,1,31352,9530,0,32768,-246,6312
8241,1,31293,9722,0,32768,-45,6312
8242,1,31232,9914,0,32767,156,6312
8243,1,31171,10105,0,32768,-155,6638
8244,1,31108,10296,0,32767,46,6638
8245,1,31045,10487,0,32769,16,6786
8246,1,30980,10677,0,32768,217,6786
8247,1,30914,10867,0,32769,-94,7112
8248,1,30846,11057,0,32768,108,7112
8249,1,30778,11246,0,32768,-204,7438
8250,1,30708,11434,0,32768,-3,7438
8251,1,30638,11623,0,32768,199,7438
8252,1,30566,11810,0,32768,-113,7764
8253,1,30493,11998,0,32769,89,7764
8254,1,30418,12185,0,32767,-221,8089
8255,1,30343,12371,0,32768,-21,8089
8256,1,30267,12557,0,32768,180,8089
8257,1,30189,12742,0,32768,-131,8415
8258,1,30110,12927,0,32768,70,8415
8259,1,30030,13112,0,32767,-240,8741
8260,1,29949,13296,0,32768,-39,8741
8261,1,29867,13479,0,32768,161,8741
8262,1,29784,13662,0,32768,-149,9067
8263,1,29699,13845,0,32768,52,9067
8264,1,29614,14027,0,32767,253,9067
8265,1,29527,14208,0,32768,-54,9390
8266,1,29440,14389,0,32768,147,9390
8267,1,29351,14570,0,32768,-163,9716
8268,1,29261,14749,0,32768,37,9716
8269,1,29170,14929,0,32768,239,9716
8270,1,29078,15107,0,32768,-73,10042
8271,1,28984,15286,0,32768,130,10042
8272,1,28890,15463,0,32768,-182,10368
8273,1,28795,15640,0,32769,19,10368
8274,1,28698,15816,0,32767,220,10368
8275,1,28601,15992,0,32768,-90,10693
8276,1,28502,16167,0,32768,111,10693
8277,1,28402,16342,0,32767,-200,11019
8278,1,28301,16516,0,32768,1,11019
8279,1,28199,16689,0,32767,202,11019
8280,1,28096,16862,0,32767,-108,11345
8281,1,27992,17034,0,32768,93,11345
8282,1,27887,17206,0,32767,-218,11671
8283,1,27781,17376,0,32767,-17,11671
8284,1,27674,17547,0,32768,185,11671
8285,1,27566,17716,0,32768,-91,11974
8286,1,27457,17885,0,32769,110,11974
8287,1,27347,18053,0,32768,-201,12300
8288,1,27235,18220,0,32768,0,12300
8289,1,27123,18387,0,32768,201,12300
8290,1,27010,18553,0,32768,-110,12626
8291,1,26895,18719,0,32768,92,12626
8292,1,26780,18883,0,32767,-220,12952
8293,1,26664,19047,0,32768,-19,12952
8294,1,26546,19210,0,32767,182,12952
8295,1,26428,19373,0,32768,-128,13277
8296,1,26308,19535,0,32768,74,13277
8297,1,26188,19696,0,32767,-237,13603
8298,1,26067,19856,0,32768,-37,13603
8299,1,25944,20016,0,32768,165,13603
8300,1,25821,20175,0,32768,-146,13929
8301,1,25697,20333,0,32768,55,13929
8302,1,25572,20490,0,32768,256,13929
8303,1,25445,20646,0,32767,-55,14255
8304,1,25318,20802,0,32767,146,14255
8305,1,25190,20957,0,32768,-161,14578
8306,1,25061,21111,0,32768,40,14578
8307,1,24931,21265,0,32767,242,14578
8308,1,24800,21417,0,32768,-69,14904
8309,1,24668,21569,0,32768,132,14904
8310,1,24535,21720,0,32767,-179,15230
8311,1,24402,21870,0,32768,22,15230
8312,1,24267,22019,0,32767,223,15230
8313,1,24131,22168,0,32768,-87,15556
8314,1,23995,22316,0,32768,114,15556
8315,1,23858,22462,0,32767,-198,15882
8316,1,23719,22608,0,32768,4,15882
8317,1,23580,22753,0,32767,205,15882
8318,1,23440,22898,0,32768,-106,16208
8319,1,23299,23041,0,32768,95,16208
8320,1,23157,23184,0,32767,253,16235
8321,1,23015,23325,0,32768,-58,16561
8322,1,22871,23466,0,32768,143,16561
8323,1,22727,23606,0,32768,-168,16887
8324,1,22581,23745,0,32768,34,16887
8325,1,22435,23883,0,32767,235,16887
8326,1,22288,24020,0,32768,-76,17212
8327,1,22140,24157,0,32768,126,17212
8328,1,21992,24292,0,32768,-186,17538
8329,1,21842,24426,0,32768,15,17538
8330,1,21692,24560,0,32767,216,17538
8331,1,21541,24693,0,32768,-94,17864
8332,1,21389,24824,0,32768,106,17864
8333,1,21236,24955,0,32767,-204,18190
8334,1,21083,25085,0,32768,-3,18190
8335,1,20929,25214,0,32768,198,18190
8336,1,20773,25342,0,32768,-108,18513
8337,1,20618,25469,0,32769,92,18513
8338,1,20461,25595,0,32768,-218,18839
8339,1,20303,25720,0,32768,-17,18839
8340,1,20145,25844,0,32768,184,18839
8341,1,19986,25967,0,32768,-127,19165
8342,1,19827,26089,0,32768,73,19165
8343,1,19666,26210,0,32767,-237,19491
8344,1,19505,26331,0,32768,-36,19491
8345,1,19343,26450,0,32768,165,19491
8346,1,19180,26568,0,32768,-145,19816
8347,1,19017,26685,0,32768,56,19816
8348,1,18853,26801,0,32767,-255,20142
8349,1,18688,26916,0,32768,-54,20142
8350,1,18523,27031,0,32768,147,20142
8351,1,18356,27144,0,32768,-163,20468
8352,1,18189,27256,0,32768,38,20468
8353,1,18022,27367,0,32767,238,20468
8354,1,17854,27477,0,32768,-73,20794
8355,1,17685,27586,0,32768,128,20794
8356,1,17515,27694,0,32768,-147,21097
8357,1,17345,27801,0,32769,54,21097
8358,1,17174,27907,0,32768,255,21097
8359,1,17002,28012,0,32768,-55,21423
8360,1,16830,28116,0,32768,146,21423
8361,1,16657,28218,0,32767,-165,21749
8362,1,16484,28320,0,32768,36,21749
8363,1,16310,28421,0,32768,237,21749
8364,1,16135,28520,0,32768,-74,22075
8365,1,15960,28619,0,32768,127,22075
8366,1,15784,28716,0,32768,-183,22400
8367,1,15607,28812,0,32767,18,22400
8368,1,15430,28908,0,32768,219,22400
8369,1,15253,29002,0,32768,-92,22726
8370,1,15074,29095,0,32768,110,22726
8371,1,14896,29187,0,32768,-202,23052
8372,1,14716,29278,0,32768,0,23052
8373,1,14536,29367,0,32767,201,23052
8374,1,14356,29456,0,32768,-110,23378
8375,1,14175,29543,0,32768,91,23378
8376,1,13993,29630,0,32768,-216,23701
8377,1,13811,29715,0,32768,-15,23701
8378,1,13629,29799,0,32768,186,23701
8379,1,13446,29882,0,32768,-125,24027
8380,1,13262,29964,0,32768,76,24027
8381,1,13078,30045,0,32767,-235,24353
8382,1,12893,30125,0,32768,-33,24353
8383,1,12708,30203,0,32767,168,24353
8384,1,12523,30281,0,32768,-143,24679
8385,1,12337,30357,0,32768,58,24679
8386,1,12150,30432,0,32767,-253,25005
8387,1,11963,30506,0,32768,-51,25005
8388,1,11776,30579,0,32768,149,25005
8389,1,11588,30651,0,32768,-161,25331
8390,1,11400,30721,0,32768,40,25331
8391,1,11211,30791,0,32768,241,25331
8392,1,11022,30859,0,32768,-70,25656
8393,1,10832,30926,0,32768,131,25656
8394,1,10642,30992,0,32768,-179,25982
8395,1,10452,31056,0,32768,21,25982
8396,1,10261,31120,0,32768,-9,26130
8397,1,10070,31182,0,32768,191,26130
8398,1,9878,31244,0,32768,-118,26456
8399,1,9687,31304,0,32769,82,26456
8400,1,9494,31362,0,32767,-229,26782
8401,1,9302,31420,0,32768,-28,26782
8402,1,9109,31477,0,32768,173,26782
8403,1,8915,31532,0,32768,-137,27108
8404,1,8722,31586,0,32768,63,27108
8405,1,8528,31639,0,32768,-247,27433
8406,1,8333,31691,0,32769,-45,27433
8407,1,8139,31741,0,32768,155,27433
8408,1,7944,31790,0,32767,-156,27759
8409,1,7749,31839,0,32769,45,27759
8410,1,7553,31886,0,32768,247,27759
8411,1,7357,31931,0,32768,-64,28085
8412,1,7161,31976,0,32768,137,28085
8413,1,6965,32019,0,32767,-174,28411
8414,1,6768,32061,0,32768,27,28411
8415,1,6572,32102,0,32767,228,28411
8416,1,6374,32142,0,32768,-78,28734
8417,1,6177,32181,0,32768,123,28734
8418,1,5980,32218,0,32768,-189,29060
8419,1,5782,32254,0,32768,13,29060
8420,1,5584,32289,0,32768,214,29060
8421,1,5386,32322,0,32768,-98,29386
8422,1,5187,32355,0,32768,104,29386
8423,1,4988,32386,0,32767,-206,29712
8424,1,4790,32416,0,32768,-6,29712
8425,1,4591,32445,0,32768,195,29712
8426,1,4392,32472,0,32768,-116,30037
8427,1,4192,32499,0,32768,86,30037
8428,1,3993,32524,0,32768,-225,30363
8429,1,3793,32548,0,32768,-24,30363
8430,1,3593,32570,0,32767,177,30363
8431,1,3393,32592,0,32768,-133,30689
8432,1,3193,32612,0,32768,67,30689
8433,1,2993,32631,0,32767,-243,31015
8434,1,2793,32649,0,32768,-42,31015
8435,1,2592,32665,0,32767,159,31015
8436,1,2392,32681,0,32769,-117,31318
8437,1,2191,32695,0,32768,85,31318
8438,1,1991,32707,0,32767,-226,31644
8439,1,1790,32719,0,32768,-25,31644
8440,1,1589,32729,0,32767,176,31644
8441,1,1388,32739,0,32768,-135,31970
8442,1,1188,32746,0,32768,66,31970
8443,1,987,32753,0,32767,-245,32296
8444,1,786,32759,0,32768,-44,32296
8445,1,585,32763,0,32768,157,32296
8446,1,384,32766,0,32768,-154,32621
8447,1,182,32767,0,32767,49,32621
8448,1,-19,32768,0,32767,-211,32915
8449,1,-220,32767,0,32768,-10,32915
8450,1,-421,32765,0,32767,191,32915
8451,1,-622,32762,0,32768,-120,33240
8452,1,-823,32758,0,32768,81,33240
8453,1,-1024,32752,0,32767,-230,33566
8454,1,-1225,32745,0,32768,-28,33566
8455,1,-1426,32737,0,32768,173,33566
8456,1,-1626,32728,0,32768,-139,33892
8457,1,-1827,32717,0,32768,62,33892
8458,1,-2028,32705,0,32767,-248,34218
8459,1,-2229,32692,0,32768,-47,34218
8460,1,-2429,32678,0,32768,154,34218
8461,1,-2630,32662,0,32768,-121,34521
8462,1,-2830,32646,0,32769,79,34521
8463,1,-3030,32628,0,32768,-231,34847
8464,1,-3230,32608,0,32768,-30,34847
8465,1,-3430,32588,0,32768,171,34847
8466,1,-3630,32566,0,32768,-140,35173
8467,1,-3830,32543,0,32768,61,35173
8468,1,-4030,32519,0,32767,-249,35499
8469,1,-4229,32494,0,32768,-49,35499
8470,1,-4428,32467,0,32767,152,35499
8471,1,-4628,32440,0,32768,-158,35824
8472,1,-4826,32411,0,32769,42,35824
8473,1,-5025,32380,0,32767,244,35824
8474,1,-5224,32349,0,32768,-66,36150
8475,1,-5422,32316,0,32768,134,36150
8476,1,-5620,32282,0,32767,-177,36476
8477,1,-5818,32247,0,32768,24,36476
8478,1,-6016,32211,0,32767,225,36476
8479,1,-6214,32173,0,32767,-85,36802
8480,1,-6411,32135,0,32768,116,36802
8481,1,-6608,32095,0,32768,-191,37125
8482,1,-6805,32054,0,32768,10,37125
8483,1,-7001,32011,0,32767,211,37125
8484,1,-7198,31968,0,32769,-99,37451
8485,1,-7394,31923,0,32768,102,37451
8486,1,-7589,31877,0,32768,-210,37777
8487,1,-7785,31830,0,32768,-8,37777
8488,1,-7980,31781,0,32767,193,37777
8489,1,-8175,31732,0,32768,-118,38103
8490,1,-8369,31681,0,32768,83,38103
8491,1,-8564,31629,0,32768,-227,38429
8492,1,-8758,31576,0,32768,-26,38429
8493,1,-8951,31522,0,32768,175,38429
8494,1,-9144,31466,0,32768,-136,38755
8495,1,-9337,31410,0,32769,65,38755
8496,1,-9530,31352,0,32768,-246,39080
8497,1,-9722,31293,0,32768,-45,39080
8498,1,-9914,31232,0,32767,156,39080
8499,1,-10105,31171,0,32768,-155,39406
8500,1,-10296,31108,0,32767,46,39406
8501,1,-10487,31045,0,32769,16,39554
8502,1,-10677,30980,0,32768,217,39554
8503,1,-10867,30914,0,32769,-94,39880
8504,1,-11057,30846,0,32768,108,39880
8505,1,-11246,30778,0,32768,-204,40206
8506,1,-11434,30708,0,32768,-3,40206
8507,1,-11623,30638,0,32768,199,40206
8508,1,-11810,30566,0,32768,-113,40532
8509,1,-11998,30493,0,32769,89,40532
8510,1,-12185,30418,0,32767,-221,40857
8511,1,-12371,30343,0,32768,-21,40857
8512,1,-12557,30267,0,32768,180,40857
8513,1,-12742,30189,0,32768,-131,41183
8514,1,-12927,30110,0,32768,70,41183
8515,1,-13112,30030,0,32767,-240,41509
8516,1,-13296,29949,0,32768,-39,41509
8517,1,-13479,29867,0,32768,161,41509
8518,1,-13662,29784,0,32768,-149,41835
8519,1,-13845,29699,0,32768,52,41835
8520,1,-14027,29614,0,32767,253,41835
8521,1,-14208,29527,0,32768,-54,42158
8522,1,-14389,29440,0,32768,147,42158
8523,1,-14570,29351,0,32768,-163,42484
8524,1,-14749,29261,0,32768,37,42484
8525,1,-14929,29170,0,32768,239,42484
8526,1,-15107,29078,0,32768,-73,42810
8527,1,-15286,28984,0,32768,130,42810
8528,1,-15463,28890,0,32768,-182,43136
8529,1,-15640,28795,0,32769,19,43136
8530,1,-15816,28698,0,32767,220,43136
8531,1,-15992,28601,0,32768,-90,43461
8532,1,-16167,28502,0,32768,111,43461
8533,1,-16342,28402,0,32767,-200,43787
8534,1,-16516,28301,0,32768,1,43787
8535,1,-16689,28199,0,32767,202,43787
8536,1,-16862,28096,0,32767,-108,44113
8537,1,-17034,27992,0,32768,93,44113
8538,1,-17206,27887,0,32767,-218,44439
8539,1,-17376,27781,0,32767,-17,44439
8540,1,-17547,27674,0,32768,185,44439
8541,1,-17716,27566,0,32768,-91,44742
8542,1,-17885,27457,0,32769,110,44742
8543,1,-18053,27347,0,32768,-201,45068
8544,1,-18220,27235,0,32768,0,45068
8545,1,-18387,27123,0,32768,201,45068
8546,1,-18553,27010,0,32768,-110,45394
8547,1,-18719,26895,0,32768,92,45394
8548,1,-18883,26780,0,32767,-220,45720
8549,1,-19047,26664,0,32768,-19,45720
8550,1,-19210,26546,0,32767,182,45720
8551,1,-19373,26428,0,32768,-128,46045
8552,1,-19535,26308,0,32768,74,46045
8553,1,-19696,26188,0,32767,-237,46371
8554,1,-19856,26067,0,32768,-37,46371
8555,1,-20016,25944,0,32768,165,46371
8556,1,-20175,25821,0,32768,-146,46697
8557,1,-20333,25697,0,32768,55,46697
8558,1,-20490,25572,0,32768,256,46697
8559,1,-20646,25445,0,32767,-55,47023
8560,1,-20802,25318,0,32767,146,47023
8561,1,-20957,25190,0,32768,-161,47346
8562,1,-21111,25061,0,32768,40,47346
8563,1,-21265,24931,0,32767,242,47346
8564,1,-21417,24800,0,32768,-69,47672
8565,1,-21569,24668,0,32768,132,47672
8566,1,-21720,24535,0,32767,-179,47998
8567,1,-21870,24402,0,32768,22,47998
8568,1,-22019,24267,0,32767,223,47998
8569,1,-22168,24131,0,32768,-87,48324
8570,1,-22316,23995,0,32768,114,48324
8571,1,-22462,23858,0,32767,-198,48650
8572,1,-22608,23719,0,32768,4,48650
8573,1,-22753,23580,0,32767,205,48650
8574,1,-22898,23440,0,32768,-106,48976
8575,1,-23041,23299,0,32768,95,48976
8576,1,-23184,23157,0,32767,253,49003
8577,1,-23325,23015,0,32768,-58,49329
8578,1,-23466,22871,0,32768,143,49329
8579,1,-23606,22727,0,32768,-168,49655
8580,1,-23745,22581,0,32768,34,49655
8581,1,-23883,22435,0,32767,235,49655
8582,1,-24020,22288,0,32768,-76,49980
8583,1,-24157,22140,0,32768,126,49980
8584,1,-24292,21992,0,32768,-186,50306
8585,1,-24426,21842,0,32768,15,50306
8586,1,-24560,21692,0,32767,216,50306
8587,1,-24693,21541,0,32768,-94,50632
8588,1,-24824,21389,0,32768,106,50632
8589,1,-24955,21236,0,32767,-204,50958
8590,1,-25085,21083,0,32768,-3,50958
8591,1,-25214,20929,0,32768,198,50958
8592,1,-25342,20773,0,32768,-108,51281
8593,1,-25469,20618,0,32769,92,51281
8594,1,-25595,20461,0,32768,-218,51607
8595,1,-25720,20303,0,32768,-17,51607
8596,1,-25844,20145,0,32768,184,51607
8597,1,-25967,19986,0,32768,-127,51933
8598,1,-26089,19827,0,32768,73,51933
8599,1,-26210,19666,0,32767,-237,52259
8600,1,-26331,19505,0,32768,-36,52259
8601,1,-26450,19343,0,32768,165,52259
8602,1,-26568,19180,0,32768,-145,52584
8603,1,-26685,19017,0,32768,56,52584
8604,1,-26801,18853,0,32767,-255,52910
8605,1,-26916,18688,0,32768,-54,52910
8606,1,-27031,18523,0,32768,147,52910
8607,1,-27144,18356,0,32768,-163,53236
8608,1,-27256,18189,0,32768,38,53236
8609,1,-27367,18022,0,32767,238,53236
8610,1,-27477,17854,0,32768,-73,53562
8611,1,-27586,17685,0,32768,128,53562
8612,1,-27694,17515,0,32768,-147,53865
8613,1,-27801,17345,0,32769,54,53865
8614,1,-27907,17174,0,32768,255,53865
8615,1,-28012,17002,0,32768,-55,54191
8616,1,-28116,16830,0,32768,146,54191
8617,1,-28218,16657,0,32767,-165,54517
8618,1,-28320,16484,0,32768,36,54517
8619,1,-28421,16310,0,32768,237,54517
8620,1,-28520,16135,0,32768,-74,54843
8621,1,-28619,15960,0,32768,127,54843
8622,1,-28716,15784,0,32768,-183,55168
8623,1,-28812,15607,0,32767,18,55168
8624,1,-28908,15430,0,32768,219,55168
8625,1,-29002,15253,0,32768,-92,55494
8626,1,-29095,15074,0,32768,110,55494
8627,1,-29187,14896,0,32768,-202,55820
8628,1,-29278,14716,0,32768,0,55820
8629,1,-29367,14536,0,32767,201,55820
8630,1,-29456,14356,0,32768,-110,56146
8631,1,-29543,14175,0,32768,91,56146
8632,1,-29630,13993,0,32768,-216,56469
8633,1,-29715,13811,0,32768,-15,56469
8634,1,-29799,13629,0,32768,186,56469
8635,1,-29882,13446,0,32768,-125,56795
8636,1,-29964,13262,0,32768,76,56795
8637,1,-30045,13078,0,32767,-235,57121
8638,1,-30125,12893,0,32768,-33,57121
8639,1,-30203,12708,0,32767,168,57121
8640,1,-30281,12523,0,32768,-143,57447
8641,1,-30357,12337,0,32768,58,57447
8642,1,-30432,12150,0,32767,-253,57773
8643,1,-30506,11963,0,32768,-51,57773
8644,1,-30579,11776,0,32768,149,57773
8645,1,-30651,11588,0,32768,-161,58099
8646,1,-30721,11400,0,32768,40,58099
8647,1,-30791,11211,0,32768,241,58099
8648,1,-30859,11022,0,32768,-70,58424
8649,1,-30926,10832,0,32768,131,58424
8650,1,-30992,10642,0,32768,-179,58750
8651,1,-31056,10452,0,32768,21,58750
8652,1,-31120,10261,0,32768,-9,58898
8653,1,-31182,10070,0,32768,191,58898
8654,1,-31244,9878,0,32768,-118,59224
8655,1,-31304,9687,0,32769,82,59224
8656,1,-31362,9494,0,32767,-229,59550
8657,1,-31420,9302,0,32768,-28,59550
8658,1,-31477,9109,0,32768,173,59550
8659,1,-31532,8915,0,32768,-137,59876
8660,1,-31586,8722,0,32768,63,59876
8661,1,-31639,8528,0,32768,-247,60201
8662,1,-31691,8333,0,32769,-45,60201
8663,1,-31741,8139,0,32768,155,60201
8664,1,-31790,7944,0,32767,-156,60527
8665,1,-31839,7749,0,32769,45,60527
8666,1,-31886,7553,0,32768,247,60527
8667,1,-31931,7357,0,32768,-64,60853
8668,1,-31976,7161,0,32768,137,60853
8669,1,-32019,6965,0,32767,-174,61179
8670,1,-32061,6768,0,32768,27,61179
8671,1,-32102,6572,0,32767,228,61179
8672,1,-32142,6374,0,32768,-78,61502
8673,1,-32181,6177,0,32768,123,61502
8674,1,-32218,5980,0,32768,-189,61828
8675,1,-32254,5782,0,32768,13,61828
8676,1,-32289,5584,0,32768,214,61828
8677,1,-32322,5386,0,32768,-98,62154
8678,1,-32355,5187,0,32768,104,62154
8679,1,-32386,4988,0,32767,-206,62480
8680,1,-32416,4790,0,32768,-6,62480
8681,1,-32445,4591,0,32768,195,62480
8682,1,-32472,4392,0,32768,-116,62805
8683,1,-32499,4192,0,32768,86,62805
8684,1,-32524,3993,0,32768,-225,63131
8685,1,-32548,3793,0,32768,-24,63131
8686,1,-32570,3593,0,32767,177,63131
8687,1,-32592,3393,0,32768,-133,63457
8688,1,-32612,3193,0,32768,67,63457
8689,1,-32631,2993,0,32767,-243,63783
8690,1,-32649,2793,0,32768,-42,63783
8691,1,-32665,2592,0,32767,159,63783
8692,1,-32681,2392,0,32769,-117,64086
8693,1,-32695,2191,0,32768,85,64086
8694,1,-32707,1991,0,32767,-226,64412
8695,1,-32719,1790,0,32768,-25,64412
8696,1,-32729,1589,0,32767,176,64412
8697,1,-32739,1388,0,32768,-135,64738
8698,1,-32746,1188,0,32768,66,64738
8699,1,-32753,987,0,32767,-245,65064
8700,1,-32759,786,0,32768,-44,65064
8701,1,-32763,585,0,32768,157,65064
8702,1,-32766,384,0,32768,-154,65389
8703,1,-32767,182,0,32767,49,65389
8704,1,-32768,-19,0,32767,-211,-65389
8705,1,-32767,-220,0,32768,-10,-65389
8706,1,-32765,-421,0,32767,191,-65389
8707,1,-32762,-622,0,32768,-120,-65064
8708,1,-32758,-823,0,32768,81,-65064
8709,1,-32752,-1024,0,32767,-230,-64738
8710,1,-32745,-1225,0,32768,-28,-64738
8711,1,-32737,-1426,0,32768,173,-64738
8712,1,-32728,-1626,0,32768,-139,-64412
8713,1,-32717,-1827,0,32768,62,-64412
8714,1,-32705,-2028,0,32767,-248,-64086
8715,1,-32692,-2229,0,32768,-47,-64086
8716,1,-32678,-2429,0,32768,154,-64086
8717,1,-32662,-2630,0,32768,-121,-63783
8718,1,-32646,-2830,0,32769,79,-63783
8719,1,-32628,-3030,0,32768,-231,-63457
8720,1,-32608,-3230,0,32768,-30,-63457
8721,1,-32588,-3430,0,32768,171,-63457
8722,1,-32566,-3630,0,32768,-140,-63131
8723,1,-32543,-3830,0,32768,61,-63131
8724,1,-32519,-4030,0,32767,-249,-62805
8725,1,-32494,-4229,0,32768,-49,-62805
8726,1,-32467,-4428,0,32767,152,-62805
8727,1,-32440,-4628,0,32768,-158,-62480
8728,1,-32411,-4826,0,32769,42,-62480
8729,1,-32380,-5025,0,32767,244,-62480
8730,1,-32349,-5224,0,32768,-66,-62154
8731,1,-32316,-5422,0,32768,134,-62154
8732,1,-32282,-5620,0,32767,-177,-61828
8733,1,-32247,-5818,0,32768,24,-61828
8734,1,-32211,-6016,0,32767,225,-61828
8735,1,-32173,-6214,0,32767,-85,-61502
8736,1,-32135,-6411,0,32768,116,-61502
8737,1,-32095,-6608,0,32768,-191,-61179
8738,1,-32054,-6805,0,32768,10,-61179
8739,1,-32011,-7001,0,32767,211,-61179
8740,1,-31968,-7198,0,32769,-99,-60853
8741,1,-31923,-7394,0,32768,102,-60853
8742,1,-31877,-7589,0,32768,-210,-60527
8743,1,-31830,-7785,0,32768,-8,-60527
8744,1,-31781,-7980,0,32767,193,-60527
8745,1,-31732,-8175,0,32768,-118,-60201
8746,1,-31681,-8369,0,32768,83,-60201
8747,1,-31629,-8564,0,32768,-227,-59875
8748,1,-31576,-8758,0,32768,-26,-59875
8749,1,-31522,-8951,0,32768,175,-59875
8750,1,-31466,-9144,0,32768,-136,-59549
8751,1,-31410,-9337,0,32769,65,-59549
8752,1,-31352,-9530,0,32768,-246,-59224
8753,1,-31293,-9722,0,32768,-45,-59224
8754,1,-31232,-9914,0,32767,156,-59224
8755,1,-31171,-10105,0,32768,-155,-58898
8756,1,-31108,-10296,0,32767,46,-58898
8757,1,-31045,-10487,0,32769,16,-58750
8758,1,-30980,-10677,0,32768,217,-58750
8759,1,-30914,-10867,0,32769,-94,-58424
8760,1,-30846,-11057,0,32768,108,-58424
8761,1,-30778,-11246,0,32768,-204,-58098
8762,1,-30708,-11434,0,32768,-3,-58098
8763,1,-30638,-11623,0,32768,199,-58098
8764,1,-30566,-11810,0,32768,-113,-57772
8765,1,-30493,-11998,0,32769,89,-57772
8766,1,-30418,-12185,0,32767,-221,-57447
8767,1,-30343,-12371,0,32768,-21,-57447
8768,1,-30267,-12557,0,32768,180,-57447
8769,1,-30189,-12742,0,32768,-131,-57121
8770,1,-30110,-12927,0,32768,70,-57121
8771,1,-30030,-13112,0,32767,-240,-56795
8772,1,-29949,-13296,0,32768,-39,-56795
8773,1,-29867,-13479,0,32768,161,-56795
8774,1,-29784,-13662,0,32768,-149,-56469
8775,1,-29699,-13845,0,32768,52,-56469
8776,1,-29614,-14027,0,32767,253,-56469
8777,1,-29527,-14208,0,32768,-54,-56146
8778,1,-29440,-14389,0,32768,147,-56146
8779,1,-29351,-14570,0,32768,-163,-55820
8780,1,-29261,-14749,0,32768,37,-55820
8781,1,-29170,-14929,0,32768,239,-55820
8782,1,-29078,-15107,0,32768,-73,-55494
8783,1,-28984,-15286,0,32768,130,-55494
8784,1,-28890,-15463,0,32768,-182,-55168
8785,1,-28795,-15640,0,32769,19,-55168
8786,1,-28698,-15816,0,32767,220,-55168
8787,1,-28601,-15992,0,32768,-90,-54843
8788,1,-28502,-16167,0,32768,111,-54843
8789,1,-28402,-16342,0,32767,-200,-54517
8790,1,-28301,-16516,0,32768,1,-54517
8791,1,-28199,-16689,0,32767,202,-54517
8792,1,-28096,-16862,0,32767,-108,-54191
8793,1,-27992,-17034,0,32768,93,-54191
8794,1,-27887,-17206,0,32767,-218,-53865
8795,1,-27781,-17376,0,32767,-17,-53865
8796,1,-27674,-17547,0,32768,185,-53865
8797,1,-27566,-17716,0,32768,-91,-53562
8798,1,-27457,-17885,0,32769,110,-53562
8799,1,-27347,-18053,0,32768,-201,-53236
8800,1,-27235,-18220,0,32768,0,-53236
8801,1,-27123,-18387,0,32768,201,-53236
8802,1,-27010,-18553,0,32768,-110,-52910
8803,1,-26895,-18719,0,32768,92,-52910
8804,1,-26780,-18883,0,32767,-220,-52584
8805,1,-26664,-19047,0,32768,-19,-52584
8806,1,-26546,-19210,0,32767,182,-52584
8807,1,-26428,-19373,0,32768,-128,-52259
8808,1,-26308,-19535,0,32768,74,-52259
8809,1,-26188,-19696,0,32767,-237,-51933
8810,1,-26067,-19856,0,32768,-37,-51933
8811,1,-25944,-20016,0,32768,165,-51933
8812,1,-25821,-20175,0,32768,-146,-51607
8813,1,-25697,-20333,0,32768,55,-51607
8814,1,-25572,-20490,0,32768,256,-51607
8815,1,-25445,-20646,0,32767,-55,-51281
8816,1,-25318,-20802,0,32767,146,-51281
8817,1,-25190,-20957,0,32768,-161,-50958
8818,1,-25061,-21111,0,32768,40,-50958
8819,1,-24931,-21265,0,32767,242,-50958
8820,1,-24800,-21417,0,32768,-69,-50632
8821,1,-24668,-21569,0,32768,132,-50632
8822,1,-24535,-21720,0,32767,-179,-50306
8823,1,-24402,-21870,0,32768,22,-50306
8824,1,-24267,-22019,0,32767,223,-50306
8825,1,-24131,-22168,0,32768,-87,-49980
8826,1,-23995,-22316,0,32768,114,-49980
8827,1,-23858,-22462,0,32767,-198,-49654
8828,1,-23719,-22608,0,32768,4,-49654
8829,1,-23580,-22753,0,32767,205,-49654
8830,1,-23440,-22898,0,32768,-106,-49328
8831,1,-23299,-23041,0,32768,95,-49328
8832,1,-23157,-23184,0,32767,253,-49301
8833,1,-23015,-23325,0,32768,-58,-48975
8834,1,-22871,-23466,0,32768,143,-48975
8835,1,-22727,-23606,0,32768,-168,-48649
8836,1,-22581,-23745,0,32768,34,-48649
8837,1,-22435,-23883,0,32767,235,-48649
8838,1,-22288,-24020,0,32768,-76,-48324
8839,1,-22140,-24157,0,32768,126,-48324
8840,1,-21992,-24292,0,32768,-186,-47998
8841,1,-21842,-24426,0,32768,15,-47998
8842,1,-21692,-24560,0,32767,216,-47998
8843,1,-21541,-24693,0,32768,-94,-47672
8844,1,-21389,-24824,0,32768,106,-47672
8845,1,-21236,-24955,0,32767,-204,-47346
8846,1,-21083,-25085,0,32768,-3,-47346
8847,1,-20929,-25214,0,32768,198,-47346
8848,1,-20773,-25342,0,32768,-108,-47023
8849,1,-20618,-25469,0,32769,92,-47023
8850,1,-20461,-25595,0,32768,-218,-46697
8851,1,-20303,-25720,0,32768,-17,-46697
8852,1,-20145,-25844,0,32768,184,-46697
8853,1,-19986,-25967,0,32768,-127,-46371
8854,1,-19827,-26089,0,32768,73,-46371
8855,1,-19666,-26210,0,32767,-237,-46045
8856,1,-19505,-26331,0,32768,-36,-46045
8857,1,-19343,-26450,0,32768,165,-46045
8858,1,-19180,-26568,0,32768,-145,-45720
8859,1,-19017,-26685,0,32768,56,-45720
8860,1,-18853,-26801,0,32767,-255,-45394
8861,1,-18688,-26916,0,32768,-54,-45394
8862,1,-18523,-27031,0,32768,147,-45394
8863,1,-18356,-27144,0,32768,-163,-45068
8864,1,-18189,-27256,0,32768,38,-45068
8865,1,-18022,-27367,0,32767,238,-45068
8866,1,-17854,-27477,0,32768,-73,-44742
8867,1,-17685,-27586,0,32768,128,-44742
8868,1,-17515,-27694,0,32768,-147,-44439
8869,1,-17345,-27801,0,32769,54,-44439
8870,1,-17174,-27907,0,32768,255,-44439
8871,1,-17002,-28012,0,32768,-55,-44113
8872,1,-16830,-28116,0,32768,146,-44113
8873,1,-16657,-28218,0,32767,-165,-43787
8874,1,-16484,-28320,0,32768,36,-43787
8875,1,-16310,-28421,0,32768,237,-43787
8876,1,-16135,-28520,0,32768,-74,-43461
8877,1,-15960,-28619,0,32768,127,-43461
8878,1,-15784,-28716,0,32768,-183,-43136
8879,1,-15607,-28812,0,32767,18,-43136
8880,1,-15430,-28908,0,32768,219,-43136
8881,1,-15253,-29002,0,32768,-92,-42810
8882,1,-15074,-29095,0,32768,110,-42810
8883,1,-14896,-29187,0,32768,-202,-42484
8884,1,-14716,-29278,0,32768,0,-42484
8885,1,-14536,-29367,0,32767,201,-42484
8886,1,-14356,-29456,0,32768,-110,-42158
8887,1,-14175,-29543,0,32768,91,-42158
8888,1,-13993,-29630,0,32768,-216,-41835
8889,1,-13811,-29715,0,32768,-15,-41835
8890,1,-13629,-29799,0,32768,186,-41835
8891,1,-13446,-29882,0,32768,-125,-41509
8892,1,-13262,-29964,0,32768,76,-41509
8893,1,-13078,-30045,0,32767,-235,-41183
8894,1,-12893,-30125,0,32768,-33,-41183
8895,1,-12708,-30203,0,32767,168,-41183
8896,1,-12523,-30281,0,32768,-143,-40857
8897,1,-12337,-30357,0,32768,58,-40857
8898,1,-12150,-30432,0,32767,-253,-40531
8899,1,-11963,-30506,0,32768,-51,-40531
8900,1,-11776,-30579,0,32768,149,-40531
8901,1,-11588,-30651,0,32768,-161,-40205
8902,1,-11400,-30721,0,32768,40,-40205
8903,1,-11211,-30791,0,32768,241,-40205
8904,1,-11022,-30859,0,32768,-70,-39880
8905,1,-10832,-30926,0,32768,131,-39880
8906,1,-10642,-30992,0,32768,-179,-39554
8907,1,-10452,-31056,0,32768,21,-39554
8908,1,-10261,-31120,0,32768,-9,-39406
8909,1,-10070,-31182,0,32768,191,-39406
8910,1,-9878,-31244,0,32768,-118,-39080
8911,1,-9687,-31304,0,32769,82,-39080
8912,1,-9494,-31362,0,32767,-229,-38754
8913,1,-9302,-31420,0,32768,-28,-38754
8914,1,-9109,-31477,0,32768,173,-38754
8915,1,-8915,-31532,0,32768,-137,-38428
8916,1,-8722,-31586,0,32768,63,-38428
8917,1,-8528,-31639,0,32768,-247,-38103
8918,1,-8333,-31691,0,32769,-45,-38103
8919,1,-8139,-31741,0,32768,155,-38103
8920,1,-7944,-31790,0,32767,-156,-37777
8921,1,-7749,-31839,0,32769,45,-37777
8922,1,-7553,-31886,0,32768,247,-37777
8923,1,-7357,-31931,0,32768,-64,-37451
8924,1,-7161,-31976,0,32768,137,-37451
8925,1,-6965,-32019,0,32767,-174,-37125
8926,1,-6768,-32061,0,32768,27,-37125
8927,1,-6572,-32102,0,32767,228,-37125
8928,1,-6374,-32142,0,32768,-78,-36802
8929,1,-6177,-32181,0,32768,123,-36802
8930,1,-5980,-32218,0,32768,-189,-36476
8931,1,-5782,-32254,0,32768,13,-36476
8932,1,-5584,-32289,0,32768,214,-36476
8933,1,-5386,-32322,0,32768,-98,-36150
8934,1,-5187,-32355,0,32768,104,-36150
8935,1,-4988,-32386,0,32767,-206,-35824
8936,1,-4790,-32416,0,32768,-6,-35824
8937,1,-4591,-32445,0,32768,195,-35824
8938,1,-4392,-32472,0,32768,-116,-35499
8939,1,-4192,-32499,0,32768,86,-35499
8940,1,-3993,-32524,0,32768,-225,-35173
8941,1,-3793,-32548,0,32768,-24,-35173
8942,1,-3593,-32570,0,32767,177,-35173
8943,1,-3393,-32592,0,32768,-133,-34847
8944,1,-3193,-32612,0,32768,67,-34847
8945,1,-2993,-32631,0,32767,-243,-34521
8946,1,-2793,-32649,0,32768,-42,-34521
8947,1,-2592,-32665,0,32767,159,-34521
8948,1,-2392,-32681,0,32769,-117,-34218
8949,1,-2191,-32695,0,32768,85,-34218
8950,1,-1991,-32707,0,32767,-226,-33892
8951,1,-1790,-32719,0,32768,-25,-33892
8952,1,-1589,-32729,0,32767,176,-33892
8953,1,-1388,-32739,0,32768,-135,-33566
8954,1,-1188,-32746,0,32768,66,-33566
8955,1,-987,-32753,0,32767,-245,-33240
8956,1,-786,-32759,0,32768,-44,-33240
8957,1,-585,-32763,0,32768,157,-33240
8958,1,-384,-32766,0,32768,-154,-32915
8959,1,-182,-32767,0,32767,49,-32915
8960,1,19,-32768,0,32767,-211,-32621
8961,1,220,-32767,0,32768,-10,-32621
8962,1,421,-32765,0,32767,191,-32621
8963,1,622,-32762,0,32768,-120,-32296
8964,1,823,-32758,0,32768,81,-32296
8965,1,1024,-32752,0,32767,-230,-31970
8966,1,1225,-32745,0,32768,-28,-31970
8967,1,1426,-32737,0,32768,173,-31970
8968,1,1626,-32728,0,32768,-139,-31644
8969,1,1827,-32717,0,32768,62,-31644
8970,1,2028,-32705,0,32767,-248,-31318
8971,1,2229,-32692,0,32768,-47,-31318
8972,1,2429,-32678,0,32768,154,-31318
8973,1,2630,-32662,0,32768,-121,-31015
8974,1,2830,-32646,0,32769,79,-31015
8975,1,3030,-32628,0,32768,-231,-30689
8976,1,3230,-32608,0,32768,-30,-30689
8977,1,3430,-32588,0,32768,171,-30689
8978,1,3630,-32566,0,32768,-140,-30363
8979,1,3830,-32543,0,32768,61,-30363
8980,1,4030,-32519,0,32767,-249,-30037
8981,1,4229,-32494,0,32768,-49,-30037
8982,1,4428,-32467,0,32767,152,-30037
8983,1,4628,-32440,0,32768,-158,-29712
8984,1,4826,-32411,0,32769,42,-29712
8985,1,5025,-32380,0,32767,244,-29712
8986,1,5224,-32349,0,32768,-66,-29386
8987,1,5422,-32316,0,32768,134,-29386
8988,1,5620,-32282,0,32767,-177,-29060
8989,1,5818,-32247,0,32768,24,-29060
8990,1,6016,-32211,0,32767,225,-29060
8991,1,6214,-32173,0,32767,-85,-28734
8992,1,6411,-32135,0,32768,116,-28734
8993,1,6608,-32095,0,32768,-191,-28411
8994,1,6805,-32054,0,32768,10,-28411
8995,1,7001,-32011,0,32767,211,-28411
8996,1,7198,-31968,0,32769,-99,-28085
8997,1,7394,-31923,0,32768,102,-28085
8998,1,7589,-31877,0,32768,-210,-27759
8999,1,7785,-31830,0,32768,-8,-27759
9000,1,7980,-31781,0,32767,193,-27759
9001,1,8175,-31732,0,32768,-118,-27433
9002,1,8369,-31681,0,32768,83,-27433
9003,1,8564,-31629,0,32768,-227,-27107
9004,1,8758,-31576,0,32768,-26,-27107
9005,1,8951,-31522,0,32768,175,-27107
9006,1,9144,-31466,0,32768,-136,-26781
9007,1,9337,-31410,0,32769,65,-26781
9008,1,9530,-31352,0,32768,-246,-26456
9009,1,9722,-31293,0,32768,-45,-26456
9010,1,9914,-31232,0,32767,156,-26456
9011,1,10105,-31171,0,32768,-155,-26130
9012,1,10296,-31108,0,32767,46,-26130
9013,1,10487,-31045,0,32769,16,-25982
9014,1,10677,-30980,0,32768,217,-25982
9015,1,10867,-30914,0,32769,-94,-25656
9016,1,11057,-30846,0,32768,108,-25656
9017,1,11246,-30778,0,32768,-204,-25330
9018,1,11434,-30708,0,32768,-3,-25330
9019,1,11623,-30638,0,32768,199,-25330
9020,1,11810,-30566,0,32768,-113,-25004
9021,1,11998,-30493,0,32769,89,-25004
9022,1,12185,-30418,0,32767,-221,-24679
9023,1,12371,-30343,0,32768,-21,-24679
9024,1,12557,-30267,0,32768,180,-24679
9025,1,12742,-30189,0,32768,-131,-24353
9026,1,12927,-30110,0,32768,70,-24353
9027,1,13112,-30030,0,32767,-240,-24027
9028,1,13296,-29949,0,32768,-39,-24027
9029,1,13479,-29867,0,32768,161,-24027
9030,1,13662,-29784,0,32768,-149,-23701
9031,1,13845,-29699,0,32768,52,-23701
9032,1,14027,-29614,0,32767,253,-23701
9033,1,14208,-29527,0,32768,-54,-23378
9034,1,14389,-29440,0,32768,147,-23378
9035,1,14570,-29351,0,32768,-163,-23052
9036,1,14749,-29261,0,32768,37,-23052
9037,1,14929,-29170,0,32768,239,-23052
9038,1,15107,-29078,0,32768,-73,-22726
9039,1,15286,-28984,0,32768,130,-22726
9040,1,15463,-28890,0,32768,-182,-22400
9041,1,15640,-28795,0,32769,19,-22400
9042,1,15816,-28698,0,32767,220,-22400
9043,1,15992,-28601,0,32768,-90,-22075
9044,1,16167,-28502,0,32768,111,-22075
9045,1,16342,-28402,0,32767,-200,-21749
9046,1,16516,-28301,0,32768,1,-21749
9047,1,16689,-28199,0,32767,202,-21749
9048,1,16862,-28096,0,32767,-108,-21423
9049,1,17034,-27992,0,32768,93,-21423
9050,1,17206,-27887,0,32767,-218,-21097
9051,1,17376,-27781,0,32767,-17,-21097
9052,1,17547,-27674,0,32768,185,-21097
9053,1,17716,-27566,0,32768,-91,-20794
9054,1,17885,-27457,0,32769,110,-20794
9055,1,18053,-27347,0,32768,-201,-20468
9056,1,18220,-27235,0,32768,0,-20468
9057,1,18387,-27123,0,32768,201,-20468
9058,1,18553,-27010,0,32768,-110,-20142
9059,1,18719,-26895,0,32768,92,-20142
9060,1,18883,-26780,0,32767,-220,-19816
9061,1,19047,-26664,0,32768,-19,-19816
9062,1,19210,-26546,0,32767,182,-19816
9063,1,19373,-26428,0,32768,-128,-19491
9064,1,19535,-26308,0,32768,74,-19491
9065,1,19696,-26188,0,32767,-237,-19165
9066,1,19856,-26067,0,32768,-37,-19165
9067,1,20016,-25944,0,32768,165,-19165
9068,1,20175,-25821,0,32768,-146,-18839
9069,1,20333,-25697,0,32768,55,-18839
9070,1,20490,-25572,0,32768,256,-18839
9071,1,20646,-25445,0,32767,-55,-18513
9072,1,20802,-25318,0,32767,146,-18513
9073,1,20957,-25190,0,32768,-161,-18190
9074,1,21111,-25061,0,32768,40,-18190
9075,1,21265,-24931,0,32767,242,-18190
9076,1,21417,-24800,0,32768,-69,-17864
9077,1,21569,-24668,0,32768,132,-17864
9078,1,21720,-24535,0,32767,-179,-17538
9079,1,21870,-24402,0,32768,22,-17538
9080,1,22019,-24267,0,32767,223,-17538
9081,1,22168,-24131,0,32768,-87,-17212
9082,1,22316,-23995,0,32768,114,-17212
9083,1,22462,-23858,0,32767,-198,-16886
9084,1,22608,-23719,0,32768,4,-16886
9085,1,22753,-23580,0,32767,205,-16886
9086,1,22898,-23440,0,32768,-106,-16560
9087,1,23041,-23299,0,32768,95,-16560
9088,1,23184,-23157,0,32767,253,-16533
9089,1,23325,-23015,0,32768,-58,-16207
9090,1,23466,-22871,0,32768,143,-16207
9091,1,23606,-22727,0,32768,-168,-15881
9092,1,23745,-22581,0,32768,34,-15881
9093,1,23883,-22435,0,32767,235,-15881
9094,1,24020,-22288,0,32768,-76,-15556
9095,1,24157,-22140,0,32768,126,-15556
9096,1,24292,-21992,0,32768,-186,-15230
9097,1,24426,-21842,0,32768,15,-15230
9098,1,24560,-21692,0,32767,216,-15230
9099,1,24693,-21541,0,32768,-94,-14904
9100,1,24824,-21389,0,32768,106,-14904
9101,1,24955,-21236,0,32767,-204,-14578
9102,1,25085,-21083,0,32768,-3,-14578
9103,1,25214,-20929,0,32768,198,-14578
9104,1,25342,-20773,0,32768,-108,-14255
9105,1,25469,-20618,0,32769,92,-14255
9106,1,25595,-20461,0,32768,-218,-13929
9107,1,25720,-20303,0,32768,-17,-13929
9108,1,25844,-20145,0,32768,184,-13929
9109,1,25967,-19986,0,32768,-127,-13603
9110,1,26089,-19827,0,32768,73,-13603
9111,1,26210,-19666,0,32767,-237,-13277
9112,1,26331,-19505,0,32768,-36,-13277
9113,1,26450,-19343,0,32768,165,-13277
9114,1,26568,-19180,0,32768,-145,-12952
9115,1,26685,-19017,0,32768,56,-12952
9116,1,26801,-18853,0,32767,-255,-12626
9117,1,26916,-18688,0,32768,-54,-12626
9118,1,27031,-18523,0,32768,147,-12626
9119,1,27144,-18356,0,32768,-163,-12300
9120,1,27256,-18189,0,32768,38,-12300
9121,1,27367,-18022,0,32767,238,-12300
9122,1,27477,-17854,0,32768,-73,-11974
9123,1,27586,-17685,0,32768,128,-11974
9124,1,27694,-17515,0,32768,-147,-11671
9125,1,27801,-17345,0,32769,54,-11671
9126,1,27907,-17174,0,32768,255,-11671
9127,1,28012,-17002,0,32768,-55,-11345
9128,1,28116,-16830,0,32768,146,-11345
9129,1,28218,-16657,0,32767,-165,-11019
9130,1,28320,-16484,0,32768,36,-11019
9131,1,28421,-16310,0,32768,237,-11019
9132,1,28520,-16135,0,32768,-74,-10693
9133,1,28619,-15960,0,32768,127,-10693
9134,1,28716,-15784,0,32768,-183,-10368
9135,1,28812,-15607,0,32767,18,-10368
9136,1,28908,-15430,0,32768,219,-10368
9137,1,29002,-15253,0,32768,-92,-10042
9138,1,29095,-15074,0,32768,110,-10042
9139,1,29187,-14896,0,32768,-202,-9716
9140,1,29278,-14716,0,32768,0,-9716
9141,1,29367,-14536,0,32767,201,-9716
9142,1,29456,-14356,0,32768,-110,-9390
9143,1,29543,-14175,0,32768,91,-9390
9144,1,29630,-13993,0,32768,-216,-9067
9145,1,29715,-13811,0,32768,-15,-9067
9146,1,29799,-13629,0,32768,186,-9067
9147,1,29882,-13446,0,32768,-125,-8741
9148,1,29964,-13262,0,32768,76,-8741
9149,1,30045,-13078,0,32767,-235,-8415
9150,1,30125,-12893,0,32768,-33,-8415
9151,1,30203,-12708,0,32767,168,-8415
9152,1,30281,-12523,0,32768,-143,-8089
9153,1,30357,-12337,0,32768,58,-8089
9154,1,30432,-12150,0,32767,-253,-7763
9155,1,30506,-11963,0,32768,-51,-7763
9156,1,30579,-11776,0,32768,149,-7763
9157,1,30651,-11588,0,32768,-161,-7437
9158,1,30721,-11400,0,32768,40,-7437
9159,1,30791,-11211,0,32768,241,-7437
9160,1,30859,-11022,0,32768,-70,-7112
9161,1,30926,-10832,0,32768,131,-7112
9162,1,30992,-10642,0,32768,-179,-6786
9163,1,31056,-10452,0,32768,21,-6786
9164,1,31120,-10261,0,32768,-9,-6638
9165,1,31182,-10070,0,32768,191,-6638
9166,1,31244,-9878,0,32768,-118,-6312
9167,1,31304,-9687,0,32769,82,-6312
9168,1,31362,-9494,0,32767,-229,-5986
9169,1,31420,-9302,0,32768,-28,-5986
9170,1,31477,-9109,0,32768,173,-5986
9171,1,31532,-8915,0,32768,-137,-5660
9172,1,31586,-8722,0,32768,63,-5660
9173,1,31639,-8528,0,32768,-247,-5335
9174,1,31691,-8333,0,32769,-45,-5335
9175,1,31741,-8139,0,32768,155,-5335
9176,1,31790,-7944,0,32767,-156,-5009
9177,1,31839,-7749,0,32769,45,-5009
9178,1,31886,-7553,0,32768,247,-5009
9179,1,31931,-7357,0,32768,-64,-4683
9180,1,31976,-7161,0,32768,137,-4683
9181,1,32019,-6965,0,32767,-174,-4357
9182,1,32061,-6768,0,32768,27,-4357
9183,1,32102,-6572,0,32767,228,-4357
9184,1,32142,-6374,0,32768,-78,-4034
9185,1,32181,-6177,0,32768,123,-4034
9186,1,32218,-5980,0,32768,-189,-3708
9187,1,32254,-5782,0,32768,13,-3708
9188,1,32289,-5584,0,32768,214,-3708
9189,1,32322,-5386,0,32768,-98,-3382
9190,1,32355,-5187,0,32768,104,-3382
9191,1,32386,-4988,0,32767,-206,-3056
9192,1,32416,-4790,0,32768,-6,-3056
9193,1,32445,-4591,0,32768,195,-3056
9194,1,32472,-4392,0,32768,-116,-2731
9195,1,32499,-4192,0,32768,86,-2731
9196,1,32524,-3993,0,32768,-225,-2405
9197,1,32548,-3793,0,32768,-24,-2405
9198,1,32570,-3593,0,32767,177,-2405
9199,1,32592,-3393,0,32768,-133,-2079
9200,1,32612,-3193,0,32768,67,-2079
9201,1,32631,-2993,0,32767,-243,-1753
9202,1,32649,-2793,0,32768,-42,-1753
9203,1,32665,-2592,0,32767,159,-1753
9204,1,32681,-2392,0,32769,-117,-1450
9205,1,32695,-2191,0,32768,85,-1450
9206,1,32707,-1991,0,32767,-226,-1124
9207,1,32719,-1790,0,32768,-25,-1124
9208,1,32729,-1589,0,32767,176,-1124
9209,1,32739,-1388,0,32768,-135,-798
9210,1,32746,-1188,0,32768,66,-798
9211,1,32753,-987,0,32767,-245,-472
9212,1,32759,-786,0,32768,-44,-472
9213,1,32763,-585,0,32768,157,-472
9214,1,32766,-384,0,32768,-154,-147
9215,1,32767,-182,0,32767,49,-147
9216,1,16384,9,0,16384,-106,147
9217,1,16384,110,0,16385,-5,147
9218,1,16383,210,0,16384,95,147
9219,1,16381,311,0,16384,-60,472
9220,1,16379,411,0,16384,40,472
9221,1,16376,512,0,16384,-115,798
9222,1,16373,612,0,16385,-15,798
9223,1,16368,713,0,16383,87,798
9224,1,16364,813,0,16384,-69,1124
9225,1,16359,914,0,16385,31,1124
9226,1,16353,1014,0,16384,-124,1450
9227,1,16346,1114,0,16384,-24,1450
9228,1,16339,1215,0,16384,78,1450
9229,1,16331,1315,0,16384,-61,1753
9230,1,16323,1415,0,16385,40,1753
9231,1,16314,1515,0,16384,-116,2079
9232,1,16304,1615,0,16384,-15,2079
9233,1,16294,1715,0,16384,85,2079
9234,1,16283,1815,0,16384,-70,2405
9235,1,16272,1915,0,16385,31,2405
9236,1,16260,2015,0,16384,-125,2731
9237,1,16247,2115,0,16384,-24,2731
9238,1,16234,2214,0,16384,76,2731
9239,1,16220,2314,0,16384,-79,3056
9240,1,16205,2413,0,16384,21,3056
9241,1,16190,2513,0,16384,122,3056
9242,1,16174,2612,0,16384,-33,3382
9243,1,16158,2711,0,16384,67,3382
9244,1,16141,2810,0,16384,-89,3708
9245,1,16124,2909,0,16384,12,3708
9246,1,16105,3008,0,16383,113,3708
9247,1,16087,3107,0,16384,-42,4034
9248,1,16067,3205,0,16384,58,4034
9249,1,16047,3304,0,16384,-96,4357
9250,1,16027,3402,0,16384,5,4357
9251,1,16006,3501,0,16384,106,4357
9252,1,15984,3599,0,16384,-50,4683
9253,1,15961,3697,0,16384,51,4683
9254,1,15938,3795,0,16383,-104,5009
9255,1,15915,3892,0,16384,-4,5009
9256,1,15891,3990,0,16384,96,5009
9257,1,15866,4087,0,16384,-59,5335
9258,1,15841,4185,0,16384,42,5335
9259,1,15815,4282,0,16384,-114,5661
9260,1,15788,4379,0,16384,-13,5661
9261,1,15761,4476,0,16384,88,5661
9262,1,15733,4572,0,16384,-68,5987
9263,1,15705,4669,0,16384,33,5987
9264,1,15676,4765,0,16384,-123,6312
9265,1,15646,4861,0,16384,-22,6312
9266,1,15616,4957,0,16384,78,6312
9267,1,15585,5053,0,16383,-77,6638
9268,1,15554,5148,0,16384,23,6638
9269,1,15522,5244,0,16384,8,6786
9270,1,15490,5339,0,16384,109,6786
9271,1,15457,5434,0,16385,-47,7112
9272,1,15423,5528,0,16384,53,7112
9273,1,15389,5623,0,16384,-102,7438
9274,1,15354,5717,0,16384,-1,7438
9275,1,15319,5811,0,16384,99,7438
9276,1,15283,5905,0,16384,-56,7764
9277,1,15246,5999,0,16384,45,7764
9278,1,15209,6092,0,16384,-111,8089
9279,1,15172,6186,0,16385,-10,8089
9280,1,15133,6278,0,16384,90,8089
9281,1,15094,6371,0,16384,-65,8415
9282,1,15055,6464,0,16384,36,8415
9283,1,15015,6556,0,16383,-120,8741
9284,1,14975,6648,0,16384,-20,8741
9285,1,14934,6740,0,16385,81,8741
9286,1,14892,6831,0,16384,-75,9067
9287,1,14850,6922,0,16384,26,9067
9288,1,14807,7013,0,16383,126,9067
9289,1,14764,7104,0,16385,-27,9390
9290,1,14720,7195,0,16384,74,9390
9291,1,14675,7285,0,16384,-81,9716
9292,1,14630,7375,0,16384,19,9716
9293,1,14585,7464,0,16384,119,9716
9294,1,14539,7554,0,16384,-36,10042
9295,1,14492,7643,0,16384,65,10042
9296,1,14445,7732,0,16384,-90,10368
9297,1,14397,7820,0,16384,10,10368
9298,1,14349,7908,0,16384,110,10368
9299,1,14300,7996,0,16384,-45,10693
9300,1,14251,8084,0,16384,56,10693
9301,1,14201,8171,0,16384,-100,11019
9302,1,14151,8258,0,16384,0,11019
9303,1,14100,8345,0,16384,102,11019
9304,1,14048,8431,0,16384,-54,11345
9305,1,13996,8517,0,16384,46,11345
9306,1,13944,8603,0,16384,-109,11671
9307,1,13891,8688,0,16384,-9,11671
9308,1,13837,8773,0,16383,92,11671
9309,1,13783,8858,0,16384,-46,11974
9310,1,13728,8942,0,16384,55,11974
9311,1,13673,9026,0,16383,-101,12300
9312,1,13618,9110,0,16384,0,12300
9313,1,13561,9194,0,16384,101,12300
9314,1,13505,9277,0,16385,-55,12626
9315,1,13448,9359,0,16384,45,12626
9316,1,13390,9442,0,16384,-109,12952
9317,1,13332,9524,0,16384,-9,12952
9318,1,13273,9605,0,16384,91,12952
9319,1,13214,9687,0,16384,-64,13277
9320,1,13154,9767,0,16384,36,13277
9321,1,13094,9848,0,16384,-119,13603
9322,1,13033,9928,0,16384,-18,13603
9323,1,12972,10008,0,16384,83,13603
9324,1,12911,10087,0,16384,-74,13929
9325,1,12848,10166,0,16384,27,13929
9326,1,12786,10245,0,16384,128,13929
9327,1,12723,10323,0,16384,-28,14255
9328,1,12659,10401,0,16384,73,14255
9329,1,12595,10479,0,16384,-80,14578
9330,1,12531,10556,0,16385,20,14578
9331,1,12466,10632,0,16384,120,14578
9332,1,12400,10709,0,16384,-34,14904
9333,1,12334,10785,0,16384,66,14904
9334,1,12268,10860,0,16384,-90,15230
9335,1,12201,10935,0,16384,11,15230
9336,1,12133,11010,0,16384,112,15230
9337,1,12066,11084,0,16384,-44,15556
9338,1,11997,11158,0,16384,57,15556
9339,1,11929,11231,0,16384,-99,15882
9340,1,11860,11304,0,16384,2,15882
9341,1,11790,11377,0,16384,103,15882
9342,1,11720,11449,0,16384,-53,16208
9343,1,11650,11521,0,16385,48,16208
9344,1,11579,11592,0,16384,126,16235
9345,1,11507,11663,0,16384,-29,16561
9346,1,11436,11733,0,16384,71,16561
9347,1,11363,11803,0,16384,-84,16887
9348,1,11291,11872,0,16384,16,16887
9349,1,11218,11942,0,16384,117,16887
9350,1,11144,12010,0,16384,-38,17212
9351,1,11070,12078,0,16384,62,17212
9352,1,10996,12146,0,16384,-93,17538
9353,1,10921,12213,0,16384,8,17538
9354,1,10846,12280,0,16384,108,17538
9355,1,10770,12346,0,16384,-47,17864
9356,1,10695,12412,0,16384,53,17864
9357,1,10618,12478,0,16384,-102,18190
9358,1,10541,12542,0,16383,-2,18190
9359,1,10464,12607,0,16384,99,18190
9360,1,10387,12671,0,16385,-55,18513
9361,1,10309,12734,0,16384,46,18513
9362,1,10230,12797,0,16383,-109,18839
9363,1,10152,12860,0,16384,-9,18839
9364,1,10073,12922,0,16384,92,18839
9365,1,9993,12984,0,16384,-63,19165
9366,1,9913,13045,0,16384,37,19165
9367,1,9833,13105,0,16383,-119,19491
9368,1,9752,13165,0,16384,-18,19491
9369,1,9672,13225,0,16384,82,19491
9370,1,9590,13284,0,16384,-73,19816
9371,1,9508,13343,0,16384,29,19816
9372,1,9426,13401,0,16383,-127,20142
9373,1,9344,13458,0,16384,-27,20142
9374,1,9261,13515,0,16384,74,20142
9375,1,9178,13572,0,16384,-82,20468
9376,1,9095,13628,0,16384,18,20468
9377,1,9011,13684,0,16384,119,20468
9378,1,8927,13739,0,16384,-36,20794
9379,1,8842,13793,0,16384,65,20794
9380,1,8758,13847,0,16384,-74,21097
9381,1,8672,13901,0,16384,28,21097
9382,1,8587,13953,0,16384,127,21097
9383,1,8501,14006,0,16384,-27,21423
9384,1,8415,14058,0,16384,73,21423
9385,1,8329,14109,0,16384,-83,21749
9386,1,8242,14160,0,16384,18,21749
9387,1,8155,14210,0,16384,118,21749
9388,1,8068,14260,0,16384,-37,22075
9389,1,7980,14309,0,16384,63,22075
9390,1,7892,14358,0,16384,-92,22400
9391,1,7804,14406,0,16384,8,22400
9392,1,7715,14454,0,16384,110,22400
9393,1,7626,14501,0,16384,-46,22726
9394,1,7537,14547,0,16384,55,22726
9395,1,7448,14593,0,16384,-101,23052
9396,1,7358,14639,0,16384,0,23052
9397,1,7268,14684,0,16384,100,23052
9398,1,7178,14728,0,16384,-55,23378
9399,1,7087,14772,0,16384,46,23378
9400,1,6997,14815,0,16384,-108,23701
9401,1,6906,14858,0,16385,-7,23701
9402,1,6814,14900,0,16384,93,23701
9403,1,6723,14941,0,16384,-62,24027
9404,1,6631,14982,0,16384,38,24027
9405,1,6539,15023,0,16384,-117,24353
9406,1,6447,15062,0,16384,-17,24353
9407,1,6354,15102,0,16384,84,24353
9408,1,6261,15140,0,16383,-71,24679
9409,1,6168,15179,0,16384,29,24679
9410,1,6075,15216,0,16384,-126,25005
9411,1,5982,15253,0,16384,-26,25005
9412,1,5888,15289,0,16383,75,25005
9413,1,5794,15325,0,16384,-81,25331
9414,1,5700,15361,0,16384,20,25331
9415,1,5605,15395,0,16383,121,25331
9416,1,5511,15429,0,16384,-35,25656
9417,1,5416,15463,0,16384,66,25656
9418,1,5321,15496,0,16384,-90,25982
9419,1,5226,15528,0,16384,11,25982
9420,1,5131,15560,0,16384,-5,26130
9421,1,5035,15591,0,16384,96,26130
9422,1,4939,15622,0,16384,-59,26456
9423,1,4843,15652,0,16384,41,26456
9424,1,4747,15681,0,16384,-114,26782
9425,1,4651,15710,0,16384,-14,26782
9426,1,4554,15738,0,16384,87,26782
9427,1,4458,15766,0,16384,-69,27108
9428,1,4361,15793,0,16384,32,27108
9429,1,4264,15819,0,16383,-124,27433
9430,1,4167,15845,0,16384,-23,27433
9431,1,4069,15871,0,16385,78,27433
9432,1,3972,15895,0,16384,-78,27759
9433,1,3874,15919,0,16384,23,27759
9434,1,3777,15943,0,16384,123,27759
9435,1,3679,15966,0,16384,-32,28085
9436,1,3581,15988,0,16384,68,28085
9437,1,3483,16010,0,16384,-87,28411
9438,1,3384,16031,0,16384,14,28411
9439,1,3286,16051,0,16384,114,28411
9440,1,3187,16071,0,16384,-39,28734
9441,1,3089,16090,0,16384,61,28734
9442,1,2990,16109,0,16384,-94,29060
9443,1,2891,16127,0,16384,6,29060
9444,1,2792,16144,0,16383,107,29060
9445,1,2693,16161,0,16384,-49,29386
9446,1,2594,16177,0,16384,51,29386
9447,1,2494,16193,0,16384,-103,29712
9448,1,2395,16208,0,16384,-3,29712
9449,1,2295,16222,0,16383,98,29712
9450,1,2196,16236,0,16384,-58,30037
9451,1,2096,16249,0,16384,43,30037
9452,1,1996,16262,0,16383,-112,30363
9453,1,1897,16274,0,16384,-12,30363
9454,1,1797,16285,0,16384,88,30363
9455,1,1697,16296,0,16384,-67,30689
9456,1,1597,16306,0,16384,33,30689
9457,1,1497,16316,0,16384,-122,31015
9458,1,1396,16324,0,16384,-21,31015
9459,1,1296,16333,0,16384,80,31015
9460,1,1196,16340,0,16384,-58,31318
9461,1,1096,16347,0,16384,42,31318
9462,1,995,16354,0,16384,-113,31644
9463,1,895,16360,0,16384,-12,31644
9464,1,795,16365,0,16384,88,31644
9465,1,694,16369,0,16384,-67,31970
9466,1,594,16373,0,16384,33,31970
9467,1,493,16377,0,16384,-122,32296
9468,1,393,16379,0,16384,-22,32296
9469,1,292,16381,0,16383,79,32296
9470,1,192,16383,0,16384,-77,32621
9471,1,91,16384,0,16384,24,32621
9472,1,-9,16384,0,16384,-106,32915
9473,1,-110,16384,0,16385,-5,32915
9474,1,-210,16383,0,16384,95,32915
9475,1,-311,16381,0,16384,-60,33240
9476,1,-411,16379,0,16384,40,33240
9477,1,-512,16376,0,16384,-115,33566
9478,1,-612,16373,0,16385,-15,33566
9479,1,-713,16368,0,16383,87,33566
9480,1,-813,16364,0,16384,-69,33892
9481,1,-914,16359,0,16385,31,33892
9482,1,-1014,16353,0,16384,-124,34218
9483,1,-1114,16346,0,16384,-24,34218
9484,1,-1215,16339,0,16384,78,34218
9485,1,-1315,16331,0,16384,-61,34521
9486,1,-1415,16323,0,16385,40,34521
9487,1,-1515,16314,0,16384,-116,34847
9488,1,-1615,16304,0,16384,-15,34847
9489,1,-1715,16294,0,16384,85,34847
9490,1,-1815,16283,0,16384,-70,35173
9491,1,-1915,16272,0,16385,31,35173
9492,1,-2015,16260,0,16384,-125,35499
9493,1,-2115,16247,0,16384,-24,35499
9494,1,-2214,16234,0,16384,76,35499
9495,1,-2314,16220,0,16384,-79,35824
9496,1,-2413,16205,0,16384,21,35824
9497,1,-2513,16190,0,16384,122,35824
9498,1,-2612,16174,0,16384,-33,36150
9499,1,-2711,16158,0,16384,67,36150
9500,1,-2810,16141,0,16384,-89,36476
9501,1,-2909,16124,0,16384,12,36476
9502,1,-3008,16105,0,16383,113,36476
9503,1,-3107,16087,0,16384,-42,36802
9504,1,-3205,16067,0,16384,58,36802
9505,1,-3304,16047,0,16384,-96,37125
9506,1,-3402,16027,0,16384,5,37125
9507,1,-3501,16006,0,16384,106,37125
9508,1,-3599,15984,0,16384,-50,37451
9509,1,-3697,15961,0,16384,51,37451
9510,1,-3795,15938,0,16383,-104,37777
9511,1,-3892,15915,0,16384,-4,37777
9512,1,-3990,15891,0,16384,96,37777
9513,1,-4087,15866,0,16384,-59,38103
9514,1,-4185,15841,0,16384,42,38103
9515,1,-4282,15815,0,16384,-114,38429
9516,1,-4379,15788,0,16384,-13,38429
9517,1,-4476,15761,0,16384,88,38429
9518,1,-4572,15733,0,16384,-68,38755
9519,1,-4669,15705,0,16384,33,38755
9520,1,-4765,15676,0,16384,-123,39080
9521,1,-4861,15646,0,16384,-22,39080
9522,1,-4957,15616,0,16384,78,39080
9523,1,-5053,15585,0,16383,-77,39406
9524,1,-5148,15554,0,16384,23,39406
9525,1,-5244,15522,0,16384,8,39554
9526,1,-5339,15490,0,16384,109,39554
9527,1,-5434,15457,0,16385,-47,39880
9528,1,-5528,15423,0,16384,53,39880
9529,1,-5623,15389,0,16384,-102,40206
9530,1,-5717,15354,0,16384,-1,40206
9531,1,-5811,15319,0,16384,99,40206
9532,1,-5905,15283,0,16384,-56,40532
9533,1,-5999,15246,0,16384,45,40532
9534,1,-6092,15209,0,16384,-111,40857
9535,1,-6186,15172,0,16385,-10,40857
9536,1,-6278,15133,0,16384,90,40857
9537,1,-6371,15094,0,16384,-65,41183
9538,1,-6464,15055,0,16384,36,41183
9539,1,-6556,15015,0,16383,-120,41509
9540,1,-6648,14975,0,16384,-20,41509
9541,1,-6740,14934,0,16385,81,41509
9542,1,-6831,14892,0,16384,-75,41835
9543,1,-6922,14850,0,16384,26,41835
9544,1,-7013,14807,0,16383,126,41835
9545,1,-7104,14764,0,16385,-27,42158
9546,1,-7195,14720,0,16384,74,42158
9547,1,-7285,14675,0,16384,-81,42484
9548,1,-7375,14630,0,16384,19,42484
9549,1,-7464,14585,0,16384,119,42484
9550,1,-7554,14539,0,16384,-36,42810
9551,1,-7643,14492,0,16384,65,42810
9552,1,-7732,14445,0,16384,-90,43136
9553,1,-7820,14397,0,16384,10,43136
9554,1,-7908,14349,0,16384,110,43136
9555,1,-7996,14300,0,16384,-45,43461
9556,1,-8084,14251,0,16384,56,43461
9557,1,-8171,14201,0,16384,-100,43787
9558,1,-8258,14151,0,16384,0,43787
9559,1,-8345,14100,0,16384,102,43787
9560,1,-8431,14048,0,16384,-54,44113
9561,1,-8517,13996,0,16384,46,44113
9562,1,-8603,13944,0,16384,-109,44439
9563,1,-8688,13891,0,16384,-9,44439
9564,1,-8773,13837,0,16383,92,44439
9565,1,-8858,13783,0,16384,-46,44742
9566,1,-8942,13728,0,16384,55,44742
9567,1,-9026,13673,0,16383,-101,45068
9568,1,-9110,13618,0,16384,0,45068
9569,1,-9194,13561,0,16384,101,45068
9570,1,-9277,13505,0,16385,-55,45394
9571,1,-9359,13448,0,16384,45,45394
9572,1,-9442,13390,0,16384,-109,45720
9573,1,-9524,13332,0,16384,-9,45720
9574,1,-9605,13273,0,16384,91,45720
9575,1,-9687,13214,0,16384,-64,46045
9576,1,-9767,13154,0,16384,36,46045
9577,1,-9848,13094,0,16384,-119,46371
9578,1,-9928,13033,0,16384,-18,46371
9579,1,-10008,12972,0,16384,83,46371
9580,1,-10087,12911,0,16384,-74,46697
9581,1,-10166,12848,0,16384,27,46697
9582,1,-10245,12786,0,16384,128,46697
9583,1,-10323,12723,0,16384,-28,47023
9584,1,-10401,12659,0,16384,73,47023
9585,1,-10479,12595,0,16384,-80,47346
9586,1,-10556,12531,0,16385,20,47346
9587,1,-10632,12466,0,16384,120,47346
9588,1,-10709,12400,0,16384,-34,47672
9589,1,-10785,12334,0,16384,66,47672
9590,1,-10860,12268,0,16384,-90,47998
9591,1,-10935,12201,0,16384,11,47998
9592,1,-11010,12133,0,16384,112,47998
9593,1,-11084,12066,0,16384,-44,48324
9594,1,-11158,11997,0,16384,57,48324
9595,1,-11231,11929,0,16384,-99,48650
9596,1,-11304,11860,0,16384,2,48650
9597,1,-11377,11790,0,16384,103,48650
9598,1,-11449,11720,0,16384,-53,48976
9599,1,-11521,11650,0,16385,48,48976
9600,1,-11592,11579,0,16384,126,49003
9601,1,-11663,11507,0,16384,-29,49329
9602,1,-11733,11436,0,16384,71,49329
9603,1,-11803,11363,0,16384,-84,49655
9604,1,-11872,11291,0,16384,16,49655
9605,1,-11942,11218,0,16384,117,49655
9606,1,-12010,11144,0,16384,-38,49980
9607,1,-12078,11070,0,16384,62,49980
9608,1,-12146,10996,0,16384,-93,50306
9609,1,-12213,10921,0,16384,8,50306
9610,1,-12280,10846,0,16384,108,50306
9611,1,-12346,10770,0,16384,-47,50632
9612,1,-12412,10695,0,16384,53,50632
9613,1,-12478,10618,0,16384,-102,50958
9614,1,-12542,10541,0,16383,-2,50958
9615,1,-12607,10464,0,16384,99,50958
9616,1,-12671,10387,0,16385,-55,51281
9617,1,-12734,10309,0,16384,46,51281
9618,1,-12797,10230,0,16383,-109,51607
9619,1,-12860,10152,0,16384,-9,51607
9620,1,-12922,10073,0,16384,92,51607
9621,1,-12984,9993,0,16384,-63,51933
9622,1,-13045,9913,0,16384,37,51933
9623,1,-13105,9833,0,16383,-119,52259
9624,1,-13165,9752,0,16384,-18,52259
9625,1,-13225,9672,0,16384,82,52259
9626,1,-13284,9590,0,16384,-73,52584
9627,1,-13343,9508,0,16384,29,52584
9628,1,-13401,9426,0,16383,-127,52910
9629,1,-13458,9344,0,16384,-27,52910
9630,1,-13515,9261,0,16384,74,52910
9631,1,-13572,9178,0,16384,-82,53236
9632,1,-13628,9095,0,16384,18,53236
9633,1,-13684,9011,0,16384,119,53236
9634,1,-13739,8927,0,16384,-36,53562
9635,1,-13793,8842,0,16384,65,53562
9636,1,-13847,8758,0,16384,-74,53865
9637,1,-13901,8672,0,16384,28,53865
9638,1,-13953,8587,0,16384,127,53865
9639,1,-14006,8501,0,16384,-27,54191
9640,1,-14058,8415,0,16384,73,54191
9641,1,-14109,8329,0,16384,-83,54517
9642,1,-14160,8242,0,16384,18,54517
9643,1,-14210,8155,0,16384,118,54517
9644,1,-14260,8068,0,16384,-37,54843
9645,1,-14309,7980,0,16384,63,54843
9646,1,-14358,7892,0,16384,-92,55168
9647,1,-14406,7804,0,16384,8,55168
9648,1,-14454,7715,0,16384,110,55168
9649,1,-14501,7626,0,16384,-46,55494
9650,1,-14547,7537,0,16384,55,55494
9651,1,-14593,7448,0,16384,-101,55820
9652,1,-14639,7358,0,16384,0,55820
9653,1,-14684,7268,0,16384,100,55820
9654,1,-14728,7178,0,16384,-55,56146
9655,1,-14772,7087,0,16384,46,56146
9656,1,-14815,6997,0,16384,-108,56469
9657,1,-14858,6906,0,16385,-7,56469
9658,1,-14900,6814,0,16384,93,56469
9659,1,-14941,6723,0,16384,-62,56795
9660,1,-14982,6631,0,16384,38,56795
9661,1,-15023,6539,0,16384,-117,57121
9662,1,-15062,6447,0,16384,-17,57121
9663,1,-15102,6354,0,16384,84,57121
9664,1,-15140,6261,0,16383,-71,57447
9665,1,-15179,6168,0,16384,29,57447
9666,1,-15216,6075,0,16384,-126,57773
9667,1,-15253,5982,0,16384,-26,57773
9668,1,-15289,5888,0,16383,75,57773
9669,1,-15325,5794,0,16384,-81,58099
9670,1,-15361,5700,0,16384,20,58099
9671,1,-15395,5605,0,16383,121,58099
9672,1,-15429,5511,0,16384,-35,58424
9673,1,-15463,5416,0,16384,66,58424
9674,1,-15496,5321,0,16384,-90,58750
9675,1,-15528,5226,0,16384,11,58750
9676,1,-15560,5131,0,16384,-5,58898
9677,1,-15591,5035,0,16384,96,58898
9678,1,-15622,4939,0,16384,-59,59224
9679,1,-15652,4843,0,16384,41,59224
9680,1,-15681,4747,0,16384,-114,59550
9681,1,-15710,4651,0,16384,-14,59550
9682,1,-15738,4554,0,16384,87,59550
9683,1,-15766,4458,0,16384,-69,59876
9684,1,-15793,4361,0,16384,32,59876
9685,1,-15819,4264,0,16383,-124,60201
9686,1,-15845,4167,0,16384,-23,60201
9687,1,-15871,4069,0,16385,78,60201
9688,1,-15895,3972,0,16384,-78,60527
9689,1,-15919,3874,0,16384,23,60527
9690,1,-15943,3777,0,16384,123,60527
9691,1,-15966,3679,0,16384,-32,60853
9692,1,-15988,3581,0,16384,68,60853
9693,1,-16010,3483,0,16384,-87,61179
9694,1,-16031,3384,0,16384,14,61179
9695,1,-16051,3286,0,16384,114,61179
9696,1,-16071,3187,0,16384,-39,61502
9697,1,-16090,3089,0,16384,61,61502
9698,1,-16109,2990,0,16384,-94,61828
9699,1,-16127,2891,0,16384,6,61828
9700,1,-16144,2792,0,16383,107,61828
9701,1,-16161,2693,0,16384,-49,62154
9702,1,-16177,2594,0,16384,51,62154
9703,1,-16193,2494,0,16384,-103,62480
9704,1,-16208,2395,0,16384,-3,62480
9705,1,-16222,2295,0,16383,98,62480
9706,1,-16236,2196,0,16384,-58,62805
9707,1,-16249,2096,0,16384,43,62805
9708,1,-16262,1996,0,16383,-112,63131
9709,1,-16274,1897,0,16384,-12,63131
9710,1,-16285,1797,0,16384,88,63131
9711,1,-16296,1697,0,16384,-67,63457
9712,1,-16306,1597,0,16384,33,63457
9713,1,-16316,1497,0,16384,-122,63783
9714,1,-16324,1396,0,16384,-21,63783
9715,1,-16333,1296,0,16384,80,63783
9716,1,-16340,1196,0,16384,-58,64086
9717,1,-16347,1096,0,16384,42,64086
9718,1,-16354,995,0,16384,-113,64412
9719,1,-16360,895,0,16384,-12,64412
9720,1,-16365,795,0,16384,88,64412
9721,1,-16369,694,0,16384,-67,64738
9722,1,-16373,594,0,16384,33,64738
9723,1,-16377,493,0,16384,-122,65064
9724,1,-16379,393,0,16384,-22,65064
9725,1,-16381,292,0,16383,79,65064
9726,1,-16383,192,0,16384,-77,65389
9727,1,-16384,91,0,16384,24,65389
9728,1,-16384,-9,0,16384,-106,-65389
9729,1,-16384,-110,0,16385,-5,-65389
9730,1,-16383,-210,0,16384,95,-65389
9731,1,-16381,-311,0,16384,-60,-65064
9732,1,-16379,-411,0,16384,40,-65064
9733,1,-16376,-512,0,16384,-115,-64738
9734,1,-16373,-612,0,16385,-15,-64738
9735,1,-16368,-713,0,16383,87,-64738
9736,1,-16364,-813,0,16384,-69,-64412
9737,1,-16359,-914,0,16385,31,-64412
9738,1,-16353,-1014,0,16384,-124,-64086
9739,1,-16346,-1114,0,16384,-24,-64086
9740,1,-16339,-1215,0,16384,78,-64086
9741,1,-16331,-1315,0,16384,-61,-63783
9742,1,-16323,-1415,0,16385,40,-63783
9743,1,-16314,-1515,0,16384,-116,-63457
9744,1,-16304,-1615,0,16384,-15,-63457
9745,1,-16294,-1715,0,16384,85,-63457
9746,1,-16283,-1815,0,16384,-70,-63131
9747,1,-16272,-1915,0,16385,31,-63131
9748,1,-16260,-2015,0,16384,-125,-62805
9749,1,-16247,-2115,0,16384,-24,-62805
9750,1,-16234,-2214,0,16384,76,-62805
9751,1,-16220,-2314,0,16384,-79,-62480
9752,1,-16205,-2413,0,16384,21,-62480
9753,1,-16190,-2513,0,16384,122,-62480
9754,1,-16174,-2612,0,16384,-33,-62154
9755,1,-16158,-2711,0,16384,67,-62154
9756,1,-16141,-2810,0,16384,-89,-61828
9757,1,-16124,-2909,0,16384,12,-61828
9758,1,-16105,-3008,0,16383,113,-61828
9759,1,-16087,-3107,0,16384,-42,-61502
9760,1,-16067,-3205,0,16384,58,-61502
9761,1,-16047,-3304,0,16384,-96,-61179
9762,1,-16027,-3402,0,16384,5,-61179
9763,1,-16006,-3501,0,16384,106,-61179
9764,1,-15984,-3599,0,16384,-50,-60853
9765,1,-15961,-3697,0,16384,51,-60853
9766,1,-15938,-3795,0,16383,-104,-60527
9767,1,-15915,-3892,0,16384,-4,-60527
9768,1,-15891,-3990,0,16384,96,-60527
9769,1,-15866,-4087,0,16384,-59,-60201
9770,1,-15841,-4185,0,16384,42,-60201
9771,1,-15815,-4282,0,16384,-114,-59875
9772,1,-15788,-4379,0,16384,-13,-59875
9773,1,-15761,-4476,0,16384,88,-59875
9774,1,-15733,-4572,0,16384,-68,-59549
9775,1,-15705,-4669,0,16384,33,-59549
9776,1,-15676,-4765,0,16384,-123,-59224
9777,1,-15646,-4861,0,16384,-22,-59224
9778,1,-15616,-4957,0,16384,78,-59224
9779,1,-15585,-5053,0,16383,-77,-58898
9780,1,-15554,-5148,0,16384,23,-58898
9781,1,-15522,-5244,0,16384,8,-58750
9782,1,-15490,-5339,0,16384,109,-58750
9783,1,-15457,-5434,0,16385,-47,-58424
9784,1,-15423,-5528,0,16384,53,-58424
9785,1,-15389,-5623,0,16384,-102,-58098
9786,1,-15354,-5717,0,16384,-1,-58098
9787,1,-15319,-5811,0,16384,99,-58098
9788,1,-15283,-5905,0,16384,-56,-57772
9789,1,-15246,-5999,0,16384,45,-57772
9790,1,-15209,-6092,0,16384,-111,-57447
9791,1,-15172,-6186,0,16385,-10,-57447
9792,1,-15133,-6278,0,16384,90,-57447
9793,1,-15094,-6371,0,16384,-65,-57121
9794,1,-15055,-6464,0,16384,36,-57121
9795,1,-15015,-6556,0,16383,-120,-56795
9796,1,-14975,-6648,0,16384,-20,-56795
9797,1,-14934,-6740,0,16385,81,-56795
9798,1,-14892,-6831,0,16384,-75,-56469
9799,1,-14850,-6922,0,16384,26,-56469
9800,1,-14807,-7013,0,16383,126,-56469
9801,1,-14764,-7104,0,16385,-27,-56146
9802,1,-14720,-7195,0,16384,74,-56146
9803,1,-14675,-7285,0,16384,-81,-55820
9804,1,-14630,-7375,0,16384,19,-55820
9805,1,-14585,-7464,0,16384,119,-55820
9806,1,-14539,-7554,0,16384,-36,-55494
9807,1,-14492,-7643,0,16384,65,-55494
9808,1,-14445,-7732,0,16384,-90,-55168
9809,1,-14397,-7820,0,16384,10,-55168
9810,1,-14349,-7908,0,16384,110,-55168
9811,1,-14300,-7996,0,16384,-45,-54843
9812,1,-14251,-8084,0,16384,56,-54843
9813,1,-14201,-8171,0,16384,-100,-54517
9814,1,-14151,-8258,0,16384,0,-54517
9815,1,-14100,-8345,0,16384,102,-54517
9816,1,-14048,-8431,0,16384,-54,-54191
9817,1,-13996,-8517,0,16384,46,-54191
9818,1,-13944,-8603,0,16384,-109,-53865
9819,1,-13891,-8688,0,16384,-9,-53865
9820,1,-13837,-8773,0,16383,92,-53865
9821,1,-13783,-8858,0,16384,-46,-53562
9822,1,-13728,-8942,0,16384,55,-53562
9823,1,-13673,-9026,0,16383,-101,-53236
9824,1,-13618,-9110,0,16384,0,-53236
9825,1,-13561,-9194,0,16384,101,-53236
9826,1,-13505,-9277,0,16385,-55,-52910
9827,1,-13448,-9359,0,16384,45,-52910
9828,1,-13390,-9442,0,16384,-109,-52584
9829,1,-13332,-9524,0,16384,-9,-52584
9830,1,-13273,-9605,0,16384,91,-52584
9831,1,-13214,-9687,0,16384,-64,-52259
9832,1,-13154,-9767,0,16384,36,-52259
9833,1,-13094,-9848,0,16384,-119,-51933
9834,1,-13033,-9928,0,16384,-18,-51933
9835,1,-12972,-10008,0,16384,83,-51933
9836,1,-12911,-10087,0,16384,-74,-51607
9837,1,-12848,-10166,0,16384,27,-51607
9838,1,-12786,-10245,0,16384,128,-51607
9839,1,-12723,-10323,0,16384,-28,-51281
9840,1,-12659,-10401,0,16384,73,-51281
9841,1,-12595,-10479,0,16384,-80,-50958
9842,1,-12531,-10556,0,16385,20,-50958
9843,1,-12466,-10632,0,16384,120,-50958
9844,1,-12400,-10709,0,16384,-34,-50632
9845,1,-12334,-10785,0,16384,66,-50632
9846,1,-12268,-10860,0,16384,-90,-50306
9847,1,-12201,-10935,0,16384,11,-50306
9848,1,-12133,-11010,0,16384,112,-50306
9849,1,-12066,-11084,0,16384,-44,-49980
9850,1,-11997,-11158,0,16384,57,-49980
9851,1,-11929,-11231,0,16384,-99,-49654
9852,1,-11860,-11304,0,16384,2,-49654
9853,1,-11790,-11377,0,16384,103,-49654
9854,1,-11720,-11449,0,16384,-53,-49328
9855,1,-11650,-11521,0,16385,48,-49328
9856,1,-11579,-11592,0,16384,126,-49301
9857,1,-11507,-11663,0,16384,-29,-48975
9858,1,-11436,-11733,0,16384,71,-48975
9859,1,-11363,-11803,0,16384,-84,-48649
9860,1,-11291,-11872,0,16384,16,-48649
9861,1,-11218,-11942,0,16384,117,-48649
9862,1,-11144,-12010,0,16384,-38,-48324
9863,1,-11070,-12078,0,16384,62,-48324
9864,1,-10996,-12146,0,16384,-93,-47998
9865,1,-10921,-12213,0,16384,8,-47998
9866,1,-10846,-12280,0,16384,108,-47998
9867,1,-10770,-12346,0,16384,-47,-47672
9868,1,-10695,-12412,0,16384,53,-47672
9869,1,-10618,-12478,0,16384,-102,-47346
9870,1,-10541,-12542,0,16383,-2,-47346
9871,1,-10464,-12607,0,16384,99,-47346
9872,1,-10387,-12671,0,16385,-55,-47023
9873,1,-10309,-12734,0,16384,46,-47023
9874,1,-10230,-12797,0,16383,-109,-46697
9875,1,-10152,-12860,0,16384,-9,-46697
9876,1,-10073,-12922,0,16384,92,-46697
9877,1,-9993,-12984,0,16384,-63,-46371
9878,1,-9913,-13045,0,16384,37,-46371
9879,1,-9833,-13105,0,16383,-119,-46045
9880,1,-9752,-13165,0,16384,-18,-46045
9881,1,-9672,-13225,0,16384,82,-46045
9882,1,-9590,-13284,0,16384,-73,-45720
9883,1,-9508,-13343,0,16384,29,-45720
9884,1,-9426,-13401,0,16383,-127,-45394
9885,1,-9344,-13458,0,16384,-27,-45394
9886,1,-9261,-13515,0,16384,74,-45394
9887,1,-9178,-13572,0,16384,-82,-45068
9888,1,-9095,-13628,0,16384,18,-45068
9889,1,-9011,-13684,0,16384,119,-45068
9890,1,-8927,-13739,0,16384,-36,-44742
9891,1,-8842,-13793,0,16384,65,-44742
9892,1,-8758,-13847,0,16384,-74,-44439
9893,1,-8672,-13901,0,16384,28,-44439
9894,1,-8587,-13953,0,16384,127,-44439
9895,1,-8501,-14006,0,16384,-27,-44113
9896,1,-8415,-14058,0,16384,73,-44113
9897,1,-8329,-14109,0,16384,-83,-43787
9898,1,-8242,-14160,0,16384,18,-43787
9899,1,-8155,-14210,0,16384,118,-43787
9900,1,-8068,-14260,0,16384,-37,-43461
9901,1,-7980,-14309,0,16384,63,-43461
9902,1,-7892,-14358,0,16384,-92,-43136
9903,1,-7804,-14406,0,16384,8,-43136
9904,1,-7715,-14454,0,16384,110,-43136
9905,1,-7626,-14501,0,16384,-46,-42810
9906,1,-7537,-14547,0,16384,55,-42810
9907,1,-7448,-14593,0,16384,-101,-42484
9908,1,-7358,-14639,0,16384,0,-42484
9909,1,-7268,-14684,0,16384,100,-42484
9910,1,-7178,-14728,0,16384,-55,-42158
9911,1,-7087,-14772,0,16384,46,-42158
9912,1,-6997,-14815,0,16384,-108,-41835
9913,1,-6906,-14858,0,16385,-7,-41835
9914,1,-6814,-14900,0,16384,93,-41835
9915,1,-6723,-14941,0,16384,-62,-41509
9916,1,-6631,-14982,0,16384,38,-41509
9917,1,-6539,-15023,0,16384,-117,-41183
9918,1,-6447,-15062,0,16384,-17,-41183
9919,1,-6354,-15102,0,16384,84,-41183
9920,1,-6261,-15140,0,16383,-71,-40857
9921,1,-6168,-15179,0,16384,29,-40857
9922,1,-6075,-15216,0,16384,-126,-40531
9923,1,-5982,-15253,0,16384,-26,-40531
9924,1,-5888,-15289,0,16383,75,-40531
9925,1,-5794,-15325,0,16384,-81,-40205
9926,1,-5700,-15361,0,16384,20,-40205
9927,1,-5605,-15395,0,16383,121,-40205
9928,1,-5511,-15429,0,16384,-35,-39880
9929,1,-5416,-15463,0,16384,66,-39880
9930,1,-5321,-15496,0,16384,-90,-39554
9931,1,-5226,-15528,0,16384,11,-39554
9932,1,-5131,-15560,0,16384,-5,-39406
9933,1,-5035,-15591,0,16384,96,-39406
9934,1,-4939,-15622,0,16384,-59,-39080
9935,1,-4843,-15652,0,16384,41,-39080
9936,1,-4747,-15681,0,16384,-114,-38754
9937,1,-4651,-15710,0,16384,-14,-38754
9938,1,-4554,-15738,0,16384,87,-38754
9939,1,-4458,-15766,0,16384,-69,-38428
9940,1,-4361,-15793,0,16384,32,-38428
9941,1,-4264,-15819,0,16383,-124,-38103
9942,1,-4167,-15845,0,16384,-23,-38103
9943,1,-4069,-15871,0,16385,78,-38103
9944,1,-3972,-15895,0,16384,-78,-37777
9945,1,-3874,-15919,0,16384,23,-37777
9946,1,-3777,-15943,0,16384,123,-37777
9947,1,-3679,-15966,0,16384,-32,-37451
9948,1,-3581,-15988,0,16384,68,-37451
9949,1,-3483,-16010,0,16384,-87,-37125
9950,1,-3384,-16031,0,16384,14,-37125
9951,1,-3286,-16051,0,16384,114,-37125
9952,1,-3187,-16071,0,16384,-39,-36802
9953,1,-3089,-16090,0,16384,61,-36802
9954,1,-2990,-16109,0,16384,-94,-36476
9955,1,-2891,-16127,0,16384,6,-36476
9956,1,-2792,-16144,0,16383,107,-36476
9957,1,-2693,-16161,0,16384,-49,-36150
9958,1,-2594,-16177,0,16384,51,-36150
9959,1,-2494,-16193,0,16384,-103,-35824
9960,1,-2395,-16208,0,16384,-3,-35824
9961,1,-2295,-16222,0,16383,98,-35824
9962,1,-2196,-16236,0,16384,-58,-35499
9963,1,-2096,-16249,0,16384,43,-35499
9964,1,-1996,-16262,0,16383,-112,-35173
9965,1,-1897,-16274,0,16384,-12,-35173
9966,1,-1797,-16285,0,16384,88,-35173
9967,1,-1697,-16296,0,16384,-67,-34847
9968,1,-1597,-16306,0,16384,33,-34847
9969,1,-1497,-16316,0,16384,-122,-34521
9970,1,-1396,-16324,0,16384,-21,-34521
9971,1,-1296,-16333,0,16384,80,-34521
9972,1,-1196,-16340,0,16384,-58,-34218
9973,1,-1096,-16347,0,16384,42,-34218
9974,1,-995,-16354,0,16384,-113,-33892
9975,1,-895,-16360,0,16384,-12,-33892
9976,1,-795,-16365,0,16384,88,-33892
9977,1,-694,-16369,0,16384,-67,-33566
9978,1,-594,-16373,0,16384,33,-33566
9979,1,-493,-16377,0,16384,-122,-33240
9980,1,-393,-16379,0,16384,-22,-33240
9981,1,-292,-16381,0,16383,79,-33240
9982,1,-192,-16383,0,16384,-77,-32915
9983,1,-91,-16384,0,16384,24,-32915
9984,1,9,-16384,0,16384,-106,-32621
9985,1,110,-16384,0,16385,-5,-32621
9986,1,210,-16383,0,16384,95,-32621
9987,1,311,-16381,0,16384,-60,-32296
9988,1,411,-16379,0,16384,40,-32296
9989,1,512,-16376,0,16384,-115,-31970
9990,1,612,-16373,0,16385,-15,-31970
9991,1,713,-16368,0,16383,87,-31970
9992,1,813,-16364,0,16384,-69,-31644
9993,1,914,-16359,0,16385,31,-31644
9994,1,1014,-16353,0,16384,-124,-31318
9995,1,1114,-16346,0,16384,-24,-31318
9996,1,1215,-16339,0,16384,78,-31318
9997,1,1315,-16331,0,16384,-61,-31015
9998,1,1415,-16323,0,16385,40,-31015
9999,1,1515,-16314,0,16384,-116,-30689
10000,1,1615,-16304,0,16384,-15,-30689
10001,1,1715,-16294,0,16384,85,-30689
10002,1,1815,-16283,0,16384,-70,-30363
10003,1,1915,-16272,0,16385,31,-30363
10004,1,2015,-16260,0,16384,-125,-30037
10005,1,2115,-16247,0,16384,-24,-30037
10006,1,2214,-16234,0,16384,76,-30037
10007,1,2314,-16220,0,16384,-79,-29712
10008,1,2413,-16205,0,16384,21,-29712
10009,1,2513,-16190,0,16384,122,-29712
10010,1,2612,-16174,0,16384,-33,-29386
10011,1,2711,-16158,0,16384,67,-29386
10012,1,2810,-16141,0,16384,-89,-29060
10013,1,2909,-16124,0,16384,12,-29060
10014,1,3008,-16105,0,16383,113,-29060
10015,1,3107,-16087,0,16384,-42,-28734
10016,1,3205,-16067,0,16384,58,-28734
10017,1,3304,-16047,0,16384,-96,-28411
10018,1,3402,-16027,0,16384,5,-28411
10019,1,3501,-16006,0,16384,106,-28411
10020,1,3599,-15984,0,16384,-50,-28085
10021,1,3697,-15961,0,16384,51,-28085
10022,1,3795,-15938,0,16383,-104,-27759
10023,1,3892,-15915,0,16384,-4,-27759
10024,1,3990,-15891,0,16384,96,-27759
10025,1,4087,-15866,0,16384,-59,-27433
10026,1,4185,-15841,0,16384,42,-27433
10027,1,4282,-15815,0,16384,-114,-27107
10028,1,4379,-15788,0,16384,-13,-27107
10029,1,4476,-15761,0,16384,88,-27107
10030,1,4572,-15733,0,16384,-68,-26781
10031,1,4669,-15705,0,16384,33,-26781
10032,1,4765,-15676,0,16384,-123,-26456
10033,1,4861,-15646,0,16384,-22,-26456
10034,1,4957,-15616,0,16384,78,-26456
10035,1,5053,-15585,0,16383,-77,-26130
10036,1,5148,-15554,0,16384,23,-26130
10037,1,5244,-15522,0,16384,8,-25982
10038,1,5339,-15490,0,16384,109,-25982
10039,1,5434,-15457,0,16385,-47,-25656
10040,1,5528,-15423,0,16384,53,-25656
10041,1,5623,-15389,0,16384,-102,-25330
10042,1,5717,-15354,0,16384,-1,-25330
10043,1,5811,-15319,0,16384,99,-25330
10044,1,5905,-15283,0,16384,-56,-25004
10045,1,5999,-15246,0,16384,45,-25004
10046,1,6092,-15209,0,16384,-111,-24679
10047,1,6186,-15172,0,16385,-10,-24679
10048,1,6278,-15133,0,16384,90,-24679
10049,1,6371,-15094,0,16384,-65,-24353
10050,1,6464,-15055,0,16384,36,-24353
10051,1,6556,-15015,0,16383,-120,-24027
10052,1,6648,-14975,0,16384,-20,-24027
10053,1,6740,-14934,0,16385,81,-24027
10054,1,6831,-14892,0,16384,-75,-23701
10055,1,6922,-14850,0,16384,26,-23701
10056,1,7013,-14807,0,16383,126,-23701
10057,1,7104,-14764,0,16385,-27,-23378
10058,1,7195,-14720,0,16384,74,-23378
10059,1,7285,-14675,0,16384,-81,-23052
10060,1,7375,-14630,0,16384,19,-23052
10061,1,7464,-14585,0,16384,119,-23052
10062,1,7554,-14539,0,16384,-36,-22726
10063,1,7643,-14492,0,16384,65,-22726
10064,1,7732,-14445,0,16384,-90,-22400
10065,1,7820,-14397,0,16384,10,-22400
10066,1,7908,-14349,0,16384,110,-22400
10067,1,7996,-14300,0,16384,-45,-22075
10068,1,8084,-14251,0,16384,56,-22075
10069,1,8171,-14201,0,16384,-100,-21749
10070,1,8258,-14151,0,16384,0,-21749
10071,1,8345,-14100,0,16384,102,-21749
10072,1,8431,-14048,0,16384,-54,-21423
10073,1,8517,-13996,0,16384,46,-21423
10074,1,8603,-13944,0,16384,-109,-21097
10075,1,8688,-13891,0,16384,-9,-21097
10076,1,8773,-13837,0,16383,92,-21097
10077,1,8858,-13783,0,16384,-46,-20794
10078,1,8942,-13728,0,16384,55,-20794
10079,1,9026,-13673,0,16383,-101,-20468
10080,1,9110,-13618,0,16384,0,-20468
10081,1,9194,-13561,0,16384,101,-20468
10082,1,9277,-13505,0,16385,-55,-20142
10083,1,9359,-13448,0,16384,45,-20142
10084,1,9442,-13390,0,16384,-109,-19816
10085,1,9524,-13332,0,16384,-9,-19816
10086,1,9605,-13273,0,16384,91,-19816
10087,1,9687,-13214,0,16384,-64,-19491
10088,1,9767,-13154,0,16384,36,-19491
10089,1,9848,-13094,0,16384,-119,-19165
10090,1,9928,-13033,0,16384,-18,-19165
10091,1,10008,-12972,0,16384,83,-19165
10092,1,10087,-12911,0,16384,-74,-18839
10093,1,10166,-12848,0,16384,27,-18839
10094,1,10245,-12786,0,16384,128,-18839
10095,1,10323,-12723,0,16384,-28,-18513
10096,1,10401,-12659,0,16384,73,-18513
10097,1,10479,-12595,0,16384,-80,-18190
10098,1,10556,-12531,0,16385,20,-18190
10099,1,10632,-12466,0,16384,120,-18190
10100,1,10709,-12400,0,16384,-34,-17864
10101,1,10785,-12334,0,16384,66,-17864
10102,1,10860,-12268,0,16384,-90,-17538
10103,1,10935,-12201,0,16384,11,-17538
10104,1,11010,-12133,0,16384,112,-17538
10105,1,11084,-12066,0,16384,-44,-17212
10106,1,11158,-11997,0,16384,57,-17212
10107,1,11231,-11929,0,16384,-99,-16886
10108,1,11304,-11860,0,16384,2,-16886
10109,1,11377,-11790,0,16384,103,-16886
10110,1,11449,-11720,0,16384,-53,-16560
10111,1,11521,-11650,0,16385,48,-16560
10112,1,11592,-11579,0,16384,126,-16533
10113,1,11663,-11507,0,16384,-29,-16207
10114,1,11733,-11436,0,16384,71,-16207
10115,1,11803,-11363,0,16384,-84,-15881
10116,1,11872,-11291,0,16384,16,-15881
10117,1,11942,-11218,0,16384,117,-15881
10118,1,12010,-11144,0,16384,-38,-15556
10119,1,12078,-11070,0,16384,62,-15556
10120,1,12146,-10996,0,16384,-93,-15230
10121,1,12213,-10921,0,16384,8,-15230
10122,1,12280,-10846,0,16384,108,-15230
10123,1,12346,-10770,0,16384,-47,-14904
10124,1,12412,-10695,0,16384,53,-14904
10125,1,12478,-10618,0,16384,-102,-14578
10126,1,12542,-10541,0,16383,-2,-14578
10127,1,12607,-10464,0,16384,99,-14578
10128,1,12671,-10387,0,16385,-55,-14255
10129,1,12734,-10309,0,16384,46,-14255
10130,1,12797,-10230,0,16383,-109,-13929
10131,1,12860,-10152,0,16384,-9,-13929
10132,1,12922,-10073,0,16384,92,-13929
10133,1,12984,-9993,0,16384,-63,-13603
10134,1,13045,-9913,0,16384,37,-13603
10135,1,13105,-9833,0,16383,-119,-13277
10136,1,13165,-9752,0,16384,-18,-13277
10137,1,13225,-9672,0,16384,82,-13277
10138,1,13284,-9590,0,16384,-73,-12952
10139,1,13343,-9508,0,16384,29,-12952
10140,1,13401,-9426,0,16383,-127,-12626
10141,1,13458,-9344,0,16384,-27,-12626
10142,1,13515,-9261,0,16384,74,-12626
10143,1,13572,-9178,0,16384,-82,-12300
10144,1,13628,-9095,0,16384,18,-12300
10145,1,13684,-9011,0,16384,119,-12300
10146,1,13739,-8927,0,16384,-36,-11974
10147,1,13793,-8842,0,16384,65,-11974
10148,1,13847,-8758,0,16384,-74,-11671
10149,1,13901,-8672,0,16384,28,-11671
10150,1,13953,-8587,0,16384,127,-11671
10151,1,14006,-8501,0,16384,-27,-11345
10152,1,14058,-8415,0,16384,73,-11345
10153,1,14109,-8329,0,16384,-83,-11019
10154,1,14160,-8242,0,16384,18,-11019
10155,1,14210,-8155,0,16384,118,-11019
10156,1,14260,-8068,0,16384,-37,-10693
10157,1,14309,-7980,0,16384,63,-10693
10158,1,14358,-7892,0,16384,-92,-10368
10159,1,14406,-7804,0,16384,8,-10368
10160,1,14454,-7715,0,16384,110,-10368
10161,1,14501,-7626,0,16384,-46,-10042
10162,1,14547,-7537,0,16384,55,-10042
10163,1,14593,-7448,0,16384,-101,-9716
10164,1,14639,-7358,0,16384,0,-9716
10165,1,14684,-7268,0,16384,100,-9716
10166,1,14728,-7178,0,16384,-55,-9390
10167,1,14772,-7087,0,16384,46,-9390
10168,1,14815,-6997,0,16384,-108,-9067
10169,1,14858,-6906,0,16385,-7,-9067
10170,1,14900,-6814,0,16384,93,-9067
10171,1,14941,-6723,0,16384,-62,-8741
10172,1,14982,-6631,0,16384,38,-8741
10173,1,15023,-6539,0,16384,-117,-8415
10174,1,15062,-6447,0,16384,-17,-8415
10175,1,15102,-6354,0,16384,84,-8415
10176,1,15140,-6261,0,16383,-71,-8089
10177,1,15179,-6168,0,16384,29,-8089
10178,1,15216,-6075,0,16384,-126,-7763
10179,1,15253,-5982,0,16384,-26,-7763
10180,1,15289,-5888,0,16383,75,-7763
10181,1,15325,-5794,0,16384,-81,-7437
10182,1,15361,-5700,0,16384,20,-7437
10183,1,15395,-5605,0,16383,121,-7437
10184,1,15429,-5511,0,16384,-35,-7112
10185,1,15463,-5416,0,16384,66,-7112
10186,1,15496,-5321,0,16384,-90,-6786
10187,1,15528,-5226,0,16384,11,-6786
10188,1,15560,-5131,0,16384,-5,-6638
10189,1,15591,-5035,0,16384,96,-6638
10190,1,15622,-4939,0,16384,-59,-6312
10191,1,15652,-4843,0,16384,41,-6312
10192,1,15681,-4747,0,16384,-114,-5986
10193,1,15710,-4651,0,16384,-14,-5986
10194,1,15738,-4554,0,16384,87,-5986
10195,1,15766,-4458,0,16384,-69,-5660
10196,1,15793,-4361,0,16384,32,-5660
10197,1,15819,-4264,0,16383,-124,-5335
10198,1,15845,-4167,0,16384,-23,-5335
10199,1,15871,-4069,0,16385,78,-5335
10200,1,15895,-3972,0,16384,-78,-5009
10201,1,15919,-3874,0,16384,23,-5009
10202,1,15943,-3777,0,16384,123,-5009
10203,1,15966,-3679,0,16384,-32,-4683
10204,1,15988,-3581,0,16384,68,-4683
10205,1,16010,-3483,0,16384,-87,-4357
10206,1,16031,-3384,0,16384,14,-4357
10207,1,16051,-3286,0,16384,114,-4357
10208,1,16071,-3187,0,16384,-39,-4034
10209,1,16090,-3089,0,16384,61,-4034
10210,1,16109,-2990,0,16384,-94,-3708
10211,1,16127,-2891,0,16384,6,-3708
10212,1,16144,-2792,0,16383,107,-3708
10213,1,16161,-2693,0,16384,-49,-3382
10214,1,16177,-2594,0,16384,51,-3382
10215,1,16193,-2494,0,16384,-103,-3056
10216,1,16208,-2395,0,16384,-3,-3056
10217,1,16222,-2295,0,16383,98,-3056
10218,1,16236,-2196,0,16384,-58,-2731
10219,1,16249,-2096,0,16384,43,-2731
10220,1,16262,-1996,0,16383,-112,-2405
10221,1,16274,-1897,0,16384,-12,-2405
10222,1,16285,-1797,0,16384,88,-2405
10223,1,16296,-1697,0,16384,-67,-2079
10224,1,16306,-1597,0,16384,33,-2079
10225,1,16316,-1497,0,16384,-122,-1753
10226,1,16324,-1396,0,16384,-21,-1753
10227,1,16333,-1296,0,16384,80,-1753
10228,1,16340,-1196,0,16384,-58,-1450
10229,1,16347,-1096,0,16384,42,-1450
10230,1,16354,-995,0,16384,-113,-1124
10231,1,16360,-895,0,16384,-12,-1124
10232,1,16365,-795,0,16384,88,-1124
10233,1,16369,-694,0,16384,-67,-798
10234,1,16373,-594,0,16384,33,-798
10235,1,16377,-493,0,16384,-122,-472
10236,1,16379,-393,0,16384,-22,-472
10237,1,16381,-292,0,16383,79,-472
10238,1,16383,-192,0,16384,-77,-147
10239,1,16384,-91,0,16384,24,-147
10240,1,1638,1,0,1638,-10,147
10241,1,1638,11,0,1638,0,147
10242,1,1638,21,0,1638,10,147
10243,1,1638,31,0,1639,-6,472
10244,1,1638,41,0,1639,4,472
10245,1,1638,51,0,1639,-12,798
10246,1,1637,61,0,1638,-2,798
10247,1,1637,71,0,1639,8,798
10248,1,1636,81,0,1638,-7,1124
10249,1,1636,91,0,1639,3,1124
10250,1,1635,101,0,1638,-12,1450
10251,1,1635,111,0,1639,-3,1450
10252,1,1634,121,0,1638,7,1450
10253,1,1633,131,0,1639,-7,1753
10254,1,1632,141,0,1638,3,1753
10255,1,1631,152,0,1638,-11,2079
10256,1,1630,162,0,1638,-1,2079
10257,1,1629,172,0,1638,9,2079
10258,1,1628,182,0,1638,-7,2405
10259,1,1627,192,0,1639,4,2405
10260,1,1626,201,0,1639,13,2405
10261,1,1625,211,0,1639,-3,2731
10262,1,1623,221,0,1638,7,2731
10263,1,1622,231,0,1639,-8,3056
10264,1,1621,241,0,1639,2,3056
10265,1,1619,251,0,1638,12,3056
10266,1,1617,261,0,1638,-3,3382
10267,1,1616,271,0,1639,7,3382
10268,1,1614,281,0,1638,-9,3708
10269,1,1612,291,0,1638,2,3708
10270,1,1611,301,0,1639,11,3708
10271,1,1609,311,0,1639,-4,4034
10272,1,1607,321,0,1639,6,4034
10273,1,1605,330,0,1639,-10,4357
10274,1,1603,340,0,1639,0,4357
10275,1,1601,350,0,1639,10,4357
10276,1,1598,360,0,1638,-5,4683
10277,1,1596,370,0,1638,5,4683
10278,1,1594,379,0,1639,-11,5009
10279,1,1591,389,0,1638,0,5009
10280,1,1589,399,0,1639,10,5009
10281,1,1587,409,0,1639,-6,5335
10282,1,1584,418,0,1638,4,5335
10283,1,1581,428,0,1638,-11,5661
10284,1,1579,438,0,1639,-1,5661
10285,1,1576,448,0,1638,9,5661
10286,1,1573,457,0,1638,-7,5987
10287,1,1570,467,0,1638,4,5987
10288,1,1568,476,0,1639,13,5987
10289,1,1565,486,0,1639,-2,6312
10290,1,1562,496,0,1639,8,6312
10291,1,1559,505,0,1639,-8,6638
10292,1,1555,515,0,1638,3,6638
10293,1,1552,524,0,1638,0,6786
10294,1,1549,534,0,1639,11,6786
10295,1,1546,543,0,1639,-5,7112
10296,1,1542,553,0,1638,6,7112
10297,1,1539,562,0,1639,-11,7438
10298,1,1535,572,0,1638,0,7438
10299,1,1532,581,0,1639,10,7438
10300,1,1528,591,0,1638,-5,7764
10301,1,1525,600,0,1639,5,7764
10302,1,1521,609,0,1639,-11,8089
10303,1,1517,619,0,1639,-1,8089
10304,1,1513,628,0,1638,9,8089
10305,1,1509,637,0,1638,-6,8415
10306,1,1506,646,0,1639,3,8415
10307,1,1502,656,0,1639,-12,8741
10308,1,1497,665,0,1638,-2,8741
10309,1,1493,674,0,1638,8,8741
10310,1,1489,683,0,1638,-7,9067
10311,1,1485,692,0,1638,3,9067
10312,1,1481,701,0,1639,12,9067
10313,1,1476,710,0,1638,-3,9390
10314,1,1472,719,0,1638,7,9390
10315,1,1468,728,0,1639,-9,9716
10316,1,1463,737,0,1638,1,9716
10317,1,1458,746,0,1638,12,9716
10318,1,1454,755,0,1639,-4,10042
10319,1,1449,764,0,1638,6,10042
10320,1,1445,773,0,1639,-9,10368
10321,1,1440,782,0,1639,1,10368
10322,1,1435,791,0,1638,11,10368
10323,1,1430,800,0,1639,-4,10693
10324,1,1425,808,0,1638,5,10693
10325,1,1420,817,0,1638,-10,11019
10326,1,1415,826,0,1638,0,11019
10327,1,1410,834,0,1638,10,11019
10328,1,1405,843,0,1638,-6,11345
10329,1,1400,852,0,1639,5,11345
10330,1,1394,860,0,1638,-11,11671
10331,1,1389,869,0,1638,0,11671
10332,1,1384,877,0,1638,9,11671
10333,1,1378,886,0,1638,-4,11974
10334,1,1373,894,0,1639,5,11974
10335,1,1367,903,0,1638,-10,12300
10336,1,1362,911,0,1639,0,12300
10337,1,1356,919,0,1638,10,12300
10338,1,1350,928,0,1638,-5,12626
10339,1,1345,936,0,1639,5,12626
10340,1,1339,944,0,1638,-11,12952
10341,1,1333,952,0,1638,-1,12952
10342,1,1327,961,0,1639,10,12952
10343,1,1321,969,0,1638,-6,13277
10344,1,1315,977,0,1638,4,13277
10345,1,1309,985,0,1638,-11,13603
10346,1,1303,993,0,1638,-1,13603
10347,1,1297,1001,0,1638,9,13603
10348,1,1291,1009,0,1639,-7,13929
10349,1,1285,1017,0,1639,3,13929
10350,1,1279,1024,0,1639,12,13929
10351,1,1272,1032,0,1638,-3,14255
10352,1,1266,1040,0,1638,7,14255
10353,1,1260,1048,0,1639,-8,14578
10354,1,1253,1056,0,1639,2,14578
10355,1,1247,1063,0,1639,11,14578
10356,1,1240,1071,0,1638,-3,14904
10357,1,1233,1078,0,1638,6,14904
10358,1,1227,1086,0,1639,-9,15230
10359,1,1220,1094,0,1639,2,15230
10360,1,1213,1101,0,1638,12,15230
10361,1,1207,1108,0,1638,-5,15556
10362,1,1200,1116,0,1639,6,15556
10363,1,1193,1123,0,1638,-10,15882
10364,1,1186,1130,0,1638,0,15882
10365,1,1179,1138,0,1639,11,15882
10366,1,1172,1145,0,1639,-5,16208
10367,1,1165,1152,0,1638,5,16208
10368,1,1158,1159,0,1639,12,16235
10369,1,1151,1166,0,1639,-3,16561
10370,1,1144,1173,0,1639,7,16561
10371,1,1136,1180,0,1638,-8,16887
10372,1,1129,1187,0,1638,2,16887
10373,1,1122,1194,0,1639,11,16887
10374,1,1114,1201,0,1638,-4,17212
10375,1,1107,1208,0,1639,6,17212
10376,1,1100,1215,0,1639,-9,17538
10377,1,1092,1221,0,1638,1,17538
10378,1,1085,1228,0,1639,10,17538
10379,1,1077,1235,0,1639,-4,17864
10380,1,1069,1241,0,1638,6,17864
10381,1,1062,1248,0,1639,-10,18190
10382,1,1054,1254,0,1638,0,18190
10383,1,1046,1261,0,1638,10,18190
10384,1,1039,1267,0,1639,-6,18513
10385,1,1031,1273,0,1638,4,18513
10386,1,1023,1280,0,1639,-11,18839
10387,1,1015,1286,0,1638,-1,18839
10388,1,1007,1292,0,1638,9,18839
10389,1,999,1298,0,1638,-6,19165
10390,1,991,1304,0,1638,4,19165
10391,1,983,1311,0,1639,-11,19491
10392,1,975,1317,0,1639,-1,19491
10393,1,967,1322,0,1638,8,19491
10394,1,959,1328,0,1638,-8,19816
10395,1,951,1334,0,1638,2,19816
10396,1,943,1340,0,1639,12,19816
10397,1,934,1346,0,1638,-2,20142
10398,1,926,1352,0,1639,8,20142
10399,1,918,1357,0,1638,-9,20468
10400,1,909,1363,0,1638,3,20468
10401,1,901,1368,0,1638,12,20468
10402,1,893,1374,0,1639,-3,20794
10403,1,884,1379,0,1638,7,20794
10404,1,876,1385,0,1639,-8,21097
10405,1,867,1390,0,1638,3,21097
10406,1,859,1395,0,1639,12,21097
10407,1,850,1401,0,1639,-2,21423
10408,1,842,1406,0,1639,7,21423
10409,1,833,1411,0,1639,-8,21749
10410,1,824,1416,0,1639,2,21749
10411,1,815,1421,0,1638,12,21749
10412,1,807,1426,0,1639,-4,22075
10413,1,798,1431,0,1639,7,22075
10414,1,789,1436,0,1638,-9,22400
10415,1,780,1441,0,1639,2,22400
10416,1,772,1445,0,1638,10,22400
10417,1,763,1450,0,1639,-5,22726
10418,1,754,1455,0,1639,5,22726
10419,1,745,1459,0,1638,-10,23052
10420,1,736,1464,0,1639,0,23052
10421,1,727,1468,0,1638,10,23052
10422,1,718,1473,0,1639,-5,23378
10423,1,709,1477,0,1638,5,23378
10424,1,700,1481,0,1638,-11,23701
10425,1,691,1486,0,1639,-1,23701
10426,1,681,1490,0,1638,10,23701
10427,1,672,1494,0,1638,-6,24027
10428,1,663,1498,0,1638,4,24027
10429,1,654,1502,0,1638,-12,24353
10430,1,645,1506,0,1638,-2,24353
10431,1,635,1510,0,1638,9,24353
10432,1,626,1514,0,1638,-7,24679
10433,1,617,1518,0,1639,3,24679
10434,1,608,1522,0,1639,13,24679
10435,1,598,1525,0,1638,-3,25005
10436,1,589,1529,0,1639,8,25005
10437,1,579,1533,0,1639,-7,25331
10438,1,570,1536,0,1638,2,25331
10439,1,561,1540,0,1639,12,25331
10440,1,551,1543,0,1638,-3,25656
10441,1,542,1546,0,1638,6,25656
10442,1,532,1550,0,1639,-8,25982
10443,1,523,1553,0,1638,1,25982
10444,1,513,1556,0,1638,-1,26130
10445,1,503,1559,0,1638,10,26130
10446,1,494,1562,0,1638,-6,26456
10447,1,484,1565,0,1638,4,26456
10448,1,475,1568,0,1638,-12,26782
10449,1,465,1571,0,1638,-1,26782
10450,1,455,1574,0,1639,9,26782
10451,1,446,1577,0,1639,-7,27108
10452,1,436,1579,0,1638,3,27108
10453,1,426,1582,0,1639,-12,27433
10454,1,417,1585,0,1639,-3,27433
10455,1,407,1587,0,1638,8,27433
10456,1,397,1590,0,1639,-7,27759
10457,1,387,1592,0,1638,3,27759
10458,1,378,1594,0,1638,12,27759
10459,1,368,1597,0,1639,-3,28085
10460,1,358,1599,0,1639,7,28085
10461,1,348,1601,0,1638,-8,28411
10462,1,338,1603,0,1638,2,28411
10463,1,329,1605,0,1638,11,28411
10464,1,319,1607,0,1639,-4,28734
10465,1,309,1609,0,1639,6,28734
10466,1,299,1611,0,1638,-9,29060
10467,1,289,1613,0,1639,1,29060
10468,1,279,1614,0,1638,11,29060
10469,1,269,1616,0,1638,-4,29386
10470,1,259,1618,0,1639,6,29386
10471,1,249,1619,0,1638,-10,29712
10472,1,239,1621,0,1638,0,29712
10473,1,230,1622,0,1638,10,29712
10474,1,220,1624,0,1639,-6,30037
10475,1,210,1625,0,1639,4,30037
10476,1,200,1626,0,1638,-12,30363
10477,1,190,1627,0,1638,-1,30363
10478,1,180,1629,0,1639,9,30363
10479,1,170,1630,0,1639,-7,30689
10480,1,160,1631,0,1639,3,30689
10481,1,150,1632,0,1639,-12,31015
10482,1,140,1632,0,1638,-2,31015
10483,1,130,1633,0,1638,8,31015
10484,1,120,1634,0,1638,-6,31318
10485,1,110,1635,0,1639,4,31318
10486,1,100,1635,0,1638,-12,31644
10487,1,90,1636,0,1638,-2,31644
10488,1,79,1636,0,1638,9,31644
10489,1,69,1637,0,1639,-6,31970
10490,1,59,1637,0,1638,4,31970
10491,1,49,1638,0,1639,-12,32296
10492,1,39,1638,0,1639,-1,32296
10493,1,29,1638,0,1638,8,32296
10494,1,19,1638,0,1638,-7,32621
10495,1,9,1638,0,1638,2,32621
10496,1,-1,1638,0,1638,-10,32915
10497,1,-11,1638,0,1638,0,32915
10498,1,-21,1638,0,1638,10,32915
10499,1,-31,1638,0,1639,-6,33240
10500,1,-41,1638,0,1639,4,33240
10501,1,-51,1638,0,1639,-12,33566
10502,1,-61,1637,0,1638,-2,33566
10503,1,-71,1637,0,1639,8,33566
10504,1,-81,1636,0,1638,-7,33892
10505,1,-91,1636,0,1639,3,33892
10506,1,-101,1635,0,1638,-12,34218
10507,1,-111,1635,0,1639,-3,34218
10508,1,-121,1634,0,1638,7,34218
10509,1,-131,1633,0,1639,-7,34521
10510,1,-141,1632,0,1638,3,34521
10511,1,-152,1631,0,1638,-11,34847
10512,1,-162,1630,0,1638,-1,34847
10513,1,-172,1629,0,1638,9,34847
10514,1,-182,1628,0,1638,-7,35173
10515,1,-192,1627,0,1639,4,35173
10516,1,-201,1626,0,1639,13,35173
10517,1,-211,1625,0,1639,-3,35499
10518,1,-221,1623,0,1638,7,35499
10519,1,-231,1622,0,1639,-8,35824
10520,1,-241,1621,0,1639,2,35824
10521,1,-251,1619,0,1638,12,35824
10522,1,-261,1617,0,1638,-3,36150
10523,1,-271,1616,0,1639,7,36150
10524,1,-281,1614,0,1638,-9,36476
10525,1,-291,1612,0,1638,2,36476
10526,1,-301,1611,0,1639,11,36476
10527,1,-311,1609,0,1639,-4,36802
10528,1,-321,1607,0,1639,6,36802
10529,1,-330,1605,0,1639,-10,37125
10530,1,-340,1603,0,1639,0,37125
10531,1,-350,1601,0,1639,10,37125
10532,1,-360,1598,0,1638,-5,37451
10533,1,-370,1596,0,1638,5,37451
10534,1,-379,1594,0,1639,-11,37777
10535,1,-389,1591,0,1638,0,37777
10536,1,-399,1589,0,1639,10,37777
10537,1,-409,1587,0,1639,-6,38103
10538,1,-418,1584,0,1638,4,38103
10539,1,-428,1581,0,1638,-11,38429
10540,1,-438,1579,0,1639,-1,38429
10541,1,-448,1576,0,1638,9,38429
10542,1,-457,1573,0,1638,-7,38755
10543,1,-467,1570,0,1638,4,38755
10544,1,-476,1568,0,1639,13,38755
10545,1,-486,1565,0,1639,-2,39080
10546,1,-496,1562,0,1639,8,39080
10547,1,-505,1559,0,1639,-8,39406
10548,1,-515,1555,0,1638,3,39406
10549,1,-524,1552,0,1638,0,39554
10550,1,-534,1549,0,1639,11,39554
10551,1,-543,1546,0,1639,-5,39880
10552,1,-553,1542,0,1638,6,39880
10553,1,-562,1539,0,1639,-11,40206
10554,1,-572,1535,0,1638,0,40206
10555,1,-581,1532,0,1639,10,40206
10556,1,-591,1528,0,1638,-5,40532
10557,1,-600,1525,0,1639,5,40532
10558,1,-609,1521,0,1639,-11,40857
10559,1,-619,1517,0,1639,-1,40857
10560,1,-628,1513,0,1638,9,40857
10561,1,-637,1509,0,1638,-6,41183
10562,1,-646,1506,0,1639,3,41183
10563,1,-656,1502,0,1639,-12,41509
10564,1,-665,1497,0,1638,-2,41509
10565,1,-674,1493,0,1638,8,41509
10566,1,-683,1489,0,1638,-7,41835
10567,1,-692,1485,0,1638,3,41835
10568,1,-701,1481,0,1639,12,41835
10569,1,-710,1476,0,1638,-3,42158
10570,1,-719,1472,0,1638,7,42158
10571,1,-728,1468,0,1639,-9,42484
10572,1,-737,1463,0,1638,1,42484
10573,1,-746,1458,0,1638,12,42484
10574,1,-755,1454,0,1639,-4,42810
10575,1,-764,1449,0,1638,6,42810
10576,1,-773,1445,0,1639,-9,43136
10577,1,-782,1440,0,1639,1,43136
10578,1,-791,1435,0,1638,11,43136
10579,1,-800,1430,0,1639,-4,43461
10580,1,-808,1425,0,1638,5,43461
10581,1,-817,1420,0,1638,-10,43787
10582,1,-826,1415,0,1638,0,43787
10583,1,-834,1410,0,1638,10,43787
10584,1,-843,1405,0,1638,-6,44113
10585,1,-852,1400,0,1639,5,44113
10586,1,-860,1394,0,1638,-11,44439
10587,1,-869,1389,0,1638,0,44439
10588,1,-877,1384,0,1638,9,44439
10589,1,-886,1378,0,1638,-4,44742
10590,1,-894,1373,0,1639,5,44742
10591,1,-903,1367,0,1638,-10,45068
10592,1,-911,1362,0,1639,0,45068
10593,1,-919,1356,0,1638,10,45068
10594,1,-928,1350,0,1638,-5,45394
10595,1,-936,1345,0,1639,5,45394
10596,1,-944,1339,0,1638,-11,45720
10597,1,-952,1333,0,1638,-1,45720
10598,1,-961,1327,0,1639,10,45720
10599,1,-969,1321,0,1638,-6,46045
10600,1,-977,1315,0,1638,4,46045
10601,1,-985,1309,0,1638,-11,46371
10602,1,-993,1303,0,1638,-1,46371
10603,1,-1001,1297,0,1638,9,46371
10604,1,-1009,1291,0,1639,-7,46697
10605,1,-1017,1285,0,1639,3,46697
10606,1,-1024,1279,0,1639,12,46697
10607,1,-1032,1272,0,1638,-3,47023
10608,1,-1040,1266,0,1638,7,47023
10609,1,-1048,1260,0,1639,-8,47346
10610,1,-1056,1253,0,1639,2,47346
10611,1,-1063,1247,0,1639,11,47346
10612,1,-1071,1240,0,1638,-3,47672
10613,1,-1078,1233,0,1638,6,47672
10614,1,-1086,1227,0,1639,-9,47998
10615,1,-1094,1220,0,1639,2,47998
10616,1,-1101,1213,0,1638,12,47998
10617,1,-1108,1207,0,1638,-5,48324
10618,1,-1116,1200,0,1639,6,48324
10619,1,-1123,1193,0,1638,-10,48650
10620,1,-1130,1186,0,1638,0,48650
10621,1,-1138,1179,0,1639,11,48650
10622,1,-1145,1172,0,1639,-5,48976
10623,1,-1152,1165,0,1638,5,48976
10624,1,-1159,1158,0,1639,12,49003
10625,1,-1166,1151,0,1639,-3,49329
10626,1,-1173,1144,0,1639,7,49329
10627,1,-1180,1136,0,1638,-8,49655
10628,1,-1187,1129,0,1638,2,49655
10629,1,-1194,1122,0,1639,11,49655
10630,1,-1201,1114,0,1638,-4,49980
10631,1,-1208,1107,0,1639,6,49980
10632,1,-1215,1100,0,1639,-9,50306
10633,1,-1221,1092,0,1638,1,50306
10634,1,-1228,1085,0,1639,10,50306
10635,1,-1235,1077,0,1639,-4,50632
10636,1,-1241,1069,0,1638,6,50632
10637,1,-1248,1062,0,1639,-10,50958
10638,1,-1254,1054,0,1638,0,50958
10639,1,-1261,1046,0,1638,10,50958
10640,1,-1267,1039,0,1639,-6,51281
10641,1,-1273,1031,0,1638,4,51281
10642,1,-1280,1023,0,1639,-11,51607
10643,1,-1286,1015,0,1638,-1,51607
10644,1,-1292,1007,0,1638,9,51607
10645,1,-1298,999,0,1638,-6,51933
10646,1,-1304,991,0,1638,4,51933
10647,1,-1311,983,0,1639,-11,52259
10648,1,-1317,975,0,1639,-1,52259
10649,1,-1322,967,0,1638,8,52259
10650,1,-1328,959,0,1638,-8,52584
10651,1,-1334,951,0,1638,2,52584
10652,1,-1340,943,0,1639,12,52584
10653,1,-1346,934,0,1638,-2,52910
10654,1,-1352,926,0,1639,8,52910
10655,1,-1357,918,0,1638,-9,53236
10656,1,-1363,909,0,1638,3,53236
10657,1,-1368,901,0,1638,12,53236
10658,1,-1374,893,0,1639,-3,53562
10659,1,-1379,884,0,1638,7,53562
10660,1,-1385,876,0,1639,-8,53865
10661,1,-1390,867,0,1638,3,53865
10662,1,-1395,859,0,1639,12,53865
10663,1,-1401,850,0,1639,-2,54191
10664,1,-1406,842,0,1639,7,54191
10665,1,-1411,833,0,1639,-8,54517
10666,1,-1416,824,0,1639,2,54517
10667,1,-1421,815,0,1638,12,54517
10668,1,-1426,807,0,1639,-4,54843
10669,1,-1431,798,0,1639,7,54843
10670,1,-1436,789,0,1638,-9,55168
10671,1,-1441,780,0,1639,2,55168
10672,1,-1445,772,0,1638,10,55168
10673,1,-1450,763,0,1639,-5,55494
10674,1,-1455,754,0,1639,5,55494
10675,1,-1459,745,0,1638,-10,55820
10676,1,-1464,736,0,1639,0,55820
10677,1,-1468,727,0,1638,10,55820
10678,1,-1473,718,0,1639,-5,56146
10679,1,-1477,709,0,1638,5,56146
10680,1,-1481,700,0,1638,-11,56469
10681,1,-1486,691,0,1639,-1,56469
10682,1,-1490,681,0,1638,10,56469
10683,1,-1494,672,0,1638,-6,56795
10684,1,-1498,663,0,1638,4,56795
10685,1,-1502,654,0,1638,-12,57121
10686,1,-1506,645,0,1638,-2,57121
10687,1,-1510,635,0,1638,9,57121
10688,1,-1514,626,0,1638,-7,57447
10689,1,-1518,617,0,1639,3,57447
10690,1,-1522,608,0,1639,13,57447
10691,1,-1525,598,0,1638,-3,57773
10692,1,-1529,589,0,1639,8,57773
10693,1,-1533,579,0,1639,-7,58099
10694,1,-1536,570,0,1638,2,58099
10695,1,-1540,561,0,1639,12,58099
10696,1,-1543,551,0,1638,-3,58424
10697,1,-1546,542,0,1638,6,58424
10698,1,-1550,532,0,1639,-8,58750
10699,1,-1553,523,0,1638,1,58750
10700,1,-1556,513,0,1638,-1,58898
10701,1,-1559,503,0,1638,10,58898
10702,1,-1562,494,0,1638,-6,59224
10703,1,-1565,484,0,1638,4,59224
10704,1,-1568,475,0,1638,-12,59550
10705,1,-1571,465,0,1638,-1,59550
10706,1,-1574,455,0,1639,9,59550
10707,1,-1577,446,0,1639,-7,59876
10708,1,-1579,436,0,1638,3,59876
10709,1,-1582,426,0,1639,-12,60201
10710,1,-1585,417,0,1639,-3,60201
10711,1,-1587,407,0,1638,8,60201
10712,1,-1590,397,0,1639,-7,60527
10713,1,-1592,387,0,1638,3,60527
10714,1,-1594,378,0,1638,12,60527
10715,1,-1597,368,0,1639,-3,60853
10716,1,-1599,358,0,1639,7,60853
10717,1,-1601,348,0,1638,-8,61179
10718,1,-1603,338,0,1638,2,61179
10719,1,-1605,329,0,1638,11,61179
10720,1,-1607,319,0,1639,-4,61502
10721,1,-1609,309,0,1639,6,61502
10722,1,-1611,299,0,1638,-9,61828
10723,1,-1613,289,0,1639,1,61828
10724,1,-1614,279,0,1638,11,61828
10725,1,-1616,269,0,1638,-4,62154
10726,1,-1618,259,0,1639,6,62154
10727,1,-1619,249,0,1638,-10,62480
10728,1,-1621,239,0,1638,0,62480
10729,1,-1622,230,0,1638,10,62480
10730,1,-1624,220,0,1639,-6,62805
10731,1,-1625,210,0,1639,4,62805
10732,1,-1626,200,0,1638,-12,63131
10733,1,-1627,190,0,1638,-1,63131
10734,1,-1629,180,0,1639,9,63131
10735,1,-1630,170,0,1639,-7,63457
10736,1,-1631,160,0,1639,3,63457
10737,1,-1632,150,0,1639,-12,63783
10738,1,-1632,140,0,1638,-2,63783
10739,1,-1633,130,0,1638,8,63783
10740,1,-1634,120,0,1638,-6,64086
10741,1,-1635,110,0,1639,4,64086
10742,1,-1635,100,0,1638,-12,64412
10743,1,-1636,90,0,1638,-2,64412
10744,1,-1636,79,0,1638,9,64412
10745,1,-1637,69,0,1639,-6,64738
10746,1,-1637,59,0,1638,4,64738
10747,1,-1638,49,0,1639,-12,65064
10748,1,-1638,39,0,1639,-1,65064
10749,1,-1638,29,0,1638,8,65064
10750,1,-1638,19,0,1638,-7,65389
10751,1,-1638,9,0,1638,2,65389
10752,1,-1638,-1,0,1638,-10,-65389
10753,1,-1638,-11,0,1638,0,-65389
10754,1,-1638,-21,0,1638,10,-65389
10755,1,-1638,-31,0,1639,-6,-65064
10756,1,-1638,-41,0,1639,4,-65064
10757,1,-1638,-51,0,1639,-12,-64738
10758,1,-1637,-61,0,1638,-2,-64738
10759,1,-1637,-71,0,1639,8,-64738
10760,1,-1636,-81,0,1638,-7,-64412
10761,1,-1636,-91,0,1639,3,-64412
10762,1,-1635,-101,0,1638,-12,-64086
10763,1,-1635,-111,0,1639,-3,-64086
10764,1,-1634,-121,0,1638,7,-64086
10765,1,-1633,-131,0,1639,-7,-63783
10766,1,-1632,-141,0,1638,3,-63783
10767,1,-1631,-152,0,1638,-11,-63457
10768,1,-1630,-162,0,1638,-1,-63457
10769,1,-1629,-172,0,1638,9,-63457
10770,1,-1628,-182,0,1638,-7,-63131
10771,1,-1627,-192,0,1639,4,-63131
10772,1,-1626,-201,0,1639,13,-63131
10773,1,-1625,-211,0,1639,-3,-62805
10774,1,-1623,-221,0,1638,7,-62805
10775,1,-1622,-231,0,1639,-8,-62480
10776,1,-1621,-241,0,1639,2,-62480
10777,1,-1619,-251,0,1638,12,-62480
10778,1,-1617,-261,0,1638,-3,-62154
10779,1,-1616,-271,0,1639,7,-62154
10780,1,-1614,-281,0,1638,-9,-61828
10781,1,-1612,-291,0,1638,2,-61828
10782,1,-1611,-301,0,1639,11,-61828
10783,1,-1609,-311,0,1639,-4,-61502
10784,1,-1607,-321,0,1639,6,-61502
10785,1,-1605,-330,0,1639,-10,-61179
10786,1,-1603,-340,0,1639,0,-61179
10787,1,-1601,-350,0,1639,10,-61179
10788,1,-1598,-360,0,1638,-5,-60853
10789,1,-1596,-370,0,1638,5,-60853
10790,1,-1594,-379,0,1639,-11,-60527
10791,1,-1591,-389,0,1638,0,-60527
10792,1,-1589,-399,0,1639,10,-60527
10793,1,-1587,-409,0,1639,-6,-60201
10794,1,-1584,-418,0,1638,4,-60201
10795,1,-1581,-428,0,1638,-11,-59875
10796,1,-1579,-438,0,1639,-1,-59875
10797,1,-1576,-448,0,1638,9,-59875
10798,1,-1573,-457,0,1638,-7,-59549
10799,1,-1570,-467,0,1638,4,-59549
10800,1,-1568,-476,0,1639,13,-59549
10801,1,-1565,-486,0,1639,-2,-59224
10802,1,-1562,-496,0,1639,8,-59224
10803,1,-1559,-505,0,1639,-8,-58898
10804,1,-1555,-515,0,1638,3,-58898
10805,1,-1552,-524,0,1638,0,-58750
10806,1,-1549,-534,0,1639,11,-58750
10807,1,-1546,-543,0,1639,-5,-58424
10808,1,-1542,-553,0,1638,6,-58424
10809,1,-1539,-562,0,1639,-11,-58098
10810,1,-1535,-572,0,1638,0,-58098
10811,1,-1532,-581,0,1639,10,-58098
10812,1,-1528,-591,0,1638,-5,-57772
10813,1,-1525,-600,0,1639,5,-57772
10814,1,-1521,-609,0,1639,-11,-57447
10815,1,-1517,-619,0,1639,-1,-57447
10816,1,-1513,-628,0,1638,9,-57447
10817,1,-1509,-637,0,1638,-6,-57121
10818,1,-1506,-646,0,1639,3,-57121
10819,1,-1502,-656,0,1639,-12,-56795
10820,1,-1497,-665,0,1638,-2,-56795
10821,1,-1493,-674,0,1638,8,-56795
10822,1,-1489,-683,0,1638,-7,-56469
10823,1,-1485,-692,0,1638,3,-56469
10824,1,-1481,-701,0,1639,12,-56469
10825,1,-1476,-710,0,1638,-3,-56146
10826,1,-1472,-719,0,1638,7,-56146
10827,1,-1468,-728,0,1639,-9,-55820
10828,1,-1463,-737,0,1638,1,-55820
10829,1,-1458,-746,0,1638,12,-55820
10830,1,-1454,-755,0,1639,-4,-55494
10831,1,-1449,-764,0,1638,6,-55494
10832,1,-1445,-773,0,1639,-9,-55168
10833,1,-1440,-782,0,1639,1,-55168
10834,1,-1435,-791,0,1638,11,-55168
10835,1,-1430,-800,0,1639,-4,-54843
10836,1,-1425,-808,0,1638,5,-54843
10837,1,-1420,-817,0,1638,-10,-54517
10838,1,-1415,-826,0,1638,0,-54517
10839,1,-1410,-834,0,1638,10,-54517
10840,1,-1405,-843,0,1638,-6,-54191
10841,1,-1400,-852,0,1639,5,-54191
10842,1,-1394,-860,0,1638,-11,-53865
10843,1,-1389,-869,0,1638,0,-53865
10844,1,-1384,-877,0,1638,9,-53865
10845,1,-1378,-886,0,1638,-4,-53562
10846,1,-1373,-894,0,1639,5,-53562
10847,1,-1367,-903,0,1638,-10,-53236
10848,1,-1362,-911,0,1639,0,-53236
10849,1,-1356,-919,0,1638,10,-53236
10850,1,-1350,-928,0,1638,-5,-52910
10851,1,-1345,-936,0,1639,5,-52910
10852,1,-1339,-944,0,1638,-11,-52584
10853,1,-1333,-952,0,1638,-1,-52584
10854,1,-1327,-961,0,1639,10,-52584
10855,1,-1321,-969,0,1638,-6,-52259
10856,1,-1315,-977,0,1638,4,-52259
10857,1,-1309,-985,0,1638,-11,-51933
10858,1,-1303,-993,0,1638,-1,-51933
10859,1,-1297,-1001,0,1638,9,-51933
10860,1,-1291,-1009,0,1639,-7,-51607
10861,1,-1285,-1017,0,1639,3,-51607
10862,1,-1279,-1024,0,1639,12,-51607
10863,1,-1272,-1032,0,1638,-3,-51281
10864,1,-1266,-1040,0,1638,7,-51281
10865,1,-1260,-1048,0,1639,-8,-50958
10866,1,-1253,-1056,0,1639,2,-50958
10867,1,-1247,-1063,0,1639,11,-50958
10868,1,-1240,-1071,0,1638,-3,-50632
10869,1,-1233,-1078,0,1638,6,-50632
10870,1,-1227,-1086,0,1639,-9,-50306
10871,1,-1220,-1094,0,1639,2,-50306
10872,1,-1213,-1101,0,1638,12,-50306
10873,1,-1207,-1108,0,1638,-5,-49980
10874,1,-1200,-1116,0,1639,6,-49980
10875,1,-1193,-1123,0,1638,-10,-49654
10876,1,-1186,-1130,0,1638,0,-49654
10877,1,-1179,-1138,0,1639,11,-49654
10878,1,-1172,-1145,0,1639,-5,-49328
10879,1,-1165,-1152,0,1638,5,-49328
10880,1,-1158,-1159,0,1639,12,-49301
10881,1,-1151,-1166,0,1639,-3,-48975
10882,1,-1144,-1173,0,1639,7,-48975
10883,1,-1136,-1180,0,1638,-8,-48649
10884,1,-1129,-1187,0,1638,2,-48649
10885,1,-1122,-1194,0,1639,11,-48649
10886,1,-1114,-1201,0,1638,-4,-48324
10887,1,-1107,-1208,0,1639,6,-48324
10888,1,-1100,-1215,0,1639,-9,-47998
10889,1,-1092,-1221,0,1638,1,-47998
10890,1,-1085,-1228,0,1639,10,-47998
10891,1,-1077,-1235,0,1639,-4,-47672
10892,1,-1069,-1241,0,1638,6,-47672
10893,1,-1062,-1248,0,1639,-10,-47346
10894,1,-1054,-1254,0,1638,0,-47346
10895,1,-1046,-1261,0,1638,10,-47346
10896,1,-1039,-1267,0,1639,-6,-47023
10897,1,-1031,-1273,0,1638,4,-47023
10898,1,-1023,-1280,0,1639,-11,-46697
10899,1,-1015,-1286,0,1638,-1,-46697
10900,1,-1007,-1292,0,1638,9,-46697
10901,1,-999,-1298,0,1638,-6,-46371
10902,1,-991,-1304,0,1638,4,-46371
10903,1,-983,-1311,0,1639,-11,-46045
10904,1,-975,-1317,0,1639,-1,-46045
10905,1,-967,-1322,0,1638,8,-46045
10906,1,-959,-1328,0,1638,-8,-45720
10907,1,-951,-1334,0,1638,2,-45720
10908,1,-943,-1340,0,1639,12,-45720
10909,1,-934,-1346,0,1638,-2,-45394
10910,1,-926,-1352,0,1639,8,-45394
10911,1,-918,-1357,0,1638,-9,-45068
10912,1,-909,-1363,0,1638,3,-45068
10913,1,-901,-1368,0,1638,12,-45068
10914,1,-893,-1374,0,1639,-3,-44742
10915,1,-884,-1379,0,1638,7,-44742
10916,1,-876,-1385,0,1639,-8,-44439
10917,1,-867,-1390,0,1638,3,-44439
10918,1,-859,-1395,0,1639,12,-44439
10919,1,-850,-1401,0,1639,-2,-44113
10920,1,-842,-1406,0,1639,7,-44113
10921,1,-833,-1411,0,1639,-8,-43787
10922,1,-824,-1416,0,1639,2,-43787
10923,1,-815,-1421,0,1638,12,-43787
10924,1,-807,-1426,0,1639,-4,-43461
10925,1,-798,-1431,0,1639,7,-43461
10926,1,-789,-1436,0,1638,-9,-43136
10927,1,-780,-1441,0,1639,2,-43136
10928,1,-772,-1445,0,1638,10,-43136
10929,1,-763,-1450,0,1639,-5,-42810
10930,1,-754,-1455,0,1639,5,-42810
10931,1,-745,-1459,0,1638,-10,-42484
10932,1,-736,-1464,0,1639,0,-42484
10933,1,-727,-1468,0,1638,10,-42484
10934,1,-718,-1473,0,1639,-5,-42158
10935,1,-709,-1477,0,1638,5,-42158
10936,1,-700,-1481,0,1638,-11,-41835
10937,1,-691,-1486,0,1639,-1,-41835
10938,1,-681,-1490,0,1638,10,-41835
10939,1,-672,-1494,0,1638,-6,-41509
10940,1,-663,-1498,0,1638,4,-41509
10941,1,-654,-1502,0,1638,-12,-41183
10942,1,-645,-1506,0,1638,-2,-41183
10943,1,-635,-1510,0,1638,9,-41183
10944,1,-626,-1514,0,1638,-7,-40857
10945,1,-617,-1518,0,1639,3,-40857
10946,1,-608,-1522,0,1639,13,-40857
10947,1,-598,-1525,0,1638,-3,-40531
10948,1,-589,-1529,0,1639,8,-40531
10949,1,-579,-1533,0,1639,-7,-40205
10950,1,-570,-1536,0,1638,2,-40205
10951,1,-561,-1540,0,1639,12,-40205
10952,1,-551,-1543,0,1638,-3,-39880
10953,1,-542,-1546,0,1638,6,-39880
10954,1,-532,-1550,0,1639,-8,-39554
10955,1,-523,-1553,0,1638,1,-39554
10956,1,-513,-1556,0,1638,-1,-39406
10957,1,-503,-1559,0,1638,10,-39406
10958,1,-494,-1562,0,1638,-6,-39080
10959,1,-484,-1565,0,1638,4,-39080
10960,1,-475,-1568,0,1638,-12,-38754
10961,1,-465,-1571,0,1638,-1,-38754
10962,1,-455,-1574,0,1639,9,-38754
10963,1,-446,-1577,0,1639,-7,-38428
10964,1,-436,-1579,0,1638,3,-38428
10965,1,-426,-1582,0,1639,-12,-38103
10966,1,-417,-1585,0,1639,-3,-38103
10967,1,-407,-1587,0,1638,8,-38103
10968,1,-397,-1590,0,1639,-7,-37777
10969,1,-387,-1592,0,1638,3,-37777
10970,1,-378,-1594,0,1638,12,-37777
10971,1,-368,-1597,0,1639,-3,-37451
10972,1,-358,-1599,0,1639,7,-37451
10973,1,-348,-1601,0,1638,-8,-37125
10974,1,-338,-1603,0,1638,2,-37125
10975,1,-329,-1605,0,1638,11,-37125
10976,1,-319,-1607,0,1639,-4,-36802
10977,1,-309,-1609,0,1639,6,-36802
10978,1,-299,-1611,0,1638,-9,-36476
10979,1,-289,-1613,0,1639,1,-36476
10980,1,-279,-1614,0,1638,11,-36476
10981,1,-269,-1616,0,1638,-4,-36150
10982,1,-259,-1618,0,1639,6,-36150
10983,1,-249,-1619,0,1638,-10,-35824
10984,1,-239,-1621,0,1638,0,-35824
10985,1,-230,-1622,0,1638,10,-35824
10986,1,-220,-1624,0,1639,-6,-35499
10987,1,-210,-1625,0,1639,4,-35499
10988,1,-200,-1626,0,1638,-12,-35173
10989,1,-190,-1627,0,1638,-1,-35173
10990,1,-180,-1629,0,1639,9,-35173
10991,1,-170,-1630,0,1639,-7,-34847
10992,1,-160,-1631,0,1639,3,-34847
10993,1,-150,-1632,0,1639,-12,-34521
10994,1,-140,-1632,0,1638,-2,-34521
10995,1,-130,-1633,0,1638,8,-34521
10996,1,-120,-1634,0,1638,-6,-34218
10997,1,-110,-1635,0,1639,4,-34218
10998,1,-100,-1635,0,1638,-12,-33892
10999,1,-90,-1636,0,1638,-2,-33892
11000,1,-79,-1636,0,1638,9,-33892
11001,1,-69,-1637,0,1639,-6,-33566
11002,1,-59,-1637,0,1638,4,-33566
11003,1,-49,-1638,0,1639,-12,-33240
11004,1,-39,-1638,0,1639,-1,-33240
11005,1,-29,-1638,0,1638,8,-33240
11006,1,-19,-1638,0,1638,-7,-32915
11007,1,-9,-1638,0,1638,2,-32915
11008,1,1,-1638,0,1638,-10,-32621
11009,1,11,-1638,0,1638,0,-32621
11010,1,21,-1638,0,1638,10,-32621
11011,1,31,-1638,0,1639,-6,-32296
11012,1,41,-1638,0,1639,4,-32296
11013,1,51,-1638,0,1639,-12,-31970
11014,1,61,-1637,0,1638,-2,-31970
11015,1,71,-1637,0,1639,8,-31970
11016,1,81,-1636,0,1638,-7,-31644
11017,1,91,-1636,0,1639,3,-31644
11018,1,101,-1635,0,1638,-12,-31318
11019,1,111,-1635,0,1639,-3,-31318
11020,1,121,-1634,0,1638,7,-31318
11021,1,131,-1633,0,1639,-7,-31015
11022,1,141,-1632,0,1638,3,-31015
11023,1,152,-1631,0,1638,-11,-30689
11024,1,162,-1630,0,1638,-1,-30689
11025,1,172,-1629,0,1638,9,-30689
11026,1,182,-1628,0,1638,-7,-30363
11027,1,192,-1627,0,1639,4,-30363
11028,1,201,-1626,0,1639,13,-30363
11029,1,211,-1625,0,1639,-3,-30037
11030,1,221,-1623,0,1638,7,-30037
11031,1,231,-1622,0,1639,-8,-29712
11032,1,241,-1621,0,1639,2,-29712
11033,1,251,-1619,0,1638,12,-29712
11034,1,261,-1617,0,1638,-3,-29386
11035,1,271,-1616,0,1639,7,-29386
11036,1,281,-1614,0,1638,-9,-29060
11037,1,291,-1612,0,1638,2,-29060
11038,1,301,-1611,0,1639,11,-29060
11039,1,311,-1609,0,1639,-4,-28734
11040,1,321,-1607,0,1639,6,-28734
11041,1,330,-1605,0,1639,-10,-28411
11042,1,340,-1603,0,1639,0,-28411
11043,1,350,-1601,0,1639,10,-28411
11044,1,360,-1598,0,1638,-5,-28085
11045,1,370,-1596,0,1638,5,-28085
11046,1,379,-1594,0,1639,-11,-27759
11047,1,389,-1591,0,1638,0,-27759
11048,1,399,-1589,0,1639,10,-27759
11049,1,409,-1587,0,1639,-6,-27433
11050,1,418,-1584,0,1638,4,-27433
11051,1,428,-1581,0,1638,-11,-27107
11052,1,438,-1579,0,1639,-1,-27107
11053,1,448,-1576,0,1638,9,-27107
11054,1,457,-1573,0,1638,-7,-26781
11055,1,467,-1570,0,1638,4,-26781
11056,1,476,-1568,0,1639,13,-26781
11057,1,486,-1565,0,1639,-2,-26456
11058,1,496,-1562,0,1639,8,-26456
11059,1,505,-1559,0,1639,-8,-26130
11060,1,515,-1555,0,1638,3,-26130
11061,1,524,-1552,0,1638,0,-25982
11062,1,534,-1549,0,1639,11,-25982
11063,1,543,-1546,0,1639,-5,-25656
11064,1,553,-1542,0,1638,6,-25656
11065,1,562,-1539,0,1639,-11,-25330
11066,1,572,-1535,0,1638,0,-25330
11067,1,581,-1532,0,1639,10,-25330
11068,1,591,-1528,0,1638,-5,-25004
11069,1,600,-1525,0,1639,5,-25004
11070,1,609,-1521,0,1639,-11,-24679
11071,1,619,-1517,0,1639,-1,-24679
11072,1,628,-1513,0,1638,9,-24679
11073,1,637,-1509,0,1638,-6,-24353
11074,1,646,-1506,0,1639,3,-24353
11075,1,656,-1502,0,1639,-12,-24027
11076,1,665,-1497,0,1638,-2,-24027
11077,1,674,-1493,0,1638,8,-24027
11078,1,683,-1489,0,1638,-7,-23701
11079,1,692,-1485,0,1638,3,-23701
11080,1,701,-1481,0,1639,12,-23701
11081,1,710,-1476,0,1638,-3,-23378
11082,1,719,-1472,0,1638,7,-23378
11083,1,728,-1468,0,1639,-9,-23052
11084,1,737,-1463,0,1638,1,-23052
11085,1,746,-1458,0,1638,12,-23052
11086,1,755,-1454,0,1639,-4,-22726
11087,1,764,-1449,0,1638,6,-22726
11088,1,773,-1445,0,1639,-9,-22400
11089,1,782,-1440,0,1639,1,-22400
11090,1,791,-1435,0,1638,11,-22400
11091,1,800,-1430,0,1639,-4,-22075
11092,1,808,-1425,0,1638,5,-22075
11093,1,817,-1420,0,1638,-10,-21749
11094,1,826,-1415,0,1638,0,-21749
11095,1,834,-1410,0,1638,10,-21749
11096,1,843,-1405,0,1638,-6,-21423
11097,1,852,-1400,0,1639,5,-21423
11098,1,860,-1394,0,1638,-11,-21097
11099,1,869,-1389,0,1638,0,-21097
11100,1,877,-1384,0,1638,9,-21097
11101,1,886,-1378,0,1638,-4,-20794
11102,1,894,-1373,0,1639,5,-20794
11103,1,903,-1367,0,1638,-10,-20468
11104,1,911,-1362,0,1639,0,-20468
11105,1,919,-1356,0,1638,10,-20468
11106,1,928,-1350,0,1638,-5,-20142
11107,1,936,-1345,0,1639,5,-20142
11108,1,944,-1339,0,1638,-11,-19816
11109,1,952,-1333,0,1638,-1,-19816
11110,1,961,-1327,0,1639,10,-19816
11111,1,969,-1321,0,1638,-6,-19491
11112,1,977,-1315,0,1638,4,-19491
11113,1,985,-1309,0,1638,-11,-19165
11114,1,993,-1303,0,1638,-1,-19165
11115,1,1001,-1297,0,1638,9,-19165
11116,1,1009,-1291,0,1639,-7,-18839
11117,1,1017,-1285,0,1639,3,-18839
11118,1,1024,-1279,0,1639,12,-18839
11119,1,1032,-1272,0,1638,-3,-18513
11120,1,1040,-1266,0,1638,7,-18513
11121,1,1048,-1260,0,1639,-8,-18190
11122,1,1056,-1253,0,1639,2,-18190
11123,1,1063,-1247,0,1639,11,-18190
11124,1,1071,-1240,0,1638,-3,-17864
11125,1,1078,-1233,0,1638,6,-17864
11126,1,1086,-1227,0,1639,-9,-17538
11127,1,1094,-1220,0,1639,2,-17538
11128,1,1101,-1213,0,1638,12,-17538
11129,1,1108,-1207,0,1638,-5,-17212
11130,1,1116,-1200,0,1639,6,-17212
11131,1,1123,-1193,0,1638,-10,-16886
11132,1,1130,-1186,0,1638,0,-16886
11133,1,1138,-1179,0,1639,11,-16886
11134,1,1145,-1172,0,1639,-5,-16560
11135,1,1152,-1165,0,1638,5,-16560
11136,1,1159,-1158,0,1639,12,-16533
11137,1,1166,-1151,0,1639,-3,-16207
11138,1,1173,-1144,0,1639,7,-16207
11139,1,1180,-1136,0,1638,-8,-15881
11140,1,1187,-1129,0,1638,2,-15881
11141,1,1194,-1122,0,1639,11,-15881
11142,1,1201,-1114,0,1638,-4,-15556
11143,1,1208,-1107,0,1639,6,-15556
11144,1,1215,-1100,0,1639,-9,-15230
11145,1,1221,-1092,0,1638,1,-15230
11146,1,1228,-1085,0,1639,10,-15230
11147,1,1235,-1077,0,1639,-4,-14904
11148,1,1241,-1069,0,1638,6,-14904
11149,1,1248,-1062,0,1639,-10,-14578
11150,1,1254,-1054,0,1638,0,-14578
11151,1,1261,-1046,0,1638,10,-14578
11152,1,1267,-1039,0,1639,-6,-14255
11153,1,1273,-1031,0,1638,4,-14255
11154,1,1280,-1023,0,1639,-11,-13929
11155,1,1286,-1015,0,1638,-1,-13929
11156,1,1292,-1007,0,1638,9,-13929
11157,1,1298,-999,0,1638,-6,-13603
11158,1,1304,-991,0,1638,4,-13603
11159,1,1311,-983,0,1639,-11,-13277
11160,1,1317,-975,0,1639,-1,-13277
11161,1,1322,-967,0,1638,8,-13277
11162,1,1328,-959,0,1638,-8,-12952
11163,1,1334,-951,0,1638,2,-12952
11164,1,1340,-943,0,1639,12,-12952
11165,1,1346,-934,0,1638,-2,-12626
11166,1,1352,-926,0,1639,8,-12626
11167,1,1357,-918,0,1638,-9,-12300
11168,1,1363,-909,0,1638,3,-12300
11169,1,1368,-901,0,1638,12,-12300
11170,1,1374,-893,0,1639,-3,-11974
11171,1,1379,-884,0,1638,7,-11974
11172,1,1385,-876,0,1639,-8,-11671
11173,1,1390,-867,0,1638,3,-11671
11174,1,1395,-859,0,1639,12,-11671
11175,1,1401,-850,0,1639,-2,-11345
11176,1,1406,-842,0,1639,7,-11345
11177,1,1411,-833,0,1639,-8,-11019
11178,1,1416,-824,0,1639,2,-11019
11179,1,1421,-815,0,1638,12,-11019
11180,1,1426,-807,0,1639,-4,-10693
11181,1,1431,-798,0,1639,7,-10693
11182,1,1436,-789,0,1638,-9,-10368
11183,1,1441,-780,0,1639,2,-10368
11184,1,1445,-772,0,1638,10,-10368
11185,1,1450,-763,0,1639,-5,-10042
11186,1,1455,-754,0,1639,5,-10042
11187,1,1459,-745,0,1638,-10,-9716
11188,1,1464,-736,0,1639,0,-9716
11189,1,1468,-727,0,1638,10,-9716
11190,1,1473,-718,0,1639,-5,-9390
11191,1,1477,-709,0,1638,5,-9390
11192,1,1481,-700,0,1638,-11,-9067
11193,1,1486,-691,0,1639,-1,-9067
11194,1,1490,-681,0,1638,10,-9067
11195,1,1494,-672,0,1638,-6,-8741
11196,1,1498,-663,0,1638,4,-8741
11197,1,1502,-654,0,1638,-12,-8415
11198,1,1506,-645,0,1638,-2,-8415
11199,1,1510,-635,0,1638,9,-8415
11200,1,1514,-626,0,1638,-7,-8089
11201,1,1518,-617,0,1639,3,-8089
11202,1,1522,-608,0,1639,13,-8089
11203,1,1525,-598,0,1638,-3,-7763
11204,1,1529,-589,0,1639,8,-7763
11205,1,1533,-579,0,1639,-7,-7437
11206,1,1536,-570,0,1638,2,-7437
11207,1,1540,-561,0,1639,12,-7437
11208,1,1543,-551,0,1638,-3,-7112
11209,1,1546,-542,0,1638,6,-7112
11210,1,1550,-532,0,1639,-8,-6786
11211,1,1553,-523,0,1638,1,-6786
11212,1,1556,-513,0,1638,-1,-6638
11213,1,1559,-503,0,1638,10,-6638
11214,1,1562,-494,0,1638,-6,-6312
11215,1,1565,-484,0,1638,4,-6312
11216,1,1568,-475,0,1638,-12,-5986
11217,1,1571,-465,0,1638,-1,-5986
11218,1,1574,-455,0,1639,9,-5986
11219,1,1577,-446,0,1639,-7,-5660
11220,1,1579,-436,0,1638,3,-5660
11221,1,1582,-426,0,1639,-12,-5335
11222,1,1585,-417,0,1639,-3,-5335
11223,1,1587,-407,0,1638,8,-5335
11224,1,1590,-397,0,1639,-7,-5009
11225,1,1592,-387,0,1638,3,-5009
11226,1,1594,-378,0,1638,12,-5009
11227,1,1597,-368,0,1639,-3,-4683
11228,1,1599,-358,0,1639,7,-4683
11229,1,1601,-348,0,1638,-8,-4357
11230,1,1603,-338,0,1638,2,-4357
11231,1,1605,-329,0,1638,11,-4357
11232,1,1607,-319,0,1639,-4,-4034
11233,1,1609,-309,0,1639,6,-4034
11234,1,1611,-299,0,1638,-9,-3708
11235,1,1613,-289,0,1639,1,-3708
11236,1,1614,-279,0,1638,11,-3708
11237,1,1616,-269,0,1638,-4,-3382
11238,1,1618,-259,0,1639,6,-3382
11239,1,1619,-249,0,1638,-10,-3056
11240,1,1621,-239,0,1638,0,-3056
11241,1,1622,-230,0,1638,10,-3056
11242,1,1624,-220,0,1639,-6,-2731
11243,1,1625,-210,0,1639,4,-2731
11244,1,1626,-200,0,1638,-12,-2405
11245,1,1627,-190,0,1638,-1,-2405
11246,1,1629,-180,0,1639,9,-2405
11247,1,1630,-170,0,1639,-7,-2079
11248,1,1631,-160,0,1639,3,-2079
11249,1,1632,-150,0,1639,-12,-1753
11250,1,1632,-140,0,1638,-2,-1753
11251,1,1633,-130,0,1638,8,-1753
11252,1,1634,-120,0,1638,-6,-1450
11253,1,1635,-110,0,1639,4,-1450
11254,1,1635,-100,0,1638,-12,-1124
11255,1,1636,-90,0,1638,-2,-1124
11256,1,1636,-79,0,1638,9,-1124
11257,1,1637,-69,0,1639,-6,-798
11258,1,1637,-59,0,1638,4,-798
11259,1,1638,-49,0,1639,-12,-472
11260,1,1638,-39,0,1639,-1,-472
11261,1,1638,-29,0,1638,8,-472
11262,1,1638,-19,0,1638,-7,-147
11263,1,1638,-9,0,1638,2,-147
11264,1,45875,26,0,45874,-297,147
11265,1,45874,308,0,45875,-15,147
11266,1,45871,589,0,45874,266,147
11267,1,45867,870,0,45875,-169,472
11268,1,45861,1152,0,45876,114,472
11269,1,45853,1433,0,45875,-322,798
11270,1,45843,1715,0,45875,-40,798
11271,1,45832,1996,0,45875,241,798
11272,1,45819,2277,0,45876,-194,1124
11273,1,45804,2558,0,45875,87,1124
11274,1,45787,2839,0,45874,-348,1450
11275,1,45769,3120,0,45875,-66,1450
11276,1,45749,3401,0,45875,215,1450
11277,1,45727,3681,0,45875,-170,1753
11278,1,45704,3962,0,45876,112,1753
11279,1,45679,4242,0,45875,-324,2079
11280,1,45652,4522,0,45876,-43,2079
11281,1,45623,4802,0,45875,239,2079
11282,1,45593,5082,0,45875,-196,2405
11283,1,45561,5362,0,45876,86,2405
11284,1,45527,5641,0,45874,-350,2731
11285,1,45492,5921,0,45876,-68,2731
11286,1,45454,6200,0,45875,214,2731
11287,1,45415,6479,0,45875,-221,3056
11288,1,45375,6757,0,45876,60,3056
11289,1,45333,7035,0,45875,342,3056
11290,1,45289,7313,0,45876,-94,3382
11291,1,45243,7591,0,45876,188,3382
11292,1,45195,7869,0,45874,-247,3708
11293,1,45146,8146,0,45875,35,3708
11294,1,45095,8423,0,45874,317,3708
11295,1,45043,8699,0,45875,-119,4034
11296,1,44989,8975,0,45875,162,4034
11297,1,44933,9251,0,45875,-267,4357
11298,1,44875,9527,0,45875,15,4357
11299,1,44816,9802,0,45875,296,4357
11300,1,44755,10077,0,45876,-139,4683
11301,1,44692,10351,0,45875,142,4683
11302,1,44628,10625,0,45875,-293,5009
11303,1,44562,10899,0,45876,-11,5009
11304,1,44494,11172,0,45875,270,5009
11305,1,44425,11445,0,45875,-165,5335
11306,1,44354,11717,0,45875,116,5335
11307,1,44281,11989,0,45874,-318,5661
11308,1,44206,12261,0,45875,-36,5661
11309,1,44130,12532,0,45875,245,5661
11310,1,44053,12802,0,45875,-191,5987
11311,1,43973,13072,0,45875,91,5987
11312,1,43892,13342,0,45874,-344,6312
11313,1,43810,13611,0,45876,-63,6312
11314,1,43725,13879,0,45874,218,6312
11315,1,43639,14147,0,45874,-217,6638
11316,1,43552,14415,0,45876,65,6638
11317,1,43462,14682,0,45875,23,6786
11318,1,43371,14948,0,45874,304,6786
11319,1,43279,15214,0,45875,-131,7112
11320,1,43185,15479,0,45876,150,7112
11321,1,43089,15744,0,45875,-285,7438
11322,1,42992,16008,0,45876,-4,7438
11323,1,42893,16272,0,45875,278,7438
11324,1,42792,16535,0,45876,-157,7764
11325,1,42690,16797,0,45876,124,7764
11326,1,42586,17058,0,45875,-311,8089
11327,1,42480,17319,0,45875,-29,8089
11328,1,42373,17580,0,45875,253,8089
11329,1,42265,17839,0,45875,-183,8415
11330,1,42154,18098,0,45875,99,8415
11331,1,42042,18357,0,45874,-336,8741
11332,1,41929,18614,0,45875,-55,8741
11333,1,41814,18871,0,45875,226,8741
11334,1,41697,19127,0,45875,-209,9067
11335,1,41579,19383,0,45875,73,9067
11336,1,41460,19638,0,45875,355,9067
11337,1,41338,19892,0,45875,-74,9390
11338,1,41215,20145,0,45875,207,9390
11339,1,41091,20398,0,45875,-228,9716
11340,1,40965,20649,0,45875,53,9716
11341,1,40838,20900,0,45875,334,9716
11342,1,40709,21150,0,45875,-101,10042
11343,1,40578,21400,0,45875,181,10042
11344,1,40446,21648,0,45874,-255,10368
11345,1,40312,21896,0,45875,27,10368
11346,1,40177,22143,0,45874,309,10368
11347,1,40041,22389,0,45876,-126,10693
11348,1,39903,22634,0,45875,155,10693
11349,1,39763,22879,0,45874,-280,11019
11350,1,39622,23122,0,45875,1,11019
11351,1,39479,23365,0,45874,283,11019
11352,1,39335,23607,0,45875,-152,11345
11353,1,39189,23848,0,45875,130,11345
11354,1,39042,24088,0,45874,-305,11671
11355,1,38894,24327,0,45875,-24,11671
11356,1,38744,24565,0,45875,257,11671
11357,1,38592,24802,0,45875,-128,11974
11358,1,38440,25039,0,45876,154,11974
11359,1,38285,25274,0,45874,-282,12300
11360,1,38129,25509,0,45875,1,12300
11361,1,37972,25742,0,45875,282,12300
11362,1,37813,25975,0,45875,-153,12626
11363,1,37653,26206,0,45875,128,12626
11364,1,37492,26437,0,45875,-307,12952
11365,1,37329,26666,0,45875,-26,12952
11366,1,37165,26895,0,45875,256,12952
11367,1,36999,27122,0,45875,-179,13277
11368,1,36832,27349,0,45876,103,13277
11369,1,36663,27574,0,45874,-333,13603
11370,1,36493,27799,0,45875,-51,13603
11371,1,36322,28022,0,45875,230,13603
11372,1,36150,28244,0,45875,-206,13929
11373,1,35976,28466,0,45876,76,13929
11374,1,35800,28686,0,45874,358,13929
11375,1,35624,28905,0,45875,-78,14255
11376,1,35445,29123,0,45874,205,14255
11377,1,35266,29340,0,45875,-225,14578
11378,1,35085,29556,0,45875,57,14578
11379,1,34903,29771,0,45874,339,14578
11380,1,34720,29984,0,45875,-97,14904
11381,1,34535,30197,0,45875,185,14904
11382,1,34350,30408,0,45875,-251,15230
11383,1,34162,30618,0,45875,31,15230
11384,1,33974,30827,0,45874,312,15230
11385,1,33784,31035,0,45875,-123,15556
11386,1,33593,31242,0,45875,159,15556
11387,1,33401,31447,0,45874,-277,15882
11388,1,33207,31652,0,45876,6,15882
11389,1,33012,31855,0,45875,287,15882
11390,1,32816,32057,0,45875,-148,16208
11391,1,32619,32258,0,45875,134,16208
11392,1,32420,32457,0,45874,354,16235
11393,1,32220,32655,0,45875,-81,16561
11394,1,32020,32852,0,45875,200,16561
11395,1,31817,33048,0,45875,-235,16887
11396,1,31614,33243,0,45876,47,16887
11397,1,31409,33436,0,45874,328,16887
11398,1,31204,33628,0,45876,-107,17212
11399,1,30997,33819,0,45875,175,17212
11400,1,30789,34009,0,45875,-260,17538
11401,1,30579,34197,0,45875,22,17538
11402,1,30369,34384,0,45875,303,17538
11403,1,30157,34570,0,45875,-132,17864
11404,1,29945,34754,0,45876,149,17864
11405,1,29731,34937,0,45874,-286,18190
11406,1,29516,35119,0,45875,-5,18190
11407,1,29300,35299,0,45874,277,18190
11408,1,29083,35479,0,45876,-152,18513
11409,1,28865,35656,0,45876,129,18513
11410,1,28645,35833,0,45875,-306,18839
11411,1,28425,36008,0,45876,-24,18839
11412,1,28203,36182,0,45875,258,18839
11413,1,27981,36354,0,45875,-178,19165
11414,1,27757,36525,0,45875,104,19165
11415,1,27533,36695,0,45875,-332,19491
11416,1,27307,36863,0,45876,-50,19491
11417,1,27080,37030,0,45875,232,19491
11418,1,26852,37195,0,45875,-203,19816
11419,1,26624,37359,0,45875,78,19816
11420,1,26394,37522,0,45874,-357,20142
11421,1,26163,37683,0,45875,-75,20142
11422,1,25932,37843,0,45875,206,20142
11423,1,25699,38001,0,45875,-230,20468
11424,1,25465,38158,0,45875,52,20468
11425,1,25231,38314,0,45875,333,20468
11426,1,24995,38468,0,45875,-102,20794
11427,1,24759,38621,0,45876,180,20794
11428,1,24521,38772,0,45875,-205,21097
11429,1,24283,38921,0,45875,76,21097
11430,1,24043,39070,0,45874,358,21097
11431,1,23803,39217,0,45876,-77,21423
11432,1,23562,39362,0,45875,204,21423
11433,1,23320,39506,0,45875,-231,21749
11434,1,23077,39648,0,45875,51,21749
11435,1,22834,39789,0,45875,332,21749
11436,1,22589,39928,0,45875,-103,22075
11437,1,22344,40066,0,45875,178,22075
11438,1,22097,40202,0,45874,-256,22400
11439,1,21850,40337,0,45875,25,22400
11440,1,21602,40471,0,45875,307,22400
11441,1,21354,40602,0,45875,-129,22726
11442,1,21104,40733,0,45875,153,22726
11443,1,20854,40861,0,45874,-283,23052
11444,1,20603,40989,0,45876,-1,23052
11445,1,20351,41114,0,45874,281,23052
11446,1,20098,41238,0,45875,-155,23378
11447,1,19845,41361,0,45875,127,23378
11448,1,19591,41482,0,45875,-302,23701
11449,1,19336,41601,0,45875,-21,23701
11450,1,19080,41719,0,45875,261,23701
11451,1,18824,41835,0,45875,-175,24027
11452,1,18567,41950,0,45875,107,24027
11453,1,18309,42063,0,45874,-328,24353
11454,1,18051,42175,0,45876,-47,24353
11455,1,17791,42285,0,45875,235,24353
11456,1,17532,42393,0,45875,-201,24679
11457,1,17271,42500,0,45875,81,24679
11458,1,17010,42605,0,45874,-353,25005
11459,1,16748,42709,0,45875,-72,25005
11460,1,16486,42811,0,45875,210,25005
11461,1,16223,42911,0,45875,-226,25331
11462,1,15959,43010,0,45875,56,25331
11463,1,15695,43107,0,45874,337,25331
11464,1,15430,43202,0,45875,-98,25656
11465,1,15165,43296,0,45875,184,25656
11466,1,14899,43388,0,45874,-252,25982
11467,1,14633,43479,0,45875,30,25982
11468,1,14365,43568,0,45876,-13,26130
11469,1,14098,43655,0,45874,268,26130
11470,1,13830,43741,0,45875,-167,26456
11471,1,13561,43825,0,45875,115,26456
11472,1,13292,43907,0,45874,-321,26782
11473,1,13022,43988,0,45875,-39,26782
11474,1,12752,44067,0,45875,243,26782
11475,1,12482,44145,0,45876,-193,27108
11476,1,12210,44220,0,45875,89,27108
11477,1,11939,44294,0,45874,-346,27433
11478,1,11667,44367,0,45876,-64,27433
11479,1,11394,44438,0,45875,218,27433
11480,1,11122,44507,0,45875,-218,27759
11481,1,10848,44574,0,45875,64,27759
11482,1,10575,44640,0,45874,345,27759
11483,1,10300,44704,0,45875,-90,28085
11484,1,10026,44766,0,45875,191,28085
11485,1,9751,44827,0,45875,-244,28411
11486,1,9476,44886,0,45875,38,28411
11487,1,9200,44943,0,45874,320,28411
11488,1,8924,44999,0,45876,-110,28734
11489,1,8648,45053,0,45875,171,28734
11490,1,8371,45105,0,45875,-263,29060
11491,1,8094,45155,0,45875,18,29060
11492,1,7817,45204,0,45874,300,29060
11493,1,7540,45251,0,45875,-136,29386
11494,1,7262,45297,0,45875,146,29386
11495,1,6984,45340,0,45874,-290,29712
11496,1,6706,45382,0,45875,-9,29712
11497,1,6427,45423,0,45875,273,29712
11498,1,6148,45461,0,45875,-161,30037
11499,1,5869,45498,0,45875,120,30037
11500,1,5590,45533,0,45874,-315,30363
11501,1,5310,45567,0,45875,-33,30363
11502,1,5031,45599,0,45875,248,30363
11503,1,4751,45629,0,45875,-188,30689
11504,1,4471,45657,0,45875,94,30689
11505,1,4190,45683,0,45873,-340,31015
11506,1,3910,45708,0,45875,-60,31015
11507,1,3629,45731,0,45874,222,31015
11508,1,3349,45753,0,45875,-163,31318
11509,1,3068,45772,0,45875,118,31318
11510,1,2787,45790,0,45874,-317,31644
11511,1,2506,45807,0,45876,-35,31644
11512,1,2225,45821,0,45875,246,31644
11513,1,1944,45834,0,45875,-189,31970
11514,1,1663,45845,0,45875,92,31970
11515,1,1381,45854,0,45874,-342,32296
11516,1,1100,45862,0,45875,-61,32296
11517,1,818,45868,0,45875,221,32296
11518,1,537,45872,0,45875,-214,32621
11519,1,255,45874,0,45875,68,32621
11520,1,-26,45875,0,45874,-297,32915
11521,1,-308,45874,0,45875,-15,32915
11522,1,-589,45871,0,45874,266,32915
11523,1,-870,45867,0,45875,-169,33240
11524,1,-1152,45861,0,45876,114,33240
11525,1,-1433,45853,0,45875,-322,33566
11526,1,-1715,45843,0,45875,-40,33566
11527,1,-1996,45832,0,45875,241,33566
11528,1,-2277,45819,0,45876,-194,33892
11529,1,-2558,45804,0,45875,87,33892
11530,1,-2839,45787,0,45874,-348,34218
11531,1,-3120,45769,0,45875,-66,34218
11532,1,-3401,45749,0,45875,215,34218
11533,1,-3681,45727,0,45875,-170,34521
11534,1,-3962,45704,0,45876,112,34521
11535,1,-4242,45679,0,45875,-324,34847
11536,1,-4522,45652,0,45876,-43,34847
11537,1,-4802,45623,0,45875,239,34847
11538,1,-5082,45593,0,45875,-196,35173
11539,1,-5362,45561,0,45876,86,35173
11540,1,-5641,45527,0,45874,-350,35499
11541,1,-5921,45492,0,45876,-68,35499
11542,1,-6200,45454,0,45875,214,35499
11543,1,-6479,45415,0,45875,-221,35824
11544,1,-6757,45375,0,45876,60,35824
11545,1,-7035,45333,0,45875,342,35824
11546,1,-7313,45289,0,45876,-94,36150
11547,1,-7591,45243,0,45876,188,36150
11548,1,-7869,45195,0,45874,-247,36476
11549,1,-8146,45146,0,45875,35,36476
11550,1,-8423,45095,0,45874,317,36476
11551,1,-8699,45043,0,45875,-119,36802
11552,1,-8975,44989,0,45875,162,36802
11553,1,-9251,44933,0,45875,-267,37125
11554,1,-9527,44875,0,45875,15,37125
11555,1,-9802,44816,0,45875,296,37125
11556,1,-10077,44755,0,45876,-139,37451
11557,1,-10351,44692,0,45875,142,37451
11558,1,-10625,44628,0,45875,-293,37777
11559,1,-10899,44562,0,45876,-11,37777
11560,1,-11172,44494,0,45875,270,37777
11561,1,-11445,44425,0,45875,-165,38103
11562,1,-11717,44354,0,45875,116,38103
11563,1,-11989,44281,0,45874,-318,38429
11564,1,-12261,44206,0,45875,-36,38429
11565,1,-12532,44130,0,45875,245,38429
11566,1,-12802,44053,0,45875,-191,38755
11567,1,-13072,43973,0,45875,91,38755
11568,1,-13342,43892,0,45874,-344,39080
11569,1,-13611,43810,0,45876,-63,39080
11570,1,-13879,43725,0,45874,218,39080
11571,1,-14147,43639,0,45874,-217,39406
11572,1,-14415,43552,0,45876,65,39406
11573,1,-14682,43462,0,45875,23,39554
11574,1,-14948,43371,0,45874,304,39554
11575,1,-15214,43279,0,45875,-131,39880
11576,1,-15479,43185,0,45876,150,39880
11577,1,-15744,43089,0,45875,-285,40206
11578,1,-16008,42992,0,45876,-4,40206
11579,1,-16272,42893,0,45875,278,40206
11580,1,-16535,42792,0,45876,-157,40532
11581,1,-16797,42690,0,45876,124,40532
11582,1,-17058,42586,0,45875,-311,40857
11583,1,-17319,42480,0,45875,-29,40857
11584,1,-17580,42373,0,45875,253,40857
11585,1,-17839,42265,0,45875,-183,41183
11586,1,-18098,42154,0,45875,99,41183
11587,1,-18357,42042,0,45874,-336,41509
11588,1,-18614,41929,0,45875,-55,41509
11589,1,-18871,41814,0,45875,226,41509
11590,1,-19127,41697,0,45875,-209,41835
11591,1,-19383,41579,0,45875,73,41835
11592,1,-19638,41460,0,45875,355,41835
11593,1,-19892,41338,0,45875,-74,42158
11594,1,-20145,41215,0,45875,207,42158
11595,1,-20398,41091,0,45875,-228,42484
11596,1,-20649,40965,0,45875,53,42484
11597,1,-20900,40838,0,45875,334,42484
11598,1,-21150,40709,0,45875,-101,42810
11599,1,-21400,40578,0,45875,181,42810
11600,1,-21648,40446,0,45874,-255,43136
11601,1,-21896,40312,0,45875,27,43136
11602,1,-22143,40177,0,45874,309,43136
11603,1,-22389,40041,0,45876,-126,43461
11604,1,-22634,39903,0,45875,155,43461
11605,1,-22879,39763,0,45874,-280,43787
11606,1,-23122,39622,0,45875,1,43787
11607,1,-23365,39479,0,45874,283,43787
11608,1,-23607,39335,0,45875,-152,44113
11609,1,-23848,39189,0,45875,130,44113
11610,1,-24088,39042,0,45874,-305,44439
11611,1,-24327,38894,0,45875,-24,44439
11612,1,-24565,38744,0,45875,257,44439
11613,1,-24802,38592,0,45875,-128,44742
11614,1,-25039,38440,0,45876,154,44742
11615,1,-25274,38285,0,45874,-282,45068
11616,1,-25509,38129,0,45875,1,45068
11617,1,-25742,37972,0,45875,282,45068
11618,1,-25975,37813,0,45875,-153,45394
11619,1,-26206,37653,0,45875,128,45394
11620,1,-26437,37492,0,45875,-307,45720
11621,1,-26666,37329,0,45875,-26,45720
11622,1,-26895,37165,0,45875,256,45720
11623,1,-27122,36999,0,45875,-179,46045
11624,1,-27349,36832,0,45876,103,46045
11625,1,-27574,36663,0,45874,-333,46371
11626,1,-27799,36493,0,45875,-51,46371
11627,1,-28022,36322,0,45875,230,46371
11628,1,-28244,36150,0,45875,-206,46697
11629,1,-28466,35976,0,45876,76,46697
11630,1,-28686,35800,0,45874,358,46697
11631,1,-28905,35624,0,45875,-78,47023
11632,1,-29123,35445,0,45874,205,47023
11633,1,-29340,35266,0,45875,-225,47346
11634,1,-29556,35085,0,45875,57,47346
11635,1,-29771,34903,0,45874,339,47346
11636,1,-29984,34720,0,45875,-97,47672
11637,1,-30197,34535,0,45875,185,47672
11638,1,-30408,34350,0,45875,-251,47998
11639,1,-30618,34162,0,45875,31,47998
11640,1,-30827,33974,0,45874,312,47998
11641,1,-31035,33784,0,45875,-123,48324
11642,1,-31242,33593,0,45875,159,48324
11643,1,-31447,33401,0,45874,-277,48650
11644,1,-31652,33207,0,45876,6,48650
11645,1,-31855,33012,0,45875,287,48650
11646,1,-32057,32816,0,45875,-148,48976
11647,1,-32258,32619,0,45875,134,48976
11648,1,-32457,32420,0,45874,354,49003
11649,1,-32655,32220,0,45875,-81,49329
11650,1,-32852,32020,0,45875,200,49329
11651,1,-33048,31817,0,45875,-235,49655
11652,1,-33243,31614,0,45876,47,49655
11653,1,-33436,31409,0,45874,328,49655
11654,1,-33628,31204,0,45876,-107,49980
11655,1,-33819,30997,0,45875,175,49980
11656,1,-34009,30789,0,45875,-260,50306
11657,1,-34197,30579,0,45875,22,50306
11658,1,-34384,30369,0,45875,303,50306
11659,1,-34570,30157,0,45875,-132,50632
11660,1,-34754,29945,0,45876,149,50632
11661,1,-34937,29731,0,45874,-286,50958
11662,1,-35119,29516,0,45875,-5,50958
11663,1,-35299,29300,0,45874,277,50958
11664,1,-35479,29083,0,45876,-152,51281
11665,1,-35656,28865,0,45876,129,51281
11666,1,-35833,28645,0,45875,-306,51607
11667,1,-36008,28425,0,45876,-24,51607
11668,1,-36182,28203,0,45875,258,51607
11669,1,-36354,27981,0,45875,-178,51933
11670,1,-36525,27757,0,45875,104,51933
11671,1,-36695,27533,0,45875,-332,52259
11672,1,-36863,27307,0,45876,-50,52259
11673,1,-37030,27080,0,45875,232,52259
11674,1,-37195,26852,0,45875,-203,52584
11675,1,-37359,26624,0,45875,78,52584
11676,1,-37522,26394,0,45874,-357,52910
11677,1,-37683,26163,0,45875,-75,52910
11678,1,-37843,25932,0,45875,206,52910
11679,1,-38001,25699,0,45875,-230,53236
11680,1,-38158,25465,0,45875,52,53236
11681,1,-38314,25231,0,45875,333,53236
11682,1,-38468,24995,0,45875,-102,53562
11683,1,-38621,24759,0,45876,180,53562
11684,1,-38772,24521,0,45875,-205,53865
11685,1,-38921,24283,0,45875,76,53865
11686,1,-39070,24043,0,45874,358,53865
11687,1,-39217,23803,0,45876,-77,54191
11688,1,-39362,23562,0,45875,204,54191
11689,1,-39506,23320,0,45875,-231,54517
11690,1,-39648,23077,0,45875,51,54517
11691,1,-39789,22834,0,45875,332,54517
11692,1,-39928,22589,0,45875,-103,54843
11693,1,-40066,22344,0,45875,178,54843
11694,1,-40202,22097,0,45874,-256,55168
11695,1,-40337,21850,0,45875,25,55168
11696,1,-40471,21602,0,45875,307,55168
11697,1,-40602,21354,0,45875,-129,55494
11698,1,-40733,21104,0,45875,153,55494
11699,1,-40861,20854,0,45874,-283,55820
11700,1,-40989,20603,0,45876,-1,55820
11701,1,-41114,20351,0,45874,281,55820
11702,1,-41238,20098,0,45875,-155,56146
11703,1,-41361,19845,0,45875,127,56146
11704,1,-41482,19591,0,45875,-302,56469
11705,1,-41601,19336,0,45875,-21,56469
11706,1,-41719,19080,0,45875,261,56469
11707,1,-41835,18824,0,45875,-175,56795
11708,1,-41950,18567,0,45875,107,56795
11709,1,-42063,18309,0,45874,-328,57121
11710,1,-42175,18051,0,45876,-47,57121
11711,1,-42285,17791,0,45875,235,57121
11712,1,-42393,17532,0,45875,-201,57447
11713,1,-42500,17271,0,45875,81,57447
11714,1,-42605,17010,0,45874,-353,57773
11715,1,-42709,16748,0,45875,-72,57773
11716,1,-42811,16486,0,45875,210,57773
11717,1,-42911,16223,0,45875,-226,58099
11718,1,-43010,15959,0,45875,56,58099
11719,1,-43107,15695,0,45874,337,58099
11720,1,-43202,15430,0,45875,-98,58424
11721,1,-43296,15165,0,45875,184,58424
11722,1,-43388,14899,0,45874,-252,58750
11723,1,-43479,14633,0,45875,30,58750
11724,1,-43568,14365,0,45876,-13,58898
11725,1,-43655,14098,0,45874,268,58898
11726,1,-43741,13830,0,45875,-167,59224
11727,1,-43825,13561,0,45875,115,59224
11728,1,-43907,13292,0,45874,-321,59550
11729,1,-43988,13022,0,45875,-39,59550
11730,1,-44067,12752,0,45875,243,59550
11731,1,-44145,12482,0,45876,-193,59876
11732,1,-44220,12210,0,45875,89,59876
11733,1,-44294,11939,0,45874,-346,60201
11734,1,-44367,11667,0,45876,-64,60201
11735,1,-44438,11394,0,45875,218,60201
11736,1,-44507,11122,0,45875,-218,60527
11737,1,-44574,10848,0,45875,64,60527
11738,1,-44640,10575,0,45874,345,60527
11739,1,-44704,10300,0,45875,-90,60853
11740,1,-44766,10026,0,45875,191,60853
11741,1,-44827,9751,0,45875,-244,61179
11742,1,-44886,9476,0,45875,38,61179
11743,1,-44943,9200,0,45874,320,61179
11744,1,-44999,8924,0,45876,-110,61502
11745,1,-45053,8648,0,45875,171,61502
11746,1,-45105,8371,0,45875,-263,61828
11747,1,-45155,8094,0,45875,18,61828
11748,1,-45204,7817,0,45874,300,61828
11749,1,-45251,7540,0,45875,-136,62154
11750,1,-45297,7262,0,45875,146,62154
11751,1,-45340,6984,0,45874,-290,62480
11752,1,-45382,6706,0,45875,-9,62480
11753,1,-45423,6427,0,45875,273,62480
11754,1,-45461,6148,0,45875,-161,62805
11755,1,-45498,5869,0,45875,120,62805
11756,1,-45533,5590,0,45874,-315,63131
11757,1,-45567,5310,0,45875,-33,63131
11758,1,-45599,5031,0,45875,248,63131
11759,1,-45629,4751,0,45875,-188,63457
11760,1,-45657,4471,0,45875,94,63457
11761,1,-45683,4190,0,45873,-340,63783
11762,1,-45708,3910,0,45875,-60,63783
11763,1,-45731,3629,0,45874,222,63783
11764,1,-45753,3349,0,45875,-163,64086
11765,1,-45772,3068,0,45875,118,64086
11766,1,-45790,2787,0,45874,-317,64412
11767,1,-45807,2506,0,45876,-35,64412
11768,1,-45821,2225,0,45875,246,64412
11769,1,-45834,1944,0,45875,-189,64738
11770,1,-45845,1663,0,45875,92,64738
11771,1,-45854,1381,0,45874,-342,65064
11772,1,-45862,1100,0,45875,-61,65064
11773,1,-45868,818,0,45875,221,65064
11774,1,-45872,537,0,45875,-214,65389
11775,1,-45874,255,0,45875,68,65389
11776,1,-45875,-26,0,45874,-297,-65389
11777,1,-45874,-308,0,45875,-15,-65389
11778,1,-45871,-589,0,45874,266,-65389
11779,1,-45867,-870,0,45875,-169,-65064
11780,1,-45861,-1152,0,45876,114,-65064
11781,1,-45853,-1433,0,45875,-322,-64738
11782,1,-45843,-1715,0,45875,-40,-64738
11783,1,-45832,-1996,0,45875,241,-64738
11784,1,-45819,-2277,0,45876,-194,-64412
11785,1,-45804,-2558,0,45875,87,-64412
11786,1,-45787,-2839,0,45874,-348,-64086
11787,1,-45769,-3120,0,45875,-66,-64086
11788,1,-45749,-3401,0,45875,215,-64086
11789,1,-45727,-3681,0,45875,-170,-63783
11790,1,-45704,-3962,0,45876,112,-63783
11791,1,-45679,-4242,0,45875,-324,-63457
11792,1,-45652,-4522,0,45876,-43,-63457
11793,1,-45623,-4802,0,45875,239,-63457
11794,1,-45593,-5082,0,45875,-196,-63131
11795,1,-45561,-5362,0,45876,86,-63131
11796,1,-45527,-5641,0,45874,-350,-62805
11797,1,-45492,-5921,0,45876,-68,-62805
11798,1,-45454,-6200,0,45875,214,-62805
11799,1,-45415,-6479,0,45875,-221,-62480
11800,1,-45375,-6757,0,45876,60,-62480
11801,1,-45333,-7035,0,45875,342,-62480
11802,1,-45289,-7313,0,45876,-94,-62154
11803,1,-45243,-7591,0,45876,188,-62154
11804,1,-45195,-7869,0,45874,-247,-61828
11805,1,-45146,-8146,0,45875,35,-61828
11806,1,-45095,-8423,0,45874,317,-61828
11807,1,-45043,-8699,0,45875,-119,-61502
11808,1,-44989,-8975,0,45875,162,-61502
11809,1,-44933,-9251,0,45875,-267,-61179
11810,1,-44875,-9527,0,45875,15,-61179
11811,1,-44816,-9802,0,45875,296,-61179
11812,1,-44755,-10077,0,45876,-139,-60853
11813,1,-44692,-10351,0,45875,142,-60853
11814,1,-44628,-10625,0,45875,-293,-60527
11815,1,-44562,-10899,0,45876,-11,-60527
11816,1,-44494,-11172,0,45875,270,-60527
11817,1,-44425,-11445,0,45875,-165,-60201
11818,1,-44354,-11717,0,45875,116,-60201
11819,1,-44281,-11989,0,45874,-318,-59875
11820,1,-44206,-12261,0,45875,-36,-59875
11821,1,-44130,-12532,0,45875,245,-59875
11822,1,-44053,-12802,0,45875,-191,-59549
11823,1,-43973,-13072,0,45875,91,-59549
11824,1,-43892,-13342,0,45874,-344,-59224
11825,1,-43810,-13611,0,45876,-63,-59224
11826,1,-43725,-13879,0,45874,218,-59224
11827,1,-43639,-14147,0,45874,-217,-58898
11828,1,-43552,-14415,0,45876,65,-58898
11829,1,-43462,-14682,0,45875,23,-58750
11830,1,-43371,-14948,0,45874,304,-58750
11831,1,-43279,-15214,0,45875,-131,-58424
11832,1,-43185,-15479,0,45876,150,-58424
11833,1,-43089,-15744,0,45875,-285,-58098
11834,1,-42992,-16008,0,45876,-4,-58098
11835,1,-42893,-16272,0,45875,278,-58098
11836,1,-42792,-16535,0,45876,-157,-57772
11837,1,-42690,-16797,0,45876,124,-57772
11838,1,-42586,-17058,0,45875,-311,-57447
11839,1,-42480,-17319,0,45875,-29,-57447
11840,1,-42373,-17580,0,45875,253,-57447
11841,1,-42265,-17839,0,45875,-183,-57121
11842,1,-42154,-18098,0,45875,99,-57121
11843,1,-42042,-18357,0,45874,-336,-56795
11844,1,-41929,-18614,0,45875,-55,-56795
11845,1,-41814,-18871,0,45875,226,-56795
11846,1,-41697,-19127,0,45875,-209,-56469
11847,1,-41579,-19383,0,45875,73,-56469
11848,1,-41460,-19638,0,45875,355,-56469
11849,1,-41338,-19892,0,45875,-74,-56146
11850,1,-41215,-20145,0,45875,207,-56146
11851,1,-41091,-20398,0,45875,-228,-55820
11852,1,-40965,-20649,0,45875,53,-55820
11853,1,-40838,-20900,0,45875,334,-55820
11854,1,-40709,-21150,0,45875,-101,-55494
11855,1,-40578,-21400,0,45875,181,-55494
11856,1,-40446,-21648,0,45874,-255,-55168
11857,1,-40312,-21896,0,45875,27,-55168
11858,1,-40177,-22143,0,45874,309,-55168
11859,1,-40041,-22389,0,45876,-126,-54843
11860,1,-39903,-22634,0,45875,155,-54843
11861,1,-39763,-22879,0,45874,-280,-54517
11862,1,-39622,-23122,0,45875,1,-54517
11863,1,-39479,-23365,0,45874,283,-54517
11864,1,-39335,-23607,0,45875,-152,-54191
11865,1,-39189,-23848,0,45875,130,-54191
11866,1,-39042,-24088,0,45874,-305,-53865
11867,1,-38894,-24327,0,45875,-24,-53865
11868,1,-38744,-24565,0,45875,257,-53865
11869,1,-38592,-24802,0,45875,-128,-53562
11870,1,-38440,-25039,0,45876,154,-53562
11871,1,-38285,-25274,0,45874,-282,-53236
11872,1,-38129,-25509,0,45875,1,-53236
11873,1,-37972,-25742,0,45875,282,-53236
11874,1,-37813,-25975,0,45875,-153,-52910
11875,1,-37653,-26206,0,45875,128,-52910
11876,1,-37492,-26437,0,45875,-307,-52584
11877,1,-37329,-26666,0,45875,-26,-52584
11878,1,-37165,-26895,0,45875,256,-52584
11879,1,-36999,-27122,0,45875,-179,-52259
11880,1,-36832,-27349,0,45876,103,-52259
11881,1,-36663,-27574,0,45874,-333,-51933
11882,1,-36493,-27799,0,45875,-51,-51933
11883,1,-36322,-28022,0,45875,230,-51933
11884,1,-36150,-28244,0,45875,-206,-51607
11885,1,-35976,-28466,0,45876,76,-51607
11886,1,-35800,-28686,0,45874,358,-51607
11887,1,-35624,-28905,0,45875,-78,-51281
11888,1,-35445,-29123,0,45874,205,-51281
11889,1,-35266,-29340,0,45875,-225,-50958
11890,1,-35085,-29556,0,45875,57,-50958
11891,1,-34903,-29771,0,45874,339,-50958
11892,1,-34720,-29984,0,45875,-97,-50632
11893,1,-34535,-30197,0,45875,185,-50632
11894,1,-34350,-30408,0,45875,-251,-50306
11895,1,-34162,-30618,0,45875,31,-50306
11896,1,-33974,-30827,0,45874,312,-50306
11897,1,-33784,-31035,0,45875,-123,-49980
11898,1,-33593,-31242,0,45875,159,-49980
11899,1,-33401,-31447,0,45874,-277,-49654
11900,1,-33207,-31652,0,45876,6,-49654
11901,1,-33012,-31855,0,45875,287,-49654
11902,1,-32816,-32057,0,45875,-148,-49328
11903,1,-32619,-32258,0,45875,134,-49328
11904,1,-32420,-32457,0,45874,354,-49301
11905,1,-32220,-32655,0,45875,-81,-48975
11906,1,-32020,-32852,0,45875,200,-48975
11907,1,-31817,-33048,0,45875,-235,-48649
11908,1,-31614,-33243,0,45876,47,-48649
11909,1,-31409,-33436,0,45874,328,-48649
11910,1,-31204,-33628,0,45876,-107,-48324
11911,1,-30997,-33819,0,45875,175,-48324
11912,1,-30789,-34009,0,45875,-260,-47998
11913,1,-30579,-34197,0,45875,22,-47998
11914,1,-30369,-34384,0,45875,303,-47998
11915,1,-30157,-34570,0,45875,-132,-47672
11916,1,-29945,-34754,0,45876,149,-47672
11917,1,-29731,-34937,0,45874,-286,-47346
11918,1,-29516,-35119,0,45875,-5,-47346
11919,1,-29300,-35299,0,45874,277,-47346
11920,1,-29083,-35479,0,45876,-152,-47023
11921,1,-28865,-35656,0,45876,129,-47023
11922,1,-28645,-35833,0,45875,-306,-46697
11923,1,-28425,-36008,0,45876,-24,-46697
11924,1,-28203,-36182,0,45875,258,-46697
11925,1,-27981,-36354,0,45875,-178,-46371
11926,1,-27757,-36525,0,45875,104,-46371
11927,1,-27533,-36695,0,45875,-332,-46045
11928,1,-27307,-36863,0,45876,-50,-46045
11929,1,-27080,-37030,0,45875,232,-46045
11930,1,-26852,-37195,0,45875,-203,-45720
11931,1,-26624,-37359,0,45875,78,-45720
11932,1,-26394,-37522,0,45874,-357,-45394
11933,1,-26163,-37683,0,45875,-75,-45394
11934,1,-25932,-37843,0,45875,206,-45394
11935,1,-25699,-38001,0,45875,-230,-45068
11936,1,-25465,-38158,0,45875,52,-45068
11937,1,-25231,-38314,0,45875,333,-45068
11938,1,-24995,-38468,0,45875,-102,-44742
11939,1,-24759,-38621,0,45876,180,-44742
11940,1,-24521,-38772,0,45875,-205,-44439
11941,1,-24283,-38921,0,45875,76,-44439
11942,1,-24043,-39070,0,45874,358,-44439
11943,1,-23803,-39217,0,45876,-77,-44113
11944,1,-23562,-39362,0,45875,204,-44113
11945,1,-23320,-39506,0,45875,-231,-43787
11946,1,-23077,-39648,0,45875,51,-43787
11947,1,-22834,-39789,0,45875,332,-43787
11948,1,-22589,-39928,0,45875,-103,-43461
11949,1,-22344,-40066,0,45875,178,-43461
11950,1,-22097,-40202,0,45874,-256,-43136
11951,1,-21850,-40337,0,45875,25,-43136
11952,1,-21602,-40471,0,45875,307,-43136
11953,1,-21354,-40602,0,45875,-129,-42810
11954,1,-21104,-40733,0,45875,153,-42810
11955,1,-20854,-40861,0,45874,-283,-42484
11956,1,-20603,-40989,0,45876,-1,-42484
11957,1,-20351,-41114,0,45874,281,-42484
11958,1,-20098,-41238,0,45875,-155,-42158
11959,1,-19845,-41361,0,45875,127,-42158
11960,1,-19591,-41482,0,45875,-302,-41835
11961,1,-19336,-41601,0,45875,-21,-41835
11962,1,-19080,-41719,0,45875,261,-41835
11963,1,-18824,-41835,0,45875,-175,-41509
11964,1,-18567,-41950,0,45875,107,-41509
11965,1,-18309,-42063,0,45874,-328,-41183
11966,1,-18051,-42175,0,45876,-47,-41183
11967,1,-17791,-42285,0,45875,235,-41183
11968,1,-17532,-42393,0,45875,-201,-40857
11969,1,-17271,-42500,0,45875,81,-40857
11970,1,-17010,-42605,0,45874,-353,-40531
11971,1,-16748,-42709,0,45875,-72,-40531
11972,1,-16486,-42811,0,45875,210,-40531
11973,1,-16223,-42911,0,45875,-226,-40205
11974,1,-15959,-43010,0,45875,56,-40205
11975,1,-15695,-43107,0,45874,337,-40205
11976,1,-15430,-43202,0,45875,-98,-39880
11977,1,-15165,-43296,0,45875,184,-39880
11978,1,-14899,-43388,0,45874,-252,-39554
11979,1,-14633,-43479,0,45875,30,-39554
11980,1,-14365,-43568,0,45876,-13,-39406
11981,1,-14098,-43655,0,45874,268,-39406
11982,1,-13830,-43741,0,45875,-167,-39080
11983,1,-13561,-43825,0,45875,115,-39080
11984,1,-13292,-43907,0,45874,-321,-38754
11985,1,-13022,-43988,0,45875,-39,-38754
11986,1,-12752,-44067,0,45875,243,-38754
11987,1,-12482,-44145,0,45876,-193,-38428
11988,1,-12210,-44220,0,45875,89,-38428
11989,1,-11939,-44294,0,45874,-346,-38103
11990,1,-11667,-44367,0,45876,-64,-38103
11991,1,-11394,-44438,0,45875,218,-38103
11992,1,-11122,-44507,0,45875,-218,-37777
11993,1,-10848,-44574,0,45875,64,-37777
11994,1,-10575,-44640,0,45874,345,-37777
11995,1,-10300,-44704,0,45875,-90,-37451
11996,1,-10026,-44766,0,45875,191,-37451
11997,1,-9751,-44827,0,45875,-244,-37125
11998,1,-9476,-44886,0,45875,38,-37125
11999,1,-9200,-44943,0,45874,320,-37125
12000,1,-8924,-44999,0,45876,-110,-36802
12001,1,-8648,-45053,0,45875,171,-36802
12002,1,-8371,-45105,0,45875,-263,-36476
12003,1,-8094,-45155,0,45875,18,-36476
12004,1,-7817,-45204,0,45874,300,-36476
12005,1,-7540,-45251,0,45875,-136,-36150
12006,1,-7262,-45297,0,45875,146,-36150
12007,1,-6984,-45340,0,45874,-290,-35824
12008,1,-6706,-45382,0,45875,-9,-35824
12009,1,-6427,-45423,0,45875,273,-35824
12010,1,-6148,-45461,0,45875,-161,-35499
12011,1,-5869,-45498,0,45875,120,-35499
12012,1,-5590,-45533,0,45874,-315,-35173
12013,1,-5310,-45567,0,45875,-33,-35173
12014,1,-5031,-45599,0,45875,248,-35173
12015,1,-4751,-45629,0,45875,-188,-34847
12016,1,-4471,-45657,0,45875,94,-34847
12017,1,-4190,-45683,0,45873,-340,-34521
12018,1,-3910,-45708,0,45875,-60,-34521
12019,1,-3629,-45731,0,45874,222,-34521
12020,1,-3349,-45753,0,45875,-163,-34218
12021,1,-3068,-45772,0,45875,118,-34218
12022,1,-2787,-45790,0,45874,-317,-33892
12023,1,-2506,-45807,0,45876,-35,-33892
12024,1,-2225,-45821,0,45875,246,-33892
12025,1,-1944,-45834,0,45875,-189,-33566
12026,1,-1663,-45845,0,45875,92,-33566
12027,1,-1381,-45854,0,45874,-342,-33240
12028,1,-1100,-45862,0,45875,-61,-33240
12029,1,-818,-45868,0,45875,221,-33240
12030,1,-537,-45872,0,45875,-214,-32915
12031,1,-255,-45874,0,45875,68,-32915
12032,1,26,-45875,0,45874,-297,-32621
12033,1,308,-45874,0,45875,-15,-32621
12034,1,589,-45871,0,45874,266,-32621
12035,1,870,-45867,0,45875,-169,-32296
12036,1,1152,-45861,0,45876,114,-32296
12037,1,1433,-45853,0,45875,-322,-31970
12038,1,1715,-45843,0,45875,-40,-31970
12039,1,1996,-45832,0,45875,241,-31970
12040,1,2277,-45819,0,45876,-194,-31644
12041,1,2558,-45804,0,45875,87,-31644
12042,1,2839,-45787,0,45874,-348,-31318
12043,1,3120,-45769,0,45875,-66,-31318
12044,1,3401,-45749,0,45875,215,-31318
12045,1,3681,-45727,0,45875,-170,-31015
12046,1,3962,-45704,0,45876,112,-31015
12047,1,4242,-45679,0,45875,-324,-30689
12048,1,4522,-45652,0,45876,-43,-30689
12049,1,4802,-45623,0,45875,239,-30689
12050,1,5082,-45593,0,45875,-196,-30363
12051,1,5362,-45561,0,45876,86,-30363
12052,1,5641,-45527,0,45874,-350,-30037
12053,1,5921,-45492,0,45876,-68,-30037
12054,1,6200,-45454,0,45875,214,-30037
12055,1,6479,-45415,0,45875,-221,-29712
12056,1,6757,-45375,0,45876,60,-29712
12057,1,7035,-45333,0,45875,342,-29712
12058,1,7313,-45289,0,45876,-94,-29386
12059,1,7591,-45243,0,45876,188,-29386
12060,1,7869,-45195,0,45874,-247,-29060
12061,1,8146,-45146,0,45875,35,-29060
12062,1,8423,-45095,0,45874,317,-29060
12063,1,8699,-45043,0,45875,-119,-28734
12064,1,8975,-44989,0,45875,162,-28734
12065,1,9251,-44933,0,45875,-267,-28411
12066,1,9527,-44875,0,45875,15,-28411
12067,1,9802,-44816,0,45875,296,-28411
12068,1,10077,-44755,0,45876,-139,-28085
12069,1,10351,-44692,0,45875,142,-28085
12070,1,10625,-44628,0,45875,-293,-27759
12071,1,10899,-44562,0,45876,-11,-27759
12072,1,11172,-44494,0,45875,270,-27759
12073,1,11445,-44425,0,45875,-165,-27433
12074,1,11717,-44354,0,45875,116,-27433
12075,1,11989,-44281,0,45874,-318,-27107
12076,1,12261,-44206,0,45875,-36,-27107
12077,1,12532,-44130,0,45875,245,-27107
12078,1,12802,-44053,0,45875,-191,-26781
12079,1,13072,-43973,0,45875,91,-26781
12080,1,13342,-43892,0,45874,-344,-26456
12081,1,13611,-43810,0,45876,-63,-26456
12082,1,13879,-43725,0,45874,218,-26456
12083,1,14147,-43639,0,45874,-217,-26130
12084,1,14415,-43552,0,45876,65,-26130
12085,1,14682,-43462,0,45875,23,-25982
12086,1,14948,-43371,0,45874,304,-25982
12087,1,15214,-43279,0,45875,-131,-25656
12088,1,15479,-43185,0,45876,150,-25656
12089,1,15744,-43089,0,45875,-285,-25330
12090,1,16008,-42992,0,45876,-4,-25330
12091,1,16272,-42893,0,45875,278,-25330
12092,1,16535,-42792,0,45876,-157,-25004
12093,1,16797,-42690,0,45876,124,-25004
12094,1,17058,-42586,0,45875,-311,-24679
12095,1,17319,-42480,0,45875,-29,-24679
12096,1,17580,-42373,0,45875,253,-24679
12097,1,17839,-42265,0,45875,-183,-24353
12098,1,18098,-42154,0,45875,99,-24353
12099,1,18357,-42042,0,45874,-336,-24027
12100,1,18614,-41929,0,45875,-55,-24027
12101,1,18871,-41814,0,45875,226,-24027
12102,1,19127,-41697,0,45875,-209,-23701
12103,1,19383,-41579,0,45875,73,-23701
12104,1,19638,-41460,0,45875,355,-23701
12105,1,19892,-41338,0,45875,-74,-23378
12106,1,20145,-41215,0,45875,207,-23378
12107,1,20398,-41091,0,45875,-228,-23052
12108,1,20649,-40965,0,45875,53,-23052
12109,1,20900,-40838,0,45875,334,-23052
12110,1,21150,-40709,0,45875,-101,-22726
12111,1,21400,-40578,0,45875,181,-22726
12112,1,21648,-40446,0,45874,-255,-22400
12113,1,21896,-40312,0,45875,27,-22400
12114,1,22143,-40177,0,45874,309,-22400
12115,1,22389,-40041,0,45876,-126,-22075
12116,1,22634,-39903,0,45875,155,-22075
12117,1,22879,-39763,0,45874,-280,-21749
12118,1,23122,-39622,0,45875,1,-21749
12119,1,23365,-39479,0,45874,283,-21749
12120,1,23607,-39335,0,45875,-152,-21423
12121,1,23848,-39189,0,45875,130,-21423
12122,1,24088,-39042,0,45874,-305,-21097
12123,1,24327,-38894,0,45875,-24,-21097
12124,1,24565,-38744,0,45875,257,-21097
12125,1,24802,-38592,0,45875,-128,-20794
12126,1,25039,-38440,0,45876,154,-20794
12127,1,25274,-38285,0,45874,-282,-20468
12128,1,25509,-38129,0,45875,1,-20468
12129,1,25742,-37972,0,45875,282,-20468
12130,1,25975,-37813,0,45875,-153,-20142
12131,1,26206,-37653,0,45875,128,-20142
12132,1,26437,-37492,0,45875,-307,-19816
12133,1,26666,-37329,0,45875,-26,-19816
12134,1,26895,-37165,0,45875,256,-19816
12135,1,27122,-36999,0,45875,-179,-19491
12136,1,27349,-36832,0,45876,103,-19491
12137,1,27574,-36663,0,45874,-333,-19165
12138,1,27799,-36493,0,45875,-51,-19165
12139,1,28022,-36322,0,45875,230,-19165
12140,1,28244,-36150,0,45875,-206,-18839
12141,1,28466,-35976,0,45876,76,-18839
12142,1,28686,-35800,0,45874,358,-18839
12143,1,28905,-35624,0,45875,-78,-18513
12144,1,29123,-35445,0,45874,205,-18513
12145,1,29340,-35266,0,45875,-225,-18190
12146,1,29556,-35085,0,45875,57,-18190
12147,1,29771,-34903,0,45874,339,-18190
12148,1,29984,-34720,0,45875,-97,-17864
12149,1,30197,-34535,0,45875,185,-17864
12150,1,30408,-34350,0,45875,-251,-17538
12151,1,30618,-34162,0,45875,31,-17538
12152,1,30827,-33974,0,45874,312,-17538
12153,1,31035,-33784,0,45875,-123,-17212
12154,1,31242,-33593,0,45875,159,-17212
12155,1,31447,-33401,0,45874,-277,-16886
12156,1,31652,-33207,0,45876,6,-16886
12157,1,31855,-33012,0,45875,287,-16886
12158,1,32057,-32816,0,45875,-148,-16560
12159,1,32258,-32619,0,45875,134,-16560
12160,1,32457,-32420,0,45874,354,-16533
12161,1,32655,-32220,0,45875,-81,-16207
12162,1,32852,-32020,0,45875,200,-16207
12163,1,33048,-31817,0,45875,-235,-15881
12164,1,33243,-31614,0,45876,47,-15881
12165,1,33436,-31409,0,45874,328,-15881
12166,1,33628,-31204,0,45876,-107,-15556
12167,1,33819,-30997,0,45875,175,-15556
12168,1,34009,-30789,0,45875,-260,-15230
12169,1,34197,-30579,0,45875,22,-15230
12170,1,34384,-30369,0,45875,303,-15230
12171,1,34570,-30157,0,45875,-132,-14904
12172,1,34754,-29945,0,45876,149,-14904
12173,1,34937,-29731,0,45874,-286,-14578
12174,1,35119,-29516,0,45875,-5,-14578
12175,1,35299,-29300,0,45874,277,-14578
12176,1,35479,-29083,0,45876,-152,-14255
12177,1,35656,-28865,0,45876,129,-14255
12178,1,35833,-28645,0,45875,-306,-13929
12179,1,36008,-28425,0,45876,-24,-13929
12180,1,36182,-28203,0,45875,258,-13929
12181,1,36354,-27981,0,45875,-178,-13603
12182,1,36525,-27757,0,45875,104,-13603
12183,1,36695,-27533,0,45875,-332,-13277
12184,1,36863,-27307,0,45876,-50,-13277
12185,1,37030,-27080,0,45875,232,-13277
12186,1,37195,-26852,0,45875,-203,-12952
12187,1,37359,-26624,0,45875,78,-12952
12188,1,37522,-26394,0,45874,-357,-12626
12189,1,37683,-26163,0,45875,-75,-12626
12190,1,37843,-25932,0,45875,206,-12626
12191,1,38001,-25699,0,45875,-230,-12300
12192,1,38158,-25465,0,45875,52,-12300
12193,1,38314,-25231,0,45875,333,-12300
12194,1,38468,-24995,0,45875,-102,-11974
12195,1,38621,-24759,0,45876,180,-11974
12196,1,38772,-24521,0,45875,-205,-11671
12197,1,38921,-24283,0,45875,76,-11671
12198,1,39070,-24043,0,45874,358,-11671
12199,1,39217,-23803,0,45876,-77,-11345
12200,1,39362,-23562,0,45875,204,-11345
12201,1,39506,-23320,0,45875,-231,-11019
12202,1,39648,-23077,0,45875,51,-11019
12203,1,39789,-22834,0,45875,332,-11019
12204,1,39928,-22589,0,45875,-103,-10693
12205,1,40066,-22344,0,45875,178,-10693
12206,1,40202,-22097,0,45874,-256,-10368
12207,1,40337,-21850,0,45875,25,-10368
12208,1,40471,-21602,0,45875,307,-10368
12209,1,40602,-21354,0,45875,-129,-10042
12210,1,40733,-21104,0,45875,153,-10042
12211,1,40861,-20854,0,45874,-283,-9716
12212,1,40989,-20603,0,45876,-1,-9716
12213,1,41114,-20351,0,45874,281,-9716
12214,1,41238,-20098,0,45875,-155,-9390
12215,1,41361,-19845,0,45875,127,-9390
12216,1,41482,-19591,0,45875,-302,-9067
12217,1,41601,-19336,0,45875,-21,-9067
12218,1,41719,-19080,0,45875,261,-9067
12219,1,41835,-18824,0,45875,-175,-8741
12220,1,41950,-18567,0,45875,107,-8741
12221,1,42063,-18309,0,45874,-328,-8415
12222,1,42175,-18051,0,45876,-47,-8415
12223,1,42285,-17791,0,45875,235,-8415
12224,1,42393,-17532,0,45875,-201,-8089
12225,1,42500,-17271,0,45875,81,-8089
12226,1,42605,-17010,0,45874,-353,-7763
12227,1,42709,-16748,0,45875,-72,-7763
12228,1,42811,-16486,0,45875,210,-7763
12229,1,42911,-16223,0,45875,-226,-7437
12230,1,43010,-15959,0,45875,56,-7437
12231,1,43107,-15695,0,45874,337,-7437
12232,1,43202,-15430,0,45875,-98,-7112
12233,1,43296,-15165,0,45875,184,-7112
12234,1,43388,-14899,0,45874,-252,-6786
12235,1,43479,-14633,0,45875,30,-6786
12236,1,43568,-14365,0,45876,-13,-6638
12237,1,43655,-14098,0,45874,268,-6638
12238,1,43741,-13830,0,45875,-167,-6312
12239,1,43825,-13561,0,45875,115,-6312
12240,1,43907,-13292,0,45874,-321,-5986
12241,1,43988,-13022,0,45875,-39,-5986
12242,1,44067,-12752,0,45875,243,-5986
12243,1,44145,-12482,0,45876,-193,-5660
12244,1,44220,-12210,0,45875,89,-5660
12245,1,44294,-11939,0,45874,-346,-5335
12246,1,44367,-11667,0,45876,-64,-5335
12247,1,44438,-11394,0,45875,218,-5335
12248,1,44507,-11122,0,45875,-218,-5009
12249,1,44574,-10848,0,45875,64,-5009
12250,1,44640,-10575,0,45874,345,-5009
12251,1,44704,-10300,0,45875,-90,-4683
12252,1,44766,-10026,0,45875,191,-4683
12253,1,44827,-9751,0,45875,-244,-4357
12254,1,44886,-9476,0,45875,38,-4357
12255,1,44943,-9200,0,45874,320,-4357
12256,1,44999,-8924,0,45876,-110,-4034
12257,1,45053,-8648,0,45875,171,-4034
12258,1,45105,-8371,0,45875,-263,-3708
12259,1,45155,-8094,0,45875,18,-3708
12260,1,45204,-7817,0,45874,300,-3708
12261,1,45251,-7540,0,45875,-136,-3382
12262,1,45297,-7262,0,45875,146,-3382
12263,1,45340,-6984,0,45874,-290,-3056
12264,1,45382,-6706,0,45875,-9,-3056
12265,1,45423,-6427,0,45875,273,-3056
12266,1,45461,-6148,0,45875,-161,-2731
12267,1,45498,-5869,0,45875,120,-2731
12268,1,45533,-5590,0,45874,-315,-2405
12269,1,45567,-5310,0,45875,-33,-2405
12270,1,45599,-5031,0,45875,248,-2405
12271,1,45629,-4751,0,45875,-188,-2079
12272,1,45657,-4471,0,45875,94,-2079
12273,1,45683,-4190,0,45873,-340,-1753
12274,1,45708,-3910,0,45875,-60,-1753
12275,1,45731,-3629,0,45874,222,-1753
12276,1,45753,-3349,0,45875,-163,-1450
12277,1,45772,-3068,0,45875,118,-1450
12278,1,45790,-2787,0,45874,-317,-1124
12279,1,45807,-2506,0,45876,-35,-1124
12280,1,45821,-2225,0,45875,246,-1124
12281,1,45834,-1944,0,45875,-189,-798
12282,1,45845,-1663,0,45875,92,-798
12283,1,45854,-1381,0,45874,-342,-472
12284,1,45862,-1100,0,45875,-61,-472
12285,1,45868,-818,0,45875,221,-472
12286,1,45872,-537,0,45875,-214,-147
12287,1,45874,-255,0,45875,68,-147
12288,1,-26035,-60633,-45848,65535,-145,44041
12289,1,28018,37284,-60616,46637,357,-41451
12290,1,45865,-63101,-25177,65535,597,-44993
12291,1,4990,-8935,-22851,10234,-33,-44926
12292,1,55884,-38066,-36938,65535,491,-49564
12293,1,7087,-29551,63687,30389,-144,35928
12294,1,-57752,64213,61724,65535,207,-21350
12295,1,-61481,-31414,56239,65535,458,419
12296,1,2940,-24596,-3881,24771,91,-34244
12297,1,12074,-59420,34114,60633,430,5380
12298,1,-3327,38159,-16710,38304,112,17811
12299,1,31538,35544,29352,47519,205,46890
12300,1,-50703,59147,-37487,65535,-449,10185
12301,1,-30968,36440,-42338,47821,266,5008
12302,1,29266,-12720,46812,31910,-211,38397
12303,1,60513,-21108,-18044,64088,339,-25156
12304,1,49528,-34293,-58781,60242,-22,59665
12305,1,-10563,-44802,-32586,46029,-324,61035
12306,1,-25370,-26885,-48087,36965,181,34336
12307,1,-50267,-5114,48612,50527,87,-14845
12308,1,64788,-18584,30966,65535,514,24980
12309,1,55939,-45145,-55303,65535,310,61514
12310,1,10529,-52998,-20820,54034,148,-49554
12311,1,56758,17693,57479,59452,-25,63791
12312,1,59616,21822,64518,63484,-358,-59116
12313,1,-19640,-9866,-54701,21979,-5,20551
12314,1,41205,-52945,27870,65535,-427,9031
12315,1,-16136,52281,-31603,54714,-177,7477
12316,1,58031,-51984,50387,65535,-32,35157
12317,1,-36705,-51259,40583,63046,-36,-5137
12318,1,-55666,10329,-18611,56616,-323,43217
12319,1,42808,40121,31972,58669,429,47528
12320,1,34190,-65197,-64592,65535,119,43754
12321,1,-4759,-1237,-37457,4917,-7,33414
12322,1,10945,-44250,2709,45584,108,-25050
12323,1,50098,-4862,48362,50333,147,46283
12324,1,26376,-32478,-3700,41839,-52,-22213
12325,1,14265,-17678,31870,22715,-99,13357
12326,1,-54620,16056,27120,56931,61,-44402
12327,1,-3936,48431,-45950,48591,-143,-11429
12328,1,-41437,61197,-34599,65535,413,10469
12329,1,38098,-11983,22597,39938,-86,16285
12330,1,62386,-12387,-33142,63604,-167,-37176
12331,1,-14070,18723,48796,23420,-179,-35905
12332,1,32585,40509,18165,51988,308,36678
12333,1,-5280,40282,21004,40627,-23,56503
12334,1,-53148,-29888,39289,60976,-19,-15554
12335,1,458,50997,48107,50999,-99,-50344
12336,1,-3944,-13933,52111,14481,-65,13683
12337,1,27758,48347,5796,55748,392,27545
12338,1,-54586,5103,-28194,54823,353,35263
12339,1,46666,-56749,19622,65535,358,1109
12340,1,-44763,10523,-57535,45983,-294,3318
12341,1,-33754,5306,-27448,34168,213,34706
12342,1,58462,-32745,-4349,65535,136,-15042
12343,1,10263,-9279,61564,13836,-69,46334
12344,1,16379,-12866,-58219,20828,39,58924
12345,1,-27560,-42758,-53598,50870,74,32732
12346,1,-47395,-3539,62629,47527,239,-1457
12347,1,-53431,13574,16625,55127,384,-54246
12348,1,-64299,-23072,54507,65535,246,-3917
12349,1,9563,-59846,-12273,60605,-223,-41659
12350,1,-57659,-30654,-60193,65300,475,15385
12351,1,61072,46082,2203,65535,-435,15806
12352,1,-13661,51986,62721,53751,66,-30248
12353,1,48969,63602,41436,65535,-324,60601
12354,1,-51168,-14332,64212,53138,93,4337
12355,1,-49388,56596,39954,65535,228,-43446
12356,1,-33755,-32818,31006,47078,-264,-18322
12357,1,-30643,8751,-39421,31868,-217,20455
12358,1,-23018,40451,17931,46541,221,61392
12359,1,-38035,24100,-12660,45027,-239,41205
12360,1,45508,62004,11651,65535,255,31142
12361,1,31890,50719,32960,59912,-110,54057
12362,1,-6510,-39291,21153,39827,-82,-14997
12363,1,28581,-6179,-3142,29241,-118,-7499
12364,1,41703,-38126,25208,56504,287,9652
12365,1,-17885,-57341,57230,60066,15,18150
12366,1,62876,-65191,57560,65535,545,40674
12367,1,36792,23324,-26295,43561,241,-14624
12368,1,-36719,65500,-22054,65535,-125,21407
12369,1,48554,-33209,42564,58824,315,29938
12370,1,-26818,-54478,-51414,60720,-445,37500
12371,1,-49824,-37383,-52560,62288,450,26253
12372,1,-49843,43436,-37227,65535,-156,13405
12373,1,-26093,56924,-22593,62619,-302,19242
12374,1,-29786,65170,-55451,65535,-425,-13616
12375,1,-28461,63447,32504,65535,185,-57059
12376,1,59362,50736,46954,65535,-565,61858
12377,1,-17435,-51230,9160,54115,-149,-30394
12378,1,36835,11875,-44059,38701,-246,-37421
12379,1,-36581,50919,49896,62697,133,-35456
12380,1,44207,35593,-62673,56754,-310,-48418
12381,1,-23966,32231,12213,40165,117,58258
12382,1,-60429,23173,-17666,64719,386,40107
12383,1,7259,25009,33447,26041,116,60229
12384,1,22757,8774,-12215,24390,-102,-4451
12385,1,-18651,8106,36336,20336,-134,-37615
12386,1,-49179,-3447,-48644,49300,23,18342
12387,1,10420,9128,-32709,13852,69,-17805
12388,1,59235,-31779,49936,65535,308,39568
12389,1,-3661,12496,-102,13021,-26,38653
12390,1,47968,44225,2303,65244,-57,17859
12391,1,51905,-10615,-35635,52978,379,-39992
12392,1,6879,-27987,31527,28820,26,3768
12393,1,17256,38045,34670,41775,-284,58697
12394,1,-5999,58704,-209,59010,129,34638
12395,1,24589,-37049,-54823,44466,-163,55781
12396,1,7364,37263,9191,37984,-66,37925
12397,1,-37012,-32202,-25804,49060,77,54636
12398,1,22367,-43803,34826,49182,313,11774
12399,1,-51240,-60970,52171,65535,-6,4825
12400,1,-21890,2248,12866,22005,-59,-54749
12401,1,1658,-6559,44061,6765,51,16302
12402,1,55820,-38087,-40346,65535,438,-52972
12403,1,-61680,1352,-29382,61695,45,35682
12404,1,64930,4281,-42191,65071,-239,-40741
12405,1,-58788,43965,40259,65535,-415,-38554
12406,1,7839,59385,-33909,59900,-20,-3872
12407,1,62809,-23757,-35430,65535,-341,-42867
12408,1,-60569,31725,2511,65535,-77,58005
12409,1,-45864,-44314,-606,63774,441,-50260
12410,1,31595,6998,38249,32360,-211,42932
12411,1,-32351,-17754,31614,36902,182,-23554
12412,1,-26320,-64484,48808,65535,17,7951
12413,1,-64610,-39744,-4896,65535,579,-59087
12414,1,60544,-37326,-399,65535,498,-12070
12415,1,56542,62263,17950,65535,-606,35488
12416,1,-58133,55106,-61753,65535,211,-12098
12417,1,-9755,-60518,582,61299,142,-35568
12418,1,-44693,3318,-15689,44816,-206,48397
12419,1,-60593,-4445,2216,60755,226,-61870
12420,1,48814,54834,-57838,65535,198,-40300
12421,1,-49375,65213,49486,65535,-331,-35215
12422,1,-61422,-53434,36167,65535,123,-14465
12423,1,50103,-58970,4993,65535,422,-13197
12424,1,-47855,-52900,-17514,65535,-378,-65512
12425,1,-18500,18949,-12576,26482,-93,36400
12426,1,25597,-44658,55161,51472,-399,33412
12427,1,-39194,-50707,44085,64088,-380,-2286
12428,1,-71,-34249,22166,34249,170,-10749
12429,1,58269,-28205,-3181,64736,-44,-12571
12430,1,-18498,63203,63897,65535,-148,-28420
12431,1,5834,-59356,-36046,59642,-101,64337
12432,1,20862,-38328,38696,43638,64,16296
12433,1,-26010,-31520,-11277,40865,-269,-58300
12434,1,2695,41562,-23016,41649,198,8302
12435,1,-40162,-56304,55700,65535,87,9980
12436,1,-63002,-1790,53382,63027,363,-11682
12437,1,49052,34008,53120,59688,59,-65326
12438,1,-24982,-608,34702,24990,42,-30362
12439,1,-25694,-2964,28657,25865,-11,-34474
12440,1,56056,20211,40128,59588,306,47240
12441,1,28460,-36546,-50872,46320,-281,61361
12442,1,-54415,-50879,13560,65535,457,-36420
12443,1,64021,40248,18330,65535,134,30001
12444,1,-31001,-26017,59980,40472,-25,9022
12445,1,-43122,-1691,42584,43155,40,-22154
12446,1,-65509,16059,44460,65535,-19,-26085
12447,1,-46098,-31200,54820,55663,300,1584
12448,1,8147,63744,-18294,64262,243,11743
12449,1,33803,-33593,-22753,47656,-255,-38960
12450,1,5223,-11535,39486,12662,78,15459
12451,1,10748,-10112,-12927,14757,94,-28808
12452,1,-43952,55573,-62746,65535,103,-16049
12453,1,37359,-10968,63760,38936,55,57774
12454,1,-51893,-16922,-26169,54582,-163,46005
12455,1,5445,21639,1811,22313,-143,29570
12456,1,32640,-55435,-61287,64330,252,48036
12457,1,28879,-33784,-48541,44444,-319,64667
12458,1,-10187,-7685,-796,12760,-74,-52729
12459,1,19497,58427,25788,61594,198,51770
12460,1,-29487,-9518,22777,30985,-185,-36121
12461,1,-47495,-21292,5358,52049,127,-51437
12462,1,-55364,-65317,58877,65535,-367,11531
12463,1,-49432,47367,45324,65535,-189,-36093
12464,1,32361,-62300,56590,65535,-160,33864
12465,1,-54658,-23616,56642,59541,266,-479
12466,1,-47213,18209,-6765,50602,205,51008
12467,1,27817,-53166,-45697,60004,41,62649
12468,1,-20250,45314,-65417,49633,62,-23908
12469,1,19879,-19154,-41755,27605,-152,-57636
12470,1,-17803,65334,1174,65535,-360,39603
12471,1,17162,61624,-32971,63969,-17,-5863
12472,1,15205,45001,-9079,47500,-26,16903
12473,1,-12898,-60804,4580,62157,-10,-32545
12474,1,26742,-10394,4210,28691,42,-3553
12475,1,13402,-42542,-31855,44603,116,-58311
12476,1,56873,-44290,27149,65535,437,13220
12477,1,59612,44695,-27661,65535,512,-14384
12478,1,-46627,-50725,-4307,65535,163,-52631
12479,1,18720,63955,59621,65535,148,-44669
12480,1,64298,28570,-46595,65535,-61,-37854
12481,1,30488,50333,-16472,58847,-46,4951
12482,1,26026,-5451,12447,26591,64,8090
12483,1,12755,-62541,50863,63827,-490,22452
12484,1,14045,-36976,21293,39553,256,-4037
12485,1,34937,-42254,-29983,54826,414,-48496
12486,1,16213,59834,-52000,61990,418,-24892
12487,1,38630,55103,-2399,65535,-417,17743
12488,1,26265,-27947,-54339,38351,-265,59847
12489,1,-57131,8155,-7410,57710,273,55070
12490,1,35052,48375,3905,59739,-369,23721
12491,1,4549,-13785,21704,14516,8,-4426
12492,1,26694,-59865,41475,65535,29,17448
12493,1,-33962,35147,57232,48874,340,-25190
12494,1,4807,22392,64995,22902,-59,-37666
12495,1,-64349,-51238,-45395,65535,390,34070
12496,1,42455,12418,36663,44234,-107,42650
12497,1,-47886,37434,5060,60781,256,56667
12498,1,-43143,-17245,-16969,46461,-348,56656
12499,1,50672,26804,-37015,57324,297,-26973
12500,1,52239,25630,51419,58187,349,60809
12501,1,9647,53732,-28249,54591,6,811
12502,1,-30285,20638,-33406,36648,259,19504
12503,1,-37140,19778,40266,42077,322,-35638
12504,1,45545,-13951,7746,47633,255,1434
12505,1,448,-52014,6803,52016,82,-25818
12506,1,-8357,43081,-64270,43884,-78,-27468
12507,1,-15241,-17120,26470,22921,61,-21528
12508,1,55958,-64165,-12782,65535,232,-30646
12509,1,61051,7516,21161,61511,444,23566
12510,1,-60454,14980,-48004,62282,-173,12523
12511,1,-18836,10208,10701,21424,8,-65203
12512,1,29460,-13811,-20674,32537,-122,-29741
12513,1,18851,-49774,52293,53224,293,26963
12514,1,26364,41814,-6354,49432,-152,14743
12515,1,-63401,-57284,-48325,65535,400,32441
12516,1,-16884,46677,-6191,49636,306,33689
12517,1,3460,58799,3102,58900,-288,34746
12518,1,-63297,11977,-26058,64419,411,35444
12519,1,-31625,-41739,51748,52367,193,5377
12520,1,-19540,-58740,20047,61905,-181,-19359
12521,1,56910,-17240,10239,59463,-427,4253
12522,1,-32590,63641,-1248,65535,538,41236
12523,1,-23042,-44673,-11467,50265,260,-54277
12524,1,-44279,-44204,-56397,62565,477,25347
12525,1,55182,19199,-1206,58426,-355,5906
12526,1,-31252,21845,-17828,38130,-183,35082
12527,1,7021,-54073,24750,54527,-97,-5287
12528,1,35114,-24108,-33595,42593,153,-46221
12529,1,-64278,16547,6289,65535,251,-64582
12530,1,45864,20546,-54719,50256,109,-45978
12531,1,10563,29009,-31701,30872,226,-6370
12532,1,-49122,-64207,-12443,65535,-79,-58814
12533,1,21755,45760,35076,50667,321,58454
12534,1,-49390,-63781,32627,65535,-550,-13744
12535,1,-58563,27778,-39236,64815,468,16910
12536,1,-12977,-49407,-46136,51083,-57,46833
12537,1,-26410,16225,-15455,30995,-219,38736
12538,1,63999,-21778,27269,65535,-183,20483
12539,1,33757,-28237,-62224,44010,99,54270
12540,1,-42767,45661,-42367,62560,437,5957
12541,1,21802,-40538,20346,46029,-163,-2054
12542,1,116,35271,47872,35271,132,-50579
12543,1,-10784,-32004,29499,33772,9,-10055
12544,1,59451,-58169,38150,65535,202,21943
12545,1,-59557,-45608,-23951,65535,108,55188
12546,1,-58760,37679,61859,65535,266,-15651
12547,1,54800,12839,-38191,56284,318,-33508
12548,1,-7637,19919,46809,21333,-129,-43731
12549,1,34923,46465,41993,58124,440,61158
12550,1,-63372,35115,-2431,65535,479,52412
12551,1,38623,14644,9669,41306,243,17107
12552,1,-48924,-56799,-34332,65535,255,49068
12553,1,14077,-55474,-13243,57231,-414,-40676
12554,1,-24490,2404,36610,24608,45,-31005
12555,1,12598,-21679,47100,25074,-45,25351
12556,1,-9033,59943,-15520,60620,185,20304
12557,1,60066,9260,65353,60775,392,-62663
12558,1,21801,9178,-60570,23654,-116,-52155
12559,1,12978,11155,60816,17113,-76,-55352
12560,1,-36421,45096,-16361,57967,-229,30662
12561,1,54238,-3376,-20537,54342,399,-21987
12562,1,-9073,3727,-56332,9808,-19,1115
12563,1,-44322,-59741,-54725,65535,-136,30302
12564,1,-35591,56266,39778,65535,303,-46855
12565,1,56385,-8791,48010,57065,427,44628
12566,1,50696,-473,-29694,50699,-116,-29841
12567,1,10694,-8804,43663,13852,-75,29408
12568,1,24679,45958,-7670,52165,219,14730
12569,1,-14559,-60575,1607,62300,264,-36170
12570,1,-7963,-20094,-27801,21614,-111,62740
12571,1,-6058,-53988,19738,54327,192,-15435
12572,1,2677,65005,15142,65060,-188,47112
12573,1,21810,22461,21890,31308,195,38451
12574,1,-3303,9313,-43870,9881,-1,-3990
12575,1,-24168,-62427,25034,65535,186,-15497
12576,1,14026,-7923,59862,16109,-26,49169
12577,1,12428,-37468,54424,39475,81,28294
12578,1,12715,42731,-48102,44583,-100,-21320
12579,1,-3416,26683,48738,26901,-96,-46835
12580,1,-29194,-29072,6033,41200,263,-43295
12581,1,56335,56845,52536,65535,-317,-61975
12582,1,34297,-20158,-18146,39782,-125,-29165
12583,1,-16562,-28669,-21739,33109,145,-65526
12584,1,-17668,-27406,46003,32608,45,1261
12585,1,-58753,9591,-15079,59531,19,47075
12586,1,5725,17244,-4763,18170,-43,21367
12587,1,-62628,-14836,39975,64360,-483,-20552
12588,1,-22729,10223,22200,24922,-91,-52077
12589,1,48924,28915,33904,56829,316,44923
12590,1,-40590,-11678,-20544,42236,-288,50979
12591,1,-3847,4880,-29929,6214,-1,16768
12592,1,-31959,46572,-3074,56483,-215,42320
12593,1,8806,-52600,12202,53332,199,-17184
12594,1,23042,63432,50522,65535,-508,-54894
12595,1,-8549,1420,51146,8666,-21,-17772
12596,1,-14854,62463,21615,64204,-427,59392
12597,1,52254,-62221,16099,65535,-22,-2091
12598,1,32831,-32235,-48331,46011,32,-64538
12599,1,-8266,-37054,-30503,37964,190,63118
12600,1,29376,18,22351,29376,-189,22498
12601,1,-3039,-20082,-29162,20311,-74,-64986
12602,1,51328,43657,-2646,65535,404,11932
12603,1,-39280,-42230,-31857,57674,-203,50891
12604,1,29307,-45605,45479,54210,-153,24685
12605,1,34021,-38767,-34903,51577,301,-52767
12606,1,-29803,-22085,-34868,37094,47,43945
12607,1,23987,-53910,3226,59006,-22,-20801
12608,1,-51329,11119,25499,52519,-234,-44394
12609,1,18153,-5315,-10733,18915,41,-16719
12610,1,64842,-16885,31944,65535,67,26609
12611,1,7575,-54566,4138,55088,388,-25899
12612,1,-1533,54628,-19031,54649,296,14209
12613,1,-19515,63480,40379,65535,-289,-51613
12614,1,57640,-2537,32843,57695,-330,32045
12615,1,25835,5066,64733,26327,7,-62305
12616,1,5977,56062,-28658,56378,-369,2031
12617,1,12205,57321,-54372,58606,-54,-25961
12618,1,24462,56637,-48014,61693,-267,-23661
12619,1,2069,-24127,54873,24216,36,23858
12620,1,22,49046,3759,49045,323,36380
12621,1,11059,41489,-59237,42937,-204,-31804
12622,1,-20248,37485,-33720,42604,-74,9416
12623,1,-39802,46002,24841,60831,-72,-58559
12624,1,2597,-26739,32409,26865,-76,1720
12625,1,-57328,28732,-25638,64125,73,30182
12626,1,46155,65305,-52537,65535,449,-32721
12627,1,-40148,27899,17119,48890,-100,-61043
12628,1,-21370,-20925,4735,29909,-61,-44593
12629,1,-16011,-63307,-30115,65299,-496,63180
12630,1,62195,-57191,47532,65535,185,31976
12631,1,35039,-31837,-36702,47342,-354,-51932
12632,1,3062,35744,-34874,35875,-51,-3859
12633,1,14499,-44602,848,46899,-184,-25282
12634,1,-58640,56445,-38138,65535,-409,11517
12635,1,-34396,-55488,11069,65284,297,-33370
12636,1,-26549,-14902,57853,30446,-34,3010
12637,1,60539,-43754,34099,65535,-371,21147
12638,1,30244,-48262,-51313,56955,19,58662
12639,1,23110,23639,54733,33059,94,-59778
12640,1,6672,7975,55622,10398,23,-57260
12641,1,61756,-16548,-28655,63934,-388,-33990
12642,1,-59385,-12745,-50738,60737,154,19155
12643,1,59384,64607,-16858,65535,210,354
12644,1,30485,39867,61537,50187,-37,-50370
12645,1,-9187,16736,55983,19091,96,-31953
12646,1,-26181,30212,-40164,39978,-16,7508
12647,1,26133,46114,-27857,53004,-158,-5782
12648,1,-5983,28945,-45620,29557,-149,-8495
12649,1,-29208,-56894,50356,63952,452,7546
12650,1,57980,-46451,-37191,65535,-574,-51120
12651,1,15802,14856,-812,21688,-146,15070
12652,1,-11075,51699,-6820,52872,114,30305
12653,1,-14522,3744,51107,14997,51,-19764
12654,1,-62251,-22249,49674,65535,156,-8750
12655,1,26385,38615,43638,46768,272,63780
12656,1,7411,-24552,-1746,25646,159,-28527
12657,1,34158,50768,11126,61189,-161,31594
12658,1,40841,-60402,-15029,65535,359,-35497
12659,1,-46006,41455,-47771,61928,-207,2535
12660,1,-52601,-15377,-58076,54803,-141,13447
12661,1,4097,38936,-33999,39151,-203,-3310
12662,1,-60360,31314,47155,65535,191,-28423
12663,1,-54414,27105,-5039,60791,219,50781
12664,1,-56817,23659,-41481,61545,-419,15966
12665,1,44888,-16281,2071,47748,-336,-5041
12666,1,-29806,44234,-42647,53339,177,2421
12667,1,-1347,-44197,-39270,44216,345,58236
12668,1,45902,-28338,36439,53944,344,24768
12669,1,-18650,37807,4730,42156,-315,47214
12670,1,-20889,17983,-47737,27564,101,2895
12671,1,-27861,1036,58906,27880,31,-7428
12672,1,-8435,-53737,-59069,54394,350,35853
12673,1,-20731,34179,11837,39975,55,55950
12674,1,-26176,50171,12704,56589,-27,55514
12675,1,65481,-47467,-2338,65535,-516,-15290
12676,1,-8617,8906,-5284,12392,94,43366
12677,1,18724,-52467,-62726,55708,105,42690
12678,1,1608,-38890,20909,38923,119,-11061
12679,1,23464,-20999,-25864,31489,2,-41094
12680,1,-37621,-34140,52243,50801,348,1937
12681,1,-56563,-25249,-28274,61943,52,46003
12682,1,-55946,45740,50450,65535,-146,-29341
12683,1,16950,42968,-18459,46190,-166,6546
12684,1,21957,-36623,6652,42701,-161,-14771
12685,1,33912,40608,-4786,52906,161,13404
12686,1,65526,33853,9154,65535,-331,19196
12687,1,-35443,-34956,2632,49781,77,-46696
12688,1,16421,-43749,-14980,46729,119,-40310
12689,1,-17897,-63274,-62032,65535,-282,30612
12690,1,-1115,-54460,829,54471,118,-32411
12691,1,58519,-18991,-46807,61524,272,-53445
12692,1,23481,60097,-64909,64522,-21,-39904
12693,1,56233,23801,-4489,61063,-183,3926
12694,1,-49876,-20896,-15829,54075,-359,58122
12695,1,33376,56301,48908,65449,-452,-60415
12696,1,-8491,38517,56743,39441,-297,-36878
12697,1,54000,-12799,-17753,55495,410,-22762
12698,1,42358,-8445,-54199,43192,-147,-58233
12699,1,22563,-63121,-21036,65535,161,-46692
12700,1,3826,-25787,65362,26070,20,35650
12701,1,19353,-4273,48633,19819,142,43950
12702,1,7153,59441,42334,59869,-268,-58375
12703,1,2864,22250,19377,22434,65,49414
12704,1,62909,-8635,46743,63498,-350,44012
12705,1,30631,16078,-33627,34594,69,-23585
12706,1,-60574,-44888,-54745,65535,96,24068
12707,1,-37693,10613,20355,39159,-122,-50841
12708,1,-14802,-25515,-2865,29498,75,-46652
12709,1,-35409,-36471,50103,50832,321,1128
12710,1,-30458,2,-17549,30458,212,47840
12711,1,18742,-43344,-50825,47222,224,55894
12712,1,48887,10780,24168,50060,-373,28851
12713,1,60329,-14985,-34859,62162,-208,-39868
12714,1,44386,-46839,-40610,64529,-180,-57496
12715,1,41988,49082,15945,64590,439,33809
12716,1,34339,37558,-55988,50889,257,-38776
12717,1,-50051,-61205,32777,65535,-169,-14246
12718,1,52162,26833,52334,58658,-367,62376
12719,1,-24984,11573,21787,27535,23,-52816
12720,1,48524,-10724,-38371,49694,347,-43054
12721,1,43467,44308,-26105,62070,69,-9544
12722,1,-37822,21859,44338,43684,183,-32217
12723,1,-2875,-42294,-56356,42392,70,40498
12724,1,-7157,9750,-49276,12095,-39,-3231
12725,1,-15926,-15467,47631,22200,-136,-1697
12726,1,-52496,56507,-15719,65535,225,32605
12727,1,-55590,-62345,6141,65535,158,-41857
12728,1,-9744,16572,5021,19224,64,48808
12729,1,-56533,-22358,-60006,60793,271,13294
12730,1,26042,-47033,8168,53760,-372,-13907
12731,1,-30284,-59492,33148,65535,-341,-9336
12732,1,-54270,10681,-33648,55312,-52,27854
12733,1,10405,53610,-25984,54611,92,2750
12734,1,15983,5147,-12182,16791,-112,-5544
12735,1,-25176,-51135,-51278,56995,-421,37636
12736,1,-65165,-16126,-42121,65535,166,28424
12737,1,-60778,-41460,-35418,65535,-485,42744
12738,1,64771,-6453,2663,65092,24,584
12739,1,-28014,-47897,-4507,55488,-56,-48294
12740,1,-64843,48449,-24495,65535,-422,27764
12741,1,-15622,51762,-49644,54067,332,-10889
12742,1,65322,41549,-25120,65535,546,-13449
12743,1,48162,11765,-5069,49578,-26,-60
12744,1,-63850,-48108,-57306,65535,-510,21833
12745,1,-42508,59630,45004,65535,-114,-40348
12746,1,-383,-56903,43796,56905,17,10881
12747,1,15617,-18357,64401,24101,147,46211
12748,1,-12860,5526,-28236,13997,-35,28885
12749,1,-60627,-63735,-1651,65535,79,-50300
12750,1,31880,29839,38048,43665,290,53604
12751,1,-24695,43353,9686,49893,259,53147
12752,1,62767,-37113,-5445,65535,-420,-16464
12753,1,-47440,-61062,41419,65535,558,-5278
12754,1,-59272,-41801,30243,65535,-481,-22341
12755,1,28064,24537,-54253,37278,149,-39349
12756,1,48844,-64576,-3997,65535,-366,-23162
12757,1,47479,-47002,28512,65535,-229,12305
12758,1,12774,-11702,-37268,17324,70,-52824
12759,1,-18725,-60299,40982,63140,95,1902
12760,1,-57575,56154,-26185,65535,324,23144
12761,1,-23154,-21415,52437,31539,22,2457
12762,1,-6314,10543,-48245,12289,-52,-4132
12763,1,-11904,-58589,42077,59785,-422,5275
12764,1,18761,52730,-41264,55968,-51,-15608
12765,1,-16338,-29053,55971,33332,11,12510
12766,1,-8348,-41124,-42046,41962,-289,52224
12767,1,21530,14217,62431,25800,-155,-56341
12768,1,-57659,26898,52801,63625,-118,-21802
12769,1,38613,-19301,39632,43168,95,29916
12770,1,8278,-37660,-31177,38558,289,-59588
12771,1,-50606,-19729,-24887,54316,-23,48413
12772,1,11517,-34769,-40258,36627,61,64684
12773,1,-55896,-49914,-39636,65535,-86,41130
12774,1,6946,11661,21231,13573,90,42654
12775,1,42615,23717,16050,48770,-232,26743
12776,1,-29968,2385,27676,30062,139,-39613
12777,1,43429,17662,4392,46883,-70,12481
12778,1,-55678,58591,40529,65535,-113,-41893
12779,1,17823,16593,36493,24351,97,52049
12780,1,-20299,33938,-23413,39545,-190,20700
12781,1,-58781,22093,-42370,62796,-188,15729
12782,1,-16468,-62796,-54173,64920,-47,38796
12783,1,-7061,-19542,-21445,20778,-121,-61325
12784,1,7448,-44679,-40686,45296,138,61000
12785,1,-7270,10797,17148,13017,39,62216
12786,1,-52686,22083,26287,57126,371,-47664
12787,1,54743,32419,-22315,63621,410,-11296
12788,1,12649,-22860,60252,26126,-188,38177
12789,1,-21320,46608,-60720,51252,-287,-18885
12790,1,163,-50951,20400,50951,-195,-12221
12791,1,39258,-58967,433,65535,-159,-20035
12792,1,64667,5208,11849,64876,-238,13602
12793,1,19876,55803,-17761,59237,-75,7895
12794,1,-12220,2215,10903,12419,-19,-58341
12795,1,-26003,17604,20390,31401,-173,-57446
12796,1,-37842,-61421,48216,65535,526,3777
12797,1,53695,-44520,-51392,65535,459,65102
12798,1,-23702,-2734,31709,23860,-10,-31422
12799,1,53970,-22610,62313,58514,390,53898
12800,1,57613,-17482,-31199,60206,-460,-37185
12801,1,-21403,5388,43739,22070,-143,-26806
12802,1,19586,-18875,15017,27201,-153,-864
12803,1,-13367,-56608,20585,58164,-430,-16866
12804,1,51758,-33629,-65162,61723,-136,53936
12805,1,15777,51687,-5647,54040,343,20809
12806,1,-62522,-26301,-45713,65535,-352,28238
12807,1,55344,-58263,45692,65535,-128,28806
12808,1,28030,-50560,-10627,57809,-370,-32702
12809,1,-53278,5147,22658,53526,179,-44957
12810,1,9823,-15981,-36029,18758,137,-57452
12811,1,-57025,30209,59823,64532,-374,-15755
12812,1,48680,16454,-24201,51386,34,-17415
12813,1,52762,11457,-37101,53991,267,-32744
12814,1,41360,-48874,48466,64026,224,30276
12815,1,-53759,50326,37494,65535,-496,-43598
12816,1,7182,20265,42460,21500,7,-62956
12817,1,-35090,44418,15754,56606,50,62451
12818,1,-30683,7628,-4779,31617,-112,55748
12819,1,-43838,-17156,28322,47076,41,-29450
12820,1,-41597,-33161,33234,53197,283,-18373
12821,1,12034,60493,-7686,61679,-184,21048
12822,1,53857,-30463,49839,61875,-134,39146
12823,1,-16220,16171,41787,22904,-159,-39956
12824,1,-37779,-60501,4217,65535,91,-40222
12825,1,-18086,-5390,7863,18872,50,-51686
12826,1,-53413,-52704,38081,65535,134,-11247
12827,1,-64997,-44737,17193,65535,-190,-35717
12828,1,45174,27458,-16448,52865,122,-5103
12829,1,-3669,-2592,-29365,4492,-26,49123
12830,1,-52919,-44669,-49255,65535,155,30859
12831,1,63304,-31041,-15707,65535,-407,-25097
12832,1,54689,31112,42813,62919,292,53506
12833,1,325,-52378,28732,52379,-43,-3889
12834,1,-56951,6830,43058,57359,-234,-24883
12835,1,-36424,-24414,15345,43849,39,-37891
12836,1,26704,-59776,2439,65470,74,-21588
12837,1,36892,-57602,-35303,65535,-297,-56097
12838,1,-46989,-42585,3519,63414,393,-46787
12839,1,-2631,-23971,19729,24114,144,-15444
12840,1,-60104,37426,-52622,65535,179,1243
12841,1,-29740,25282,23182,39034,-223,-56932
12842,1,-21082,20475,-1399,29388,180,47930
12843,1,-24889,8881,-36044,26426,-48,22380
12844,1,-37838,-49542,52044,62339,-10,5673
12845,1,49900,-19665,-6447,53635,-174,-14210
12846,1,-58710,44480,5532,65535,275,57465
12847,1,-50606,11538,-43911,51905,17,16942
12848,1,-521,-61116,52110,61119,-91,19195
12849,1,21878,25753,-10736,33791,-182,7454
12850,1,-22935,57954,62318,62327,292,-28222
12851,1,15523,9449,27790,18173,54,39135
12852,1,33227,-46174,-12816,56887,165,-32632
12853,1,8070,-52909,-19826,53521,259,-49538
12854,1,37749,-60978,40495,65535,-369,19398
12855,1,25623,28998,1568,38696,247,19106
12856,1,31914,45263,42767,55382,373,62583
12857,1,-10611,-41449,2760,42785,219,-35343
12858,1,13740,-27043,5647,30333,132,-17405
12859,1,7307,23862,-52909,24956,136,-26453
12860,1,16358,-20125,45580,25934,-21,27067
12861,1,-8982,-47676,18089,48514,348,-18713
12862,1,-38994,-52268,-33279,65211,-293,51748
12863,1,-32051,-23712,30263,39869,19,-21996
12864,1,-48093,-31527,17269,57505,361,-36293
12865,1,-23317,-4427,-30063,23733,-136,39507
12866,1,61617,-1365,21904,61632,30,21432
12867,1,41967,-905,-11745,41977,46,-12217
12868,1,-46200,62652,-34958,65535,-84,11087
12869,1,-21666,58901,-22279,62759,-254,17927
12870,1,-48666,-58664,34857,65535,481,-12489
12871,1,-34675,-37024,-48624,50725,-353,34124
12872,1,29772,9688,4177,31308,-113,10815
12873,1,54113,-1136,51189,54125,90,50717
12874,1,-43218,9780,64379,44311,87,-5840
12875,1,22813,-22615,58910,32123,-132,42703
12876,1,56462,-48580,-28644,65535,294,-43548
12877,1,-50770,10302,-7125,51804,-353,54377
12878,1,38636,28434,11538,47971,-97,24815
12879,1,-63998,-49570,18138,65535,562,-33795
12880,1,26922,-55209,8301,61423,221,-15077
12881,1,-30885,38533,-27741,49382,-379,19282
12882,1,-64617,-28525,-45018,65535,-232,29259
12883,1,-36578,40615,9281,54658,168,57279
12884,1,-25704,-25665,-55765,36322,280,25979
12885,1,56225,-37291,-23126,65535,269,-35426
12886,1,-52307,-59156,57867,65535,477,9869
12887,1,15816,52451,44960,54783,-323,-59330
12888,1,-5970,4905,-28438,7727,-34,22843
12889,1,13658,22042,-53105,25930,123,-32008
12890,1,-16609,45398,-45273,48341,-281,-5067
12891,1,18852,-36362,21084,40959,-126,-1642
12892,1,28686,30209,36616,41659,74,53503
12893,1,59694,-11932,29457,60875,-238,25423
12894,1,57230,37644,65285,65535,-534,-53487
12895,1,-49412,22705,26455,54379,212,-48148
12896,1,-41264,51479,-28301,65535,-504,18722
12897,1,-31624,-40350,-19488,51266,152,64887
12898,1,-43409,64582,61022,65535,169,-24982
12899,1,-36845,-10704,-9648,38368,-163,61875
12900,1,30037,-48681,13263,57201,-379,-7834
12901,1,46855,-53254,-627,65535,505,-18491
12902,1,41053,-59654,41327,65535,-180,21185
12903,1,15791,-35140,47892,38525,128,23865
12904,1,-12330,-39703,25992,41574,62,-13088
12905,1,-57253,-28873,32973,64122,86,-22847
12906,1,34450,-21929,-46421,40836,291,-58395
12907,1,23992,-446,50438,23996,97,49966
12908,1,-45112,-15731,20829,47776,-257,-37595
12909,1,5206,-2749,44011,5887,-26,33969
12910,1,9574,-50786,-22297,51679,-364,-51031
12911,1,53398,12603,9070,54864,400,13753
12912,1,-389,-34502,-47281,34504,-146,50876
12913,1,30141,50481,1034,58794,328,22457
12914,1,13591,24632,-5542,28132,-203,16858
12915,1,33488,-42963,652,54472,-306,-18187
12916,1,-37015,16391,-26587,40482,87,30208
12917,1,23930,-8158,25617,25282,-83,18831
12918,1,-48683,-44596,10373,65535,-270,-39607
12919,1,-39417,12905,-35935,41476,76,22963
12920,1,-53409,-13221,44589,55021,140,-15938
12921,1,52077,5189,12000,52335,-18,14079
12922,1,-29110,9114,-43850,30504,-25,15374
12923,1,47631,11687,28753,49044,24,33762
12924,1,-51661,31216,-16625,60360,19,37566
12925,1,13161,-40191,-25245,42291,-75,-51375
12926,1,47305,53529,-43478,65535,452,-25940
12927,1,31357,12458,-20212,33741,203,-12448
12928,1,-60992,48659,-54905,65535,-443,-3298
12929,1,-55165,36995,-40146,65535,-74,13090
12930,1,-45593,59126,-18742,65535,357,27629
12931,1,27305,20131,-33609,33924,-40,-20332
12932,1,22354,-25806,1425,34142,-21,-16439
12933,1,7278,-24986,-619,26024,-92,-27400
12934,1,32641,29156,-49582,43767,-44,-34352
12935,1,-30323,-38626,-56429,49107,106,27946
12936,1,51038,14702,-46279,53112,-345,-40292
12937,1,-61061,50251,23391,65535,-415,-56400
12938,1,-5299,-21202,3082,21854,-105,-34695
12939,1,-44324,-53063,2095,65535,202,-45251
12940,1,2835,50983,53462,51062,-85,-45966
12941,1,-38852,22952,-55424,45125,-242,-907
12942,1,-10014,-9604,52370,13875,45,2716
12943,1,-362,-37169,-61010,37171,-101,37147
12944,1,35381,24609,-27391,43098,107,-14765
12945,1,-52289,53829,32218,65535,-453,-49878
12946,1,35,-6700,38920,6700,-12,6299
12947,1,-6322,51367,1333,51754,371,36506
12948,1,-34138,13756,14194,36805,173,-59431
12949,1,-63934,6654,27599,64279,-260,-40016
12950,1,25367,-61763,-53247,65535,130,53146
12951,1,50863,7429,54822,51403,-76,57878
12952,1,-3784,-37132,16769,37324,-71,-18078
12953,1,-63174,46282,11887,65535,328,64146
12954,1,-47327,51085,-12183,65535,107,36141
12955,1,58018,-46992,10383,65535,191,-3872
12956,1,2841,-9151,55274,9582,-15,28818
12957,1,-63518,18308,-35867,65535,420,23683
12958,1,-20557,2191,-43946,20673,-135,19511
12959,1,49534,-31479,39733,58689,-390,28062
12960,1,54439,-25544,63889,60134,-246,54822
12961,1,57667,26810,34755,63595,35,43822
12962,1,44948,30984,-22795,54593,-93,-10169
12963,1,-25864,24246,-32628,35451,-263,17352
12964,1,34574,33276,48994,47986,238,64876
12965,1,-19928,-39787,64823,44499,62,22339
12966,1,33319,-19601,-12783,38657,-137,-23802
12967,1,-57840,-11850,58269,59041,-401,-2910
12968,1,54670,53190,-17530,65535,-400,-1322
12969,1,36958,-51433,-739,63335,140,-20555
12970,1,-33413,-19938,-710,38909,-227,-54901
12971,1,17610,-13552,-17556,22221,-85,-31159
12972,1,55992,10554,-24261,56977,-403,-20227
12973,1,10153,-57533,1231,58422,-180,-27829
12974,1,-34259,110,-48264,34259,131,17125
12975,1,11885,-22829,65434,25737,-35,42708
12976,1,6890,251,-16024,6895,-13,-15226
12977,1,-56843,-20924,22745,60572,-231,-35353
12978,1,-11135,-14872,-46370,18578,-115,38657
12979,1,-21264,-50426,-48046,54726,237,41843
12980,1,-55328,-53019,62273,65535,213,12619
12981,1,-33220,27487,41599,43116,327,-38515
12982,1,49484,40045,45031,63657,-190,59286
12983,1,-27511,-32460,460,42550,-180,-46886
12984,1,50850,-31541,-45137,59838,256,-56808
12985,1,31564,-4897,-13051,31941,-236,-16107
12986,1,-27141,13212,686,30186,-87,56832
12987,1,41828,-23729,-4108,48090,-165,-14801
12988,1,34058,-7934,20030,34970,-153,15347
12989,1,-55947,-60645,-4247,65535,47,-52571
12990,1,-62233,17261,49487,64583,51,-21709
12991,1,-1391,-5167,-191,5351,-39,-38294
12992,1,9579,44014,22831,45044,-244,51242
12993,1,47980,-31444,59770,57364,-352,47796
12994,1,29269,34006,-31698,44867,169,-13834
12995,1,-49581,-2774,12381,49659,99,-52031
12996,1,13848,24319,-37701,27985,-141,-15626
12997,1,-39159,20582,13454,44238,-113,-62124
12998,1,12373,21391,-15407,24712,94,6342
12999,1,-40113,-7879,-17715,40880,24,51855
13000,1,40915,57446,-161,65535,139,19655
13001,1,-63669,7210,-58944,64076,162,4187
13002,1,-31166,38923,47305,49862,372,-37070
13003,1,4172,40688,56044,40901,-103,-44339
13004,1,52797,-24991,1922,58412,-436,-7145
13005,1,13537,-54148,21019,55814,271,-6740
13006,1,-56435,-42880,-49876,65535,-166,29263
13007,1,4078,-17793,-46986,18254,15,56001
13008,1,38824,-60597,-26116,65535,-301,-46910
13009,1,-16226,-8111,-1860,18140,-40,-57680
13010,1,37970,-45023,16570,58897,106,-1620
13011,1,-28838,45934,6870,54236,63,51309
13012,1,54296,40777,2117,65535,521,15394
13013,1,-1749,-48530,-27127,48562,109,-60693
13014,1,-32162,-51056,-4292,60342,-161,-48731
13015,1,16778,41456,-19370,44722,143,5309
13016,1,-59266,59241,48670,65535,617,-33399
13017,1,534,-43556,26507,43559,228,-6114
13018,1,64417,-18278,23766,65535,-343,18106
13019,1,42484,-63255,-62332,65535,138,48272
13020,1,-24425,-64360,-438,65535,-426,-40643
13021,1,-22707,-26205,44623,34674,15,-3049
13022,1,12062,8350,28440,14670,4,41066
13023,1,32528,50980,-49271,60472,367,-28477
13024,1,-35533,11720,43510,37416,-14,-28664
13025,1,35539,41618,-34510,54726,420,-16646
13026,1,62469,24006,35986,65535,-352,43750
13027,1,22489,-54588,-54390,59039,179,52003
13028,1,-62551,42042,24416,65535,-162,-53420
13029,1,38902,53600,-48473,65535,-461,-28657
13030,1,37000,-3261,-62852,37143,-144,-64605
13031,1,-6041,-9843,-6082,11549,-76,-50195
13032,1,-60148,-8850,12248,60796,-26,-50232
13033,1,48153,-64142,9333,65535,601,-10158
13034,1,-2389,29750,-4502,29846,-117,30019
13035,1,11900,-49505,4606,50915,-215,-23153
13036,1,-22609,53013,32240,57633,-15,-57649
13037,1,44722,26859,2566,52168,-156,13911
13038,1,63025,-37986,-1937,65535,105,-13282
13039,1,-33613,44524,53893,55787,-303,-30808
13040,1,35125,4792,-40445,35450,166,-37714
13041,1,64275,-55337,-18335,65535,309,-33239
13042,1,58893,24008,21792,63599,-43,29881
13043,1,45144,-62824,-17228,65535,172,-37044
13044,1,-54586,34481,-64631,64565,-253,-10766
13045,1,-62300,42602,40035,65535,412,-38127
13046,1,60679,-63864,33007,65535,-130,16121
13047,1,59142,35526,-59907,65535,-201,-48562
13048,1,4787,-17712,17219,18347,-135,-9888
13049,1,-41702,-36894,53371,55679,-321,3065
13050,1,31714,-31914,52145,44991,240,35585
13051,1,13694,47441,64410,49377,294,-39880
13052,1,7724,21381,39380,22733,-131,65036
13053,1,3328,-29784,17868,29970,-120,-12495
13054,1,8707,-14709,-62886,17093,107,46437
13055,1,-58419,17903,-10098,61100,319,49126
13056,1,51336,-42377,-19826,65535,-449,-34081
13057,1,43257,-2875,-4174,43353,136,-5624
13058,1,-29409,-11188,7276,31465,220,-50822
13059,1,-29985,3093,50248,30144,-94,-17367
13060,1,-21238,-13295,-33258,25056,-3,43949
13061,1,54650,-30924,6788,62793,-147,-3905
13062,1,61122,-62396,-26149,65535,-161,-42709
13063,1,14728,-51526,-64504,53589,379,39461
13064,1,8599,-38489,-2228,39438,-185,-30313
13065,1,-28022,56105,58276,62714,-159,-30312
13066,1,-3454,-8862,-4627,9511,5,-45158
13067,1,-12720,-9295,17011,15754,-85,-35248
13068,1,-25516,25982,-20265,36416,-21,28711
13069,1,-34099,-15818,36941,37589,-11,-19528
13070,1,-4602,42492,65288,42740,-316,-30611
13071,1,-418,-63434,-13543,63436,28,-46458
13072,1,-46156,-37380,32047,59394,-155,-19234
13073,1,-58589,-3249,7260,58679,89,-57152
13074,1,6274,23696,-11946,24512,-76,15487
13075,1,-48015,-58910,34435,65535,-39,-12588
13076,1,5096,-61246,-34569,61458,-63,65488
13077,1,-48964,-13589,-18385,50815,-32,52812
13078,1,-53878,25366,1800,59550,-321,58269
13079,1,-18239,-12500,-63262,22111,-98,14900
13080,1,21628,18312,23458,28339,106,38036
13081,1,53521,6520,46472,53916,321,48877
13082,1,10922,-43341,-37248,44695,301,-65007
13083,1,-3341,-58562,-62419,58657,-182,34761
13084,1,-2057,57113,16248,57150,-129,49814
13085,1,36685,-27880,-41944,46077,103,-55547
13086,1,-25192,-20372,-21789,32398,-108,58002
13087,1,47383,-55284,-32306,65535,-426,-50170
13088,1,-29371,53998,-19848,61469,73,23288
13089,1,-42004,64701,26,65535,141,44768
13090,1,8012,-52284,-54534,52894,293,46826
13091,1,42029,16666,32466,45212,243,40230
13092,1,8347,-36456,31647,37400,22,3562
13093,1,28567,55952,5007,62822,-397,28059
13094,1,47087,47872,-22842,65535,-14,-6281
13095,1,-35398,-28434,-2686,45403,-300,-53967
13096,1,5083,-58394,-14547,58615,164,-45562
13097,1,453,34569,-35884,34572,-210,-3263
13098,1,18549,449,-8967,18555,29,-8495
13099,1,776,-30210,16298,30220,92,-15998
13100,1,-62227,-13853,-65281,63750,-347,4938
13101,1,30494,10144,-55191,32137,94,-48553
13102,1,-32639,8276,-16559,33671,250,43642
13103,1,-51479,-28244,2774,58718,283,-52394
13104,1,-52013,39274,-59109,65175,349,-7176
13105,1,-57834,-39767,6772,65535,-202,-46138
13106,1,-42954,60223,22426,65535,-96,-62926
13107,1,17596,11831,45495,21204,49,57795
13108,1,2645,-63524,-47724,63579,213,51378
13109,1,-26580,-6055,-24918,27261,-14,45301
13110,1,35066,60852,8894,65535,383,30643
13111,1,49182,45110,8357,65535,-230,23913
13112,1,44053,-25921,15591,51113,-185,4572
13113,1,1352,-55982,37736,55999,84,5440
13114,1,42225,-25284,-11679,49216,212,-23024
13115,1,-53948,23917,-60945,59012,101,-4150
13116,1,-25821,-45268,-24670,52114,-301,62941
13117,1,-21845,25552,1823,33616,-239,49495
13118,1,13704,-18079,-49922,22686,-79,61985
13119,1,-36770,48130,-27393,60568,18,18978
13120,1,50262,28549,20207,57804,229,30900
13121,1,47352,-42218,-48901,63440,123,-64131
13122,1,7042,60643,28592,61051,-20,58955
13123,1,-47799,21701,9518,52493,-376,-64759
13124,1,-6096,-49666,-64418,50038,-342,31481
13125,1,-54453,5223,-45955,54703,221,17502
13126,1,-1568,-34487,-29197,34522,-247,-62763
13127,1,-16615,5397,-49276,17470,72,9622
13128,1,-14236,42038,-3628,44384,55,35926
13129,1,-32405,-64813,26746,65535,153,-15738
13130,1,296,43419,-10520,43420,9,22101
13131,1,49780,-1977,-49963,49819,-71,-50761
13132,1,26273,32590,-20014,41861,203,-1501
13133,1,35731,1552,50567,35764,184,51365
13134,1,-19784,46366,-32181,50411,-4,9002
13135,1,-38147,63489,-19818,65535,-208,24295
13136,1,-41687,46211,-16310,62235,243,31688
13137,1,-24370,40856,-11803,47571,-286,32310
13138,1,-40524,63023,1422,65535,-191,46164
13139,1,3009,-3718,-21657,4783,-14,-40170
13140,1,-29348,-54384,-21166,61798,132,-64302
13141,1,46219,-41144,-45554,61879,167,-60784
13142,1,-45567,-35512,47435,57770,-329,-4172
13143,1,59961,6898,56462,60357,-45,58867
13144,1,-10466,3875,65397,11160,22,-7576
13145,1,47663,-9179,63771,48539,152,59737
13146,1,-15472,-52449,-23047,54684,6,-61801
13147,1,-57159,-44395,19684,65535,-532,-31923
13148,1,-58759,60880,14324,65535,539,62974
13149,1,5608,-507,1881,5631,-34,128
13150,1,10300,-5456,31869,11656,-67,21827
13151,1,63670,-50625,21933,65535,-329,8004
13152,1,-31280,-21018,-62516,37686,76,15320
13153,1,49505,-8341,35797,50202,-240,32415
13154,1,-6842,886,6663,6899,15,-61604
13155,1,-14393,-45450,19839,47674,-195,-19241
13156,1,32206,3764,-64203,32426,35,-61798
13157,1,-49636,30735,-46567,58381,295,7298
13158,1,8950,8594,-63956,12408,47,-48074
13159,1,-60811,-31159,-31751,65535,531,43501
13160,1,33088,-49605,-39293,59628,-81,-59761
13161,1,-15466,32859,38374,36316,192,-50863
13162,1,-57188,29558,-21426,64375,278,34068
13163,1,-27324,-19928,-18180,33819,-214,60633
13164,1,-3106,-12825,60631,13196,33,22854
13165,1,-12775,5894,16475,14069,33,-58128
13166,1,-13491,-32041,-15158,34765,169,-56341
13167,1,-51836,55003,11829,65535,-419,60479
13168,1,-13023,20737,-34075,24487,32,10364
13169,1,38902,-52419,-8134,65277,129,-27625
13170,1,62644,33092,64407,65535,328,-56623
13171,1,-15286,44239,-19759,46805,347,19795
13172,1,49495,-6152,61414,49875,361,58683
13173,1,48961,45234,-6561,65535,11,8995
13174,1,22203,-24464,57966,33037,228,40428
13175,1,35517,-10881,53771,37146,197,47459
13176,1,57203,2816,-38665,57272,-269,-37541
13177,1,3209,11700,53111,12132,45,-50853
13178,1,-30099,-1975,22329,30164,-120,-41757
13179,1,-22033,-20303,10743,29961,-34,-39237
13180,1,-10053,47240,7481,48298,39,44606
13181,1,-51025,-22462,12178,55750,-241,-44617
13182,1,31115,40516,-2223,51085,-144,16942
13183,1,36666,38612,22614,53248,93,39501
13184,1,58899,49595,14120,65535,79,28698
13185,1,65448,41418,-20260,65535,368,-8589
13186,1,50372,18973,16299,53827,199,23737
13187,1,9276,-56902,36325,57654,-31,6939
13188,1,13086,31414,-51201,34030,-236,-26522
13189,1,49195,-9885,-19826,50178,-246,-23860
13190,1,11659,13761,60115,18036,-73,-52767
13191,1,6664,20936,45058,21971,-122,-59558
13192,1,43453,-11777,-17678,45020,301,-23338
13193,1,16478,27406,30399,31978,80,51822
13194,1,-59160,8981,-42466,59838,-248,20014
13195,1,8142,23362,-1720,24740,138,23936
13196,1,-7993,-46642,-29857,47321,-359,65065
13197,1,-10045,-54485,-39580,55403,-252,55016
13198,1,56235,37153,15319,65535,-389,27619
13199,1,34574,-16986,-30783,38521,-252,-40173
13200,1,-20941,36915,19823,42441,145,63284
13201,1,-36575,-54032,31994,65246,-355,-13074
13202,1,56936,31817,-63938,65223,-196,-53245
13203,1,-13351,-13197,-56460,18772,50,25284
13204,1,49225,-63447,64745,65535,622,45580
13205,1,31819,32147,-23913,45232,-151,-7352
13206,1,38018,-26786,-45168,46506,329,-58120
13207,1,34871,18124,4251,39300,-80,14293
13208,1,30688,39464,31412,49991,339,50251
13209,1,29478,-25280,-26972,38833,216,-41876
13210,1,-32804,-33611,58332,46966,173,9357
13211,1,5268,48887,967,49169,-378,31656
13212,1,7189,-16765,-60492,18242,31,46227
13213,1,-55898,1414,-23954,55916,-148,41110
13214,1,47781,-53605,17011,65535,-148,-527
13215,1,32376,55717,3712,64441,118,25461
13216,1,-6038,-28866,47384,29491,79,10259
13217,1,20728,55480,-23115,59226,-61,2216
13218,1,-40682,-48866,-33297,63584,291,50429
13219,1,-25286,23336,-58157,34409,13,-8177
13220,1,-47509,-25446,53535,53894,-284,-1633
13221,1,-43314,10370,6328,44537,229,-64217
13222,1,-15402,58087,13592,60094,207,51695
13223,1,-4147,61541,17223,61681,-137,51441
13224,1,-15375,-18248,-19007,23861,-32,64719
13225,1,54757,-15896,-3111,57018,253,-9097
13226,1,-22349,37755,-25851,43873,275,17936
13227,1,20836,-13480,-2624,24816,-6,-14598
13228,1,63209,45972,-3605,65535,-598,9672
13229,1,-14334,22033,59470,26285,73,-26860
13230,1,-26133,-59349,11017,64848,274,-30492
13231,1,-32467,4728,25890,32809,63,-42702
13232,1,64321,44177,32924,65535,-266,45550
13233,1,-48523,35326,57525,60019,431,-21288
13234,1,748,-48429,-24389,48434,-349,-56685
13235,1,-44782,40101,-60440,60113,-14,-10134
13236,1,26629,-27238,-40320,38092,-108,-56880
13237,1,-13617,26351,-62859,29661,-131,-20049
13238,1,21916,-47273,25412,52106,-27,1711
13239,1,-14098,-57194,59904,58906,-92,22127
13240,1,-8727,5750,-47320,10451,74,5916
13241,1,-32894,8414,9551,33953,181,-61320
13242,1,21608,-99,44544,21608,53,44397
13243,1,36036,-38735,-52709,52905,192,61151
13244,1,35072,1150,14115,35091,-192,14913
13245,1,-21857,-32472,9369,39143,-111,-35699
13246,1,19543,38865,35885,43502,-8,58937
13247,1,36550,26125,-37749,44927,-13,-24797
13248,1,-18643,-55840,34246,58869,180,-5308
13249,1,-9309,-58992,-38113,59721,336,56809
13250,1,-58527,-21094,-62371,62212,312,10277
13251,1,17053,24440,-11555,29801,-118,8587
13252,1,-45278,-22709,-61952,50654,-44,13300
13253,1,-63803,26026,40116,65535,31,-33509
13254,1,-61713,-21220,22803,65259,385,-35947
13255,1,-3007,-26357,56206,26528,45,21033
13256,1,60826,35510,-6348,65535,14,4671
13257,1,-65500,-54890,-26194,65535,-114,53920
13258,1,48803,42030,-40672,64407,-224,-25768
13259,1,26413,-12021,-25506,29019,219,-34573
13260,1,-27266,59470,60013,65422,-310,-29224
13261,1,3443,54407,41083,54515,344,-58671
13262,1,3140,-55594,7071,55683,141,-24573
13263,1,-62554,6507,39169,62891,-251,-28446
13264,1,7987,2301,25288,8312,-54,31275
13265,1,-4453,50939,56168,51133,162,-40383
13266,1,6409,33754,37790,34357,197,-64548
13267,1,59204,12854,-58861,60583,298,-54504
13268,1,-28843,61512,29198,65535,260,-60039
13269,1,-55602,38070,21531,65535,328,-56631
13270,1,45411,-19994,-57069,49618,211,65262
13271,1,-4761,-61215,-63245,61399,394,33306
13272,1,2296,-19699,1390,19833,15,-28973
13273,1,-30746,-3686,48935,30966,125,-14196
13274,1,34709,57019,-43763,65535,-198,-22340
13275,1,12608,-55910,1578,57314,-155,-26507
13276,1,-33624,-29836,13842,44953,-193,-36464
13277,1,-7407,-9934,28961,12391,-52,-17084
13278,1,-40328,30926,16423,50821,-107,-62716
13279,1,-15352,9195,-28121,17895,75,26070
13280,1,-29888,12580,-52872,32428,162,4249
13281,1,-58378,10449,-3069,59306,38,58759
13282,1,-15357,-35753,-24492,38912,-90,65397
13283,1,33937,24338,-18979,41762,54,-6027
13284,1,35451,-64662,-16844,65535,333,-39244
13285,1,21551,5932,32550,22353,-62,38211
13286,1,-41103,-57401,62494,65535,-40,16774
13287,1,41631,-44790,61063,61149,194,43851
13288,1,10258,-49410,19180,50463,-211,-9231
13289,1,63153,6586,-19656,63495,270,-17577
13290,1,8774,37257,-9331,38275,-260,18754
13291,1,-56433,-13252,63309,57967,357,2456
13292,1,-22277,16712,3490,27848,-199,55749
13293,1,8612,-45909,-27916,46709,359,-56976
13294,1,7904,29999,-30267,31023,-58,-2834
13295,1,-17090,-2983,-45980,17348,-86,23264
13296,1,11640,18301,-3630,21689,-152,17467
13297,1,61859,-3222,41706,61943,114,40582
13298,1,-32630,-20107,-8010,38327,-276,-61875
13299,1,24106,33573,63113,41331,-77,-48143
13300,1,-41314,-60984,-53,65535,-429,-45121
13301,1,21127,61548,-1480,65072,-350,24502
13302,1,51930,49924,-49994,65535,317,-34112
13303,1,58857,51728,-41709,65535,515,-26805
13304,1,47362,-48386,-47271,65535,-151,-63831
13305,1,-56187,35165,-63064,65535,17,-9199
13306,1,23328,10528,-18112,25594,126,-9371
13307,1,-28136,24214,-52627,37121,142,-1995
13308,1,33980,24372,35998,41817,56,48950
13309,1,-63923,25166,-36759,65535,-199,21014
13310,1,15497,-59491,10355,61477,-56,-17078
13311,1,-21076,-62003,14854,65487,-156,-24700
13312,1,45624,-44450,30001,63697,291,13794
13313,1,-3793,-24174,-46081,24469,159,48841
13314,1,-11979,-46589,53824,48104,196,15721
13315,1,-33391,-20631,41949,39250,-236,-11916
13316,1,33703,58108,20287,65535,177,42036
13317,1,19637,26494,-24547,32978,-45,-5056
13318,1,-34171,60986,-44151,65535,-131,-690
13319,1,56776,-14749,-38646,58661,93,-43981
13320,1,20011,-3528,-63773,20320,66,63591
13321,1,-19872,-15465,28556,25180,-161,-23051
13322,1,6738,-63265,21062,63622,410,-9627
13323,1,-14469,-60362,-13494,62072,301,-51271
13324,1,-61028,-65493,-48581,65535,-396,34167
13325,1,32513,-51692,-28848,61067,122,-49945
13326,1,27136,65403,-12266,65535,-391,12413
13327,1,-39976,-13816,11899,42295,316,-46851
13328,1,50566,-20323,4860,54496,306,-3229
13329,1,18697,-19066,10802,26704,-34,-5758
13330,1,23236,47484,-12832,52864,-262,10546
13331,1,35856,26190,17679,44402,-250,30956
13332,1,-32683,7521,11567,33537,-57,-58652
13333,1,49216,36398,55120,61213,19,-62675
13334,1,-28549,-11991,9024,30965,-178,-48097
13335,1,-64040,60179,-14609,65535,613,35046
13336,1,-40279,3453,-63122,40427,-60,661
13337,1,-52712,-40890,33170,65535,512,-18763
13338,1,55408,-48052,-15637,65535,2,-30541
13339,1,35487,-61399,37808,65535,-295,16059
13340,1,52236,-52037,20604,65535,-484,4397
13341,1,26252,34037,-60898,42985,-210,-41733
13342,1,14507,5861,-35948,15646,-60,-27859
13343,1,30630,-26577,36535,40553,-9,21631
13344,1,35251,-54715,-61601,65088,-108,48677
13345,1,37371,-23045,-52627,43905,303,-64298
13346,1,65136,64568,27929,65535,375,44137
13347,1,14158,-42071,-63044,44390,-29,42046
13348,1,-36345,22706,-43382,42855,45,10483
13349,1,-2036,-52506,12724,52546,-26,-20842
13350,1,6271,14606,-45525,15895,-34,-21172
13351,1,-49742,37892,-50756,62531,69,1177
13352,1,53147,30819,46787,61436,-167,57806
13353,1,-6046,63147,46298,63436,-267,-49927
13354,1,-48644,7067,17726,49155,110,-50866
13355,1,-59643,20277,-32490,62995,-153,26260
13356,1,-48786,55178,11813,65535,-448,59811
13357,1,28276,-50323,12093,57723,-39,-9982
13358,1,19135,-59044,-3709,62067,-299,-29839
13359,1,14912,-24428,59165,28620,121,37742
13360,1,34254,-40710,46537,53204,35,28347
13361,1,7372,-61941,-22132,62378,198,-52495
13362,1,-61897,8476,4856,62474,-324,-63411
13363,1,-16980,-19495,-33304,25853,-54,50096
13364,1,-57844,55087,-50906,65535,25,-1251
13365,1,29298,-42818,15152,51882,-268,-4990
13366,1,44430,37691,-31741,58263,273,-17163
13367,1,-12537,55637,32786,57032,-163,-60835
13368,1,58700,57215,55204,65535,-356,-59660
13369,1,-995,59320,-10417,59328,-348,22823
13370,1,21908,65466,-54327,65535,162,-28345
13371,1,-4344,-13057,-30848,13761,-41,60818
13372,1,522,791,34892,948,6,55360
13373,1,437,-35424,-35244,35426,188,63207
13374,1,60331,-34856,-2477,65535,301,-13496
13375,1,5587,28667,40211,29207,27,-62127
13376,1,-11263,-39575,53077,41146,-243,14649
13377,1,-59062,59971,-24635,65535,70,24341
13378,1,41078,-37727,-42566,55774,156,-58122
13379,1,-44059,-31114,27239,53937,-323,-25345
13380,1,10098,3495,28390,10686,-82,35502
13381,1,30395,-55459,60958,63242,276,38558
13382,1,22503,-21077,-1911,30832,-216,-17467
13383,1,65492,56869,-6809,65535,51,8095
13384,1,-4254,55444,-12444,55606,393,21774
13385,1,33409,-5874,-5612,33922,126,-9320
13386,1,46411,-14067,-1770,48495,-355,-7756
13387,1,33509,-42993,-54610,54508,-308,57623
13388,1,-5661,2836,-21005,6332,8,34815
13389,1,-64088,-7133,-59299,64484,-286,8642
13390,1,54766,65079,24080,65535,-62,42270
13391,1,-58028,-25429,55832,63354,-380,-963
13392,1,-4138,53963,29370,54120,380,63588
13393,1,-56232,-16089,16316,58487,428,-43559
13394,1,-11510,35813,-11175,37616,-273,28231
13395,1,30226,64874,-5278,65535,-99,18423
13396,1,-59467,58381,-61024,65535,62,-11695
13397,1,-65152,-17089,24603,65535,52,-35598
13398,1,-53948,53825,8634,65535,-558,57963
13399,1,-43333,5125,-12344,43635,-106,50787
13400,1,12998,-36465,21372,38713,58,-4284
13401,1,-59595,-38956,57103,65535,354,3541
13402,1,33747,-27884,-56195,43776,-316,60622
13403,1,29737,26638,53451,39924,16,-62391
13404,1,26560,-26459,-8985,37490,-246,-25192
13405,1,-10103,-3056,17159,10555,72,-42390
13406,1,-18260,-54069,-64905,57069,-23,26613
13407,1,-58839,-39162,-61786,65535,-167,16050
13408,1,-52204,14640,-11494,54218,-112,48382
13409,1,47744,-10197,-34961,48821,-75,-39318
13410,1,-5556,14820,-63122,15828,34,-22916
13411,1,1984,-42920,51232,42965,-331,19588
13412,1,64315,43603,-46152,65535,479,-33852
13413,1,-27457,-45282,21319,52956,-66,-22794
13414,1,-59875,53890,-1343,65535,-223,48963
13415,1,-59146,64169,-1248,65535,-88,47076
13416,1,57876,30228,55259,65295,-3,65301
13417,1,-18293,-24634,52379,30683,-70,6334
13418,1,-35308,42975,46649,55619,247,-37400
13419,1,51285,-10817,25168,52413,53,20811
13420,1,36209,58164,1366,65535,181,22463
13421,1,39968,43618,56182,59161,233,-57678
13422,1,-36433,20883,-64687,41993,325,-10170
13423,1,-61643,-30696,2825,65535,-256,-52995
13424,1,-62939,50229,31425,65535,-470,-48040
13425,1,-8996,-53207,11129,53962,-289,-25021
13426,1,-1698,1162,36025,2057,11,-42137
13427,1,8899,-64208,-37782,64820,442,63253
13428,1,-15422,44431,-20573,47031,-321,19307
13429,1,55975,19639,9173,59320,-206,16285
13430,1,-39129,35559,-27376,52871,-400,22930
13431,1,21445,53956,53979,58060,-358,-52088
13432,1,1508,47753,-63451,47776,320,-31481
13433,1,-1213,54119,24196,54133,-13,57436
13434,1,58751,27387,-39457,64821,102,-30390
13435,1,2696,55578,35984,55643,301,-63444
13436,1,-48843,-14722,-30599,51013,295,40924
13437,1,-17024,-25320,2753,30511,-71,-42315
13438,1,28399,37894,3219,47354,-316,22710
13439,1,30367,20187,33285,36465,-107,45585
13440,1,-30912,-32319,38724,44722,-82,-9925
13441,1,-13924,-55016,-32737,56749,-441,60558
13442,1,-26734,-11275,-33338,29014,-124,40613
13443,1,-12903,-43848,2932,45708,36,-35822
13444,1,-195,-5839,-12842,5842,29,-46408
13445,1,-28012,47466,-31567,55115,271,12220
13446,1,43687,5563,-62863,44040,-187,-60132
13447,1,-55100,-61586,60724,65535,17,12726
13448,1,-30872,59240,15983,65535,-64,58793
13449,1,20301,-24703,30152,31974,146,11639
13450,1,-23281,59425,65092,63823,79,-25448
13451,1,18235,-39067,-58233,43113,89,49138
13452,1,-45460,15010,-28541,47874,-33,30357
13453,1,-36267,28457,-53912,46099,111,-2305
13454,1,10802,-53485,65081,54564,322,36347
13455,1,53163,18696,-14436,56355,-155,-7324
13456,1,-44297,-14341,27119,46560,-238,-31779
13457,1,-23784,48505,5306,54022,312,47464
13458,1,-95,22563,45971,22563,-64,-52186
13459,1,-23721,-43543,34829,49585,-91,-8307
13460,1,-43132,52217,-5624,65535,479,41399
13461,1,53348,-4819,-7565,53564,-324,-9318
13462,1,20043,3851,14536,20409,-72,18570
13463,1,57367,-64963,39679,65535,-580,22141
13464,1,1630,-56039,-27336,56062,361,-59632
13465,1,44479,-12745,-20091,46268,-357,-25751
13466,1,162,59931,48192,59931,259,-50259
13467,1,-46603,-65389,-48435,65535,133,36917
13468,1,63731,-44742,-12994,65535,-534,-25620
13469,1,27464,-24215,-53013,36614,273,62829
13470,1,-19598,-28465,61407,34559,79,16013
13471,1,55320,-20089,-39626,58853,-437,-46738
13472,1,12262,598,-15882,12276,-63,-14758
13473,1,-46135,-62951,10904,65535,314,-35141
13474,1,56556,-10636,-62084,57546,431,64954
13475,1,32778,26137,56276,41923,228,-60867
13476,1,-52440,6982,-64448,52903,-77,-1643
13477,1,-41504,64309,40050,65535,-66,-46280
13478,1,-15116,62535,24638,64336,-190,62415
13479,1,64880,37548,21823,65535,-269,32842
13480,1,-37068,-10453,14768,38514,135,-45107
13481,1,18934,-18012,-33059,26133,22,-48940
13482,1,-21971,-11739,18734,24910,-156,-36434
13483,1,58376,-24410,30538,63273,464,22123
13484,1,60864,53972,15179,65535,-376,30409
13485,1,-8251,3044,62014,8795,28,-10959
13486,1,11362,44977,38844,46389,-340,-64469
13487,1,-15750,31906,-39914,35581,-256,2570
13488,1,-38404,-6382,-1057,38931,99,-63211
13489,1,13083,-40157,-17873,42234,-138,-44003
13490,1,44640,8684,-3080,45477,-57,954
13491,1,24689,45997,10288,52204,228,32688
13492,1,-64227,36910,-10446,65535,491,44071
13493,1,-58059,12387,11432,59366,-79,-58461
13494,1,-7179,55045,20721,55512,-68,56220
13495,1,14877,-10033,12090,17944,-67,-210
13496,1,-40857,58727,-24658,65535,187,20736
13497,1,6875,3858,23696,7884,-10,34389
13498,1,-47457,-16408,8213,50213,382,-50537
13499,1,-51080,50964,18687,65535,-529,-63056
13500,1,46363,-5260,-47695,46661,108,-50100
13501,1,-40180,-28156,-45318,49062,294,32844
13502,1,-51384,-4706,-53604,51598,376,13685
13503,1,61310,35690,-48905,65535,-74,-37886
13504,1,-39343,60186,-19218,65535,358,25524
13505,1,60394,59316,7280,65535,-45,23488
13506,1,-6740,24007,25560,24935,59,63989
13507,1,-41439,-58565,37555,65535,364,-8165
13508,1,-39172,-50082,62814,63582,251,16117
13509,1,36698,38336,2165,53070,-120,19052
13510,1,57334,-20059,5982,60741,265,-1130
13511,1,-28124,26559,-24903,38682,175,24752
13512,1,46960,-11368,-53921,48317,126,-58930
13513,1,-4464,58915,11487,59083,361,45705
13514,1,38623,52608,3952,65264,208,23443
13515,1,64663,54873,43574,65535,412,58152
13516,1,56415,-14800,14286,58324,-48,8951
13517,1,3453,-39454,-43151,39605,129,56906
13518,1,9800,37822,55978,39071,86,-47661
13519,1,-50699,-63188,-34536,65535,581,49513
13520,1,43368,-61620,-14189,65535,-572,-34005
13521,1,8638,64146,-14213,64725,-191,15824
13522,1,-19385,58513,32906,61641,105,-58760
13523,1,-42202,-28634,-17784,50998,333,60052
13524,1,-31522,-53987,-10516,62516,-16,-54303
13525,1,-17098,43401,-48584,46647,146,-8052
13526,1,63032,-42396,-44404,65535,-189,-56704
13527,1,-64937,-63846,-24497,65535,0,57247
13528,1,60600,-14388,-46715,62283,436,-51724
13529,1,-44811,-59393,-7105,65535,426,-53476
13530,1,-11856,-35903,33165,37811,-28,-6241
13531,1,-38119,56313,4069,65535,371,49137
13532,1,9862,58234,7311,59062,-332,36697
13533,1,-11021,-17843,26047,20972,129,-18392
13534,1,37155,56601,-53551,65535,-467,-32757
13535,1,6955,-5142,38619,8649,-1,25342
13536,1,-57032,54226,-40290,65535,88,9365
13537,1,30863,-2195,-41945,30941,-46,-43395
13538,1,-39243,-58161,-30417,65535,-277,55587
13539,1,-64539,-16839,45477,65535,-35,-14724
13540,1,27762,46407,44954,54077,256,-64695
13541,1,54925,11494,30287,56115,-145,34644
13542,1,-42132,-52415,-16335,65535,422,-63358
13543,1,19578,42312,-2148,46622,59,21553
13544,1,3521,-26088,-23470,26325,85,-53507
13545,1,15684,-42682,-13490,45472,-199,-38820
13546,1,30676,6528,-61107,31363,25,-56750
13547,1,-24935,35581,45083,43448,262,-40595
13548,1,48805,10151,29615,49850,-190,33972
13549,1,-48982,10022,-62838,49996,353,-1659
13550,1,-18333,6053,-4905,19307,-13,53993
13551,1,13510,25598,12068,28944,-123,34794
13552,1,-10087,61960,-38981,62776,-47,-2831
13553,1,-8378,24450,-15770,25846,125,23784
13554,1,-40718,54801,11918,65535,174,57963
13555,1,-28217,-12203,-22706,30743,147,51245
13556,1,26182,-47881,35272,54572,186,12872
13557,1,23206,33380,4354,40654,-92,24496
13558,1,-45673,-7645,13886,46308,172,-48268
13559,1,28283,-26779,37553,38949,125,21672
13560,1,-46957,14259,62380,49073,382,-9468
13561,1,31054,11918,-39393,33262,-190,-31629
13562,1,-49321,1818,-23684,49355,70,41054
13563,1,-20638,-44764,-6689,49293,130,-48524
13564,1,-51295,50678,-34206,65535,-174,15123
13565,1,21833,64716,14626,65535,-6,40608
13566,1,-40785,18410,-8217,44747,-224,48578
13567,1,3606,-39873,-23606,40036,246,-54621
13568,1,-50258,10890,-34181,51424,-232,26998
13569,1,-25054,55504,2864,60896,305,44373
13570,1,30145,-50989,57896,59233,338,36147
13571,1,56571,11354,58372,57699,271,62406
13572,1,14073,38085,-25124,40602,105,207
13573,1,45342,55166,63102,65535,-330,-49457
13574,1,93,21989,-2396,21989,62,30225
13575,1,-10571,17068,16044,20076,-99,60483
13576,1,-41523,11335,5297,43042,209,65173
13577,1,4802,14009,62266,14809,-73,-42824
13578,1,42805,40880,732,59190,65,16614
13579,1,-32838,50042,62141,59854,403,-24189
13580,1,59623,37767,29931,65535,365,41602
13581,1,-40917,10675,32563,42287,23,-38308
13582,1,54646,-10485,-56438,55643,212,-60472
13583,1,-18126,41657,21424,45429,320,62607
13584,1,4262,25063,31049,25422,-160,60435
13585,1,30673,-42135,-4809,52116,-376,-24300
13586,1,-3006,15385,-33350,15676,-7,3452
13587,1,-60241,-64769,-48927,65535,-309,33821
13588,1,-49856,-62161,50609,65535,586,3586
13589,1,14274,51920,53156,53846,165,-50808
13590,1,47460,-25174,43772,53722,-340,33730
13591,1,7797,-35699,-54823,36540,225,47838
13592,1,19136,-7996,60396,20739,158,51981
13593,1,65424,29483,64385,65535,315,-57946
13594,1,17008,-11744,51223,20669,19,38597
13595,1,8500,-62384,-27777,62960,285,-57814
13596,1,-52712,-29381,41764,60347,-247,-13079
13597,1,64164,-40228,-26867,65535,-41,-38538
13598,1,-39608,-37315,12067,54416,-310,-37587
13599,1,11009,54911,22491,56004,-251,51225
13600,1,-32534,59528,-1164,65535,216,41972
13601,1,-63744,-44739,9998,65535,524,-42912
13602,1,-58417,-51311,-28354,65535,488,52086
13603,1,-26159,-28543,28132,38717,149,-20192
13604,1,-43847,61909,13127,65535,-350,58847
13605,1,-17174,-44193,45748,47413,71,5217
13606,1,-17615,-57910,-30615,60529,443,61377
13607,1,-7651,21911,35412,23209,-115,-55780
13608,1,16003,31745,32954,35551,-42,56006
13609,1,-15084,-29320,26732,32972,205,-16078
13610,1,-48522,21496,-57252,53070,105,-457
13611,1,-50621,-64248,18206,65535,32,-28491
13612,1,46259,-37943,-47184,59830,-216,-61439
13613,1,-13775,-7561,13176,15713,79,-41992
13614,1,19908,-60427,-21248,63622,2,-47378
13615,1,8444,-31729,-51163,32833,144,52476
13616,1,22746,29907,-38001,37574,70,-18836
13617,1,28827,-33630,-5957,44294,-257,-23821
13618,1,-38496,35770,47443,52549,-158,-33649
13619,1,62906,-31279,36256,65535,303,26540
13620,1,61098,8656,2893,61708,-356,5949
13621,1,44261,32682,-28381,55020,-24,-15104
13622,1,-29821,-61764,-62040,65535,21,26874
13623,1,33363,-5505,-2859,33814,-47,-6241
13624,1,-22061,-55660,48622,59872,-312,8091
13625,1,-3802,20486,64193,20836,120,-30403
13626,1,3913,-41001,56071,41187,-186,25382
13627,1,5920,40536,-38131,40966,61,-8419
13628,1,49124,-29672,-37547,57390,27,-48892
13629,1,52224,-58392,50362,65535,-30,32824
13630,1,-55284,22187,43291,59569,364,-30334
13631,1,-5410,46009,31023,46326,82,-64876
13632,1,10242,55790,24463,56722,-216,53523
13633,1,8192,-23107,-17045,24516,-5,-42701
13634,1,-50117,-61552,41514,65535,-1,-5509
13635,1,48616,-59102,31745,65535,384,13232
13636,1,60362,-55263,15971,65535,358,415
13637,1,-41797,-52890,51339,65535,-71,4642
13638,1,51369,8575,-47570,52080,170,-44188
13639,1,-24772,39130,47494,46312,228,-39139
13640,1,52046,-15112,-35477,54195,238,-41463
13641,1,-30318,55961,49004,63646,-31,-38932
13642,1,-46955,47584,-17564,65535,121,31412
13643,1,-12785,8073,41170,15121,-57,-36037
13644,1,-3301,46726,20921,46842,48,55139
13645,1,-60586,64878,36593,65535,489,-46155
13646,1,-42338,-103,1291,42338,-195,-64098
13647,1,-57823,50338,10758,65535,-142,61390
13648,1,-49005,-188,65283,49005,-157,-106
13649,1,-50214,7540,-7029,50777,-128,55451
13650,1,-18134,52637,-32291,55672,362,7263
13651,1,2157,39046,-61995,39106,-51,-30351
13652,1,28476,-46684,55913,54683,212,34490
13653,1,46430,63822,33057,65535,594,52548
13654,1,63316,-39536,-33733,65535,96,-45404
13655,1,-28312,-38212,-16438,47558,-57,-62483
13656,1,-27272,7247,58246,28218,-113,-12625
13657,1,59347,-40297,57196,65535,-494,44896
13658,1,-44013,23365,-5260,49830,-332,50234
13659,1,-26807,31285,-26178,41199,-246,21494
13660,1,58104,-33855,-30171,65535,43,-41190
13661,1,-36104,-5369,-54931,36501,41,13661
13662,1,-7829,-12201,-554,14497,51,-45296
13663,1,61229,28938,54003,65535,466,63070
13664,1,64889,56351,-15029,65535,55,-125
13665,1,-23913,19916,44086,31120,136,-36028
13666,1,-63959,-62656,-34693,65535,-163,47051
13667,1,7592,36679,46429,37456,179,-56232
13668,1,14052,35162,-61547,37865,287,-36868
13669,1,-62900,42250,-46225,65535,-141,7011
13670,1,-38026,59868,65291,65535,455,-21342
13671,1,-54131,-44404,51313,65535,257,32
13672,1,46268,-28471,32503,54325,-423,21158
13673,1,-37922,-25871,47659,45906,-301,-5251
13674,1,-47737,47044,27656,65535,-78,-54087
13675,1,1323,26130,33436,26163,86,65080
13676,1,-9690,-1791,-59024,9854,49,10220
13677,1,1862,-14252,43130,14373,-14,13093
13678,1,41401,32777,-31612,52805,103,-17683
13679,1,-64101,57177,38479,65535,147,-42287
13680,1,64324,2762,65148,64383,299,-65126
13681,1,36407,-35878,-65323,51115,-59,49542
13682,1,-32959,5284,-54359,33380,106,7795
13683,1,-18839,58308,-64044,61275,-350,-24638
13684,1,-3425,-45239,45154,45368,-275,10936
13685,1,-3117,-13105,39888,13471,89,2111
13686,1,-20045,14460,-6141,24716,-101,46443
13687,1,21461,-24493,-35041,32565,165,-52905
13688,1,-6307,12704,5938,14183,-70,48422
13689,1,15568,-9535,-33104,18256,-104,-44449
13690,1,-23509,41232,-25587,47463,266,17874
13691,1,-60568,49265,49740,65535,38,-30051
13692,1,33345,22456,2808,40201,123,15108
13693,1,-11351,-57626,45992,58734,-65,9190
13694,1,-5987,45556,7809,45948,-11,43308
13695,1,-64793,33315,-31353,65535,469,24141
13696,1,-40510,-49804,53948,64199,31,6925
13697,1,33537,25546,63695,42159,-48,-53774
13698,1,-22396,-3262,39498,22633,-43,-22982
13699,1,53777,29493,39084,61333,285,49452
13700,1,54749,13453,11905,56378,47,16914
13701,1,30503,44069,-34920,53596,-11,-14778
13702,1,39265,-48786,26674,62624,-354,8161
13703,1,47317,-25030,-52583,53529,-278,-62625
13704,1,-58304,-36737,-24592,65535,192,52615
13705,1,-39512,38881,-2716,55435,-23,46613
13706,1,-308,23853,46499,23855,140,-51658
13707,1,-49801,-48967,-26050,65535,2,55694
13708,1,-61120,34372,-9736,65535,22,45107
13709,1,50215,-28918,44081,57946,332,33062
13710,1,25031,-549,6735,25037,18,6263
13711,1,-62070,-53085,-34089,65535,-565,46351
13712,1,13281,45871,5804,47755,246,32586
13713,1,-4103,20332,-11143,20741,119,25659
13714,1,-9405,-37897,11246,39046,-123,-26531
13715,1,49314,-50936,-55658,65535,-546,58854
13716,1,2052,23294,21224,23384,-89,52239
13717,1,29252,-35262,-55739,45815,-289,57143
13718,1,-19293,-55155,-6390,58431,258,-46270
13719,1,3480,34648,35363,34822,-15,-65020
13720,1,20041,-45862,34818,50049,-352,10791
13721,1,24563,-2872,-32222,24730,-27,-34627
13722,1,38151,-45041,44021,59027,233,25831
13723,1,47064,-35842,-36547,59158,73,-50150
13724,1,-7600,-32419,-26289,33298,-192,-63740
13725,1,3537,413,-28559,3561,3,-26154
13726,1,48446,40310,55569,63023,-305,-60925
13727,1,12025,53915,63875,55239,279,-39112
13728,1,47154,14317,-25151,49278,385,-19164
13729,1,-32845,33763,49198,47103,-250,-32898
13730,1,-17608,-24532,-42930,30197,-51,42422
13731,1,-17298,16911,54658,24191,69,-27085
13732,1,-50540,61378,32039,65535,439,-52010
13733,1,56856,30247,48889,64400,486,58931
13734,1,-19256,-62945,-16242,65535,376,-55322
13735,1,-5895,-37638,57459,38096,258,21309
13736,1,-52294,-45906,2938,65535,417,-47694
13737,1,32572,-3411,21245,32750,-153,19166
13738,1,32684,28771,-33993,43542,321,-19089
13739,1,-30370,-23276,20224,38264,70,-31709
13740,1,34262,-43289,-64421,55207,100,47812
13741,1,43300,11161,33272,44715,-155,38607
13742,1,-9175,-49326,34210,50171,-308,-2266
13743,1,58885,13098,-30656,60324,-339,-25973
13744,1,7425,-40803,-27171,41473,93,-56231
13745,1,-4260,-27117,-58922,27449,173,36000
13746,1,34673,-65017,1082,65535,-520,-21318
13747,1,21679,44501,-39036,49501,-158,-15658
13748,1,-13021,15962,15985,20599,19,63008
13749,1,63392,43237,62644,65535,-511,-55802
13750,1,-47040,-8449,-48337,47793,-2,20907
13751,1,-7518,45494,-37534,46111,75,-1384
13752,1,-24353,6906,42377,25313,-126,-28819
13753,1,-16292,-41758,-22949,44824,7,-63480
13754,1,28933,52065,49422,59564,321,-59575
13755,1,-26777,-40148,-38208,48259,68,47796
13756,1,-9550,53409,2074,54257,-44,38550
13757,1,-921,-12203,7280,12238,-71,-26938
13758,1,-13596,-51362,-16150,53131,-161,-54253
13759,1,-62038,6606,33035,62387,-401,-34580
13760,1,22583,-34721,59786,41419,111,38992
13761,1,-10739,-63221,-44128,64126,-392,50794
13762,1,-56869,1352,24384,56885,-64,-41624
13763,1,-41199,-11001,53805,42642,221,-6396
13764,1,39366,-63313,-20886,65535,-238,-41983
13765,1,58522,13947,39829,60160,-370,44838
13766,1,22194,-20113,-33965,29952,-185,-49195
13767,1,53418,36641,-20702,64777,-260,-8076
13768,1,-300,-23931,6435,23933,-132,-26480
13769,1,-43307,26733,-15118,50893,327,38747
13770,1,-11563,-26486,35848,28899,213,-5661
13771,1,-22628,-63287,52360,65535,-166,12480
13772,1,26977,37748,-50710,46397,17,-30894
13773,1,10797,-64035,27980,64938,318,-1406
13774,1,30584,-54860,5688,62809,-252,-16387
13775,1,17803,-45660,-24174,49008,-19,-49178
13776,1,-59859,37164,-60951,65535,271,-7086
13777,1,-41126,-38887,22561,56600,-220,-27093
13778,1,34205,56376,-56746,65535,-99,-35323
13779,1,-51868,26102,-10786,58066,-29,45034
13780,1,-57518,-28906,-44360,64373,-3,30892
13781,1,-53325,23427,21676,58244,295,-52601
13782,1,41531,-37507,-14001,55961,-249,-29231
13783,1,-34717,32390,48262,47480,-239,-32830
13784,1,11502,1518,12820,11602,4,15551
13785,1,-27980,31205,-56374,41912,37,-8376
13786,1,-14748,-20599,-19020,25334,-12,-64740
13787,1,38421,23770,56517,45179,-245,-62884
13788,1,-13232,1113,-61516,13278,2,2267
13789,1,-21628,-29928,31536,36925,-182,-14184
13790,1,-16557,2541,-62967,16750,-96,-487
13791,1,-39635,39279,-20457,55801,-221,28872
13792,1,7168,54679,47111,55147,31,-53924
13793,1,19932,3107,10559,20172,-151,13941
13794,1,-28002,47680,-1026,55295,155,42761
13795,1,37260,14812,-48345,40096,250,-40581
13796,1,28055,-240,38947,28056,-43,38800
13797,1,-42188,33892,24302,54115,355,-55489
13798,1,-50952,26677,-37653,57513,-55,17841
13799,1,-20156,65232,-54065,65535,-199,-14985
13800,1,42174,-46889,27958,63065,154,10420
13801,1,55217,45957,-12764,65535,-338,1814
13802,1,-45223,3253,-43724,45340,-104,20362
13803,1,-2115,-5502,46313,5894,30,5782
13804,1,-60090,-2770,29604,60152,469,-35134
13805,1,-19360,-12920,40993,23276,-26,-12243
13806,1,23265,-32005,-32873,39566,305,-52689
13807,1,61741,43416,19467,65535,576,32093
13808,1,-6964,-44462,19740,45003,305,-16410
13809,1,11691,-39525,60892,41218,26,34111
13810,1,-6527,-31390,-62507,32061,124,31440
13811,1,-31652,-62903,-35745,65535,-32,52843
13812,1,40237,-7571,-30112,40942,303,-34146
13813,1,-10034,21788,-33071,23987,-73,8764
13814,1,57365,-61668,22211,65535,301,4999
13815,1,7304,-59670,14670,60114,392,-15693
13816,1,-28382,-11048,40979,30456,-29,-16793
13817,1,16704,-33625,-64888,37545,-176,43132
13818,1,24097,-61063,27877,65535,243,2873
13819,1,-37584,172,30604,37585,92,-35079
13820,1,58438,22332,-40740,62558,-446,-32976
13821,1,37745,-22270,34138,43825,-211,23119
13822,1,30597,1987,-34313,30661,-143,-32863
13823,1,-1210,-7826,-27330,7919,-54,-63154
13824,1,-44908,-63538,15083,65535,435,-30637
13825,1,-52849,-24579,-7646,58285,41,-64115
13826,1,-54343,-486,1253,54345,104,-64136
13827,1,36047,42956,-59502,56077,37,-41312
13828,1,-27053,47640,60429,54785,211,-27182
13829,1,-25330,-40667,-5847,47911,115,-50286
13830,1,-549,-32566,41829,32570,189,8589
13831,1,23770,56646,-64507,61430,373,-40154
13832,1,60460,-29067,-22628,65535,133,-32018
13833,1,20934,26195,62395,33532,-218,-49838
13834,1,25611,20009,-7013,32500,-146,6916
13835,1,20009,-38687,-7568,43555,-176,-30294
13836,1,35414,-55233,-55125,65535,-252,55153
13837,1,-58408,-10778,-30873,59394,280,38371
13838,1,7018,-53517,-65454,53976,-28,35581
13839,1,-61108,-40358,-37008,65535,-435,40828
13840,1,-19865,49945,-49294,53750,344,-8762
13841,1,7812,6400,46098,10099,31,60353
13842,1,-13210,-36478,4396,38796,-253,-35484
13843,1,-51672,24526,1008,57196,398,57154
13844,1,5671,-44250,1577,44612,-153,-28460
13845,1,6821,45988,-10987,46491,-34,18725
13846,1,-28641,50172,-40097,57771,353,3364
13847,1,32174,58314,23722,65535,-479,46122
13848,1,37036,-43575,50673,57187,322,32483
13849,1,26519,7108,-28821,27455,169,-23486
13850,1,27193,-31803,35992,41843,-294,18128
13851,1,64897,31290,64282,65535,-61,-57400
13852,1,1208,-20784,-37363,20819,87,62065
13853,1,33940,25568,50682,42492,-275,64285
13854,1,61500,32658,-64326,65535,473,-54284
13855,1,37257,54767,16110,65535,-513,36578
13856,1,64410,23736,63407,65535,-237,-60227
13857,1,-62129,23513,-28730,65535,-350,29369
13858,1,14278,-16513,65458,21830,-33,47594
13859,1,-34232,16478,21803,37992,57,-53123
13860,1,-56196,47866,-26588,65535,-494,24370
13861,1,63250,40843,-26265,65535,-46,-14291
13862,1,57957,39597,-63415,65535,-412,-50789
13863,1,-34221,22530,60475,40971,302,-17361
13864,1,3690,5872,62888,6936,-11,-47087
13865,1,9285,33607,65101,34866,63,-38863
13866,1,-7023,-16904,9383,18304,-110,-31474
13867,1,-1428,-21208,29108,21256,49,-5110
13868,1,-53214,-35560,26128,64002,-33,-27108
13869,1,-62914,-35738,-24225,65535,289,52004
13870,1,47665,-17993,-33852,50948,-225,-41289
13871,1,-62111,-21136,35027,65535,178,-23723
13872,1,35165,20382,-32621,40645,-119,-21602
13873,1,-55646,-38811,-65315,65535,257,12847
13874,1,51323,-1181,-13152,51337,-19,-13624
13875,1,-38292,-44577,-8507,58765,279,-56179
13876,1,-23052,64716,-14459,65535,88,25421
13877,1,-50763,17426,-13592,53670,-289,45158
13878,1,35781,-24067,60540,43122,-108,48240
13879,1,-31525,-30474,-57285,43845,313,24133
13880,1,-43491,-13379,23709,45502,-189,-35515
13881,1,-6662,-8459,60199,10768,7,13502
13882,1,-11169,8035,51311,13759,-38,-27177
13883,1,-4139,29693,41839,29979,228,-53734
13884,1,41871,23436,63019,47984,-111,-57360
13885,1,-44601,-58808,20136,65535,238,-26235
13886,1,62940,12984,21030,64265,-349,25387
13887,1,28017,9258,2503,29507,27,9141
13888,1,41971,63451,-5241,65535,397,15227
13889,1,-4168,-61829,63941,61970,136,29723
13890,1,-43359,40907,23529,59610,298,-57888
13891,1,57611,56062,35638,65535,-415,51846
13892,1,-19607,27394,23784,33688,12,-61568
13893,1,-13520,60236,64107,61735,-229,-29514
13894,1,36539,60226,-59252,65535,-105,-37829
13895,1,666,-31667,-28790,31674,-51,-61086
13896,1,15600,-25893,239,30229,-49,-21184
13897,1,-41527,-34560,-47403,54026,-256,32711
13898,1,-33409,-20270,-34299,39077,59,42582
13899,1,62793,64960,-91,65535,-644,16796
13900,1,-47761,-40287,17066,62484,118,-33892
13901,1,-33916,28369,6879,44217,100,57837
13902,1,33092,-53611,-55463,63001,-406,54512
13903,1,-48116,37445,-735,60969,390,50872
13904,1,-60168,13665,-35083,61701,72,25770
13905,1,-44049,8508,-28177,44863,116,33325
13906,1,24057,-25362,34662,34957,-81,17776
13907,1,-2995,21739,-57080,21944,132,-21581
13908,1,37418,-20879,51962,42849,156,41269
13909,1,25484,61064,29756,65535,-503,54435
13910,1,-21604,58677,434,62528,-234,40640
13911,1,-58487,41364,22035,65535,379,-56453
13912,1,11792,17280,-5981,20920,134,14161
13913,1,-49366,36616,-57,61463,-105,52202
13914,1,-53513,19109,36298,56822,-117,-36350
13915,1,-17996,-28468,-62197,33679,-144,24436
13916,1,52667,-60867,-3537,65535,-93,-21401
13917,1,-60072,-24341,12282,64816,-180,-45165
13918,1,60743,15473,-15767,62682,-396,-10432
13919,1,63675,-43002,15291,65535,-336,2991
13920,1,-6022,39193,-56489,39653,236,-20665
13921,1,-59394,33806,58395,65535,-332,-17834
13922,1,-59586,8307,55770,60161,-458,-12497
13923,1,-61848,7155,-17193,62261,7,45938
13924,1,59371,5084,22956,59589,83,24709
13925,1,61118,-63272,-24385,65535,596,-41271
13926,1,18058,48532,46470,51783,17,-59271
13927,1,47114,31650,-37460,56758,109,-25160
13928,1,12963,-59042,-17076,60447,438,-45487
13929,1,-45257,43875,21911,63032,443,-59832
13930,1,24702,25632,52927,35598,-200,-61258
13931,1,16006,42607,4861,45514,-129,30192
13932,1,50788,-60529,-20145,65535,-56,-38335
13933,1,65282,44053,-43336,65535,316,-31036
13934,1,-39271,-37073,18205,54005,-253,-31449
13935,1,11451,-565,-7825,11465,53,-8949
13936,1,35604,14379,24733,38398,-151,32822
13937,1,33570,-40499,53010,52603,-353,34820
13938,1,22417,-32625,39189,39584,-127,19047
13939,1,-19787,20803,-7878,28711,-27,40772
13940,1,-36302,34560,-61736,50122,24,-12081
13941,1,26374,43659,-35141,51007,22,-13718
13942,1,-2060,13675,47825,13829,42,-47423
13943,1,-14169,-38427,52949,40956,134,12744
13944,1,13340,-60000,-56396,61465,-351,46591
13945,1,-3973,58703,44257,58837,-114,-52597
13946,1,-43503,41731,-50308,60283,-199,-653
13947,1,16911,32962,-2684,37046,272,20042
13948,1,-17956,59432,49850,62084,400,-42467
13949,1,63849,-46260,-32572,65535,-484,-45524
13950,1,414,-8510,-44445,8520,-45,54983
13951,1,17828,-37224,14426,41273,-143,-8952
13952,1,5331,-41944,1231,42281,-190,-28806
13953,1,36799,-19154,-20917,41486,60,-30959
13954,1,-46878,40975,-219,62262,-240,50413
13955,1,-45604,26007,-47966,52498,-298,6877
13956,1,-57397,-37406,-30899,65535,245,46611
13957,1,-4271,-59611,-52784,59764,-121,44070
13958,1,54441,-36215,52434,65386,171,40134
13959,1,-29618,-29348,14899,41695,162,-34429
13960,1,1132,20881,57425,20912,-6,-42003
13961,1,-23780,-5579,2937,24425,145,-57916
13962,1,-53849,-59571,-15508,65535,-395,-63506
13963,1,63944,-61569,-8462,65535,-459,-24343
13964,1,3260,-23791,57743,24013,127,27706
13965,1,-38972,26570,22020,47167,323,-56142
13966,1,24273,26513,-19722,35946,157,-2510
13967,1,-6975,58947,-12587,59359,148,22586
13968,1,-10933,46583,-61956,47848,289,-24505
13969,1,-19939,2113,-36191,20051,-118,27266
13970,1,10844,1388,50054,10933,-39,52785
13971,1,-65194,-27882,-5116,65535,53,-62237
13972,1,3071,-12936,57297,13295,-94,29538
13973,1,38610,9628,29481,39792,170,34490
13974,1,26140,37053,30432,45345,293,50248
13975,1,62844,53084,-17562,65535,212,-2984
13976,1,65413,53682,-4045,65535,328,10210
13977,1,-35133,11461,41734,36955,106,-30440
13978,1,9707,31959,-7577,33400,258,18879
13979,1,-42217,-56846,58906,65535,-164,12861
13980,1,47168,17799,-37939,50414,217,-30501
13981,1,-39588,11553,27179,41240,125,-44343
13982,1,59726,-53707,63578,65535,-186,48348
13983,1,20521,60322,-43734,63717,-167,-17752
13984,1,12798,-36592,57371,38766,-173,31715
13985,1,18686,-33339,-26604,38219,-66,-48679
13986,1,-34492,8022,33258,35412,-142,-36961
13987,1,50817,61001,63803,65535,338,-49079
13988,1,-54370,-865,65385,54376,-366,321
13989,1,-24546,-30372,-18914,39051,142,65135
13990,1,1759,33226,40304,33273,33,-59124
13991,1,47655,22527,-42694,52710,366,-33627
13992,1,-37441,22103,-11078,43478,-220,43439
13993,1,61578,-48344,10878,65535,167,-3051
13994,1,-24805,-27407,43820,36965,-204,-4178
13995,1,-24334,-30843,4663,39287,-10,-42034
13996,1,-9147,-11800,-49730,14930,-109,34971
13997,1,2134,-11999,-59636,12187,-21,42376
13998,1,35840,-6084,-57335,36352,-219,-60717
13999,1,38527,-11380,-58794,40173,-9,-64780
14000,1,12814,-31177,15149,33708,74,-9530
14001,1,-51732,56748,-3636,65535,-499,44688
14002,1,26493,35001,59232,43897,184,-52675
14003,1,10717,44761,36798,46026,236,64557
14004,1,30394,65401,-22168,65535,-29,1533
14005,1,28074,25621,-30083,38007,-226,-14527
14006,1,31553,44443,-1114,54505,190,18702
14007,1,7921,-30658,-34176,31665,-92,-61609
14008,1,34872,-48366,-16204,59627,228,-36020
14009,1,-48013,39087,-40852,61912,4,10429
14010,1,37308,-32499,32259,49478,-107,17355
14011,1,-29110,-38921,54667,48602,-277,8622
14012,1,40698,-62984,-49023,65535,-24,61255
14013,1,-4223,-28533,-10041,28844,-12,-45865
14014,1,-55823,-9761,55094,56670,-264,-6734
14015,1,-54986,9726,-35995,55840,150,25833
14016,1,21937,-45778,11405,50763,-165,-11973
14017,1,-59605,61532,49278,65535,-637,-32818
14018,1,49299,26800,61995,56113,53,-58709
14019,1,-62531,-14319,-41827,64150,40,28392
14020,1,22703,-16950,-47469,28332,-137,-60746
14021,1,29334,-49611,9856,57634,332,-11893
14022,1,-58500,35833,-34119,65535,-394,20072
14023,1,57687,23931,-62210,62454,342,-54121
14024,1,20978,47088,10274,51550,-5,34301
14025,1,64120,12416,33505,65311,-138,37539
14026,1,-49424,55928,-13399,65535,-473,34599
14027,1,62444,-20168,-44423,65535,382,-51061
14028,1,13724,46708,-32254,48683,58,-5472
14029,1,38691,-52095,35290,64891,152,15799
14030,1,51417,45322,-50516,65535,-521,-35286
14031,1,32880,-53301,59297,62625,-422,38200
14032,1,-9180,28803,46818,30230,180,-45174
14033,1,27308,-14274,-38348,30814,-8,-48390
14034,1,-63588,49405,56787,65535,579,-22678
14035,1,34741,9915,-37320,36127,240,-31659
14036,1,11745,-41590,17014,43216,168,-10093
14037,1,-54330,-46583,-43955,65535,-406,36485
14038,1,18590,-7392,43531,20005,-126,35768
14039,1,-32401,54497,-57336,63400,-472,-13223
14040,1,21970,29760,-53492,36991,20,-34001
14041,1,-45454,-57133,24696,65535,-316,-22001
14042,1,8466,-5011,-5863,9838,-61,-16882
14043,1,62450,-17226,48813,64782,143,43153
14044,1,35845,-3283,18019,35994,-262,16266
14045,1,34165,-54349,25838,64196,111,4741
14046,1,2027,-12746,-8880,12906,-57,-38266
14047,1,-17430,-14940,-60195,22956,-134,20245
14048,1,17568,31542,-11917,36104,160,10158
14049,1,34315,31668,462,46695,-18,16018
14050,1,-52224,57715,49841,65535,422,-33233
14051,1,9753,-11018,-61017,14714,-81,52517
14052,1,17424,-39240,26997,42935,-48,2970
14053,1,-3673,-58028,-4690,58143,366,-38908
14054,1,47488,-6924,-54247,47990,83,-57303
14055,1,34998,-12433,59715,37141,-16,52603
14056,1,-45822,43030,2766,62858,460,52421
14057,1,-17749,40476,48494,44196,-254,-41069
14058,1,13906,64672,-20794,65535,-194,7617
14059,1,25227,-40888,20109,48043,-320,-988
14060,1,11389,-35864,27724,37629,184,1268
14061,1,37067,18981,-46843,41643,313,-37127
14062,1,-24779,53601,3327,59052,-95,45162
14063,1,24124,53384,-1017,58581,-318,23010
14064,1,-46519,-3329,55828,46638,90,-8258
14065,1,14579,43159,19366,45555,-22,45348
14066,1,4198,-7749,-21015,8813,-4,-43415
14067,1,-35811,29387,-21077,46325,-178,30204
14068,1,-25188,-16512,-22414,30118,189,55096
14069,1,62728,-19180,-44829,65535,384,-51141
14070,1,36989,-310,4660,36990,-50,4513
14071,1,-64374,-40467,4881,65535,132,-48984
14072,1,-23965,30974,27650,39162,251,-57051
14073,1,29261,-29478,-34487,41535,199,-51047
14074,1,11042,-7244,-51614,13206,-87,-63588
14075,1,-19376,-58939,-38481,62043,38,53185
14076,1,-51259,-22655,-52586,56042,-160,21691
14077,1,-3048,26434,49396,26609,-13,-46503
14078,1,14907,-46728,-42834,49048,305,61782
14079,1,6073,62355,-44084,62650,161,-13395
14080,1,49366,45655,622,65535,45,16178
14081,1,-45315,-12920,51067,47120,302,-8808
14082,1,-28129,40599,-22248,49392,33,23146
14083,1,31404,-60705,-39819,65535,-270,-62545
14084,1,22144,59265,51134,63267,-66,-54607
14085,1,-23220,34517,-52106,41601,107,-7038
14086,1,-11229,-57928,-46563,59007,113,47707
14087,1,64781,-41876,26072,65535,10,14098
14088,1,38814,61993,-36101,65535,5,-15004
14089,1,-61466,-23428,24302,65535,501,-33796
14090,1,64509,6355,25294,64822,-95,27373
14091,1,-25690,-4487,2095,26079,-126,-59733
14092,1,36525,32045,-35963,48589,277,-21059
14093,1,-3677,58839,53419,58952,-419,-43435
14094,1,-6808,11066,-64595,12992,100,-20482
14095,1,23096,-55004,55747,59656,-349,31394
14096,1,-39870,-52493,-23919,65535,166,60782
14097,1,8497,-36877,-40283,37844,74,62704
14098,1,4890,48636,51768,48881,-27,-48615
14099,1,-19924,38136,-7157,43027,3,35653
14100,1,-1430,37631,43665,37658,-11,-53841
14101,1,16593,-25790,-4143,30667,-70,-24937
14102,1,51861,-12940,24573,53451,-235,19564
14103,1,18199,-28862,-62955,34120,107,47020
14104,1,42536,-44755,36911,61744,-82,20025
14105,1,-18207,-45875,1627,49355,-280,-38904
14106,1,-11489,11379,-64755,16170,-59,-15426
14107,1,52509,-59593,37826,65535,-618,20288
14108,1,61623,57857,-64310,65535,-627,-48428
14109,1,58684,21807,-62095,62605,-47,-54657
14110,1,25256,-56261,-62524,61670,181,44521
14111,1,-52731,18009,-31314,55721,-213,27436
14112,1,23120,-63073,-5700,65535,-348,-31030
14113,1,27194,-40047,13063,48407,335,-7405
14114,1,43871,1079,-47679,43885,85,-47207
14115,1,64898,5466,-10869,65128,-1,-9116
14116,1,3187,-31968,-28810,32127,-9,-59499
14117,1,-59297,39408,-5977,65535,217,47259
14118,1,32366,-37587,-29836,49602,-176,-47700
14119,1,-30422,11316,51083,32458,14,-21890
14120,1,-9650,-25349,22150,27123,-196,-18055
14121,1,-16730,-60960,62913,63214,222,24485
14122,1,38563,-53652,1312,65535,155,-18504
14123,1,-1376,-27402,-62568,27437,102,34612
14124,1,59456,-33769,17579,65535,-269,6886
14125,1,-40241,17815,40832,44008,98,-33445
14126,1,-61879,39311,22546,65535,-476,-54661
14127,1,8324,6896,5839,10809,-75,20417
14128,1,47095,18666,8867,50659,263,16631
14129,1,29136,-43626,47127,52461,-41,26659
14130,1,-59621,53594,12249,65535,-171,62555
14131,1,-3895,11093,-44272,11757,-38,-4392
14132,1,-10521,-10811,30328,15085,77,-18647
14133,1,-34425,27226,18493,43890,-63,-60972
14134,1,8753,7130,65445,11289,3,-51372
14135,1,53694,-9997,13957,54616,-345,10249
14136,1,9137,12276,10589,15303,-51,30080
14137,1,47925,-41282,43885,63254,214,28981
14138,1,-24730,-11250,-35501,27168,-209,39102
14139,1,-49792,42213,21573,65277,-286,-58541
14140,1,-5820,35450,37228,35925,21,-57694
14141,1,-37079,-59965,37060,65535,400,-7379
14142,1,48044,-30366,-60078,56836,-238,59323
14143,1,-8025,1859,45377,8237,-26,-24842
14144,1,65117,26389,8221,65535,-192,16310
14145,1,-34775,58657,53163,65535,472,-34122
14146,1,-63630,52920,53671,65535,419,-26443
14147,1,23177,35822,25466,42666,-11,46260
14148,1,9374,-470,47327,9386,36,46203
14149,1,32878,38457,35798,50595,360,53662
14150,1,35071,63988,-24029,65535,-320,-1629
14151,1,23724,-41560,-52387,47854,292,56610
14152,1,-37168,36681,42050,52221,-98,-39693
14153,1,-42349,50457,65152,65535,-38,-18574
14154,1,-22138,-25005,-12828,33396,181,-60826
14155,1,9675,17115,-11617,19660,-37,10458
14156,1,-538,39310,-38253,39313,262,-5338
14157,1,3047,39034,-2739,39152,240,28276
14158,1,-62360,-64637,-42698,65535,-554,39725
14159,1,18671,49865,2781,53246,-93,28112
14160,1,-12449,41460,61504,43288,205,-30813
14161,1,-46942,-56975,55847,65535,-429,8824
14162,1,-20702,-33445,-30363,39334,205,56270
14163,1,-12001,-13808,-26707,18295,-19,56693
14164,1,55793,49059,34408,65535,506,49312
14165,1,11333,-64680,52940,65535,-282,23880
14166,1,-9576,13190,-19592,16299,116,26128
14167,1,-34059,64226,-50590,65535,453,-7780
14168,1,-52251,18618,59748,55469,-77,-12900
14169,1,-39182,-40234,-23767,56160,268,58330
14170,1,-7515,8027,-62314,10996,75,-13990
14171,1,-42992,-7991,5095,43728,263,-56733
14172,1,48913,27665,-8802,56195,120,1891
14173,1,-40031,50320,20494,64300,276,-63881
14174,1,17437,-3249,-27260,17737,-114,-30968
14175,1,-12166,36480,-18321,38455,-130,21233
14176,1,53523,18404,-26933,56598,334,-20147
14177,1,-4241,-27230,10264,27558,211,-25886
14178,1,27237,30470,-4738,40869,26,12800
14179,1,10695,-2612,23795,11009,6,18786
14180,1,-39524,-35232,-40937,52947,-107,39829
14181,1,25546,-4802,-23417,25993,197,-27451
14182,1,7071,24048,-740,25066,25,26042
14183,1,-19585,-26357,-2216,32837,-85,-48261
14184,1,-41069,-42975,42069,59444,-84,-6580
14185,1,7911,38555,42638,39358,256,-60023
14186,1,14969,6336,16015,16255,-48,24430
14187,1,24930,-7905,-31701,26153,-117,-38013
14188,1,50363,41679,6282,65371,-490,20860
14189,1,-15279,-58895,-14184,60845,116,-52287
14190,1,-39953,13559,50325,42191,-80,-21997
14191,1,-36601,8911,21255,37670,49,-49290
14192,1,41231,37649,-24808,55833,-317,-9252
14193,1,-15548,-13345,6041,20490,-106,-44591
14194,1,16491,-28847,-46660,33228,224,62337
14195,1,-25344,-47416,44267,53764,329,1131
14196,1,-1716,-49468,-39634,49498,178,57872
14197,1,-28921,15527,22277,32826,140,-53627
14198,1,-48345,50834,-26584,65535,-70,22066
14199,1,-25163,5972,43835,25862,184,-26710
14200,1,3631,-37998,63426,38171,-168,32737
14201,1,-48106,-26891,31160,55112,-158,-23683
14202,1,-29587,17460,-41382,34355,-169,13135
14203,1,47016,56882,9973,65535,-545,28486
14204,1,49730,38058,33454,62622,70,47057
14205,1,-62955,14907,1909,64694,493,62436
14206,1,-63640,-52093,5403,65535,215,-45878
14207,1,53047,-3494,18481,53162,199,17031
14208,1,52210,40975,54197,65535,-153,-62946
14209,1,32663,52862,6240,62139,373,27337
14210,1,-4967,64598,33533,64787,469,-63321
14211,1,57426,21705,36264,61391,297,43702
14212,1,-60265,-54524,55791,65535,435,5485
14213,1,12568,-22465,-43301,25742,-65,-65376
14214,1,20717,-28145,63032,34948,-68,43541
14215,1,-18340,-50309,-43259,53546,373,47608
14216,1,-11263,53231,-27586,54410,-19,9539
14217,1,-47,-40904,-34017,40903,241,64140
14218,1,-57125,25502,-27799,62559,-54,28996
14219,1,12887,-63819,17303,65106,382,-11431
14220,1,52040,-40496,10729,65535,424,-3200
14221,1,-45618,-37772,-35682,59225,-429,44432
14222,1,47384,50741,16737,65535,-382,33949
14223,1,31440,23902,-29017,39494,-82,-15414
14224,1,59989,36009,7814,65535,-226,19159
14225,1,-55279,-26094,33367,61127,391,-23102
14226,1,45921,-54668,-52318,65535,-12,60564
14227,1,5350,-18822,25036,19567,109,-2071
14228,1,52247,16211,55059,54704,-95,61371
14229,1,64963,-29954,39506,65535,185,30439
14230,1,-62031,20764,-35131,65414,149,23619
14231,1,43155,25016,39942,49881,-143,50961
14232,1,61249,30373,-3869,65535,-368,5847
14233,1,-55661,-701,-23654,55665,310,42029
14234,1,-62378,33982,2638,65535,-130,57806
14235,1,-38554,-47320,-43079,61038,-20,40970
14236,1,61669,58109,45770,65535,-476,61652
14237,1,25272,31395,18102,40303,225,36615
14238,1,12977,-12490,13535,18011,-90,-2346
14239,1,40200,-9418,-2812,41288,-232,-7495
14240,1,-41643,47218,26760,62956,-461,-56314
14241,1,-1811,-4702,-46705,5039,23,43836
14242,1,33817,30551,-1099,45573,211,14131
14243,1,-63751,34984,-60882,65535,-357,-5714
14244,1,-16913,-6517,-21465,18125,-79,51835
14245,1,-6247,-3809,-5550,7317,27,-59741
14246,1,24527,-8575,58568,25983,119,51456
14247,1,13877,30558,14383,33561,-244,38410
14248,1,-58960,-48092,15695,65535,67,-35586
14249,1,-40357,-25352,32140,47659,68,-21725
14250,1,-48804,57608,29690,65535,304,-54036
14251,1,36766,60359,29347,65535,-230,50770
14252,1,-27432,9392,19029,28995,-133,-53293
14253,1,64255,-7944,20957,64742,-500,18552
14254,1,-22796,1503,-12942,22846,84,51144
14255,1,34431,28683,12568,44813,-191,27146
14256,1,51405,-46286,59487,65535,-206,44257
14257,1,-33090,-34660,18395,47920,-44,-30254
14258,1,27625,55522,-33556,62015,251,-10504
14259,1,30233,55007,-12040,62767,-349,10360
14260,1,14498,44853,26755,47138,263,52885
14261,1,-53781,-5341,35353,54046,-36,-28104
14262,1,65486,-23764,27440,65535,-502,20328
14263,1,33306,54184,-50251,63601,-464,-28828
14264,1,-49991,-31704,-22171,59196,339,55036
14265,1,-21844,13702,-58707,25786,-20,-4842
14266,1,-14640,-44749,23017,47083,96,-16389
14267,1,-52823,11765,30355,54117,289,-39864
14268,1,28949,61233,-13279,65535,-474,10422
14269,1,-62850,46625,-5605,65535,-140,46654
14270,1,-54456,-38234,17798,65535,459,-35112
14271,1,-22939,16011,604,27974,-116,53514
14272,1,61786,31964,-659,65535,-275,9383
14273,1,51323,-13614,-35824,53098,-188,-41159
14274,1,11281,-32090,-31937,34015,-97,-57593
14275,1,52171,1441,-56092,52191,260,-55620
14276,1,8404,52660,-20981,53326,207,8405
14277,1,-7339,-56686,-34694,57160,123,60879
14278,1,-28843,-52201,-21732,59638,-465,-64868
14279,1,-23524,-30918,-44758,38850,65,39943
14280,1,-45256,-36697,-44225,58265,-117,35566
14281,1,48439,36546,-40394,60678,-348,-26791
14282,1,65439,37227,52760,65535,348,63453
14283,1,-53527,63820,-18975,65535,-77,28371
14284,1,-7627,41609,47024,42302,149,-47572
14285,1,-42962,56848,48656,65535,-352,-36045
14286,1,-64789,-37389,45769,65535,-360,-8748
14287,1,60761,-62349,24611,65535,-386,8051
14288,1,53157,56549,53348,65535,529,-60837
14289,1,28980,-59805,21933,65535,74,-1445
14290,1,34310,25770,59236,42909,332,-58559
14291,1,-10190,13307,6105,16761,24,52476
14292,1,7589,1795,-34203,7798,60,-29520
14293,1,-39895,60560,-33426,65535,-515,11642
14294,1,-3310,-57751,12336,57846,-195,-21556
14295,1,41391,54234,-26571,65535,14,-7406
14296,1,53987,6605,41356,54389,351,43761
14297,1,31553,16680,35327,35690,176,45369
14298,1,-52035,50696,-59326,65535,332,-9997
14299,1,-36576,890,38325,36587,-62,-27683
14300,1,39442,1321,-38624,39464,-189,-37826
14301,1,-14092,-52594,64037,54449,-329,25934
14302,1,-42471,6052,43687,42900,213,-24905
14303,1,18254,-3077,32796,18511,-90,29414
14304,1,-30288,35938,16818,46999,69,64164
14305,1,-33518,-60834,-14820,65535,-459,-57956
14306,1,53495,-32699,56093,62697,-301,44748
14307,1,-61413,-11982,-37531,62571,-44,32039
14308,1,2823,-29894,-34942,30027,-165,65441
14309,1,-19136,10167,-548,21669,-152,54946
14310,1,-36601,63315,-36764,65535,-298,7023
14311,1,17298,25550,29009,30854,-170,49477
14312,1,-19650,26848,10166,33270,-155,56211
14313,1,63102,-56098,-60562,65535,284,55280
14314,1,48140,-36836,-1785,60617,-64,-15388
14315,1,40522,17335,-49365,44075,37,-40950
14316,1,6820,-13199,33989,14857,-66,11263
14317,1,4446,14151,13745,14833,-27,40201
14318,1,-25427,-13458,49109,28769,156,-6385
14319,1,-54318,-14892,3201,56322,-212,-56674
14320,1,-11152,-53381,52027,54533,159,14902
14321,1,-32542,-20586,50147,38506,177,-3718
14322,1,-23772,15652,42085,28461,209,-35751
14323,1,58105,47544,-35020,65535,182,-20765
14324,1,1815,-62089,-12707,62115,409,-45003
14325,1,-19042,1906,24714,19137,-2,-42901
14326,1,390,-8910,-17373,8919,49,-49343
14327,1,-62774,-29405,-27161,65535,239,47442
14328,1,14423,-44156,50298,46452,-116,24168
14329,1,43949,62198,56743,65535,436,-54513
14330,1,58498,39891,3972,65535,-478,16598
14331,1,30594,30591,26281,43263,-312,42814
14332,1,56024,4916,-14463,56240,196,-12710
14333,1,30195,-49804,-19925,58243,69,-41348
14334,1,59976,19204,-60128,62974,459,-53816
14335,1,27479,23086,-22308,35890,-3,-7730
14336,0,0,0,0,0,0,-147
14337,0,1,0,0,1,0,-147
14338,0,-1,0,0,-1,0,-147
14339,0,32768,0,0,32767,230,-147
14340,0,-32768,0,0,-32767,-230,-147
14341,0,65535,0,0,65534,461,-147
14342,0,-65536,0,0,-65535,-461,-147
14343,0,0,1,0,0,1,-147
14344,0,1,1,0,1,1,-147
14345,0,-1,1,0,-1,1,-147
14346,0,32768,1,0,32767,232,-147
14347,0,-32768,1,0,-32767,-229,-147
14348,0,65535,1,0,65534,462,-147
14349,0,-65536,1,0,-65535,-460,-147
14350,0,0,-1,0,0,-1,-147
14351,0,1,-1,0,1,-1,-147
14352,0,-1,-1,0,-1,-1,-147
14353,0,32768,-1,0,32767,230,-147
14354,0,-32768,-1,0,-32767,-231,-147
14355,0,65535,-1,0,65534,460,-147
14356,0,-65536,-1,0,-65535,-462,-147
14357,0,0,32768,0,-230,32767,-147
14358,0,1,32768,0,-229,32767,-147
14359,0,-1,32768,0,-231,32767,-147
14360,0,32768,32768,0,32537,32998,-147
14361,0,-32768,32768,0,-32998,32537,-147
14362,0,65535,32768,0,65303,33228,-147
14363,0,-65536,32768,0,-65536,32307,-147
14364,0,0,-32768,0,230,-32767,-147
14365,0,1,-32768,0,231,-32767,-147
14366,0,-1,-32768,0,229,-32767,-147
14367,0,32768,-32768,0,32998,-32537,-147
14368,0,-32768,-32768,0,-32537,-32998,-147
14369,0,65535,-32768,0,65535,-32306,-147
14370,0,-65536,-32768,0,-65304,-33228,-147
14371,0,0,65535,0,-461,65534,-147
14372,0,1,65535,0,-460,65534,-147
14373,0,-1,65535,0,-462,65534,-147
14374,0,32768,65535,0,32307,65535,-147
14375,0,-32768,65535,0,-33228,65303,-147
14376,0,65535,65535,0,65073,65535,-147
14377,0,-65536,65535,0,-65536,65073,-147
14378,0,0,-65536,0,461,-65535,-147
14379,0,1,-65536,0,462,-65535,-147
14380,0,-1,-65536,0,460,-65535,-147
14381,0,32768,-65536,0,33228,-65304,-147
14382,0,-32768,-65536,0,-32306,-65536,-147
14383,0,65535,-65536,0,65535,-65074,-147
14384,0,-65536,-65536,0,-65074,-65536,-147
14385,0,0,0,1,0,0,-146
14386,0,1,0,1,1,0,-146
14387,0,-1,0,1,-1,0,-146
14388,0,32768,0,1,32767,230,-146
14389,0,-32768,0,1,-32767,-230,-146
14390,0,65535,0,1,65534,461,-146
14391,0,-65536,0,1,-65535,-461,-146
14392,0,0,1,1,0,1,-146
14393,0,1,1,1,1,1,-146
14394,0,-1,1,1,-1,1,-146
14395,0,32768,1,1,32767,232,-146
14396,0,-32768,1,1,-32767,-229,-146
14397,0,65535,1,1,65534,462,-146
14398,0,-65536,1,1,-65535,-460,-146
14399,0,0,-1,1,0,-1,-146
14400,0,1,-1,1,1,-1,-146
14401,0,-1,-1,1,-1,-1,-146
14402,0,32768,-1,1,32767,230,-146
14403,0,-32768,-1,1,-32767,-231,-146
14404,0,65535,-1,1,65534,460,-146
14405,0,-65536,-1,1,-65535,-462,-146
14406,0,0,32768,1,-230,32767,-146
14407,0,1,32768,1,-229,32767,-146
14408,0,-1,32768,1,-231,32767,-146
14409,0,32768,32768,1,32537,32998,-146
14410,0,-32768,32768,1,-32998,32537,-146
14411,0,65535,32768,1,65303,33228,-146
14412,0,-65536,32768,1,-65536,32307,-146
14413,0,0,-32768,1,230,-32767,-146
14414,0,1,-32768,1,231,-32767,-146
14415,0,-1,-32768,1,229,-32767,-146
14416,0,32768,-32768,1,32998,-32537,-146
14417,0,-32768,-32768,1,-32537,-32998,-146
14418,0,65535,-32768,1,65535,-32306,-146
14419,0,-65536,-32768,1,-65304,-33228,-146
14420,0,0,65535,1,-461,65534,-146
14421,0,1,65535,1,-460,65534,-146
14422,0,-1,65535,1,-462,65534,-146
14423,0,32768,65535,1,32307,65535,-146
14424,0,-32768,65535,1,-33228,65303,-146
14425,0,65535,65535,1,65073,65535,-146
14426,0,-65536,65535,1,-65536,65073,-146
14427,0,0,-65536,1,461,-65535,-146
14428,0,1,-65536,1,462,-65535,-146
14429,0,-1,-65536,1,460,-65535,-146
14430,0,32768,-65536,1,33228,-65304,-146
14431,0,-32768,-65536,1,-32306,-65536,-146
14432,0,65535,-65536,1,65535,-65074,-146
14433,0,-65536,-65536,1,-65074,-65536,-146
14434,0,0,0,-1,0,0,146
14435,0,1,0,-1,1,0,146
14436,0,-1,0,-1,-1,0,146
14437,0,32768,0,-1,32767,-230,146
14438,0,-32768,0,-1,-32767,230,146
14439,0,65535,0,-1,65534,-461,146
14440,0,-65536,0,-1,-65535,461,146
14441,0,0,1,-1,0,1,146
14442,0,1,1,-1,1,1,146
14443,0,-1,1,-1,-1,1,146
14444,0,32768,1,-1,32767,-229,146
14445,0,-32768,1,-1,-32767,231,146
14446,0,65535,1,-1,65534,-460,146
14447,0,-65536,1,-1,-65535,462,146
14448,0,0,-1,-1,0,-1,146
14449,0,1,-1,-1,1,-1,146
14450,0,-1,-1,-1,-1,-1,146
14451,0,32768,-1,-1,32767,-231,146
14452,0,-32768,-1,-1,-32767,229,146
14453,0,65535,-1,-1,65534,-462,146
14454,0,-65536,-1,-1,-65535,460,146
14455,0,0,32768,-1,230,32767,146
14456,0,1,32768,-1,232,32767,146
14457,0,-1,32768,-1,230,32767,146
14458,0,32768,32768,-1,32998,32537,146
14459,0,-32768,32768,-1,-32537,32998,146
14460,0,65535,32768,-1,65535,32307,146
14461,0,-65536,32768,-1,-65304,33228,146
14462,0,0,-32768,-1,-230,-32767,146
14463,0,1,-32768,-1,-229,-32767,146
14464,0,-1,-32768,-1,-231,-32767,146
14465,0,32768,-32768,-1,32537,-32998,146
14466,0,-32768,-32768,-1,-32998,-32537,146
14467,0,65535,-32768,-1,65303,-33228,146
14468,0,-65536,-32768,-1,-65536,-32306,146
14469,0,0,65535,-1,461,65534,146
14470,0,1,65535,-1,462,65534,146
14471,0,-1,65535,-1,460,65534,146
14472,0,32768,65535,-1,33228,65303,146
14473,0,-32768,65535,-1,-32306,65535,146
14474,0,65535,65535,-1,65535,65073,146
14475,0,-65536,65535,-1,-65074,65535,146
14476,0,0,-65536,-1,-461,-65535,146
14477,0,1,-65536,-1,-460,-65535,146
14478,0,-1,-65536,-1,-462,-65535,146
14479,0,32768,-65536,-1,32307,-65536,146
14480,0,-32768,-65536,-1,-33228,-65304,146
14481,0,65535,-65536,-1,65073,-65536,146
14482,0,-65536,-65536,-1,-65536,-65074,146
14483,0,0,0,32768,0,0,-147
14484,0,1,0,32768,0,1,-147
14485,0,-1,0,32768,0,-1,-147
14486,0,32768,0,32768,-230,32767,-147
14487,0,-32768,0,32768,230,-32767,-147
14488,0,65535,0,32768,-461,65534,-147
14489,0,-65536,0,32768,461,-65535,-147
14490,0,0,1,32768,-1,0,-147
14491,0,1,1,32768,-1,1,-147
14492,0,-1,1,32768,-1,-1,-147
14493,0,32768,1,32768,-231,32767,-147
14494,0,-32768,1,32768,229,-32767,-147
14495,0,65535,1,32768,-462,65534,-147
14496,0,-65536,1,32768,460,-65535,-147
14497,0,0,-1,32768,1,0,-147
14498,0,1,-1,32768,1,1,-147
14499,0,-1,-1,32768,1,-1,-147
14500,0,32768,-1,32768,-229,32767,-147
14501,0,-32768,-1,32768,231,-32767,-147
14502,0,65535,-1,32768,-460,65534,-147
14503,0,-65536,-1,32768,462,-65535,-147
14504,0,0,32768,32768,-32767,-230,-147
14505,0,1,32768,32768,-32767,-229,-147
14506,0,-1,32768,32768,-32767,-231,-147
14507,0,32768,32768,32768,-32998,32537,-147
14508,0,-32768,32768,32768,-32537,-32998,-147
14509,0,65535,32768,32768,-33228,65303,-147
14510,0,-65536,32768,32768,-32306,-65536,-147
14511,0,0,-32768,32768,32767,230,-147
14512,0,1,-32768,32768,32767,232,-147
14513,0,-1,-32768,32768,32767,230,-147
14514,0,32768,-32768,32768,32537,32998,-147
14515,0,-32768,-32768,32768,32998,-32537,-147
14516,0,65535,-32768,32768,32307,65535,-147
14517,0,-65536,-32768,32768,33228,-65304,-147
14518,0,0,65535,32768,-65534,-461,-147
14519,0,1,65535,32768,-65534,-460,-147
14520,0,-1,65535,32768,-65534,-462,-147
14521,0,32768,65535,32768,-65536,32307,-147
14522,0,-32768,65535,32768,-65303,-33228,-147
14523,0,65535,65535,32768,-65536,65073,-147
14524,0,-65536,65535,32768,-65073,-65536,-147
14525,0,0,-65536,32768,65535,461,-147
14526,0,1,-65536,32768,65535,462,-147
14527,0,-1,-65536,32768,65535,460,-147
14528,0,32768,-65536,32768,65304,33228,-147
14529,0,-32768,-65536,32768,65535,-32306,-147
14530,0,65535,-65536,32768,65074,65535,-147
14531,0,-65536,-65536,32768,65535,-65074,-147
14532,0,0,0,32767,0,0,146
14533,0,1,0,32767,0,1,146
14534,0,-1,0,32767,0,-1,146
14535,0,32768,0,32767,230,32767,146
14536,0,-32768,0,32767,-230,-32767,146
14537,0,65535,0,32767,461,65534,146
14538,0,-65536,0,32767,-461,-65535,146
14539,0,0,1,32767,-1,0,146
14540,0,1,1,32767,-1,1,146
14541,0,-1,1,32767,-1,-1,146
14542,0,32768,1,32767,230,32767,146
14543,0,-32768,1,32767,-231,-32767,146
14544,0,65535,1,32767,460,65534,146
14545,0,-65536,1,32767,-462,-65535,146
14546,0,0,-1,32767,1,0,146
14547,0,1,-1,32767,1,1,146
14548,0,-1,-1,32767,1,-1,146
14549,0,32768,-1,32767,232,32767,146
14550,0,-32768,-1,32767,-229,-32767,146
14551,0,65535,-1,32767,462,65534,146
14552,0,-65536,-1,32767,-460,-65535,146
14553,0,0,32768,32767,-32767,230,146
14554,0,1,32768,32767,-32767,231,146
14555,0,-1,32768,32767,-32767,229,146
14556,0,32768,32768,32767,-32537,32998,146
14557,0,-32768,32768,32767,-32998,-32537,146
14558,0,65535,32768,32767,-32306,65535,146
14559,0,-65536,32768,32767,-33228,-65304,146
14560,0,0,-32768,32767,32767,-230,146
14561,0,1,-32768,32767,32767,-229,146
14562,0,-1,-32768,32767,32767,-231,146
14563,0,32768,-32768,32767,32998,32537,146
14564,0,-32768,-32768,32767,32537,-32998,146
14565,0,65535,-32768,32767,33228,65303,146
14566,0,-65536,-32768,32767,32307,-65536,146
14567,0,0,65535,32767,-65533,461,146
14568,0,1,65535,32767,-65534,462,146
14569,0,-1,65535,32767,-65534,460,146
14570,0,32768,65535,32767,-65303,33228,146
14571,0,-32768,65535,32767,-65536,-32306,146
14572,0,65535,65535,32767,-65073,65535,146
14573,0,-65536,65535,32767,-65536,-65074,146
14574,0,0,-65536,32767,65535,-461,146
14575,0,1,-65536,32767,65535,-460,146
14576,0,-1,-65536,32767,65535,-462,146
14577,0,32768,-65536,32767,65535,32307,146
14578,0,-32768,-65536,32767,65304,-33228,146
14579,0,65535,-65536,32767,65535,65073,146
14580,0,-65536,-65536,32767,65074,-65536,146
14581,0,0,0,32769,0,0,-146
14582,0,1,0,32769,0,1,-146
14583,0,-1,0,32769,0,-1,-146
14584,0,32768,0,32769,-230,32767,-146
14585,0,-32768,0,32769,230,-32767,-146
14586,0,65535,0,32769,-461,65534,-146
14587,0,-65536,0,32769,461,-65535,-146
14588,0,0,1,32769,-1,0,-146
14589,0,1,1,32769,-1,1,-146
14590,0,-1,1,32769,-1,-1,-146
14591,0,32768,1,32769,-231,32767,-146
14592,0,-32768,1,32769,229,-32767,-146
14593,0,65535,1,32769,-462,65534,-146
14594,0,-65536,1,32769,460,-65535,-146
14595,0,0,-1,32769,1,0,-146
14596,0,1,-1,32769,1,1,-146
14597,0,-1,-1,32769,1,-1,-146
14598,0,32768,-1,32769,-229,32767,-146
14599,0,-32768,-1,32769,231,-32767,-146
14600,0,65535,-1,32769,-460,65534,-146
14601,0,-65536,-1,32769,462,-65535,-146
14602,0,0,32768,32769,-32767,-230,-146
14603,0,1,32768,32769,-32767,-229,-146
14604,0,-1,32768,32769,-32767,-231,-146
14605,0,32768,32768,32769,-32998,32537,-146
14606,0,-32768,32768,32769,-32537,-32998,-146
14607,0,65535,32768,32769,-33228,65303,-146
14608,0,-65536,32768,32769,-32306,-65536,-146
14609,0,0,-32768,32769,32767,230,-146
14610,0,1,-32768,32769,32767,232,-146
14611,0,-1,-32768,32769,32767,230,-146
14612,0,32768,-32768,32769,32537,32998,-146
14613,0,-32768,-32768,32769,32998,-32537,-146
14614,0,65535,-32768,32769,32307,65535,-146
14615,0,-65536,-32768,32769,33228,-65304,-146
14616,0,0,65535,32769,-65534,-461,-146
14617,0,1,65535,32769,-65534,-460,-146
14618,0,-1,65535,32769,-65534,-462,-146
14619,0,32768,65535,32769,-65536,32307,-146
14620,0,-32768,65535,32769,-65303,-33228,-146
14621,0,65535,65535,32769,-65536,65073,-146
14622,0,-65536,65535,32769,-65073,-65536,-146
14623,0,0,-65536,32769,65535,461,-146
14624,0,1,-65536,32769,65535,462,-146
14625,0,-1,-65536,32769,65535,460,-146
14626,0,32768,-65536,32769,65304,33228,-146
14627,0,-32768,-65536,32769,65535,-32306,-146
14628,0,65535,-65536,32769,65074,65535,-146
14629,0,-65536,-65536,32769,65535,-65074,-146
14630,0,0,0,-32768,0,0,-147
14631,0,1,0,-32768,0,-1,-147
14632,0,-1,0,-32768,0,1,-147
14633,0,32768,0,-32768,230,-32767,-147
14634,0,-32768,0,-32768,-230,32767,-147
14635,0,65535,0,-32768,461,-65533,-147
14636,0,-65536,0,-32768,-461,65535,-147
14637,0,0,1,-32768,1,0,-147
14638,0,1,1,-32768,1,-1,-147
14639,0,-1,1,-32768,1,1,-147
14640,0,32768,1,-32768,231,-32767,-147
14641,0,-32768,1,-32768,-229,32767,-147
14642,0,65535,1,-32768,462,-65534,-147
14643,0,-65536,1,-32768,-460,65535,-147
14644,0,0,-1,-32768,-1,0,-147
14645,0,1,-1,-32768,-1,-1,-147
14646,0,-1,-1,-32768,-1,1,-147
14647,0,32768,-1,-32768,229,-32767,-147
14648,0,-32768,-1,-32768,-231,32767,-147
14649,0,65535,-1,-32768,460,-65534,-147
14650,0,-65536,-1,-32768,-462,65535,-147
14651,0,0,32768,-32768,32767,230,-147
14652,0,1,32768,-32768,32767,230,-147
14653,0,-1,32768,-32768,32767,232,-147
14654,0,32768,32768,-32768,32998,-32537,-147
14655,0,-32768,32768,-32768,32537,32998,-147
14656,0,65535,32768,-32768,33228,-65303,-147
14657,0,-65536,32768,-32768,32307,65535,-147
14658,0,0,-32768,-32768,-32767,-230,-147
14659,0,1,-32768,-32768,-32767,-231,-147
14660,0,-1,-32768,-32768,-32767,-229,-147
14661,0,32768,-32768,-32768,-32537,-32998,-147
14662,0,-32768,-32768,-32768,-32998,32537,-147
14663,0,65535,-32768,-32768,-32306,-65536,-147
14664,0,-65536,-32768,-32768,-33228,65304,-147
14665,0,0,65535,-32768,65534,461,-147
14666,0,1,65535,-32768,65534,460,-147
14667,0,-1,65535,-32768,65534,462,-147
14668,0,32768,65535,-32768,65535,-32306,-147
14669,0,-32768,65535,-32768,65303,33228,-147
14670,0,65535,65535,-32768,65535,-65073,-147
14671,0,-65536,65535,-32768,65073,65535,-147
14672,0,0,-65536,-32768,-65535,-461,-147
14673,0,1,-65536,-32768,-65535,-462,-147
14674,0,-1,-65536,-32768,-65535,-460,-147
14675,0,32768,-65536,-32768,-65304,-33228,-147
14676,0,-32768,-65536,-32768,-65536,32307,-147
14677,0,65535,-65536,-32768,-65074,-65536,-147
14678,0,-65536,-65536,-32768,-65536,65074,-147
14679,0,0,0,-32769,0,0,146
14680,0,1,0,-32769,0,-1,146
14681,0,-1,0,-32769,0,1,146
14682,0,32768,0,-32769,-230,-32767,146
14683,0,-32768,0,-32769,230,32767,146
14684,0,65535,0,-32769,-461,-65534,146
14685,0,-65536,0,-32769,461,65535,146
14686,0,0,1,-32769,1,0,146
14687,0,1,1,-32769,1,-1,146
14688,0,-1,1,-32769,1,1,146
14689,0,32768,1,-32769,-229,-32767,146
14690,0,-32768,1,-32769,232,32767,146
14691,0,65535,1,-32769,-460,-65534,146
14692,0,-65536,1,-32769,462,65535,146
14693,0,0,-1,-32769,-1,0,146
14694,0,1,-1,-32769,-1,-1,146
14695,0,-1,-1,-32769,-1,1,146
14696,0,32768,-1,-32769,-231,-32767,146
14697,0,-32768,-1,-32769,230,32767,146
14698,0,65535,-1,-32769,-462,-65534,146
14699,0,-65536,-1,-32769,460,65535,146
14700,0,0,32768,-32769,32767,-230,146
14701,0,1,32768,-32769,32767,-231,146
14702,0,-1,32768,-32769,32767,-229,146
14703,0,32768,32768,-32769,32537,-32998,146
14704,0,-32768,32768,-32769,32998,32537,146
14705,0,65535,32768,-32769,32307,-65536,146
14706,0,-65536,32768,-32769,33228,65304,146
14707,0,0,-32768,-32769,-32767,230,146
14708,0,1,-32768,-32769,-32767,229,146
14709,0,-1,-32768,-32769,-32767,231,146
14710,0,32768,-32768,-32769,-32998,-32537,146
14711,0,-32768,-32768,-32769,-32537,32998,146
14712,0,65535,-32768,-32769,-33228,-65303,146
14713,0,-65536,-32768,-32769,-32306,65535,146
14714,0,0,65535,-32769,65534,-461,146
14715,0,1,65535,-32769,65534,-462,146
14716,0,-1,65535,-32769,65534,-460,146
14717,0,32768,65535,-32769,65303,-33228,146
14718,0,-32768,65535,-32769,65535,32307,146
14719,0,65535,65535,-32769,65073,-65536,146
14720,0,-65536,65535,-32769,65535,65074,146
14721,0,0,-65536,-32769,-65535,461,146
14722,0,1,-65536,-32769,-65535,460,146
14723,0,-1,-65536,-32769,-65535,462,146
14724,0,32768,-65536,-32769,-65536,-32306,146
14725,0,-32768,-65536,-32769,-65304,33228,146
14726,0,65535,-65536,-32769,-65536,-65073,146
14727,0,-65536,-65536,-32769,-65074,65535,146
14728,0,0,0,-32767,0,0,-146
14729,0,1,0,-32767,0,-1,-146
14730,0,-1,0,-32767,0,1,-146
14731,0,32768,0,-32767,230,-32767,-146
14732,0,-32768,0,-32767,-230,32767,-146
14733,0,65535,0,-32767,461,-65533,-146
14734,0,-65536,0,-32767,-461,65535,-146
14735,0,0,1,-32767,1,0,-146
14736,0,1,1,-32767,1,-1,-146
14737,0,-1,1,-32767,1,1,-146
14738,0,32768,1,-32767,231,-32767,-146
14739,0,-32768,1,-32767,-229,32767,-146
14740,0,65535,1,-32767,462,-65534,-146
14741,0,-65536,1,-32767,-460,65535,-146
14742,0,0,-1,-32767,-1,0,-146
14743,0,1,-1,-32767,-1,-1,-146
14744,0,-1,-1,-32767,-1,1,-146
14745,0,32768,-1,-32767,229,-32767,-146
14746,0,-32768,-1,-32767,-231,32767,-146
14747,0,65535,-1,-32767,460,-65534,-146
14748,0,-65536,-1,-32767,-462,65535,-146
14749,0,0,32768,-32767,32767,230,-146
14750,0,1,32768,-32767,32767,230,-146
14751,0,-1,32768,-32767,32767,232,-146
14752,0,32768,32768,-32767,32998,-32537,-146
14753,0,-32768,32768,-32767,32537,32998,-146
14754,0,65535,32768,-32767,33228,-65303,-146
14755,0,-65536,32768,-32767,32307,65535,-146
14756,0,0,-32768,-32767,-32767,-230,-146
14757,0,1,-32768,-32767,-32767,-231,-146
14758,0,-1,-32768,-32767,-32767,-229,-146
14759,0,32768,-32768,-32767,-32537,-32998,-146
14760,0,-32768,-32768,-32767,-32998,32537,-146
14761,0,65535,-32768,-32767,-32306,-65536,-146
14762,0,-65536,-32768,-32767,-33228,65304,-146
14763,0,0,65535,-32767,65534,461,-146
14764,0,1,65535,-32767,65534,460,-146
14765,0,-1,65535,-32767,65534,462,-146
14766,0,32768,65535,-32767,65535,-32306,-146
14767,0,-32768,65535,-32767,65303,33228,-146
14768,0,65535,65535,-32767,65535,-65073,-146
14769,0,-65536,65535,-32767,65073,65535,-146
14770,0,0,-65536,-32767,-65535,-461,-146
14771,0,1,-65536,-32767,-65535,-462,-146
14772,0,-1,-65536,-32767,-65535,-460,-146
14773,0,32768,-65536,-32767,-65304,-33228,-146
14774,0,-32768,-65536,-32767,-65536,32307,-146
14775,0,65535,-65536,-32767,-65074,-65536,-146
14776,0,-65536,-65536,-32767,-65536,65074,-146
14777,0,0,0,65535,0,0,146
14778,0,1,0,65535,-1,0,146
14779,0,-1,0,65535,1,0,146
14780,0,32768,0,65535,-32767,230,146
14781,0,-32768,0,65535,32767,-230,146
14782,0,65535,0,65535,-65533,461,146
14783,0,-65536,0,65535,65535,-461,146
14784,0,0,1,65535,0,-1,146
14785,0,1,1,65535,-1,-1,146
14786,0,-1,1,65535,1,-1,146
14787,0,32768,1,65535,-32767,229,146
14788,0,-32768,1,65535,32767,-231,146
14789,0,65535,1,65535,-65534,460,146
14790,0,-65536,1,65535,65535,-462,146
14791,0,0,-1,65535,0,1,146
14792,0,1,-1,65535,-1,1,146
14793,0,-1,-1,65535,1,1,146
14794,0,32768,-1,65535,-32767,231,146
14795,0,-32768,-1,65535,32767,-229,146
14796,0,65535,-1,65535,-65534,462,146
14797,0,-65536,-1,65535,65535,-460,146
14798,0,0,32768,65535,-230,-32767,146
14799,0,1,32768,65535,-231,-32767,146
14800,0,-1,32768,65535,-229,-32767,146
14801,0,32768,32768,65535,-32998,-32537,146
14802,0,-32768,32768,65535,32537,-32998,146
14803,0,65535,32768,65535,-65536,-32306,146
14804,0,-65536,32768,65535,65304,-33228,146
14805,0,0,-32768,65535,230,32767,146
14806,0,1,-32768,65535,230,32767,146
14807,0,-1,-32768,65535,232,32767,146
14808,0,32768,-32768,65535,-32537,32998,146
14809,0,-32768,-32768,65535,32998,32537,146
14810,0,65535,-32768,65535,-65303,33228,146
14811,0,-65536,-32768,65535,65535,32307,146
14812,0,0,65535,65535,-461,-65534,146
14813,0,1,65535,65535,-462,-65534,146
14814,0,-1,65535,65535,-460,-65534,146
14815,0,32768,65535,65535,-33228,-65303,146
14816,0,-32768,65535,65535,32307,-65536,146
14817,0,65535,65535,65535,-65536,-65073,146
14818,0,-65536,65535,65535,65074,-65536,146
14819,0,0,-65536,65535,461,65535,146
14820,0,1,-65536,65535,460,65535,146
14821,0,-1,-65536,65535,462,65535,146
14822,0,32768,-65536,65535,-32306,65535,146
14823,0,-32768,-65536,65535,33228,65304,146
14824,0,65535,-65536,65535,-65073,65535,146
14825,0,-65536,-65536,65535,65535,65074,146
14826,0,0,0,-65536,0,0,-147
14827,0,1,0,-65536,-1,0,-147
14828,0,-1,0,-65536,1,0,-147
14829,0,32768,0,-65536,-32767,-230,-147
14830,0,-32768,0,-65536,32767,230,-147
14831,0,65535,0,-65536,-65534,-461,-147
14832,0,-65536,0,-65536,65535,461,-147
14833,0,0,1,-65536,0,-1,-147
14834,0,1,1,-65536,-1,-1,-147
14835,0,-1,1,-65536,1,-1,-147
14836,0,32768,1,-65536,-32767,-231,-147
14837,0,-32768,1,-65536,32767,230,-147
14838,0,65535,1,-65536,-65534,-462,-147
14839,0,-65536,1,-65536,65535,460,-147
14840,0,0,-1,-65536,0,1,-147
14841,0,1,-1,-65536,-1,1,-147
14842,0,-1,-1,-65536,1,1,-147
14843,0,32768,-1,-65536,-32767,-229,-147
14844,0,-32768,-1,-65536,32767,232,-147
14845,0,65535,-1,-65536,-65534,-460,-147
14846,0,-65536,-1,-65536,65535,462,-147
14847,0,0,32768,-65536,230,-32767,-147
14848,0,1,32768,-65536,229,-32767,-147
14849,0,-1,32768,-65536,231,-32767,-147
14850,0,32768,32768,-65536,-32537,-32998,-147
14851,0,-32768,32768,-65536,32998,-32537,-147
14852,0,65535,32768,-65536,-65303,-33228,-147
14853,0,-65536,32768,-65536,65535,-32306,-147
14854,0,0,-32768,-65536,-230,32767,-147
14855,0,1,-32768,-65536,-231,32767,-147
14856,0,-1,-32768,-65536,-229,32767,-147
14857,0,32768,-32768,-65536,-32998,32537,-147
14858,0,-32768,-32768,-65536,32537,32998,-147
14859,0,65535,-32768,-65536,-65536,32307,-147
14860,0,-65536,-32768,-65536,65304,33228,-147
14861,0,0,65535,-65536,461,-65533,-147
14862,0,1,65535,-65536,460,-65534,-147
14863,0,-1,65535,-65536,462,-65534,-147
14864,0,32768,65535,-65536,-32306,-65536,-147
14865,0,-32768,65535,-65536,33228,-65303,-147
14866,0,65535,65535,-65536,-65073,-65536,-147
14867,0,-65536,65535,-65536,65535,-65073,-147
14868,0,0,-65536,-65536,-461,65535,-147
14869,0,1,-65536,-65536,-462,65535,-147
14870,0,-1,-65536,-65536,-460,65535,-147
14871,0,32768,-65536,-65536,-33228,65304,-147
14872,0,-32768,-65536,-65536,32307,65535,-147
14873,0,65535,-65536,-65536,-65536,65074,-147
14874,0,-65536,-65536,-65536,65074,65535,-147
14875,0,0,0,36366,0,0,-110
14876,0,1,0,36366,0,1,-110
14877,0,-1,0,36366,0,-1,-110
14878,0,32768,0,36366,-5794,32252,-110
14879,0,-32768,0,36366,5794,-32252,-110
14880,0,65535,0,36366,-11588,64503,-110
14881,0,-65536,0,36366,11588,-64504,-110
14882,0,0,1,36366,-1,0,-110
14883,0,1,1,36366,-1,1,-110
14884,0,-1,1,36366,-1,-1,-110
14885,0,32768,1,36366,-5795,32252,-110
14886,0,-32768,1,36366,5793,-32252,-110
14887,0,65535,1,36366,-11589,64502,-110
14888,0,-65536,1,36366,11587,-64504,-110
14889,0,0,-1,36366,1,0,-110
14890,0,1,-1,36366,1,1,-110
14891,0,-1,-1,36366,1,-1,-110
14892,0,32768,-1,36366,-5793,32252,-110
14893,0,-32768,-1,36366,5795,-32251,-110
14894,0,65535,-1,36366,-11587,64503,-110
14895,0,-65536,-1,36366,11589,-64503,-110
14896,0,0,32768,36366,-32252,-5794,-110
14897,0,1,32768,36366,-32252,-5793,-110
14898,0,-1,32768,36366,-32252,-5795,-110
14899,0,32768,32768,36366,-38046,26457,-110
14900,0,-32768,32768,36366,-26457,-38046,-110
14901,0,65535,32768,36366,-43840,58709,-110
14902,0,-65536,32768,36366,-20663,-65536,-110
14903,0,0,-32768,36366,32252,5794,-110
14904,0,1,-32768,36366,32252,5795,-110
14905,0,-1,-32768,36366,32252,5793,-110
14906,0,32768,-32768,36366,26458,38046,-110
14907,0,-32768,-32768,36366,38046,-26457,-110
14908,0,65535,-32768,36366,20663,65535,-110
14909,0,-65536,-32768,36366,43840,-58709,-110
14910,0,0,65535,36366,-64503,-11588,-110
14911,0,1,65535,36366,-64503,-11587,-110
14912,0,-1,65535,36366,-64502,-11589,-110
14913,0,32768,65535,36366,-65536,20664,-110
14914,0,-32768,65535,36366,-58708,-43840,-110
14915,0,65535,65535,36366,-65536,52915,-110
14916,0,-65536,65535,36366,-52914,-65536,-110
14917,0,0,-65536,36366,64504,11588,-110
14918,0,1,-65536,36366,64503,11590,-110
14919,0,-1,-65536,36366,64504,11587,-110
14920,0,32768,-65536,36366,58709,43840,-110
14921,0,-32768,-65536,36366,65535,-20663,-110
14922,0,65535,-65536,36366,52916,65535,-110
14923,0,-65536,-65536,36366,65535,-52915,-110
14924,0,0,0,-36366,0,0,110
14925,0,1,0,-36366,0,-1,110
14926,0,-1,0,-36366,0,1,110
14927,0,32768,0,-36366,-5794,-32252,110
14928,0,-32768,0,-36366,5794,32252,110
14929,0,65535,0,-36366,-11588,-64503,110
14930,0,-65536,0,-36366,11588,64504,110
14931,0,0,1,-36366,1,0,110
14932,0,1,1,-36366,1,-1,110
14933,0,-1,1,-36366,1,1,110
14934,0,32768,1,-36366,-5793,-32252,110
14935,0,-32768,1,-36366,5795,32252,110
14936,0,65535,1,-36366,-11587,-64503,110
14937,0,-65536,1,-36366,11590,64503,110
14938,0,0,-1,-36366,-1,0,110
14939,0,1,-1,-36366,-1,-1,110
14940,0,-1,-1,-36366,-1,1,110
14941,0,32768,-1,-36366,-5795,-32252,110
14942,0,-32768,-1,-36366,5793,32252,110
14943,0,65535,-1,-36366,-11589,-64502,110
14944,0,-65536,-1,-36366,11587,64504,110
14945,0,0,32768,-36366,32252,-5794,110
14946,0,1,32768,-36366,32252,-5795,110
14947,0,-1,32768,-36366,32252,-5793,110
14948,0,32768,32768,-36366,26457,-38046,110
14949,0,-32768,32768,-36366,38046,26458,110
14950,0,65535,32768,-36366,20664,-65536,110
14951,0,-65536,32768,-36366,43840,58709,110
14952,0,0,-32768,-36366,-32252,5794,110
14953,0,1,-32768,-36366,-32252,5793,110
14954,0,-1,-32768,-36366,-32251,5795,110
14955,0,32768,-32768,-36366,-38046,-26457,110
14956,0,-32768,-32768,-36366,-26457,38046,110
14957,0,65535,-32768,-36366,-43840,-58708,110
14958,0,-65536,-32768,-36366,-20663,65535,110
14959,0,0,65535,-36366,64503,-11588,110
14960,0,1,65535,-36366,64502,-11589,110
14961,0,-1,65535,-36366,64503,-11587,110
14962,0,32768,65535,-36366,58709,-43840,110
14963,0,-32768,65535,-36366,65535,20663,110
14964,0,65535,65535,-36366,52915,-65536,110
14965,0,-65536,65535,-36366,65535,52916,110
14966,0,0,-65536,-36366,-64504,11588,110
14967,0,1,-65536,-36366,-64504,11587,110
14968,0,-1,-65536,-36366,-64503,11589,110
14969,0,32768,-65536,-36366,-65536,-20663,110
14970,0,-32768,-65536,-36366,-58709,43840,110
14971,0,65535,-65536,-36366,-65536,-52914,110
14972,0,-65536,-65536,-36366,-52915,65535,110
14973,1,0,0,0,0,0,36203
14974,1,1,0,0,1,0,1450
14975,1,-1,0,0,1,0,-62101
14976,1,32768,0,0,32767,-230,147
14977,1,-32768,0,0,32767,230,65389
14978,1,65535,0,0,65534,-461,147
14979,1,-65536,0,0,65535,461,65389
14980,1,0,1,0,1,0,36203
14981,1,1,1,0,2,0,15909
14982,1,-1,1,0,2,0,48677
14983,1,32768,1,0,32767,-229,147
14984,1,-32768,1,0,32767,230,65389
14985,1,65535,1,0,65534,-460,147
14986,1,-65536,1,0,65535,460,65389
14987,1,0,-1,0,1,0,-31318
14988,1,1,-1,0,2,0,-16859
14989,1,-1,-1,0,2,0,-49627
14990,1,32768,-1,0,32767,230,-147
14991,1,-32768,-1,0,32767,-229,-65389
14992,1,65535,-1,0,65534,460,-147
14993,1,-65536,-1,0,65535,-460,-65389
14994,1,0,32768,0,32767,230,32621
14995,1,1,32768,0,32767,230,32621
14996,1,-1,32768,0,32767,-229,32915
14997,1,32768,32768,0,46340,332,16235
14998,1,-32768,32768,0,46340,332,49003
14999,1,65535,32768,0,65535,-153,9716
15000,1,-65536,32768,0,65535,153,55820
15001,1,0,-32768,0,32767,-230,-32621
15002,1,1,-32768,0,32767,-229,-32621
15003,1,-1,-32768,0,32767,230,-32915
15004,1,32768,-32768,0,46340,332,-16533
15005,1,-32768,-32768,0,46340,332,-49301
15006,1,65535,-32768,0,65535,153,-9716
15007,1,-65536,-32768,0,65535,-153,-55820
15008,1,0,65535,0,65534,461,32621
15009,1,1,65535,0,65534,460,32621
15010,1,-1,65535,0,65534,-460,32915
15011,1,32768,65535,0,65535,153,23052
15012,1,-32768,65535,0,65535,-153,42484
15013,1,65535,65535,0,65535,663,16235
15014,1,-65536,65535,0,65535,664,49003
15015,1,0,-65536,0,65535,-461,-32621
15016,1,1,-65536,0,65535,-460,-32621
15017,1,-1,-65536,0,65535,460,-32915
15018,1,32768,-65536,0,65535,-153,-23052
15019,1,-32768,-65536,0,65535,153,-42484
15020,1,65535,-65536,0,65535,-664,-16235
15021,1,-65536,-65536,0,65535,663,-49301
15022,1,0,0,1,0,0,36204
15023,1,1,0,1,1,0,1451
15024,1,-1,0,1,1,0,-62100
15025,1,32768,0,1,32767,-230,148
15026,1,-32768,0,1,32767,230,65390
15027,1,65535,0,1,65534,-461,148
15028,1,-65536,0,1,65535,461,65390
15029,1,0,1,1,1,0,36204
15030,1,1,1,1,2,0,15910
15031,1,-1,1,1,2,0,48678
15032,1,32768,1,1,32767,-229,148
15033,1,-32768,1,1,32767,230,65390
15034,1,65535,1,1,65534,-460,148
15035,1,-65536,1,1,65535,460,65390
15036,1,0,-1,1,1,0,-31317
15037,1,1,-1,1,2,0,-16858
15038,1,-1,-1,1,2,0,-49626
15039,1,32768,-1,1,32767,230,-146
15040,1,-32768,-1,1,32767,-229,-65388
15041,1,65535,-1,1,65534,460,-146
15042,1,-65536,-1,1,65535,-460,-65388
15043,1,0,32768,1,32767,230,32622
15044,1,1,32768,1,32767,230,32622
15045,1,-1,32768,1,32767,-229,32916
15046,1,32768,32768,1,46340,332,16236
15047,1,-32768,32768,1,46340,332,49004
15048,1,65535,32768,1,65535,-153,9717
15049,1,-65536,32768,1,65535,153,55821
15050,1,0,-32768,1,32767,-230,-32620
15051,1,1,-32768,1,32767,-229,-32620
15052,1,-1,-32768,1,32767,230,-32914
15053,1,32768,-32768,1,46340,332,-16532
15054,1,-32768,-32768,1,46340,332,-49300
15055,1,65535,-32768,1,65535,153,-9715
15056,1,-65536,-32768,1,65535,-153,-55819
15057,1,0,65535,1,65534,461,32622
15058,1,1,65535,1,65534,460,32622
15059,1,-1,65535,1,65534,-460,32916
15060,1,32768,65535,1,65535,153,23053
15061,1,-32768,65535,1,65535,-153,42485
15062,1,65535,65535,1,65535,663,16236
15063,1,-65536,65535,1,65535,664,49004
15064,1,0,-65536,1,65535,-461,-32620
15065,1,1,-65536,1,65535,-460,-32620
15066,1,-1,-65536,1,65535,460,-32914
15067,1,32768,-65536,1,65535,-153,-23051
15068,1,-32768,-65536,1,65535,153,-42483
15069,1,65535,-65536,1,65535,-664,-16234
15070,1,-65536,-65536,1,65535,663,-49300
15071,1,0,0,-1,0,0,36202
15072,1,1,0,-1,1,0,1449
15073,1,-1,0,-1,1,0,-62102
15074,1,32768,0,-1,32767,-230,146
15075,1,-32768,0,-1,32767,230,65388
15076,1,65535,0,-1,65534,-461,146
15077,1,-65536,0,-1,65535,461,65388
15078,1,0,1,-1,1,0,36202
15079,1,1,1,-1,2,0,15908
15080,1,-1,1,-1,2,0,48676
15081,1,32768,1,-1,32767,-229,146
15082,1,-32768,1,-1,32767,230,65388
15083,1,65535,1,-1,65534,-460,146
15084,1,-65536,1,-1,65535,460,65388
15085,1,0,-1,-1,1,0,-31319
15086,1,1,-1,-1,2,0,-16860
15087,1,-1,-1,-1,2,0,-49628
15088,1,32768,-1,-1,32767,230,-148
15089,1,-32768,-1,-1,32767,-229,-65390
15090,1,65535,-1,-1,65534,460,-148
15091,1,-65536,-1,-1,65535,-460,-65390
15092,1,0,32768,-1,32767,230,32620
15093,1,1,32768,-1,32767,230,32620
15094,1,-1,32768,-1,32767,-229,32914
15095,1,32768,32768,-1,46340,332,16234
15096,1,-32768,32768,-1,46340,332,49002
15097,1,65535,32768,-1,65535,-153,9715
15098,1,-65536,32768,-1,65535,153,55819
15099,1,0,-32768,-1,32767,-230,-32622
15100,1,1,-32768,-1,32767,-229,-32622
15101,1,-1,-32768,-1,32767,230,-32916
15102,1,32768,-32768,-1,46340,332,-16534
15103,1,-32768,-32768,-1,46340,332,-49302
15104,1,65535,-32768,-1,65535,153,-9717
15105,1,-65536,-32768,-1,65535,-153,-55821
15106,1,0,65535,-1,65534,461,32620
15107,1,1,65535,-1,65534,460,32620
15108,1,-1,65535,-1,65534,-460,32914
15109,1,32768,65535,-1,65535,153,23051
15110,1,-32768,65535,-1,65535,-153,42483
15111,1,65535,65535,-1,65535,663,16234
15112,1,-65536,65535,-1,65535,664,49002
15113,1,0,-65536,-1,65535,-461,-32622
15114,1,1,-65536,-1,65535,-460,-32622
15115,1,-1,-65536,-1,65535,460,-32916
15116,1,32768,-65536,-1,65535,-153,-23053
15117,1,-32768,-65536,-1,65535,153,-42485
15118,1,65535,-65536,-1,65535,-664,-16236
15119,1,-65536,-65536,-1,65535,663,-49302
15120,1,0,0,32768,0,0,-62101
15121,1,1,0,32768,1,0,34218
15122,1,-1,0,32768,1,0,-29333
15123,1,32768,0,32768,32767,-230,32915
15124,1,-32768,0,32768,32767,230,-32915
15125,1,65535,0,32768,65534,-461,32915
15126,1,-65536,0,32768,65535,461,-32915
15127,1,0,1,32768,1,0,-62101
15128,1,1,1,32768,2,0,48677
15129,1,-1,1,32768,2,0,-49627
15130,1,32768,1,32768,32767,-229,32915
15131,1,-32768,1,32768,32767,230,-32915
15132,1,65535,1,32768,65534,-460,32915
15133,1,-65536,1,32768,65535,460,-32915
15134,1,0,-1,32768,1,0,1450
15135,1,1,-1,32768,2,0,15909
15136,1,-1,-1,32768,2,0,-16859
15137,1,32768,-1,32768,32767,230,32621
15138,1,-32768,-1,32768,32767,-229,-32621
15139,1,65535,-1,32768,65534,460,32621
15140,1,-65536,-1,32768,65535,-460,-32621
15141,1,0,32768,32768,32767,230,65389
15142,1,1,32768,32768,32767,230,65389
15143,1,-1,32768,32768,32767,-229,-65389
15144,1,32768,32768,32768,46340,332,49003
15145,1,-32768,32768,32768,46340,332,-49301
15146,1,65535,32768,32768,65535,-153,42484
15147,1,-65536,32768,32768,65535,153,-42484
15148,1,0,-32768,32768,32767,-230,147
15149,1,1,-32768,32768,32767,-229,147
15150,1,-1,-32768,32768,32767,230,-147
15151,1,32768,-32768,32768,46340,332,16235
15152,1,-32768,-32768,32768,46340,332,-16533
15153,1,65535,-32768,32768,65535,153,23052
15154,1,-65536,-32768,32768,65535,-153,-23052
15155,1,0,65535,32768,65534,461,65389
15156,1,1,65535,32768,65534,460,65389
15157,1,-1,65535,32768,65534,-460,-65389
15158,1,32768,65535,32768,65535,153,55820
15159,1,-32768,65535,32768,65535,-153,-55820
15160,1,65535,65535,32768,65535,663,49003
15161,1,-65536,65535,32768,65535,664,-49301
15162,1,0,-65536,32768,65535,-461,147
15163,1,1,-65536,32768,65535,-460,147
15164,1,-1,-65536,32768,65535,460,-147
15165,1,32768,-65536,32768,65535,-153,9716
15166,1,-32768,-65536,32768,65535,153,-9716
15167,1,65535,-65536,32768,65535,-664,16533
15168,1,-65536,-65536,32768,65535,663,-16533
15169,1,0,0,32767,0,0,-62102
15170,1,1,0,32767,1,0,34217
15171,1,-1,0,32767,1,0,-29334
15172,1,32768,0,32767,32767,-230,32914
15173,1,-32768,0,32767,32767,230,-32916
15174,1,65535,0,32767,65534,-461,32914
15175,1,-65536,0,32767,65535,461,-32916
15176,1,0,1,32767,1,0,-62102
15177,1,1,1,32767,2,0,48676
15178,1,-1,1,32767,2,0,-49628
15179,1,32768,1,32767,32767,-229,32914
15180,1,-32768,1,32767,32767,230,-32916
15181,1,65535,1,32767,65534,-460,32914
15182,1,-65536,1,32767,65535,460,-32916
15183,1,0,-1,32767,1,0,1449
15184,1,1,-1,32767,2,0,15908
15185,1,-1,-1,32767,2,0,-16860
15186,1,32768,-1,32767,32767,230,32620
15187,1,-32768,-1,32767,32767,-229,-32622
15188,1,65535,-1,32767,65534,460,32620
15189,1,-65536,-1,32767,65535,-460,-32622
15190,1,0,32768,32767,32767,230,65388
15191,1,1,32768,32767,32767,230,65388
15192,1,-1,32768,32767,32767,-229,-65390
15193,1,32768,32768,32767,46340,332,49002
15194,1,-32768,32768,32767,46340,332,-49302
15195,1,65535,32768,32767,65535,-153,42483
15196,1,-65536,32768,32767,65535,153,-42485
15197,1,0,-32768,32767,32767,-230,146
15198,1,1,-32768,32767,32767,-229,146
15199,1,-1,-32768,32767,32767,230,-148
15200,1,32768,-32768,32767,46340,332,16234
15201,1,-32768,-32768,32767,46340,332,-16534
15202,1,65535,-32768,32767,65535,153,23051
15203,1,-65536,-32768,32767,65535,-153,-23053
15204,1,0,65535,32767,65534,461,65388
15205,1,1,65535,32767,65534,460,65388
15206,1,-1,65535,32767,65534,-460,-65390
15207,1,32768,65535,32767,65535,153,55819
15208,1,-32768,65535,32767,65535,-153,-55821
15209,1,65535,65535,32767,65535,663,49002
15210,1,-65536,65535,32767,65535,664,-49302
15211,1,0,-65536,32767,65535,-461,146
15212,1,1,-65536,32767,65535,-460,146
15213,1,-1,-65536,32767,65535,460,-148
15214,1,32768,-65536,32767,65535,-153,9715
15215,1,-32768,-65536,32767,65535,153,-9717
15216,1,65535,-65536,32767,65535,-664,16532
15217,1,-65536,-65536,32767,65535,663,-16534
15218,1,0,0,32769,0,0,-62100
15219,1,1,0,32769,1,0,34219
15220,1,-1,0,32769,1,0,-29332
15221,1,32768,0,32769,32767,-230,32916
15222,1,-32768,0,32769,32767,230,-32914
15223,1,65535,0,32769,65534,-461,32916
15224,1,-65536,0,32769,65535,461,-32914
15225,1,0,1,32769,1,0,-62100
15226,1,1,1,32769,2,0,48678
15227,1,-1,1,32769,2,0,-49626
15228,1,32768,1,32769,32767,-229,32916
15229,1,-32768,1,32769,32767,230,-32914
15230,1,65535,1,32769,65534,-460,32916
15231,1,-65536,1,32769,65535,460,-32914
15232,1,0,-1,32769,1,0,1451
15233,1,1,-1,32769,2,0,15910
15234,1,-1,-1,32769,2,0,-16858
15235,1,32768,-1,32769,32767,230,32622
15236,1,-32768,-1,32769,32767,-229,-32620
15237,1,65535,-1,32769,65534,460,32622
15238,1,-65536,-1,32769,65535,-460,-32620
15239,1,0,32768,32769,32767,230,65390
15240,1,1,32768,32769,32767,230,65390
15241,1,-1,32768,32769,32767,-229,-65388
15242,1,32768,32768,32769,46340,332,49004
15243,1,-32768,32768,32769,46340,332,-49300
15244,1,65535,32768,32769,65535,-153,42485
15245,1,-65536,32768,32769,65535,153,-42483
15246,1,0,-32768,32769,32767,-230,148
15247,1,1,-32768,32769,32767,-229,148
15248,1,-1,-32768,32769,32767,230,-146
15249,1,32768,-32768,32769,46340,332,16236
15250,1,-32768,-32768,32769,46340,332,-16532
15251,1,65535,-32768,32769,65535,153,23053
15252,1,-65536,-32768,32769,65535,-153,-23051
15253,1,0,65535,32769,65534,461,65390
15254,1,1,65535,32769,65534,460,65390
15255,1,-1,65535,32769,65534,-460,-65388
15256,1,32768,65535,32769,65535,153,55821
15257,1,-32768,65535,32769,65535,-153,-55819
15258,1,65535,65535,32769,65535,663,49004
15259,1,-65536,65535,32769,65535,664,-49300
15260,1,0,-65536,32769,65535,-461,148
15261,1,1,-65536,32769,65535,-460,148
15262,1,-1,-65536,32769,65535,460,-146
15263,1,32768,-65536,32769,65535,-153,9717
15264,1,-32768,-65536,32769,65535,153,-9715
15265,1,65535,-65536,32769,65535,-664,16534
15266,1,-65536,-65536,32769,65535,663,-16532
15267,1,0,0,-32768,0,0,3435
15268,1,1,0,-32768,1,0,-31318
15269,1,-1,0,-32768,1,0,36203
15270,1,32768,0,-32768,32767,-230,-32621
15271,1,-32768,0,-32768,32767,230,32621
15272,1,65535,0,-32768,65534,-461,-32621
15273,1,-65536,0,-32768,65535,461,32621
15274,1,0,1,-32768,1,0,3435
15275,1,1,1,-32768,2,0,-16859
15276,1,-1,1,-32768,2,0,15909
15277,1,32768,1,-32768,32767,-229,-32621
15278,1,-32768,1,-32768,32767,230,32621
15279,1,65535,1,-32768,65534,-460,-32621
15280,1,-65536,1,-32768,65535,460,32621
15281,1,0,-1,-32768,1,0,-64086
15282,1,1,-1,-32768,2,0,-49627
15283,1,-1,-1,-32768,2,0,48677
15284,1,32768,-1,-32768,32767,230,-32915
15285,1,-32768,-1,-32768,32767,-229,32915
15286,1,65535,-1,-32768,65534,460,-32915
15287,1,-65536,-1,-32768,65535,-460,32915
15288,1,0,32768,-32768,32767,230,-147
15289,1,1,32768,-32768,32767,230,-147
15290,1,-1,32768,-32768,32767,-229,147
15291,1,32768,32768,-32768,46340,332,-16533
15292,1,-32768,32768,-32768,46340,332,16235
15293,1,65535,32768,-32768,65535,-153,-23052
15294,1,-65536,32768,-32768,65535,153,23052
15295,1,0,-32768,-32768,32767,-230,-65389
15296,1,1,-32768,-32768,32767,-229,-65389
15297,1,-1,-32768,-32768,32767,230,65389
15298,1,32768,-32768,-32768,46340,332,-49301
15299,1,-32768,-32768,-32768,46340,332,49003
15300,1,65535,-32768,-32768,65535,153,-42484
15301,1,-65536,-32768,-32768,65535,-153,42484
15302,1,0,65535,-32768,65534,461,-147
15303,1,1,65535,-32768,65534,460,-147
15304,1,-1,65535,-32768,65534,-460,147
15305,1,32768,65535,-32768,65535,153,-9716
15306,1,-32768,65535,-32768,65535,-153,9716
15307,1,65535,65535,-32768,65535,663,-16533
15308,1,-65536,65535,-32768,65535,664,16235
15309,1,0,-65536,-32768,65535,-461,-65389
15310,1,1,-65536,-32768,65535,-460,-65389
15311,1,-1,-65536,-32768,65535,460,65389
15312,1,32768,-65536,-32768,65535,-153,-55820
15313,1,-32768,-65536,-32768,65535,153,55820
15314,1,65535,-65536,-32768,65535,-664,-49003
15315,1,-65536,-65536,-32768,65535,663,49003
15316,1,0,0,-32769,0,0,3434
15317,1,1,0,-32769,1,0,-31319
15318,1,-1,0,-32769,1,0,36202
15319,1,32768,0,-32769,32767,-230,-32622
15320,1,-32768,0,-32769,32767,230,32620
15321,1,65535,0,-32769,65534,-461,-32622
15322,1,-65536,0,-32769,65535,461,32620
15323,1,0,1,-32769,1,0,3434
15324,1,1,1,-32769,2,0,-16860
15325,1,-1,1,-32769,2,0,15908
15326,1,32768,1,-32769,32767,-229,-32622
15327,1,-32768,1,-32769,32767,230,32620
15328,1,65535,1,-32769,65534,-460,-32622
15329,1,-65536,1,-32769,65535,460,32620
15330,1,0,-1,-32769,1,0,-64087
15331,1,1,-1,-32769,2,0,-49628
15332,1,-1,-1,-32769,2,0,48676
15333,1,32768,-1,-32769,32767,230,-32916
15334,1,-32768,-1,-32769,32767,-229,32914
15335,1,65535,-1,-32769,65534,460,-32916
15336,1,-65536,-1,-32769,65535,-460,32914
15337,1,0,32768,-32769,32767,230,-148
15338,1,1,32768,-32769,32767,230,-148
15339,1,-1,32768,-32769,32767,-229,146
15340,1,32768,32768,-32769,46340,332,-16534
15341,1,-32768,32768,-32769,46340,332,16234
15342,1,65535,32768,-32769,65535,-153,-23053
15343,1,-65536,32768,-32769,65535,153,23051
15344,1,0,-32768,-32769,32767,-230,-65390
15345,1,1,-32768,-32769,32767,-229,-65390
15346,1,-1,-32768,-32769,32767,230,65388
15347,1,32768,-32768,-32769,46340,332,-49302
15348,1,-32768,-32768,-32769,46340,332,49002
15349,1,65535,-32768,-32769,65535,153,-42485
15350,1,-65536,-32768,-32769,65535,-153,42483
15351,1,0,65535,-32769,65534,461,-148
15352,1,1,65535,-32769,65534,460,-148
15353,1,-1,65535,-32769,65534,-460,146
15354,1,32768,65535,-32769,65535,153,-9717
15355,1,-32768,65535,-32769,65535,-153,9715
15356,1,65535,65535,-32769,65535,663,-16534
15357,1,-65536,65535,-32769,65535,664,16234
15358,1,0,-65536,-32769,65535,-461,-65390
15359,1,1,-65536,-32769,65535,-460,-65390
15360,1,-1,-65536,-32769,65535,460,65388
15361,1,32768,-65536,-32769,65535,-153,-55821
15362,1,-32768,-65536,-32769,65535,153,55819
15363,1,65535,-65536,-32769,65535,-664,-49004
15364,1,-65536,-65536,-32769,65535,663,49002
15365,1,0,0,-32767,0,0,3436
15366,1,1,0,-32767,1,0,-31317
15367,1,-1,0,-32767,1,0,36204
15368,1,32768,0,-32767,32767,-230,-32620
15369,1,-32768,0,-32767,32767,230,32622
15370,1,65535,0,-32767,65534,-461,-32620
15371,1,-65536,0,-32767,65535,461,32622
15372,1,0,1,-32767,1,0,3436
15373,1,1,1,-32767,2,0,-16858
15374,1,-1,1,-32767,2,0,15910
15375,1,32768,1,-32767,32767,-229,-32620
15376,1,-32768,1,-32767,32767,230,32622
15377,1,65535,1,-32767,65534,-460,-32620
15378,1,-65536,1,-32767,65535,460,32622
15379,1,0,-1,-32767,1,0,-64085
15380,1,1,-1,-32767,2,0,-49626
15381,1,-1,-1,-32767,2,0,48678
15382,1,32768,-1,-32767,32767,230,-32914
15383,1,-32768,-1,-32767,32767,-229,32916
15384,1,65535,-1,-32767,65534,460,-32914
15385,1,-65536,-1,-32767,65535,-460,32916
15386,1,0,32768,-32767,32767,230,-146
15387,1,1,32768,-32767,32767,230,-146
15388,1,-1,32768,-32767,32767,-229,148
15389,1,32768,32768,-32767,46340,332,-16532
15390,1,-32768,32768,-32767,46340,332,16236
15391,1,65535,32768,-32767,65535,-153,-23051
15392,1,-65536,32768,-32767,65535,153,23053
15393,1,0,-32768,-32767,32767,-230,-65388
15394,1,1,-32768,-32767,32767,-229,-65388
15395,1,-1,-32768,-32767,32767,230,65390
15396,1,32768,-32768,-32767,46340,332,-49300
15397,1,-32768,-32768,-32767,46340,332,49004
15398,1,65535,-32768,-32767,65535,153,-42483
15399,1,-65536,-32768,-32767,65535,-153,42485
15400,1,0,65535,-32767,65534,461,-146
15401,1,1,65535,-32767,65534,460,-146
15402,1,-1,65535,-32767,65534,-460,148
15403,1,32768,65535,-32767,65535,153,-9715
15404,1,-32768,65535,-32767,65535,-153,9717
15405,1,65535,65535,-32767,65535,663,-16532
15406,1,-65536,65535,-32767,65535,664,16236
15407,1,0,-65536,-32767,65535,-461,-65388
15408,1,1,-65536,-32767,65535,-460,-65388
15409,1,-1,-65536,-32767,65535,460,65390
15410,1,32768,-65536,-32767,65535,-153,-55819
15411,1,-32768,-65536,-32767,65535,153,55821
15412,1,65535,-65536,-32767,65535,-664,-49002
15413,1,-65536,-65536,-32767,65535,663,49004
15414,1,0,0,65535,0,0,-29334
15415,1,1,0,65535,1,0,-64087
15416,1,-1,0,65535,1,0,3434
15417,1,32768,0,65535,32767,-230,-65390
15418,1,-32768,0,65535,32767,230,-148
15419,1,65535,0,65535,65534,-461,-65390
15420,1,-65536,0,65535,65535,461,-148
15421,1,0,1,65535,1,0,-29334
15422,1,1,1,65535,2,0,-49628
15423,1,-1,1,65535,2,0,-16860
15424,1,32768,1,65535,32767,-229,-65390
15425,1,-32768,1,65535,32767,230,-148
15426,1,65535,1,65535,65534,-460,-65390
15427,1,-65536,1,65535,65535,460,-148
15428,1,0,-1,65535,1,0,34217
15429,1,1,-1,65535,2,0,48676
15430,1,-1,-1,65535,2,0,15908
15431,1,32768,-1,65535,32767,230,65388
15432,1,-32768,-1,65535,32767,-229,146
15433,1,65535,-1,65535,65534,460,65388
15434,1,-65536,-1,65535,65535,-460,146
15435,1,0,32768,65535,32767,230,-32916
15436,1,1,32768,65535,32767,230,-32916
15437,1,-1,32768,65535,32767,-229,-32622
15438,1,32768,32768,65535,46340,332,-49302
15439,1,-32768,32768,65535,46340,332,-16534
15440,1,65535,32768,65535,65535,-153,-55821
15441,1,-65536,32768,65535,65535,153,-9717
15442,1,0,-32768,65535,32767,-230,32914
15443,1,1,-32768,65535,32767,-229,32914
15444,1,-1,-32768,65535,32767,230,32620
15445,1,32768,-32768,65535,46340,332,49002
15446,1,-32768,-32768,65535,46340,332,16234
15447,1,65535,-32768,65535,65535,153,55819
15448,1,-65536,-32768,65535,65535,-153,9715
15449,1,0,65535,65535,65534,461,-32916
15450,1,1,65535,65535,65534,460,-32916
15451,1,-1,65535,65535,65534,-460,-32622
15452,1,32768,65535,65535,65535,153,-42485
15453,1,-32768,65535,65535,65535,-153,-23053
15454,1,65535,65535,65535,65535,663,-49302
15455,1,-65536,65535,65535,65535,664,-16534
15456,1,0,-65536,65535,65535,-461,32914
15457,1,1,-65536,65535,65535,-460,32914
15458,1,-1,-65536,65535,65535,460,32620
15459,1,32768,-65536,65535,65535,-153,42483
15460,1,-32768,-65536,65535,65535,153,23051
15461,1,65535,-65536,65535,65535,-664,49300
15462,1,-65536,-65536,65535,65535,663,16234
15463,1,0,0,-65536,0,0,-29333
15464,1,1,0,-65536,1,0,-64086
15465,1,-1,0,-65536,1,0,3435
15466,1,32768,0,-65536,32767,-230,-65389
15467,1,-32768,0,-65536,32767,230,-147
15468,1,65535,0,-65536,65534,-461,-65389
15469,1,-65536,0,-65536,65535,461,-147
15470,1,0,1,-65536,1,0,-29333
15471,1,1,1,-65536,2,0,-49627
15472,1,-1,1,-65536,2,0,-16859
15473,1,32768,1,-65536,32767,-229,-65389
15474,1,-32768,1,-65536,32767,230,-147
15475,1,65535,1,-65536,65534,-460,-65389
15476,1,-65536,1,-65536,65535,460,-147
15477,1,0,-1,-65536,1,0,34218
15478,1,1,-1,-65536,2,0,48677
15479,1,-1,-1,-65536,2,0,15909
15480,1,32768,-1,-65536,32767,230,65389
15481,1,-32768,-1,-65536,32767,-229,147
15482,1,65535,-1,-65536,65534,460,65389
15483,1,-65536,-1,-65536,65535,-460,147
15484,1,0,32768,-65536,32767,230,-32915
15485,1,1,32768,-65536,32767,230,-32915
15486,1,-1,32768,-65536,32767,-229,-32621
15487,1,32768,32768,-65536,46340,332,-49301
15488,1,-32768,32768,-65536,46340,332,-16533
15489,1,65535,32768,-65536,65535,-153,-55820
15490,1,-65536,32768,-65536,65535,153,-9716
15491,1,0,-32768,-65536,32767,-230,32915
15492,1,1,-32768,-65536,32767,-229,32915
15493,1,-1,-32768,-65536,32767,230,32621
15494,1,32768,-32768,-65536,46340,332,49003
15495,1,-32768,-32768,-65536,46340,332,16235
15496,1,65535,-32768,-65536,65535,153,55820
15497,1,-65536,-32768,-65536,65535,-153,9716
15498,1,0,65535,-65536,65534,461,-32915
15499,1,1,65535,-65536,65534,460,-32915
15500,1,-1,65535,-65536,65534,-460,-32621
15501,1,32768,65535,-65536,65535,153,-42484
15502,1,-32768,65535,-65536,65535,-153,-23052
15503,1,65535,65535,-65536,65535,663,-49301
15504,1,-65536,65535,-65536,65535,664,-16533
15505,1,0,-65536,-65536,65535,-461,32915
15506,1,1,-65536,-65536,65535,-460,32915
15507,1,-1,-65536,-65536,65535,460,32621
15508,1,32768,-65536,-65536,65535,-153,42484
15509,1,-32768,-65536,-65536,65535,153,23052
15510,1,65535,-65536,-65536,65535,-664,49301
15511,1,-65536,-65536,-65536,65535,663,16235
15512,1,0,0,36366,0,0,-58503
15513,1,1,0,36366,1,0,37816
15514,1,-1,0,36366,1,0,-25735
15515,1,32768,0,36366,32767,-230,36513
15516,1,-32768,0,36366,32767,230,-29317
15517,1,65535,0,36366,65534,-461,36513
15518,1,-65536,0,36366,65535,461,-29317
15519,1,0,1,36366,1,0,-58503
15520,1,1,1,36366,2,0,52275
15521,1,-1,1,36366,2,0,-46029
15522,1,32768,1,36366,32767,-229,36513
15523,1,-32768,1,36366,32767,230,-29317
15524,1,65535,1,36366,65534,-460,36513
15525,1,-65536,1,36366,65535,460,-29317
15526,1,0,-1,36366,1,0,5048
15527,1,1,-1,36366,2,0,19507
15528,1,-1,-1,36366,2,0,-13261
15529,1,32768,-1,36366,32767,230,36219
15530,1,-32768,-1,36366,32767,-229,-29023
15531,1,65535,-1,36366,65534,460,36219
15532,1,-65536,-1,36366,65535,-460,-29023
15533,1,0,32768,36366,32767,230,-62085
15534,1,1,32768,36366,32767,230,-62085
15535,1,-1,32768,36366,32767,-229,-61791
15536,1,32768,32768,36366,46340,332,52601
15537,1,-32768,32768,36366,46340,332,-45703
15538,1,65535,32768,36366,65535,-153,46082
15539,1,-65536,32768,36366,65535,153,-38886
15540,1,0,-32768,36366,32767,-230,3745
15541,1,1,-32768,36366,32767,-229,3745
15542,1,-1,-32768,36366,32767,230,3451
15543,1,32768,-32768,36366,46340,332,19833
15544,1,-32768,-32768,36366,46340,332,-12935
15545,1,65535,-32768,36366,65535,153,26650
15546,1,-65536,-32768,36366,65535,-153,-19454
15547,1,0,65535,36366,65534,461,-62085
15548,1,1,65535,36366,65534,460,-62085
15549,1,-1,65535,36366,65534,-460,-61791
15550,1,32768,65535,36366,65535,153,59418
15551,1,-32768,65535,36366,65535,-153,-52222
15552,1,65535,65535,36366,65535,663,52601
15553,1,-65536,65535,36366,65535,664,-45703
15554,1,0,-65536,36366,65535,-461,3745
15555,1,1,-65536,36366,65535,-460,3745
15556,1,-1,-65536,36366,65535,460,3451
15557,1,32768,-65536,36366,65535,-153,13314
15558,1,-32768,-65536,36366,65535,153,-6118
15559,1,65535,-65536,36366,65535,-664,20131
15560,1,-65536,-65536,36366,65535,663,-12935
15561,1,0,0,-36366,0,0,-163
15562,1,1,0,-36366,1,0,-34916
15563,1,-1,0,-36366,1,0,32605
15564,1,32768,0,-36366,32767,-230,-36219
15565,1,-32768,0,-36366,32767,230,29023
15566,1,65535,0,-36366,65534,-461,-36219
15567,1,-65536,0,-36366,65535,461,29023
15568,1,0,1,-36366,1,0,-163
15569,1,1,1,-36366,2,0,-20457
15570,1,-1,1,-36366,2,0,12311
15571,1,32768,1,-36366,32767,-229,-36219
15572,1,-32768,1,-36366,32767,230,29023
15573,1,65535,1,-36366,65534,-460,-36219
15574,1,-65536,1,-36366,65535,460,29023
15575,1,0,-1,-36366,1,0,63388
15576,1,1,-1,-36366,2,0,-53225
15577,1,-1,-1,-36366,2,0,45079
15578,1,32768,-1,-36366,32767,230,-36513
15579,1,-32768,-1,-36366,32767,-229,29317
15580,1,65535,-1,-36366,65534,460,-36513
15581,1,-65536,-1,-36366,65535,-460,29317
15582,1,0,32768,-36366,32767,230,-3745
15583,1,1,32768,-36366,32767,230,-3745
15584,1,-1,32768,-36366,32767,-229,-3451
15585,1,32768,32768,-36366,46340,332,-20131
15586,1,-32768,32768,-36366,46340,332,12637
15587,1,65535,32768,-36366,65535,-153,-26650
15588,1,-65536,32768,-36366,65535,153,19454
15589,1,0,-32768,-36366,32767,-230,62085
15590,1,1,-32768,-36366,32767,-229,62085
15591,1,-1,-32768,-36366,32767,230,61791
15592,1,32768,-32768,-36366,46340,332,-52899
15593,1,-32768,-32768,-36366,46340,332,45405
15594,1,65535,-32768,-36366,65535,153,-46082
15595,1,-65536,-32768,-36366,65535,-153,38886
15596,1,0,65535,-36366,65534,461,-3745
15597,1,1,65535,-36366,65534,460,-3745
15598,1,-1,65535,-36366,65534,-460,-3451
15599,1,32768,65535,-36366,65535,153,-13314
15600,1,-32768,65535,-36366,65535,-153,6118
15601,1,65535,65535,-36366,65535,663,-20131
15602,1,-65536,65535,-36366,65535,664,12637
15603,1,0,-65536,-36366,65535,-461,62085
15604,1,1,-65536,-36366,65535,-460,62085
15605,1,-1,-65536,-36366,65535,460,61791
15606,1,32768,-65536,-36366,65535,-153,-59418
15607,1,-32768,-65536,-36366,65535,153,52222
15608,1,65535,-65536,-36366,65535,-664,-52601
15609,1,-65536,-65536,-36366,65535,663,45405
