seq,mode,x,y,z,xo,yo,zo
0,0,32768,0,-65536,-32768,0,0
1,0,32768,0,-65504,-32768,-48,1
2,0,32768,0,-65472,-32768,-100,0
3,0,32768,0,-65440,-32768,-152,-1
4,0,32768,0,-65408,-32767,-200,0
5,0,32768,0,-65376,-32767,-252,-1
6,0,32768,0,-65344,-32767,-300,1
7,0,32768,0,-65312,-32766,-352,0
8,0,32768,0,-65280,-32765,-400,1
9,0,32768,0,-65248,-32765,-452,0
10,0,32768,0,-65216,-32764,-504,-1
11,0,32768,0,-65184,-32764,-552,1
12,0,32768,0,-65152,-32763,-604,0
13,0,32768,0,-65120,-32762,-652,1
14,0,32768,0,-65088,-32760,-704,0
15,0,32768,0,-65056,-32759,-756,-1
16,0,32768,0,-65024,-32758,-804,0
17,0,32768,0,-64992,-32757,-856,-1
18,0,32768,0,-64960,-32756,-904,1
19,0,32768,0,-64928,-32754,-956,0
20,0,32768,0,-64896,-32753,-1004,1
21,0,32768,0,-64864,-32751,-1056,0
22,0,32768,0,-64832,-32750,-1104,1
23,0,32768,0,-64800,-32748,-1156,0
24,0,32768,0,-64768,-32746,-1208,-1
25,0,32768,0,-64736,-32744,-1255,0
26,0,32768,0,-64704,-32742,-1307,-1
27,0,32768,0,-64672,-32740,-1355,1
28,0,32768,0,-64640,-32738,-1407,0
29,0,32768,0,-64608,-32736,-1455,1
30,0,32768,0,-64576,-32733,-1507,0
31,0,32768,0,-64544,-32731,-1559,-1
32,0,32768,0,-64512,-32729,-1607,0
33,0,32768,0,-64480,-32726,-1659,-1
34,0,32768,0,-64448,-32724,-1707,1
35,0,32768,0,-64416,-32721,-1759,0
36,0,32768,0,-64384,-32718,-1807,1
37,0,32768,0,-64352,-32715,-1859,0
38,0,32768,0,-64320,-32712,-1911,-1
39,0,32768,0,-64288,-32709,-1959,0
40,0,32768,0,-64256,-32706,-2011,-1
41,0,32768,0,-64224,-32703,-2058,1
42,0,32768,0,-64192,-32700,-2110,0
43,0,32768,0,-64160,-32697,-2158,1
44,0,32768,0,-64128,-32693,-2210,0
45,0,32768,0,-64096,-32690,-2262,-1
46,0,32768,0,-64064,-32687,-2310,0
47,0,32768,0,-64032,-32683,-2362,-1
48,0,32768,0,-64000,-32679,-2410,1
49,0,32768,0,-63968,-32675,-2462,-1
50,0,32768,0,-63936,-32672,-2509,1
51,0,32768,0,-63904,-32668,-2561,0
52,0,32768,0,-63872,-32664,-2613,-1
53,0,32768,0,-63840,-32660,-2660,0
54,0,32768,0,-63808,-32656,-2712,-1
55,0,32768,0,-63776,-32652,-2760,1
56,0,32768,0,-63744,-32647,-2812,0
57,0,32768,0,-63712,-32643,-2860,1
58,0,32768,0,-63680,-32639,-2912,0
59,0,32768,0,-63648,-32634,-2963,-1
60,0,32768,0,-63616,-32629,-3011,0
61,0,32768,0,-63584,-32625,-3063,-1
62,0,32768,0,-63552,-32620,-3111,1
63,0,32768,0,-63520,-32615,-3163,0
64,0,32768,0,-63488,-32610,-3210,1
65,0,32768,0,-63456,-32605,-3262,0
66,0,32768,0,-63424,-32600,-3314,-1
67,0,32768,0,-63392,-32595,-3362,0
68,0,32768,0,-63360,-32590,-3413,-1
69,0,32768,0,-63328,-32585,-3461,0
70,0,32768,0,-63296,-32579,-3513,-1
71,0,32768,0,-63264,-32574,-3560,1
72,0,32768,0,-63232,-32568,-3612,0
73,0,32768,0,-63200,-32563,-3664,-1
74,0,32768,0,-63168,-32557,-3711,0
75,0,32768,0,-63136,-32551,-3763,-1
76,0,32768,0,-63104,-32546,-3811,0
77,0,32768,0,-63072,-32540,-3863,-1
78,0,32768,0,-63040,-32534,-3910,1
79,0,32768,0,-63008,-32528,-3962,0
80,0,32768,0,-62976,-32522,-4010,1
81,0,32768,0,-62944,-32515,-4061,0
82,0,32768,0,-62912,-32509,-4113,-1
83,0,32768,0,-62880,-32503,-4160,0
84,0,32768,0,-62848,-32496,-4212,-1
85,0,32768,0,-62816,-32490,-4259,1
86,0,32768,0,-62784,-32483,-4311,0
87,0,32768,0,-62752,-32477,-4358,1
88,0,32768,0,-62720,-32470,-4410,0
89,0,32768,0,-62688,-32463,-4462,-1
90,0,32768,0,-62656,-32456,-4509,0
91,0,32768,0,-62624,-32449,-4560,0
92,0,32768,0,-62592,-32443,-4607,1
93,0,32768,0,-62560,-32435,-4659,0
94,0,32768,0,-62528,-32428,-4710,-1
95,0,32768,0,-62496,-32421,-4758,0
96,0,32768,0,-62464,-32413,-4809,-1
97,0,32768,0,-62432,-32406,-4857,1
98,0,32768,0,-62400,-32398,-4909,0
99,0,32768,0,-62368,-32391,-4956,1
100,0,32768,0,-62336,-32383,-5007,0
101,0,32768,0,-62304,-32375,-5059,-1
102,0,32768,0,-62272,-32368,-5106,0
103,0,32768,0,-62240,-32360,-5157,-1
104,0,32768,0,-62208,-32352,-5205,0
105,0,32768,0,-62176,-32344,-5256,-1
106,0,32768,0,-62144,-32336,-5304,1
107,0,32768,0,-62112,-32328,-5355,0
108,0,32768,0,-62080,-32320,-5402,1
109,0,32768,0,-62048,-32311,-5453,0
110,0,32768,0,-62016,-32302,-5505,-1
111,0,32768,0,-61984,-32294,-5552,0
112,0,32768,0,-61952,-32285,-5603,-1
113,0,32768,0,-61920,-32277,-5651,1
114,0,32768,0,-61888,-32268,-5702,0
115,0,32768,0,-61856,-32260,-5749,1
116,0,32768,0,-61824,-32251,-5800,0
117,0,32768,0,-61792,-32241,-5851,-1
118,0,32768,0,-61760,-32233,-5898,0
119,0,32768,0,-61728,-32223,-5950,-1
120,0,32768,0,-61696,-32214,-5997,1
121,0,32768,0,-61664,-32205,-6048,0
122,0,32768,0,-61632,-32196,-6095,1
123,0,32768,0,-61600,-32186,-6146,0
124,0,32768,0,-61568,-32177,-6197,-1
125,0,32768,0,-61536,-32168,-6244,0
126,0,32768,0,-61504,-32157,-6296,-1
127,0,32768,0,-61472,-32148,-6343,1
128,0,32768,0,-61440,-32138,-6394,-1
129,0,32768,0,-61408,-32129,-6441,1
130,0,32768,0,-61376,-32118,-6492,0
131,0,32768,0,-61344,-32108,-6543,-1
132,0,32768,0,-61312,-32099,-6589,1
133,0,32768,0,-61280,-32088,-6640,-1
134,0,32768,0,-61248,-32079,-6687,1
135,0,32768,0,-61216,-32068,-6738,0
136,0,32768,0,-61184,-32057,-6789,-1
137,0,32768,0,-61152,-32047,-6836,0
138,0,32768,0,-61120,-32036,-6887,-1
139,0,32768,0,-61088,-32026,-6933,0
140,0,32768,0,-61056,-32015,-6984,-1
141,0,32768,0,-61024,-32005,-7031,1
142,0,32768,0,-60992,-31994,-7082,0
143,0,32768,0,-60960,-31983,-7129,1
144,0,32768,0,-60928,-31972,-7180,0
145,0,32768,0,-60896,-31960,-7230,-1
146,0,32768,0,-60864,-31950,-7277,0
147,0,32768,0,-60832,-31938,-7328,-1
148,0,32768,0,-60800,-31927,-7375,1
149,0,32768,0,-60768,-31916,-7425,0
150,0,32768,0,-60736,-31905,-7472,1
151,0,32768,0,-60704,-31893,-7523,0
152,0,32768,0,-60672,-31881,-7573,-1
153,0,32768,0,-60640,-31870,-7620,0
154,0,32768,0,-60608,-31858,-7670,-1
155,0,32768,0,-60576,-31846,-7717,1
156,0,32768,0,-60544,-31834,-7768,0
157,0,32768,0,-60512,-31823,-7814,1
158,0,32768,0,-60480,-31810,-7865,0
159,0,32768,0,-60448,-31798,-7915,-1
160,0,32768,0,-60416,-31786,-7962,0
161,0,32768,0,-60384,-31773,-8012,-1
162,0,32768,0,-60352,-31762,-8059,1
163,0,32768,0,-60320,-31749,-8109,-1
164,0,32768,0,-60288,-31737,-8156,1
165,0,32768,0,-60256,-31724,-8206,0
166,0,32768,0,-60224,-31712,-8252,1
167,0,32768,0,-60192,-31699,-8303,0
168,0,32768,0,-60160,-31685,-8353,-1
169,0,32768,0,-60128,-31673,-8400,0
170,0,32768,0,-60096,-31660,-8450,-1
171,0,32768,0,-60064,-31647,-8496,1
172,0,32768,0,-60032,-31634,-8545,0
173,0,32768,0,-60000,-31620,-8596,-1
174,0,32768,0,-59968,-31608,-8642,0
175,0,32768,0,-59936,-31594,-8692,-1
176,0,32768,0,-59904,-31581,-8739,1
177,0,32768,0,-59872,-31568,-8789,0
178,0,32768,0,-59840,-31555,-8835,1
179,0,32768,0,-59808,-31540,-8885,0
180,0,32768,0,-59776,-31526,-8935,-1
181,0,32768,0,-59744,-31513,-8981,0
182,0,32768,0,-59712,-31499,-9031,-1
183,0,32768,0,-59680,-31486,-9077,1
184,0,32768,0,-59648,-31471,-9127,0
185,0,32768,0,-59616,-31458,-9173,1
186,0,32768,0,-59584,-31443,-9223,0
187,0,32768,0,-59552,-31428,-9273,-1
188,0,32768,0,-59520,-31415,-9319,0
189,0,32768,0,-59488,-31400,-9369,-1
190,0,32768,0,-59456,-31386,-9415,1
191,0,32768,0,-59424,-31371,-9465,-1
192,0,32768,0,-59392,-31357,-9511,1
193,0,32768,0,-59360,-31342,-9560,0
194,0,32768,0,-59328,-31327,-9610,-1
195,0,32768,0,-59296,-31313,-9656,0
196,0,32768,0,-59264,-31298,-9706,-1
197,0,32768,0,-59232,-31283,-9752,1
198,0,32768,0,-59200,-31268,-9801,-1
199,0,32768,0,-59168,-31253,-9847,1
200,0,32768,0,-59136,-31238,-9897,0
201,0,32768,0,-59104,-31223,-9942,1
202,0,32768,0,-59072,-31207,-9992,0
203,0,32768,0,-59040,-31192,-10041,-1
204,0,32768,0,-59008,-31177,-10087,0
205,0,32768,0,-58976,-31161,-10137,-1
206,0,32768,0,-58944,-31146,-10182,1
207,0,32768,0,-58912,-31129,-10232,0
208,0,32768,0,-58880,-31115,-10277,1
209,0,32768,0,-58848,-31098,-10327,0
210,0,32768,0,-58816,-31082,-10375,-1
211,0,32768,0,-58784,-31067,-10420,1
212,0,32768,0,-58752,-31050,-10470,0
213,0,32768,0,-58720,-31035,-10515,1
214,0,32768,0,-58688,-31019,-10564,0
215,0,32768,0,-58656,-31002,-10614,-1
216,0,32768,0,-58624,-30986,-10659,0
217,0,32768,0,-58592,-30969,-10708,-1
218,0,32768,0,-58560,-30953,-10754,1
219,0,32768,0,-58528,-30936,-10803,0
220,0,32768,0,-58496,-30920,-10848,1
221,0,32768,0,-58464,-30903,-10897,0
222,0,32768,0,-58432,-30886,-10946,-1
223,0,32768,0,-58400,-30870,-10991,0
224,0,32768,0,-58368,-30852,-11040,-1
225,0,32768,0,-58336,-30836,-11086,1
226,0,32768,0,-58304,-30818,-11135,0
227,0,32768,0,-58272,-30802,-11180,1
228,0,32768,0,-58240,-30784,-11228,0
229,0,32768,0,-58208,-30766,-11277,-1
230,0,32768,0,-58176,-30750,-11322,0
231,0,32768,0,-58144,-30732,-11371,-1
232,0,32768,0,-58112,-30715,-11416,1
233,0,32768,0,-58080,-30697,-11465,0
234,0,32768,0,-58048,-30680,-11510,1
235,0,32768,0,-58016,-30662,-11558,0
236,0,32768,0,-57984,-30643,-11607,-1
237,0,32768,0,-57952,-30626,-11652,0
238,0,32768,0,-57920,-30608,-11700,-1
239,0,32768,0,-57888,-30591,-11745,0
240,0,32768,0,-57856,-30572,-11794,-1
241,0,32768,0,-57824,-30555,-11839,1
242,0,32768,0,-57792,-30536,-11887,0
243,0,32768,0,-57760,-30519,-11932,1
244,0,32768,0,-57728,-30500,-11980,0
245,0,32768,0,-57696,-30480,-12029,-1
246,0,32768,0,-57664,-30463,-12073,0
247,0,32768,0,-57632,-30443,-12122,-1
248,0,32768,0,-57600,-30426,-12166,1
249,0,32768,0,-57568,-30407,-12214,0
250,0,32768,0,-57536,-30387,-12262,-1
251,0,32768,0,-57504,-30369,-12307,0
252,0,32768,0,-57472,-30350,-12355,-1
253,0,32768,0,-57440,-30332,-12399,1
254,0,32768,0,-57408,-30312,-12447,0
255,0,32768,0,-57376,-30293,-12492,1
256,0,32768,0,-57344,-30274,-12540,0
257,0,32768,0,-57312,-30254,-12588,-1
258,0,32768,0,-57280,-30235,-12632,0
259,0,32768,0,-57248,-30215,-12680,-1
260,0,32768,0,-57216,-30197,-12724,1
261,0,32768,0,-57184,-30176,-12772,0
262,0,32768,0,-57152,-30158,-12817,1
263,0,32768,0,-57120,-30137,-12864,0
264,0,32768,0,-57088,-30117,-12912,-1
265,0,32768,0,-57056,-30098,-12956,0
266,0,32768,0,-57024,-30077,-13004,-1
267,0,32768,0,-56992,-30058,-13048,0
268,0,32768,0,-56960,-30037,-13096,-1
269,0,32768,0,-56928,-30018,-13140,1
270,0,32768,0,-56896,-29997,-13187,0
271,0,32768,0,-56864,-29977,-13235,-1
272,0,32768,0,-56832,-29957,-13279,0
273,0,32768,0,-56800,-29936,-13326,-1
274,0,32768,0,-56768,-29916,-13370,0
275,0,32768,0,-56736,-29895,-13418,-1
276,0,32768,0,-56704,-29875,-13461,1
277,0,32768,0,-56672,-29854,-13509,0
278,0,32768,0,-56640,-29834,-13552,1
279,0,32768,0,-56608,-29813,-13600,0
280,0,32768,0,-56576,-29791,-13647,-1
281,0,32768,0,-56544,-29771,-13691,0
282,0,32768,0,-56512,-29749,-13738,-1
283,0,32768,0,-56480,-29729,-13782,1
284,0,32768,0,-56448,-29707,-13829,0
285,0,32768,0,-56416,-29687,-13872,1
286,0,32768,0,-56384,-29665,-13919,0
287,0,32768,0,-56352,-29643,-13966,-1
288,0,32768,0,-56320,-29622,-14010,0
289,0,32768,0,-56288,-29600,-14056,0
290,0,32768,0,-56256,-29580,-14099,1
291,0,32768,0,-56224,-29557,-14146,0
292,0,32768,0,-56192,-29535,-14193,-1
293,0,32768,0,-56160,-29514,-14237,0
294,0,32768,0,-56128,-29491,-14283,-1
295,0,32768,0,-56096,-29470,-14326,1
296,0,32768,0,-56064,-29448,-14373,-1
297,0,32768,0,-56032,-29426,-14416,1
298,0,32768,0,-56000,-29403,-14463,0
299,0,32768,0,-55968,-29381,-14510,-1
300,0,32768,0,-55936,-29359,-14553,0
301,0,32768,0,-55904,-29336,-14599,-1
302,0,32768,0,-55872,-29315,-14642,0
303,0,32768,0,-55840,-29291,-14689,-1
304,0,32768,0,-55808,-29270,-14731,1
305,0,32768,0,-55776,-29246,-14778,0
306,0,32768,0,-55744,-29225,-14821,1
307,0,32768,0,-55712,-29201,-14867,0
308,0,32768,0,-55680,-29177,-14914,-1
309,0,32768,0,-55648,-29156,-14956,0
310,0,32768,0,-55616,-29132,-15002,-1
311,0,32768,0,-55584,-29110,-15045,1
312,0,32768,0,-55552,-29086,-15091,0
313,0,32768,0,-55520,-29064,-15134,1
314,0,32768,0,-55488,-29040,-15180,0
315,0,32768,0,-55456,-29016,-15226,-1
316,0,32768,0,-55424,-28993,-15269,0
317,0,32768,0,-55392,-28969,-15315,-1
318,0,32768,0,-55360,-28947,-15357,1
319,0,32768,0,-55328,-28922,-15403,0
320,0,32768,0,-55296,-28900,-15445,1
321,0,32768,0,-55264,-28875,-15491,0
322,0,32768,0,-55232,-28850,-15537,-1
323,0,32768,0,-55200,-28827,-15579,0
324,0,32768,0,-55168,-28803,-15625,-1
325,0,32768,0,-55136,-28780,-15667,1
326,0,32768,0,-55104,-28755,-15713,-1
327,0,32768,0,-55072,-28732,-15755,1
328,0,32768,0,-55040,-28707,-15800,0
329,0,32768,0,-55008,-28684,-15843,1
330,0,32768,0,-54976,-28659,-15887,1
331,0,32768,0,-54944,-28634,-15933,-1
332,0,32768,0,-54912,-28610,-15975,1
333,0,32768,0,-54880,-28585,-16020,0
334,0,32768,0,-54848,-28559,-16066,-1
335,0,32768,0,-54816,-28536,-16107,0
336,0,32768,0,-54784,-28510,-16153,-1
337,0,32768,0,-54752,-28487,-16194,0
338,0,32768,0,-54720,-28461,-16240,-1
339,0,32768,0,-54688,-28437,-16281,1
340,0,32768,0,-54656,-28411,-16326,0
341,0,32768,0,-54624,-28387,-16368,1
342,0,32768,0,-54592,-28361,-16413,0
343,0,32768,0,-54560,-28335,-16458,-1
344,0,32768,0,-54528,-28311,-16500,0
345,0,32768,0,-54496,-28285,-16544,-1
346,0,32768,0,-54464,-28261,-16586,1
347,0,32768,0,-54432,-28234,-16631,0
348,0,32768,0,-54400,-28210,-16672,1
349,0,32768,0,-54368,-28183,-16717,0
350,0,32768,0,-54336,-28157,-16761,-1
351,0,32768,0,-54304,-28132,-16803,0
352,0,32768,0,-54272,-28105,-16847,-1
353,0,32768,0,-54240,-28081,-16888,1
354,0,32768,0,-54208,-28054,-16933,0
355,0,32768,0,-54176,-28029,-16974,1
356,0,32768,0,-54144,-28002,-17018,0
357,0,32768,0,-54112,-27975,-17063,-1
358,0,32768,0,-54080,-27950,-17104,0
359,0,32768,0,-54048,-27923,-17148,-1
360,0,32768,0,-54016,-27898,-17189,1
361,0,32768,0,-53984,-27870,-17233,-1
362,0,32768,0,-53952,-27845,-17274,1
363,0,32768,0,-53920,-27817,-17318,0
364,0,32768,0,-53888,-27792,-17359,1
365,0,32768,0,-53856,-27765,-17403,0
366,0,32768,0,-53824,-27737,-17447,-1
367,0,32768,0,-53792,-27711,-17488,0
368,0,32768,0,-53760,-27684,-17532,-1
369,0,32768,0,-53728,-27658,-17572,1
370,0,32768,0,-53696,-27630,-17616,0
371,0,32768,0,-53664,-27602,-17660,-1
372,0,32768,0,-53632,-27576,-17700,0
373,0,32768,0,-53600,-27548,-17744,-1
374,0,32768,0,-53568,-27522,-17784,1
375,0,32768,0,-53536,-27494,-17828,-1
376,0,32768,0,-53504,-27468,-17868,1
377,0,32768,0,-53472,-27439,-17912,0
378,0,32768,0,-53440,-27411,-17955,-1
379,0,32768,0,-53408,-27384,-17995,0
380,0,32768,0,-53376,-27356,-18039,-1
381,0,32768,0,-53344,-27330,-18079,1
382,0,32768,0,-53312,-27301,-18122,-1
383,0,32768,0,-53280,-27274,-18162,1
384,0,32768,0,-53248,-27245,-18205,0
385,0,32768,0,-53216,-27219,-18245,1
386,0,32768,0,-53184,-27190,-18288,0
387,0,32768,0,-53152,-27161,-18331,-1
388,0,32768,0,-53120,-27134,-18372,0
389,0,32768,0,-53088,-27104,-18414,-1
390,0,32768,0,-53056,-27078,-18454,1
391,0,32768,0,-53024,-27048,-18497,0
392,0,32768,0,-52992,-27021,-18537,1
393,0,32768,0,-52960,-26992,-18579,0
394,0,32768,0,-52928,-26962,-18622,-1
395,0,32768,0,-52896,-26935,-18662,0
396,0,32768,0,-52864,-26905,-18704,-1
397,0,32768,0,-52832,-26878,-18744,1
398,0,32768,0,-52800,-26848,-18787,0
399,0,32768,0,-52768,-26820,-18826,1
400,0,32768,0,-52736,-26791,-18868,0
401,0,32768,0,-52704,-26761,-18911,-1
402,0,32768,0,-52672,-26733,-18950,0
403,0,32768,0,-52640,-26703,-18992,-1
404,0,32768,0,-52608,-26675,-19032,1
405,0,32768,0,-52576,-26645,-19074,-1
406,0,32768,0,-52544,-26616,-19113,1
407,0,32768,0,-52512,-26586,-19155,0
408,0,32768,0,-52480,-26558,-19194,1
409,0,32768,0,-52448,-26528,-19236,0
410,0,32768,0,-52416,-26498,-19277,-1
411,0,32768,0,-52384,-26469,-19316,1
412,0,32768,0,-52352,-26439,-19358,0
413,0,32768,0,-52320,-26408,-19400,-1
414,0,32768,0,-52288,-26379,-19439,0
415,0,32768,0,-52256,-26349,-19481,-1
416,0,32768,0,-52224,-26320,-19519,1
417,0,32768,0,-52192,-26289,-19561,-1
418,0,32768,0,-52160,-26260,-19600,1
419,0,32768,0,-52128,-26229,-19641,0
420,0,32768,0,-52096,-26200,-19680,1
421,0,32768,0,-52064,-26169,-19721,0
422,0,32768,0,-52032,-26138,-19763,-1
423,0,32768,0,-52000,-26109,-19801,0
424,0,32768,0,-51968,-26077,-19842,-1
425,0,32768,0,-51936,-26048,-19881,1
426,0,32768,0,-51904,-26017,-19922,0
427,0,32768,0,-51872,-25987,-19960,1
428,0,32768,0,-51840,-25956,-20001,0
429,0,32768,0,-51808,-25924,-20042,-1
430,0,32768,0,-51776,-25894,-20080,0
431,0,32768,0,-51744,-25863,-20121,-1
432,0,32768,0,-51712,-25833,-20159,1
433,0,32768,0,-51680,-25801,-20200,0
434,0,32768,0,-51648,-25771,-20238,1
435,0,32768,0,-51616,-25739,-20279,0
436,0,32768,0,-51584,-25707,-20320,-1
437,0,32768,0,-51552,-25677,-20357,0
438,0,32768,0,-51520,-25645,-20398,-1
439,0,32768,0,-51488,-25615,-20436,1
440,0,32768,0,-51456,-25582,-20476,-1
441,0,32768,0,-51424,-25552,-20514,1
442,0,32768,0,-51392,-25520,-20554,0
443,0,32768,0,-51360,-25490,-20591,1
444,0,32768,0,-51328,-25457,-20632,0
445,0,32768,0,-51296,-25424,-20672,-1
446,0,32768,0,-51264,-25394,-20710,0
447,0,32768,0,-51232,-25361,-20750,-1
448,0,32768,0,-51200,-25330,-20787,1
449,0,32768,0,-51168,-25298,-20827,0
450,0,32768,0,-51136,-25267,-20864,1
451,0,32768,0,-51104,-25235,-20904,0
452,0,32768,0,-51072,-25201,-20944,-1
453,0,32768,0,-51040,-25170,-20981,1
454,0,32768,0,-51008,-25137,-21020,0
455,0,32768,0,-50976,-25106,-21057,1
456,0,32768,0,-50944,-25073,-21097,0
457,0,32768,0,-50912,-25039,-21137,-1
458,0,32768,0,-50880,-25008,-21174,0
459,0,32768,0,-50848,-24975,-21213,-1
460,0,32768,0,-50816,-24944,-21250,1
461,0,32768,0,-50784,-24910,-21289,0
462,0,32768,0,-50752,-24879,-21326,1
463,0,32768,0,-50720,-24845,-21365,0
464,0,32768,0,-50688,-24811,-21405,-1
465,0,32768,0,-50656,-24779,-21441,0
466,0,32768,0,-50624,-24745,-21480,-1
467,0,32768,0,-50592,-24714,-21517,1
468,0,32768,0,-50560,-24680,-21556,-1
469,0,32768,0,-50528,-24648,-21592,1
470,0,32768,0,-50496,-24614,-21631,0
471,0,32768,0,-50464,-24580,-21670,-1
472,0,32768,0,-50432,-24548,-21706,0
473,0,32768,0,-50400,-24513,-21745,-1
474,0,32768,0,-50368,-24481,-21781,1
475,0,32768,0,-50336,-24447,-21820,-1
476,0,32768,0,-50304,-24415,-21855,1
477,0,32768,0,-50272,-24380,-21894,0
478,0,32768,0,-50240,-24348,-21930,1
479,0,32768,0,-50208,-24313,-21968,0
480,0,32768,0,-50176,-24278,-22007,-1
481,0,32768,0,-50144,-24246,-22043,0
482,0,32768,0,-50112,-24211,-22081,-1
483,0,32768,0,-50080,-24179,-22116,1
484,0,32768,0,-50048,-24144,-22155,0
485,0,32768,0,-50016,-24111,-22190,1
486,0,32768,0,-49984,-24076,-22228,0
487,0,32768,0,-49952,-24040,-22266,-1
488,0,32768,0,-49920,-24008,-22302,0
489,0,32768,0,-49888,-23972,-22340,-1
490,0,32768,0,-49856,-23940,-22375,1
491,0,32768,0,-49824,-23904,-22413,0
492,0,32768,0,-49792,-23869,-22450,-1
493,0,32768,0,-49760,-23836,-22485,0
494,0,32768,0,-49728,-23800,-22523,-1
495,0,32768,0,-49696,-23767,-22558,1
496,0,32768,0,-49664,-23731,-22595,0
497,0,32768,0,-49632,-23699,-22630,1
498,0,32768,0,-49600,-23662,-22668,0
499,0,32768,0,-49568,-23626,-22705,-1
500,0,32768,0,-49536,-23593,-22740,0
501,0,32768,0,-49504,-23557,-22777,-1
502,0,32768,0,-49472,-23524,-22812,1
503,0,32768,0,-49440,-23487,-22849,-1
504,0,32768,0,-49408,-23454,-22883,1
505,0,32768,0,-49376,-23417,-22921,0
506,0,32768,0,-49344,-23384,-22955,1
507,0,32768,0,-49312,-23348,-22992,0
508,0,32768,0,-49280,-23311,-23029,-1
509,0,32768,0,-49248,-23277,-23063,0
510,0,32768,0,-49216,-23241,-23100,-1
511,0,32768,0,-49184,-23207,-23134,1
512,0,32768,0,-49152,-23171,-23170,0
513,0,32768,0,-49120,-23134,-23207,-1
514,0,32768,0,-49088,-23100,-23241,1
515,0,32768,0,-49056,-23063,-23277,0
516,0,32768,0,-49024,-23029,-23311,1
517,0,32768,0,-48992,-22992,-23348,0
518,0,32768,0,-48960,-22955,-23384,-1
519,0,32768,0,-48928,-22921,-23417,0
520,0,32768,0,-48896,-22883,-23454,-1
521,0,32768,0,-48864,-22849,-23487,1
522,0,32768,0,-48832,-22812,-23524,-1
523,0,32768,0,-48800,-22777,-23557,1
524,0,32768,0,-48768,-22740,-23593,0
525,0,32768,0,-48736,-22702,-23629,-1
526,0,32768,0,-48704,-22668,-23662,0
527,0,32768,0,-48672,-22630,-23699,-1
528,0,32768,0,-48640,-22595,-23731,0
529,0,32768,0,-48608,-22558,-23767,-1
530,0,32768,0,-48576,-22523,-23800,1
531,0,32768,0,-48544,-22485,-23836,0
532,0,32768,0,-48512,-22450,-23869,1
533,0,32768,0,-48480,-22413,-23904,0
534,0,32768,0,-48448,-22375,-23940,-1
535,0,32768,0,-48416,-22340,-23972,1
536,0,32768,0,-48384,-22302,-24008,0
537,0,32768,0,-48352,-22266,-24040,1
538,0,32768,0,-48320,-22228,-24076,0
539,0,32768,0,-48288,-22190,-24111,-1
540,0,32768,0,-48256,-22155,-24144,0
541,0,32768,0,-48224,-22116,-24179,-1
542,0,32768,0,-48192,-22081,-24211,1
543,0,32768,0,-48160,-22043,-24246,0
544,0,32768,0,-48128,-22007,-24278,1
545,0,32768,0,-48096,-21968,-24313,0
546,0,32768,0,-48064,-21930,-24348,-1
547,0,32768,0,-48032,-21894,-24380,0
548,0,32768,0,-48000,-21855,-24415,-1
549,0,32768,0,-47968,-21820,-24447,1
550,0,32768,0,-47936,-21781,-24481,-1
551,0,32768,0,-47904,-21745,-24513,1
552,0,32768,0,-47872,-21706,-24548,0
553,0,32768,0,-47840,-21667,-24582,-1
554,0,32768,0,-47808,-21631,-24614,0
555,0,32768,0,-47776,-21592,-24648,-1
556,0,32768,0,-47744,-21556,-24680,1
557,0,32768,0,-47712,-21517,-24714,-1
558,0,32768,0,-47680,-21480,-24745,1
559,0,32768,0,-47648,-21441,-24779,0
560,0,32768,0,-47616,-21402,-24813,-1
561,0,32768,0,-47584,-21365,-24845,0
562,0,32768,0,-47552,-21326,-24879,-1
563,0,32768,0,-47520,-21289,-24910,0
564,0,32768,0,-47488,-21250,-24944,-1
565,0,32768,0,-47456,-21213,-24975,1
566,0,32768,0,-47424,-21174,-25008,0
567,0,32768,0,-47392,-21137,-25039,1
568,0,32768,0,-47360,-21097,-25073,0
569,0,32768,0,-47328,-21057,-25106,-1
570,0,32768,0,-47296,-21020,-25137,0
571,0,32768,0,-47264,-20981,-25170,-1
572,0,32768,0,-47232,-20944,-25201,1
573,0,32768,0,-47200,-20904,-25235,0
574,0,32768,0,-47168,-20864,-25267,-1
575,0,32768,0,-47136,-20827,-25298,0
576,0,32768,0,-47104,-20787,-25330,-1
577,0,32768,0,-47072,-20750,-25361,1
578,0,32768,0,-47040,-20710,-25394,0
579,0,32768,0,-47008,-20672,-25424,1
580,0,32768,0,-46976,-20632,-25457,0
581,0,32768,0,-46944,-20591,-25490,-1
582,0,32768,0,-46912,-20554,-25520,0
583,0,32768,0,-46880,-20514,-25552,-1
584,0,32768,0,-46848,-20476,-25582,1
585,0,32768,0,-46816,-20436,-25615,-1
586,0,32768,0,-46784,-20398,-25645,1
587,0,32768,0,-46752,-20357,-25677,0
588,0,32768,0,-46720,-20320,-25707,1
589,0,32768,0,-46688,-20279,-25739,0
590,0,32768,0,-46656,-20238,-25771,-1
591,0,32768,0,-46624,-20200,-25801,0
592,0,32768,0,-46592,-20159,-25833,-1
593,0,32768,0,-46560,-20121,-25863,1
594,0,32768,0,-46528,-20080,-25894,0
595,0,32768,0,-46496,-20042,-25924,1
596,0,32768,0,-46464,-20001,-25956,0
597,0,32768,0,-46432,-19960,-25987,-1
598,0,32768,0,-46400,-19922,-26017,0
599,0,32768,0,-46368,-19881,-26048,-1
600,0,32768,0,-46336,-19842,-26077,1
601,0,32768,0,-46304,-19801,-26109,0
602,0,32768,0,-46272,-19763,-26138,1
603,0,32768,0,-46240,-19721,-26169,0
604,0,32768,0,-46208,-19680,-26200,-1
605,0,32768,0,-46176,-19641,-26229,0
606,0,32768,0,-46144,-19600,-26260,-1
607,0,32768,0,-46112,-19561,-26289,1
608,0,32768,0,-46080,-19519,-26320,-1
609,0,32768,0,-46048,-19481,-26349,1
610,0,32768,0,-46016,-19439,-26379,0
611,0,32768,0,-45984,-19397,-26410,-1
612,0,32768,0,-45952,-19358,-26439,0
613,0,32768,0,-45920,-19316,-26469,-1
614,0,32768,0,-45888,-19277,-26498,1
615,0,32768,0,-45856,-19236,-26528,0
616,0,32768,0,-45824,-19194,-26558,-1
617,0,32768,0,-45792,-19155,-26586,0
618,0,32768,0,-45760,-19113,-26616,-1
619,0,32768,0,-45728,-19074,-26645,1
620,0,32768,0,-45696,-19032,-26675,-1
621,0,32768,0,-45664,-18992,-26703,1
622,0,32768,0,-45632,-18950,-26733,0
623,0,32768,0,-45600,-18911,-26761,1
624,0,32768,0,-45568,-18868,-26791,0
625,0,32768,0,-45536,-18826,-26820,-1
626,0,32768,0,-45504,-18787,-26848,0
627,0,32768,0,-45472,-18744,-26878,-1
628,0,32768,0,-45440,-18704,-26905,1
629,0,32768,0,-45408,-18662,-26935,0
630,0,32768,0,-45376,-18622,-26962,1
631,0,32768,0,-45344,-18579,-26992,0
632,0,32768,0,-45312,-18537,-27021,-1
633,0,32768,0,-45280,-18497,-27048,0
634,0,32768,0,-45248,-18454,-27078,-1
635,0,32768,0,-45216,-18414,-27104,1
636,0,32768,0,-45184,-18372,-27134,0
637,0,32768,0,-45152,-18331,-27161,1
638,0,32768,0,-45120,-18288,-27190,0
639,0,32768,0,-45088,-18245,-27219,-1
640,0,32768,0,-45056,-18205,-27245,0
641,0,32768,0,-45024,-18162,-27274,-1
642,0,32768,0,-44992,-18122,-27301,1
643,0,32768,0,-44960,-18079,-27330,-1
644,0,32768,0,-44928,-18039,-27356,1
645,0,32768,0,-44896,-17995,-27384,0
646,0,32768,0,-44864,-17952,-27413,-1
647,0,32768,0,-44832,-17912,-27439,0
648,0,32768,0,-44800,-17868,-27468,-1
649,0,32768,0,-44768,-17828,-27494,1
650,0,32768,0,-44736,-17784,-27522,-1
651,0,32768,0,-44704,-17744,-27548,1
652,0,32768,0,-44672,-17700,-27576,0
653,0,32768,0,-44640,-17660,-27602,1
654,0,32768,0,-44608,-17616,-27630,0
655,0,32768,0,-44576,-17572,-27658,-1
656,0,32768,0,-44544,-17532,-27684,1
657,0,32768,0,-44512,-17488,-27711,0
658,0,32768,0,-44480,-17447,-27737,1
659,0,32768,0,-44448,-17403,-27765,0
660,0,32768,0,-44416,-17359,-27792,-1
661,0,32768,0,-44384,-17318,-27817,0
662,0,32768,0,-44352,-17274,-27845,-1
663,0,32768,0,-44320,-17233,-27870,1
664,0,32768,0,-44288,-17189,-27898,-1
665,0,32768,0,-44256,-17148,-27923,1
666,0,32768,0,-44224,-17104,-27950,0
667,0,32768,0,-44192,-17063,-27975,1
668,0,32768,0,-44160,-17018,-28002,0
669,0,32768,0,-44128,-16974,-28029,-1
670,0,32768,0,-44096,-16933,-28054,0
671,0,32768,0,-44064,-16888,-28081,-1
672,0,32768,0,-44032,-16847,-28105,1
673,0,32768,0,-44000,-16803,-28132,0
674,0,32768,0,-43968,-16761,-28157,1
675,0,32768,0,-43936,-16717,-28183,0
676,0,32768,0,-43904,-16672,-28210,-1
677,0,32768,0,-43872,-16631,-28234,0
678,0,32768,0,-43840,-16586,-28261,-1
679,0,32768,0,-43808,-16544,-28285,1
680,0,32768,0,-43776,-16500,-28311,0
681,0,32768,0,-43744,-16458,-28335,1
682,0,32768,0,-43712,-16413,-28361,0
683,0,32768,0,-43680,-16368,-28387,-1
684,0,32768,0,-43648,-16326,-28411,0
685,0,32768,0,-43616,-16281,-28437,-1
686,0,32768,0,-43584,-16240,-28461,1
687,0,32768,0,-43552,-16194,-28487,0
688,0,32768,0,-43520,-16153,-28510,1
689,0,32768,0,-43488,-16107,-28536,0
690,0,32768,0,-43456,-16062,-28561,-1
691,0,32768,0,-43424,-16020,-28585,0
692,0,32768,0,-43392,-15975,-28610,-1
693,0,32768,0,-43360,-15933,-28634,1
694,0,32768,0,-43328,-15887,-28659,-1
695,0,32768,0,-43296,-15843,-28684,-1
696,0,32768,0,-43264,-15800,-28707,0
697,0,32768,0,-43232,-15755,-28732,-1
698,0,32768,0,-43200,-15713,-28755,1
699,0,32768,0,-43168,-15667,-28780,-1
700,0,32768,0,-43136,-15625,-28803,1
701,0,32768,0,-43104,-15579,-28827,0
702,0,32768,0,-43072,-15537,-28850,1
703,0,32768,0,-43040,-15491,-28875,0
704,0,32768,0,-43008,-15445,-28900,-1
705,0,32768,0,-42976,-15403,-28922,0
706,0,32768,0,-42944,-15357,-28947,-1
707,0,32768,0,-42912,-15315,-28969,1
708,0,32768,0,-42880,-15269,-28993,0
709,0,32768,0,-42848,-15226,-29016,1
710,0,32768,0,-42816,-15180,-29040,0
711,0,32768,0,-42784,-15134,-29064,-1
712,0,32768,0,-42752,-15091,-29086,0
713,0,32768,0,-42720,-15045,-29110,-1
714,0,32768,0,-42688,-15002,-29132,1
715,0,32768,0,-42656,-14956,-29156,0
716,0,32768,0,-42624,-14914,-29177,1
717,0,32768,0,-42592,-14867,-29201,0
718,0,32768,0,-42560,-14821,-29225,-1
719,0,32768,0,-42528,-14778,-29246,0
720,0,32768,0,-42496,-14731,-29270,-1
721,0,32768,0,-42464,-14689,-29291,1
722,0,32768,0,-42432,-14642,-29315,0
723,0,32768,0,-42400,-14599,-29336,1
724,0,32768,0,-42368,-14553,-29359,0
725,0,32768,0,-42336,-14506,-29382,-1
726,0,32768,0,-42304,-14463,-29403,0
727,0,32768,0,-42272,-14416,-29426,-1
728,0,32768,0,-42240,-14373,-29448,1
729,0,32768,0,-42208,-14326,-29470,-1
730,0,32768,0,-42176,-14283,-29491,1
731,0,32768,0,-42144,-14237,-29514,0
732,0,32768,0,-42112,-14193,-29535,1
733,0,32768,0,-42080,-14146,-29557,0
734,0,32768,0,-42048,-14099,-29580,-1
735,0,32768,0,-42016,-14056,-29600,0
736,0,32768,0,-41984,-14010,-29622,0
737,0,32768,0,-41952,-13966,-29643,1
738,0,32768,0,-41920,-13919,-29665,0
739,0,32768,0,-41888,-13872,-29687,-1
740,0,32768,0,-41856,-13829,-29707,0
741,0,32768,0,-41824,-13782,-29729,-1
742,0,32768,0,-41792,-13738,-29749,1
743,0,32768,0,-41760,-13691,-29771,0
744,0,32768,0,-41728,-13647,-29791,1
745,0,32768,0,-41696,-13600,-29813,0
746,0,32768,0,-41664,-13552,-29834,-1
747,0,32768,0,-41632,-13509,-29854,0
748,0,32768,0,-41600,-13461,-29875,-1
749,0,32768,0,-41568,-13418,-29895,1
750,0,32768,0,-41536,-13370,-29916,0
751,0,32768,0,-41504,-13326,-29936,1
752,0,32768,0,-41472,-13279,-29957,0
753,0,32768,0,-41440,-13235,-29977,1
754,0,32768,0,-41408,-13187,-29997,0
755,0,32768,0,-41376,-13140,-30018,-1
756,0,32768,0,-41344,-13096,-30037,1
757,0,32768,0,-41312,-13048,-30058,0
758,0,32768,0,-41280,-13004,-30077,1
759,0,32768,0,-41248,-12956,-30098,0
760,0,32768,0,-41216,-12912,-30117,1
761,0,32768,0,-41184,-12864,-30137,0
762,0,32768,0,-41152,-12817,-30158,-1
763,0,32768,0,-41120,-12772,-30176,0
764,0,32768,0,-41088,-12724,-30197,-1
765,0,32768,0,-41056,-12680,-30215,1
766,0,32768,0,-41024,-12632,-30235,0
767,0,32768,0,-40992,-12588,-30254,1
768,0,32768,0,-40960,-12540,-30274,0
769,0,32768,0,-40928,-12492,-30293,-1
770,0,32768,0,-40896,-12447,-30312,0
771,0,32768,0,-40864,-12399,-30332,-1
772,0,32768,0,-40832,-12355,-30350,1
773,0,32768,0,-40800,-12307,-30369,0
774,0,32768,0,-40768,-12262,-30387,1
775,0,32768,0,-40736,-12214,-30407,0
776,0,32768,0,-40704,-12166,-30426,-1
777,0,32768,0,-40672,-12122,-30443,1
778,0,32768,0,-40640,-12073,-30463,0
779,0,32768,0,-40608,-12029,-30480,1
780,0,32768,0,-40576,-11980,-30500,0
781,0,32768,0,-40544,-11932,-30519,-1
782,0,32768,0,-40512,-11887,-30536,0
783,0,32768,0,-40480,-11839,-30555,-1
784,0,32768,0,-40448,-11794,-30572,1
785,0,32768,0,-40416,-11745,-30591,0
786,0,32768,0,-40384,-11700,-30608,1
787,0,32768,0,-40352,-11652,-30626,0
788,0,32768,0,-40320,-11607,-30643,1
789,0,32768,0,-40288,-11558,-30662,0
790,0,32768,0,-40256,-11510,-30680,-1
791,0,32768,0,-40224,-11465,-30697,0
792,0,32768,0,-40192,-11416,-30715,-1
793,0,32768,0,-40160,-11371,-30732,1
794,0,32768,0,-40128,-11322,-30750,0
795,0,32768,0,-40096,-11277,-30766,1
796,0,32768,0,-40064,-11228,-30784,0
797,0,32768,0,-40032,-11180,-30802,-1
798,0,32768,0,-40000,-11135,-30818,0
799,0,32768,0,-39968,-11086,-30836,-1
800,0,32768,0,-39936,-11040,-30852,1
801,0,32768,0,-39904,-10991,-30870,0
802,0,32768,0,-39872,-10946,-30886,1
803,0,32768,0,-39840,-10897,-30903,0
804,0,32768,0,-39808,-10848,-30920,-1
805,0,32768,0,-39776,-10803,-30936,0
806,0,32768,0,-39744,-10754,-30953,-1
807,0,32768,0,-39712,-10708,-30969,1
808,0,32768,0,-39680,-10659,-30986,0
809,0,32768,0,-39648,-10614,-31002,1
810,0,32768,0,-39616,-10564,-31019,0
811,0,32768,0,-39584,-10515,-31035,-1
812,0,32768,0,-39552,-10470,-31050,0
813,0,32768,0,-39520,-10420,-31067,-1
814,0,32768,0,-39488,-10375,-31082,1
815,0,32768,0,-39456,-10327,-31098,0
816,0,32768,0,-39424,-10277,-31115,-1
817,0,32768,0,-39392,-10232,-31129,0
818,0,32768,0,-39360,-10182,-31146,-1
819,0,32768,0,-39328,-10137,-31161,1
820,0,32768,0,-39296,-10087,-31177,0
821,0,32768,0,-39264,-10041,-31192,1
822,0,32768,0,-39232,-9992,-31207,0
823,0,32768,0,-39200,-9942,-31223,-1
824,0,32768,0,-39168,-9897,-31238,0
825,0,32768,0,-39136,-9847,-31253,-1
826,0,32768,0,-39104,-9801,-31268,1
827,0,32768,0,-39072,-9752,-31283,-1
828,0,32768,0,-39040,-9706,-31298,1
829,0,32768,0,-39008,-9656,-31313,0
830,0,32768,0,-38976,-9610,-31327,1
831,0,32768,0,-38944,-9560,-31342,0
832,0,32768,0,-38912,-9511,-31357,-1
833,0,32768,0,-38880,-9465,-31371,1
834,0,32768,0,-38848,-9415,-31386,-1
835,0,32768,0,-38816,-9369,-31400,1
836,0,32768,0,-38784,-9319,-31415,0
837,0,32768,0,-38752,-9273,-31428,1
838,0,32768,0,-38720,-9223,-31443,0
839,0,32768,0,-38688,-9173,-31458,-1
840,0,32768,0,-38656,-9127,-31471,0
841,0,32768,0,-38624,-9077,-31486,-1
842,0,32768,0,-38592,-9031,-31499,1
843,0,32768,0,-38560,-8981,-31513,0
844,0,32768,0,-38528,-8935,-31526,1
845,0,32768,0,-38496,-8885,-31540,0
846,0,32768,0,-38464,-8835,-31555,-1
847,0,32768,0,-38432,-8789,-31568,0
848,0,32768,0,-38400,-8739,-31581,-1
849,0,32768,0,-38368,-8692,-31594,1
850,0,32768,0,-38336,-8642,-31608,0
851,0,32768,0,-38304,-8596,-31620,1
852,0,32768,0,-38272,-8545,-31634,0
853,0,32768,0,-38240,-8496,-31647,-1
854,0,32768,0,-38208,-8450,-31660,1
855,0,32768,0,-38176,-8400,-31673,0
856,0,32768,0,-38144,-8353,-31685,1
857,0,32768,0,-38112,-8303,-31699,0
858,0,32768,0,-38080,-8252,-31712,-1
859,0,32768,0,-38048,-8206,-31724,0
860,0,32768,0,-38016,-8156,-31737,-1
861,0,32768,0,-37984,-8109,-31749,1
862,0,32768,0,-37952,-8059,-31762,-1
863,0,32768,0,-37920,-8012,-31773,1
864,0,32768,0,-37888,-7962,-31786,0
865,0,32768,0,-37856,-7915,-31798,1
866,0,32768,0,-37824,-7865,-31810,0
867,0,32768,0,-37792,-7814,-31823,-1
868,0,32768,0,-37760,-7768,-31834,0
869,0,32768,0,-37728,-7717,-31846,-1
870,0,32768,0,-37696,-7670,-31858,1
871,0,32768,0,-37664,-7620,-31870,0
872,0,32768,0,-37632,-7573,-31881,1
873,0,32768,0,-37600,-7523,-31893,0
874,0,32768,0,-37568,-7472,-31905,-1
875,0,32768,0,-37536,-7425,-31916,0
876,0,32768,0,-37504,-7375,-31927,-1
877,0,32768,0,-37472,-7328,-31938,1
878,0,32768,0,-37440,-7277,-31950,0
879,0,32768,0,-37408,-7230,-31960,1
880,0,32768,0,-37376,-7180,-31972,0
881,0,32768,0,-37344,-7129,-31983,-1
882,0,32768,0,-37312,-7082,-31994,0
883,0,32768,0,-37280,-7031,-32005,-1
884,0,32768,0,-37248,-6984,-32015,1
885,0,32768,0,-37216,-6933,-32026,0
886,0,32768,0,-37184,-6887,-32036,1
887,0,32768,0,-37152,-6836,-32047,0
888,0,32768,0,-37120,-6785,-32058,-1
889,0,32768,0,-37088,-6738,-32068,0
890,0,32768,0,-37056,-6687,-32079,-1
891,0,32768,0,-37024,-6640,-32088,1
892,0,32768,0,-36992,-6589,-32099,-1
893,0,32768,0,-36960,-6539,-32109,-1
894,0,32768,0,-36928,-6492,-32118,0
895,0,32768,0,-36896,-6441,-32129,-1
896,0,32768,0,-36864,-6394,-32138,1
897,0,32768,0,-36832,-6343,-32148,-1
898,0,32768,0,-36800,-6296,-32157,1
899,0,32768,0,-36768,-6244,-32168,0
900,0,32768,0,-36736,-6197,-32177,1
901,0,32768,0,-36704,-6146,-32186,0
902,0,32768,0,-36672,-6095,-32196,-1
903,0,32768,0,-36640,-6048,-32205,0
904,0,32768,0,-36608,-5997,-32214,-1
905,0,32768,0,-36576,-5950,-32223,1
906,0,32768,0,-36544,-5898,-32233,0
907,0,32768,0,-36512,-5851,-32241,1
908,0,32768,0,-36480,-5800,-32251,0
909,0,32768,0,-36448,-5749,-32260,-1
910,0,32768,0,-36416,-5702,-32268,0
911,0,32768,0,-36384,-5651,-32277,-1
912,0,32768,0,-36352,-5603,-32285,1
913,0,32768,0,-36320,-5552,-32294,0
914,0,32768,0,-36288,-5505,-32302,1
915,0,32768,0,-36256,-5453,-32311,0
916,0,32768,0,-36224,-5402,-32320,-1
917,0,32768,0,-36192,-5355,-32328,0
918,0,32768,0,-36160,-5304,-32336,-1
919,0,32768,0,-36128,-5256,-32344,1
920,0,32768,0,-36096,-5205,-32352,0
921,0,32768,0,-36064,-5157,-32360,1
922,0,32768,0,-36032,-5106,-32368,0
923,0,32768,0,-36000,-5059,-32375,1
924,0,32768,0,-35968,-5007,-32383,0
925,0,32768,0,-35936,-4956,-32391,-1
926,0,32768,0,-35904,-4909,-32398,0
927,0,32768,0,-35872,-4857,-32406,-1
928,0,32768,0,-35840,-4809,-32413,1
929,0,32768,0,-35808,-4758,-32421,0
930,0,32768,0,-35776,-4710,-32428,1
931,0,32768,0,-35744,-4659,-32435,0
932,0,32768,0,-35712,-4607,-32443,-1
933,0,32768,0,-35680,-4560,-32449,0
934,0,32768,0,-35648,-4509,-32456,0
935,0,32768,0,-35616,-4462,-32463,1
936,0,32768,0,-35584,-4410,-32470,0
937,0,32768,0,-35552,-4358,-32477,-1
938,0,32768,0,-35520,-4311,-32483,0
939,0,32768,0,-35488,-4259,-32490,-1
940,0,32768,0,-35456,-4212,-32496,1
941,0,32768,0,-35424,-4160,-32503,0
942,0,32768,0,-35392,-4113,-32509,1
943,0,32768,0,-35360,-4061,-32515,0
944,0,32768,0,-35328,-4010,-32522,-1
945,0,32768,0,-35296,-3962,-32528,0
946,0,32768,0,-35264,-3910,-32534,-1
947,0,32768,0,-35232,-3863,-32540,1
948,0,32768,0,-35200,-3811,-32546,0
949,0,32768,0,-35168,-3763,-32551,1
950,0,32768,0,-35136,-3711,-32557,0
951,0,32768,0,-35104,-3664,-32563,1
952,0,32768,0,-35072,-3612,-32568,0
953,0,32768,0,-35040,-3560,-32574,-1
954,0,32768,0,-35008,-3513,-32579,1
955,0,32768,0,-34976,-3461,-32585,0
956,0,32768,0,-34944,-3413,-32590,1
957,0,32768,0,-34912,-3362,-32595,0
958,0,32768,0,-34880,-3314,-32600,1
959,0,32768,0,-34848,-3262,-32605,0
960,0,32768,0,-34816,-3210,-32610,-1
961,0,32768,0,-34784,-3163,-32615,0
962,0,32768,0,-34752,-3111,-32620,-1
963,0,32768,0,-34720,-3063,-32625,1
964,0,32768,0,-34688,-3011,-32629,0
965,0,32768,0,-34656,-2963,-32634,1
966,0,32768,0,-34624,-2912,-32639,0
967,0,32768,0,-34592,-2860,-32643,-1
968,0,32768,0,-34560,-2812,-32647,0
969,0,32768,0,-34528,-2760,-32652,-1
970,0,32768,0,-34496,-2712,-32656,1
971,0,32768,0,-34464,-2660,-32660,0
972,0,32768,0,-34432,-2613,-32664,1
973,0,32768,0,-34400,-2561,-32668,0
974,0,32768,0,-34368,-2509,-32672,-1
975,0,32768,0,-34336,-2462,-32675,1
976,0,32768,0,-34304,-2410,-32679,-1
977,0,32768,0,-34272,-2362,-32683,1
978,0,32768,0,-34240,-2310,-32687,0
979,0,32768,0,-34208,-2262,-32690,1
980,0,32768,0,-34176,-2210,-32693,0
981,0,32768,0,-34144,-2158,-32697,-1
982,0,32768,0,-34112,-2110,-32700,0
983,0,32768,0,-34080,-2058,-32703,-1
984,0,32768,0,-34048,-2011,-32706,1
985,0,32768,0,-34016,-1959,-32709,0
986,0,32768,0,-33984,-1911,-32712,1
987,0,32768,0,-33952,-1859,-32715,0
988,0,32768,0,-33920,-1807,-32718,-1
989,0,32768,0,-33888,-1759,-32721,0
990,0,32768,0,-33856,-1707,-32724,-1
991,0,32768,0,-33824,-1659,-32726,1
992,0,32768,0,-33792,-1607,-32729,0
993,0,32768,0,-33760,-1559,-32731,1
994,0,32768,0,-33728,-1507,-32733,0
995,0,32768,0,-33696,-1455,-32736,-1
996,0,32768,0,-33664,-1407,-32738,0
997,0,32768,0,-33632,-1355,-32740,-1
998,0,32768,0,-33600,-1307,-32742,1
999,0,32768,0,-33568,-1255,-32744,0
1000,0,32768,0,-33536,-1208,-32746,1
1001,0,32768,0,-33504,-1156,-32748,0
1002,0,32768,0,-33472,-1104,-32750,-1
1003,0,32768,0,-33440,-1056,-32751,0
1004,0,32768,0,-33408,-1004,-32753,-1
1005,0,32768,0,-33376,-956,-32754,0
1006,0,32768,0,-33344,-904,-32756,-1
1007,0,32768,0,-33312,-856,-32757,1
1008,0,32768,0,-33280,-804,-32758,0
1009,0,32768,0,-33248,-756,-32759,1
1010,0,32768,0,-33216,-704,-32760,0
1011,0,32768,0,-33184,-652,-32762,-1
1012,0,32768,0,-33152,-604,-32763,0
1013,0,32768,0,-33120,-552,-32764,-1
1014,0,32768,0,-33088,-504,-32764,1
1015,0,32768,0,-33056,-452,-32765,0
1016,0,32768,0,-33024,-400,-32765,-1
1017,0,32768,0,-32992,-352,-32766,0
1018,0,32768,0,-32960,-300,-32767,-1
1019,0,32768,0,-32928,-252,-32767,1
1020,0,32768,0,-32896,-200,-32767,0
1021,0,32768,0,-32864,-152,-32768,1
1022,0,32768,0,-32832,-100,-32768,0
1023,0,32768,0,-32800,-48,-32768,-1
1024,0,32768,0,-32768,0,-32768,0
1025,0,32768,0,-32736,48,-32768,1
1026,0,32768,0,-32704,100,-32768,0
1027,0,32768,0,-32672,152,-32768,-1
1028,0,32768,0,-32640,200,-32767,0
1029,0,32768,0,-32608,252,-32767,-1
1030,0,32768,0,-32576,300,-32767,1
1031,0,32768,0,-32544,352,-32766,0
1032,0,32768,0,-32512,400,-32766,1
1033,0,32768,0,-32480,452,-32765,0
1034,0,32768,0,-32448,504,-32764,-1
1035,0,32768,0,-32416,552,-32763,1
1036,0,32768,0,-32384,604,-32763,0
1037,0,32768,0,-32352,652,-32761,1
1038,0,32768,0,-32320,704,-32760,0
1039,0,32768,0,-32288,756,-32759,-1
1040,0,32768,0,-32256,804,-32758,0
1041,0,32768,0,-32224,856,-32757,-1
1042,0,32768,0,-32192,904,-32755,1
1043,0,32768,0,-32160,956,-32754,0
1044,0,32768,0,-32128,1004,-32753,1
1045,0,32768,0,-32096,1056,-32751,0
1046,0,32768,0,-32064,1104,-32750,1
1047,0,32768,0,-32032,1156,-32748,0
1048,0,32768,0,-32000,1208,-32746,-1
1049,0,32768,0,-31968,1255,-32744,0
1050,0,32768,0,-31936,1307,-32742,-1
1051,0,32768,0,-31904,1355,-32740,1
1052,0,32768,0,-31872,1407,-32738,0
1053,0,32768,0,-31840,1455,-32736,1
1054,0,32768,0,-31808,1507,-32734,0
1055,0,32768,0,-31776,1559,-32731,-1
1056,0,32768,0,-31744,1607,-32729,0
1057,0,32768,0,-31712,1659,-32726,-1
1058,0,32768,0,-31680,1707,-32724,1
1059,0,32768,0,-31648,1759,-32721,0
1060,0,32768,0,-31616,1807,-32718,1
1061,0,32768,0,-31584,1859,-32715,0
1062,0,32768,0,-31552,1911,-32712,-1
1063,0,32768,0,-31520,1959,-32709,0
1064,0,32768,0,-31488,2011,-32706,-1
1065,0,32768,0,-31456,2058,-32703,1
1066,0,32768,0,-31424,2110,-32700,0
1067,0,32768,0,-31392,2158,-32697,1
1068,0,32768,0,-31360,2210,-32694,0
1069,0,32768,0,-31328,2262,-32690,-1
1070,0,32768,0,-31296,2310,-32687,0
1071,0,32768,0,-31264,2362,-32683,-1
1072,0,32768,0,-31232,2410,-32679,1
1073,0,32768,0,-31200,2462,-32676,-1
1074,0,32768,0,-31168,2510,-32672,1
1075,0,32768,0,-31136,2561,-32668,0
1076,0,32768,0,-31104,2613,-32664,-1
1077,0,32768,0,-31072,2661,-32660,0
1078,0,32768,0,-31040,2712,-32656,-1
1079,0,32768,0,-31008,2760,-32651,1
1080,0,32768,0,-30976,2812,-32647,0
1081,0,32768,0,-30944,2860,-32643,1
1082,0,32768,0,-30912,2912,-32638,0
1083,0,32768,0,-30880,2964,-32634,-1
1084,0,32768,0,-30848,3011,-32629,0
1085,0,32768,0,-30816,3063,-32624,-1
1086,0,32768,0,-30784,3111,-32620,1
1087,0,32768,0,-30752,3163,-32615,0
1088,0,32768,0,-30720,3210,-32610,1
1089,0,32768,0,-30688,3262,-32605,0
1090,0,32768,0,-30656,3314,-32600,-1
1091,0,32768,0,-30624,3362,-32595,0
1092,0,32768,0,-30592,3413,-32590,-1
1093,0,32768,0,-30560,3461,-32585,0
1094,0,32768,0,-30528,3513,-32579,-1
1095,0,32768,0,-30496,3560,-32574,1
1096,0,32768,0,-30464,3612,-32568,0
1097,0,32768,0,-30432,3664,-32562,-1
1098,0,32768,0,-30400,3711,-32557,0
1099,0,32768,0,-30368,3763,-32551,-1
1100,0,32768,0,-30336,3811,-32546,0
1101,0,32768,0,-30304,3863,-32540,-1
1102,0,32768,0,-30272,3910,-32534,1
1103,0,32768,0,-30240,3962,-32528,0
1104,0,32768,0,-30208,4010,-32522,1
1105,0,32768,0,-30176,4061,-32515,0
1106,0,32768,0,-30144,4113,-32509,-1
1107,0,32768,0,-30112,4160,-32503,0
1108,0,32768,0,-30080,4212,-32496,-1
1109,0,32768,0,-30048,4259,-32490,1
1110,0,32768,0,-30016,4311,-32483,0
1111,0,32768,0,-29984,4359,-32477,1
1112,0,32768,0,-29952,4410,-32470,0
1113,0,32768,0,-29920,4462,-32463,-1
1114,0,32768,0,-29888,4509,-32456,0
1115,0,32768,0,-29856,4560,-32449,0
1116,0,32768,0,-29824,4608,-32443,1
1117,0,32768,0,-29792,4659,-32435,0
1118,0,32768,0,-29760,4711,-32428,-1
1119,0,32768,0,-29728,4758,-32421,0
1120,0,32768,0,-29696,4809,-32413,-1
1121,0,32768,0,-29664,4857,-32406,1
1122,0,32768,0,-29632,4909,-32399,0
1123,0,32768,0,-29600,4956,-32391,1
1124,0,32768,0,-29568,5007,-32383,0
1125,0,32768,0,-29536,5059,-32375,-1
1126,0,32768,0,-29504,5106,-32368,0
1127,0,32768,0,-29472,5157,-32360,-1
1128,0,32768,0,-29440,5205,-32352,0
1129,0,32768,0,-29408,5256,-32344,-1
1130,0,32768,0,-29376,5304,-32336,1
1131,0,32768,0,-29344,5355,-32328,0
1132,0,32768,0,-29312,5402,-32320,1
1133,0,32768,0,-29280,5454,-32311,0
1134,0,32768,0,-29248,5505,-32303,-1
1135,0,32768,0,-29216,5552,-32294,0
1136,0,32768,0,-29184,5603,-32286,-1
1137,0,32768,0,-29152,5651,-32277,1
1138,0,32768,0,-29120,5702,-32268,0
1139,0,32768,0,-29088,5749,-32260,1
1140,0,32768,0,-29056,5800,-32251,0
1141,0,32768,0,-29024,5851,-32241,-1
1142,0,32768,0,-28992,5899,-32233,0
1143,0,32768,0,-28960,5950,-32223,-1
1144,0,32768,0,-28928,5997,-32215,1
1145,0,32768,0,-28896,6048,-32205,0
1146,0,32768,0,-28864,6095,-32196,1
1147,0,32768,0,-28832,6146,-32187,0
1148,0,32768,0,-28800,6197,-32177,-1
1149,0,32768,0,-28768,6244,-32168,0
1150,0,32768,0,-28736,6296,-32158,-1
1151,0,32768,0,-28704,6343,-32148,1
1152,0,32768,0,-28672,6394,-32138,-1
1153,0,32768,0,-28640,6441,-32129,1
1154,0,32768,0,-28608,6492,-32119,0
1155,0,32768,0,-28576,6543,-32109,-1
1156,0,32768,0,-28544,6589,-32099,1
1157,0,32768,0,-28512,6640,-32088,-1
1158,0,32768,0,-28480,6687,-32078,1
1159,0,32768,0,-28448,6738,-32068,0
1160,0,32768,0,-28416,6789,-32057,-1
1161,0,32768,0,-28384,6836,-32047,0
1162,0,32768,0,-28352,6887,-32036,-1
1163,0,32768,0,-28320,6933,-32026,0
1164,0,32768,0,-28288,6984,-32015,-1
1165,0,32768,0,-28256,7031,-32005,1
1166,0,32768,0,-28224,7082,-31994,0
1167,0,32768,0,-28192,7129,-31983,1
1168,0,32768,0,-28160,7180,-31972,0
1169,0,32768,0,-28128,7230,-31960,-1
1170,0,32768,0,-28096,7277,-31950,0
1171,0,32768,0,-28064,7328,-31938,-1
1172,0,32768,0,-28032,7375,-31927,1
1173,0,32768,0,-28000,7425,-31916,0
1174,0,32768,0,-27968,7472,-31905,1
1175,0,32768,0,-27936,7523,-31893,0
1176,0,32768,0,-27904,7573,-31881,-1
1177,0,32768,0,-27872,7620,-31870,0
1178,0,32768,0,-27840,7670,-31858,-1
1179,0,32768,0,-27808,7717,-31846,1
1180,0,32768,0,-27776,7768,-31834,0
1181,0,32768,0,-27744,7814,-31823,1
1182,0,32768,0,-27712,7865,-31810,0
1183,0,32768,0,-27680,7915,-31798,-1
1184,0,32768,0,-27648,7962,-31786,0
1185,0,32768,0,-27616,8012,-31773,-1
1186,0,32768,0,-27584,8059,-31762,1
1187,0,32768,0,-27552,8109,-31749,-1
1188,0,32768,0,-27520,8156,-31737,1
1189,0,32768,0,-27488,8206,-31724,0
1190,0,32768,0,-27456,8252,-31712,1
1191,0,32768,0,-27424,8303,-31699,0
1192,0,32768,0,-27392,8353,-31685,-1
1193,0,32768,0,-27360,8400,-31673,0
1194,0,32768,0,-27328,8450,-31660,-1
1195,0,32768,0,-27296,8496,-31648,1
1196,0,32768,0,-27264,8546,-31634,0
1197,0,32768,0,-27232,8596,-31621,-1
1198,0,32768,0,-27200,8642,-31608,0
1199,0,32768,0,-27168,8692,-31594,-1
1200,0,32768,0,-27136,8739,-31581,1
1201,0,32768,0,-27104,8789,-31567,0
1202,0,32768,0,-27072,8835,-31555,1
1203,0,32768,0,-27040,8885,-31540,0
1204,0,32768,0,-27008,8935,-31526,-1
1205,0,32768,0,-26976,8981,-31513,0
1206,0,32768,0,-26944,9031,-31499,-1
1207,0,32768,0,-26912,9077,-31486,1
1208,0,32768,0,-26880,9127,-31471,0
1209,0,32768,0,-26848,9173,-31458,1
1210,0,32768,0,-26816,9223,-31443,0
1211,0,32768,0,-26784,9273,-31429,-1
1212,0,32768,0,-26752,9319,-31415,0
1213,0,32768,0,-26720,9369,-31400,-1
1214,0,32768,0,-26688,9415,-31386,1
1215,0,32768,0,-26656,9465,-31372,-1
1216,0,32768,0,-26624,9511,-31358,1
1217,0,32768,0,-26592,9561,-31342,0
1218,0,32768,0,-26560,9610,-31327,-1
1219,0,32768,0,-26528,9656,-31313,0
1220,0,32768,0,-26496,9706,-31298,-1
1221,0,32768,0,-26464,9752,-31284,1
1222,0,32768,0,-26432,9801,-31268,-1
1223,0,32768,0,-26400,9847,-31254,1
1224,0,32768,0,-26368,9897,-31238,0
1225,0,32768,0,-26336,9942,-31224,1
1226,0,32768,0,-26304,9992,-31208,0
1227,0,32768,0,-26272,10041,-31192,-1
1228,0,32768,0,-26240,10087,-31177,0
1229,0,32768,0,-26208,10137,-31161,-1
1230,0,32768,0,-26176,10182,-31146,1
1231,0,32768,0,-26144,10232,-31130,0
1232,0,32768,0,-26112,10277,-31115,1
1233,0,32768,0,-26080,10327,-31098,0
1234,0,32768,0,-26048,10375,-31082,-1
1235,0,32768,0,-26016,10421,-31067,1
1236,0,32768,0,-25984,10470,-31050,0
1237,0,32768,0,-25952,10515,-31035,1
1238,0,32768,0,-25920,10564,-31018,0
1239,0,32768,0,-25888,10614,-31001,-1
1240,0,32768,0,-25856,10659,-30986,0
1241,0,32768,0,-25824,10709,-30969,-1
1242,0,32768,0,-25792,10754,-30953,1
1243,0,32768,0,-25760,10803,-30936,0
1244,0,32768,0,-25728,10848,-30920,1
1245,0,32768,0,-25696,10897,-30903,0
1246,0,32768,0,-25664,10946,-30886,-1
1247,0,32768,0,-25632,10991,-30870,0
1248,0,32768,0,-25600,11040,-30852,-1
1249,0,32768,0,-25568,11086,-30836,1
1250,0,32768,0,-25536,11135,-30818,0
1251,0,32768,0,-25504,11180,-30802,1
1252,0,32768,0,-25472,11228,-30784,0
1253,0,32768,0,-25440,11277,-30766,-1
1254,0,32768,0,-25408,11322,-30750,0
1255,0,32768,0,-25376,11371,-30732,-1
1256,0,32768,0,-25344,11416,-30715,1
1257,0,32768,0,-25312,11465,-30697,0
1258,0,32768,0,-25280,11510,-30680,1
1259,0,32768,0,-25248,11559,-30662,0
1260,0,32768,0,-25216,11607,-30643,-1
1261,0,32768,0,-25184,11652,-30626,0
1262,0,32768,0,-25152,11700,-30608,-1
1263,0,32768,0,-25120,11745,-30591,0
1264,0,32768,0,-25088,11794,-30572,-1
1265,0,32768,0,-25056,11839,-30555,1
1266,0,32768,0,-25024,11887,-30536,0
1267,0,32768,0,-24992,11932,-30518,1
1268,0,32768,0,-24960,11980,-30499,0
1269,0,32768,0,-24928,12029,-30481,-1
1270,0,32768,0,-24896,12073,-30463,0
1271,0,32768,0,-24864,12122,-30444,-1
1272,0,32768,0,-24832,12166,-30426,1
1273,0,32768,0,-24800,12214,-30406,0
1274,0,32768,0,-24768,12262,-30387,-1
1275,0,32768,0,-24736,12307,-30369,0
1276,0,32768,0,-24704,12355,-30350,-1
1277,0,32768,0,-24672,12399,-30331,1
1278,0,32768,0,-24640,12448,-30312,0
1279,0,32768,0,-24608,12492,-30293,1
1280,0,32768,0,-24576,12540,-30274,0
1281,0,32768,0,-24544,12588,-30254,-1
1282,0,32768,0,-24512,12632,-30235,0
1283,0,32768,0,-24480,12680,-30215,-1
1284,0,32768,0,-24448,12724,-30196,1
1285,0,32768,0,-24416,12772,-30176,0
1286,0,32768,0,-24384,12817,-30158,1
1287,0,32768,0,-24352,12864,-30137,0
1288,0,32768,0,-24320,12912,-30117,-1
1289,0,32768,0,-24288,12956,-30098,0
1290,0,32768,0,-24256,13004,-30077,-1
1291,0,32768,0,-24224,13048,-30058,0
1292,0,32768,0,-24192,13096,-30038,-1
1293,0,32768,0,-24160,13140,-30018,1
1294,0,32768,0,-24128,13187,-29997,0
1295,0,32768,0,-24096,13235,-29976,-1
1296,0,32768,0,-24064,13279,-29957,0
1297,0,32768,0,-24032,13326,-29936,-1
1298,0,32768,0,-24000,13370,-29916,0
1299,0,32768,0,-23968,13418,-29895,-1
1300,0,32768,0,-23936,13461,-29875,1
1301,0,32768,0,-23904,13509,-29854,0
1302,0,32768,0,-23872,13553,-29834,1
1303,0,32768,0,-23840,13600,-29813,0
1304,0,32768,0,-23808,13647,-29791,-1
1305,0,32768,0,-23776,13691,-29771,0
1306,0,32768,0,-23744,13738,-29749,-1
1307,0,32768,0,-23712,13782,-29729,1
1308,0,32768,0,-23680,13829,-29707,0
1309,0,32768,0,-23648,13872,-29687,1
1310,0,32768,0,-23616,13919,-29665,0
1311,0,32768,0,-23584,13966,-29643,-1
1312,0,32768,0,-23552,14010,-29622,0
1313,0,32768,0,-23520,14056,-29600,0
1314,0,32768,0,-23488,14099,-29579,1
1315,0,32768,0,-23456,14146,-29557,0
1316,0,32768,0,-23424,14193,-29535,-1
1317,0,32768,0,-23392,14237,-29514,0
1318,0,32768,0,-23360,14283,-29491,-1
1319,0,32768,0,-23328,14326,-29470,1
1320,0,32768,0,-23296,14373,-29447,-1
1321,0,32768,0,-23264,14416,-29426,1
1322,0,32768,0,-23232,14463,-29403,0
1323,0,32768,0,-23200,14510,-29380,-1
1324,0,32768,0,-23168,14553,-29359,0
1325,0,32768,0,-23136,14599,-29336,-1
1326,0,32768,0,-23104,14642,-29315,0
1327,0,32768,0,-23072,14689,-29291,-1
1328,0,32768,0,-23040,14732,-29270,1
1329,0,32768,0,-23008,14778,-29246,0
1330,0,32768,0,-22976,14821,-29225,1
1331,0,32768,0,-22944,14867,-29201,0
1332,0,32768,0,-22912,14914,-29178,-1
1333,0,32768,0,-22880,14956,-29155,0
1334,0,32768,0,-22848,15002,-29132,-1
1335,0,32768,0,-22816,15045,-29110,1
1336,0,32768,0,-22784,15091,-29086,0
1337,0,32768,0,-22752,15134,-29064,1
1338,0,32768,0,-22720,15180,-29040,0
1339,0,32768,0,-22688,15226,-29016,-1
1340,0,32768,0,-22656,15269,-28993,0
1341,0,32768,0,-22624,15315,-28969,-1
1342,0,32768,0,-22592,15357,-28947,1
1343,0,32768,0,-22560,15403,-28922,0
1344,0,32768,0,-22528,15445,-28900,1
1345,0,32768,0,-22496,15491,-28875,0
1346,0,32768,0,-22464,15537,-28850,-1
1347,0,32768,0,-22432,15579,-28828,0
1348,0,32768,0,-22400,15625,-28803,-1
1349,0,32768,0,-22368,15667,-28780,1
1350,0,32768,0,-22336,15713,-28755,-1
1351,0,32768,0,-22304,15755,-28732,1
1352,0,32768,0,-22272,15801,-28707,0
1353,0,32768,0,-22240,15843,-28684,1
1354,0,32768,0,-22208,15887,-28659,1
1355,0,32768,0,-22176,15933,-28634,-1
1356,0,32768,0,-22144,15975,-28610,1
1357,0,32768,0,-22112,16020,-28585,0
1358,0,32768,0,-22080,16066,-28559,-1
1359,0,32768,0,-22048,16107,-28536,0
1360,0,32768,0,-22016,16153,-28510,-1
1361,0,32768,0,-21984,16194,-28487,0
1362,0,32768,0,-21952,16240,-28461,-1
1363,0,32768,0,-21920,16281,-28437,1
1364,0,32768,0,-21888,16326,-28411,0
1365,0,32768,0,-21856,16368,-28387,1
1366,0,32768,0,-21824,16413,-28361,0
1367,0,32768,0,-21792,16458,-28335,-1
1368,0,32768,0,-21760,16500,-28311,0
1369,0,32768,0,-21728,16544,-28285,-1
1370,0,32768,0,-21696,16586,-28261,1
1371,0,32768,0,-21664,16631,-28234,0
1372,0,32768,0,-21632,16672,-28210,1
1373,0,32768,0,-21600,16717,-28183,0
1374,0,32768,0,-21568,16761,-28157,-1
1375,0,32768,0,-21536,16803,-28132,0
1376,0,32768,0,-21504,16847,-28105,-1
1377,0,32768,0,-21472,16888,-28081,1
1378,0,32768,0,-21440,16933,-28054,0
1379,0,32768,0,-21408,16974,-28029,1
1380,0,32768,0,-21376,17018,-28002,0
1381,0,32768,0,-21344,17063,-27975,-1
1382,0,32768,0,-21312,17104,-27950,0
1383,0,32768,0,-21280,17148,-27923,-1
1384,0,32768,0,-21248,17189,-27898,1
1385,0,32768,0,-21216,17233,-27870,-1
1386,0,32768,0,-21184,17274,-27845,1
1387,0,32768,0,-21152,17318,-27818,0
1388,0,32768,0,-21120,17359,-27792,1
1389,0,32768,0,-21088,17403,-27765,0
1390,0,32768,0,-21056,17447,-27737,-1
1391,0,32768,0,-21024,17488,-27712,0
1392,0,32768,0,-20992,17532,-27684,-1
1393,0,32768,0,-20960,17572,-27658,1
1394,0,32768,0,-20928,17616,-27630,0
1395,0,32768,0,-20896,17660,-27602,-1
1396,0,32768,0,-20864,17700,-27576,0
1397,0,32768,0,-20832,17744,-27548,-1
1398,0,32768,0,-20800,17784,-27522,1
1399,0,32768,0,-20768,17828,-27494,-1
1400,0,32768,0,-20736,17868,-27468,1
1401,0,32768,0,-20704,17912,-27439,0
1402,0,32768,0,-20672,17955,-27411,-1
1403,0,32768,0,-20640,17995,-27384,0
1404,0,32768,0,-20608,18039,-27356,-1
1405,0,32768,0,-20576,18079,-27329,1
1406,0,32768,0,-20544,18122,-27301,-1
1407,0,32768,0,-20512,18162,-27274,1
1408,0,32768,0,-20480,18205,-27245,0
1409,0,32768,0,-20448,18245,-27219,1
1410,0,32768,0,-20416,18288,-27190,0
1411,0,32768,0,-20384,18331,-27161,-1
1412,0,32768,0,-20352,18372,-27134,0
1413,0,32768,0,-20320,18414,-27105,-1
1414,0,32768,0,-20288,18454,-27077,1
1415,0,32768,0,-20256,18497,-27048,0
1416,0,32768,0,-20224,18537,-27021,1
1417,0,32768,0,-20192,18579,-26992,0
1418,0,32768,0,-20160,18622,-26962,-1
1419,0,32768,0,-20128,18662,-26935,0
1420,0,32768,0,-20096,18704,-26905,-1
1421,0,32768,0,-20064,18744,-26878,1
1422,0,32768,0,-20032,18787,-26848,0
1423,0,32768,0,-20000,18826,-26821,1
1424,0,32768,0,-19968,18868,-26790,0
1425,0,32768,0,-19936,18911,-26760,-1
1426,0,32768,0,-19904,18950,-26733,0
1427,0,32768,0,-19872,18992,-26703,-1
1428,0,32768,0,-19840,19032,-26675,1
1429,0,32768,0,-19808,19074,-26645,-1
1430,0,32768,0,-19776,19113,-26617,1
1431,0,32768,0,-19744,19155,-26586,0
1432,0,32768,0,-19712,19194,-26558,1
1433,0,32768,0,-19680,19236,-26528,0
1434,0,32768,0,-19648,19277,-26497,-1
1435,0,32768,0,-19616,19316,-26469,1
1436,0,32768,0,-19584,19358,-26439,0
1437,0,32768,0,-19552,19400,-26408,-1
1438,0,32768,0,-19520,19439,-26379,0
1439,0,32768,0,-19488,19481,-26348,-1
1440,0,32768,0,-19456,19519,-26320,1
1441,0,32768,0,-19424,19561,-26289,-1
1442,0,32768,0,-19392,19600,-26260,1
1443,0,32768,0,-19360,19641,-26229,0
1444,0,32768,0,-19328,19680,-26201,1
1445,0,32768,0,-19296,19721,-26169,0
1446,0,32768,0,-19264,19763,-26138,-1
1447,0,32768,0,-19232,19801,-26109,0
1448,0,32768,0,-19200,19842,-26077,-1
1449,0,32768,0,-19168,19881,-26048,1
1450,0,32768,0,-19136,19922,-26017,0
1451,0,32768,0,-19104,19960,-25988,1
1452,0,32768,0,-19072,20001,-25956,0
1453,0,32768,0,-19040,20042,-25924,-1
1454,0,32768,0,-19008,20080,-25895,0
1455,0,32768,0,-18976,20121,-25863,-1
1456,0,32768,0,-18944,20159,-25833,1
1457,0,32768,0,-18912,20200,-25801,0
1458,0,32768,0,-18880,20238,-25772,1
1459,0,32768,0,-18848,20279,-25739,0
1460,0,32768,0,-18816,20320,-25707,-1
1461,0,32768,0,-18784,20357,-25677,0
1462,0,32768,0,-18752,20398,-25645,-1
1463,0,32768,0,-18720,20436,-25615,1
1464,0,32768,0,-18688,20476,-25583,-1
1465,0,32768,0,-18656,20514,-25553,1
1466,0,32768,0,-18624,20554,-25520,0
1467,0,32768,0,-18592,20591,-25490,1
1468,0,32768,0,-18560,20632,-25457,0
1469,0,32768,0,-18528,20672,-25425,-1
1470,0,32768,0,-18496,20710,-25394,0
1471,0,32768,0,-18464,20750,-25361,-1
1472,0,32768,0,-18432,20787,-25331,1
1473,0,32768,0,-18400,20827,-25298,0
1474,0,32768,0,-18368,20864,-25267,1
1475,0,32768,0,-18336,20904,-25234,0
1476,0,32768,0,-18304,20944,-25201,-1
1477,0,32768,0,-18272,20981,-25171,1
1478,0,32768,0,-18240,21021,-25137,0
1479,0,32768,0,-18208,21057,-25106,1
1480,0,32768,0,-18176,21097,-25073,0
1481,0,32768,0,-18144,21137,-25039,-1
1482,0,32768,0,-18112,21174,-25008,0
1483,0,32768,0,-18080,21213,-24975,-1
1484,0,32768,0,-18048,21250,-24944,1
1485,0,32768,0,-18016,21289,-24910,0
1486,0,32768,0,-17984,21326,-24878,1
1487,0,32768,0,-17952,21365,-24845,0
1488,0,32768,0,-17920,21405,-24811,-1
1489,0,32768,0,-17888,21441,-24780,0
1490,0,32768,0,-17856,21480,-24745,-1
1491,0,32768,0,-17824,21517,-24714,1
1492,0,32768,0,-17792,21556,-24680,-1
1493,0,32768,0,-17760,21592,-24648,1
1494,0,32768,0,-17728,21631,-24614,0
1495,0,32768,0,-17696,21670,-24579,-1
1496,0,32768,0,-17664,21706,-24548,0
1497,0,32768,0,-17632,21745,-24513,-1
1498,0,32768,0,-17600,21781,-24482,1
1499,0,32768,0,-17568,21820,-24447,-1
1500,0,32768,0,-17536,21855,-24415,1
1501,0,32768,0,-17504,21894,-24380,0
1502,0,32768,0,-17472,21930,-24348,1
1503,0,32768,0,-17440,21969,-24313,0
1504,0,32768,0,-17408,22007,-24279,-1
1505,0,32768,0,-17376,22043,-24246,0
1506,0,32768,0,-17344,22081,-24211,-1
1507,0,32768,0,-17312,22116,-24179,1
1508,0,32768,0,-17280,22155,-24144,0
1509,0,32768,0,-17248,22190,-24111,1
1510,0,32768,0,-17216,22228,-24076,0
1511,0,32768,0,-17184,22267,-24041,-1
1512,0,32768,0,-17152,22302,-24008,0
1513,0,32768,0,-17120,22340,-23973,-1
1514,0,32768,0,-17088,22375,-23940,1
1515,0,32768,0,-17056,22413,-23905,0
1516,0,32768,0,-17024,22450,-23869,-1
1517,0,32768,0,-16992,22485,-23836,0
1518,0,32768,0,-16960,22523,-23800,-1
1519,0,32768,0,-16928,22558,-23767,1
1520,0,32768,0,-16896,22596,-23732,0
1521,0,32768,0,-16864,22630,-23698,1
1522,0,32768,0,-16832,22668,-23663,0
1523,0,32768,0,-16800,22705,-23626,-1
1524,0,32768,0,-16768,22740,-23593,0
1525,0,32768,0,-16736,22778,-23557,-1
1526,0,32768,0,-16704,22812,-23524,1
1527,0,32768,0,-16672,22849,-23487,-1
1528,0,32768,0,-16640,22883,-23454,1
1529,0,32768,0,-16608,22921,-23418,0
1530,0,32768,0,-16576,22955,-23384,1
1531,0,32768,0,-16544,22992,-23348,0
1532,0,32768,0,-16512,23029,-23311,-1
1533,0,32768,0,-16480,23063,-23277,0
1534,0,32768,0,-16448,23100,-23241,-1
1535,0,32768,0,-16416,23134,-23207,1
1536,0,32768,0,-16384,23170,-23171,0
1537,0,32768,0,-16352,23207,-23134,-1
1538,0,32768,0,-16320,23241,-23100,1
1539,0,32768,0,-16288,23277,-23063,0
1540,0,32768,0,-16256,23311,-23029,1
1541,0,32768,0,-16224,23348,-22992,0
1542,0,32768,0,-16192,23384,-22955,-1
1543,0,32768,0,-16160,23418,-22921,0
1544,0,32768,0,-16128,23454,-22884,-1
1545,0,32768,0,-16096,23488,-22849,1
1546,0,32768,0,-16064,23524,-22812,-1
1547,0,32768,0,-16032,23557,-22777,1
1548,0,32768,0,-16000,23593,-22740,0
1549,0,32768,0,-15968,23629,-22702,-1
1550,0,32768,0,-15936,23663,-22668,0
1551,0,32768,0,-15904,23699,-22630,-1
1552,0,32768,0,-15872,23732,-22595,0
1553,0,32768,0,-15840,23767,-22558,-1
1554,0,32768,0,-15808,23800,-22523,1
1555,0,32768,0,-15776,23836,-22485,0
1556,0,32768,0,-15744,23869,-22450,1
1557,0,32768,0,-15712,23904,-22412,0
1558,0,32768,0,-15680,23940,-22375,-1
1559,0,32768,0,-15648,23972,-22340,1
1560,0,32768,0,-15616,24008,-22301,0
1561,0,32768,0,-15584,24041,-22266,1
1562,0,32768,0,-15552,24076,-22228,0
1563,0,32768,0,-15520,24111,-22190,-1
1564,0,32768,0,-15488,24144,-22155,0
1565,0,32768,0,-15456,24179,-22116,-1
1566,0,32768,0,-15424,24211,-22081,1
1567,0,32768,0,-15392,24246,-22042,0
1568,0,32768,0,-15360,24278,-22007,1
1569,0,32768,0,-15328,24313,-21968,0
1570,0,32768,0,-15296,24348,-21930,-1
1571,0,32768,0,-15264,24380,-21894,0
1572,0,32768,0,-15232,24415,-21855,-1
1573,0,32768,0,-15200,24447,-21820,1
1574,0,32768,0,-15168,24481,-21780,-1
1575,0,32768,0,-15136,24513,-21745,1
1576,0,32768,0,-15104,24548,-21706,0
1577,0,32768,0,-15072,24582,-21667,-1
1578,0,32768,0,-15040,24614,-21631,0
1579,0,32768,0,-15008,24648,-21592,-1
1580,0,32768,0,-14976,24680,-21556,1
1581,0,32768,0,-14944,24714,-21516,-1
1582,0,32768,0,-14912,24746,-21480,1
1583,0,32768,0,-14880,24780,-21441,0
1584,0,32768,0,-14848,24814,-21402,-1
1585,0,32768,0,-14816,24845,-21365,0
1586,0,32768,0,-14784,24879,-21326,-1
1587,0,32768,0,-14752,24910,-21289,0
1588,0,32768,0,-14720,24944,-21250,-1
1589,0,32768,0,-14688,24975,-21213,1
1590,0,32768,0,-14656,25008,-21173,0
1591,0,32768,0,-14624,25039,-21137,1
1592,0,32768,0,-14592,25073,-21097,0
1593,0,32768,0,-14560,25107,-21057,-1
1594,0,32768,0,-14528,25137,-21021,0
1595,0,32768,0,-14496,25171,-20981,-1
1596,0,32768,0,-14464,25201,-20944,1
1597,0,32768,0,-14432,25235,-20904,0
1598,0,32768,0,-14400,25267,-20864,-1
1599,0,32768,0,-14368,25298,-20827,0
1600,0,32768,0,-14336,25330,-20787,-1
1601,0,32768,0,-14304,25361,-20750,1
1602,0,32768,0,-14272,25394,-20709,0
1603,0,32768,0,-14240,25424,-20672,1
1604,0,32768,0,-14208,25457,-20632,0
1605,0,32768,0,-14176,25490,-20592,-1
1606,0,32768,0,-14144,25520,-20554,0
1607,0,32768,0,-14112,25553,-20513,-1
1608,0,32768,0,-14080,25583,-20476,1
1609,0,32768,0,-14048,25615,-20435,-1
1610,0,32768,0,-14016,25645,-20398,1
1611,0,32768,0,-13984,25677,-20357,0
1612,0,32768,0,-13952,25707,-20320,1
1613,0,32768,0,-13920,25739,-20279,0
1614,0,32768,0,-13888,25772,-20238,-1
1615,0,32768,0,-13856,25801,-20200,0
1616,0,32768,0,-13824,25833,-20159,-1
1617,0,32768,0,-13792,25863,-20121,1
1618,0,32768,0,-13760,25894,-20080,0
1619,0,32768,0,-13728,25924,-20042,1
1620,0,32768,0,-13696,25956,-20001,0
1621,0,32768,0,-13664,25987,-19960,-1
1622,0,32768,0,-13632,26017,-19922,0
1623,0,32768,0,-13600,26048,-19880,-1
1624,0,32768,0,-13568,26077,-19842,1
1625,0,32768,0,-13536,26109,-19801,0
1626,0,32768,0,-13504,26138,-19763,1
1627,0,32768,0,-13472,26169,-19721,0
1628,0,32768,0,-13440,26200,-19679,-1
1629,0,32768,0,-13408,26229,-19641,0
1630,0,32768,0,-13376,26260,-19600,-1
1631,0,32768,0,-13344,26289,-19561,1
1632,0,32768,0,-13312,26320,-19519,-1
1633,0,32768,0,-13280,26349,-19481,1
1634,0,32768,0,-13248,26379,-19439,0
1635,0,32768,0,-13216,26410,-19397,-1
1636,0,32768,0,-13184,26439,-19358,0
1637,0,32768,0,-13152,26469,-19316,-1
1638,0,32768,0,-13120,26498,-19278,1
1639,0,32768,0,-13088,26528,-19236,0
1640,0,32768,0,-13056,26558,-19194,-1
1641,0,32768,0,-13024,26586,-19155,0
1642,0,32768,0,-12992,26617,-19112,-1
1643,0,32768,0,-12960,26645,-19074,1
1644,0,32768,0,-12928,26675,-19031,-1
1645,0,32768,0,-12896,26703,-18992,1
1646,0,32768,0,-12864,26733,-18950,0
1647,0,32768,0,-12832,26761,-18911,1
1648,0,32768,0,-12800,26791,-18868,0
1649,0,32768,0,-12768,26820,-18826,-1
1650,0,32768,0,-12736,26848,-18786,0
1651,0,32768,0,-12704,26878,-18744,-1
1652,0,32768,0,-12672,26905,-18704,1
1653,0,32768,0,-12640,26935,-18662,0
1654,0,32768,0,-12608,26962,-18622,1
1655,0,32768,0,-12576,26992,-18579,0
1656,0,32768,0,-12544,27021,-18536,-1
1657,0,32768,0,-12512,27048,-18497,0
1658,0,32768,0,-12480,27078,-18454,-1
1659,0,32768,0,-12448,27105,-18414,1
1660,0,32768,0,-12416,27134,-18371,0
1661,0,32768,0,-12384,27161,-18331,1
1662,0,32768,0,-12352,27190,-18288,0
1663,0,32768,0,-12320,27219,-18245,-1
1664,0,32768,0,-12288,27245,-18205,0
1665,0,32768,0,-12256,27274,-18162,-1
1666,0,32768,0,-12224,27301,-18122,1
1667,0,32768,0,-12192,27330,-18079,-1
1668,0,32768,0,-12160,27356,-18039,1
1669,0,32768,0,-12128,27385,-17995,0
1670,0,32768,0,-12096,27413,-17952,-1
1671,0,32768,0,-12064,27439,-17912,0
1672,0,32768,0,-12032,27468,-17868,-1
1673,0,32768,0,-12000,27494,-17828,1
1674,0,32768,0,-11968,27522,-17784,-1
1675,0,32768,0,-11936,27548,-17744,1
1676,0,32768,0,-11904,27577,-17700,0
1677,0,32768,0,-11872,27602,-17660,1
1678,0,32768,0,-11840,27630,-17616,0
1679,0,32768,0,-11808,27658,-17572,-1
1680,0,32768,0,-11776,27684,-17531,1
1681,0,32768,0,-11744,27711,-17488,0
1682,0,32768,0,-11712,27737,-17447,1
1683,0,32768,0,-11680,27765,-17403,0
1684,0,32768,0,-11648,27792,-17359,-1
1685,0,32768,0,-11616,27818,-17318,0
1686,0,32768,0,-11584,27845,-17274,-1
1687,0,32768,0,-11552,27870,-17233,1
1688,0,32768,0,-11520,27898,-17189,-1
1689,0,32768,0,-11488,27923,-17148,1
1690,0,32768,0,-11456,27950,-17104,0
1691,0,32768,0,-11424,27975,-17063,1
1692,0,32768,0,-11392,28002,-17018,0
1693,0,32768,0,-11360,28029,-16974,-1
1694,0,32768,0,-11328,28054,-16933,0
1695,0,32768,0,-11296,28081,-16888,-1
1696,0,32768,0,-11264,28106,-16847,1
1697,0,32768,0,-11232,28132,-16803,0
1698,0,32768,0,-11200,28157,-16761,1
1699,0,32768,0,-11168,28183,-16717,0
1700,0,32768,0,-11136,28210,-16672,-1
1701,0,32768,0,-11104,28234,-16631,0
1702,0,32768,0,-11072,28261,-16586,-1
1703,0,32768,0,-11040,28285,-16544,1
1704,0,32768,0,-11008,28311,-16499,0
1705,0,32768,0,-10976,28335,-16458,1
1706,0,32768,0,-10944,28361,-16413,0
1707,0,32768,0,-10912,28387,-16368,-1
1708,0,32768,0,-10880,28411,-16326,0
1709,0,32768,0,-10848,28437,-16281,-1
1710,0,32768,0,-10816,28461,-16240,1
1711,0,32768,0,-10784,28487,-16194,0
1712,0,32768,0,-10752,28510,-16153,1
1713,0,32768,0,-10720,28536,-16107,0
1714,0,32768,0,-10688,28561,-16062,-1
1715,0,32768,0,-10656,28585,-16020,0
1716,0,32768,0,-10624,28610,-15975,-1
1717,0,32768,0,-10592,28634,-15933,1
1718,0,32768,0,-10560,28659,-15888,-1
1719,0,32768,0,-10528,28684,-15842,-1
1720,0,32768,0,-10496,28707,-15800,0
1721,0,32768,0,-10464,28732,-15755,-1
1722,0,32768,0,-10432,28755,-15713,1
1723,0,32768,0,-10400,28780,-15667,-1
1724,0,32768,0,-10368,28803,-15625,1
1725,0,32768,0,-10336,28828,-15579,0
1726,0,32768,0,-10304,28850,-15537,1
1727,0,32768,0,-10272,28875,-15491,0
1728,0,32768,0,-10240,28900,-15445,-1
1729,0,32768,0,-10208,28922,-15403,0
1730,0,32768,0,-10176,28947,-15357,-1
1731,0,32768,0,-10144,28969,-15315,1
1732,0,32768,0,-10112,28993,-15269,0
1733,0,32768,0,-10080,29016,-15226,1
1734,0,32768,0,-10048,29040,-15180,0
1735,0,32768,0,-10016,29064,-15134,-1
1736,0,32768,0,-9984,29086,-15091,0
1737,0,32768,0,-9952,29110,-15045,-1
1738,0,32768,0,-9920,29132,-15003,1
1739,0,32768,0,-9888,29156,-14956,0
1740,0,32768,0,-9856,29177,-14913,1
1741,0,32768,0,-9824,29201,-14867,0
1742,0,32768,0,-9792,29225,-14821,-1
1743,0,32768,0,-9760,29246,-14778,0
1744,0,32768,0,-9728,29270,-14732,-1
1745,0,32768,0,-9696,29291,-14689,1
1746,0,32768,0,-9664,29315,-14642,0
1747,0,32768,0,-9632,29336,-14599,1
1748,0,32768,0,-9600,29359,-14553,0
1749,0,32768,0,-9568,29382,-14506,-1
1750,0,32768,0,-9536,29403,-14463,0
1751,0,32768,0,-9504,29426,-14417,-1
1752,0,32768,0,-9472,29448,-14374,1
1753,0,32768,0,-9440,29470,-14327,-1
1754,0,32768,0,-9408,29491,-14283,1
1755,0,32768,0,-9376,29514,-14237,0
1756,0,32768,0,-9344,29535,-14193,1
1757,0,32768,0,-9312,29557,-14147,0
1758,0,32768,0,-9280,29580,-14100,-1
1759,0,32768,0,-9248,29600,-14056,0
1760,0,32768,0,-9216,29622,-14010,0
1761,0,32768,0,-9184,29643,-13966,1
1762,0,32768,0,-9152,29665,-13919,0
1763,0,32768,0,-9120,29687,-13872,-1
1764,0,32768,0,-9088,29707,-13829,0
1765,0,32768,0,-9056,29729,-13781,-1
1766,0,32768,0,-9024,29749,-13738,1
1767,0,32768,0,-8992,29771,-13691,0
1768,0,32768,0,-8960,29791,-13647,1
1769,0,32768,0,-8928,29813,-13600,0
1770,0,32768,0,-8896,29834,-13552,-1
1771,0,32768,0,-8864,29854,-13509,0
1772,0,32768,0,-8832,29875,-13461,-1
1773,0,32768,0,-8800,29895,-13418,1
1774,0,32768,0,-8768,29916,-13370,0
1775,0,32768,0,-8736,29936,-13326,1
1776,0,32768,0,-8704,29957,-13279,0
1777,0,32768,0,-8672,29977,-13235,1
1778,0,32768,0,-8640,29997,-13187,0
1779,0,32768,0,-8608,30018,-13140,-1
1780,0,32768,0,-8576,30037,-13096,1
1781,0,32768,0,-8544,30058,-13048,0
1782,0,32768,0,-8512,30077,-13004,1
1783,0,32768,0,-8480,30098,-12956,0
1784,0,32768,0,-8448,30117,-12912,1
1785,0,32768,0,-8416,30137,-12865,0
1786,0,32768,0,-8384,30158,-12817,-1
1787,0,32768,0,-8352,30176,-12772,0
1788,0,32768,0,-8320,30197,-12725,-1
1789,0,32768,0,-8288,30215,-12680,1
1790,0,32768,0,-8256,30235,-12632,0
1791,0,32768,0,-8224,30254,-12588,1
1792,0,32768,0,-8192,30274,-12540,0
1793,0,32768,0,-8160,30294,-12492,-1
1794,0,32768,0,-8128,30312,-12447,0
1795,0,32768,0,-8096,30332,-12400,-1
1796,0,32768,0,-8064,30350,-12355,1
1797,0,32768,0,-8032,30369,-12307,0
1798,0,32768,0,-8000,30387,-12262,1
1799,0,32768,0,-7968,30407,-12214,0
1800,0,32768,0,-7936,30426,-12166,-1
1801,0,32768,0,-7904,30444,-12122,1
1802,0,32768,0,-7872,30463,-12073,0
1803,0,32768,0,-7840,30480,-12029,1
1804,0,32768,0,-7808,30500,-11980,0
1805,0,32768,0,-7776,30519,-11932,-1
1806,0,32768,0,-7744,30536,-11887,0
1807,0,32768,0,-7712,30555,-11839,-1
1808,0,32768,0,-7680,30572,-11794,1
1809,0,32768,0,-7648,30591,-11746,0
1810,0,32768,0,-7616,30608,-11701,1
1811,0,32768,0,-7584,30626,-11652,0
1812,0,32768,0,-7552,30643,-11607,1
1813,0,32768,0,-7520,30662,-11559,0
1814,0,32768,0,-7488,30680,-11510,-1
1815,0,32768,0,-7456,30697,-11465,0
1816,0,32768,0,-7424,30715,-11416,-1
1817,0,32768,0,-7392,30732,-11371,1
1818,0,32768,0,-7360,30750,-11322,0
1819,0,32768,0,-7328,30767,-11277,1
1820,0,32768,0,-7296,30784,-11229,0
1821,0,32768,0,-7264,30802,-11180,-1
1822,0,32768,0,-7232,30818,-11135,0
1823,0,32768,0,-7200,30836,-11086,-1
1824,0,32768,0,-7168,30852,-11041,1
1825,0,32768,0,-7136,30870,-10992,0
1826,0,32768,0,-7104,30886,-10946,1
1827,0,32768,0,-7072,30903,-10897,0
1828,0,32768,0,-7040,30920,-10848,-1
1829,0,32768,0,-7008,30936,-10803,0
1830,0,32768,0,-6976,30953,-10754,-1
1831,0,32768,0,-6944,30969,-10708,1
1832,0,32768,0,-6912,30986,-10659,0
1833,0,32768,0,-6880,31002,-10614,1
1834,0,32768,0,-6848,31019,-10565,0
1835,0,32768,0,-6816,31035,-10516,-1
1836,0,32768,0,-6784,31050,-10470,0
1837,0,32768,0,-6752,31067,-10421,-1
1838,0,32768,0,-6720,31082,-10375,1
1839,0,32768,0,-6688,31098,-10326,0
1840,0,32768,0,-6656,31115,-10277,-1
1841,0,32768,0,-6624,31130,-10231,0
1842,0,32768,0,-6592,31146,-10182,-1
1843,0,32768,0,-6560,31161,-10136,1
1844,0,32768,0,-6528,31177,-10087,0
1845,0,32768,0,-6496,31192,-10041,1
1846,0,32768,0,-6464,31207,-9992,0
1847,0,32768,0,-6432,31223,-9942,-1
1848,0,32768,0,-6400,31238,-9897,0
1849,0,32768,0,-6368,31253,-9847,-1
1850,0,32768,0,-6336,31268,-9801,1
1851,0,32768,0,-6304,31283,-9751,-1
1852,0,32768,0,-6272,31298,-9706,1
1853,0,32768,0,-6240,31313,-9656,0
1854,0,32768,0,-6208,31327,-9610,1
1855,0,32768,0,-6176,31342,-9560,0
1856,0,32768,0,-6144,31357,-9511,-1
1857,0,32768,0,-6112,31371,-9465,1
1858,0,32768,0,-6080,31386,-9415,-1
1859,0,32768,0,-6048,31400,-9369,1
1860,0,32768,0,-6016,31415,-9319,0
1861,0,32768,0,-5984,31428,-9273,1
1862,0,32768,0,-5952,31443,-9223,0
1863,0,32768,0,-5920,31458,-9173,-1
1864,0,32768,0,-5888,31471,-9127,0
1865,0,32768,0,-5856,31486,-9077,-1
1866,0,32768,0,-5824,31499,-9031,1
1867,0,32768,0,-5792,31513,-8981,0
1868,0,32768,0,-5760,31526,-8935,1
1869,0,32768,0,-5728,31540,-8885,0
1870,0,32768,0,-5696,31555,-8835,-1
1871,0,32768,0,-5664,31568,-8789,0
1872,0,32768,0,-5632,31581,-8739,-1
1873,0,32768,0,-5600,31594,-8692,1
1874,0,32768,0,-5568,31608,-8642,0
1875,0,32768,0,-5536,31620,-8596,1
1876,0,32768,0,-5504,31634,-8546,0
1877,0,32768,0,-5472,31647,-8496,-1
1878,0,32768,0,-5440,31660,-8449,1
1879,0,32768,0,-5408,31673,-8399,0
1880,0,32768,0,-5376,31686,-8353,1
1881,0,32768,0,-5344,31699,-8303,0
1882,0,32768,0,-5312,31712,-8252,-1
1883,0,32768,0,-5280,31724,-8206,0
1884,0,32768,0,-5248,31737,-8155,-1
1885,0,32768,0,-5216,31749,-8109,1
1886,0,32768,0,-5184,31762,-8059,-1
1887,0,32768,0,-5152,31773,-8012,1
1888,0,32768,0,-5120,31786,-7962,0
1889,0,32768,0,-5088,31798,-7915,1
1890,0,32768,0,-5056,31810,-7865,0
1891,0,32768,0,-5024,31823,-7814,-1
1892,0,32768,0,-4992,31834,-7767,0
1893,0,32768,0,-4960,31846,-7717,-1
1894,0,32768,0,-4928,31858,-7670,1
1895,0,32768,0,-4896,31870,-7620,0
1896,0,32768,0,-4864,31881,-7573,1
1897,0,32768,0,-4832,31893,-7522,0
1898,0,32768,0,-4800,31905,-7472,-1
1899,0,32768,0,-4768,31916,-7425,0
1900,0,32768,0,-4736,31928,-7374,-1
1901,0,32768,0,-4704,31938,-7328,1
1902,0,32768,0,-4672,31950,-7277,0
1903,0,32768,0,-4640,31960,-7230,1
1904,0,32768,0,-4608,31972,-7180,0
1905,0,32768,0,-4576,31983,-7129,-1
1906,0,32768,0,-4544,31994,-7082,0
1907,0,32768,0,-4512,32005,-7031,-1
1908,0,32768,0,-4480,32015,-6984,1
1909,0,32768,0,-4448,32026,-6933,0
1910,0,32768,0,-4416,32036,-6886,1
1911,0,32768,0,-4384,32047,-6836,0
1912,0,32768,0,-4352,32058,-6785,-1
1913,0,32768,0,-4320,32068,-6738,0
1914,0,32768,0,-4288,32079,-6687,-1
1915,0,32768,0,-4256,32088,-6640,1
1916,0,32768,0,-4224,32099,-6589,-1
1917,0,32768,0,-4192,32109,-6538,-1
1918,0,32768,0,-4160,32119,-6491,0
1919,0,32768,0,-4128,32129,-6441,-1
1920,0,32768,0,-4096,32138,-6393,1
1921,0,32768,0,-4064,32148,-6342,-1
1922,0,32768,0,-4032,32157,-6295,1
1923,0,32768,0,-4000,32168,-6244,0
1924,0,32768,0,-3968,32177,-6197,1
1925,0,32768,0,-3936,32187,-6146,0
1926,0,32768,0,-3904,32196,-6095,-1
1927,0,32768,0,-3872,32205,-6048,0
1928,0,32768,0,-3840,32215,-5997,-1
1929,0,32768,0,-3808,32223,-5949,1
1930,0,32768,0,-3776,32233,-5898,0
1931,0,32768,0,-3744,32241,-5851,1
1932,0,32768,0,-3712,32251,-5800,0
1933,0,32768,0,-3680,32260,-5749,-1
1934,0,32768,0,-3648,32268,-5702,0
1935,0,32768,0,-3616,32277,-5650,-1
1936,0,32768,0,-3584,32286,-5603,1
1937,0,32768,0,-3552,32295,-5552,0
1938,0,32768,0,-3520,32302,-5505,1
1939,0,32768,0,-3488,32311,-5453,0
1940,0,32768,0,-3456,32320,-5402,-1
1941,0,32768,0,-3424,32328,-5355,0
1942,0,32768,0,-3392,32336,-5304,-1
1943,0,32768,0,-3360,32344,-5256,1
1944,0,32768,0,-3328,32352,-5205,0
1945,0,32768,0,-3296,32360,-5157,1
1946,0,32768,0,-3264,32368,-5106,0
1947,0,32768,0,-3232,32375,-5059,1
1948,0,32768,0,-3200,32383,-5007,0
1949,0,32768,0,-3168,32391,-4956,-1
1950,0,32768,0,-3136,32398,-4908,0
1951,0,32768,0,-3104,32406,-4857,-1
1952,0,32768,0,-3072,32413,-4810,1
1953,0,32768,0,-3040,32421,-4758,0
1954,0,32768,0,-3008,32428,-4710,1
1955,0,32768,0,-2976,32435,-4659,0
1956,0,32768,0,-2944,32443,-4608,-1
1957,0,32768,0,-2912,32449,-4560,0
1958,0,32768,0,-2880,32456,-4509,0
1959,0,32768,0,-2848,32463,-4461,1
1960,0,32768,0,-2816,32470,-4410,0
1961,0,32768,0,-2784,32477,-4358,-1
1962,0,32768,0,-2752,32483,-4311,0
1963,0,32768,0,-2720,32490,-4259,-1
1964,0,32768,0,-2688,32496,-4212,1
1965,0,32768,0,-2656,32503,-4160,0
1966,0,32768,0,-2624,32509,-4113,1
1967,0,32768,0,-2592,32516,-4061,0
1968,0,32768,0,-2560,32522,-4009,-1
1969,0,32768,0,-2528,32528,-3962,0
1970,0,32768,0,-2496,32534,-3910,-1
1971,0,32768,0,-2464,32540,-3862,1
1972,0,32768,0,-2432,32546,-3811,0
1973,0,32768,0,-2400,32551,-3763,1
1974,0,32768,0,-2368,32557,-3711,0
1975,0,32768,0,-2336,32563,-3664,1
1976,0,32768,0,-2304,32569,-3612,0
1977,0,32768,0,-2272,32574,-3560,-1
1978,0,32768,0,-2240,32579,-3513,1
1979,0,32768,0,-2208,32585,-3461,0
1980,0,32768,0,-2176,32590,-3413,1
1981,0,32768,0,-2144,32595,-3362,0
1982,0,32768,0,-2112,32600,-3314,1
1983,0,32768,0,-2080,32605,-3262,0
1984,0,32768,0,-2048,32610,-3210,-1
1985,0,32768,0,-2016,32615,-3163,0
1986,0,32768,0,-1984,32620,-3111,-1
1987,0,32768,0,-1952,32625,-3063,1
1988,0,32768,0,-1920,32630,-3011,0
1989,0,32768,0,-1888,32634,-2963,1
1990,0,32768,0,-1856,32639,-2912,0
1991,0,32768,0,-1824,32643,-2860,-1
1992,0,32768,0,-1792,32647,-2812,0
1993,0,32768,0,-1760,32652,-2760,-1
1994,0,32768,0,-1728,32656,-2712,1
1995,0,32768,0,-1696,32660,-2661,0
1996,0,32768,0,-1664,32664,-2613,1
1997,0,32768,0,-1632,32668,-2561,0
1998,0,32768,0,-1600,32672,-2509,-1
1999,0,32768,0,-1568,32675,-2461,1
2000,0,32768,0,-1536,32679,-2410,-1
2001,0,32768,0,-1504,32683,-2362,1
2002,0,32768,0,-1472,32687,-2310,0
2003,0,32768,0,-1440,32690,-2262,1
2004,0,32768,0,-1408,32693,-2210,0
2005,0,32768,0,-1376,32697,-2158,-1
2006,0,32768,0,-1344,32700,-2110,0
2007,0,32768,0,-1312,32703,-2058,-1
2008,0,32768,0,-1280,32706,-2010,1
2009,0,32768,0,-1248,32709,-1959,0
2010,0,32768,0,-1216,32712,-1911,1
2011,0,32768,0,-1184,32715,-1859,0
2012,0,32768,0,-1152,32718,-1807,-1
2013,0,32768,0,-1120,32721,-1759,0
2014,0,32768,0,-1088,32724,-1707,-1
2015,0,32768,0,-1056,32726,-1659,1
2016,0,32768,0,-1024,32729,-1607,0
2017,0,32768,0,-992,32731,-1559,1
2018,0,32768,0,-960,32733,-1507,0
2019,0,32768,0,-928,32736,-1455,-1
2020,0,32768,0,-896,32738,-1407,0
2021,0,32768,0,-864,32740,-1355,-1
2022,0,32768,0,-832,32742,-1307,1
2023,0,32768,0,-800,32744,-1256,0
2024,0,32768,0,-768,32746,-1208,1
2025,0,32768,0,-736,32748,-1155,0
2026,0,32768,0,-704,32750,-1104,-1
2027,0,32768,0,-672,32751,-1056,0
2028,0,32768,0,-640,32753,-1004,-1
2029,0,32768,0,-608,32754,-956,0
2030,0,32768,0,-576,32756,-904,-1
2031,0,32768,0,-544,32757,-856,1
2032,0,32768,0,-512,32758,-804,0
2033,0,32768,0,-480,32759,-756,1
2034,0,32768,0,-448,32761,-704,0
2035,0,32768,0,-416,32762,-652,-1
2036,0,32768,0,-384,32763,-604,0
2037,0,32768,0,-352,32764,-552,-1
2038,0,32768,0,-320,32764,-504,1
2039,0,32768,0,-288,32765,-452,0
2040,0,32768,0,-256,32766,-400,-1
2041,0,32768,0,-224,32766,-352,0
2042,0,32768,0,-192,32767,-300,-1
2043,0,32768,0,-160,32767,-252,1
2044,0,32768,0,-128,32767,-200,0
2045,0,32768,0,-96,32768,-152,1
2046,0,32768,0,-64,32768,-100,0
2047,0,32768,0,-32,32768,-48,-1
2048,0,32768,0,0,32768,0,0
2049,0,32768,0,32,32768,48,1
2050,0,32768,0,64,32768,100,0
2051,0,32768,0,96,32768,152,-1
2052,0,32768,0,128,32767,200,0
2053,0,32768,0,160,32767,252,-1
2054,0,32768,0,192,32767,300,1
2055,0,32768,0,224,32766,352,0
2056,0,32768,0,256,32766,400,1
2057,0,32768,0,288,32765,452,0
2058,0,32768,0,320,32764,504,-1
2059,0,32768,0,352,32763,552,1
2060,0,32768,0,384,32763,604,0
2061,0,32768,0,416,32762,652,1
2062,0,32768,0,448,32761,704,0
2063,0,32768,0,480,32759,756,-1
2064,0,32768,0,512,32758,804,0
2065,0,32768,0,544,32757,856,-1
2066,0,32768,0,576,32755,904,1
2067,0,32768,0,608,32754,956,0
2068,0,32768,0,640,32753,1004,1
2069,0,32768,0,672,32751,1056,0
2070,0,32768,0,704,32750,1104,1
2071,0,32768,0,736,32748,1155,0
2072,0,32768,0,768,32746,1208,-1
2073,0,32768,0,800,32744,1256,0
2074,0,32768,0,832,32742,1307,-1
2075,0,32768,0,864,32740,1355,1
2076,0,32768,0,896,32738,1407,0
2077,0,32768,0,928,32736,1455,1
2078,0,32768,0,960,32734,1507,0
2079,0,32768,0,992,32731,1559,-1
2080,0,32768,0,1024,32729,1607,0
2081,0,32768,0,1056,32726,1659,-1
2082,0,32768,0,1088,32724,1707,1
2083,0,32768,0,1120,32721,1759,0
2084,0,32768,0,1152,32718,1807,1
2085,0,32768,0,1184,32715,1859,0
2086,0,32768,0,1216,32712,1911,-1
2087,0,32768,0,1248,32709,1959,0
2088,0,32768,0,1280,32707,2010,-1
2089,0,32768,0,1312,32703,2058,1
2090,0,32768,0,1344,32700,2110,0
2091,0,32768,0,1376,32697,2158,1
2092,0,32768,0,1408,32694,2210,0
2093,0,32768,0,1440,32690,2262,-1
2094,0,32768,0,1472,32687,2310,0
2095,0,32768,0,1504,32683,2362,-1
2096,0,32768,0,1536,32679,2410,1
2097,0,32768,0,1568,32676,2461,-1
2098,0,32768,0,1600,32672,2509,1
2099,0,32768,0,1632,32668,2561,0
2100,0,32768,0,1664,32664,2613,-1
2101,0,32768,0,1696,32660,2661,0
2102,0,32768,0,1728,32656,2713,-1
2103,0,32768,0,1760,32651,2760,1
2104,0,32768,0,1792,32647,2812,0
2105,0,32768,0,1824,32643,2860,1
2106,0,32768,0,1856,32638,2912,0
2107,0,32768,0,1888,32634,2964,-1
2108,0,32768,0,1920,32629,3012,0
2109,0,32768,0,1952,32625,3063,-1
2110,0,32768,0,1984,32620,3111,1
2111,0,32768,0,2016,32615,3163,0
2112,0,32768,0,2048,32610,3210,1
2113,0,32768,0,2080,32605,3262,0
2114,0,32768,0,2112,32600,3314,-1
2115,0,32768,0,2144,32595,3362,0
2116,0,32768,0,2176,32590,3413,-1
2117,0,32768,0,2208,32585,3461,0
2118,0,32768,0,2240,32580,3513,-1
2119,0,32768,0,2272,32574,3561,1
2120,0,32768,0,2304,32568,3612,0
2121,0,32768,0,2336,32563,3664,-1
2122,0,32768,0,2368,32557,3712,0
2123,0,32768,0,2400,32551,3763,-1
2124,0,32768,0,2432,32546,3811,0
2125,0,32768,0,2464,32540,3862,-1
2126,0,32768,0,2496,32534,3910,1
2127,0,32768,0,2528,32528,3962,0
2128,0,32768,0,2560,32522,4009,1
2129,0,32768,0,2592,32515,4061,0
2130,0,32768,0,2624,32509,4113,-1
2131,0,32768,0,2656,32503,4160,0
2132,0,32768,0,2688,32496,4212,-1
2133,0,32768,0,2720,32490,4259,1
2134,0,32768,0,2752,32483,4311,0
2135,0,32768,0,2784,32477,4359,1
2136,0,32768,0,2816,32470,4410,0
2137,0,32768,0,2848,32463,4461,-1
2138,0,32768,0,2880,32457,4509,0
2139,0,32768,0,2912,32449,4560,0
2140,0,32768,0,2944,32443,4608,1
2141,0,32768,0,2976,32435,4659,0
2142,0,32768,0,3008,32428,4711,-1
2143,0,32768,0,3040,32421,4758,0
2144,0,32768,0,3072,32413,4810,-1
2145,0,32768,0,3104,32406,4857,1
2146,0,32768,0,3136,32399,4908,0
2147,0,32768,0,3168,32391,4956,1
2148,0,32768,0,3200,32383,5007,0
2149,0,32768,0,3232,32375,5059,-1
2150,0,32768,0,3264,32368,5106,0
2151,0,32768,0,3296,32360,5157,-1
2152,0,32768,0,3328,32352,5205,0
2153,0,32768,0,3360,32344,5256,-1
2154,0,32768,0,3392,32336,5304,1
2155,0,32768,0,3424,32328,5355,0
2156,0,32768,0,3456,32320,5402,1
2157,0,32768,0,3488,32311,5453,0
2158,0,32768,0,3520,32303,5505,-1
2159,0,32768,0,3552,32294,5552,0
2160,0,32768,0,3584,32286,5603,-1
2161,0,32768,0,3616,32277,5650,1
2162,0,32768,0,3648,32268,5702,0
2163,0,32768,0,3680,32260,5749,1
2164,0,32768,0,3712,32251,5800,0
2165,0,32768,0,3744,32242,5851,-1
2166,0,32768,0,3776,32233,5898,0
2167,0,32768,0,3808,32224,5950,-1
2168,0,32768,0,3840,32215,5997,1
2169,0,32768,0,3872,32205,6048,0
2170,0,32768,0,3904,32196,6095,1
2171,0,32768,0,3936,32187,6146,0
2172,0,32768,0,3968,32177,6197,-1
2173,0,32768,0,4000,32168,6244,0
2174,0,32768,0,4032,32158,6295,-1
2175,0,32768,0,4064,32149,6342,1
2176,0,32768,0,4096,32138,6394,-1
2177,0,32768,0,4128,32129,6441,1
2178,0,32768,0,4160,32119,6492,0
2179,0,32768,0,4192,32109,6542,-1
2180,0,32768,0,4224,32099,6589,1
2181,0,32768,0,4256,32088,6640,-1
2182,0,32768,0,4288,32078,6687,1
2183,0,32768,0,4320,32068,6738,0
2184,0,32768,0,4352,32057,6789,-1
2185,0,32768,0,4384,32047,6836,0
2186,0,32768,0,4416,32036,6887,-1
2187,0,32768,0,4448,32026,6933,0
2188,0,32768,0,4480,32015,6984,-1
2189,0,32768,0,4512,32005,7031,1
2190,0,32768,0,4544,31994,7082,0
2191,0,32768,0,4576,31983,7129,1
2192,0,32768,0,4608,31972,7180,0
2193,0,32768,0,4640,31960,7230,-1
2194,0,32768,0,4672,31950,7277,0
2195,0,32768,0,4704,31938,7328,-1
2196,0,32768,0,4736,31928,7375,1
2197,0,32768,0,4768,31916,7425,0
2198,0,32768,0,4800,31905,7472,1
2199,0,32768,0,4832,31893,7523,0
2200,0,32768,0,4864,31881,7573,-1
2201,0,32768,0,4896,31870,7620,0
2202,0,32768,0,4928,31858,7670,-1
2203,0,32768,0,4960,31846,7717,1
2204,0,32768,0,4992,31834,7767,0
2205,0,32768,0,5024,31823,7814,1
2206,0,32768,0,5056,31810,7865,0
2207,0,32768,0,5088,31798,7915,-1
2208,0,32768,0,5120,31786,7962,0
2209,0,32768,0,5152,31774,8012,-1
2210,0,32768,0,5184,31762,8059,1
2211,0,32768,0,5216,31749,8109,-1
2212,0,32768,0,5248,31737,8155,1
2213,0,32768,0,5280,31724,8206,0
2214,0,32768,0,5312,31712,8252,1
2215,0,32768,0,5344,31699,8303,0
2216,0,32768,0,5376,31686,8353,-1
2217,0,32768,0,5408,31673,8399,0
2218,0,32768,0,5440,31660,8450,-1
2219,0,32768,0,5472,31648,8496,1
2220,0,32768,0,5504,31634,8546,0
2221,0,32768,0,5536,31621,8596,-1
2222,0,32768,0,5568,31608,8642,0
2223,0,32768,0,5600,31594,8692,-1
2224,0,32768,0,5632,31581,8739,1
2225,0,32768,0,5664,31567,8789,0
2226,0,32768,0,5696,31555,8835,1
2227,0,32768,0,5728,31541,8885,0
2228,0,32768,0,5760,31527,8935,-1
2229,0,32768,0,5792,31513,8981,0
2230,0,32768,0,5824,31499,9031,-1
2231,0,32768,0,5856,31486,9077,1
2232,0,32768,0,5888,31471,9127,0
2233,0,32768,0,5920,31458,9173,1
2234,0,32768,0,5952,31443,9223,0
2235,0,32768,0,5984,31429,9273,-1
2236,0,32768,0,6016,31415,9319,0
2237,0,32768,0,6048,31400,9369,-1
2238,0,32768,0,6080,31386,9415,1
2239,0,32768,0,6112,31372,9465,-1
2240,0,32768,0,6144,31358,9511,1
2241,0,32768,0,6176,31342,9561,0
2242,0,32768,0,6208,31327,9610,-1
2243,0,32768,0,6240,31313,9656,0
2244,0,32768,0,6272,31298,9706,-1
2245,0,32768,0,6304,31284,9752,1
2246,0,32768,0,6336,31268,9801,-1
2247,0,32768,0,6368,31254,9847,1
2248,0,32768,0,6400,31238,9897,0
2249,0,32768,0,6432,31224,9942,1
2250,0,32768,0,6464,31208,9992,0
2251,0,32768,0,6496,31192,10041,-1
2252,0,32768,0,6528,31177,10087,0
2253,0,32768,0,6560,31161,10137,-1
2254,0,32768,0,6592,31146,10182,1
2255,0,32768,0,6624,31130,10231,0
2256,0,32768,0,6656,31115,10277,1
2257,0,32768,0,6688,31099,10326,0
2258,0,32768,0,6720,31082,10375,-1
2259,0,32768,0,6752,31067,10421,1
2260,0,32768,0,6784,31050,10470,0
2261,0,32768,0,6816,31035,10516,1
2262,0,32768,0,6848,31018,10565,0
2263,0,32768,0,6880,31001,10614,-1
2264,0,32768,0,6912,30986,10659,0
2265,0,32768,0,6944,30969,10709,-1
2266,0,32768,0,6976,30953,10754,1
2267,0,32768,0,7008,30936,10803,0
2268,0,32768,0,7040,30920,10848,1
2269,0,32768,0,7072,30903,10897,0
2270,0,32768,0,7104,30886,10946,-1
2271,0,32768,0,7136,30870,10992,0
2272,0,32768,0,7168,30852,11041,-1
2273,0,32768,0,7200,30836,11086,1
2274,0,32768,0,7232,30818,11135,0
2275,0,32768,0,7264,30802,11180,1
2276,0,32768,0,7296,30784,11229,0
2277,0,32768,0,7328,30766,11278,-1
2278,0,32768,0,7360,30750,11323,0
2279,0,32768,0,7392,30732,11371,-1
2280,0,32768,0,7424,30715,11416,1
2281,0,32768,0,7456,30697,11465,0
2282,0,32768,0,7488,30680,11510,1
2283,0,32768,0,7520,30662,11559,0
2284,0,32768,0,7552,30643,11607,-1
2285,0,32768,0,7584,30626,11652,0
2286,0,32768,0,7616,30608,11701,-1
2287,0,32768,0,7648,30591,11746,0
2288,0,32768,0,7680,30572,11794,-1
2289,0,32768,0,7712,30555,11839,1
2290,0,32768,0,7744,30536,11887,0
2291,0,32768,0,7776,30518,11932,1
2292,0,32768,0,7808,30499,11980,0
2293,0,32768,0,7840,30481,12029,-1
2294,0,32768,0,7872,30463,12073,0
2295,0,32768,0,7904,30444,12122,-1
2296,0,32768,0,7936,30426,12166,1
2297,0,32768,0,7968,30406,12214,0
2298,0,32768,0,8000,30387,12262,-1
2299,0,32768,0,8032,30369,12307,0
2300,0,32768,0,8064,30350,12355,-1
2301,0,32768,0,8096,30331,12400,1
2302,0,32768,0,8128,30312,12448,0
2303,0,32768,0,8160,30294,12492,1
2304,0,32768,0,8192,30274,12540,0
2305,0,32768,0,8224,30254,12588,-1
2306,0,32768,0,8256,30235,12632,0
2307,0,32768,0,8288,30215,12680,-1
2308,0,32768,0,8320,30197,12725,1
2309,0,32768,0,8352,30176,12772,0
2310,0,32768,0,8384,30158,12817,1
2311,0,32768,0,8416,30137,12865,0
2312,0,32768,0,8448,30117,12912,-1
2313,0,32768,0,8480,30098,12956,0
2314,0,32768,0,8512,30077,13004,-1
2315,0,32768,0,8544,30058,13048,0
2316,0,32768,0,8576,30038,13096,-1
2317,0,32768,0,8608,30018,13140,1
2318,0,32768,0,8640,29997,13187,0
2319,0,32768,0,8672,29976,13235,-1
2320,0,32768,0,8704,29957,13279,0
2321,0,32768,0,8736,29936,13326,-1
2322,0,32768,0,8768,29916,13370,0
2323,0,32768,0,8800,29895,13418,-1
2324,0,32768,0,8832,29875,13461,1
2325,0,32768,0,8864,29854,13509,0
2326,0,32768,0,8896,29834,13552,1
2327,0,32768,0,8928,29813,13600,0
2328,0,32768,0,8960,29791,13647,-1
2329,0,32768,0,8992,29771,13691,0
2330,0,32768,0,9024,29749,13738,-1
2331,0,32768,0,9056,29729,13781,1
2332,0,32768,0,9088,29707,13829,0
2333,0,32768,0,9120,29687,13872,1
2334,0,32768,0,9152,29665,13919,0
2335,0,32768,0,9184,29643,13966,-1
2336,0,32768,0,9216,29622,14010,0
2337,0,32768,0,9248,29600,14057,0
2338,0,32768,0,9280,29579,14100,1
2339,0,32768,0,9312,29557,14147,0
2340,0,32768,0,9344,29535,14193,-1
2341,0,32768,0,9376,29514,14237,0
2342,0,32768,0,9408,29491,14283,-1
2343,0,32768,0,9440,29470,14327,1
2344,0,32768,0,9472,29447,14374,-1
2345,0,32768,0,9504,29426,14417,1
2346,0,32768,0,9536,29403,14463,0
2347,0,32768,0,9568,29380,14510,-1
2348,0,32768,0,9600,29359,14553,0
2349,0,32768,0,9632,29336,14599,-1
2350,0,32768,0,9664,29315,14642,0
2351,0,32768,0,9696,29291,14689,-1
2352,0,32768,0,9728,29270,14732,1
2353,0,32768,0,9760,29246,14778,0
2354,0,32768,0,9792,29225,14821,1
2355,0,32768,0,9824,29201,14867,0
2356,0,32768,0,9856,29178,14914,-1
2357,0,32768,0,9888,29156,14956,0
2358,0,32768,0,9920,29132,15003,-1
2359,0,32768,0,9952,29110,15045,1
2360,0,32768,0,9984,29086,15092,0
2361,0,32768,0,10016,29064,15134,1
2362,0,32768,0,10048,29040,15180,0
2363,0,32768,0,10080,29016,15226,-1
2364,0,32768,0,10112,28993,15269,0
2365,0,32768,0,10144,28969,15315,-1
2366,0,32768,0,10176,28947,15357,1
2367,0,32768,0,10208,28922,15403,0
2368,0,32768,0,10240,28900,15445,1
2369,0,32768,0,10272,28875,15491,0
2370,0,32768,0,10304,28851,15537,-1
2371,0,32768,0,10336,28828,15579,0
2372,0,32768,0,10368,28803,15625,-1
2373,0,32768,0,10400,28780,15667,1
2374,0,32768,0,10432,28755,15713,-1
2375,0,32768,0,10464,28732,15755,1
2376,0,32768,0,10496,28707,15800,0
2377,0,32768,0,10528,28684,15842,1
2378,0,32768,0,10560,28659,15888,1
2379,0,32768,0,10592,28634,15933,-1
2380,0,32768,0,10624,28610,15975,1
2381,0,32768,0,10656,28585,16020,0
2382,0,32768,0,10688,28560,16066,-1
2383,0,32768,0,10720,28536,16108,0
2384,0,32768,0,10752,28510,16153,-1
2385,0,32768,0,10784,28487,16194,0
2386,0,32768,0,10816,28461,16240,-1
2387,0,32768,0,10848,28437,16281,1
2388,0,32768,0,10880,28411,16327,0
2389,0,32768,0,10912,28387,16368,1
2390,0,32768,0,10944,28361,16413,0
2391,0,32768,0,10976,28335,16458,-1
2392,0,32768,0,11008,28311,16499,0
2393,0,32768,0,11040,28285,16544,-1
2394,0,32768,0,11072,28261,16586,1
2395,0,32768,0,11104,28234,16631,0
2396,0,32768,0,11136,28210,16672,1
2397,0,32768,0,11168,28183,16717,0
2398,0,32768,0,11200,28157,16761,-1
2399,0,32768,0,11232,28132,16803,0
2400,0,32768,0,11264,28105,16847,-1
2401,0,32768,0,11296,28081,16888,1
2402,0,32768,0,11328,28054,16933,0
2403,0,32768,0,11360,28029,16974,1
2404,0,32768,0,11392,28002,17018,0
2405,0,32768,0,11424,27975,17063,-1
2406,0,32768,0,11456,27950,17104,0
2407,0,32768,0,11488,27923,17148,-1
2408,0,32768,0,11520,27898,17189,1
2409,0,32768,0,11552,27870,17233,-1
2410,0,32768,0,11584,27845,17274,1
2411,0,32768,0,11616,27818,17318,0
2412,0,32768,0,11648,27792,17359,1
2413,0,32768,0,11680,27765,17403,0
2414,0,32768,0,11712,27737,17447,-1
2415,0,32768,0,11744,27712,17488,0
2416,0,32768,0,11776,27684,17532,-1
2417,0,32768,0,11808,27658,17572,1
2418,0,32768,0,11840,27630,17616,0
2419,0,32768,0,11872,27602,17660,-1
2420,0,32768,0,11904,27576,17700,0
2421,0,32768,0,11936,27548,17744,-1
2422,0,32768,0,11968,27522,17784,1
2423,0,32768,0,12000,27494,17828,-1
2424,0,32768,0,12032,27468,17868,1
2425,0,32768,0,12064,27439,17912,0
2426,0,32768,0,12096,27411,17955,-1
2427,0,32768,0,12128,27385,17995,0
2428,0,32768,0,12160,27356,18039,-1
2429,0,32768,0,12192,27330,18079,1
2430,0,32768,0,12224,27301,18122,-1
2431,0,32768,0,12256,27274,18162,1
2432,0,32768,0,12288,27245,18205,0
2433,0,32768,0,12320,27219,18245,1
2434,0,32768,0,12352,27190,18288,0
2435,0,32768,0,12384,27161,18332,-1
2436,0,32768,0,12416,27134,18371,0
2437,0,32768,0,12448,27105,18414,-1
2438,0,32768,0,12480,27077,18454,1
2439,0,32768,0,12512,27048,18497,0
2440,0,32768,0,12544,27021,18536,1
2441,0,32768,0,12576,26992,18579,0
2442,0,32768,0,12608,26962,18622,-1
2443,0,32768,0,12640,26935,18662,0
2444,0,32768,0,12672,26905,18704,-1
2445,0,32768,0,12704,26878,18744,1
2446,0,32768,0,12736,26848,18786,0
2447,0,32768,0,12768,26821,18826,1
2448,0,32768,0,12800,26790,18868,0
2449,0,32768,0,12832,26760,18911,-1
2450,0,32768,0,12864,26733,18950,0
2451,0,32768,0,12896,26703,18992,-1
2452,0,32768,0,12928,26675,19031,1
2453,0,32768,0,12960,26645,19074,-1
2454,0,32768,0,12992,26617,19113,1
2455,0,32768,0,13024,26586,19155,0
2456,0,32768,0,13056,26558,19194,1
2457,0,32768,0,13088,26528,19236,0
2458,0,32768,0,13120,26497,19278,-1
2459,0,32768,0,13152,26469,19317,1
2460,0,32768,0,13184,26439,19358,0
2461,0,32768,0,13216,26408,19400,-1
2462,0,32768,0,13248,26379,19439,0
2463,0,32768,0,13280,26348,19481,-1
2464,0,32768,0,13312,26320,19519,1
2465,0,32768,0,13344,26289,19561,-1
2466,0,32768,0,13376,26260,19600,1
2467,0,32768,0,13408,26229,19641,0
2468,0,32768,0,13440,26201,19679,1
2469,0,32768,0,13472,26169,19721,0
2470,0,32768,0,13504,26138,19763,-1
2471,0,32768,0,13536,26109,19801,0
2472,0,32768,0,13568,26077,19842,-1
2473,0,32768,0,13600,26048,19880,1
2474,0,32768,0,13632,26017,19922,0
2475,0,32768,0,13664,25988,19960,1
2476,0,32768,0,13696,25956,20001,0
2477,0,32768,0,13728,25924,20042,-1
2478,0,32768,0,13760,25895,20080,0
2479,0,32768,0,13792,25863,20121,-1
2480,0,32768,0,13824,25833,20159,1
2481,0,32768,0,13856,25801,20200,0
2482,0,32768,0,13888,25772,20238,1
2483,0,32768,0,13920,25739,20279,0
2484,0,32768,0,13952,25707,20320,-1
2485,0,32768,0,13984,25678,20357,0
2486,0,32768,0,14016,25645,20398,-1
2487,0,32768,0,14048,25615,20435,1
2488,0,32768,0,14080,25583,20476,-1
2489,0,32768,0,14112,25553,20514,1
2490,0,32768,0,14144,25520,20554,0
2491,0,32768,0,14176,25490,20592,1
2492,0,32768,0,14208,25457,20632,0
2493,0,32768,0,14240,25425,20672,-1
2494,0,32768,0,14272,25394,20710,0
2495,0,32768,0,14304,25361,20750,-1
2496,0,32768,0,14336,25331,20787,1
2497,0,32768,0,14368,25298,20827,0
2498,0,32768,0,14400,25267,20864,1
2499,0,32768,0,14432,25234,20904,0
2500,0,32768,0,14464,25201,20944,-1
2501,0,32768,0,14496,25171,20981,1
2502,0,32768,0,14528,25137,21021,0
2503,0,32768,0,14560,25106,21057,1
2504,0,32768,0,14592,25073,21097,0
2505,0,32768,0,14624,25039,21137,-1
2506,0,32768,0,14656,25008,21173,0
2507,0,32768,0,14688,24975,21213,-1
2508,0,32768,0,14720,24944,21250,1
2509,0,32768,0,14752,24910,21290,0
2510,0,32768,0,14784,24879,21326,1
2511,0,32768,0,14816,24845,21365,0
2512,0,32768,0,14848,24811,21405,-1
2513,0,32768,0,14880,24780,21441,0
2514,0,32768,0,14912,24746,21480,-1
2515,0,32768,0,14944,24714,21517,1
2516,0,32768,0,14976,24680,21556,-1
2517,0,32768,0,15008,24648,21592,1
2518,0,32768,0,15040,24614,21631,0
2519,0,32768,0,15072,24580,21670,-1
2520,0,32768,0,15104,24548,21706,0
2521,0,32768,0,15136,24513,21745,-1
2522,0,32768,0,15168,24482,21781,1
2523,0,32768,0,15200,24447,21820,-1
2524,0,32768,0,15232,24415,21856,1
2525,0,32768,0,15264,24380,21894,0
2526,0,32768,0,15296,24348,21930,1
2527,0,32768,0,15328,24313,21968,0
2528,0,32768,0,15360,24279,22007,-1
2529,0,32768,0,15392,24246,22042,0
2530,0,32768,0,15424,24211,22081,-1
2531,0,32768,0,15456,24179,22116,1
2532,0,32768,0,15488,24144,22155,0
2533,0,32768,0,15520,24111,22190,1
2534,0,32768,0,15552,24076,22228,0
2535,0,32768,0,15584,24041,22266,-1
2536,0,32768,0,15616,24008,22301,0
2537,0,32768,0,15648,23973,22340,-1
2538,0,32768,0,15680,23940,22375,1
2539,0,32768,0,15712,23905,22413,0
2540,0,32768,0,15744,23869,22450,-1
2541,0,32768,0,15776,23836,22485,0
2542,0,32768,0,15808,23800,22523,-1
2543,0,32768,0,15840,23767,22558,1
2544,0,32768,0,15872,23732,22596,0
2545,0,32768,0,15904,23698,22630,1
2546,0,32768,0,15936,23663,22668,0
2547,0,32768,0,15968,23627,22705,-1
2548,0,32768,0,16000,23593,22740,0
2549,0,32768,0,16032,23557,22777,-1
2550,0,32768,0,16064,23524,22812,1
2551,0,32768,0,16096,23488,22849,-1
2552,0,32768,0,16128,23454,22884,1
2553,0,32768,0,16160,23418,22921,0
2554,0,32768,0,16192,23384,22955,1
2555,0,32768,0,16224,23348,22992,0
2556,0,32768,0,16256,23311,23029,-1
2557,0,32768,0,16288,23278,23063,0
2558,0,32768,0,16320,23241,23100,-1
2559,0,32768,0,16352,23207,23134,1
2560,0,32768,0,16384,23171,23170,0
2561,0,32768,0,16416,23134,23207,-1
2562,0,32768,0,16448,23100,23241,1
2563,0,32768,0,16480,23063,23278,0
2564,0,32768,0,16512,23029,23311,1
2565,0,32768,0,16544,22992,23348,0
2566,0,32768,0,16576,22955,23384,-1
2567,0,32768,0,16608,22921,23418,0
2568,0,32768,0,16640,22884,23454,-1
2569,0,32768,0,16672,22849,23488,1
2570,0,32768,0,16704,22812,23524,-1
2571,0,32768,0,16736,22777,23557,1
2572,0,32768,0,16768,22740,23593,0
2573,0,32768,0,16800,22703,23629,-1
2574,0,32768,0,16832,22668,23663,0
2575,0,32768,0,16864,22630,23698,-1
2576,0,32768,0,16896,22596,23732,0
2577,0,32768,0,16928,22558,23767,-1
2578,0,32768,0,16960,22523,23800,1
2579,0,32768,0,16992,22485,23836,0
2580,0,32768,0,17024,22450,23869,1
2581,0,32768,0,17056,22413,23905,0
2582,0,32768,0,17088,22375,23940,-1
2583,0,32768,0,17120,22340,23973,1
2584,0,32768,0,17152,22301,24008,0
2585,0,32768,0,17184,22266,24041,1
2586,0,32768,0,17216,22228,24076,0
2587,0,32768,0,17248,22190,24111,-1
2588,0,32768,0,17280,22155,24144,0
2589,0,32768,0,17312,22116,24179,-1
2590,0,32768,0,17344,22081,24211,1
2591,0,32768,0,17376,22042,24246,0
2592,0,32768,0,17408,22007,24279,1
2593,0,32768,0,17440,21968,24313,0
2594,0,32768,0,17472,21930,24348,-1
2595,0,32768,0,17504,21894,24380,0
2596,0,32768,0,17536,21856,24415,-1
2597,0,32768,0,17568,21820,24447,1
2598,0,32768,0,17600,21781,24482,-1
2599,0,32768,0,17632,21745,24513,1
2600,0,32768,0,17664,21706,24548,0
2601,0,32768,0,17696,21667,24582,-1
2602,0,32768,0,17728,21631,24614,0
2603,0,32768,0,17760,21592,24648,-1
2604,0,32768,0,17792,21556,24680,1
2605,0,32768,0,17824,21517,24714,-1
2606,0,32768,0,17856,21480,24746,1
2607,0,32768,0,17888,21441,24780,0
2608,0,32768,0,17920,21402,24814,-1
2609,0,32768,0,17952,21365,24845,0
2610,0,32768,0,17984,21326,24879,-1
2611,0,32768,0,18016,21290,24910,0
2612,0,32768,0,18048,21250,24944,-1
2613,0,32768,0,18080,21213,24975,1
2614,0,32768,0,18112,21173,25008,0
2615,0,32768,0,18144,21137,25039,1
2616,0,32768,0,18176,21097,25073,0
2617,0,32768,0,18208,21057,25106,-1
2618,0,32768,0,18240,21021,25137,0
2619,0,32768,0,18272,20981,25171,-1
2620,0,32768,0,18304,20944,25201,1
2621,0,32768,0,18336,20904,25234,0
2622,0,32768,0,18368,20864,25267,-1
2623,0,32768,0,18400,20827,25298,0
2624,0,32768,0,18432,20787,25331,-1
2625,0,32768,0,18464,20750,25361,1
2626,0,32768,0,18496,20710,25394,0
2627,0,32768,0,18528,20672,25425,1
2628,0,32768,0,18560,20632,25457,0
2629,0,32768,0,18592,20592,25490,-1
2630,0,32768,0,18624,20554,25520,0
2631,0,32768,0,18656,20514,25553,-1
2632,0,32768,0,18688,20476,25583,1
2633,0,32768,0,18720,20435,25615,-1
2634,0,32768,0,18752,20398,25645,1
2635,0,32768,0,18784,20357,25678,0
2636,0,32768,0,18816,20320,25707,1
2637,0,32768,0,18848,20279,25739,0
2638,0,32768,0,18880,20238,25772,-1
2639,0,32768,0,18912,20200,25801,0
2640,0,32768,0,18944,20159,25833,-1
2641,0,32768,0,18976,20121,25863,1
2642,0,32768,0,19008,20080,25895,0
2643,0,32768,0,19040,20042,25924,1
2644,0,32768,0,19072,20001,25956,0
2645,0,32768,0,19104,19960,25988,-1
2646,0,32768,0,19136,19922,26017,0
2647,0,32768,0,19168,19880,26048,-1
2648,0,32768,0,19200,19842,26077,1
2649,0,32768,0,19232,19801,26109,0
2650,0,32768,0,19264,19763,26138,1
2651,0,32768,0,19296,19721,26169,0
2652,0,32768,0,19328,19679,26201,-1
2653,0,32768,0,19360,19641,26229,0
2654,0,32768,0,19392,19600,26260,-1
2655,0,32768,0,19424,19561,26289,1
2656,0,32768,0,19456,19519,26320,-1
2657,0,32768,0,19488,19481,26348,1
2658,0,32768,0,19520,19439,26379,0
2659,0,32768,0,19552,19397,26410,-1
2660,0,32768,0,19584,19358,26439,0
2661,0,32768,0,19616,19317,26469,-1
2662,0,32768,0,19648,19278,26497,1
2663,0,32768,0,19680,19236,26528,0
2664,0,32768,0,19712,19194,26558,-1
2665,0,32768,0,19744,19155,26586,0
2666,0,32768,0,19776,19113,26617,-1
2667,0,32768,0,19808,19074,26645,1
2668,0,32768,0,19840,19031,26675,-1
2669,0,32768,0,19872,18992,26703,1
2670,0,32768,0,19904,18950,26733,0
2671,0,32768,0,19936,18911,26760,1
2672,0,32768,0,19968,18868,26790,0
2673,0,32768,0,20000,18826,26821,-1
2674,0,32768,0,20032,18786,26848,0
2675,0,32768,0,20064,18744,26878,-1
2676,0,32768,0,20096,18704,26905,1
2677,0,32768,0,20128,18662,26935,0
2678,0,32768,0,20160,18622,26962,1
2679,0,32768,0,20192,18579,26992,0
2680,0,32768,0,20224,18536,27021,-1
2681,0,32768,0,20256,18497,27048,0
2682,0,32768,0,20288,18454,27077,-1
2683,0,32768,0,20320,18414,27105,1
2684,0,32768,0,20352,18371,27134,0
2685,0,32768,0,20384,18332,27161,1
2686,0,32768,0,20416,18288,27190,0
2687,0,32768,0,20448,18245,27219,-1
2688,0,32768,0,20480,18205,27245,0
2689,0,32768,0,20512,18162,27274,-1
2690,0,32768,0,20544,18122,27301,1
2691,0,32768,0,20576,18079,27330,-1
2692,0,32768,0,20608,18039,27356,1
2693,0,32768,0,20640,17995,27385,0
2694,0,32768,0,20672,17952,27413,-1
2695,0,32768,0,20704,17912,27439,0
2696,0,32768,0,20736,17868,27468,-1
2697,0,32768,0,20768,17828,27494,1
2698,0,32768,0,20800,17784,27522,-1
2699,0,32768,0,20832,17744,27548,1
2700,0,32768,0,20864,17700,27576,0
2701,0,32768,0,20896,17660,27602,1
2702,0,32768,0,20928,17616,27630,0
2703,0,32768,0,20960,17572,27658,-1
2704,0,32768,0,20992,17532,27684,1
2705,0,32768,0,21024,17488,27712,0
2706,0,32768,0,21056,17447,27737,1
2707,0,32768,0,21088,17403,27765,0
2708,0,32768,0,21120,17359,27792,-1
2709,0,32768,0,21152,17318,27818,0
2710,0,32768,0,21184,17274,27845,-1
2711,0,32768,0,21216,17233,27870,1
2712,0,32768,0,21248,17189,27898,-1
2713,0,32768,0,21280,17148,27923,1
2714,0,32768,0,21312,17104,27950,0
2715,0,32768,0,21344,17063,27975,1
2716,0,32768,0,21376,17018,28002,0
2717,0,32768,0,21408,16974,28029,-1
2718,0,32768,0,21440,16933,28054,0
2719,0,32768,0,21472,16888,28081,-1
2720,0,32768,0,21504,16847,28105,1
2721,0,32768,0,21536,16803,28132,0
2722,0,32768,0,21568,16761,28157,1
2723,0,32768,0,21600,16717,28183,0
2724,0,32768,0,21632,16672,28210,-1
2725,0,32768,0,21664,16631,28234,0
2726,0,32768,0,21696,16586,28261,-1
2727,0,32768,0,21728,16544,28285,1
2728,0,32768,0,21760,16499,28311,0
2729,0,32768,0,21792,16458,28335,1
2730,0,32768,0,21824,16413,28361,0
2731,0,32768,0,21856,16368,28387,-1
2732,0,32768,0,21888,16327,28411,0
2733,0,32768,0,21920,16281,28437,-1
2734,0,32768,0,21952,16240,28461,1
2735,0,32768,0,21984,16194,28487,0
2736,0,32768,0,22016,16153,28510,1
2737,0,32768,0,22048,16108,28536,0
2738,0,32768,0,22080,16062,28562,-1
2739,0,32768,0,22112,16020,28585,0
2740,0,32768,0,22144,15975,28610,-1
2741,0,32768,0,22176,15933,28634,1
2742,0,32768,0,22208,15888,28659,-1
2743,0,32768,0,22240,15842,28684,-1
2744,0,32768,0,22272,15800,28707,0
2745,0,32768,0,22304,15755,28732,-1
2746,0,32768,0,22336,15713,28755,1
2747,0,32768,0,22368,15667,28780,-1
2748,0,32768,0,22400,15625,28803,1
2749,0,32768,0,22432,15579,28828,0
2750,0,32768,0,22464,15537,28851,1
2751,0,32768,0,22496,15491,28875,0
2752,0,32768,0,22528,15445,28900,-1
2753,0,32768,0,22560,15403,28922,0
2754,0,32768,0,22592,15357,28947,-1
2755,0,32768,0,22624,15315,28969,1
2756,0,32768,0,22656,15269,28993,0
2757,0,32768,0,22688,15226,29016,1
2758,0,32768,0,22720,15180,29040,0
2759,0,32768,0,22752,15134,29064,-1
2760,0,32768,0,22784,15092,29086,0
2761,0,32768,0,22816,15045,29110,-1
2762,0,32768,0,22848,15003,29132,1
2763,0,32768,0,22880,14956,29156,0
2764,0,32768,0,22912,14914,29178,1
2765,0,32768,0,22944,14867,29201,0
2766,0,32768,0,22976,14821,29225,-1
2767,0,32768,0,23008,14778,29246,0
2768,0,32768,0,23040,14732,29270,-1
2769,0,32768,0,23072,14689,29291,1
2770,0,32768,0,23104,14642,29315,0
2771,0,32768,0,23136,14599,29336,1
2772,0,32768,0,23168,14553,29359,0
2773,0,32768,0,23200,14506,29382,-1
2774,0,32768,0,23232,14463,29403,0
2775,0,32768,0,23264,14417,29426,-1
2776,0,32768,0,23296,14374,29447,1
2777,0,32768,0,23328,14327,29470,-1
2778,0,32768,0,23360,14283,29491,1
2779,0,32768,0,23392,14237,29514,0
2780,0,32768,0,23424,14193,29535,1
2781,0,32768,0,23456,14147,29557,0
2782,0,32768,0,23488,14100,29579,-1
2783,0,32768,0,23520,14057,29600,0
2784,0,32768,0,23552,14010,29622,0
2785,0,32768,0,23584,13966,29643,1
2786,0,32768,0,23616,13919,29665,0
2787,0,32768,0,23648,13872,29687,-1
2788,0,32768,0,23680,13829,29707,0
2789,0,32768,0,23712,13781,29729,-1
2790,0,32768,0,23744,13738,29749,1
2791,0,32768,0,23776,13691,29771,0
2792,0,32768,0,23808,13647,29791,1
2793,0,32768,0,23840,13600,29813,0
2794,0,32768,0,23872,13552,29834,-1
2795,0,32768,0,23904,13509,29854,0
2796,0,32768,0,23936,13461,29875,-1
2797,0,32768,0,23968,13418,29895,1
2798,0,32768,0,24000,13370,29916,0
2799,0,32768,0,24032,13326,29936,1
2800,0,32768,0,24064,13279,29957,0
2801,0,32768,0,24096,13235,29976,1
2802,0,32768,0,24128,13187,29997,0
2803,0,32768,0,24160,13140,30018,-1
2804,0,32768,0,24192,13096,30038,1
2805,0,32768,0,24224,13048,30058,0
2806,0,32768,0,24256,13004,30077,1
2807,0,32768,0,24288,12956,30098,0
2808,0,32768,0,24320,12912,30117,1
2809,0,32768,0,24352,12865,30137,0
2810,0,32768,0,24384,12817,30158,-1
2811,0,32768,0,24416,12772,30176,0
2812,0,32768,0,24448,12725,30197,-1
2813,0,32768,0,24480,12680,30215,1
2814,0,32768,0,24512,12632,30235,0
2815,0,32768,0,24544,12588,30254,1
2816,0,32768,0,24576,12540,30274,0
2817,0,32768,0,24608,12492,30294,-1
2818,0,32768,0,24640,12448,30312,0
2819,0,32768,0,24672,12400,30331,-1
2820,0,32768,0,24704,12355,30350,1
2821,0,32768,0,24736,12307,30369,0
2822,0,32768,0,24768,12262,30387,1
2823,0,32768,0,24800,12214,30406,0
2824,0,32768,0,24832,12166,30426,-1
2825,0,32768,0,24864,12122,30444,1
2826,0,32768,0,24896,12073,30463,0
2827,0,32768,0,24928,12029,30481,1
2828,0,32768,0,24960,11980,30499,0
2829,0,32768,0,24992,11932,30518,-1
2830,0,32768,0,25024,11887,30536,0
2831,0,32768,0,25056,11839,30555,-1
2832,0,32768,0,25088,11794,30572,1
2833,0,32768,0,25120,11746,30591,0
2834,0,32768,0,25152,11701,30608,1
2835,0,32768,0,25184,11652,30626,0
2836,0,32768,0,25216,11607,30643,1
2837,0,32768,0,25248,11559,30662,0
2838,0,32768,0,25280,11510,30680,-1
2839,0,32768,0,25312,11465,30697,0
2840,0,32768,0,25344,11416,30715,-1
2841,0,32768,0,25376,11371,30732,1
2842,0,32768,0,25408,11323,30750,0
2843,0,32768,0,25440,11278,30766,1
2844,0,32768,0,25472,11229,30784,0
2845,0,32768,0,25504,11180,30802,-1
2846,0,32768,0,25536,11135,30818,0
2847,0,32768,0,25568,11086,30836,-1
2848,0,32768,0,25600,11041,30852,1
2849,0,32768,0,25632,10992,30870,0
2850,0,32768,0,25664,10946,30886,1
2851,0,32768,0,25696,10897,30903,0
2852,0,32768,0,25728,10848,30920,-1
2853,0,32768,0,25760,10803,30936,0
2854,0,32768,0,25792,10754,30953,-1
2855,0,32768,0,25824,10709,30969,1
2856,0,32768,0,25856,10659,30986,0
2857,0,32768,0,25888,10614,31001,1
2858,0,32768,0,25920,10565,31018,0
2859,0,32768,0,25952,10516,31035,-1
2860,0,32768,0,25984,10470,31050,0
2861,0,32768,0,26016,10421,31067,-1
2862,0,32768,0,26048,10375,31082,1
2863,0,32768,0,26080,10326,31099,0
2864,0,32768,0,26112,10277,31115,-1
2865,0,32768,0,26144,10231,31130,0
2866,0,32768,0,26176,10182,31146,-1
2867,0,32768,0,26208,10137,31161,1
2868,0,32768,0,26240,10087,31177,0
2869,0,32768,0,26272,10041,31192,1
2870,0,32768,0,26304,9992,31208,0
2871,0,32768,0,26336,9942,31224,-1
2872,0,32768,0,26368,9897,31238,0
2873,0,32768,0,26400,9847,31254,-1
2874,0,32768,0,26432,9801,31268,1
2875,0,32768,0,26464,9752,31284,-1
2876,0,32768,0,26496,9706,31298,1
2877,0,32768,0,26528,9656,31313,0
2878,0,32768,0,26560,9610,31327,1
2879,0,32768,0,26592,9561,31342,0
2880,0,32768,0,26624,9511,31358,-1
2881,0,32768,0,26656,9465,31372,1
2882,0,32768,0,26688,9415,31386,-1
2883,0,32768,0,26720,9369,31400,1
2884,0,32768,0,26752,9319,31415,0
2885,0,32768,0,26784,9273,31429,1
2886,0,32768,0,26816,9223,31443,0
2887,0,32768,0,26848,9173,31458,-1
2888,0,32768,0,26880,9127,31471,0
2889,0,32768,0,26912,9077,31486,-1
2890,0,32768,0,26944,9031,31499,1
2891,0,32768,0,26976,8981,31513,0
2892,0,32768,0,27008,8935,31527,1
2893,0,32768,0,27040,8885,31541,0
2894,0,32768,0,27072,8835,31555,-1
2895,0,32768,0,27104,8789,31567,0
2896,0,32768,0,27136,8739,31581,-1
2897,0,32768,0,27168,8692,31594,1
2898,0,32768,0,27200,8642,31608,0
2899,0,32768,0,27232,8596,31621,1
2900,0,32768,0,27264,8546,31634,0
2901,0,32768,0,27296,8496,31648,-1
2902,0,32768,0,27328,8450,31660,1
2903,0,32768,0,27360,8399,31673,0
2904,0,32768,0,27392,8353,31686,1
2905,0,32768,0,27424,8303,31699,0
2906,0,32768,0,27456,8252,31712,-1
2907,0,32768,0,27488,8206,31724,0
2908,0,32768,0,27520,8155,31737,-1
2909,0,32768,0,27552,8109,31749,1
2910,0,32768,0,27584,8059,31762,-1
2911,0,32768,0,27616,8012,31774,1
2912,0,32768,0,27648,7962,31786,0
2913,0,32768,0,27680,7915,31798,1
2914,0,32768,0,27712,7865,31810,0
2915,0,32768,0,27744,7814,31823,-1
2916,0,32768,0,27776,7767,31834,0
2917,0,32768,0,27808,7717,31846,-1
2918,0,32768,0,27840,7670,31858,1
2919,0,32768,0,27872,7620,31870,0
2920,0,32768,0,27904,7573,31881,1
2921,0,32768,0,27936,7523,31893,0
2922,0,32768,0,27968,7472,31905,-1
2923,0,32768,0,28000,7425,31916,0
2924,0,32768,0,28032,7375,31928,-1
2925,0,32768,0,28064,7328,31938,1
2926,0,32768,0,28096,7277,31950,0
2927,0,32768,0,28128,7230,31960,1
2928,0,32768,0,28160,7180,31972,0
2929,0,32768,0,28192,7129,31983,-1
2930,0,32768,0,28224,7082,31994,0
2931,0,32768,0,28256,7031,32005,-1
2932,0,32768,0,28288,6984,32015,1
2933,0,32768,0,28320,6933,32026,0
2934,0,32768,0,28352,6887,32036,1
2935,0,32768,0,28384,6836,32047,0
2936,0,32768,0,28416,6785,32058,-1
2937,0,32768,0,28448,6738,32068,0
2938,0,32768,0,28480,6687,32078,-1
2939,0,32768,0,28512,6640,32088,1
2940,0,32768,0,28544,6589,32099,-1
2941,0,32768,0,28576,6538,32109,-1
2942,0,32768,0,28608,6492,32119,0
2943,0,32768,0,28640,6441,32129,-1
2944,0,32768,0,28672,6394,32138,1
2945,0,32768,0,28704,6342,32149,-1
2946,0,32768,0,28736,6295,32158,1
2947,0,32768,0,28768,6244,32168,0
2948,0,32768,0,28800,6197,32177,1
2949,0,32768,0,28832,6146,32187,0
2950,0,32768,0,28864,6095,32196,-1
2951,0,32768,0,28896,6048,32205,0
2952,0,32768,0,28928,5997,32215,-1
2953,0,32768,0,28960,5950,32224,1
2954,0,32768,0,28992,5898,32233,0
2955,0,32768,0,29024,5851,32242,1
2956,0,32768,0,29056,5800,32251,0
2957,0,32768,0,29088,5749,32260,-1
2958,0,32768,0,29120,5702,32268,0
2959,0,32768,0,29152,5650,32277,-1
2960,0,32768,0,29184,5603,32286,1
2961,0,32768,0,29216,5552,32294,0
2962,0,32768,0,29248,5505,32303,1
2963,0,32768,0,29280,5453,32311,0
2964,0,32768,0,29312,5402,32320,-1
2965,0,32768,0,29344,5355,32328,0
2966,0,32768,0,29376,5304,32336,-1
2967,0,32768,0,29408,5256,32344,1
2968,0,32768,0,29440,5205,32352,0
2969,0,32768,0,29472,5157,32360,1
2970,0,32768,0,29504,5106,32368,0
2971,0,32768,0,29536,5059,32375,1
2972,0,32768,0,29568,5007,32383,0
2973,0,32768,0,29600,4956,32391,-1
2974,0,32768,0,29632,4908,32399,0
2975,0,32768,0,29664,4857,32406,-1
2976,0,32768,0,29696,4810,32413,1
2977,0,32768,0,29728,4758,32421,0
2978,0,32768,0,29760,4711,32428,1
2979,0,32768,0,29792,4659,32435,0
2980,0,32768,0,29824,4608,32443,-1
2981,0,32768,0,29856,4560,32449,0
2982,0,32768,0,29888,4509,32457,0
2983,0,32768,0,29920,4461,32463,1
2984,0,32768,0,29952,4410,32470,0
2985,0,32768,0,29984,4359,32477,-1
2986,0,32768,0,30016,4311,32483,0
2987,0,32768,0,30048,4259,32490,-1
2988,0,32768,0,30080,4212,32496,1
2989,0,32768,0,30112,4160,32503,0
2990,0,32768,0,30144,4113,32509,1
2991,0,32768,0,30176,4061,32515,0
2992,0,32768,0,30208,4009,32522,-1
2993,0,32768,0,30240,3962,32528,0
2994,0,32768,0,30272,3910,32534,-1
2995,0,32768,0,30304,3862,32540,1
2996,0,32768,0,30336,3811,32546,0
2997,0,32768,0,30368,3763,32551,1
2998,0,32768,0,30400,3712,32557,0
2999,0,32768,0,30432,3664,32563,1
3000,0,32768,0,30464,3612,32568,0
3001,0,32768,0,30496,3561,32574,-1
3002,0,32768,0,30528,3513,32580,1
3003,0,32768,0,30560,3461,32585,0
3004,0,32768,0,30592,3413,32590,1
3005,0,32768,0,30624,3362,32595,0
3006,0,32768,0,30656,3314,32600,1
3007,0,32768,0,30688,3262,32605,0
3008,0,32768,0,30720,3210,32610,-1
3009,0,32768,0,30752,3163,32615,0
3010,0,32768,0,30784,3111,32620,-1
3011,0,32768,0,30816,3063,32625,1
3012,0,32768,0,30848,3012,32629,0
3013,0,32768,0,30880,2964,32634,1
3014,0,32768,0,30912,2912,32638,0
3015,0,32768,0,30944,2860,32643,-1
3016,0,32768,0,30976,2812,32647,0
3017,0,32768,0,31008,2760,32651,-1
3018,0,32768,0,31040,2713,32656,1
3019,0,32768,0,31072,2661,32660,0
3020,0,32768,0,31104,2613,32664,1
3021,0,32768,0,31136,2561,32668,0
3022,0,32768,0,31168,2509,32672,-1
3023,0,32768,0,31200,2461,32676,1
3024,0,32768,0,31232,2410,32679,-1
3025,0,32768,0,31264,2362,32683,1
3026,0,32768,0,31296,2310,32687,0
3027,0,32768,0,31328,2262,32690,1
3028,0,32768,0,31360,2210,32694,0
3029,0,32768,0,31392,2158,32697,-1
3030,0,32768,0,31424,2110,32700,0
3031,0,32768,0,31456,2058,32703,-1
3032,0,32768,0,31488,2010,32707,1
3033,0,32768,0,31520,1959,32709,0
3034,0,32768,0,31552,1911,32712,1
3035,0,32768,0,31584,1859,32715,0
3036,0,32768,0,31616,1807,32718,-1
3037,0,32768,0,31648,1759,32721,0
3038,0,32768,0,31680,1707,32724,-1
3039,0,32768,0,31712,1659,32726,1
3040,0,32768,0,31744,1607,32729,0
3041,0,32768,0,31776,1559,32731,1
3042,0,32768,0,31808,1507,32734,0
3043,0,32768,0,31840,1455,32736,-1
3044,0,32768,0,31872,1407,32738,0
3045,0,32768,0,31904,1355,32740,-1
3046,0,32768,0,31936,1307,32742,1
3047,0,32768,0,31968,1256,32744,0
3048,0,32768,0,32000,1208,32746,1
3049,0,32768,0,32032,1155,32748,0
3050,0,32768,0,32064,1104,32750,-1
3051,0,32768,0,32096,1056,32751,0
3052,0,32768,0,32128,1004,32753,-1
3053,0,32768,0,32160,956,32754,0
3054,0,32768,0,32192,904,32755,-1
3055,0,32768,0,32224,856,32757,1
3056,0,32768,0,32256,804,32758,0
3057,0,32768,0,32288,756,32759,1
3058,0,32768,0,32320,704,32761,0
3059,0,32768,0,32352,652,32762,-1
3060,0,32768,0,32384,604,32763,0
3061,0,32768,0,32416,552,32763,-1
3062,0,32768,0,32448,504,32764,1
3063,0,32768,0,32480,452,32765,0
3064,0,32768,0,32512,400,32766,-1
3065,0,32768,0,32544,352,32766,0
3066,0,32768,0,32576,300,32767,-1
3067,0,32768,0,32608,252,32767,1
3068,0,32768,0,32640,200,32767,0
3069,0,32768,0,32672,152,32768,1
3070,0,32768,0,32704,100,32768,0
3071,0,32768,0,32736,48,32768,-1
3072,0,32768,0,32768,0,32768,0
3073,0,32768,0,32800,-48,32768,1
3074,0,32768,0,32832,-100,32768,0
3075,0,32768,0,32864,-152,32768,-1
3076,0,32768,0,32896,-200,32767,0
3077,0,32768,0,32928,-252,32767,-1
3078,0,32768,0,32960,-300,32767,1
3079,0,32768,0,32992,-352,32766,0
3080,0,32768,0,33024,-400,32766,1
3081,0,32768,0,33056,-452,32765,0
3082,0,32768,0,33088,-504,32764,-1
3083,0,32768,0,33120,-552,32764,1
3084,0,32768,0,33152,-604,32763,0
3085,0,32768,0,33184,-652,32762,1
3086,0,32768,0,33216,-704,32761,0
3087,0,32768,0,33248,-756,32759,-1
3088,0,32768,0,33280,-804,32758,0
3089,0,32768,0,33312,-856,32757,-1
3090,0,32768,0,33344,-904,32756,1
3091,0,32768,0,33376,-956,32754,0
3092,0,32768,0,33408,-1004,32753,1
3093,0,32768,0,33440,-1056,32751,0
3094,0,32768,0,33472,-1104,32750,1
3095,0,32768,0,33504,-1155,32748,0
3096,0,32768,0,33536,-1208,32746,-1
3097,0,32768,0,33568,-1256,32744,0
3098,0,32768,0,33600,-1307,32742,-1
3099,0,32768,0,33632,-1355,32740,1
3100,0,32768,0,33664,-1407,32738,0
3101,0,32768,0,33696,-1455,32736,1
3102,0,32768,0,33728,-1507,32733,0
3103,0,32768,0,33760,-1559,32731,-1
3104,0,32768,0,33792,-1607,32729,0
3105,0,32768,0,33824,-1659,32726,-1
3106,0,32768,0,33856,-1707,32724,1
3107,0,32768,0,33888,-1759,32721,0
3108,0,32768,0,33920,-1807,32718,1
3109,0,32768,0,33952,-1859,32715,0
3110,0,32768,0,33984,-1911,32712,-1
3111,0,32768,0,34016,-1959,32709,0
3112,0,32768,0,34048,-2010,32706,-1
3113,0,32768,0,34080,-2058,32703,1
3114,0,32768,0,34112,-2110,32700,0
3115,0,32768,0,34144,-2158,32697,1
3116,0,32768,0,34176,-2210,32693,0
3117,0,32768,0,34208,-2262,32690,-1
3118,0,32768,0,34240,-2310,32687,0
3119,0,32768,0,34272,-2362,32683,-1
3120,0,32768,0,34304,-2410,32679,1
3121,0,32768,0,34336,-2461,32675,-1
3122,0,32768,0,34368,-2509,32672,1
3123,0,32768,0,34400,-2561,32668,0
3124,0,32768,0,34432,-2613,32664,-1
3125,0,32768,0,34464,-2661,32660,0
3126,0,32768,0,34496,-2712,32656,-1
3127,0,32768,0,34528,-2760,32652,1
3128,0,32768,0,34560,-2812,32647,0
3129,0,32768,0,34592,-2860,32643,1
3130,0,32768,0,34624,-2912,32639,0
3131,0,32768,0,34656,-2963,32634,-1
3132,0,32768,0,34688,-3011,32630,0
3133,0,32768,0,34720,-3063,32625,-1
3134,0,32768,0,34752,-3111,32620,1
3135,0,32768,0,34784,-3163,32615,0
3136,0,32768,0,34816,-3210,32610,1
3137,0,32768,0,34848,-3262,32605,0
3138,0,32768,0,34880,-3314,32600,-1
3139,0,32768,0,34912,-3362,32595,0
3140,0,32768,0,34944,-3413,32590,-1
3141,0,32768,0,34976,-3461,32585,0
3142,0,32768,0,35008,-3513,32579,-1
3143,0,32768,0,35040,-3560,32574,1
3144,0,32768,0,35072,-3612,32569,0
3145,0,32768,0,35104,-3664,32563,-1
3146,0,32768,0,35136,-3711,32557,0
3147,0,32768,0,35168,-3763,32551,-1
3148,0,32768,0,35200,-3811,32546,0
3149,0,32768,0,35232,-3862,32540,-1
3150,0,32768,0,35264,-3910,32534,1
3151,0,32768,0,35296,-3962,32528,0
3152,0,32768,0,35328,-4009,32522,1
3153,0,32768,0,35360,-4061,32516,0
3154,0,32768,0,35392,-4113,32509,-1
3155,0,32768,0,35424,-4160,32503,0
3156,0,32768,0,35456,-4212,32496,-1
3157,0,32768,0,35488,-4259,32490,1
3158,0,32768,0,35520,-4311,32483,0
3159,0,32768,0,35552,-4358,32477,1
3160,0,32768,0,35584,-4410,32470,0
3161,0,32768,0,35616,-4461,32463,-1
3162,0,32768,0,35648,-4509,32456,0
3163,0,32768,0,35680,-4560,32449,0
3164,0,32768,0,35712,-4608,32443,1
3165,0,32768,0,35744,-4659,32435,0
3166,0,32768,0,35776,-4710,32428,-1
3167,0,32768,0,35808,-4758,32421,0
3168,0,32768,0,35840,-4810,32413,-1
3169,0,32768,0,35872,-4857,32406,1
3170,0,32768,0,35904,-4908,32398,0
3171,0,32768,0,35936,-4956,32391,1
3172,0,32768,0,35968,-5007,32383,0
3173,0,32768,0,36000,-5059,32375,-1
3174,0,32768,0,36032,-5106,32368,0
3175,0,32768,0,36064,-5157,32360,-1
3176,0,32768,0,36096,-5205,32352,0
3177,0,32768,0,36128,-5256,32344,-1
3178,0,32768,0,36160,-5304,32336,1
3179,0,32768,0,36192,-5355,32328,0
3180,0,32768,0,36224,-5402,32320,1
3181,0,32768,0,36256,-5453,32311,0
3182,0,32768,0,36288,-5505,32302,-1
3183,0,32768,0,36320,-5552,32295,0
3184,0,32768,0,36352,-5603,32286,-1
3185,0,32768,0,36384,-5650,32277,1
3186,0,32768,0,36416,-5702,32268,0
3187,0,32768,0,36448,-5749,32260,1
3188,0,32768,0,36480,-5800,32251,0
3189,0,32768,0,36512,-5851,32241,-1
3190,0,32768,0,36544,-5898,32233,0
3191,0,32768,0,36576,-5949,32223,-1
3192,0,32768,0,36608,-5997,32215,1
3193,0,32768,0,36640,-6048,32205,0
3194,0,32768,0,36672,-6095,32196,1
3195,0,32768,0,36704,-6146,32187,0
3196,0,32768,0,36736,-6197,32177,-1
3197,0,32768,0,36768,-6244,32168,0
3198,0,32768,0,36800,-6295,32157,-1
3199,0,32768,0,36832,-6342,32148,1
3200,0,32768,0,36864,-6393,32138,-1
3201,0,32768,0,36896,-6441,32129,1
3202,0,32768,0,36928,-6491,32119,0
3203,0,32768,0,36960,-6542,32108,-1
3204,0,32768,0,36992,-6589,32099,1
3205,0,32768,0,37024,-6640,32088,-1
3206,0,32768,0,37056,-6687,32079,1
3207,0,32768,0,37088,-6738,32068,0
3208,0,32768,0,37120,-6789,32057,-1
3209,0,32768,0,37152,-6836,32047,0
3210,0,32768,0,37184,-6886,32036,-1
3211,0,32768,0,37216,-6933,32026,0
3212,0,32768,0,37248,-6984,32015,-1
3213,0,32768,0,37280,-7031,32005,1
3214,0,32768,0,37312,-7082,31994,0
3215,0,32768,0,37344,-7129,31983,1
3216,0,32768,0,37376,-7180,31972,0
3217,0,32768,0,37408,-7230,31960,-1
3218,0,32768,0,37440,-7277,31950,0
3219,0,32768,0,37472,-7328,31938,-1
3220,0,32768,0,37504,-7374,31928,1
3221,0,32768,0,37536,-7425,31916,0
3222,0,32768,0,37568,-7472,31905,1
3223,0,32768,0,37600,-7522,31893,0
3224,0,32768,0,37632,-7573,31881,-1
3225,0,32768,0,37664,-7620,31870,0
3226,0,32768,0,37696,-7670,31858,-1
3227,0,32768,0,37728,-7717,31846,1
3228,0,32768,0,37760,-7767,31834,0
3229,0,32768,0,37792,-7814,31823,1
3230,0,32768,0,37824,-7865,31810,0
3231,0,32768,0,37856,-7915,31798,-1
3232,0,32768,0,37888,-7962,31786,0
3233,0,32768,0,37920,-8012,31773,-1
3234,0,32768,0,37952,-8059,31762,1
3235,0,32768,0,37984,-8109,31749,-1
3236,0,32768,0,38016,-8155,31737,1
3237,0,32768,0,38048,-8206,31724,0
3238,0,32768,0,38080,-8252,31712,1
3239,0,32768,0,38112,-8303,31699,0
3240,0,32768,0,38144,-8353,31686,-1
3241,0,32768,0,38176,-8399,31673,0
3242,0,32768,0,38208,-8449,31660,-1
3243,0,32768,0,38240,-8496,31647,1
3244,0,32768,0,38272,-8546,31634,0
3245,0,32768,0,38304,-8596,31620,-1
3246,0,32768,0,38336,-8642,31608,0
3247,0,32768,0,38368,-8692,31594,-1
3248,0,32768,0,38400,-8739,31581,1
3249,0,32768,0,38432,-8789,31568,0
3250,0,32768,0,38464,-8835,31555,1
3251,0,32768,0,38496,-8885,31540,0
3252,0,32768,0,38528,-8935,31526,-1
3253,0,32768,0,38560,-8981,31513,0
3254,0,32768,0,38592,-9031,31499,-1
3255,0,32768,0,38624,-9077,31486,1
3256,0,32768,0,38656,-9127,31471,0
3257,0,32768,0,38688,-9173,31458,1
3258,0,32768,0,38720,-9223,31443,0
3259,0,32768,0,38752,-9273,31428,-1
3260,0,32768,0,38784,-9319,31415,0
3261,0,32768,0,38816,-9369,31400,-1
3262,0,32768,0,38848,-9415,31386,1
3263,0,32768,0,38880,-9465,31371,-1
3264,0,32768,0,38912,-9511,31357,1
3265,0,32768,0,38944,-9560,31342,0
3266,0,32768,0,38976,-9610,31327,-1
3267,0,32768,0,39008,-9656,31313,0
3268,0,32768,0,39040,-9706,31298,-1
3269,0,32768,0,39072,-9751,31283,1
3270,0,32768,0,39104,-9801,31268,-1
3271,0,32768,0,39136,-9847,31253,1
3272,0,32768,0,39168,-9897,31238,0
3273,0,32768,0,39200,-9942,31223,1
3274,0,32768,0,39232,-9992,31207,0
3275,0,32768,0,39264,-10041,31192,-1
3276,0,32768,0,39296,-10087,31177,0
3277,0,32768,0,39328,-10136,31161,-1
3278,0,32768,0,39360,-10182,31146,1
3279,0,32768,0,39392,-10231,31130,0
3280,0,32768,0,39424,-10277,31115,1
3281,0,32768,0,39456,-10326,31098,0
3282,0,32768,0,39488,-10375,31082,-1
3283,0,32768,0,39520,-10421,31067,1
3284,0,32768,0,39552,-10470,31050,0
3285,0,32768,0,39584,-10516,31035,1
3286,0,32768,0,39616,-10565,31019,0
3287,0,32768,0,39648,-10614,31002,-1
3288,0,32768,0,39680,-10659,30986,0
3289,0,32768,0,39712,-10708,30969,-1
3290,0,32768,0,39744,-10754,30953,1
3291,0,32768,0,39776,-10803,30936,0
3292,0,32768,0,39808,-10848,30920,1
3293,0,32768,0,39840,-10897,30903,0
3294,0,32768,0,39872,-10946,30886,-1
3295,0,32768,0,39904,-10992,30870,0
3296,0,32768,0,39936,-11041,30852,-1
3297,0,32768,0,39968,-11086,30836,1
3298,0,32768,0,40000,-11135,30818,0
3299,0,32768,0,40032,-11180,30802,1
3300,0,32768,0,40064,-11229,30784,0
3301,0,32768,0,40096,-11277,30767,-1
3302,0,32768,0,40128,-11322,30750,0
3303,0,32768,0,40160,-11371,30732,-1
3304,0,32768,0,40192,-11416,30715,1
3305,0,32768,0,40224,-11465,30697,0
3306,0,32768,0,40256,-11510,30680,1
3307,0,32768,0,40288,-11559,30662,0
3308,0,32768,0,40320,-11607,30643,-1
3309,0,32768,0,40352,-11652,30626,0
3310,0,32768,0,40384,-11701,30608,-1
3311,0,32768,0,40416,-11746,30591,0
3312,0,32768,0,40448,-11794,30572,-1
3313,0,32768,0,40480,-11839,30555,1
3314,0,32768,0,40512,-11887,30536,0
3315,0,32768,0,40544,-11932,30519,1
3316,0,32768,0,40576,-11980,30500,0
3317,0,32768,0,40608,-12029,30480,-1
3318,0,32768,0,40640,-12073,30463,0
3319,0,32768,0,40672,-12122,30444,-1
3320,0,32768,0,40704,-12166,30426,1
3321,0,32768,0,40736,-12214,30407,0
3322,0,32768,0,40768,-12262,30387,-1
3323,0,32768,0,40800,-12307,30369,0
3324,0,32768,0,40832,-12355,30350,-1
3325,0,32768,0,40864,-12400,30332,1
3326,0,32768,0,40896,-12447,30312,0
3327,0,32768,0,40928,-12492,30294,1
3328,0,32768,0,40960,-12540,30274,0
3329,0,32768,0,40992,-12588,30254,-1
3330,0,32768,0,41024,-12632,30235,0
3331,0,32768,0,41056,-12680,30215,-1
3332,0,32768,0,41088,-12725,30197,1
3333,0,32768,0,41120,-12772,30176,0
3334,0,32768,0,41152,-12817,30158,1
3335,0,32768,0,41184,-12865,30137,0
3336,0,32768,0,41216,-12912,30117,-1
3337,0,32768,0,41248,-12956,30098,0
3338,0,32768,0,41280,-13004,30077,-1
3339,0,32768,0,41312,-13048,30058,0
3340,0,32768,0,41344,-13096,30037,-1
3341,0,32768,0,41376,-13140,30018,1
3342,0,32768,0,41408,-13187,29997,0
3343,0,32768,0,41440,-13235,29977,-1
3344,0,32768,0,41472,-13279,29957,0
3345,0,32768,0,41504,-13326,29936,-1
3346,0,32768,0,41536,-13370,29916,0
3347,0,32768,0,41568,-13418,29895,-1
3348,0,32768,0,41600,-13461,29875,1
3349,0,32768,0,41632,-13509,29854,0
3350,0,32768,0,41664,-13552,29834,1
3351,0,32768,0,41696,-13600,29813,0
3352,0,32768,0,41728,-13647,29791,-1
3353,0,32768,0,41760,-13691,29771,0
3354,0,32768,0,41792,-13738,29749,-1
3355,0,32768,0,41824,-13781,29729,1
3356,0,32768,0,41856,-13829,29707,0
3357,0,32768,0,41888,-13872,29687,1
3358,0,32768,0,41920,-13919,29665,0
3359,0,32768,0,41952,-13966,29643,-1
3360,0,32768,0,41984,-14010,29622,0
3361,0,32768,0,42016,-14056,29600,0
3362,0,32768,0,42048,-14100,29580,1
3363,0,32768,0,42080,-14147,29557,0
3364,0,32768,0,42112,-14193,29535,-1
3365,0,32768,0,42144,-14237,29514,0
3366,0,32768,0,42176,-14283,29491,-1
3367,0,32768,0,42208,-14327,29470,1
3368,0,32768,0,42240,-14374,29448,-1
3369,0,32768,0,42272,-14417,29426,1
3370,0,32768,0,42304,-14463,29403,0
3371,0,32768,0,42336,-14510,29381,-1
3372,0,32768,0,42368,-14553,29359,0
3373,0,32768,0,42400,-14599,29336,-1
3374,0,32768,0,42432,-14642,29315,0
3375,0,32768,0,42464,-14689,29291,-1
3376,0,32768,0,42496,-14732,29270,1
3377,0,32768,0,42528,-14778,29246,0
3378,0,32768,0,42560,-14821,29225,1
3379,0,32768,0,42592,-14867,29201,0
3380,0,32768,0,42624,-14913,29177,-1
3381,0,32768,0,42656,-14956,29156,0
3382,0,32768,0,42688,-15003,29132,-1
3383,0,32768,0,42720,-15045,29110,1
3384,0,32768,0,42752,-15091,29086,0
3385,0,32768,0,42784,-15134,29064,1
3386,0,32768,0,42816,-15180,29040,0
3387,0,32768,0,42848,-15226,29016,-1
3388,0,32768,0,42880,-15269,28993,0
3389,0,32768,0,42912,-15315,28969,-1
3390,0,32768,0,42944,-15357,28947,1
3391,0,32768,0,42976,-15403,28922,0
3392,0,32768,0,43008,-15445,28900,1
3393,0,32768,0,43040,-15491,28875,0
3394,0,32768,0,43072,-15537,28850,-1
3395,0,32768,0,43104,-15579,28828,0
3396,0,32768,0,43136,-15625,28803,-1
3397,0,32768,0,43168,-15667,28780,1
3398,0,32768,0,43200,-15713,28755,-1
3399,0,32768,0,43232,-15755,28732,1
3400,0,32768,0,43264,-15800,28707,0
3401,0,32768,0,43296,-15842,28684,1
3402,0,32768,0,43328,-15888,28659,1
3403,0,32768,0,43360,-15933,28634,-1
3404,0,32768,0,43392,-15975,28610,1
3405,0,32768,0,43424,-16020,28585,0
3406,0,32768,0,43456,-16066,28559,-1
3407,0,32768,0,43488,-16107,28536,0
3408,0,32768,0,43520,-16153,28510,-1
3409,0,32768,0,43552,-16194,28487,0
3410,0,32768,0,43584,-16240,28461,-1
3411,0,32768,0,43616,-16281,28437,1
3412,0,32768,0,43648,-16326,28411,0
3413,0,32768,0,43680,-16368,28387,1
3414,0,32768,0,43712,-16413,28361,0
3415,0,32768,0,43744,-16458,28335,-1
3416,0,32768,0,43776,-16499,28311,0
3417,0,32768,0,43808,-16544,28285,-1
3418,0,32768,0,43840,-16586,28261,1
3419,0,32768,0,43872,-16631,28234,0
3420,0,32768,0,43904,-16672,28210,1
3421,0,32768,0,43936,-16717,28183,0
3422,0,32768,0,43968,-16761,28157,-1
3423,0,32768,0,44000,-16803,28132,0
3424,0,32768,0,44032,-16847,28106,-1
3425,0,32768,0,44064,-16888,28081,1
3426,0,32768,0,44096,-16933,28054,0
3427,0,32768,0,44128,-16974,28029,1
3428,0,32768,0,44160,-17018,28002,0
3429,0,32768,0,44192,-17063,27975,-1
3430,0,32768,0,44224,-17104,27950,0
3431,0,32768,0,44256,-17148,27923,-1
3432,0,32768,0,44288,-17189,27898,1
3433,0,32768,0,44320,-17233,27870,-1
3434,0,32768,0,44352,-17274,27845,1
3435,0,32768,0,44384,-17318,27818,0
3436,0,32768,0,44416,-17359,27792,1
3437,0,32768,0,44448,-17403,27765,0
3438,0,32768,0,44480,-17447,27737,-1
3439,0,32768,0,44512,-17488,27711,0
3440,0,32768,0,44544,-17531,27684,-1
3441,0,32768,0,44576,-17572,27658,1
3442,0,32768,0,44608,-17616,27630,0
3443,0,32768,0,44640,-17660,27602,-1
3444,0,32768,0,44672,-17700,27577,0
3445,0,32768,0,44704,-17744,27548,-1
3446,0,32768,0,44736,-17784,27522,1
3447,0,32768,0,44768,-17828,27494,-1
3448,0,32768,0,44800,-17868,27468,1
3449,0,32768,0,44832,-17912,27439,0
3450,0,32768,0,44864,-17955,27411,-1
3451,0,32768,0,44896,-17995,27385,0
3452,0,32768,0,44928,-18039,27356,-1
3453,0,32768,0,44960,-18079,27330,1
3454,0,32768,0,44992,-18122,27301,-1
3455,0,32768,0,45024,-18162,27274,1
3456,0,32768,0,45056,-18205,27245,0
3457,0,32768,0,45088,-18245,27219,1
3458,0,32768,0,45120,-18288,27190,0
3459,0,32768,0,45152,-18331,27161,-1
3460,0,32768,0,45184,-18371,27134,0
3461,0,32768,0,45216,-18414,27105,-1
3462,0,32768,0,45248,-18454,27078,1
3463,0,32768,0,45280,-18497,27048,0
3464,0,32768,0,45312,-18536,27021,1
3465,0,32768,0,45344,-18579,26992,0
3466,0,32768,0,45376,-18622,26962,-1
3467,0,32768,0,45408,-18662,26935,0
3468,0,32768,0,45440,-18704,26905,-1
3469,0,32768,0,45472,-18744,26878,1
3470,0,32768,0,45504,-18786,26848,0
3471,0,32768,0,45536,-18826,26820,1
3472,0,32768,0,45568,-18868,26791,0
3473,0,32768,0,45600,-18911,26761,-1
3474,0,32768,0,45632,-18950,26733,0
3475,0,32768,0,45664,-18992,26703,-1
3476,0,32768,0,45696,-19031,26675,1
3477,0,32768,0,45728,-19074,26645,-1
3478,0,32768,0,45760,-19112,26617,1
3479,0,32768,0,45792,-19155,26586,0
3480,0,32768,0,45824,-19194,26558,1
3481,0,32768,0,45856,-19236,26528,0
3482,0,32768,0,45888,-19278,26498,-1
3483,0,32768,0,45920,-19316,26469,1
3484,0,32768,0,45952,-19358,26439,0
3485,0,32768,0,45984,-19400,26408,-1
3486,0,32768,0,46016,-19439,26379,0
3487,0,32768,0,46048,-19481,26349,-1
3488,0,32768,0,46080,-19519,26320,1
3489,0,32768,0,46112,-19561,26289,-1
3490,0,32768,0,46144,-19600,26260,1
3491,0,32768,0,46176,-19641,26229,0
3492,0,32768,0,46208,-19679,26200,1
3493,0,32768,0,46240,-19721,26169,0
3494,0,32768,0,46272,-19763,26138,-1
3495,0,32768,0,46304,-19801,26109,0
3496,0,32768,0,46336,-19842,26077,-1
3497,0,32768,0,46368,-19880,26048,1
3498,0,32768,0,46400,-19922,26017,0
3499,0,32768,0,46432,-19960,25987,1
3500,0,32768,0,46464,-20001,25956,0
3501,0,32768,0,46496,-20042,25924,-1
3502,0,32768,0,46528,-20080,25894,0
3503,0,32768,0,46560,-20121,25863,-1
3504,0,32768,0,46592,-20159,25833,1
3505,0,32768,0,46624,-20200,25801,0
3506,0,32768,0,46656,-20238,25772,1
3507,0,32768,0,46688,-20279,25739,0
3508,0,32768,0,46720,-20320,25707,-1
3509,0,32768,0,46752,-20357,25677,0
3510,0,32768,0,46784,-20398,25645,-1
3511,0,32768,0,46816,-20435,25615,1
3512,0,32768,0,46848,-20476,25583,-1
3513,0,32768,0,46880,-20513,25553,1
3514,0,32768,0,46912,-20554,25520,0
3515,0,32768,0,46944,-20592,25490,1
3516,0,32768,0,46976,-20632,25457,0
3517,0,32768,0,47008,-20672,25424,-1
3518,0,32768,0,47040,-20709,25394,0
3519,0,32768,0,47072,-20750,25361,-1
3520,0,32768,0,47104,-20787,25330,1
3521,0,32768,0,47136,-20827,25298,0
3522,0,32768,0,47168,-20864,25267,1
3523,0,32768,0,47200,-20904,25235,0
3524,0,32768,0,47232,-20944,25201,-1
3525,0,32768,0,47264,-20981,25171,1
3526,0,32768,0,47296,-21021,25137,0
3527,0,32768,0,47328,-21057,25107,1
3528,0,32768,0,47360,-21097,25073,0
3529,0,32768,0,47392,-21137,25039,-1
3530,0,32768,0,47424,-21173,25008,0
3531,0,32768,0,47456,-21213,24975,-1
3532,0,32768,0,47488,-21250,24944,1
3533,0,32768,0,47520,-21289,24910,0
3534,0,32768,0,47552,-21326,24879,1
3535,0,32768,0,47584,-21365,24845,0
3536,0,32768,0,47616,-21405,24811,-1
3537,0,32768,0,47648,-21441,24780,0
3538,0,32768,0,47680,-21480,24746,-1
3539,0,32768,0,47712,-21516,24714,1
3540,0,32768,0,47744,-21556,24680,-1
3541,0,32768,0,47776,-21592,24648,1
3542,0,32768,0,47808,-21631,24614,0
3543,0,32768,0,47840,-21670,24580,-1
3544,0,32768,0,47872,-21706,24548,0
3545,0,32768,0,47904,-21745,24513,-1
3546,0,32768,0,47936,-21780,24481,1
3547,0,32768,0,47968,-21820,24447,-1
3548,0,32768,0,48000,-21855,24415,1
3549,0,32768,0,48032,-21894,24380,0
3550,0,32768,0,48064,-21930,24348,1
3551,0,32768,0,48096,-21968,24313,0
3552,0,32768,0,48128,-22007,24278,-1
3553,0,32768,0,48160,-22042,24246,0
3554,0,32768,0,48192,-22081,24211,-1
3555,0,32768,0,48224,-22116,24179,1
3556,0,32768,0,48256,-22155,24144,0
3557,0,32768,0,48288,-22190,24111,1
3558,0,32768,0,48320,-22228,24076,0
3559,0,32768,0,48352,-22266,24041,-1
3560,0,32768,0,48384,-22301,24008,0
3561,0,32768,0,48416,-22340,23972,-1
3562,0,32768,0,48448,-22375,23940,1
3563,0,32768,0,48480,-22412,23904,0
3564,0,32768,0,48512,-22450,23869,-1
3565,0,32768,0,48544,-22485,23836,0
3566,0,32768,0,48576,-22523,23800,-1
3567,0,32768,0,48608,-22558,23767,1
3568,0,32768,0,48640,-22595,23732,0
3569,0,32768,0,48672,-22630,23699,1
3570,0,32768,0,48704,-22668,23663,0
3571,0,32768,0,48736,-22705,23627,-1
3572,0,32768,0,48768,-22740,23593,0
3573,0,32768,0,48800,-22777,23557,-1
3574,0,32768,0,48832,-22812,23524,1
3575,0,32768,0,48864,-22849,23488,-1
3576,0,32768,0,48896,-22884,23454,1
3577,0,32768,0,48928,-22921,23418,0
3578,0,32768,0,48960,-22955,23384,1
3579,0,32768,0,48992,-22992,23348,0
3580,0,32768,0,49024,-23029,23311,-1
3581,0,32768,0,49056,-23063,23277,0
3582,0,32768,0,49088,-23100,23241,-1
3583,0,32768,0,49120,-23134,23207,1
3584,0,32768,0,49152,-23170,23171,0
3585,0,32768,0,49184,-23207,23134,-1
3586,0,32768,0,49216,-23241,23100,1
3587,0,32768,0,49248,-23277,23063,0
3588,0,32768,0,49280,-23311,23029,1
3589,0,32768,0,49312,-23348,22992,0
3590,0,32768,0,49344,-23384,22955,-1
3591,0,32768,0,49376,-23418,22921,0
3592,0,32768,0,49408,-23454,22883,-1
3593,0,32768,0,49440,-23487,22849,1
3594,0,32768,0,49472,-23524,22812,-1
3595,0,32768,0,49504,-23557,22778,1
3596,0,32768,0,49536,-23593,22740,0
3597,0,32768,0,49568,-23629,22703,-1
3598,0,32768,0,49600,-23663,22668,0
3599,0,32768,0,49632,-23698,22630,-1
3600,0,32768,0,49664,-23732,22596,0
3601,0,32768,0,49696,-23767,22558,-1
3602,0,32768,0,49728,-23800,22523,1
3603,0,32768,0,49760,-23836,22485,0
3604,0,32768,0,49792,-23869,22450,1
3605,0,32768,0,49824,-23905,22413,0
3606,0,32768,0,49856,-23940,22375,-1
3607,0,32768,0,49888,-23973,22340,1
3608,0,32768,0,49920,-24008,22302,0
3609,0,32768,0,49952,-24041,22267,1
3610,0,32768,0,49984,-24076,22228,0
3611,0,32768,0,50016,-24111,22190,-1
3612,0,32768,0,50048,-24144,22155,0
3613,0,32768,0,50080,-24179,22116,-1
3614,0,32768,0,50112,-24211,22081,1
3615,0,32768,0,50144,-24246,22043,0
3616,0,32768,0,50176,-24279,22007,1
3617,0,32768,0,50208,-24313,21969,0
3618,0,32768,0,50240,-24348,21930,-1
3619,0,32768,0,50272,-24380,21894,0
3620,0,32768,0,50304,-24415,21855,-1
3621,0,32768,0,50336,-24447,21820,1
3622,0,32768,0,50368,-24482,21781,-1
3623,0,32768,0,50400,-24513,21745,1
3624,0,32768,0,50432,-24548,21706,0
3625,0,32768,0,50464,-24582,21667,-1
3626,0,32768,0,50496,-24614,21631,0
3627,0,32768,0,50528,-24648,21592,-1
3628,0,32768,0,50560,-24680,21556,1
3629,0,32768,0,50592,-24714,21517,-1
3630,0,32768,0,50624,-24745,21480,1
3631,0,32768,0,50656,-24780,21441,0
3632,0,32768,0,50688,-24813,21402,-1
3633,0,32768,0,50720,-24845,21365,0
3634,0,32768,0,50752,-24878,21326,-1
3635,0,32768,0,50784,-24910,21289,0
3636,0,32768,0,50816,-24944,21250,-1
3637,0,32768,0,50848,-24975,21213,1
3638,0,32768,0,50880,-25008,21174,0
3639,0,32768,0,50912,-25039,21137,1
3640,0,32768,0,50944,-25073,21097,0
3641,0,32768,0,50976,-25106,21057,-1
3642,0,32768,0,51008,-25137,21021,0
3643,0,32768,0,51040,-25171,20981,-1
3644,0,32768,0,51072,-25201,20944,1
3645,0,32768,0,51104,-25234,20904,0
3646,0,32768,0,51136,-25267,20864,-1
3647,0,32768,0,51168,-25298,20827,0
3648,0,32768,0,51200,-25331,20787,-1
3649,0,32768,0,51232,-25361,20750,1
3650,0,32768,0,51264,-25394,20710,0
3651,0,32768,0,51296,-25425,20672,1
3652,0,32768,0,51328,-25457,20632,0
3653,0,32768,0,51360,-25490,20591,-1
3654,0,32768,0,51392,-25520,20554,0
3655,0,32768,0,51424,-25553,20514,-1
3656,0,32768,0,51456,-25583,20476,1
3657,0,32768,0,51488,-25615,20436,-1
3658,0,32768,0,51520,-25645,20398,1
3659,0,32768,0,51552,-25677,20357,0
3660,0,32768,0,51584,-25707,20320,1
3661,0,32768,0,51616,-25739,20279,0
3662,0,32768,0,51648,-25772,20238,-1
3663,0,32768,0,51680,-25801,20200,0
3664,0,32768,0,51712,-25833,20159,-1
3665,0,32768,0,51744,-25863,20121,1
3666,0,32768,0,51776,-25895,20080,0
3667,0,32768,0,51808,-25924,20042,1
3668,0,32768,0,51840,-25956,20001,0
3669,0,32768,0,51872,-25988,19960,-1
3670,0,32768,0,51904,-26017,19922,0
3671,0,32768,0,51936,-26048,19881,-1
3672,0,32768,0,51968,-26077,19842,1
3673,0,32768,0,52000,-26109,19801,0
3674,0,32768,0,52032,-26138,19763,1
3675,0,32768,0,52064,-26169,19721,0
3676,0,32768,0,52096,-26201,19680,-1
3677,0,32768,0,52128,-26229,19641,0
3678,0,32768,0,52160,-26260,19600,-1
3679,0,32768,0,52192,-26289,19561,1
3680,0,32768,0,52224,-26320,19519,-1
3681,0,32768,0,52256,-26348,19481,1
3682,0,32768,0,52288,-26379,19439,0
3683,0,32768,0,52320,-26410,19397,-1
3684,0,32768,0,52352,-26439,19358,0
3685,0,32768,0,52384,-26469,19316,-1
3686,0,32768,0,52416,-26497,19277,1
3687,0,32768,0,52448,-26528,19236,0
3688,0,32768,0,52480,-26558,19194,-1
3689,0,32768,0,52512,-26586,19155,0
3690,0,32768,0,52544,-26617,19113,-1
3691,0,32768,0,52576,-26645,19074,1
3692,0,32768,0,52608,-26675,19032,-1
3693,0,32768,0,52640,-26703,18992,1
3694,0,32768,0,52672,-26733,18950,0
3695,0,32768,0,52704,-26760,18911,1
3696,0,32768,0,52736,-26790,18868,0
3697,0,32768,0,52768,-26821,18826,-1
3698,0,32768,0,52800,-26848,18787,0
3699,0,32768,0,52832,-26878,18744,-1
3700,0,32768,0,52864,-26905,18704,1
3701,0,32768,0,52896,-26935,18662,0
3702,0,32768,0,52928,-26962,18622,1
3703,0,32768,0,52960,-26992,18579,0
3704,0,32768,0,52992,-27021,18537,-1
3705,0,32768,0,53024,-27048,18497,0
3706,0,32768,0,53056,-27077,18454,-1
3707,0,32768,0,53088,-27105,18414,1
3708,0,32768,0,53120,-27134,18372,0
3709,0,32768,0,53152,-27161,18331,1
3710,0,32768,0,53184,-27190,18288,0
3711,0,32768,0,53216,-27219,18245,-1
3712,0,32768,0,53248,-27245,18205,0
3713,0,32768,0,53280,-27274,18162,-1
3714,0,32768,0,53312,-27301,18122,1
3715,0,32768,0,53344,-27329,18079,-1
3716,0,32768,0,53376,-27356,18039,1
3717,0,32768,0,53408,-27384,17995,0
3718,0,32768,0,53440,-27413,17952,-1
3719,0,32768,0,53472,-27439,17912,0
3720,0,32768,0,53504,-27468,17868,-1
3721,0,32768,0,53536,-27494,17828,1
3722,0,32768,0,53568,-27522,17784,-1
3723,0,32768,0,53600,-27548,17744,1
3724,0,32768,0,53632,-27576,17700,0
3725,0,32768,0,53664,-27602,17660,1
3726,0,32768,0,53696,-27630,17616,0
3727,0,32768,0,53728,-27658,17572,-1
3728,0,32768,0,53760,-27684,17532,1
3729,0,32768,0,53792,-27712,17488,0
3730,0,32768,0,53824,-27737,17447,1
3731,0,32768,0,53856,-27765,17403,0
3732,0,32768,0,53888,-27792,17359,-1
3733,0,32768,0,53920,-27818,17318,0
3734,0,32768,0,53952,-27845,17274,-1
3735,0,32768,0,53984,-27870,17233,1
3736,0,32768,0,54016,-27898,17189,-1
3737,0,32768,0,54048,-27923,17148,1
3738,0,32768,0,54080,-27950,17104,0
3739,0,32768,0,54112,-27975,17063,1
3740,0,32768,0,54144,-28002,17018,0
3741,0,32768,0,54176,-28029,16974,-1
3742,0,32768,0,54208,-28054,16933,0
3743,0,32768,0,54240,-28081,16888,-1
3744,0,32768,0,54272,-28105,16847,1
3745,0,32768,0,54304,-28132,16803,0
3746,0,32768,0,54336,-28157,16761,1
3747,0,32768,0,54368,-28183,16717,0
3748,0,32768,0,54400,-28210,16672,-1
3749,0,32768,0,54432,-28234,16631,0
3750,0,32768,0,54464,-28261,16586,-1
3751,0,32768,0,54496,-28285,16544,1
3752,0,32768,0,54528,-28311,16500,0
3753,0,32768,0,54560,-28335,16458,1
3754,0,32768,0,54592,-28361,16413,0
3755,0,32768,0,54624,-28387,16368,-1
3756,0,32768,0,54656,-28411,16326,0
3757,0,32768,0,54688,-28437,16281,-1
3758,0,32768,0,54720,-28461,16240,1
3759,0,32768,0,54752,-28487,16194,0
3760,0,32768,0,54784,-28510,16153,1
3761,0,32768,0,54816,-28536,16107,0
3762,0,32768,0,54848,-28561,16062,-1
3763,0,32768,0,54880,-28585,16020,0
3764,0,32768,0,54912,-28610,15975,-1
3765,0,32768,0,54944,-28634,15933,1
3766,0,32768,0,54976,-28659,15887,-1
3767,0,32768,0,55008,-28684,15843,-1
3768,0,32768,0,55040,-28707,15801,0
3769,0,32768,0,55072,-28732,15755,-1
3770,0,32768,0,55104,-28755,15713,1
3771,0,32768,0,55136,-28780,15667,-1
3772,0,32768,0,55168,-28803,15625,1
3773,0,32768,0,55200,-28828,15579,0
3774,0,32768,0,55232,-28850,15537,1
3775,0,32768,0,55264,-28875,15491,0
3776,0,32768,0,55296,-28900,15445,-1
3777,0,32768,0,55328,-28922,15403,0
3778,0,32768,0,55360,-28947,15357,-1
3779,0,32768,0,55392,-28969,15315,1
3780,0,32768,0,55424,-28993,15269,0
3781,0,32768,0,55456,-29016,15226,1
3782,0,32768,0,55488,-29040,15180,0
3783,0,32768,0,55520,-29064,15134,-1
3784,0,32768,0,55552,-29086,15091,0
3785,0,32768,0,55584,-29110,15045,-1
3786,0,32768,0,55616,-29132,15002,1
3787,0,32768,0,55648,-29155,14956,0
3788,0,32768,0,55680,-29178,14914,1
3789,0,32768,0,55712,-29201,14867,0
3790,0,32768,0,55744,-29225,14821,-1
3791,0,32768,0,55776,-29246,14778,0
3792,0,32768,0,55808,-29270,14732,-1
3793,0,32768,0,55840,-29291,14689,1
3794,0,32768,0,55872,-29315,14642,0
3795,0,32768,0,55904,-29336,14599,1
3796,0,32768,0,55936,-29359,14553,0
3797,0,32768,0,55968,-29382,14506,-1
3798,0,32768,0,56000,-29403,14463,0
3799,0,32768,0,56032,-29426,14416,-1
3800,0,32768,0,56064,-29447,14373,1
3801,0,32768,0,56096,-29470,14326,-1
3802,0,32768,0,56128,-29491,14283,1
3803,0,32768,0,56160,-29514,14237,0
3804,0,32768,0,56192,-29535,14193,1
3805,0,32768,0,56224,-29557,14146,0
3806,0,32768,0,56256,-29579,14099,-1
3807,0,32768,0,56288,-29600,14056,0
3808,0,32768,0,56320,-29622,14010,0
3809,0,32768,0,56352,-29643,13966,1
3810,0,32768,0,56384,-29665,13919,0
3811,0,32768,0,56416,-29687,13872,-1
3812,0,32768,0,56448,-29707,13829,0
3813,0,32768,0,56480,-29729,13782,-1
3814,0,32768,0,56512,-29749,13738,1
3815,0,32768,0,56544,-29771,13691,0
3816,0,32768,0,56576,-29791,13647,1
3817,0,32768,0,56608,-29813,13600,0
3818,0,32768,0,56640,-29834,13553,-1
3819,0,32768,0,56672,-29854,13509,0
3820,0,32768,0,56704,-29875,13461,-1
3821,0,32768,0,56736,-29895,13418,1
3822,0,32768,0,56768,-29916,13370,0
3823,0,32768,0,56800,-29936,13326,1
3824,0,32768,0,56832,-29957,13279,0
3825,0,32768,0,56864,-29976,13235,1
3826,0,32768,0,56896,-29997,13187,0
3827,0,32768,0,56928,-30018,13140,-1
3828,0,32768,0,56960,-30038,13096,1
3829,0,32768,0,56992,-30058,13048,0
3830,0,32768,0,57024,-30077,13004,1
3831,0,32768,0,57056,-30098,12956,0
3832,0,32768,0,57088,-30117,12912,1
3833,0,32768,0,57120,-30137,12864,0
3834,0,32768,0,57152,-30158,12817,-1
3835,0,32768,0,57184,-30176,12772,0
3836,0,32768,0,57216,-30196,12724,-1
3837,0,32768,0,57248,-30215,12680,1
3838,0,32768,0,57280,-30235,12632,0
3839,0,32768,0,57312,-30254,12588,1
3840,0,32768,0,57344,-30274,12540,0
3841,0,32768,0,57376,-30293,12492,-1
3842,0,32768,0,57408,-30312,12448,0
3843,0,32768,0,57440,-30331,12399,-1
3844,0,32768,0,57472,-30350,12355,1
3845,0,32768,0,57504,-30369,12307,0
3846,0,32768,0,57536,-30387,12262,1
3847,0,32768,0,57568,-30406,12214,0
3848,0,32768,0,57600,-30426,12166,-1
3849,0,32768,0,57632,-30444,12122,1
3850,0,32768,0,57664,-30463,12073,0
3851,0,32768,0,57696,-30481,12029,1
3852,0,32768,0,57728,-30499,11980,0
3853,0,32768,0,57760,-30518,11932,-1
3854,0,32768,0,57792,-30536,11887,0
3855,0,32768,0,57824,-30555,11839,-1
3856,0,32768,0,57856,-30572,11794,1
3857,0,32768,0,57888,-30591,11745,0
3858,0,32768,0,57920,-30608,11700,1
3859,0,32768,0,57952,-30626,11652,0
3860,0,32768,0,57984,-30643,11607,1
3861,0,32768,0,58016,-30662,11559,0
3862,0,32768,0,58048,-30680,11510,-1
3863,0,32768,0,58080,-30697,11465,0
3864,0,32768,0,58112,-30715,11416,-1
3865,0,32768,0,58144,-30732,11371,1
3866,0,32768,0,58176,-30750,11322,0
3867,0,32768,0,58208,-30766,11277,1
3868,0,32768,0,58240,-30784,11228,0
3869,0,32768,0,58272,-30802,11180,-1
3870,0,32768,0,58304,-30818,11135,0
3871,0,32768,0,58336,-30836,11086,-1
3872,0,32768,0,58368,-30852,11040,1
3873,0,32768,0,58400,-30870,10991,0
3874,0,32768,0,58432,-30886,10946,1
3875,0,32768,0,58464,-30903,10897,0
3876,0,32768,0,58496,-30920,10848,-1
3877,0,32768,0,58528,-30936,10803,0
3878,0,32768,0,58560,-30953,10754,-1
3879,0,32768,0,58592,-30969,10709,1
3880,0,32768,0,58624,-30986,10659,0
3881,0,32768,0,58656,-31001,10614,1
3882,0,32768,0,58688,-31018,10564,0
3883,0,32768,0,58720,-31035,10515,-1
3884,0,32768,0,58752,-31050,10470,0
3885,0,32768,0,58784,-31067,10421,-1
3886,0,32768,0,58816,-31082,10375,1
3887,0,32768,0,58848,-31098,10327,0
3888,0,32768,0,58880,-31115,10277,-1
3889,0,32768,0,58912,-31130,10232,0
3890,0,32768,0,58944,-31146,10182,-1
3891,0,32768,0,58976,-31161,10137,1
3892,0,32768,0,59008,-31177,10087,0
3893,0,32768,0,59040,-31192,10041,1
3894,0,32768,0,59072,-31208,9992,0
3895,0,32768,0,59104,-31224,9942,-1
3896,0,32768,0,59136,-31238,9897,0
3897,0,32768,0,59168,-31254,9847,-1
3898,0,32768,0,59200,-31268,9801,1
3899,0,32768,0,59232,-31284,9752,-1
3900,0,32768,0,59264,-31298,9706,1
3901,0,32768,0,59296,-31313,9656,0
3902,0,32768,0,59328,-31327,9610,1
3903,0,32768,0,59360,-31342,9561,0
3904,0,32768,0,59392,-31358,9511,-1
3905,0,32768,0,59424,-31372,9465,1
3906,0,32768,0,59456,-31386,9415,-1
3907,0,32768,0,59488,-31400,9369,1
3908,0,32768,0,59520,-31415,9319,0
3909,0,32768,0,59552,-31429,9273,1
3910,0,32768,0,59584,-31443,9223,0
3911,0,32768,0,59616,-31458,9173,-1
3912,0,32768,0,59648,-31471,9127,0
3913,0,32768,0,59680,-31486,9077,-1
3914,0,32768,0,59712,-31499,9031,1
3915,0,32768,0,59744,-31513,8981,0
3916,0,32768,0,59776,-31526,8935,1
3917,0,32768,0,59808,-31540,8885,0
3918,0,32768,0,59840,-31555,8835,-1
3919,0,32768,0,59872,-31567,8789,0
3920,0,32768,0,59904,-31581,8739,-1
3921,0,32768,0,59936,-31594,8692,1
3922,0,32768,0,59968,-31608,8642,0
3923,0,32768,0,60000,-31621,8596,1
3924,0,32768,0,60032,-31634,8546,0
3925,0,32768,0,60064,-31648,8496,-1
3926,0,32768,0,60096,-31660,8450,1
3927,0,32768,0,60128,-31673,8400,0
3928,0,32768,0,60160,-31685,8353,1
3929,0,32768,0,60192,-31699,8303,0
3930,0,32768,0,60224,-31712,8252,-1
3931,0,32768,0,60256,-31724,8206,0
3932,0,32768,0,60288,-31737,8156,-1
3933,0,32768,0,60320,-31749,8109,1
3934,0,32768,0,60352,-31762,8059,-1
3935,0,32768,0,60384,-31773,8012,1
3936,0,32768,0,60416,-31786,7962,0
3937,0,32768,0,60448,-31798,7915,1
3938,0,32768,0,60480,-31810,7865,0
3939,0,32768,0,60512,-31823,7814,-1
3940,0,32768,0,60544,-31834,7768,0
3941,0,32768,0,60576,-31846,7717,-1
3942,0,32768,0,60608,-31858,7670,1
3943,0,32768,0,60640,-31870,7620,0
3944,0,32768,0,60672,-31881,7573,1
3945,0,32768,0,60704,-31893,7523,0
3946,0,32768,0,60736,-31905,7472,-1
3947,0,32768,0,60768,-31916,7425,0
3948,0,32768,0,60800,-31927,7375,-1
3949,0,32768,0,60832,-31938,7328,1
3950,0,32768,0,60864,-31950,7277,0
3951,0,32768,0,60896,-31960,7230,1
3952,0,32768,0,60928,-31972,7180,0
3953,0,32768,0,60960,-31983,7129,-1
3954,0,32768,0,60992,-31994,7082,0
3955,0,32768,0,61024,-32005,7031,-1
3956,0,32768,0,61056,-32015,6984,1
3957,0,32768,0,61088,-32026,6933,0
3958,0,32768,0,61120,-32036,6887,1
3959,0,32768,0,61152,-32047,6836,0
3960,0,32768,0,61184,-32058,6785,-1
3961,0,32768,0,61216,-32068,6738,0
3962,0,32768,0,61248,-32078,6687,-1
3963,0,32768,0,61280,-32088,6640,1
3964,0,32768,0,61312,-32099,6589,-1
3965,0,32768,0,61344,-32109,6539,-1
3966,0,32768,0,61376,-32119,6492,0
3967,0,32768,0,61408,-32129,6441,-1
3968,0,32768,0,61440,-32138,6394,1
3969,0,32768,0,61472,-32148,6343,-1
3970,0,32768,0,61504,-32158,6296,1
3971,0,32768,0,61536,-32168,6244,0
3972,0,32768,0,61568,-32177,6197,1
3973,0,32768,0,61600,-32187,6146,0
3974,0,32768,0,61632,-32196,6095,-1
3975,0,32768,0,61664,-32205,6048,0
3976,0,32768,0,61696,-32215,5997,-1
3977,0,32768,0,61728,-32223,5950,1
3978,0,32768,0,61760,-32233,5899,0
3979,0,32768,0,61792,-32241,5851,1
3980,0,32768,0,61824,-32251,5800,0
3981,0,32768,0,61856,-32260,5749,-1
3982,0,32768,0,61888,-32268,5702,0
3983,0,32768,0,61920,-32277,5651,-1
3984,0,32768,0,61952,-32286,5603,1
3985,0,32768,0,61984,-32294,5552,0
3986,0,32768,0,62016,-32303,5505,1
3987,0,32768,0,62048,-32311,5454,0
3988,0,32768,0,62080,-32320,5402,-1
3989,0,32768,0,62112,-32328,5355,0
3990,0,32768,0,62144,-32336,5304,-1
3991,0,32768,0,62176,-32344,5256,1
3992,0,32768,0,62208,-32352,5205,0
3993,0,32768,0,62240,-32360,5157,1
3994,0,32768,0,62272,-32368,5106,0
3995,0,32768,0,62304,-32375,5059,1
3996,0,32768,0,62336,-32383,5007,0
3997,0,32768,0,62368,-32391,4956,-1
3998,0,32768,0,62400,-32399,4909,0
3999,0,32768,0,62432,-32406,4857,-1
4000,0,32768,0,62464,-32413,4809,1
4001,0,32768,0,62496,-32421,4758,0
4002,0,32768,0,62528,-32428,4711,1
4003,0,32768,0,62560,-32435,4659,0
4004,0,32768,0,62592,-32443,4608,-1
4005,0,32768,0,62624,-32449,4560,0
4006,0,32768,0,62656,-32456,4509,0
4007,0,32768,0,62688,-32463,4462,1
4008,0,32768,0,62720,-32470,4410,0
4009,0,32768,0,62752,-32477,4359,-1
4010,0,32768,0,62784,-32483,4311,0
4011,0,32768,0,62816,-32490,4259,-1
4012,0,32768,0,62848,-32496,4212,1
4013,0,32768,0,62880,-32503,4160,0
4014,0,32768,0,62912,-32509,4113,1
4015,0,32768,0,62944,-32515,4061,0
4016,0,32768,0,62976,-32522,4010,-1
4017,0,32768,0,63008,-32528,3962,0
4018,0,32768,0,63040,-32534,3910,-1
4019,0,32768,0,63072,-32540,3863,1
4020,0,32768,0,63104,-32546,3811,0
4021,0,32768,0,63136,-32551,3763,1
4022,0,32768,0,63168,-32557,3711,0
4023,0,32768,0,63200,-32562,3664,1
4024,0,32768,0,63232,-32568,3612,0
4025,0,32768,0,63264,-32574,3560,-1
4026,0,32768,0,63296,-32579,3513,1
4027,0,32768,0,63328,-32585,3461,0
4028,0,32768,0,63360,-32590,3413,1
4029,0,32768,0,63392,-32595,3362,0
4030,0,32768,0,63424,-32600,3314,1
4031,0,32768,0,63456,-32605,3262,0
4032,0,32768,0,63488,-32610,3210,-1
4033,0,32768,0,63520,-32615,3163,0
4034,0,32768,0,63552,-32620,3111,-1
4035,0,32768,0,63584,-32624,3063,1
4036,0,32768,0,63616,-32629,3011,0
4037,0,32768,0,63648,-32634,2964,1
4038,0,32768,0,63680,-32638,2912,0
4039,0,32768,0,63712,-32643,2860,-1
4040,0,32768,0,63744,-32647,2812,0
4041,0,32768,0,63776,-32651,2760,-1
4042,0,32768,0,63808,-32656,2712,1
4043,0,32768,0,63840,-32660,2661,0
4044,0,32768,0,63872,-32664,2613,1
4045,0,32768,0,63904,-32668,2561,0
4046,0,32768,0,63936,-32672,2510,-1
4047,0,32768,0,63968,-32676,2462,1
4048,0,32768,0,64000,-32679,2410,-1
4049,0,32768,0,64032,-32683,2362,1
4050,0,32768,0,64064,-32687,2310,0
4051,0,32768,0,64096,-32690,2262,1
4052,0,32768,0,64128,-32694,2210,0
4053,0,32768,0,64160,-32697,2158,-1
4054,0,32768,0,64192,-32700,2110,0
4055,0,32768,0,64224,-32703,2058,-1
4056,0,32768,0,64256,-32706,2011,1
4057,0,32768,0,64288,-32709,1959,0
4058,0,32768,0,64320,-32712,1911,1
4059,0,32768,0,64352,-32715,1859,0
4060,0,32768,0,64384,-32718,1807,-1
4061,0,32768,0,64416,-32721,1759,0
4062,0,32768,0,64448,-32724,1707,-1
4063,0,32768,0,64480,-32726,1659,1
4064,0,32768,0,64512,-32729,1607,0
4065,0,32768,0,64544,-32731,1559,1
4066,0,32768,0,64576,-32734,1507,0
4067,0,32768,0,64608,-32736,1455,-1
4068,0,32768,0,64640,-32738,1407,0
4069,0,32768,0,64672,-32740,1355,-1
4070,0,32768,0,64704,-32742,1307,1
4071,0,32768,0,64736,-32744,1255,0
4072,0,32768,0,64768,-32746,1208,1
4073,0,32768,0,64800,-32748,1156,0
4074,0,32768,0,64832,-32750,1104,-1
4075,0,32768,0,64864,-32751,1056,0
4076,0,32768,0,64896,-32753,1004,-1
4077,0,32768,0,64928,-32754,956,0
4078,0,32768,0,64960,-32755,904,-1
4079,0,32768,0,64992,-32757,856,1
4080,0,32768,0,65024,-32758,804,0
4081,0,32768,0,65056,-32759,756,1
4082,0,32768,0,65088,-32760,704,0
4083,0,32768,0,65120,-32761,652,-1
4084,0,32768,0,65152,-32763,604,0
4085,0,32768,0,65184,-32763,552,-1
4086,0,32768,0,65216,-32764,504,1
4087,0,32768,0,65248,-32765,452,0
4088,0,32768,0,65280,-32766,400,-1
4089,0,32768,0,65312,-32766,352,0
4090,0,32768,0,65344,-32767,300,-1
4091,0,32768,0,65376,-32767,252,1
4092,0,32768,0,65408,-32767,200,0
4093,0,32768,0,65440,-32768,152,1
4094,0,32768,0,65472,-32768,100,0
4095,0,32768,0,65504,-32768,48,-1
4096,0,-231,195,-40435,265,145,1
4097,0,17740,-22745,-54477,-26806,10653,0
4098,0,15401,-25567,-7757,5059,-29415,0
4099,0,1218,-19060,-51518,-12818,14159,1
4100,0,-2603,16708,-61729,5592,-15958,1
4101,0,-906,-1842,-17100,-1965,-595,-1
4102,0,-187,-598,-50924,-242,578,0
4103,0,4282,14118,10813,-3276,14385,-1
4104,0,676,21418,-33328,21392,-1251,0
4105,0,-2611,-72,-26270,-869,2463,1
4106,0,-11426,23312,27784,-25354,-5584,1
4107,0,29500,10071,-10384,30729,-5237,0
4108,0,-139,3609,22229,-3225,1625,0
4109,0,2722,-4067,34551,3820,3059,1
4110,0,-29512,2075,45720,15482,-25210,-1
4111,0,4637,856,-52802,-3309,-3359,0
4112,0,-20598,-20690,63568,22456,18657,0
4113,0,-511,10706,60581,-2022,-10526,-1
4114,0,-612,-25208,-23611,-23078,-10160,0
4115,0,15575,-5734,48936,-6802,15139,0
4116,0,25133,-835,-50203,-19204,-16235,0
4117,0,-13255,-6147,47636,13318,-6010,1
4118,0,27238,6605,-35897,2461,-27919,0
4119,0,-23476,4515,54013,17616,-16161,-1
4120,0,-27396,-5015,65211,27471,4586,1
4121,0,-4660,-4728,12827,-1079,-6550,-1
4122,0,-11311,9995,43409,-3200,-14751,0
4123,0,2053,320,39964,-995,1824,-1
4124,0,-6833,-11784,49255,13146,3567,-1
4125,0,6873,-28052,-13213,-11063,-26679,-1
4126,0,-15759,22514,47072,-7446,-26454,-1
4127,0,344,-362,50824,-27,499,0
4128,0,21206,-13548,-64844,-21644,12837,-1
4129,0,2408,430,16028,1433,1983,0
4130,0,-19493,3067,8430,-19129,-4844,1
4131,0,-316,3735,42506,-3193,-1963,1
4132,0,27410,-12720,44082,-3252,30042,1
4133,0,4764,5237,40149,-6563,2655,1
4134,0,-8216,-7703,-18234,-11180,1358,1
4135,0,13096,15702,-58426,-7094,-19176,0
4136,0,-1551,-12217,-47356,-8351,9051,-1
4137,0,24045,14511,27083,-7504,27063,0
4138,0,-1341,-1552,-24722,-1942,659,-1
4139,0,14183,5720,-62523,-13212,-7703,-1
4140,0,13346,17022,15379,-1562,21574,0
4141,0,3781,21652,-64364,-2560,-21830,1
4142,0,3154,-779,-53448,-3066,-1075,1
4143,0,12345,22439,-15140,24127,8591,-1
4144,0,-5095,-18279,-2187,-6980,-17646,0
4145,0,-799,-1165,27722,940,-1055,0
4146,0,-8404,-16011,-37858,-13507,12023,-1
4147,0,-1794,4317,-27902,3785,2743,1
4148,0,-3198,-18205,-2280,-5166,-17747,1
4149,0,-25065,12175,-45311,24219,13782,0
4150,0,-18217,25755,-36464,28563,13392,1
4151,0,-3529,-14132,-39944,-12114,8088,0
4152,0,4966,1928,8883,3726,3807,1
4153,0,14545,27226,-44488,15292,-26814,1
4154,0,-16228,-15728,-11602,-22085,-4791,-1
4155,0,-7803,13966,-21519,7977,13867,-1
4156,0,11763,-25769,10657,22860,-16728,1
4157,0,4868,2335,-6480,5349,735,-1
4158,0,-2911,-27499,26504,25407,-10916,1
4159,0,-18986,2628,-44776,12540,14496,0
4160,0,-3379,3392,-19916,816,4718,1
4161,0,-31102,2588,-13428,-23324,20737,1
4162,0,-827,1153,-42086,1397,248,-1
4163,0,-13810,-1192,64526,13852,522,1
4164,0,2487,17124,-53016,7619,-15536,0
4165,0,29285,7784,-42744,-6567,-29582,1
4166,0,-5311,13545,44224,-8781,-11600,0
4167,0,-682,-32096,3192,4219,-31825,0
4168,0,-481,4037,42499,-3389,-2245,-1
4169,0,-2429,4140,45406,-2020,-4354,1
4170,0,-8927,-10641,19514,3267,-13500,-1
4171,0,-22728,11341,18094,-23350,-9998,-1
4172,0,522,18357,-13019,11151,14592,0
4173,0,28382,-918,-29548,3457,-28185,-1
4174,0,18755,-16539,-23348,-6698,-24092,1
4175,0,-2725,3244,11425,-4015,1350,0
4176,0,10887,-12835,46957,3131,16537,-1
4177,0,8835,10539,-49412,1035,-13714,-1
4178,0,10313,-20642,-46072,-22725,4004,0
4179,0,-5357,12029,-25357,9415,9207,0
4180,0,13584,-8863,14460,16112,1862,0
4181,0,-10406,-8299,-10137,-13077,-2478,0
4182,0,1022,-797,28423,991,835,1
4183,0,295,74,-31915,86,-292,0
4184,0,-3777,-19672,-52904,-8092,18324,0
4185,0,-1828,-9237,47465,8222,4590,1
4186,0,-9001,-23196,19298,13110,-21147,-1
4187,0,-14489,-12972,42735,18181,-6902,0
4188,0,21793,-13371,27319,18545,17602,-1
4189,0,4363,-9367,-64039,-5023,9030,0
4190,0,9993,5332,-19830,10147,-5033,0
4191,0,-404,7119,-32331,7109,554,-1
4192,0,-8430,31529,-30455,30403,11865,1
4193,0,-10512,-12037,-3468,-12359,-10132,0
4194,0,-8613,-4555,33665,4921,-8409,1
4195,0,15773,-4783,3784,16377,-1860,1
4196,0,-16935,-8873,45234,16864,-9007,0
4197,0,11034,13356,20129,-4694,16676,1
4198,0,-30329,-3988,46255,21454,-21805,0
4199,0,2765,-15264,9844,9402,-12339,0
4200,0,1678,22231,-776,2504,22153,1
4201,0,534,231,-8389,582,4,-1
4202,0,12923,17895,-42810,9877,-19740,1
4203,0,5330,-10239,43231,6415,9596,0
4204,0,-15750,-14436,-22019,-20323,6592,1
4205,0,-13551,-3763,10988,-9823,-10065,1
4206,0,-18697,23309,-7324,-9540,28317,0
4207,0,-1118,18438,-59522,6314,-17359,1
4208,0,-4264,-21560,-22724,-21084,-6204,1
4209,0,-656,14140,-22585,12181,7211,0
4210,0,-3659,4394,38352,-3270,-4691,1
4211,0,-9484,17155,-47092,19279,-3541,1
4212,0,5291,1439,-29493,2248,-5001,1
4213,0,4474,-17920,-15812,-9069,-16090,-1
4214,0,-21167,423,33066,-120,-21171,0
4215,0,-30051,-3534,63228,30258,196,-1
4216,0,-20907,-9154,-63398,19860,11246,-1
4217,0,4534,13089,-61754,-2099,-13692,-1
4218,0,2523,-188,60334,-2399,805,-1
4219,0,-3717,1407,29280,-2006,-3431,0
4220,0,9112,-29212,-44374,-29618,7689,0
4221,0,-10602,-7414,-63827,9960,8257,1
4222,0,-2161,-1721,41082,2425,-1324,0
4223,0,15855,-7166,42364,-617,17389,1
4224,0,11,8491,54555,-4276,-7336,1
4225,0,19816,8910,19641,4461,21264,1
4226,0,10907,-5867,8080,12315,-1312,0
4227,0,18126,-21016,12240,26730,-7465,0
4228,0,-2333,-118,51948,1927,-1321,1
4229,0,-12879,3466,-16655,-6505,11643,1
4230,0,-20912,3408,29694,-6440,-20185,-1
4231,0,18023,-25038,11604,28526,-11748,1
4232,0,606,1314,-37215,1156,-870,1
4233,0,-4547,4007,-42227,5594,2332,1
4234,0,2592,-8184,-54512,-6365,5761,1
4235,0,-9061,634,37998,1634,-8935,1
4236,0,3570,5106,3749,2599,5662,-1
4237,0,-5930,-2439,25909,394,-6400,-1
4238,0,-24658,-3202,243,-24619,-3488,1
4239,0,5917,9570,4455,3754,10607,0
4240,0,-13775,15479,-4693,-9976,18161,-1
4241,0,-16526,11186,9933,-19815,2366,0
4242,0,-5494,1472,30897,-1958,-5340,0
4243,0,-9920,-1897,20879,-3755,-9376,-1
4244,0,14217,-19642,14484,23494,-5997,-1
4245,0,5580,-5964,-6985,3310,-7467,0
4246,0,1685,-2102,16606,2681,-266,1
4247,0,6080,25677,-29246,26334,-1680,1
4248,0,-21015,12656,10206,-24498,1295,0
4249,0,5400,1882,27174,-384,5706,-1
4250,0,-3627,458,7122,-3571,-783,-1
4251,0,9119,26013,44841,-26765,-6593,1
4252,0,2623,-886,5112,2760,-223,0
4253,0,-6403,-22785,14230,9396,-21723,-1
4254,0,550,8992,9303,-3382,8350,1
4255,0,3124,-20917,-11804,-8578,-19331,1
4256,0,-14116,15132,63986,12953,-16138,1
4257,0,-10146,-7952,56969,12477,3241,-1
4258,0,1555,22502,3179,-1880,22477,-1
4259,0,-11132,-13602,-33875,-12992,11838,1
4260,0,6966,-1529,-65062,-6999,1371,0
4261,0,9658,26909,22348,-18995,21367,0
4262,0,4066,536,-54548,-3245,-2507,1
4263,0,29876,-12201,60180,-25798,19389,1
4264,0,24170,19852,47003,-30649,6237,-1
4265,0,1834,17123,-1834,3330,16896,-1
4266,0,-2945,-19203,15507,10827,-16131,1
4267,0,11925,7154,34944,-8357,11115,-1
4268,0,3415,5123,-32858,5108,-3437,-1
4269,0,11543,3496,-42982,-2343,-11831,0
4270,0,27995,9295,58639,-29496,295,-1
4271,0,-3026,-9430,27304,8325,-5364,0
4272,0,-4210,9448,-24694,7160,7465,-1
4273,0,-5525,-25475,-8663,-15333,-21081,0
4274,0,-24046,12061,60263,20266,-17691,0
4275,0,10119,-25187,5609,16446,-21594,1
4276,0,-28451,1419,5394,-27868,-5904,-1
4277,0,12889,3707,8643,10306,8582,0
4278,0,-7511,22522,14397,-20130,12587,1
4279,0,16894,27414,48023,-31687,-5732,1
4280,0,17863,-20626,-19190,-5585,-26708,-1
4281,0,736,6818,13632,-3561,5861,0
4282,0,22648,-6799,18278,19720,13048,0
4283,0,-14875,-3174,-16891,-12558,8581,-1
4284,0,4280,14133,-13422,11903,8740,-1
4285,0,1740,2949,-13765,3182,1264,0
4286,0,-5521,-3830,533,-5421,-3970,1
4287,0,-3779,723,-22765,-1102,3687,1
4288,0,-13455,-174,-48269,8975,10026,0
4289,0,-23828,-4040,13918,-16219,-17918,0
4290,0,29192,13774,-62035,-26481,-18456,0
4291,0,16477,-10748,-52168,-19634,-1235,0
4292,0,-30697,-2259,-38511,6171,30155,0
4293,0,379,135,32511,-130,381,1
4294,0,-750,-29372,-47269,-22077,19388,-1
4295,0,-6338,-9290,-43491,-4974,10087,-1
4296,0,18216,-22844,-5055,12201,-26548,1
4297,0,-11612,-294,-16306,-8449,7972,-1
4298,0,-4885,-3272,-27815,-4330,3978,-1
4299,0,3880,767,32991,-808,3871,1
4300,0,-1660,3771,-26813,3151,2655,0
4301,0,20157,22641,18612,-4971,29903,1
4302,0,-20775,-23449,6257,-12918,-28541,-1
4303,0,-3751,6532,-34086,6756,3331,1
4304,0,531,6486,-59607,1309,-6375,0
4305,0,24773,-4168,-12727,17916,-17609,-1
4306,0,19283,22510,27169,-16592,24561,-1
4307,0,-14817,-18058,40361,22150,-7417,-1
4308,0,-18162,27136,-21379,13760,29612,-1
4309,0,-5890,-952,55339,5647,-1925,1
4310,0,30,-3412,52177,2015,2754,1
4311,0,1358,878,14979,445,1555,0
4312,0,16670,16151,-5400,20249,11346,0
4313,0,-11002,-9283,-32629,-9355,10940,1
4314,0,4575,3770,-8156,5667,1742,0
4315,0,-28424,-3238,9827,-23859,-15785,0
4316,0,-2734,27320,-4887,3684,27208,1
4317,0,-5366,5644,-46159,7733,919,-1
4318,0,-6580,-7844,63121,7443,7031,1
4319,0,14576,-9482,64323,-14001,10312,-1
4320,0,-20956,18856,-48267,28063,2678,0
4321,0,16830,-957,-29996,1282,-16808,-1
4322,0,-18227,26117,7397,-26162,18163,-1
4323,0,-215,335,-31678,323,232,0
4324,0,-18347,3316,-55337,17755,5689,1
4325,0,4535,14275,-62755,-2598,-14751,1
4326,0,257,19766,-58268,6507,-18666,0
4327,0,-13010,-27421,-25866,-30160,3397,1
4328,0,24560,-6445,48805,-12444,22133,-1
4329,0,-16945,-22809,56110,25204,13120,1
4330,0,-1153,2438,-42778,2695,-103,0
4331,0,14500,-6380,31611,7173,14125,-1
4332,0,5094,-16629,-45619,-16515,5451,0
4333,0,24515,-537,-12832,19711,-14587,1
4334,0,-16848,13675,51191,4339,-21261,0
4335,0,25509,1543,51142,-20656,15047,0
4336,0,-31056,7291,-6130,-27613,15974,0
4337,0,2775,-3413,38096,2601,3547,-1
4338,0,-18316,-7952,28328,3904,-19583,0
4339,0,2600,13198,-28363,13450,224,1
4340,0,-2215,4179,-24032,2917,3723,-1
4341,0,17664,-3114,51665,-11979,13350,1
4342,0,-4466,1815,44351,812,-4752,0
4343,0,27831,-13866,6456,30732,-4731,0
4344,0,-14658,23536,-45913,27653,-2027,1
4345,0,-4898,5526,36932,-4445,-5896,1
4346,0,4568,6783,-14106,7808,2432,0
4347,0,-1557,-20165,1233,-364,-20222,1
4348,0,18146,-17682,-48170,-25291,-1520,0
4349,0,13333,6466,41831,-11477,9373,0
4350,0,-24571,8581,-25950,239,26025,1
4351,0,-2035,25287,-7168,6604,24494,1
4352,0,-22811,-19417,-3925,-26041,-14807,1
4353,0,1096,6052,19735,-4268,4429,-1
4354,0,23132,17880,-5009,26720,11868,-1
4355,0,15568,-12122,-33371,-12567,-15211,0
4356,0,29692,10928,-36403,5614,-31137,1
4357,0,-1343,28379,-33296,28404,626,-1
4358,0,4891,-3357,-2300,4492,-3875,-1
4359,0,-9269,5174,-34459,5908,8820,-1
4360,0,22548,11409,-42845,-369,-25267,-1
4361,0,-25950,-15892,47733,29035,-9108,1
4362,0,-8057,21546,19555,-22136,6258,-1
4363,0,-4258,23413,-24970,20241,12513,0
4364,0,2836,2916,-21963,3938,-1021,1
4365,0,1242,2245,56155,-2094,-1482,0
4366,0,1705,-1201,-28237,-805,-1924,-1
4367,0,-27095,3795,38374,3535,-27130,0
4368,0,3429,-11196,-32612,-11170,-3512,0
4369,0,2011,-6697,49010,3356,6135,0
4370,0,1650,-2368,-29608,-2092,-1988,1
4371,0,-6980,6901,-52744,9680,-1626,0
4372,0,-122,14212,44778,-11854,-7840,-1
4373,0,-3333,-5565,30397,5151,-3943,-1
4374,0,1044,4162,1923,656,4241,1
4375,0,20234,-3853,-13164,14064,-15049,0
4376,0,-20310,-6018,60326,21167,813,-1
4377,0,-30495,-7340,58063,31133,-3816,-1
4378,0,12285,-23471,44057,13788,22621,-1
4379,0,-7885,9421,-15257,424,12278,0
4380,0,-23199,-6938,24700,-2324,-24103,-1
4381,0,-6925,27970,-42474,28104,-6361,1
4382,0,6127,591,-17736,4487,-4214,-1
4383,0,1669,24095,-13853,16166,17945,1
4384,0,12568,-1622,-29960,80,-12672,0
4385,0,11997,21567,-7331,18689,16118,1
4386,0,-660,220,-3291,-617,321,1
4387,0,16482,-11278,3092,17967,-8719,-1
4388,0,-7437,-26554,16685,13862,-23838,1
4389,0,-6270,1252,-12305,-4514,4528,1
4390,0,-10027,21165,-56245,18167,-14780,-1
4391,0,16229,-2714,-39148,-7474,-14659,0
4392,0,-6207,-7471,-38125,-5650,7901,0
4393,0,-363,5071,-46335,4256,-2781,-1
4394,0,25594,-733,2794,25463,2690,1
4395,0,2081,-5433,41421,4134,4094,0
4396,0,-42,-3227,42609,2894,1429,-1
4397,0,16847,16614,-1215,17785,15606,0
4398,0,23800,-21437,12239,31688,-4674,-1
4399,0,20665,-5991,-19609,7350,-20221,0
4400,0,-22292,9415,-36378,13113,20338,0
4401,0,-20918,16016,55570,11212,-23841,1
4402,0,-23677,14905,-21321,365,27975,-1
4403,0,-417,-1608,10574,416,-1608,-1
4404,0,-2272,14904,-57172,7909,-12835,-1
4405,0,32251,4646,-19452,22949,-23132,-1
4406,0,2019,-19696,17872,16207,-11373,-1
4407,0,-26313,6592,-8859,-21260,16848,0
4408,0,4075,-22411,47935,14035,17941,0
4409,0,8945,-21377,-7066,1333,-23135,1
4410,0,1969,-7459,40815,6170,4631,0
4411,0,-27241,-6672,-10369,-27126,7125,0
4412,0,3464,-4315,62563,-2816,4764,0
4413,0,896,-131,-34348,-198,-883,-1
4414,0,-3281,14043,14418,-11480,8729,-1
4415,0,850,-1258,1610,944,-1189,1
4416,0,-21395,4686,887,-21575,3773,1
4417,0,-2672,10682,-62233,4322,-10127,1
4418,0,-16403,16698,-51035,23292,-2318,1
4419,0,7050,2579,34857,-3271,6757,1
4420,0,-2777,9398,-60621,4895,-8490,-1
4421,0,-24800,9039,-63917,25426,-7089,0
4422,0,-20631,-1626,48659,15416,-13807,1
4423,0,16128,-13355,28859,16125,13359,-1
4424,0,-18564,-25548,-56588,6256,30955,0
4425,0,-13595,-6024,43013,11723,-9148,1
4426,0,4486,11755,-11977,10151,7433,1
4427,0,7169,7758,-30811,8396,-6410,-1
4428,0,-24612,-6552,35518,9730,-23537,0
4429,0,27289,-6103,-21297,9058,-26456,0
4430,0,5425,-3268,-726,5308,-3455,0
4431,0,1008,-13326,-48794,-10284,8535,-1
4432,0,-6271,-14438,15145,4895,-14961,0
4433,0,-1020,-16861,-45508,-13229,10504,-1
4434,0,-1399,380,24662,-882,-1151,-1
4435,0,6784,30197,31278,-29636,8921,0
4436,0,-3659,-4410,-65285,3606,4454,1
4437,0,-4260,-10121,46722,10582,2934,1
4438,0,27729,8976,37336,-14784,25118,1
4439,0,15608,-7891,-31896,-7233,-15924,1
4440,0,1131,11178,50959,-8057,-7831,0
4441,0,405,-11921,-3811,-1767,-11796,0
4442,0,-11069,6332,54801,6519,-10960,0
4443,0,-6784,1698,-11464,-4899,4991,-1
4444,0,-4304,270,-2926,-4224,869,-1
4445,0,-6795,-12679,37622,13904,-3687,-1
4446,0,-15625,-22410,-51994,-1102,27297,-1
4447,0,-16452,-20765,22131,10095,-24494,-1
4448,0,19538,-17089,57364,-11533,23254,0
4449,0,6057,4043,36342,-5017,5279,0
4450,0,-16487,600,-55595,14925,7030,0
4451,0,-12740,-19855,25007,13864,-19087,1
4452,0,23957,5980,-12165,23290,-8202,1
4453,0,6008,1238,25400,917,6065,-1
4454,0,17630,11610,-35137,9539,-18832,-1
4455,0,14387,-7842,-9575,9424,-13404,-1
4456,0,27318,-10652,26848,17874,23244,-1
4457,0,12809,18000,23059,-10336,19525,0
4458,0,4241,4726,-6214,5441,3273,0
4459,0,739,-3200,-45701,-3034,1258,0
4460,0,1745,-9720,-46303,-8799,4483,1
4461,0,12567,2551,60226,-12805,696,1
4462,0,16743,-15088,-5020,12664,-18644,0
4463,0,-19075,2211,13666,-16473,-9868,0
4464,0,-22395,-8172,-58251,18246,15343,-1
4465,0,-19762,-8204,-23694,-15767,14465,1
4466,0,15651,25943,-3599,19874,22870,1
4467,0,-4087,8242,59952,1762,-9029,-1
4468,0,15308,11391,9790,8501,17083,-1
4469,0,4759,-3163,2020,5042,-2688,1
4470,0,929,55,-25831,355,-860,0
4471,0,550,21,10095,477,274,1
4472,0,16173,-24049,3450,19911,-21059,0
4473,0,-12220,835,34027,-97,-12248,1
4474,0,901,751,-51263,-223,-1152,-1
4475,0,-7275,-29561,41263,30025,5028,0
4476,0,13793,-5592,-45833,-12615,-7897,0
4477,0,-22447,-9371,65416,22501,9242,0
4478,0,-2324,17668,47545,-11905,-13260,-1
4479,0,-21464,-13124,-34336,-11475,22389,1
4480,0,3194,2393,-47694,-289,-3981,0
4481,0,-3545,-10477,-47740,-5561,9561,0
4482,0,6707,14176,-57617,-976,-15652,-1
4483,0,-23046,-600,-60691,22289,5888,0
4484,0,-1636,31278,50983,-18840,-25021,1
4485,0,17079,-3569,23578,10511,13926,0
4486,0,10508,-14597,28341,16483,7198,0
4487,0,6244,26372,-63021,-3026,-26932,-1
4488,0,2317,5995,10201,-770,6381,0
4489,0,-3324,-1009,-3405,-3444,-456,-1
4490,0,-15940,14099,-24150,6514,20259,1
4491,0,-20560,13296,-30271,10745,22001,-1
4492,0,24433,-20128,-6190,17481,-26392,-1
4493,0,5505,-1236,-8431,4575,-3301,0
4494,0,-22876,23119,-2664,-19746,25844,-1
4495,0,677,-1809,-40326,-1931,8,0
4496,0,31288,3006,-65213,-31238,-3490,0
4497,0,18437,-17756,64140,-17209,18949,-1
4498,0,4213,31055,21916,-24853,19093,0
4499,0,24642,-16485,39878,7299,28735,0
4500,0,-216,3609,59360,-846,-3515,0
4501,0,8836,15245,-49567,4192,-17114,0
4502,0,-23702,-1802,-50657,16745,16871,-1
4503,0,27510,6365,64429,-27809,-4896,1
4504,0,-20267,10657,20202,-20264,-10662,0
4505,0,12824,-4316,12009,13107,3361,1
4506,0,-18654,-25303,55242,28415,13447,1
4507,0,-1755,-58,-19181,-1110,1361,0
4508,0,-16039,5927,-992,-15739,6683,1
4509,0,18344,-14316,-4867,14537,-18170,1
4510,0,-87,-1478,9971,603,-1352,-1
4511,0,18265,-16679,31829,17484,17496,1
4512,0,-4732,-5900,27136,4424,-6134,-1
4513,0,-217,-358,-59582,108,405,-1
4514,0,11365,-10660,-39206,-13609,-7590,0
4515,0,1,-6178,42230,5553,2708,0
4516,0,-16911,20426,25060,-25155,-8392,1
4517,0,8530,5921,-43618,899,-10345,0
4518,0,733,1620,58809,-1209,-1304,1
4519,0,-3087,21653,8108,-11062,18868,0
4520,0,6428,-12204,-16247,-3998,-13201,0
4521,0,468,-4616,-61195,-1412,4420,0
4522,0,-127,224,-1605,-109,233,-1
4523,0,10649,-19471,8735,17646,-13460,1
4524,0,18262,-19584,-60822,-22186,14993,-1
4525,0,-8822,-7722,-42345,-3013,11330,0
4526,0,4898,-5465,20270,7275,963,-1
4527,0,-22291,-9533,31784,8473,-22715,-1
4528,0,12241,-4954,-13578,6736,-11358,1
4529,0,-12608,-8097,-35412,-6439,13530,-1
4530,0,-14211,24284,-2157,-11629,25621,0
4531,0,2514,1578,-23770,2485,-1624,-1
4532,0,-16204,24990,35239,-22899,-19045,-1
4533,0,-24501,-18952,57399,29867,8213,-1
4534,0,19227,-24335,33346,23793,19894,0
4535,0,-5875,3594,16019,-6723,-1496,-1
4536,0,5583,-17988,27834,18796,1213,0
4537,0,13526,9304,-50757,-4218,-15866,1
4538,0,-11242,10606,48519,-20,-15455,1
4539,0,21118,-60,-8182,19492,-8128,0
4540,0,-602,29500,-52543,17698,-23609,-1
4541,0,-7831,-5396,54743,9475,816,1
4542,0,-20581,19808,39195,-12633,-25619,-1
4543,0,20843,14888,22168,-2866,25453,0
4544,0,17218,12483,46410,-20382,6071,-1
4545,0,-22368,4148,-53689,21088,8535,-1
4546,0,18041,9135,59013,-19976,-3143,0
4547,0,-10009,2479,-26747,-472,10301,0
4548,0,-8090,8112,5586,-9948,5683,1
4549,0,-26446,13547,-25120,3167,29545,0
4550,0,-17110,-5888,-48740,7612,16416,0
4551,0,6868,-4478,55121,-3886,7220,0
4552,0,-1661,9670,33161,-9637,-1842,1
4553,0,5838,-4625,61676,-4887,5620,0
4554,0,10885,27939,-18217,28405,9604,0
4555,0,1503,3360,-58700,-342,-3665,1
4556,0,-20813,6358,-38099,11413,18530,0
4557,0,2646,15007,43351,-14403,-4978,1
4558,0,-5103,1554,3940,-5304,568,-1
4559,0,-3082,-8338,60333,5045,7319,1
4560,0,-2910,380,20591,-1921,-2219,-1
4561,0,-1654,1793,14985,-2425,261,1
4562,0,24025,16311,25310,-6871,28214,1
4563,0,-14700,1429,55701,12448,-7949,-1
4564,0,16008,1788,-62890,-15653,-3798,1
4565,0,-17332,-19936,31256,18628,-18731,1
4566,0,15724,-14234,28006,17422,12096,-1
4567,0,-3958,327,-61643,3950,413,0
4568,0,-3,12700,-6401,3833,12108,-1
4569,0,-2783,-2183,9425,-1551,-3179,1
4570,0,247,-712,32979,710,254,-1
4571,0,-4019,-5762,31917,5594,-4251,-1
4572,0,14350,25302,21958,-14874,24998,-1
4573,0,1106,-14564,-31075,-14427,-2283,0
4574,0,-22630,9286,-30398,6660,23537,0
4575,0,15835,-20440,49997,2215,25761,0
4576,0,-22279,-939,20761,-11340,-19200,1
4577,0,-14029,-10302,2258,-12834,-11757,0
4578,0,1525,-2792,57410,-350,3162,0
4579,0,-24080,-4443,33962,5813,-23786,0
4580,0,8781,-8639,23480,11579,4204,1
4581,0,2901,20766,6466,-3572,20661,0
4582,0,5530,8968,12744,-614,10518,0
4583,0,-8076,8404,61888,6491,-9681,0
4584,0,-5439,2176,-22191,-739,5812,0
4585,0,3463,-26511,-12327,-11894,-23945,0
4586,0,81,-1152,3286,261,-1125,-1
4587,0,2040,-28378,64915,-1194,28426,0
4588,0,5547,13781,-44580,8654,-12074,0
4589,0,-28917,15220,-61815,31159,-9846,-1
4590,0,-6391,-19897,9999,3506,-20602,-1
4591,0,18637,14853,18973,-276,23830,0
4592,0,1691,10347,51562,-7750,-7061,0
4593,0,-13043,4865,12656,-13489,-3439,1
4594,0,22580,16808,58378,-26919,-8231,1
4595,0,-28781,-12527,-8554,-31389,-15,0
4596,0,-4359,-21770,-48850,-12578,18296,-1
4597,0,6422,-18207,-36934,-19119,-2683,-1
4598,0,-2000,-7311,38940,7576,218,1
4599,0,22105,-8876,-23232,1792,-23753,0
4600,0,-382,1106,38928,-947,-687,-1
4601,0,-21543,21861,-64080,23016,-20305,-1
4602,0,-27701,-10082,-35977,-5720,28919,-1
4603,0,-8938,8071,32374,-8238,-8784,1
4604,0,984,1898,-55176,39,-2138,-1
4605,0,11345,-3894,15026,11096,4556,1
4606,0,-25843,6420,-64228,26195,-4787,-1
4607,0,-11865,-1810,11690,-9088,-7840,0
4608,0,-20099,15241,47020,867,-25209,1
4609,0,20812,-6494,-35835,-9473,-19636,1
4610,0,216,-3309,-28196,-3183,-930,0
4611,0,1395,778,-17103,1521,-489,1
4612,0,-6758,-15344,24630,11621,-12086,1
4613,0,28181,-7944,-25059,2770,-29148,0
4614,0,3537,-29345,-22615,-24284,-16851,1
4615,0,18731,12389,24995,-4720,21956,-1
4616,0,25547,18077,42152,-27387,15146,1
4617,0,-26476,6728,29760,-10464,-25234,1
4618,0,5810,-12660,39322,10245,9437,1
4619,0,-166,-683,-43543,-512,482,1
4620,0,-3998,-24043,28888,22889,-8375,0
4621,0,-7060,4426,15610,-8185,-1560,-1
4622,0,15630,1140,-29173,3803,-15203,0
4623,0,1979,-28467,-28573,-27497,-7626,-1
4624,0,17730,1967,-9176,16880,-5769,-1
4625,0,30790,-8700,-57016,-31713,-4245,-1
4626,0,-13154,-11007,-18942,-16770,3597,0
4627,0,-24007,7851,-50284,23114,10185,0
4628,0,2426,-5986,-44559,-6355,1158,1
4629,0,-6440,21298,57717,-1804,-22177,-1
4630,0,20932,10593,-10756,23434,-1105,0
4631,0,-5108,-17057,-64863,4556,17213,1
4632,0,-10098,15800,-3590,-7243,17296,0
4633,0,1076,-2544,-50421,-2492,1192,1
4634,0,4512,-26178,10588,16666,-20685,1
4635,0,-30000,-7903,-892,-30310,-6614,-1
4636,0,2477,23971,1154,1149,24071,1
4637,0,-2283,-16772,-9661,-9535,-13986,0
4638,0,9475,-11218,9977,13575,-5599,0
4639,0,-25240,-10264,40464,18675,-19840,0
4640,0,-12352,18405,50976,-2363,-22039,-1
4641,0,5183,-2281,-63882,-5348,1863,-1
4642,0,-19970,-25790,-53590,2808,32497,-1
4643,0,23443,21845,32301,-21316,23925,-1
4644,0,-17300,-1840,-29458,-4550,16792,0
4645,0,27626,15416,-7698,31327,4413,0
4646,0,17397,-3443,37513,-569,17725,-1
4647,0,-702,-5619,-5552,-2155,-5236,0
4648,0,86,-249,-42910,-260,40,0
4649,0,12267,-15405,-31210,-14447,-13382,0
4650,0,3873,24332,17040,-15087,19479,-1
4651,0,23908,1347,-809,23942,418,1
4652,0,4870,7713,-43401,4356,-8015,0
4653,0,21325,17302,23574,-6553,26668,-1
4654,0,8072,-2071,41136,-1245,8240,0
4655,0,20904,-6359,38626,317,21848,0
4656,0,-13690,-10760,-11922,-17335,-1646,0
4657,0,15568,6342,-25264,11417,-12339,-1
4658,0,-23767,-19351,63300,25700,16698,-1
4659,0,-12122,6235,-8495,-8661,10526,0
4660,0,-10406,-15647,1005,-9640,-16130,-1
4661,0,-22912,22043,55314,9843,-30232,-1
4662,0,-6202,-28072,62571,10117,26910,1
4663,0,-12111,7969,-15098,-3797,13991,1
4664,0,-17172,-6761,48294,16607,-8051,-1
4665,0,-15749,-17146,-62726,13303,19106,-1
4666,0,-8990,22139,40540,-17348,-16432,0
4667,0,381,282,19499,-1,474,-1
4668,0,-10055,-15925,-3492,-12568,-14026,1
4669,0,-20465,-12919,62999,21881,10342,-1
4670,0,3773,899,-4688,3879,36,-1
4671,0,-3846,-9007,-61609,2093,9568,1
4672,0,14484,-1831,2247,14597,-262,-1
4673,0,18549,1815,-60477,-17570,-6216,0
4674,0,-26397,-7865,7729,-21758,-16889,0
4675,0,-25252,-1517,-59152,23621,9055,-1
4676,0,-3265,-7610,-45418,-4392,7020,0
4677,0,14003,-20394,61005,-9278,22933,1
4678,0,17116,11353,54116,-20524,-785,0
4679,0,-7539,-9402,42170,11747,-2691,1
4680,0,-4591,-3958,-1049,-4784,-3722,0
4681,0,-15883,22337,-33699,23024,14870,1
4682,0,1453,473,-42467,-229,-1511,0
4683,0,14084,2514,51213,-12487,6984,0
4684,0,7610,-29572,-54898,-21077,22094,0
4685,0,-27335,-14103,-2463,-28805,-10786,-1
4686,0,16740,-23330,47185,7308,27769,1
4687,0,-11301,3430,26979,-6395,-9929,0
4688,0,23863,-19559,-37112,-24069,-19305,-1
4689,0,12343,1599,60174,-12344,1591,0
4690,0,4164,-5908,-62374,-5008,5212,0
4691,0,-12844,14688,11537,-18645,5751,0
4692,0,-339,1671,-30510,1625,518,0
4693,0,26637,12571,46221,-26059,13729,-1
4694,0,-10716,-23207,-27044,-25242,4028,1
4695,0,-9369,23532,-43709,25061,-3675,0
4696,0,-994,-1910,55084,1789,1198,1
4697,0,-32551,-765,24215,-12275,-30158,1
4698,0,-27391,16131,51853,11868,-29489,0
4699,0,-11470,15233,-30695,14020,12924,1
4700,0,1138,-690,56522,-744,1103,1
4701,0,-13923,-463,65139,13930,198,0
4702,0,-10135,-7547,-63655,9414,8429,-1
4703,0,-25864,4179,62868,25120,-7444,0
4704,0,3437,-1154,42777,-563,3582,-1
4705,0,70,-8,58609,-63,31,0
4706,0,-8137,17244,-27842,14862,11946,0
4707,0,-6817,9606,41240,-6132,-10057,0
4708,0,4505,-30422,63236,-1131,30733,-1
4709,0,-10838,-24845,17793,11586,-24505,-1
4710,0,1880,27565,38677,-26992,-5899,0
4711,0,-7133,-23061,21038,15707,-18330,1
4712,0,2131,932,28864,-519,2267,-1
4713,0,1350,18226,-54766,7824,-16517,-1
4714,0,9467,4766,-57534,-6996,-7962,1
4715,0,-21589,-16848,-9088,-26682,-6163,0
4716,0,-1958,6846,41978,-5353,-4696,-1
4717,0,19778,-16869,59031,-13649,22123,0
4718,0,4059,1276,-55303,-2979,-3038,-1
4719,0,4211,-29028,11125,18383,-22857,0
4720,0,-9037,-29444,7493,1889,-30742,1
4721,0,-9344,30463,4415,-15534,27821,1
4722,0,-28584,-11946,63041,29805,8450,0
4723,0,2321,-21445,-58319,-9456,19387,0
4724,0,-3906,-5721,28077,4706,-5084,1
4725,0,-22580,-3360,63775,22783,1443,1
4726,0,-893,14999,-7770,4627,14296,0
4727,0,24354,18467,3138,21310,21909,-1
4728,0,-9268,3313,41347,668,-9819,0
4729,0,-29002,-7401,5162,-26305,-14281,-1
4730,0,8327,-15048,-11894,-1112,-17163,0
4731,0,11810,-15498,-13871,-269,-19483,1
4732,0,-11411,9007,2542,-12421,7554,1
4733,0,849,5789,-59050,963,-5771,-1
4734,0,16378,27798,-8246,25819,19348,-1
4735,0,29175,827,39184,-9620,27556,0
4736,0,3013,5782,14258,-1315,6386,-1
4737,0,-252,14804,26620,-14239,4059,0
4738,0,9087,12057,10084,2442,14899,0
4739,0,3763,23202,25413,-20475,11543,0
4740,0,753,10288,-12573,6453,8048,0
4741,0,-490,-1584,-44218,-1096,1244,1
4742,0,11009,-11399,36049,9533,12659,-1
4743,0,-5416,-16545,28776,15213,-8464,0
4744,0,22855,13495,16504,6471,25741,1
4745,0,7234,20106,-19196,20380,6420,1
4746,0,26781,-287,9158,24364,11122,1
4747,0,-1993,18091,-26230,16596,7473,0
4748,0,-28057,15625,37151,-9428,-30699,-1
4749,0,-8126,-10702,-31609,-11136,7519,1
4750,0,2181,1339,-64521,-2113,-1444,-1
4751,0,-29377,10730,-53878,30598,6477,1
4752,0,2955,2447,27381,-1611,3482,0
4753,0,-11196,20931,-18029,8651,22105,-1
4754,0,11333,-20058,-48310,-22428,5269,0
4755,0,-26613,16212,57396,18445,-25118,1
4756,0,13909,12253,-60358,-10472,-15295,0
4757,0,-5075,-1108,-64769,5031,1294,1
4758,0,-1268,-7301,-2815,-2239,-7064,1
4759,0,-3366,21752,-53950,14329,-16708,0
4760,0,18,154,7458,-37,151,-1
4761,0,6186,-1532,-40871,-3761,-5145,0
4762,0,-7578,1186,-17206,-4272,6370,0
4763,0,22665,-3305,-43065,-13650,-18393,1
4764,0,15431,542,-45733,-8545,-12861,1
4765,0,-2436,-17266,37080,17399,1160,-1
4766,0,19100,-6371,8138,20088,1372,-1
4767,0,15031,7304,31993,-6741,15292,-1
4768,0,-1598,585,60958,1432,-919,-1
4769,0,-1070,12620,29620,-12637,840,1
4770,0,26920,-18637,55129,-14722,29245,0
4771,0,-1430,22980,-5803,4934,22490,-1
4772,0,-10278,-8647,-27175,-11061,7620,0
4773,0,16011,3172,-50469,-9916,-12965,-1
4774,0,497,-5519,55859,2025,5158,-1
4775,0,-9586,-18881,4958,-4872,-20607,1
4776,0,-25345,-19816,-60130,19422,25648,1
4777,0,19039,24078,58103,-26243,-15924,1
4778,0,10548,14351,45850,-17810,119,-1
4779,0,12604,-22985,37882,19238,17806,-1
4780,0,-5518,14018,-35699,14653,3501,-1
4781,0,18533,-16986,-59667,-22520,11174,1
4782,0,-2052,-5710,35961,5956,-1157,1
4783,0,-23037,8793,-5709,-19802,14693,1
4784,0,-4955,-2130,37265,3140,-4385,1
4785,0,-21174,1740,13755,-17801,-11596,0
4786,0,10893,17721,-57746,-3677,-20473,0
4787,0,1801,-2773,12458,3049,-1280,-1
4788,0,25429,11963,331,25236,12365,0
4789,0,31033,-1192,-42578,-15126,-27123,1
4790,0,15250,7810,-5277,16719,3744,1
4791,0,-10618,27375,-55039,22502,-18862,1
4792,0,-14071,9063,-50304,16529,2632,1
4793,0,3757,-3249,22129,4670,1693,-1
4794,0,-12457,-9842,-62563,10933,11512,0
4795,0,17866,-1257,-32782,-1268,-17865,-1
4796,0,2611,-18891,-53756,-12315,14561,1
4797,0,10371,6288,48634,-11704,3179,1
4798,0,-493,-2082,534,-440,-2094,-1
4799,0,11848,20321,51690,-21852,-8707,0
4800,0,23345,-13333,-47420,-25259,-9205,1
4801,0,22714,12355,-2795,24161,9209,1
4802,0,4641,-7161,29756,7754,3562,0
4803,0,-13343,12606,55199,5745,-17434,-1
4804,0,1399,505,-64530,-1373,-572,0
4805,0,365,3559,-56196,1212,-3366,0
4806,0,152,258,56408,-247,-169,1
4807,0,9078,15324,270,8879,15440,0
4808,0,-10129,26217,-29315,24190,14310,1
4809,0,6240,144,11292,5274,3339,-1
4810,0,1678,-17955,61918,1445,17975,0
4811,0,-1470,3154,46235,-1635,-3072,0
4812,0,-15181,-343,15225,-11085,-10378,-1
4813,0,2572,-9719,-5103,142,-10053,-1
4814,0,-22231,22570,1827,-24121,20538,-1
4815,0,24270,9522,-19309,22203,-13665,0
4816,0,24675,-13992,15893,27512,6909,0
4817,0,18185,15309,-33631,14544,-18803,0
4818,0,-30977,1266,12662,-26166,-16630,-1
4819,0,-21990,8362,29912,-11286,-20643,1
4820,0,3541,2868,23431,-1053,4434,1
4821,0,-3092,-19559,-42822,-15898,11805,-1
4822,0,-1589,14913,-52968,9760,-11387,0
4823,0,-1025,-11399,-64883,668,11426,1
4824,0,-275,590,-15992,211,616,0
4825,0,2726,-7627,24380,8085,-476,0
4826,0,-12392,15094,-38959,18058,7436,0
4827,0,-12630,-2929,34939,4226,-12257,-1
4828,0,-2115,-21180,5772,3751,-20952,1
4829,0,15353,-6489,63127,-14503,8215,0
4830,0,-15378,-5352,15142,-7949,-14211,0
4831,0,23500,-7424,50656,-12913,20991,0
4832,0,-3738,-28808,59924,11259,26779,-1
4833,0,-14358,9938,-5501,-11271,13337,0
4834,0,-577,-4134,-10120,-2438,-3388,-1
4835,0,2449,-1397,-5356,2014,-1973,1
4836,0,-15677,5446,58451,12967,-10358,0
4837,0,12934,-16046,-1514,11736,-16942,1
4838,0,12098,99,-55776,-10753,-5544,0
4839,0,-8578,30658,-20631,20898,24016,-1
4840,0,3627,1978,25851,-689,4073,0
4841,0,-29092,7765,32187,-8571,-28865,0
4842,0,2274,12977,-12450,9173,9456,-1
4843,0,1786,559,60360,-1868,-103,0
4844,0,11887,-24964,16140,25948,-9551,0
4845,0,12954,10826,-48578,-1041,-16850,-1
4846,0,54,360,-52485,167,-323,-1
4847,0,-2490,-70,-22528,-1235,2163,1
4848,0,1829,-1953,-20640,-628,-2601,0
4849,0,13943,21806,-6056,19602,16902,1
4850,0,10468,-5343,-63929,-10848,4522,1
4851,0,-6519,2537,-30030,1662,6795,1
4852,0,10769,-17848,4973,14678,-14801,1
4853,0,-13625,-7848,64549,13981,7194,1
4854,0,15483,25304,-39431,19163,-22645,0
4855,0,2617,850,-19618,2229,-1613,-1
4856,0,-18140,20481,43470,-8941,-25857,0
4857,0,-4497,17179,39088,-15056,-9417,1
4858,0,17495,-352,1260,17485,705,0
4859,0,-23418,-11680,64363,24038,10345,1
4860,0,-7575,-11135,-57672,2944,13142,0
4861,0,-29114,-6917,-33925,-5294,29452,-1
4862,0,-2474,946,43062,339,-2627,-1
4863,0,-17619,-1398,-2943,-17640,1093,0
4864,0,9560,-6912,31619,7428,9165,-1
4865,0,1031,18842,-48120,13274,-13411,-1
4866,0,1072,11830,-1226,1764,11747,-1
4867,0,-15813,-28037,46276,31900,4300,0
4868,0,25029,5917,-62256,-23794,-9762,1
4869,0,-83,193,19290,-204,50,-1
4870,0,14638,12879,-25990,16879,-9760,-1
4871,0,-12016,901,-20334,-6000,10450,1
4872,0,9674,5631,-42756,541,-11180,-1
4873,0,-7887,-2041,18853,-3276,-7459,0
4874,0,3236,2507,-52626,-1181,-3919,0
4875,0,3540,10055,-20664,10350,2552,-1
4876,0,5038,-10969,-20795,-6476,-10186,1
4877,0,-24876,-125,45492,14352,-20319,0
4878,0,2763,-13533,23421,13394,-3373,1
4879,0,8603,-1159,46214,-4243,7573,-1
4880,0,-2205,-3127,-37245,-2586,2821,1
4881,0,-31362,-544,-57173,28663,12739,0
4882,0,17774,7512,9441,12699,14529,-1
4883,0,18386,22873,16255,-2991,29194,0
4884,0,-4875,13367,-57087,9748,-10364,0
4885,0,7592,-25719,-22231,-18834,-19089,0
4886,0,10097,-21827,34397,20973,11769,0
4887,0,-349,13891,-35362,13827,-1377,1
4888,0,-3020,1449,31907,-1572,-2958,0
4889,0,-13826,4955,62130,12837,-7137,0
4890,0,-7306,12830,-3422,-5113,13851,0
4891,0,3915,2419,46557,-4313,1605,-1
4892,0,-7842,14252,-23267,9350,13311,0
4893,0,-2220,13980,3225,-4347,13472,-1
4894,0,4630,481,-14765,3831,-2645,0
4895,0,-7079,-13683,-17399,-14891,-3950,0
4896,0,2475,-4842,14580,5010,-2114,1
4897,0,-12603,-13661,-59650,8301,16630,0
4898,0,19103,24768,-40053,16736,-26426,1
4899,0,10949,5395,60627,-11905,-2694,-1
4900,0,7090,-100,-6218,6748,-2177,-1
4901,0,-791,727,16648,-1073,-59,-1
4902,0,9614,-13322,33806,12827,10265,-1
4903,0,-9992,-75,-63547,9940,1026,1
4904,0,3362,12064,59993,-6411,-10758,-1
4905,0,-12983,17090,-36647,19196,9599,1
4906,0,-10171,14339,-8701,-3490,17230,0
4907,0,5347,3357,38345,-4650,4270,-1
4908,0,12772,4880,-27458,7939,-11132,-1
4909,0,7664,-3715,33968,3269,7865,1
4910,0,-16814,-13189,57743,20468,6144,0
4911,0,-4061,-652,44008,2643,-3151,1
4912,0,-12165,22693,2004,-14286,21422,0
4913,0,1722,4346,15512,-1674,4364,1
4914,0,-27524,-6941,-3904,-28335,-1700,-1
4915,0,-240,-32707,-25576,-30863,-10828,0
4916,0,-2630,801,13002,-2603,-885,1
4917,0,-10060,-4461,8695,-7392,-8152,-1
4918,0,-19915,16817,41076,-7776,-24879,-1
4919,0,-17949,5526,38363,-571,-18772,-1
4920,0,1807,1916,-25310,2427,-1022,-1
4921,0,9215,-23047,-39054,-24744,-1960,0
4922,0,-3720,-10364,27488,9102,-6197,0
4923,0,-8676,11190,36694,-9369,-10616,0
4924,0,811,-616,-31978,-585,-834,1
4925,0,-23777,-6910,61617,24649,2349,-1
4926,0,-3690,-23152,-59949,-2569,23303,-1
4927,0,-12965,-8182,54743,15315,698,1
4928,0,-20849,7001,-3940,-19163,10792,1
4929,0,12840,25347,5717,5500,27876,-1
4930,0,-23607,-2150,24151,-7507,-22484,0
4931,0,13149,-24759,55661,-416,28031,0
4932,0,1350,19912,62077,-4619,-19416,1
4933,0,17260,17981,-44006,6581,-24040,-1
4934,0,16684,749,28849,2380,16531,-1
4935,0,23732,7390,27223,-897,24840,0
4936,0,-11268,-16255,30902,15183,-12675,0
4937,0,-3448,-9193,-31983,-9316,3100,1
4938,0,6570,-10560,6821,9613,-7891,1
4939,0,8350,-6180,-20965,-741,-10362,1
4940,0,10485,-11434,-3254,8582,-12924,0
4941,0,627,4648,48180,-3858,-2666,0
4942,0,23103,-3307,-56617,-22394,-6571,-1
4943,0,-21624,17005,16242,-27336,-3080,0
4944,0,3295,-20044,-62648,-6029,19398,1
4945,0,-23546,-20599,60861,27535,14852,-1
4946,0,6772,-4223,-4564,5694,-5592,1
4947,0,65,3440,-48470,2466,-2399,0
4948,0,6518,-748,-52561,-5733,-3190,-1
4949,0,19678,11958,-43568,654,-23017,-1
4950,0,17558,-9988,-45230,-18134,-8899,-1
4951,0,-17496,-3334,25889,-2511,-17633,-1
4952,0,-10835,14949,-61941,13238,-12870,0
4953,0,-18181,-4353,10946,-13554,-12876,-1
4954,0,-28511,197,-21131,-14925,24293,0
4955,0,-5030,32353,-41661,31538,-8797,-1
4956,0,-21484,3465,-4559,-20222,8041,1
4957,0,20003,2230,4471,19071,6433,1
4958,0,-11200,-26594,56606,21230,19544,1
4959,0,3798,3365,49065,-5064,327,-1
4960,0,-4026,-1772,-38162,-684,4345,1
4961,0,17897,-13906,-9620,9839,-20417,0
4962,0,-25618,-2882,38407,9618,-23918,0
4963,0,4945,-11659,51210,3567,12152,-1
4964,0,2491,4069,-60832,-1518,-4523,-1
4965,0,2908,-28863,-21213,-23018,-17656,0
4966,0,-7724,-591,29116,-763,-7709,-1
4967,0,23538,-3927,27210,9985,21674,-1
4968,0,795,3714,-16417,3192,2059,0
4969,0,17280,-335,60385,-16674,4548,-1
4970,0,1933,16733,39726,-16444,-3651,1
4971,0,1418,3324,-11999,2998,2018,-1
4972,0,-14387,28496,49697,-9182,-30573,0
4973,0,1007,181,8162,862,551,1
4974,0,1685,-353,62184,-1607,618,1
4975,0,17720,17828,-31424,18932,-16535,0
4976,0,6528,25700,59951,-13094,-23057,0
4977,0,5360,2181,-32114,2348,-5289,0
4978,0,5085,22125,-4074,9281,20718,0
4979,0,-16065,13362,29863,-15462,-14055,0
4980,0,-10170,-16604,-25693,-19042,4067,0
4981,0,-21101,-10816,26869,4499,-23281,0
4982,0,9182,-3073,38958,255,9679,1
4983,0,-1811,12029,38805,-11012,-5168,1
4984,0,-13260,-1920,2667,-12907,-3594,1
4985,0,1923,-635,35605,369,1991,1
4986,0,31748,910,-63677,-31541,-3731,0
4987,0,-6827,7119,-23419,3457,9238,-1
4988,0,-2416,-1915,-1650,-2560,-1718,0
4989,0,-12177,1283,-28094,-1455,12158,0
4990,0,-15647,-24552,-48670,-6950,28272,1
4991,0,26963,-6296,-36058,-10452,-25640,-1
4992,0,-4680,-2316,-54084,2784,4418,-1
4993,0,11458,2381,17441,5915,10098,1
4994,0,-2144,-10214,12165,3835,-9706,-1
4995,0,28384,-8992,-13246,17519,-24075,-1
4996,0,29443,-12563,20071,27142,16971,1
4997,0,10765,-3763,-41698,-7892,-8231,1
4998,0,-274,19730,38555,-18901,-5667,0
4999,0,9479,-2681,-60191,-9849,192,1
5000,0,-10026,-10201,58892,12716,6548,1
5001,0,471,-1002,19988,1091,-191,0
5002,0,16460,-1523,-4727,15697,-5183,1
5003,0,-14878,586,47152,9013,-11852,0
5004,0,-3088,-13473,65339,3215,13443,-1
5005,0,529,1695,59006,-1025,-1450,0
5006,0,9875,-27842,-20822,-18048,-23387,-1
5007,0,-348,-26504,59363,8063,25251,1
5008,0,379,-11351,29981,11300,-1137,1
5009,0,-7835,-4601,57681,8978,1398,-1
5010,0,16165,27043,34222,-28103,14242,0
5011,0,-18459,-6637,36755,10023,-16862,0
5012,0,24548,-9113,-22537,3524,-25947,0
5013,0,-1596,8213,-21822,6308,5496,-1
5014,0,4930,-9124,-41961,-10355,-567,0
5015,0,-22310,5117,11821,-21570,-7658,1
5016,0,439,11402,53641,-6525,-9361,1
5017,0,13118,-7113,46144,-2146,14767,1
5018,0,-16618,16183,-28226,12211,19722,0
5019,0,-6548,7420,18620,-9886,-444,-1
5020,0,3744,-10147,45034,6366,8744,1
5021,0,-3399,8156,41414,-6097,-6395,1
5022,0,-1070,3546,10432,-2639,2599,-1
5023,0,-6869,-20882,-25453,-21971,-721,1
5024,0,-17699,23731,22022,-29371,-3712,-1
5025,0,13889,-27278,-41553,-30572,-1524,0
5026,0,6457,29048,2169,3407,29561,0
5027,0,807,18208,23596,-16133,8481,0
5028,0,13109,-49,57514,-12133,4963,-1
5029,0,-258,541,60348,117,-588,1
5030,0,-23417,4335,1864,-23710,2228,0
5031,0,5745,-4807,23895,6749,3250,-1
5032,0,22460,-19966,-26060,-11844,-27619,0
5033,0,-27116,18196,-34274,20103,25734,-1
5034,0,-2566,15864,-37725,16022,-1240,0
5035,0,6964,-28105,-36161,-28862,-2320,1
5036,0,-23489,3658,35555,-495,-23767,-1
5037,0,-15388,-12230,4442,-12456,-15206,0
5038,0,-277,-2124,27583,1991,-791,1
5039,0,9004,-19853,11344,17977,-12331,0
5040,0,-24053,15952,-15334,-7145,27964,-1
5041,0,-3042,-6725,16801,2742,-6853,0
5042,0,-25203,17710,-44268,28287,12195,-1
5043,0,-2039,-3647,-44771,-1950,3695,0
5044,0,-8320,16990,64752,7676,-17291,0
5045,0,12025,-17308,-63458,-13686,16027,0
5046,0,-29949,9171,10330,-30709,-6163,-1
5047,0,20487,-17903,35753,14797,22832,-1
5048,0,1199,-2594,-56940,-2138,1896,-1
5049,0,-2157,2369,-14819,-90,3203,0
5050,0,-14449,4340,-3853,-13406,6919,-1
5051,0,2847,3348,-40494,2091,-3866,0
5052,0,5654,-7269,25612,8747,2880,0
5053,0,28664,-2143,3040,28671,2042,0
5054,0,10783,-17784,-10242,1125,-20767,0
5055,0,-10077,-5824,-482,-10208,-5590,-1
5056,0,18951,-20597,-11284,5638,-27415,1
5057,0,2585,-355,-58747,-2563,-490,0
5058,0,-1220,-3,47594,798,-923,0
5059,0,11953,-19436,35095,17984,14043,0
5060,0,23412,-9264,-22248,3201,-24974,1
5061,0,7325,-498,-1729,7259,-1103,0
5062,0,10642,-11924,-47859,-15982,-84,0
5063,0,4834,-27011,-3700,-7,-27440,-1
5064,0,24285,-14031,63344,-22679,16501,0
5065,0,11744,-14340,53865,-2344,18387,-1
5066,0,-3188,2265,-62947,3444,-1853,0
5067,0,6890,936,17222,3985,5699,1
5068,0,16324,18038,-43997,7118,-23263,0
5069,0,-28073,14055,-57883,31246,-3051,0
5070,0,-1893,-29825,24612,26853,-13117,0
5071,0,-19257,-1974,19524,-9830,-16676,-1
5072,0,9212,27675,-37197,25112,-14838,1
5073,0,-2936,4375,-1675,-2575,4596,0
5074,0,12159,23833,-49830,7422,-25706,1
5075,0,-26821,-13788,38049,20065,-22514,1
5076,0,15702,-15118,32343,15435,15391,0
5077,0,-14562,8174,14663,-16394,-3177,0
5078,0,-25931,-463,-21755,-13462,22167,0
5079,0,8244,-5299,-56909,-9679,1539,0
5080,0,9816,-8915,951,10212,-8459,1
5081,0,11132,-6308,53863,-6086,11255,-1
5082,0,-48,-1005,8848,370,-936,-1
5083,0,1374,-864,-59556,-1562,440,0
5084,0,-942,-1221,-34028,-1162,1014,0
5085,0,-29169,5190,47671,15190,-25438,0
5086,0,-1493,22820,54143,-10576,-20276,-1
5087,0,-6377,-7629,-23549,-9623,2502,1
5088,0,-13621,27751,-62384,17643,-25385,0
5089,0,-4626,-3885,-19143,-5897,1313,0
5090,0,-15861,6140,-54008,16723,3099,1
5091,0,-8423,9446,48846,-908,-12623,-1
5092,0,2097,18328,24122,-15932,9300,-1
5093,0,-17529,3968,16394,-15196,-9596,0
5094,0,-16390,-4362,12808,-10884,-13008,0
5095,0,-16414,28299,-3018,-12164,30369,-1
5096,0,177,21565,33985,-21539,-1081,0
5097,0,-9158,946,-11527,-7299,5612,0
5098,0,14042,8934,51770,-16571,1549,-1
5099,0,-7484,210,-13062,-5941,4556,0
5100,0,-9840,25826,-28732,23453,14621,1
5101,0,-26493,-17915,50697,31764,-3726,0
5102,0,3929,-3497,42814,1279,5102,1
5103,0,-14879,9827,-24688,3479,17489,0
5104,0,-3050,5770,-32074,5665,3241,-1
5105,0,16522,27588,4150,10744,30309,0
5106,0,26650,7570,13198,17017,21862,1
5107,0,-1623,-2793,-865,-1737,-2723,1
5108,0,9994,-1800,-16389,5792,-8341,0
5109,0,9283,25485,-29690,26573,-5435,0
5110,0,-599,1414,-63985,703,-1366,0
5111,0,9812,4702,-19208,9682,-4965,-1
5112,0,17275,-12554,58241,-11927,17713,1
5113,0,12972,-6768,-16033,4621,-13882,0
5114,0,2114,-3732,-26807,-2984,-3080,-1
5115,0,1515,2936,-9702,2671,1945,0
5116,0,-4691,-28887,40065,28745,5492,1
5117,0,7472,-8174,7119,9776,-5202,1
5118,0,-6349,-20,46243,3838,-5058,1
5119,0,-12151,69,41671,4967,-11090,1
5120,0,-23994,2482,44660,10859,-21540,1
5121,0,-14486,-7408,-11264,-16233,1094,1
5122,0,1691,-22732,-12288,-11224,-19840,0
5123,0,3951,28852,19374,-20741,20442,-1
5124,0,14354,21198,-15022,24770,6469,0
5125,0,11835,28787,-62385,-7367,-30240,-1
5126,0,2919,-3409,7890,3972,-2090,1
5127,0,-6455,20888,2014,-8439,20169,0
5128,0,428,1286,-3023,609,1211,-1
5129,0,14166,-29504,-1973,11316,-30710,0
5130,0,-8839,16621,-63140,10685,-15499,0
5131,0,1105,779,-10285,1342,163,0
5132,0,6346,-7295,-47737,-9669,16,0
5133,0,3862,-4486,-44149,-5839,-973,1
5134,0,571,-8316,17234,6502,-5216,0
5135,0,16289,-7749,-63823,-16870,6387,0
5136,0,-19379,24639,306,-19738,24352,0
5137,0,-61,271,-10287,75,268,0
5138,0,-29458,12918,12548,-31598,-6019,0
5139,0,-21343,-3911,9772,-17277,-13127,-1
5140,0,19717,2556,-15,19719,2541,1
5141,0,19784,21410,43082,-28234,7257,1
5142,0,1810,-10991,17461,9374,-6016,1
5143,0,-4796,-12503,-650,-5183,-12348,-1
5144,0,8991,-5823,-50346,-10586,-1637,0
5145,0,7762,-3274,47734,-2636,8001,0
5146,0,-3979,-2429,-21662,-4113,2195,-1
5147,0,2264,-4618,-53376,-4432,2609,-1
5148,0,-18501,-2286,5944,-17112,-7395,0
5149,0,12254,13649,-19204,18282,-1491,0
5150,0,3269,-1431,-36777,-2029,-2935,1
5151,0,1149,388,-60469,-1022,-653,1
5152,0,-10142,-23145,-54662,-2732,25121,-1
5153,0,-4866,-20669,27650,18868,-9740,-1
5154,0,-1852,-1262,12361,-832,-2081,-1
5155,0,21853,-18139,-6363,15398,-23864,-1
5156,0,15384,19464,-47141,5243,-24249,0
5157,0,-1319,1626,-63692,1457,-1503,1
5158,0,10031,6222,1435,9579,6897,-1
5159,0,-22162,-14727,5703,-17363,-20163,0
5160,0,11441,-8324,55641,-6376,12631,0
5161,0,-18812,3698,-48768,15717,10979,0
5162,0,3015,-14133,-22350,-10963,-9415,1
5163,0,-9131,17444,-17934,7257,18303,0
5164,0,-7546,143,-29262,-1121,7464,0
5165,0,22481,-15962,-25739,-7632,-26494,0
5166,0,4581,-3945,-22428,-1291,-5906,-1
5167,0,24099,1202,-59260,-22661,-8289,1
5168,0,-14313,6455,-16726,-5315,14774,-1
5169,0,-6474,-9951,-625,-6769,-9753,-1
5170,0,-2177,2379,-11228,-649,3159,1
5171,0,-16191,-4363,43466,11745,-11968,1
5172,0,-8200,-10917,-40907,-6978,11736,0
5173,0,-301,338,51155,17,-452,0
5174,0,9430,-28248,-14627,-11019,-27667,1
5175,0,-9930,-14312,54585,15766,7408,1
5176,0,13086,5917,6062,10842,9418,0
5177,0,11,-23941,-60289,-5969,23185,0
5178,0,-1861,-19532,63389,3857,19238,-1
5179,0,-12727,562,-7425,-11733,4962,1
5180,0,-9582,-15260,64484,10339,14758,0
5181,0,16817,16902,19304,-3386,23602,0
5182,0,-4769,13804,-23346,10339,10316,0
5183,0,26757,8325,52105,-26397,9404,0
5184,0,-26453,14037,16049,-28768,-8318,1
5185,0,18161,-8224,-64893,-18406,7659,-1
5186,0,-220,478,-60278,332,-408,1
5187,0,-504,20025,-34530,19996,-1187,0
5188,0,6300,10788,-34107,10362,-6979,0
5189,0,-213,-2278,-61751,-202,2279,-1
5190,0,5518,8291,47807,-9870,-1328,-1
5191,0,25964,-3370,-51118,-22153,-13954,-1
5192,0,-4940,-2446,18027,-1347,-5345,-1
5193,0,-24459,4967,12450,-23023,-9636,1
5194,0,-2144,6427,-15108,2653,6234,1
5195,0,-11020,-15730,-19549,-19201,-434,-1
5196,0,8391,-16876,-52348,-16742,8655,-1
5197,0,-425,-5833,-28354,-5792,-810,0
5198,0,11006,30211,31811,-29674,12381,0
5199,0,-6825,4411,55420,3982,-7084,1
5200,0,15392,-27241,-45858,-31089,3534,0
5201,0,-22659,-10954,-21582,-20993,13883,0
5202,0,26186,7694,-20442,20978,-17460,-1
5203,0,-7331,13714,-28560,11967,9930,0
5204,0,12733,13853,31739,-13209,13400,0
5205,0,28810,-8207,-59697,-29956,-73,-1
5206,0,19733,-14380,-9392,11510,-21534,-1
5207,0,-1711,6788,32760,-6789,-1709,0
5208,0,9005,9143,22433,-3762,12269,1
5209,0,-5046,-27217,34369,27524,-2944,-1
5210,0,-7342,-20627,27166,17939,-12553,1
5211,0,-4391,-12914,25235,10530,-8670,0
5212,0,6129,6264,-33548,6031,-6359,-1
5213,0,-20085,-5249,32306,4804,-20196,-1
5214,0,7093,16158,-61978,-4247,-17128,-1
5215,0,-5664,15377,53308,-3787,-15943,-1
5216,0,-8070,-2872,8992,-6132,-5981,0
5217,0,-1326,27051,-32847,27056,1223,0
5218,0,11138,-24694,-19829,-13619,-23418,-1
5219,0,-23613,7635,59423,20401,-14130,0
5220,0,-4182,11582,340,-4371,11512,-1
5221,0,2917,-26860,63099,233,27017,0
5222,0,-5907,-30017,-15078,-24286,-18604,0
5223,0,8647,-2307,-53634,-8524,-2728,1
5224,0,14804,2637,-32150,3075,-14719,-1
5225,0,15930,341,-36681,-2636,-15714,0
5226,0,8142,4863,46341,-8801,3533,-1
5227,0,13194,9209,1819,12342,10323,1
5228,0,9667,-2091,37482,-129,9890,-1
5229,0,16275,-5057,60440,-14568,8844,1
5230,0,10342,-2692,52039,-6629,8382,0
5231,0,-24990,618,-11154,-21188,13265,-1
5232,0,28375,1567,65061,-28403,-919,1
5233,0,7412,17799,59755,-11999,-15092,0
5234,0,21814,2087,17201,13277,17433,0
5235,0,3061,-17880,20712,16648,-7204,1
5236,0,2211,30087,-18836,24991,16898,-1
5237,0,20887,-2963,-2936,20265,-5863,-1
5238,0,4519,14863,5191,719,15518,0
5239,0,-18592,-25587,27506,20137,-24390,0
5240,0,4216,29391,43120,-27854,-10285,1
5241,0,-1074,-937,-57110,619,1284,0
5242,0,-13902,19671,25495,-23237,-6345,0
5243,0,-16374,5236,14130,-16041,-6181,1
5244,0,-1381,29912,58356,-8792,-28624,-1
5245,0,8500,-14680,-61861,-10941,12964,1
5246,0,-1354,841,48020,278,-1569,0
5247,0,-13914,-18397,63786,15406,17167,-1
5248,0,-9148,20928,9053,-17100,15142,0
5249,0,-11598,-11520,-59226,7639,14452,-1
5250,0,-22587,8734,-37254,13353,20203,0
5251,0,-2937,-7479,65467,2962,7469,0
5252,0,3245,9386,-6361,5913,7979,1
5253,0,14698,-17886,52544,-1506,23101,-1
5254,0,-1091,-7108,24661,6164,-3703,1
5255,0,1182,3158,30060,-2978,1581,1
5256,0,-20501,-24112,-19251,-31599,1791,-1
5257,0,-21592,-8992,-61493,19456,12982,0
5258,0,1518,1121,-30308,1292,-1376,1
5259,0,-11969,1174,14775,-9854,-6895,0
5260,0,-5488,-27550,-19423,-25379,-12043,0
5261,0,-18231,-24769,44342,30657,-2450,1
5262,0,16704,8582,18438,3958,18358,0
5263,0,5444,18608,-20162,18406,6094,-1
5264,0,5221,-364,39250,-1250,5082,0
5265,0,-21,436,-62407,86,-428,0
5266,0,13562,28494,44524,-31332,-3757,0
5267,0,-4263,7691,-34434,8007,3636,-1
5268,0,-8,-2516,39102,2403,745,0
5269,0,-22641,6429,27004,-12361,-20029,0
5270,0,-10633,-24599,-3401,-14485,-22547,0
5271,0,-8358,679,19563,-5492,-6337,0
5272,0,-8721,9569,23666,-12358,-3861,-1
5273,0,16780,5042,55829,-17258,3023,0
5274,0,-3226,-1057,40546,2159,-2619,1
5275,0,-2559,4728,-11436,280,5369,-1
5276,0,3970,31187,61465,-9943,-29825,0
5277,0,-19981,-3537,36507,7043,-19030,-1
5278,0,-9068,-14829,24377,10096,-14149,0
5279,0,8444,3027,-4568,8900,1121,-1
5280,0,28169,-15978,-19896,3267,-32220,1
5281,0,19,-85,8082,50,-72,0
5282,0,17755,-3794,41420,-3683,17779,-1
5283,0,26998,5855,36178,-10169,25686,1
5284,0,-58,-11328,-48938,-8051,7969,0
5285,0,-280,-11251,36414,11128,1681,0
5286,0,3266,4980,63509,-3734,-4640,0
5287,0,-23877,-900,-23679,-10892,21267,1
5288,0,-19193,-1220,-28631,-4978,18576,0
5289,0,-5072,23756,10122,-15566,18648,0
5290,0,5594,-19433,-26829,-17079,-10827,0
5291,0,-29342,-657,-51573,22603,18721,0
5292,0,-4191,-17475,-46936,-10965,14238,-1
5293,0,2619,421,-23940,1459,-2215,-1
5294,0,2845,1943,-42971,378,-3424,0
5295,0,21326,-9032,-17433,7604,-21876,-1
5296,0,18712,-8880,64500,-18248,9798,0
5297,0,-3670,-24404,29062,23371,-7926,1
5298,0,-20878,-82,18441,-13175,-16196,1
5299,0,-9199,-102,43979,4797,-7850,0
5300,0,-15809,4478,-48395,14044,8528,-1
5301,0,15455,-6026,-40045,-10946,-12464,1
5302,0,280,26423,-16112,18639,18731,0
5303,0,30808,-4095,57730,-27180,15072,-1
5304,0,1568,2828,-18760,3190,532,-1
5305,0,-10893,27864,48080,-13391,-26753,-1
5306,0,-10899,-17156,39087,19626,-5285,0
5307,0,14707,215,37396,-3446,14299,0
5308,0,1697,20198,18354,-14484,14180,0
5309,0,3354,-1896,33479,1781,3417,1
5310,0,-28615,12192,-1309,-27794,13962,0
5311,0,1029,576,48172,-1119,373,0
5312,0,14464,-4145,39571,-707,15030,1
5313,0,-5635,-4919,43845,7095,-2368,1
5314,0,4704,-2648,40444,779,5342,1
5315,0,25403,-10792,-64301,-25997,9270,0
5316,0,-1120,10639,-19649,7945,7164,1
5317,0,-18578,-14301,35270,16422,-16733,-1
5318,0,-3171,5538,-12774,589,6355,1
5319,0,13204,18499,42990,-22536,2945,1
5320,0,9705,-9289,-60139,-11759,6497,0
5321,0,-6164,2319,-36690,3430,5622,-1
5322,0,3969,-309,-29802,256,-3973,0
5323,0,-5989,3622,-42043,5846,3849,-1
5324,0,25242,912,53398,-21589,13110,0
5325,0,3384,7963,-57311,-65,-8652,0
5326,0,481,7248,-40574,6571,-3097,-1
5327,0,-3813,-14404,-2827,-5724,-13757,-1
5328,0,1802,-3279,-6802,657,-3684,0
5329,0,-4516,1732,8881,-4828,-288,-1
5330,0,-3524,8513,-51951,7963,-4635,1
5331,0,-12977,-23668,6777,-4744,-26572,0
5332,0,-4860,4829,41661,-2387,-6422,1
5333,0,3970,6100,-40387,4280,-5887,0
5334,0,22396,-12871,19403,23706,10261,0
5335,0,-1381,-3801,-11440,-3160,-2524,0
5336,0,8201,-7685,-49072,-11232,-408,-1
5337,0,-1077,4636,61667,203,-4755,1
5338,0,25227,-4682,50915,-16262,19846,-1
5339,0,-369,-525,-31290,-550,331,1
5340,0,-10740,-18917,50850,20431,7468,0
5341,0,7579,-19813,48772,9001,19209,-1
5342,0,-835,-8674,29906,8478,-2013,0
5343,0,-22130,-3597,-51893,15376,16318,0
5344,0,-28601,-7850,9327,-22395,-19445,0
5345,0,-8804,254,1074,-8805,-200,0
5346,0,17092,-10719,52813,-7870,18577,1
5347,0,1806,-20243,-6585,-4569,-19803,1
5348,0,6201,2776,-37670,1256,-6677,-1
5349,0,18951,22537,-1810,20833,20810,0
5350,0,-2106,17481,28943,-17572,1116,-1
5351,0,160,-5583,-49163,-4059,3837,-1
5352,0,-7679,4257,42777,-231,-8777,-1
5353,0,-22156,-7064,11544,-15136,-17655,-1
5354,0,5120,5945,-62789,-4295,-6566,0
5355,0,185,2537,18515,-1851,1745,1
5356,0,-11971,-23731,25150,17892,-19656,-1
5357,0,17796,7755,-47452,-5605,-18585,0
5358,0,-7318,14916,-16352,5348,15730,-1
5359,0,-5261,9818,40422,-7277,-8433,-1
5360,0,-1269,-8136,-32240,-8165,1063,1
5361,0,12081,15089,-15349,19083,3078,-1
5362,0,11070,29549,1756,8545,30376,-1
5363,0,-23221,18812,32903,-18661,-23343,0
5364,0,31062,3832,-29104,9200,-29915,0
5365,0,1860,-2208,-16760,-298,-2872,1
5366,0,-19432,-16362,-51660,5190,24867,-1
5367,0,-15011,9026,-23453,1659,17437,0
5368,0,-15381,-1331,-12641,-13400,7667,1
5369,0,-9134,29350,-59445,17197,-25478,-1
5370,0,16063,32,25883,5176,15206,1
5371,0,-7260,9970,-49785,12120,-2285,1
5372,0,19654,23035,41165,-28893,9061,1
5373,0,17174,5983,-10043,17993,-2650,0
5374,0,-1810,15295,35158,-14988,-3547,-1
5375,0,-2117,-5113,-21766,-5484,-744,-1
5376,0,-27808,-6286,24768,-4577,-28140,1
5377,0,21774,21190,13935,3968,30123,0
5378,0,-7089,-25035,23930,19907,-16755,1
5379,0,-8046,-15682,-24071,-17597,1007,1
5380,0,31,-51,4387,41,-43,1
5381,0,-27515,-3461,-16730,-21618,17370,0
5382,0,21010,18214,36866,-21965,17050,-1
5383,0,12612,29400,59267,-20748,-24350,-1
5384,0,-1868,-6161,-57754,-506,6418,0
5385,0,9118,-11554,-6710,4997,-13844,1
5386,0,90,-295,30325,304,55,1
5387,0,4779,-3125,40685,1132,5597,0
5388,0,-16034,14728,3730,-18398,11642,0
5389,0,-4736,12153,-44076,12854,-2213,0
5390,0,-12423,-30089,-22857,-32439,-2716,1
5391,0,-1898,552,55098,1400,-1395,0
5392,0,-4312,3140,-35249,3629,3909,-1
5393,0,-14232,15990,10003,-20004,7622,1
5394,0,-14780,24417,41565,-16227,-23480,-1
5395,0,5750,-17634,40675,14255,11867,0
5396,0,28412,-1328,50730,-20686,19522,0
5397,0,-8711,-19148,-35118,-18047,10808,0
5398,0,29094,6639,55154,-28734,8055,0
5399,0,-1704,-5013,-61035,591,5262,0
5400,0,22305,-16424,-62277,-24589,12754,0
5401,0,29519,7489,-62707,-28236,-11411,0
5402,0,-13052,-9471,900,-12632,-10024,1
5403,0,-25698,5758,-46537,20306,16769,1
5404,0,-12952,-11630,47594,17264,-2229,0
5405,0,-800,21633,-54676,11454,-18369,0
5406,0,16198,-25584,44804,12606,27532,0
5407,0,3755,-7696,-62636,-4785,7102,0
5408,0,10400,-5280,-35305,-6502,-9683,-1
5409,0,11037,25468,-392,11514,25256,0
5410,0,-2959,-3124,-55232,1124,4154,-1
5411,0,-14637,18211,25884,-21971,-7947,0
5412,0,-30635,-5419,-39639,4781,30741,0
5413,0,1122,-1605,26076,1877,559,1
5414,0,11816,11385,45632,-16121,3056,0
5415,0,-5058,-6679,-62807,4144,7282,0
5416,0,359,-15437,3957,3263,-15092,1
5417,0,-464,-3112,56876,1680,2660,1
5418,0,-12439,7807,-17744,-2336,14499,-1
5419,0,9240,8746,-43581,3018,-12359,1
5420,0,1264,-8352,56610,2316,8124,-1
5421,0,3615,-3891,-11620,1012,-5214,-1
5422,0,-25288,-6068,-9447,-25394,5608,0
5423,0,-30532,-1741,10578,-25845,-16348,1
5424,0,-14823,-4360,-4093,-15389,-1386,1
5425,0,4591,611,11418,3602,2911,0
5426,0,-2743,3960,54209,303,-4808,-1
5427,0,730,-593,59486,-530,777,-1
5428,0,16402,-9038,-9765,10559,-15466,0
5429,0,867,900,34027,-951,811,1
5430,0,-29950,-4787,23142,-9048,-28949,-1
5431,0,24094,4771,-46587,-11056,-21933,-1
5432,0,-19936,25308,-15004,1676,32174,1
5433,0,-5065,-13832,-23860,-14688,-1118,0
5434,0,4078,-9134,27536,9860,1684,0
5435,0,9176,-2086,56675,-7501,5683,1
5436,0,27101,7251,-62940,-25991,-10560,-1
5437,0,9606,-9712,25756,12337,5866,-1
5438,0,206,1404,35538,-1419,18,0
5439,0,839,-1037,4577,1045,-829,0
5440,0,3911,-12684,27881,13246,859,1
5441,0,11954,9094,62912,-13001,-7522,1
5442,0,7207,-4331,-50800,-8293,-1384,-1
5443,0,1126,-21974,57985,6728,20949,0
5444,0,17100,-6578,-10096,12075,-13779,0
5445,0,3776,7252,-44519,4115,-7065,0
5446,0,13206,15583,39857,-19094,7256,-1
5447,0,-1592,18970,21381,-17040,8488,0
5448,0,1003,1580,-28397,1754,-652,0
5449,0,939,-1096,-43771,-1420,-260,0
5450,0,-2381,3389,52779,4,-4142,0
5451,0,2461,-725,-19316,900,-2402,0
5452,0,7443,-3580,-26350,-1158,-8178,0
5453,0,-23284,16100,47326,2627,-28186,-1
5454,0,5982,-4001,-15105,1831,-6960,-1
5455,0,-833,-3960,-58658,-494,4017,0
5456,0,805,-32513,-55002,-16434,28066,0
5457,0,-115,682,-25391,600,344,-1
5458,0,-21935,18572,-27119,12028,26104,0
5459,0,18841,3239,-10083,18188,-5889,1
5460,0,2781,16055,-16915,13554,9044,1
5461,0,-2729,3860,-5640,-1599,4449,-1
5462,0,6373,20847,-9302,14741,16060,0
5463,0,-7420,-9187,-36449,-7742,8918,0
5464,0,6396,315,29359,730,6362,0
5465,0,-457,-461,7522,-265,-592,-1
5466,0,-5518,-8995,-38125,-7299,7621,0
5467,0,-8264,15225,62725,6144,-16197,0
5468,0,-2319,17288,45562,-12802,-11847,-1
5469,0,4049,-16354,15476,14035,-9321,0
5470,0,-23737,18123,34562,-16016,-25207,-1
5471,0,8240,-5610,7186,9651,-2497,-1
5472,0,-12705,-11462,-8365,-16171,-5593,0
5473,0,8263,831,56273,-7819,2800,1
5474,0,-13974,2737,-19459,-6124,12855,0
5475,0,-26395,10902,-57495,28557,-177,-1
5476,0,3232,5687,-37280,4861,-4377,-1
5477,0,-18358,3864,42642,4930,-18101,-1
5478,0,17048,-11515,45345,-181,20572,1
5479,0,2554,-7391,-50346,-6825,3817,0
5480,0,-26797,-4642,-2708,-27173,-1132,1
5481,0,2004,1632,9547,1077,2349,1
5482,0,16362,-15859,-12429,4644,-22308,-1
5483,0,-16695,-9043,57650,18854,2242,1
5484,0,-438,15970,354,-709,15960,0
5485,0,2174,10603,19095,-7081,8186,0
5486,0,-904,-14732,-38674,-13893,4984,0
5487,0,30592,-8636,12437,30164,10030,1
5488,0,21453,-5730,26587,11744,18845,0
5489,0,-10130,-27846,4738,-3600,-29412,0
5490,0,6058,10132,24724,-7109,9424,0
5491,0,-7366,-11108,39680,12900,-3352,0
5492,0,14602,17245,664,14045,17701,-1
5493,0,-517,223,-42302,428,365,0
5494,0,-32041,3600,-35276,7417,31378,0
5495,0,11955,9733,-56529,-6785,-13843,0
5496,0,29529,9695,-34007,7924,-30053,1
5497,0,-2297,-21496,-12407,-13948,-16517,1
5498,0,11935,9688,-36736,7256,-13552,1
5499,0,19096,14394,-50767,-5148,-23353,1
5500,0,2906,22133,-36287,21331,-6580,-1
5501,0,-7529,-15978,16883,6370,-16474,0
5502,0,-9391,325,-10406,-8091,4779,1
5503,0,578,-613,-38719,-751,-382,1
5504,0,21689,-1491,-46071,-14111,-16538,1
5505,0,4513,-7443,-11288,35,-8704,0
5506,0,14664,10861,-36276,8253,-16275,0
5507,0,7163,-22855,29854,23630,3910,1
5508,0,4541,-5257,53785,-1032,6870,0
5509,0,2230,-2480,-52444,-3261,698,-1
5510,0,12,-13,-39176,-16,-8,0
5511,0,-7961,-13714,-56844,1730,15763,1
5512,0,7881,-3285,60562,-6882,5054,1
5513,0,-3146,14452,-27224,13118,6832,-1
5514,0,16903,-1900,33664,1172,16969,0
5515,0,343,5651,20191,-4460,3487,-1
5516,0,-12370,10061,62177,10597,-11914,-1
5517,0,456,418,-18856,611,-100,0
5518,0,-26311,18909,9072,-31829,6062,-1
5519,0,16021,24605,65497,-16066,-24576,-1
5520,0,16620,17080,-10533,22809,6908,1
5521,0,3932,19602,65307,-4147,-19558,1
5522,0,735,2622,-8510,1715,2115,0
5523,0,-13645,12692,-8872,-7193,17191,0
5524,0,-1583,-14177,-35478,-13853,3406,-1
5525,0,-18902,-1232,4905,-18095,-5602,-1
5526,0,-5556,747,-156,-5550,788,0
5527,0,17090,-1820,-17603,9998,-13979,0
5528,0,7557,-3481,33834,3090,7725,-1
5529,0,4844,-16008,-4010,1697,-16638,0
5530,0,3818,-582,15487,3207,2152,1
5531,0,-10741,8878,-21819,2301,13744,0
5532,0,-10787,26058,-23044,18429,21348,-1
5533,0,4460,11576,-57099,455,-12397,0
5534,0,13268,10512,-3830,14964,7914,-1
5535,0,-806,-21254,-64146,-611,21261,0
5536,0,15139,13299,14178,3417,19859,1
5537,0,-20771,-14998,-17639,-25002,5595,0
5538,0,8326,23846,-6462,15198,20174,-1
5539,0,-1978,11294,43747,-8772,-7384,-1
5540,0,11052,-12350,56486,-4837,15852,0
5541,0,17877,-14403,28105,18008,14239,1
5542,0,-3494,-16878,59022,8511,14988,1
5543,0,-14116,7748,24647,-12526,-10119,0
5544,0,-18052,-3981,43772,12528,-13594,-1
5545,0,1798,-11840,-43944,-11099,4498,0
5546,0,12264,-19524,-46870,-22904,2648,-1
5547,0,-892,1530,48924,-470,-1708,1
5548,0,-17510,-24006,-12571,-28032,-9853,0
5549,0,-2415,785,-34830,1020,2326,0
5550,0,-6997,31199,-4991,594,31968,-1
5551,0,979,-7337,-19024,-5202,-5266,0
5552,0,19282,23694,-53402,-3095,-30391,1
5553,0,16804,-11151,-64194,-17486,10048,0
5554,0,26677,-11395,-45061,-24300,-15844,0
5555,0,19268,-23049,8593,26885,-13405,-1
5556,0,-23662,19386,-48702,30367,3680,0
5557,0,-1310,23191,31483,-23228,121,1
5558,0,-10776,5478,8816,-12075,576,0
5559,0,-5611,-219,13675,-4314,-3594,-1
5560,0,-20,28,-29506,25,24,1
5561,0,12842,-8083,38143,4544,14478,1
5562,0,-8035,-990,22873,-2789,-7600,0
5563,0,7046,-2676,37146,1149,7449,-1
5564,0,-6671,12096,-4196,-4120,13185,-1
5565,0,-10917,-3484,-12382,-10998,3218,1
5566,0,1723,23696,48869,-18183,-15293,-1
5567,0,-1811,-30764,24467,27658,-13592,1
5568,0,-10780,28401,12796,-25163,17019,1
5569,0,-1961,14181,59334,-2279,-14134,0
5570,0,-5965,18710,11853,-15096,12561,0
5571,0,1420,386,-63505,-1376,-522,-1
5572,0,-28324,-15732,53485,32319,-2289,0
5573,0,7422,-14279,-49634,-15229,5201,-1
5574,0,-15424,-26799,-17968,-30380,-5757,-1
5575,0,-16109,-13352,3602,-13575,-15921,0
5576,0,-4455,4261,-40384,5571,2640,1
5577,0,-14419,19691,366,-14763,19435,-1
5578,0,22298,-9327,1526,22920,-7673,1
5579,0,749,-4911,-30025,-4771,-1386,1
5580,0,1135,333,-23210,800,-870,-1
5581,0,-5845,-27082,-25932,-27522,-3182,1
5582,0,6327,13205,-3210,8277,12079,0
5583,0,1908,18214,52293,-12338,-13534,0
5584,0,-6930,-6049,-1298,-7293,-5606,1
5585,0,12830,-5059,16336,12662,5466,0
5586,0,-865,-27263,-11237,-14728,-22959,0
5587,0,24109,4480,-23026,14855,-19510,-1
5588,0,-5920,28181,54445,-9185,-27292,1
5589,0,-9872,-19140,39688,21311,-3101,1
5590,0,22610,17248,-30407,19691,-20518,1
5591,0,22619,21821,48571,-31396,1438,-1
5592,0,-1058,-6050,33415,6080,-870,0
5593,0,2681,1543,-65147,-2652,-1593,0
5594,0,20630,15055,26510,-8287,24157,0
5595,0,-3899,-1951,-57768,2922,3236,1
5596,0,-19229,-9350,-59452,15728,14484,-1
5597,0,-12861,12452,-58980,16080,-7867,0
5598,0,3593,6921,2530,2729,7305,-1
5599,0,23921,-14176,-810,23353,-15094,0
5600,0,13121,-7407,-2544,12123,-8948,0
5601,0,-9404,2514,-62168,9686,-970,0
5602,0,-9366,7836,31464,-8406,-8858,0
5603,0,2300,4562,-42509,3039,-4107,-1
5604,0,15683,8513,-2353,16542,6694,0
5605,0,-31,1747,52951,-966,-1456,1
5606,0,-16436,12053,26998,-16083,-12521,-1
5607,0,7049,5004,51465,-8631,494,-1
5608,0,-29227,-3342,15728,-19019,-22442,1
5609,0,24419,21005,32514,-20705,24674,1
5610,0,5247,-14716,-24921,-11760,-10286,1
5611,0,-15441,5985,-13917,-8427,14256,1
5612,0,2422,-3002,58840,-1351,3613,0
5613,0,-6507,-15430,5513,-2250,-16594,-1
5614,0,5046,-9425,38366,7750,7365,0
5615,0,-21895,-24147,-23922,-31017,10020,0
5616,0,8035,-4348,-17033,2334,-8833,0
5617,0,-8997,13868,33015,-13760,-9161,0
5618,0,7119,-2720,-41634,-5414,-5364,1
5619,0,-578,1102,-30192,1022,710,-1
5620,0,-18474,21886,18918,-28621,-1065,-1
5621,0,-5905,-10494,-2121,-6939,-9841,0
5622,0,-6321,-1711,8848,-5057,-4161,-1
5623,0,14125,8570,62702,-15156,-6578,0
5624,0,13128,17180,-60887,-9006,-19656,0
5625,0,-25138,-773,62917,25037,-2382,1
5626,0,10357,20647,64455,-11414,-20082,1
5627,0,-22748,15404,47484,3023,-27306,-1
5628,0,13627,3612,7647,11427,8256,-1
5629,0,-12371,-3255,-40756,1603,12691,0
5630,0,1765,-24094,4395,6764,-23192,1
5631,0,-8729,1430,-56136,8480,2515,-1
5632,0,7758,9965,-18328,12623,387,1
5633,0,-5257,18591,58647,-1055,-19291,0
5634,0,-40,-598,36989,594,81,0
5635,0,-27288,-12486,-33209,-11907,27546,-1
5636,0,-804,-1032,-3395,-961,-888,1
5637,0,-2756,-3421,-24748,-4205,1272,1
5638,0,17696,-21560,48561,3517,27670,0
5639,0,244,831,587,221,838,-1
5640,0,6018,19341,-8904,13486,15114,1
5641,0,-7056,-3437,47829,7243,-3024,0
5642,0,-17600,-7985,-62973,16488,10082,-1
5643,0,12400,-1977,52345,-8833,8924,1
5644,0,-19142,25518,47205,-7432,-31022,0
5645,0,17163,24031,11602,1891,29470,1
5646,0,-1659,6720,-14616,3064,6207,-1
5647,0,-777,2795,-62352,1193,-2644,-1
5648,0,28432,9687,32924,-9899,28359,0
5649,0,-7592,3640,-39883,5970,5937,0
5650,0,-865,368,-62024,914,-218,1
5651,0,-2333,2380,-44361,3253,726,0
5652,0,-509,-208,-57288,390,388,0
5653,0,-10196,-9217,22219,3124,-13385,0
5654,0,-17208,-13935,48718,21968,-2773,1
5655,0,-22050,20275,-49900,29954,181,0
5656,0,360,9878,16469,-6760,7212,-1
5657,0,16568,-14651,53765,-6164,21241,1
5658,0,-3747,-29159,-32214,-29249,2970,-1
5659,0,-12150,-2758,-40212,1660,12348,0
5660,0,-10509,-23387,-43092,-15591,20355,-1
5661,0,11836,-10270,-7557,7429,-13798,-1
5662,0,-12261,1979,49728,7545,-9865,1
5663,0,4941,-1104,-51806,-4584,-2149,1
5664,0,-11547,-8995,-43827,-1922,14510,0
5665,0,13999,-20771,63365,-11764,22113,1
5666,0,-14193,-16718,4570,-10221,-19403,0
5667,0,13251,-13824,39461,8940,16934,0
5668,0,7033,-11160,-43963,-13187,-338,1
5669,0,1663,-15558,-6679,-3317,-15291,-1
5670,0,2704,-5886,28110,6339,1333,1
5671,0,23832,-8751,47425,-8723,23842,-1
5672,0,3851,20178,7801,-3785,20191,1
5673,0,-823,-1685,-48397,-674,1750,-1
5674,0,19536,5228,35994,-8175,18498,0
5675,0,-2767,-5706,-53303,-853,6284,1
5676,0,-4113,27414,-46595,24141,-13626,-1
5677,0,-471,-2487,-12058,-1753,-1826,1
5678,0,-20205,-9251,-13869,-21609,5185,0
5679,0,1918,11238,-15676,9074,6902,1
5680,0,121,23,7633,105,65,1
5681,0,-12362,-1026,-41920,4322,11627,0
5682,0,18102,-9848,47001,-3771,20259,0
5683,0,3363,2041,-26417,2956,-2597,-1
5684,0,-15758,-1147,12722,-12261,-9965,1
5685,0,-11943,466,-46564,7703,9139,-1
5686,0,-9907,23481,-33218,23690,9398,1
5687,0,-9373,-11285,28261,9014,-11574,-1
5688,0,-25487,16059,-20909,-186,30124,1
5689,0,-18656,9291,-25549,2412,20702,-1
5690,0,16469,18738,62325,-19147,-15992,-1
5691,0,-8602,15301,13982,-16246,6648,1
5692,0,-10978,-19121,-41678,-12855,17913,0
5693,0,-1154,913,9642,-1440,303,-1
5694,0,27784,15886,-40930,4091,-31743,-1
5695,0,-5855,-16970,-55514,-2651,17755,-1
5696,0,-5445,-1974,52152,5544,-1677,-1
5697,0,7696,6906,-28962,8188,-6315,0
5698,0,-30615,-3718,43494,18293,-24829,1
5699,0,20381,6843,-49754,-10125,-18966,1
5700,0,28270,5854,-32875,5709,-28300,0
5701,0,20575,259,-12986,16867,-11786,0
5702,0,-21853,17322,-18317,-628,27879,-1
5703,0,12391,-16490,16554,20445,-2732,0
5704,0,-18525,3131,6087,-18642,-2331,0
5705,0,27877,4824,-37440,-1487,-28252,0
5706,0,9931,-4790,10939,10995,826,0
5707,0,2605,-19063,55325,6664,18049,0
5708,0,-632,-547,-40437,-283,786,-1
5709,0,11032,-12647,25226,15732,5845,1
5710,0,-621,3762,-7127,676,3753,1
5711,0,12058,10596,-3631,13711,8348,-1
5712,0,-19183,13123,-28245,8688,21558,-1
5713,0,-466,28330,-20932,23641,15617,1
5714,0,-3119,9572,-886,-2710,9696,0
5715,0,26920,1586,-11249,23914,-12462,1
5716,0,12890,6630,31935,-6110,13144,0
5717,0,-9097,-3391,3348,-8438,-4801,0
5718,0,9957,12883,-350,10171,12715,-1
5719,0,-5759,-15644,-9480,-12042,-11528,0
5720,0,10957,-2480,-28163,-20,-11234,0
5721,0,8496,17107,40264,-19002,1936,-1
5722,0,-331,-3280,-29375,-3291,-204,-1
5723,0,-6998,-8242,63610,7728,7562,-1
5724,0,-2795,1945,65357,2778,-1969,0
5725,0,3751,17803,4296,30,18194,-1
5726,0,10634,27495,52739,-24524,-16359,1
5727,0,2253,346,10680,1795,1405,1
5728,0,24144,14987,-3901,26509,10238,-1
5729,0,-9084,-28801,-47175,-16415,25349,0
5730,0,2305,16507,55116,-9930,-13386,0
5731,0,-725,-709,37818,862,-534,-1
5732,0,-24910,-639,-63157,24676,3468,1
5733,0,-23589,4962,-60583,24094,727,-1
5734,0,-264,1314,-25525,1146,695,0
5735,0,822,-1682,36127,1529,1081,1
5736,0,20727,-14618,-11770,9699,-23435,-1
5737,0,-8956,255,37720,1858,-8765,0
5738,0,4783,-21803,-53420,-15961,15604,1
5739,0,3296,-7924,-28573,-7106,-4813,-1
5740,0,7938,-15630,-44609,-17447,1709,-1
5741,0,2441,-1047,4715,2613,-473,0
5742,0,-11999,1495,19034,-8524,-8576,0
5743,0,5211,12898,30712,-12322,6456,1
5744,0,-19061,7428,-37997,11924,16623,0
5745,0,2093,-4324,-24384,-3161,-3618,1
5746,0,6480,-9897,-39600,-11456,-2952,1
5747,0,-10596,-6033,50450,11936,-2489,0
5748,0,-519,5889,60717,-843,-5851,0
5749,0,-10497,-12674,48455,16427,991,0
5750,0,46,19676,-53168,10955,-16344,1
5751,0,5738,5844,51902,-8109,-1150,1
5752,0,18094,-21405,34554,19778,19860,-1
5753,0,-4594,-1586,-30508,-2074,4396,-1
5754,0,10087,10920,28337,-8547,12163,1
5755,0,10261,-3162,-4901,9243,-5464,0
5756,0,-2601,-2786,10457,-942,-3693,-1
5757,0,7315,-7653,-44479,-10373,-2118,-1
5758,0,-5926,4195,36818,-2973,-6624,-1
5759,0,-491,-1644,-51297,-656,1585,1
5760,0,28077,-4543,46135,-13144,25223,-1
5761,0,-3660,1749,9532,-4056,-45,1
5762,0,947,-1191,53912,-174,1512,0
5763,0,-9217,7694,38425,-4944,-10941,0
5764,0,-26764,15659,39501,-6361,-30349,0
5765,0,-9075,-3822,-31555,-4342,8838,1
5766,0,21847,17008,-1091,22705,15844,-1
5767,0,-16567,-22716,28038,18410,-21250,0
5768,0,-2621,-2478,22184,892,-3495,1
5769,0,-24215,-8156,-8351,-25479,1924,-1
5770,0,26160,17324,19030,2306,31291,-1
5771,0,13995,14730,25774,-9306,18062,-1
5772,0,-27260,-3500,-28701,-8713,26066,1
5773,0,10728,14965,55598,-16396,-8379,0
5774,0,345,2606,-56475,784,-2509,1
5775,0,7963,-6902,-58928,-9717,4078,-1
5776,0,-183,-1016,-26209,-1023,-140,1
5777,0,14777,28695,-42630,18819,-26222,0
5778,0,21028,12426,59070,-23816,-5419,0
5779,0,5105,5617,26326,-3800,6571,-1
5780,0,-3329,-19923,-13598,-14732,-13819,-1
5781,0,-15637,26652,48585,-8599,-29680,1
5782,0,12456,-9413,42382,2890,15343,-1
5783,0,9989,17660,22351,-10720,17226,0
5784,0,-7254,-9641,20392,3939,-11404,-1
5785,0,-12816,-18715,59065,17917,13910,1
5786,0,21768,-1190,1156,21801,18,0
5787,0,-2591,-871,-10231,-2696,452,0
5788,0,12519,4839,24187,571,13409,1
5789,0,10885,-1251,47622,-6165,9057,0
5790,0,-8842,-16357,-34684,-15476,10306,1
5791,0,13363,-20743,6382,18991,-15755,0
5792,0,-2026,-10148,36100,10341,-386,-1
5793,0,-25272,-10977,31756,9740,-25774,-1
5794,0,-12995,-18334,-48599,-4360,22045,1
5795,0,5178,-27768,48258,16956,22591,-1
5796,0,-30749,-11020,-27515,-18333,27034,1
5797,0,17225,-4682,59580,-15209,9345,1
5798,0,-742,20335,45689,-16127,-12409,1
5799,0,-32296,4933,-23735,-9073,31386,1
5800,0,-23432,1247,-5847,-22172,7681,1
5801,0,-14440,10240,27524,-13510,-11439,1
5802,0,16502,-10773,51119,-5849,18819,-1
5803,0,-1343,-3269,-50210,-1195,3326,1
5804,0,-2102,7716,43010,-5813,-5491,0
5805,0,-4173,-4340,-61718,3313,5027,-1
5806,0,-5772,130,-20843,-3013,4925,1
5807,0,-125,99,64316,119,-106,0
5808,0,-3103,11236,-40751,11582,-1317,0
5809,0,1436,-2316,45238,1106,2490,1
5810,0,-26828,-2402,-33790,-1087,26914,-1
5811,0,5960,-274,57780,-5453,2421,1
5812,0,-5105,-2596,17649,-1441,-5543,0
5813,0,-6028,4223,14744,-7326,-703,-1
5814,0,-4669,-2632,3039,-4237,-3282,-1
5815,0,-9624,7559,63451,8822,-8482,0
5816,0,10161,-26043,51820,7874,26823,0
5817,0,2868,-805,43151,-662,2904,-1
5818,0,-7808,17565,57757,871,-19203,1
5819,0,3557,-31181,-14434,-17155,-26280,0
5820,0,-3915,-1136,32363,1060,-3936,0
5821,0,5030,-31603,-41126,-31062,7694,0
5822,0,-6974,23768,40961,-19290,-15539,1
5823,0,-13846,-15457,40255,19336,-7534,0
5824,0,-1306,78,1402,-1308,-10,-1
5825,0,-11978,-3503,7178,-10094,-7339,-1
5826,0,16066,-10325,-48844,-18599,-4334,0
5827,0,-9685,-540,-20037,-5993,7627,0
5828,0,22509,19031,-36349,14905,-25430,1
5829,0,22681,-3807,-64091,-22890,2227,-1
5830,0,5183,14971,-24013,15784,1367,0
5831,0,18540,12565,-23545,19290,-11381,0
5832,0,536,-23337,10007,11246,-20455,0
5833,0,-4851,6990,-47784,8454,-960,-1
5834,0,1442,24561,44732,-21413,-12116,-1
5835,0,-3437,-2638,-36257,-2029,3828,-1
5836,0,3610,7664,65470,-3634,-7653,1
5837,0,-4588,9221,-8035,-788,10269,-1
5838,0,8447,7638,30069,-6484,9362,0
5839,0,-5542,-1702,54377,5635,-1361,-1
5840,0,27807,-5696,-42783,-17895,-22033,0
5841,0,-2986,-6569,-25913,-7181,706,-1
5842,0,-12154,19986,-3446,-8701,21713,1
5843,0,9238,28243,-34846,27185,-12000,0
5844,0,15977,-11214,39021,5997,18576,0
5845,0,21763,14972,-61258,-18259,-19089,1
5846,0,134,-5071,42841,4429,2473,0
5847,0,-21971,19530,6145,-26695,12309,-1
5848,0,-3059,-2996,60780,3657,2227,0
5849,0,7564,3090,-24359,5809,-5746,1
5850,0,1155,1102,-26061,1411,-748,1
5851,0,-9842,118,-44815,5472,8182,-1
5852,0,17184,-3186,57063,-14528,9716,-1
5853,0,19528,-8113,33792,7145,19903,0
5854,0,8954,-7247,-16623,1076,-11469,0
5855,0,24986,20528,25695,-11050,30390,-1
5856,0,-1400,29096,1385,-3327,28939,0
5857,0,-209,-25593,47296,19767,16258,0
5858,0,-5876,6312,-58889,7558,-4153,0
5859,0,-2137,-124,-47913,1326,1681,0
5860,0,-19961,17773,-5086,-15080,22067,1
5861,0,-19713,15353,60626,15588,-19528,1
5862,0,-6491,-6029,63550,7035,5385,0
5863,0,-10203,486,35228,717,-10189,1
5864,0,7522,10270,20220,-4211,12013,0
5865,0,225,12612,20325,-10308,7271,1
5866,0,-28812,-8415,-39675,1408,29983,-1
5867,0,17119,20557,-54338,-4198,-26420,-1
5868,0,-12685,-2506,-29265,-4591,12088,0
5869,0,-10640,3225,-8781,-8394,7291,-1
5870,0,8590,-1946,-25810,973,-8754,1
5871,0,17814,14859,17810,507,23192,1
5872,0,-10339,-8507,-31796,-8980,9931,-1
5873,0,8930,-8631,-8262,4910,-11408,-1
5874,0,-3498,-1956,34758,2281,-3296,-1
5875,0,-2588,-14129,-4179,-5347,-13332,-1
5876,0,6708,-22536,15085,19943,-12456,-1
5877,0,-29183,12802,-42652,24708,20126,1
5878,0,-9232,-4886,-49339,3163,9955,1
5879,0,-8123,10460,35183,-9451,-9277,-1
5880,0,-16804,-12049,-181,-16908,-11903,0
5881,0,12598,-10009,-20284,-1172,-16047,0
5882,0,-4953,2027,-59453,5327,-518,1
5883,0,16015,-12245,-14641,4325,-19691,-1
5884,0,23637,4485,5457,21674,10444,1
5885,0,-2737,7773,-11742,1832,8035,-1
5886,0,27647,7696,35252,-10927,26537,-1
5887,0,-2195,-17159,47987,14255,9800,1
5888,0,7095,-2901,-18548,2218,-7337,-1
5889,0,-16727,2784,38782,2086,-16828,1
5890,0,18966,1282,10467,16011,10247,-1
5891,0,-2068,8035,57459,-1119,-8221,0
5892,0,13762,7167,55596,-15516,-56,1
5893,0,-7245,4624,-24512,1473,8468,0
5894,0,-14407,4938,3373,-15014,2554,0
5895,0,3473,-12465,-49746,-11085,6676,-1
5896,0,3441,-13652,27805,14079,127,-1
5897,0,-19424,-11813,27930,7033,-21619,-1
5898,0,3963,-1599,40482,59,4273,0
5899,0,2276,3973,12307,-319,4568,1
5900,0,-23909,19685,8932,-29924,7979,-1
5901,0,-10279,11560,-53046,15006,-3756,1
5902,0,-621,-505,-45081,-74,797,1
5903,0,3883,-2232,-17953,840,-4399,-1
5904,0,2139,-18711,-57439,-9062,16509,-1
5905,0,-1729,30824,33733,-30711,-3152,0
5906,0,2779,2073,-41283,799,-3373,0
5907,0,-18986,-3334,-38192,1658,19205,-1
5908,0,-21306,-16835,26301,9533,-25426,-1
5909,0,-4513,18009,-11736,5788,17641,0
5910,0,28258,8999,51559,-27738,10494,-1
5911,0,28999,-2761,-41996,-14910,-25025,0
5912,0,28500,16133,5863,22907,23405,0
5913,0,8002,26503,-3657,12501,24702,-1
5914,0,2384,-401,-15237,1508,-1889,-1
5915,0,302,677,37395,-727,146,1
5916,0,5830,14546,13439,-4074,15132,0
5917,0,-3207,2896,-58551,3980,-1681,0
5918,0,-9865,24721,-25781,20104,17444,-1
5919,0,2390,21271,-35303,20824,-4952,1
5920,0,4493,23226,39265,-23485,-2840,0
5921,0,-2810,-10463,-31431,-10621,2134,0
5922,0,11243,-7358,65309,-11162,7480,0
5923,0,868,-890,-34640,-964,-785,-1
5924,0,17220,9781,15306,6240,18795,1
5925,0,2972,-650,56044,-2384,1890,1
5926,0,10037,12534,62159,-11926,-10753,-1
5927,0,-31046,6178,29898,-10377,-29906,0
5928,0,15813,-1578,-62198,-15862,-961,0
5929,0,157,-114,49695,-35,191,1
5930,0,-814,57,25582,-328,-747,1
5931,0,-1707,4111,48309,-1864,-4042,-1
5932,0,-6669,14284,-12909,2854,15504,1
5933,0,29257,-10502,39150,1202,31062,0
5934,0,-10890,-638,23000,-4346,-10006,0
5935,0,17980,7250,-28777,10538,-16273,-1
5936,0,12693,-9766,-49877,-15943,-1517,0
5937,0,-11247,-13838,-2215,-12650,-12568,0
5938,0,24570,-21401,-22416,-7123,-31796,1
5939,0,3103,-3287,37812,2449,3800,1
5940,0,20787,15117,-27058,20173,-15927,0
5941,0,11406,-16207,27213,18637,6739,0
5942,0,-2445,5771,-25323,4553,4307,1
5943,0,-3680,-7243,-41562,-5103,6321,-1
5944,0,-7329,-1189,-7567,-7274,1489,-1
5945,0,11591,-11830,-64868,-11963,11454,1
5946,0,-1752,22981,-33399,23023,1056,0
5947,0,21953,-4258,5910,22268,2047,1
5948,0,5145,804,-6543,5142,-822,0
5949,0,388,-1847,-8234,-352,-1854,-1
5950,0,828,-10593,-50553,-7595,7431,-1
5951,0,-21208,16808,59345,15365,-22276,0
5952,0,-8728,-11978,-18280,-14790,-959,0
5953,0,3376,307,19150,1807,2869,-1
5954,0,-14765,14859,37769,-10929,-17870,1
5955,0,-6400,7884,12608,-9747,2850,-1
5956,0,-816,-2484,41106,2606,215,1
5957,0,26190,-16110,37603,9664,29190,0
5958,0,-4994,10519,23943,-11642,-235,1
5959,0,-1821,-10,-2869,-1805,240,1
5960,0,16286,9708,-18113,17933,-6156,-1
5961,0,-9888,-21151,-22305,-23300,-1499,0
5962,0,-6137,10242,63981,5357,-10671,1
5963,0,-8039,27128,-24715,22106,17661,1
5964,0,2271,13305,47759,-11510,-7050,-1
5965,0,-4573,-25404,28326,23864,-9839,0
5966,0,-8315,24006,14450,-21729,13164,1
5967,0,-3794,-1914,8054,-2794,-3202,-1
5968,0,22613,13730,-39155,6275,-25700,0
5969,0,10861,9101,-33854,8523,-11320,1
5970,0,-12052,5418,17322,-12130,-5242,-1
5971,0,-2060,646,-27840,146,2154,-1
5972,0,-21797,-20601,23818,9665,-28392,1
5973,0,-10045,-30304,42559,31571,4748,0
5974,0,-6945,-4642,-62640,6235,5559,-1
5975,0,0,-795,-47582,-603,518,0
5976,0,-826,-25190,-39941,-23437,9271,1
5977,0,-20743,-7635,-53983,13627,17403,0
5978,0,-31392,-8064,-49604,17097,27535,1
5979,0,23926,-19407,-31671,-18122,-24913,0
5980,0,-2545,-249,62550,2555,-117,0
5981,0,2951,20836,-19409,18470,10084,-1
5982,0,5062,1972,-23458,3963,-3715,0
5983,0,20567,-10335,452,20787,-9886,-1
5984,0,2376,12984,17680,-8160,10375,1
5985,0,17775,-8270,29549,10903,16293,-1
5986,0,20683,3519,-5134,20917,-1627,1
5987,0,8199,-18141,49473,6743,18731,0
5988,0,12663,15625,-47067,4079,-19694,1
5989,0,-3116,-22903,52769,15709,16956,0
5990,0,-117,255,-38083,276,49,1
5991,0,-375,-26387,26195,24971,-8534,0
5992,0,11933,-25662,10229,22612,-17019,0
5993,0,-19,-5291,33642,5287,202,1
5994,0,9112,-4071,32616,4138,9082,1
5995,0,-10315,29381,28124,-30933,-3574,0
5996,0,10847,18724,-26804,21024,-5125,-1
5997,0,-2609,7479,29544,-7791,-1427,-1
5998,0,-16774,2570,20011,-11734,-12259,0
5999,0,1737,-1831,-22072,-743,-2412,-1
6000,0,-8961,-5487,-52250,3941,9740,0
6001,0,-11293,-8537,49127,14020,-1966,0
6002,0,-5806,-1926,37319,3137,-5251,-1
6003,0,15739,1459,-2209,15805,-213,1
6004,0,-2618,1903,-35093,2183,2390,0
6005,0,-12381,-5379,45788,11600,-6904,1
6006,0,12977,2616,9334,10567,7974,-1
6007,0,17470,-1292,20629,10681,13885,-1
6008,0,50,-60,-59737,-64,44,0
6009,0,-9575,18684,35834,-17081,-12207,1
6010,0,7312,-2861,-28703,-1391,-7728,-1
6011,0,23201,14930,-7829,27059,5387,-1
6012,0,-639,-6242,-53291,-2925,5551,0
6013,0,-14550,11778,22713,-17181,-7432,1
6014,0,11012,28273,19846,-16626,25381,0
6015,0,-2475,-1646,36268,2036,-2165,-1
6016,0,28119,-3486,-16933,16823,-22799,1
6017,0,8354,-26279,-41060,-27464,2469,-1
6018,0,-622,6579,16579,-5131,4164,-1
6019,0,-1203,-494,39263,839,-994,1
6020,0,-29589,9535,44108,7146,-30255,-1
6021,0,14798,-12734,-43139,-18250,-6933,0
6022,0,14659,28551,-60853,-7937,-31098,1
6023,0,19995,-18212,-55107,-26278,6397,-1
6024,0,-2034,-9093,-298,-2164,-9063,0
6025,0,-20243,14352,34436,-12690,-21324,0
6026,0,13024,-5072,-50345,-13097,-4882,1
6027,0,-15533,23857,8438,-23669,15818,-1
6028,0,-31734,357,24653,-12367,-29227,1
6029,0,-23543,5136,-16569,-12835,20394,1
6030,0,5751,-7546,-64455,-6134,7238,-1
6031,0,24591,-2041,35108,-725,24665,0
6032,0,-9743,-2412,39473,5367,-8482,-1
6033,0,13259,-10954,10265,16861,-3391,1
6034,0,9013,17256,-54746,700,-19455,-1
6035,0,-4353,-3919,-40534,-2067,5480,1
6036,0,759,-355,-24943,-52,-836,-1
6037,0,1101,18833,18290,-13772,12892,-1
6038,0,13879,-12786,-16202,938,-18847,-1
6039,0,-6684,-15043,-61838,3926,15986,-1
6040,0,-4044,-2633,-47204,554,4794,1
6041,0,-5568,-3756,-54650,2955,6032,1
6042,0,28936,-6688,-52483,-27371,-11525,1
6043,0,7692,18428,-37883,16010,-11935,0
6044,0,24983,2424,-54422,-20289,-14778,-1
6045,0,-11588,9263,-3695,-9775,11160,-1
6046,0,-24321,2703,42769,8821,-22825,-1
6047,0,10833,1910,22401,3485,10434,-1
6048,0,-6800,-21257,7696,1323,-22279,0
6049,0,982,1304,-62404,-776,-1436,1
6050,0,-2292,-572,-46607,961,2158,0
6051,0,-14623,-17131,53735,21527,6623,1
6052,0,6416,-4345,-27051,-2446,-7352,-1
6053,0,-8898,4115,53690,5289,-8255,-1
6054,0,-2441,-1504,46408,2679,-1023,0
6055,0,-29024,-7356,-5614,-29935,625,-1
6056,0,-4406,26417,-22943,21542,15912,1
6057,0,-4783,-13818,-43330,-9765,10884,0
6058,0,-9875,4720,-2166,-9332,5718,1
6059,0,-24983,-13882,-18702,-26441,10849,1
6060,0,-23203,3986,-29782,635,23535,0
6061,0,29523,-4256,61218,-28018,10232,0
6062,0,9189,-9134,-26804,-6171,-11392,-1
6063,0,-7121,-19740,-23264,-20860,-2290,1
6064,0,28880,-1042,58362,-26838,10718,0
6065,0,-27063,-5279,37872,11678,-24978,0
6066,0,17485,-19043,32270,19456,17025,1
6067,0,-5748,-19076,58920,11411,16332,1
6068,0,4960,5662,-28034,6633,-3559,1
6069,0,-7845,-2023,32519,1929,-7869,1
6070,0,-9078,-13959,-18229,-16531,-1999,0
6071,0,12658,12562,11970,3812,17421,0
6072,0,-6980,-1138,-43513,2448,6635,0
6073,0,9855,2736,44595,-7601,6844,0
6074,0,7782,26154,20760,-17703,20765,0
6075,0,14036,-18549,27365,21525,8818,0
6076,0,5753,-8231,-54511,-9119,4207,-1
6077,0,-2390,-716,19040,-895,-2329,1
6078,0,20763,-9443,-30842,-7490,-21545,1
6079,0,-17379,27281,63983,15302,-28498,0
6080,0,-13862,8684,-25988,3804,15909,1
6081,0,-22287,-1342,-51556,16632,14895,-1
6082,0,16473,-10350,-41144,-15964,-11118,-1
6083,0,4098,-29220,56786,8157,28356,0
6084,0,1670,2175,19417,-747,2639,1
6085,0,12202,6142,-22734,11091,-7975,-1
6086,0,21271,-2784,-21207,8826,-19553,1
6087,0,29611,10018,24717,1867,31204,1
6088,0,-25309,14420,-33171,14906,25026,-1
6089,0,22993,-14350,8874,26866,-3582,0
6090,0,14583,14337,-35241,12512,-16176,-1
6091,0,-6962,12477,-42285,14268,754,-1
6092,0,-19111,8088,-25380,959,20730,0
6093,0,2568,-14927,51850,7071,13395,0
6094,0,-23638,-21506,-29850,-24591,20409,1
6095,0,4300,6894,-24653,8010,-1364,-1
6096,0,-12758,-19465,34424,20415,-11175,1
6097,0,5570,4277,56308,-6865,-1480,0
6098,0,14,139,60500,-47,-132,0
6099,0,-8608,-3690,25395,483,-9353,-1
6100,0,634,-18698,-4209,-3125,-18446,-1
6101,0,-2686,-6438,41947,6969,313,-1
6102,0,-23276,-10358,33,-23259,-10395,0
6103,0,-14533,10186,-61219,16316,-6982,-1
6104,0,-21910,584,17733,-14898,-16076,0
6105,0,-20341,-25621,40239,31126,-10068,-1
6106,0,429,10353,56615,-4684,-9243,-1
6107,0,7328,-14013,12444,13934,-7477,0
6108,0,-13592,11673,20901,-17157,-5163,1
6109,0,-20657,8982,268,-20770,8716,0
6110,0,-4125,-5381,21738,2565,-6276,1
6111,0,236,-20436,-22191,-17750,-10130,0
6112,0,-988,8434,-44684,7629,-3729,0
6113,0,8487,-9507,-33172,-9670,-8301,1
6114,0,-4573,-7040,45474,8390,277,0
6115,0,-2997,10414,16749,-9573,5079,1
6116,0,1077,-19408,34086,19301,2301,-1
6117,0,-21475,19404,-47526,28704,3711,0
6118,0,-6941,-7287,-11264,-9700,-2682,1
6119,0,-27827,-6510,20205,-10399,-26619,0
6120,0,2023,-5327,-63626,-2502,5120,1
6121,0,-26397,1314,-57124,24796,9148,1
6122,0,-5462,-864,-54307,4247,3542,0
6123,0,-3046,693,-28129,4,3124,0
6124,0,-5109,595,58285,4601,-2299,-1
6125,0,4436,1929,34723,-2336,4236,0
6126,0,23785,-11040,57796,-18165,18912,-1
6127,0,15267,-10999,56737,-9427,16285,-1
6128,0,20059,-20185,62946,-17405,22513,-1
6129,0,-13930,653,640,-13944,226,1
6130,0,-18785,15594,-40185,21157,12183,-1
6131,0,-3067,-132,21639,-1446,-2708,1
6132,0,-25894,13052,54117,15316,-24622,1
6133,0,-1250,-18176,8745,6256,-17111,0
6134,0,5509,-10133,-5105,2890,-11166,-1
6135,0,1088,2014,47290,-2243,-457,-1
6136,0,3088,8201,6452,446,8752,1
6137,0,-4990,22242,-5399,870,22778,1
6138,0,-712,-14184,-22937,-12961,-5806,-1
6139,0,-24766,2537,-52195,21385,12746,-1
6140,0,15526,23093,-3274,18945,20383,0
6141,0,-16395,-24732,27581,19938,-21976,-1
6142,0,616,2599,-6715,1407,2270,0
6143,0,-31929,326,1202,-31895,-1513,0
6144,0,-42502,-1996,-62602,41802,7937,-1
6145,0,22629,-56340,-25766,-45740,-39927,-1
6146,0,1737,-6828,-11319,-2038,-6744,-1
6147,0,-17249,-65459,-20000,-63487,-23489,1
6148,0,-16739,-42816,14936,15474,-43289,0
6149,0,58964,4497,-27321,19563,-55806,1
6150,0,65508,61702,41290,-65536,35602,-1
6151,0,30877,-40049,-26567,-29248,-41254,-1
6152,0,53334,19178,62189,-55713,-10409,1
6153,0,22422,27672,11098,5288,35221,1
6154,0,-58171,50497,55658,28744,-65536,-1
6155,0,16775,36886,-17368,38573,12414,1
6156,0,48233,-23934,-24880,-4440,-53661,1
6157,0,-55864,41814,-63617,59470,-36503,-1
6158,0,-14958,-65442,26928,58761,-32458,0
6159,0,-1113,-14798,-38112,-14033,4826,0
6160,0,15853,-19927,27074,23463,9893,1
6161,0,4797,61511,-3839,15973,59594,0
6162,0,47354,21789,-51135,-22635,-46956,0
6163,0,62363,-23654,-25846,-2049,-65536,0
6164,0,-15733,-47011,-46907,-26754,41735,0
6165,0,-46561,-42058,28780,32447,-53703,-1
6166,0,50218,5235,-20752,31743,-39264,0
6167,0,-43698,-18846,-42075,1854,47553,0
6168,0,-44982,27648,-25878,11562,51518,-1
6169,0,43420,60999,-64984,-41789,-62128,0
6170,0,-64956,39234,-35812,48265,58559,1
6171,0,-48291,-61655,-61950,37029,65535,-1
6172,0,21962,-17588,49393,-3417,27929,-1
6173,0,24845,30082,-50603,995,-39003,0
6174,0,-56844,-54097,34080,57561,-53334,1
6175,0,19121,26098,55323,-29148,-14040,1
6176,0,-19760,-54685,-25778,-58142,677,-1
6177,0,-37797,-51387,-45471,-20529,60397,0
6178,0,56507,37161,-38934,19090,-64881,0
6179,0,-39974,47947,-51067,61392,-11311,-1
6180,0,51176,-36964,32970,36468,51531,1
6181,0,14533,-3675,16389,12873,7681,0
6182,0,25519,-61030,7245,44768,-48700,0
6183,0,-13486,-54968,14768,25498,-50529,0
6184,0,-59278,49928,-9163,-32421,65535,-1
6185,0,774,-18179,-30977,-18046,-2329,1
6186,0,3705,18951,-21766,18240,6337,-1
6187,0,54094,-63784,-58517,-65536,42350,0
6188,0,-53399,15842,12476,-53050,-16975,-1
6189,0,-986,28945,18068,-22691,17998,-1
6190,0,-58363,-55017,-19121,-65536,12832,-1
6191,0,-23497,12002,26895,-18058,-19237,0
6192,0,-34318,-52173,-2707,-40780,-47294,0
6193,0,-12714,15955,1299,-13682,15133,0
6194,0,-646,51778,-56850,21533,-47093,0
6195,0,54674,-33695,22483,55559,32215,0
6196,0,-6043,-57186,47035,48144,31447,1
6197,0,18108,-38410,48564,15476,39544,0
6198,0,-28585,-37351,-55743,8595,46242,0
6199,0,-41433,30820,2580,-44918,25475,1
6200,0,54172,-62948,48811,7558,65535,0
6201,0,-36805,50125,-6603,-19372,59092,1
6202,0,-35324,31646,-16633,-2035,47383,0
6203,0,-63566,42198,-18505,-7444,65535,-1
6204,0,61224,-41464,34379,36615,64242,-1
6205,0,-51365,41686,31173,-45486,-48033,-1
6206,0,-45638,25143,43229,-110,-52106,0
6207,0,-26974,-33447,53988,40529,14272,-1
6208,0,-36703,-37346,613,-35589,-38409,-1
6209,0,40094,49060,39254,-58975,23160,-1
6210,0,-42398,-36046,19337,3378,-55547,0
6211,0,-22742,-12495,-32953,-12292,22853,1
6212,0,-16653,-20444,17575,4173,-26036,0
6213,0,-57831,-9367,53442,53512,-23846,1
6214,0,13934,-31083,8214,24794,-23357,-1
6215,0,28088,-42768,-18142,-14563,-49051,1
6216,0,12806,-11944,56050,-6259,16355,-1
6217,0,61072,-9012,-32637,-8631,-61127,1
6218,0,44226,-11240,-22390,11230,-44228,-1
6219,0,-42286,16964,-37512,26059,37374,-1
6220,0,-3712,-9262,58046,6730,7367,0
6221,0,19030,33918,-19955,38686,3996,0
6222,0,63181,24134,64959,-63825,-22375,1
6223,0,45998,60605,-42153,34568,-65536,1
6224,0,31543,-22096,38784,12213,36524,0
6225,0,63457,8989,8727,54333,33993,0
6226,0,-38787,-7187,61434,39444,-529,0
6227,0,47810,34779,5767,36504,46507,1
6228,0,-47178,-16585,-6493,-49990,-1342,-1
6229,0,2305,-44009,6137,14969,-41449,-1
6230,0,57749,26096,36169,-35124,52747,0
6231,0,-34885,-46705,1611,-31177,-49258,-1
6232,0,-18890,-41449,29407,37882,-25294,0
6233,0,23390,29165,44209,-37082,4755,1
6234,0,3793,22584,-35106,22018,-6294,-1
6235,0,-52792,64229,64781,50429,-65536,1
6236,0,-60141,33505,-59198,65535,-13974,-1
6237,0,-55886,3875,-42192,27884,48588,0
6238,0,52982,-42098,17112,65535,10036,0
6239,0,-33418,8044,-9535,-26436,21968,1
6240,0,31732,-3577,3956,31837,2469,0
6241,0,-24199,-3604,2999,-23433,-7034,0
6242,0,-37058,38173,-49507,53175,-1696,1
6243,0,36105,20994,-52376,-16771,-38250,-1
6244,0,50950,44297,-32378,45241,-50114,1
6245,0,-47842,35766,32019,-37459,-46528,0
6246,0,39527,62714,8114,12795,65535,1
6247,0,24246,1238,-43639,-10996,-21644,-1
6248,0,19309,33093,-31913,33857,-17936,-1
6249,0,15918,-26239,39415,19932,23337,0
6250,0,49649,33266,63732,-52338,-28851,1
6251,0,65280,-52918,30280,60309,58521,0
6252,0,57040,-26955,28413,38194,50214,1
6253,0,-12629,3133,459,-12695,2855,1
6254,0,40070,25187,-39265,11697,-45861,0
6255,0,-10263,50314,24122,-50187,10866,-1
6256,0,12989,-64698,-37758,-65536,2710,0
6257,0,8080,-42515,-53445,-30047,31144,-1
6258,0,24115,-2382,10911,22081,9982,0
6259,0,-9982,53224,56324,-13726,-52384,1
6260,0,-26497,52378,13693,-52956,25322,-1
6261,0,-14169,41945,62557,8056,-43535,0
6262,0,-29633,-32873,-19896,-43957,5149,1
6263,0,-51993,8259,8410,-51064,-12804,-1
6264,0,29919,-39794,-51182,-48382,11741,1
6265,0,1339,-1933,27883,2191,854,0
6266,0,-21668,54766,-23404,39940,43286,1
6267,0,25348,-49285,31267,50978,21743,-1
6268,0,42060,43959,-18727,60592,-5486,1
6269,0,5705,-25084,47297,15583,20468,1
6270,0,19404,-36856,-48957,-39896,11967,-1
6271,0,-45707,-6324,-32982,-5854,45770,0
6272,0,-59673,37190,51930,24848,-65536,1
6273,0,-2714,-57830,9175,22167,-53482,0
6274,0,-62387,-54140,-36781,-41216,65535,-1
6275,0,-28342,16618,16545,-31727,-8534,1
6276,0,-21115,-16905,-5348,-24712,-10997,1
6277,0,-30106,-30511,43748,41506,-10704,0
6278,0,-15084,44436,-23847,34180,32154,1
6279,0,51909,-10333,-24238,11160,-51738,-1
6280,0,60589,-47047,-28428,-33516,-65536,-1
6281,0,58978,47492,34351,-51829,55206,-1
6282,0,30614,-60771,-59188,-47419,48803,-1
6283,0,-30769,-25125,-9630,-38740,-8789,0
6284,0,25655,39140,-45179,18037,-43183,0
6285,0,-39870,-51474,45297,64998,-3799,-1
6286,0,19353,2755,34271,-4140,19105,1
6287,0,-33050,25412,-28852,18798,37212,0
6288,0,-37928,3186,62643,37123,-8397,-1
6289,0,56207,-48646,59641,-40410,62392,1
6290,0,-9569,-31195,-49214,-15208,28869,-1
6291,0,11523,44524,-22345,44602,11216,1
6292,0,-40080,46506,31963,-48017,-38257,0
6293,0,39084,-41287,-19476,-9936,-55977,1
6294,0,42081,51999,-57205,-18547,-64271,-1
6295,0,10968,7196,-60573,-8964,-9578,1
6296,0,8921,58719,-15904,47005,36306,-1
6297,0,62413,-65185,62978,-53968,65535,1
6298,0,25872,2414,36846,-7394,24910,-1
6299,0,-38817,8567,1923,-39441,4959,1
6300,0,53473,34276,-31256,38060,-50850,-1
6301,0,16704,-36785,50794,11182,38821,0
6302,0,-9988,-37506,12228,12425,-36771,1
6303,0,-32559,-61220,29037,54454,-42928,-1
6304,0,-28504,56815,-28235,49331,40086,-1
6305,0,-46760,36386,-10669,-22968,54616,0
6306,0,-20316,-16360,-24697,-22816,12643,1
6307,0,26700,-2965,43024,-9992,24937,-1
6308,0,58378,-58541,-29791,-49646,-65536,1
6309,0,10975,60654,-61054,2213,-61599,-1
6310,0,-15019,28344,19042,-31611,5451,1
6311,0,50766,-30405,-11915,26273,-53023,-1
6312,0,50607,-53826,3826,59576,-43692,-1
6313,0,-41309,35564,-6560,-28281,46598,1
6314,0,-38818,-59223,-62990,31319,63509,0
6315,0,-44458,23836,33271,-22755,-45021,-1
6316,0,-38368,18963,516,-38826,18007,-1
6317,0,55777,-8569,-42086,-31820,-46604,-1
6318,0,-41524,42878,24826,-55238,-22617,0
6319,0,-21239,-7832,50735,21216,-7894,0
6320,0,8514,28755,-50098,13102,-26975,1
6321,0,60263,39948,35847,-48374,53736,1
6322,0,-59854,39887,33450,-37908,-61126,0
6323,0,7456,-44161,-42889,-42541,14001,1
6324,0,20278,-34503,38380,27874,28718,1
6325,0,-5541,17438,-7472,924,18274,0
6326,0,-65387,-39187,36520,50254,-57320,-1
6327,0,6441,-1111,-26043,987,-6461,-1
6328,0,4426,-42613,-19360,-31456,-29085,0
6329,0,13445,22570,-63082,-10703,-23992,0
6330,0,61807,50475,-7265,65535,26350,1
6331,0,-27574,53478,38952,-43091,-41993,0
6332,0,-28149,-48985,905,-26001,-50158,1
6333,0,57645,64669,31705,-61653,60861,-1
6334,0,25053,29690,-13799,38007,8040,-1
6335,0,39012,-39589,51069,-4693,55382,0
6336,0,-65536,-21857,46937,58176,-37259,-1
6337,0,-39636,-34896,51694,52719,3081,-1
6338,0,-59197,-22435,-16199,-57952,25480,-1
6339,0,27186,-57989,-20266,-32548,-55158,0
6340,0,-57325,41861,11444,-65536,5827,1
6341,0,-15580,-21645,-24911,-25858,6528,1
6342,0,-4646,-37122,12368,16888,-33383,1
6343,0,-34925,17160,-41895,30341,24366,0
6344,0,-30766,-38312,-3538,-36793,-32568,1
6345,0,23131,11706,-20522,22558,-12776,1
6346,0,38772,-4827,-55471,-36585,-13715,-1
6347,0,-41626,-6981,65245,41719,6401,0
6348,0,-48101,28063,59563,38218,-40505,0
6349,0,58601,32768,-29086,42547,-51938,1
6350,0,24133,30960,-40444,20207,-33654,-1
6351,0,-55464,-3235,59883,54305,-11733,1
6352,0,-28428,-46018,-27896,-51349,17004,-1
6353,0,32807,-49120,-31054,-46263,-36726,1
6354,0,59843,48141,35402,-55297,53301,-1
6355,0,-2122,58944,-25658,54844,21704,0
6356,0,57802,-10268,-16052,34376,-47590,-1
6357,0,49359,-14215,-64157,-50191,10921,-1
6358,0,56155,-43519,-32756,-43484,-56182,-1
6359,0,-29378,35148,-45261,45592,4454,-1
6360,0,41456,30748,-22991,46160,-23094,-1
6361,0,19021,2238,28792,1407,19101,1
6362,0,-40496,44261,13899,-59192,9764,-1
6363,0,-14364,14479,6987,-18326,8952,-1
6364,0,36795,60097,2325,29884,63816,0
6365,0,-53070,49122,51197,9855,-65536,-1
6366,0,29931,-60280,48723,22770,63333,1
6367,0,28153,44809,55058,-46249,-25720,0
6368,0,-50553,-37119,-6303,-59309,-20393,0
6369,0,2546,64145,-52122,36424,-52862,1
6370,0,27971,17813,-36556,12468,-30728,0
6371,0,-24478,22212,50359,3508,-32867,1
6372,0,-52884,533,3945,-52041,-9421,-1
6373,0,-28298,59086,30058,-62253,-20408,-1
6374,0,-30908,-18935,-56916,20703,29753,0
6375,0,62659,63614,52585,-65536,-15296,-1
6376,0,-13729,-64056,-40263,-55139,35374,0
6377,0,-10477,52647,-13293,22904,48548,1
6378,0,35654,62744,-53908,2937,-65536,-1
6379,0,45781,-10713,3571,46937,-2755,-1
6380,0,4910,-23493,-31882,-23263,-5903,0
6381,0,-55892,-53757,-28655,-63662,44282,1
6382,0,-36228,-12840,26956,2381,-38362,0
6383,0,-24789,33545,-40182,40074,11569,-1
6384,0,49421,6233,44161,-30994,38996,1
6385,0,-21646,-49313,11745,8019,-53255,-1
6386,0,-18839,63088,61776,7223,-65443,0
6387,0,-41033,-36926,-62346,34929,42746,0
6388,0,58654,-53015,-30222,-45479,-64672,0
6389,0,24151,8137,18599,8841,23903,1
6390,0,52821,23330,43350,-46053,34835,0
6391,0,-55619,-26585,-29920,-33910,51481,-1
6392,0,-59748,30656,40936,-5531,-65536,-1
6393,0,52743,-27257,43445,-2067,59334,0
6394,0,-49150,49653,-31534,46658,52002,-1
6395,0,-2940,884,8163,-3055,-304,-1
6396,0,23624,27557,-32644,27698,-23458,-1
6397,0,33877,34833,58519,-43475,-21702,-1
6398,0,-39413,38790,20271,-54259,-10677,0
6399,0,-6860,-64727,-7530,-29279,-58133,0
6400,0,44090,-32239,56202,-25798,48143,1
6401,0,3213,-51021,-44759,-44569,25041,-1
6402,0,-52174,-65370,-37004,-53504,64286,0
6403,0,59031,-37054,57668,-41233,56192,1
6404,0,38752,-35244,-19763,-5993,-52038,1
6405,0,59526,-14455,-30166,-6937,-60862,0
6406,0,-5188,-14704,12269,3841,-15112,1
6407,0,45614,65226,32129,-63798,47590,0
6408,0,11478,-48027,6162,24960,-42607,1
6409,0,-29266,47615,-35203,50698,23524,-1
6410,0,-35326,-35384,-23199,-47369,16006,0
6411,0,17269,-43725,-54821,-36525,29598,0
6412,0,37293,-13843,20456,32255,23281,-1
6413,0,-10638,-1334,-9191,-10191,3330,-1
6414,0,-255,37567,-39617,35643,-11871,-1
6415,0,32335,-7976,-59909,-33291,-928,1
6416,0,53973,16461,38532,-30560,47436,0
6417,0,65337,-15454,-45923,-51009,-43655,1
6418,0,50361,24952,47216,-51359,22828,1
6419,0,-16120,29520,29741,-31540,-11682,0
6420,0,-64028,-29463,32434,28436,-64491,-1
6421,0,-52823,32829,29044,-41689,-46153,1
6422,0,-33832,634,27662,-8815,-32669,1
6423,0,44619,731,-5476,43280,-10873,0
6424,0,47528,27177,9394,30962,45154,0
6425,0,44356,63538,30727,-58899,50353,1
6426,0,50189,-58209,-10506,15864,-65536,0
6427,0,7837,-21474,-8232,-1022,-22837,1
6428,0,-56759,-36521,60383,63966,21534,0
6429,0,48389,-16436,4082,50661,-6716,1
6430,0,-12845,-65020,-46844,-42748,50648,-1
6431,0,12857,50989,5279,-321,52584,-1
6432,0,-21896,16468,-12081,-9311,25767,1
6433,0,-15211,-24588,29105,21552,-19273,1
6434,0,44793,-31958,-64055,-46948,28698,-1
6435,0,-21200,-62928,-18715,-62407,-22688,0
6436,0,-7647,60418,46693,-42715,-43407,0
6437,0,9556,-41088,61651,-1782,42147,0
6438,0,-63587,-24407,51222,64659,-21407,1
6439,0,-45827,-28196,47452,51153,-16687,0
6440,0,-1964,-31332,-29626,-31272,-2759,0
6441,0,36660,-25845,-2515,33285,-30067,1
6442,0,-11393,-19405,37561,21490,-6673,-1
6443,0,50399,13304,-39179,-2564,-52062,-1
6444,0,52652,34722,-8886,62295,9860,1
6445,0,39780,42098,43948,-56509,12703,-1
6446,0,-2025,56164,51882,-32583,-45791,-1
6447,0,-57513,18235,27316,-32474,-50850,-1
6448,0,25306,3339,63819,-25495,-1249,-1
6449,0,-42720,39805,-61269,49914,-30298,0
6450,0,-11717,-30174,15465,11735,-30167,0
6451,0,57965,38045,20894,-808,65535,-1
6452,0,2624,-30658,52528,15773,26420,1
6453,0,-5444,-2488,22832,-285,-5979,0
6454,0,-10932,39388,-14145,16193,37533,-1
6455,0,-32135,-2455,-42645,12469,29719,0
6456,0,14937,24665,-37857,20327,-20452,0
6457,0,29304,-34820,-39314,-42165,-17126,-1
6458,0,-17641,-14296,10003,-9057,-20822,1
6459,0,-44472,25566,-54328,51291,799,-1
6460,0,58323,46998,7835,37015,65118,-1
6461,0,35195,50184,785,33284,51471,1
6462,0,52236,35313,16711,10991,62087,-1
6463,0,29558,-57708,8550,50108,-41148,-1
6464,0,26988,-30544,-27249,-22424,-34036,0
6465,0,-56820,-53486,14140,-10721,-65536,1
6466,0,-42936,37505,18451,-56222,-9447,0
6467,0,898,-30278,-2268,-2393,-30197,1
6468,0,-62231,-60804,60327,65535,43540,0
6469,0,30481,-33376,-21168,-12256,-43507,-1
6470,0,26269,55607,38402,-60600,10481,0
6471,0,16012,18129,958,15164,18845,1
6472,0,-42189,26774,27266,-36846,-33751,-1
6473,0,-53667,28165,15547,-58541,-15697,0
6474,0,49268,33148,-1489,51507,29549,1
6475,0,-6248,-39390,-4685,-14862,-37010,-1
6476,0,-55209,-60299,-61426,42340,65535,1
6477,0,-42928,-5492,-9903,-40691,14737,0
6478,0,33872,54502,-60002,-18396,-61477,0
6479,0,-15634,39808,-53171,35205,-24284,0
6480,0,6420,-42867,3595,13676,-41131,0
6481,0,-63297,33619,-53936,65535,4861,-1
6482,0,42540,2993,-18559,29110,-31164,1
6483,0,-39904,-51332,13289,-1545,-64999,0
6484,0,-18448,41994,22093,-45648,4477,-1
6485,0,-38046,-2758,-3293,-38007,3255,-1
6486,0,-42805,-36732,14809,-8526,-55757,0
6487,0,49967,64110,21338,-28695,65535,0
6488,0,-13814,-29876,-39488,-23965,22563,1
6489,0,-34184,41852,-59632,44511,-30642,0
6490,0,40115,54869,-56487,-13334,-65536,-1
6491,0,-48141,49037,-38372,60055,33401,-1
6492,0,28919,-26309,26607,33587,20009,0
6493,0,-11025,-13098,61565,13305,10775,1
6494,0,54040,-61262,-14192,3470,-65536,1
6495,0,-16189,15190,29860,-17292,-13922,-1
6496,0,3672,7428,54799,-6853,-4658,1
6497,0,-56885,45228,-63801,60443,-40349,1
6498,0,-49432,57575,-63683,54346,-52961,0
6499,0,59533,51725,59833,-65536,-33732,0
6500,0,-18363,57080,-27889,51272,31089,1
6501,0,-38759,-61331,50361,65535,20033,0
6502,0,-18220,37073,-29439,33706,23881,-1
6503,0,-27634,-14073,5916,-22592,-21244,0
6504,0,-55,-14451,-25601,-13625,-4815,1
6505,0,56511,-29625,-63499,-59130,23975,0
6506,0,-45706,47983,-54506,63670,-18372,-1
6507,0,58218,-19999,28068,32499,52279,0
6508,0,54577,19915,-51089,-29289,-50174,0
6509,0,-41599,1389,10500,-37111,-18847,1
6510,0,30497,-12268,-56347,-32817,-1908,-1
6511,0,-27703,25111,52254,7347,-36661,-1
6512,0,54259,-19726,-41069,-39211,-42375,1
6513,0,-47340,-14558,9294,-36445,-33538,0
6514,0,48970,49768,-19724,65535,-10572,-1
6515,0,11429,40580,10812,-10174,40913,0
6516,0,36834,39099,-22462,51890,-13892,1
6517,0,-54997,630,-63919,54880,3630,0
6518,0,-62201,-36399,12922,-29511,-65536,0
6519,0,5304,50691,9650,-17877,47730,-1
6520,0,46850,-35561,25707,49102,32381,1
6521,0,30747,-47473,29864,51282,23860,1
6522,0,64889,-3216,62564,-63775,12394,-1
6523,0,-28126,22614,-60468,32741,-15183,-1
6524,0,-64770,64255,21338,-65536,-21816,0
6525,0,-29525,-25997,-30285,-29319,26230,1
6526,0,57612,-20598,29212,30075,53282,1
6527,0,-44628,29217,65531,44621,-29229,0
6528,0,10179,-60823,65167,-9101,60994,0
6529,0,-46089,615,-7401,-43005,16586,-1
6530,0,-55245,11573,-24916,-9542,55632,1
6531,0,-20135,4377,-17368,-10312,17839,1
6532,0,61036,45948,-23810,65535,-36363,0
6533,0,46031,58303,-50277,4689,-65536,0
6534,0,38664,61738,46174,-65536,-6049,0
6535,0,20245,-36249,-42892,-41507,-997,0
6536,0,-53705,50810,-26687,33229,65535,-1
6537,0,22726,22613,61749,-26434,-18140,-1
6538,0,39146,48327,616,37702,49462,0
6539,0,-28820,55993,-52225,56503,-27807,0
6540,0,-62053,28306,-47836,62263,27843,0
6541,0,-27027,43624,36779,-37657,-34863,1
6542,0,22902,-159,-25385,7788,-21538,0
6543,0,53719,58971,-34538,54208,-58522,-1
6544,0,-42336,12182,28947,-19690,-39408,0
6545,0,9117,-44083,-14525,-21280,-39668,1
6546,0,-39557,-56136,-36308,-48652,48467,-1
6547,0,-53077,3203,-41059,23498,47700,0
6548,0,11930,-25989,56326,320,28595,1
6549,0,2472,4718,-27828,5166,-1296,1
6550,0,-54084,29012,-23341,2483,61324,0
6551,0,-52258,60239,2192,-58289,54425,0
6552,0,-46216,3169,-14957,-32756,32757,-1
6553,0,60479,-63732,35056,56726,65535,-1
6554,0,18317,21608,-57166,-8423,-27046,0
6555,0,-1156,-33549,-60006,-7673,32680,1
6556,0,28014,61305,-50880,18233,-64890,0
6557,0,59571,46696,59979,-65536,-29366,0
6558,0,48219,-34782,-46155,-56727,-17804,1
6559,0,59695,-40690,-4769,48922,-53159,-1
6560,0,38762,-54630,24076,65535,13339,-1
6561,0,34901,5180,36814,-11809,33249,0
6562,0,54069,-49139,-58968,-65536,29979,0
6563,0,19533,60807,-51924,21401,-60175,0
6564,0,-897,37625,-27865,36382,9635,0
6565,0,-9897,7789,-15055,-2284,12386,1
6566,0,-32295,7673,29609,-12457,-30768,0
6567,0,39048,-37091,39021,23908,48259,0
6568,0,-22366,-60627,-24430,-64552,-2987,1
6569,0,62800,37275,55503,-65536,-3995,0
6570,0,40474,49377,-43011,24456,-58976,1
6571,0,-22913,-40919,1945,-19004,-42875,0
6572,0,59923,-15349,34346,10775,60912,-1
6573,0,-14011,-20996,-53729,567,25235,0
6574,0,49907,46933,-61595,-40205,-55471,0
6575,0,-50313,54047,43589,-21991,-65536,-1
6576,0,-10373,8336,-21824,2019,13154,0
6577,0,-64646,9929,36080,417,-65403,0
6578,0,2116,-18182,51164,9924,15381,-1
6579,0,-3743,-42239,-41628,-36945,20814,-1
6580,0,-54414,-64440,22147,29746,-65536,0
6581,0,13572,3053,22705,3592,13439,0
6582,0,-41634,-57499,29161,49477,-50907,1
6583,0,5942,-2437,-53610,-6316,-1166,-1
6584,0,35656,50625,-37047,42300,-45221,0
6585,0,5676,54060,-45079,41757,-34800,0
6586,0,11124,-23634,-42050,-26121,131,-1
6587,0,52973,-60702,-13848,4320,-65536,1
6588,0,4867,-39939,-5782,-6247,-39746,-1
6589,0,-46829,5567,25468,-21287,-42081,1
6590,0,40143,21019,63065,-42345,-16130,-1
6591,0,-36808,-20712,50155,41173,-9414,0
6592,0,-49586,-63569,-50726,-3832,65535,-1
6593,0,48388,40732,-18920,61896,-13013,-1
6594,0,9532,65381,-53577,27456,-60097,-1
6595,0,3418,25416,63315,-6099,-24909,-1
6596,0,-36351,-19484,-30846,-22747,34404,0
6597,0,-58507,-2530,63140,58412,-4191,0
6598,0,-2757,43076,-11826,20805,37819,-1
6599,0,-6172,9791,35586,-8870,-7435,-1
6600,0,11409,-22475,45301,12090,22116,0
6601,0,52940,45383,59749,-63344,-29151,0
6602,0,29001,13513,-54259,-17911,-26512,0
6603,0,41965,48847,-42658,24301,-59637,0
6604,0,54406,2653,39755,-20392,50510,-1
6605,0,32909,-50084,-47467,-59474,7370,0
6606,0,63766,-34000,51134,-27513,65535,-1
6607,0,59815,-47648,-36783,-58210,-49596,0
6608,0,45109,20290,22118,4342,49271,1
6609,0,27319,27433,-57961,-15791,-35349,-1
6610,0,39383,-20460,-15476,15210,-41693,0
6611,0,50622,-18063,-29889,-10925,-52626,-1
6612,0,11660,43153,65044,-12673,-42866,-1
6613,0,43689,56034,-6724,59188,39311,-1
6614,0,-57892,-27315,-48961,21070,60446,0
6615,0,-28186,-23021,41752,32686,-16002,0
6616,0,-16760,-36696,-21887,-40167,-3752,1
6617,0,-16206,38245,-54024,33851,-24072,0
6618,0,17360,-58475,41555,46264,39754,-1
6619,0,46804,14698,-9489,48503,-7357,-1
6620,0,47063,-25532,-28877,-16363,-50981,1
6621,0,39254,-5051,15446,32385,22751,1
6622,0,-245,17045,-3643,2721,16828,0
6623,0,16760,-54830,11621,43216,-37678,0
6624,0,-12776,58669,-38853,59865,-4634,0
6625,0,-46070,16162,-20390,-12360,47232,1
6626,0,-22511,-48939,38550,53231,-8262,1
6627,0,13110,3391,19769,4897,12625,0
6628,0,-21051,-184,51839,16787,-12703,-1
6629,0,-213,-55179,-31380,-55071,-3455,0
6630,0,40836,64045,25190,-45353,60930,1
6631,0,-32440,-51707,-47743,-17611,58445,-1
6632,0,-23906,5374,-20367,-8936,22815,1
6633,0,-11045,-1131,30037,-321,-11098,1
6634,0,50405,-23991,46676,-12315,54448,1
6635,0,7615,1893,57873,-7787,968,0
6636,0,25168,-2024,-34786,-4446,-24855,1
6637,0,-6975,28483,13999,-23174,17969,0
6638,0,20949,35967,64418,-22845,-34793,0
6639,0,27548,-16938,-56546,-32105,3883,1
6640,0,23236,38129,12360,-2016,44606,0
6641,0,-58184,36402,41765,-8746,-65536,0
6642,0,32270,11398,12851,19752,27949,0
6643,0,-47247,8984,21028,-32808,-35165,1
6644,0,-31176,28489,-64127,33027,-26322,1
6645,0,14470,38215,-55950,3982,-40668,-1
6646,0,16035,-4523,-6169,14021,-8999,-1
6647,0,-31090,63371,-30365,59377,38169,0
6648,0,-58519,45498,-32461,44635,59180,1
6649,0,44707,-32102,944,46115,-30045,-1
6650,0,59413,-60417,-56576,-65536,30184,-1
6651,0,-39136,-16290,-52753,22648,35834,1
6652,0,-57253,-64209,37784,65535,-40317,1
6653,0,-6306,9152,-41306,10906,2143,0
6654,0,13120,-18772,24695,22335,5066,-1
6655,0,42950,36251,33565,-37865,41534,0
6656,0,28281,-9832,-18825,9810,-28289,0
6657,0,-34269,-25940,1880,-31797,-28917,1
6658,0,60862,24874,-40744,372,-65536,0
6659,0,61893,57949,-3684,65535,46174,0
6660,0,33014,17665,-28897,23452,-29190,1
6661,0,29048,50864,-52033,7499,-58092,0
6662,0,3638,-36157,44046,29129,21728,1
6663,0,-7654,-47925,39425,47907,7769,0
6664,0,-10134,23976,58006,1013,-26010,0
6665,0,-44234,63366,-45511,65535,-114,1
6666,0,-28125,-43262,-727,-29618,-42254,1
6667,0,63374,3623,-26570,22021,-59536,-1
6668,0,44248,-42222,43189,15870,59066,1
6669,0,7979,-14927,55548,-206,16924,-1
6670,0,11248,46380,-61527,-2180,-47675,-1
6671,0,-638,36204,28904,-35702,6042,1
6672,0,41309,5984,29995,-457,41738,0
6673,0,45801,-19362,-53588,-48985,-8548,1
6674,0,911,-41737,57005,15760,38658,0
6675,0,-53014,-29854,16499,-16056,-58685,1
6676,0,-50465,60066,20088,-65536,-7121,0
6677,0,55139,-44718,2614,60297,-37474,-1
6678,0,-55866,-41313,-58579,39263,57326,0
6679,0,57755,33509,25548,-11930,65535,0
6680,0,-24383,-4546,-4212,-24799,438,1
6681,0,4792,-63899,16931,49651,-40507,0
6682,0,56982,19127,-10564,59108,-10913,0
6683,0,-38164,56713,37952,-45586,-50939,1
6684,0,-45836,53470,46993,-12621,-65536,-1
6685,0,4802,62435,32642,-62405,5176,-1
6686,0,40579,32031,-52399,-13934,-49784,1
6687,0,55000,57593,-34913,51647,-60618,-1
6688,0,-57396,-25470,-37226,-12719,61492,0
6689,0,-23640,42521,-61441,31478,-37095,1
6690,0,11706,34798,-62803,-7062,-36029,1
6691,0,18226,-61295,-36611,-63596,-6693,-1
6692,0,-2408,-12152,52229,9171,8329,-1
6693,0,-30874,-46685,17738,14713,-54002,0
6694,0,-39012,15762,-31516,13392,39888,-1
6695,0,27922,35068,-21716,44371,-6374,1
6696,0,-56203,63282,-23184,31796,65535,-1
6697,0,-50277,61959,-65,-50087,62113,-1
6698,0,9737,12599,9712,3045,15629,0
6699,0,6112,44092,1688,2528,44442,0
6700,0,-26859,-36718,-54938,5606,45146,0
6701,0,-24539,-40658,-27708,-45363,14053,-1
6702,0,-45463,-15950,-9934,-47717,6664,-1
6703,0,-17178,38428,-14473,11365,40529,-1
6704,0,-58790,14957,33932,-11656,-59532,0
6705,0,-49826,28160,38006,-14900,-55259,1
6706,0,-2640,-61735,-42100,-54517,29086,0
6707,0,46896,39007,62824,-51557,-32599,0
6708,0,-19692,9169,-23492,-194,21721,0
6709,0,-29121,43297,52245,-2350,-52126,0
6710,0,-9873,-9819,-23220,-13171,4517,-1
6711,0,32883,-24257,-34969,-27584,-30147,-1
6712,0,689,-8272,-21915,-6835,-4710,1
6713,0,-40815,-11204,-3629,-42138,-3973,-1
6714,0,13374,57367,-57247,9867,-58073,0
6715,0,62396,35666,38875,-52156,49447,0
6716,0,-55686,51369,-40687,65535,32683,1
6717,0,62386,-63534,-58218,-65536,38222,-1
6718,0,5585,-3611,50042,-1672,6437,-1
6719,0,19668,-15241,-22676,-4345,-24500,1
6720,0,-28346,-16423,39019,24058,-22236,1
6721,0,6317,-48807,8896,25937,-41825,1
6722,0,4070,40899,-49922,24850,-32738,1
6723,0,18098,-42678,-59284,-29892,35432,-1
6724,0,-59168,44260,61348,49153,-55171,0
6725,0,52421,36585,16633,10445,63066,0
6726,0,-19591,48151,51981,-13536,-50191,1
6727,0,56127,-16322,-16775,27180,-51749,1
6728,0,-33312,-58149,-3421,-42360,-51929,1
6729,0,1693,-58027,30882,57943,-3555,1
6730,0,-30740,-64821,11114,6447,-65536,-1
6731,0,53012,17638,-55632,-39088,-39918,1
6732,0,42461,-32998,-3659,36052,-39900,-1
6733,0,-11216,64949,27245,-65536,6166,-1
6734,0,51363,-1733,-36406,-10619,-50283,0
6735,0,-45650,62722,-62704,53717,-55968,1
6736,0,57330,48514,21475,-12036,65535,0
6737,0,-64637,35053,59327,51514,-52468,0
6738,0,-64765,-65433,45919,65535,-13743,0
6739,0,44443,23792,19692,6798,49950,-1
6740,0,-21151,52545,20920,-55673,10434,0
6741,0,44819,-33787,54766,-22296,51509,1
6742,0,-49061,29989,18072,-54624,-17959,0
6743,0,-41850,49547,-61451,50689,-40460,1
6744,0,29211,-25443,-28935,-19676,-33369,-1
6745,0,47358,-8152,2125,47942,-3291,-1
6746,0,42333,-61293,-23467,-37043,-64628,-1
6747,0,-18264,-4443,-40585,2551,18623,1
6748,0,-7385,42956,-33763,43259,5327,0
6749,0,-31451,-40610,40814,49459,-13860,-1
6750,0,-45648,41860,-64182,48268,-38810,-1
6751,0,39998,46476,-6841,52835,31118,-1
6752,0,-63235,-2099,38112,18053,-60640,0
6753,0,10676,3589,1845,10317,4519,-1
6754,0,1599,-56689,62170,7529,56210,0
6755,0,-55433,-31801,61481,60533,20492,1
6756,0,-46351,-54775,-33335,-53493,47824,1
6757,0,-46004,54373,44698,-20825,-65536,1
6758,0,15958,34238,-2279,19596,32294,0
6759,0,-6219,-5378,5812,-4500,-6881,0
6760,0,54700,-54745,43106,22146,65535,0
6761,0,-34273,26973,46352,-680,-43609,0
6762,0,-26715,-56712,-51880,-13336,61255,1
6763,0,5301,40418,31746,-40110,7272,-1
6764,0,40163,-63157,31160,65535,35177,1
6765,0,-6171,34697,3165,-11344,33366,0
6766,0,-62551,-45190,-16757,-65536,13640,1
6767,0,43007,25854,-33143,25078,-43464,-1
6768,0,14531,-17971,1519,15801,-16865,-1
6769,0,64939,-11883,22589,40938,51792,-1
6770,0,-23307,5352,-46302,18346,15338,-1
6771,0,-43488,18022,38941,-4556,-46853,-1
6772,0,22364,27964,20421,-10730,34162,0
6773,0,4203,-3983,-31924,-3810,-4360,1
6774,0,-25387,-38984,-61961,18368,42742,1
6775,0,-51501,1062,16541,-36897,-35945,-1
6776,0,-33031,-7063,-22815,-21444,26098,-1
6777,0,31808,-46433,940,33867,-44954,0
6778,0,-31913,-31332,59782,39239,21457,-1
6779,0,-34484,-61171,41432,65535,-6873,1
6780,0,50155,-61328,-4623,35447,-65536,0
6781,0,56846,5349,-40108,-14568,-55207,-1
6782,0,16695,4945,-52678,-10764,-13686,-1
6783,0,-27392,-11324,-19341,-25496,15116,1
6784,0,-19518,58467,-19886,36369,49766,0
6785,0,-2020,-47836,42286,43832,19264,0
6786,0,28575,23530,-9995,36205,7708,-1
6787,0,32800,31963,-41860,15130,-43227,-1
6788,0,-21571,44027,57091,2489,-48964,-1
6789,0,-15887,-1548,5940,-14812,-5948,1
6790,0,54620,-9888,39446,-7802,54957,0
6791,0,-18367,33215,-58715,28061,-25557,1
6792,0,-46749,-63755,-35763,-56413,55387,-1
6793,0,-2011,-42636,-47447,-31208,29119,0
6794,0,59420,-58895,34774,52917,64801,0
6795,0,58313,34582,35374,-41582,53547,-1
6796,0,-3338,-27847,5443,3959,-27766,0
6797,0,-17202,7232,-49430,17370,6820,-1
6798,0,-20188,-62761,-61025,6251,65535,0
6799,0,-15468,-29159,-50552,-7543,32134,0
6800,0,-54747,42980,-9080,-31517,62058,1
6801,0,28308,-28156,-24797,-15571,-36765,1
6802,0,31580,28806,-52636,-9033,-41779,1
6803,0,-31445,-54167,65328,31986,53849,1
6804,0,58428,7514,-62970,-57064,-14628,0
6805,0,3492,-15204,50395,7480,13689,1
6806,0,-24079,13075,65509,24063,-13105,-1
6807,0,6150,-49470,-7794,-12333,-48301,1
6808,0,-53711,-41957,43780,63301,-25264,-1
6809,0,-33383,-15495,-60826,29067,22575,0
6810,0,54921,-54650,-2655,47539,-61181,1
6811,0,58693,-41100,-38628,-55761,-44997,0
6812,0,-21580,41710,-40061,46579,5987,0
6813,0,-20952,41343,43862,-25008,-39024,0
6814,0,58467,6063,-22503,32965,-48667,1
6815,0,-46454,58228,-46177,65535,2282,-1
6816,0,37077,-48944,28865,54987,27326,0
6817,0,6241,49128,42729,-46501,-17035,0
6818,0,51195,27439,-96,51322,27201,1
6819,0,-3595,11570,-2223,-2344,11887,0
6820,0,-10962,12769,31682,-13323,-10282,1
6821,0,2090,-35768,32812,35764,2165,0
6822,0,-59426,-21982,50039,58639,-24003,-1
6823,0,5285,3798,3777,4514,4688,-1
6824,0,25312,-24423,50408,-2746,35066,-1
6825,0,-61301,-61649,-29596,-65536,51255,0
6826,0,-50924,-25398,58368,56504,6755,1
6827,0,-41577,11542,41289,5921,-42741,0
6828,0,7537,1379,1234,7442,1822,-1
6829,0,37478,-12335,-59668,-39429,1446,0
6830,0,-45895,8476,37735,2588,-46599,0
6831,0,57318,63568,1334,53138,65535,0
6832,0,-33281,-23617,16304,-6990,-40206,1
6833,0,56827,-20344,-6525,47810,-36843,0
6834,0,-34298,-9819,-35472,-5303,35280,0
6835,0,-23225,347,18346,-15074,-17672,-1
6836,0,-53266,36367,23730,-55369,-33078,-1
6837,0,-10916,38857,41098,-31556,-25164,0
6838,0,-12251,-30530,-60279,4251,32621,0
6839,0,51732,61349,24912,-38024,65535,0
6840,0,57615,5011,-42541,-21544,-53670,0
6841,0,60860,38817,-47559,-10163,-65536,0
6842,0,-63956,28196,-44322,57622,39561,1
6843,0,29364,-5249,1595,29679,-2992,1
6844,0,-14183,57009,8094,-34701,47403,-1
6845,0,10476,51460,12301,-19910,48595,0
6846,0,-63000,62913,49702,2407,-65536,0
6847,0,41179,52968,57119,-58668,-32549,-1
6848,0,-48426,55339,-1266,-44982,58173,-1
6849,0,33047,-46728,16660,56533,-8923,-1
6850,0,62620,-64376,62018,-50925,65535,0
6851,0,31321,50601,35920,-54739,23348,0
6852,0,46245,10152,-47953,-23190,-41278,0
6853,0,-12805,-65284,47579,57856,32843,0
6854,0,-18531,-17612,37834,21552,-13752,0
6855,0,-1232,40633,-19025,31377,25847,1
6856,0,-51818,-65066,-52853,5366,65535,0
6857,0,-18999,38744,-17345,15829,40144,1
6858,0,10583,64101,33721,-64517,7647,1
6859,0,-14135,-9819,-17230,-16800,3737,1
6860,0,169,-49843,-41549,-45562,20211,-1
6861,0,-33420,60653,3472,-43008,54277,-1
6862,0,51313,7042,-9395,49261,-15999,1
6863,0,-62746,21986,30557,-28498,-60069,-1
6864,0,45928,-59567,20666,65535,5761,0
6865,0,-46371,13270,2522,-47633,7578,-1
6866,0,19215,61195,39986,-64085,-2675,1
6867,0,-12791,43982,-23684,34483,30149,1
6868,0,-33322,-34356,-32969,-34033,33652,0
6869,0,25643,49444,-8524,43176,35186,-1
6870,0,-39713,50251,41720,-29174,-57019,1
6871,0,-26842,59922,16388,-61357,23377,-1
6872,0,5977,-27114,-60193,-12652,24715,-1
6873,0,39250,31392,1106,37533,33426,1
6874,0,58858,-50293,15205,65535,1690,-1
6875,0,-10918,-28964,448,-10293,-29192,0
6876,0,21536,37537,-45210,18961,-38901,-1
6877,0,-54690,-47938,-60267,40972,60086,-1
6878,0,-61685,-1343,-57049,56118,25644,0
6879,0,22184,-63704,-36704,-65536,-9841,0
6880,0,-42691,56262,17166,-65536,6971,1
6881,0,21862,47127,-32200,47705,-20571,0
6882,0,879,9196,57642,-4215,-8220,1
6883,0,42559,37950,60995,-49751,-27862,1
6884,0,-61768,-43465,39817,61484,-43865,0
6885,0,-37645,49793,55484,10280,-61570,1
6886,0,1325,64628,16884,-45864,45552,1
6887,0,-59652,-13385,-5758,-61042,3380,1
6888,0,36170,10844,-51897,-22114,-30608,-1
6889,0,57829,35011,-58203,-42234,-52785,-1
6890,0,44523,-20979,29476,27715,40673,0
6891,0,26954,21934,56934,-33485,-9293,0
6892,0,59476,-59746,-15004,5380,-65536,1
6893,0,-2680,34772,57632,-10373,-33297,1
6894,0,-7970,-785,-53577,6270,4983,-1
6895,0,11608,32467,-35282,30837,-15426,-1
6896,0,21068,-55432,65254,-20314,55713,1
6897,0,-27455,-4041,-43866,10443,25711,-1
6898,0,39693,11805,5830,34897,22296,0
6899,0,-14051,-19215,18038,5504,-23159,0
6900,0,46141,-34233,30166,39708,41523,0
6901,0,-58538,27718,-8389,-43021,48416,-1
6902,0,-17387,-44304,99,-17175,-44387,-1
6903,0,202,-16521,-41976,-15024,6875,0
6904,0,36159,-15392,25957,26175,29314,-1
6905,0,27426,-59836,29375,63488,17372,1
6906,0,-9691,48799,-21078,36185,34146,0
6907,0,-59838,-30492,-29974,-38207,55232,1
6908,0,11761,2045,53968,-11076,4454,0
6909,0,-49409,17978,-62587,51449,-10839,1
6910,0,64245,-63844,-62938,-65536,55373,1
6911,0,-42373,61354,-53414,65535,-28021,-1
6912,0,2948,9342,-9116,6625,7216,0
6913,0,31037,-50215,26279,57305,14177,0
6914,0,28390,5390,-48600,-15625,-24308,0
6915,0,26445,-12739,-2431,24784,-15728,1
6916,0,-30351,-32649,-65420,30171,32816,1
6917,0,-4556,8515,19109,-9529,1571,-1
6918,0,-20738,-44084,31023,42198,-24347,-1
6919,0,13202,39725,-14339,35409,22330,-1
6920,0,-9939,29663,11519,-24022,20041,0
6921,0,7002,-62164,9333,33205,-53017,1
6922,0,-61304,52968,5767,-65536,34227,1
6923,0,64106,7789,-4698,64227,-6720,-1
6924,0,-40676,32615,39683,-17604,-49075,1
6925,0,-5506,-23491,-29021,-24097,1220,-1
6926,0,-60624,-13573,36141,23157,-57648,0
6927,0,-4547,-41948,31232,41500,-7619,-1
6928,0,-11969,47956,-43587,47583,-13377,0
6929,0,-3254,55849,6393,-19950,52265,0
6930,0,8435,-49862,-22488,-39939,-31020,0
6931,0,20796,49739,-44119,31789,-43542,0
6932,0,28076,-34736,-3665,21570,-39110,1
6933,0,-26465,-63314,43345,65535,7610,0
6934,0,63360,30279,-35171,22794,-65536,0
6935,0,24174,17555,10420,12812,26989,0
6936,0,-30115,49049,-58556,44553,-36438,0
6937,0,-44275,39083,52892,14121,-57344,1
6938,0,5823,61215,50825,-44115,-42838,1
6939,0,49502,20610,12761,28688,45302,-1
6940,0,-7247,50100,1537,-10917,49430,-1
6941,0,32943,-59721,62829,-24939,63481,0
6942,0,-54955,-18543,7096,-45621,-35813,1
6943,0,-50162,35669,65198,49577,-36479,1
6944,0,-27964,-49495,-23627,-56684,4319,-1
6945,0,58172,-37809,-43644,-61758,-31614,-1
6946,0,-14757,60225,-59341,31732,-53272,1
6947,0,42374,-51797,-22970,-27008,-61230,-1
6948,0,30801,59695,-49520,19297,-64342,1
6949,0,2493,-49350,-40172,-47141,14810,-1
6950,0,-39583,-52248,-64435,36774,54262,1
6951,0,-48499,-46589,56321,63762,21381,1
6952,0,-20313,-21858,18788,4512,-29496,1
6953,0,37127,-37239,-55439,-50191,15686,1
6954,0,10240,-22842,-29739,-21120,-13438,0
6955,0,44248,-16098,41733,-3804,46932,-1
6956,0,45328,-55845,-65435,-45601,55623,-1
6957,0,61673,15765,14500,37267,51607,0
6958,0,-31599,-46244,-14382,-53797,-15585,-1
6959,0,-18264,15369,-11976,-6990,22823,-1
6960,0,51262,227,-32383,1172,-51249,1
6961,0,2159,63525,-59738,15358,-61679,-1
6962,0,70,-56664,-28061,-55212,-12746,0
6963,0,22572,30729,58944,-31003,-22194,-1
6964,0,-63249,-10802,57777,62850,-12924,1
6965,0,17845,56956,-46292,34628,-48615,-1
6966,0,7956,-63946,52804,30129,56962,-1
6967,0,-26285,18864,-20257,738,32345,1
6968,0,-30608,-42090,-45246,-17543,48997,1
6969,0,-51867,58237,36293,-48681,-60925,-1
6970,0,22526,-54870,6445,38146,-45421,-1
6971,0,48954,-59999,-7459,24859,-65536,0
6972,0,-28694,22283,-57816,34810,-10398,1
6973,0,-32386,13869,31875,-15243,-31762,1
6974,0,49349,57343,19407,-16491,65535,-1
6975,0,-48720,55633,9215,-65536,29462,-1
6976,0,49699,-21524,-64697,-50525,19505,-1
6977,0,54191,42781,-39409,23666,-64860,1
6978,0,-14103,-44826,63289,18843,43049,1
6979,0,9987,49218,11317,-16860,47306,-1
6980,0,-47862,-20328,-11904,-51259,8746,0
6981,0,9942,-38679,-52542,-30639,25615,0
6982,0,-44030,14755,38595,-2043,-46391,0
6983,0,22409,61917,-35878,57900,-31360,1
6984,0,-4020,61950,-57904,25917,-56412,0
6985,0,-16586,-7192,8744,-12223,-13320,-1
6986,0,-23590,50678,31741,-51777,-21070,-1
6987,0,-64748,2626,-20762,-33037,55747,0
6988,0,-4806,52821,45286,-40880,-33793,1
6989,0,22793,45262,39962,-50303,6149,0
6990,0,-4114,-37996,-55484,-13965,35576,-1
6991,0,3285,39831,35631,-39906,-2193,1
6992,0,39744,51004,43336,-63882,10008,1
6993,0,49944,-62762,29297,65535,38862,-1
6994,0,42428,8968,-59082,-37683,-21460,0
6995,0,-11195,11069,-50806,15701,-1159,0
6996,0,45290,-33746,-22539,-8442,-55846,0
6997,0,-18480,-17425,65223,18740,17145,0
6998,0,62813,-5440,-59040,-61458,-14070,-1
6999,0,46774,31684,47814,-54680,14206,1
7000,0,-60657,-28453,-16199,-63210,22211,-1
7001,0,-4241,13244,45523,-8410,-11075,1
7002,0,-16431,51913,36057,-48689,-24379,0
7003,0,-59094,-35264,44221,60920,-32006,0
7004,0,-2747,-19784,-16016,-15716,-12327,-1
7005,0,-13265,4122,20330,-10860,-8661,1
7006,0,305,43711,28825,-42875,8514,1
7007,0,32854,56165,43938,-65067,-404,-1
7008,0,37699,-34185,59457,-26287,43575,0
7009,0,-58043,9362,-31822,6718,58408,-1
7010,0,29238,983,53551,-25078,15064,0
7011,0,19909,-64328,22036,65535,-14323,1
7012,0,36232,35703,63396,-39696,-31807,-1
7013,0,425,-10739,47484,7900,7287,-1
7014,0,53105,-22920,16798,53323,22409,-1
7015,0,3373,48997,-60972,7343,-48561,-1
7016,0,3203,25949,-27230,25881,3716,1
7017,0,37677,-35896,47174,3671,51909,-1
7018,0,58309,39821,-20191,65535,-25452,1
7019,0,-47924,7861,26474,-21746,-43424,-1
7020,0,3463,32182,-28039,32137,3861,-1
7021,0,-57221,-27408,-34153,-23551,58914,0
7022,0,64402,18523,-5244,65535,1920,1
7023,0,17053,-50634,61380,-6697,53007,-1
7024,0,32325,-50915,-44282,-60304,-827,0
7025,0,-8530,8644,-23096,3917,11495,1
7026,0,-25269,-46040,-50448,-11530,51238,-1
7027,0,-17725,-48235,-32531,-48433,17176,0
7028,0,-43876,-44814,-1478,-46936,-41598,-1
7029,0,-36742,-25100,-39933,-11258,43049,1
7030,0,31624,-58249,-2032,25810,-61048,0
7031,0,32028,209,-14453,24778,-20295,-1
7032,0,-42147,53687,-63879,46275,-50172,0
7033,0,-42884,14755,-12916,-26363,36902,-1
7034,0,-12180,34629,59335,1502,-36678,1
7035,0,42797,-59146,57095,-16054,65535,1
7036,0,32355,-2760,-9774,27623,-17072,-1
7037,0,-28311,-32684,-6020,-36443,-23274,1
7038,0,14095,51956,-6583,29525,45015,1
7039,0,-62820,28571,12705,-65536,-12507,-1
7040,0,-33610,-55784,49317,63085,16179,0
7041,0,15615,-32716,-35649,-34554,-10964,-1
7042,0,54661,-8325,43685,-20104,51507,1
7043,0,37854,-24733,-14629,12961,-43320,1
7044,0,22782,-65461,-34453,-65536,-17425,0
7045,0,6271,38785,15625,-21818,32674,-1
7046,0,22015,-59450,-61934,-31903,54783,0
7047,0,-32576,33580,40013,-20487,-42061,0
7048,0,64863,-11419,12655,59800,27598,0
7049,0,-15721,-54493,-50646,-23793,51483,0
7050,0,-10565,-22910,-6741,-17293,-18370,0
7051,0,-3365,-36216,37564,36030,4977,0
7052,0,10785,-13128,15189,16787,-2623,1
7053,0,-20362,23109,-12694,-3498,30601,-1
7054,0,4825,-18977,-10506,-4933,-18949,0
7055,0,12037,37027,-40736,29872,-24971,0
7056,0,828,-9755,8750,4729,-8572,0
7057,0,-29515,-63778,47340,65535,18412,0
7058,0,-37038,-62226,36393,65535,-25720,0
7059,0,-37699,63995,-45818,65535,-6912,0
7060,0,6449,-42054,5276,16765,-39103,1
7061,0,17917,50266,24865,-40077,35236,-1
7062,0,7510,-55216,30544,55702,1595,-1
7063,0,-53066,29695,-24898,8061,60273,1
7064,0,-34541,41974,-29212,35505,41162,-1
7065,0,-29846,-1642,20013,-15787,-25382,-1
7066,0,26288,52213,42787,-58452,-813,-1
7067,0,-40459,33396,-15668,-6781,52022,1
7068,0,-7373,-34323,28277,31956,-14535,0
7069,0,49424,-17095,33866,14473,50255,1
7070,0,-37048,-35415,21501,11322,-49986,0
7071,0,-35685,-25244,26583,13719,-41503,-1
7072,0,39156,-11415,-44479,-30508,-27070,-1
7073,0,-16863,13151,42087,-4575,-20890,-1
7074,0,-36649,-8485,-56125,29282,23615,0
7075,0,-15993,-18583,34122,19582,-14754,-1
7076,0,2806,50945,50105,-36412,-35742,-1
7077,0,-15785,-64488,-6590,-35042,-56391,1
7078,0,17072,-50632,57774,2504,53374,0
7079,0,39136,36044,12397,12243,51778,-1
7080,0,-32676,-3679,-62381,31749,8559,1
7081,0,-64091,3040,-56407,59340,24408,0
7082,0,-5336,-5713,50971,7760,946,-1
7083,0,20121,2268,-1903,20244,427,-1
7084,0,29385,45611,38129,-51582,16825,-1
7085,0,54356,46139,-21879,65535,-24116,1
7086,0,2093,10707,38591,-10869,-938,1
7087,0,49669,-58801,-39969,-65536,-26839,1
7088,0,35797,27234,-16291,44597,-5854,-1
7089,0,28501,27690,-17098,39690,-1934,1
7090,0,39764,56698,55800,-61021,-32746,-1
7091,0,63734,50687,4824,50419,63946,0
7092,0,61039,16043,21614,17296,60696,-1
7093,0,-58794,18865,39868,1844,-61719,0
7094,0,20721,29830,-52329,944,-36308,0
7095,0,-19205,-24059,3839,-14478,-27168,0
7096,0,-629,44294,-3349,6457,43825,-1
7097,0,61041,-33422,60636,-51585,46713,1
7098,0,63249,-4098,-53656,-55475,-30655,-1
7099,0,-20218,47965,-52579,44356,-27239,-1
7100,0,-27284,9706,26534,-17309,-23217,1
7101,0,-19946,14523,-53017,24662,-720,-1
7102,0,-48098,24554,8276,-53850,4062,0
7103,0,47100,-32867,-53848,-57365,2813,0
7104,0,61395,1267,-35046,-5434,-61167,1
7105,0,61013,42277,-33649,39664,-62744,0
7106,0,17126,65486,14966,-30150,60603,0
7107,0,-37670,20141,59496,30350,-30059,1
7108,0,39048,-8717,-47465,-31932,-24106,-1
7109,0,52227,2574,14681,38153,35759,0
7110,0,33425,23762,-42210,6752,-40451,0
7111,0,53215,8269,-51978,-37361,-38786,-1
7112,0,-64433,-59861,-63732,59018,65206,-1
7113,0,-65047,21850,-4866,-58236,36292,-1
7114,0,32279,-17519,51643,-14559,33718,-1
7115,0,-48527,-42434,48368,64112,-6721,0
7116,0,4847,-32670,20477,29855,-14124,0
7117,0,47085,-31793,38558,17677,53994,1
7118,0,-25206,51202,36652,-45649,-34251,-1
7119,0,48740,-61040,59210,-28287,65535,0
7120,0,-23455,-35853,-27259,-40733,13283,0
7121,0,-17671,64644,-4631,-3005,65535,0
7122,0,38867,53136,-41276,33362,-56754,0
7123,0,32600,-35092,24717,44783,16990,1
7124,0,863,-30459,-53724,-17068,25242,0
7125,0,-64336,-15853,43890,46352,-47349,0
7126,0,-22127,48851,65032,20940,-49371,0
7127,0,-39700,57495,-166,-39242,57809,0
7128,0,57821,-27680,60737,-49986,40136,0
7129,0,28910,20315,45824,-33399,11532,1
7130,0,-11322,50185,49436,-26884,-43863,-1
7131,0,64686,-64047,-13009,15109,-65536,0
7132,0,51030,36776,63806,-53903,-32419,1
7133,0,3498,54944,-43644,45903,-30397,-1
7134,0,-14411,44313,10573,-34109,31748,1
7135,0,14008,-4301,-35335,-5988,-13374,-1
7136,0,-12767,-43289,55024,32082,31745,0
7137,0,-11470,3451,21396,-8898,-8018,0
7138,0,26626,-17455,59854,-20948,23975,0
7139,0,-58250,-6356,-44229,24996,52997,0
7140,0,18577,-25406,16885,31208,-4080,0
7141,0,40408,30945,-1012,41860,28952,-1
7142,0,-3800,-45015,-24526,-43009,-13821,-1
7143,0,-62476,45757,10688,-65536,9249,-1
7144,0,27545,-60268,-12668,-11769,-65211,0
7145,0,-30136,-53437,-32473,-53859,29376,-1
7146,0,-42980,-5639,6491,-39189,-18529,-1
7147,0,-47332,27393,-48369,52272,16074,-1
7148,0,-31636,38491,-61856,37898,-32344,1
7149,0,-58183,-63575,37489,65535,-42438,1
7150,0,-9315,-48793,61268,19037,45882,1
7151,0,43928,-849,-17623,28528,-33415,0
7152,0,54762,23449,36566,-32978,49610,-1
7153,0,-30757,22940,-18604,-1464,38342,-1
7154,0,-36152,3097,63053,35529,-7367,-1
7155,0,-62927,57973,29933,-65536,-54496,-1
7156,0,56988,-27449,56675,-40610,48497,1
7157,0,61532,53036,-62816,-54116,-60584,1
7158,0,-46920,-3320,29597,-3826,-46882,1
7159,0,-35567,25497,37945,-15982,-40739,1
7160,0,-63137,2949,52085,48687,-40306,1
7161,0,-34296,-49598,19386,19213,-57158,1
7162,0,45107,-42932,-806,43413,-44645,1
7163,0,-14051,-35225,-24507,-37919,-624,0
7164,0,-56321,-12252,27400,-2481,-57585,-1
7165,0,56262,-56342,2840,63386,-48188,1
7166,0,-37968,43588,-25113,27064,51079,0
7167,0,-22132,65430,34092,-63895,-26237,0
7168,0,-57850,54340,24003,-65536,-30652,0
7169,0,59748,63492,-46732,12719,-65536,-1
7170,0,31436,-15680,47686,-8774,34016,0
7171,0,27115,58776,12472,-10671,63843,0
7172,0,20004,-46970,-16865,-20155,-46906,0
7173,0,63712,23171,-12833,65404,-17846,0
7174,0,-36760,-46226,41414,57115,-15034,1
7175,0,-44693,-51891,-17411,-65536,-1719,1
7176,0,32036,24429,-28051,30990,-25743,0
7177,0,45951,37725,7090,30747,50886,0
7178,0,-60800,-3515,-27509,-18572,58001,-1
7179,0,64398,44467,54417,-65536,-5573,1
7180,0,52694,28774,-31862,31036,-51395,-1
7181,0,16905,25392,-38594,19750,-23249,-1
7182,0,-38921,17186,32197,-18243,-38437,-1
7183,0,-56471,-54255,46257,65535,-12379,-1
7184,0,-1027,33840,61126,-6095,-33302,-1
7185,0,33060,-10230,55282,-24317,24623,0
7186,0,-48841,-47714,-22775,-64854,21354,1
7187,0,-13820,1058,50198,9540,-10055,0
7188,0,10655,64241,34426,-64884,5523,1
7189,0,-49066,46491,814,-50844,44540,-1
7190,0,2003,49484,7679,-15936,46891,1
7191,0,58988,-17534,-5278,52722,-31741,0
7192,0,43475,17497,34122,-20281,42248,-1
7193,0,-54540,-18839,-44286,12564,56318,-1
7194,0,20753,23356,-41853,12420,-28669,1
7195,0,44161,-17114,-47864,-42066,-21762,0
7196,0,20546,21700,22135,-8916,28522,0
7197,0,-9954,-55754,-50573,-29150,48558,-1
7198,0,-58715,54687,-38119,65535,42918,1
7199,0,8588,37440,-53023,14045,-35752,1
7200,0,31105,-4838,-8744,26443,-17080,1
7201,0,22004,-55540,-24543,-42826,-41651,0
7202,0,-53193,51101,27079,-63541,-37461,1
7203,0,-45143,-52387,46999,65535,-2011,0
7204,0,37155,38765,57440,-49061,-21823,-1
7205,0,-30326,-50707,-40082,-37206,45897,0
7206,0,-56189,-61963,-3325,-65311,-52260,0
7207,0,-41040,43285,57799,22562,-55216,0
7208,0,44945,21345,-27457,31976,-38121,0
7209,0,15181,16978,32901,-17074,15073,0
7210,0,12108,-35572,-32172,-35212,-13119,0
7211,0,-37083,-24457,11272,-19218,-40050,0
7212,0,-41067,-43234,17876,5786,-59348,1
7213,0,10330,8923,-48784,-754,-13629,-1
7214,0,-41145,-13416,30702,9284,-42269,-1
7215,0,27887,-51466,-49345,-55954,17192,0
7216,0,-24333,-44834,13186,6860,-50548,-1
7217,0,45915,-43431,40308,24386,58308,-1
7218,0,-9558,-5885,-18433,-10612,3655,0
7219,0,-37373,-15685,43035,31484,-25526,0
7220,0,29037,-18411,-11112,15664,-30606,0
7221,0,33946,-17176,-47373,-35007,-14895,0
7222,0,-40676,51757,53524,5930,-65536,1
7223,0,10571,23473,-12426,21920,13500,0
7224,0,25944,-35667,-55916,-39105,20396,0
7225,0,39344,11805,42712,-28541,29542,0
7226,0,-10893,47566,-14956,23044,43014,0
7227,0,-6262,28526,18978,-26361,12571,0
7228,0,-51617,-15856,-1985,-52890,-10878,1
7229,0,-45154,33131,-16826,-7325,55524,1
7230,0,39749,-39099,34460,35748,42788,-1
7231,0,-46351,57028,-57687,64063,-36009,0
7232,0,30628,8331,-27579,15614,-27635,0
7233,0,32003,23115,21941,-4197,39254,0
7234,0,26739,14947,-53898,-14770,-26837,-1
7235,0,-25252,28309,18018,-37926,-809,0
7236,0,22428,-3577,-52442,-20254,-10275,1
7237,0,61793,14780,-24157,38330,-50672,-1
7238,0,-2399,-40204,-23503,-37334,-15111,-1
7239,0,50969,15290,40552,-32820,41887,-1
7240,0,1417,-10403,24118,10092,-2894,0
7241,0,12413,45645,31022,-44447,16187,0
7242,0,65355,-33183,-52751,-65536,-10450,0
7243,0,-14190,38389,52249,-11422,-39302,-1
7244,0,-27226,37437,-45645,46287,533,0
7245,0,50537,-60559,-47511,-65536,889,-1
7246,0,26539,12786,-53160,-14857,-25438,1
7247,0,-46363,2147,4289,-45825,-7365,-1
7248,0,-48190,24362,-37582,34739,41340,0
7249,0,-35361,63950,-21564,36855,63101,0
7250,0,-45927,36921,55112,22618,-54414,1
7251,0,11257,-17752,-24860,-12326,-17027,1
7252,0,-60853,18394,45296,19212,-60600,0
7253,0,21845,-661,-51702,-17622,-12927,0
7254,0,-54986,38846,-39480,54243,39877,1
7255,0,-25912,-55102,7864,-3809,-60772,0
7256,0,-16622,-12951,-47049,479,21066,1
7257,0,20372,49077,-24210,53130,894,-1
7258,0,-7309,-20370,-38098,-17861,12221,1
7259,0,54114,40192,41289,-58379,33699,0
7260,0,-61579,-40583,64117,64194,36306,-1
7261,0,-686,-11612,-50211,-7275,9076,0
7262,0,-20912,17154,6997,-25394,9313,-1
7263,0,49889,-39596,-25959,-21507,-59952,-1
7264,0,-4991,41857,-17252,27423,32014,0
7265,0,-50705,13830,46307,19627,-48755,1
7266,0,-8243,-60489,-8995,-32768,-51509,-1
7267,0,-24173,-7562,-26988,-13885,21183,1
7268,0,23404,-26023,-23798,-13896,-32122,-1
7269,0,17087,52645,-16986,50014,23707,1
7270,0,55115,23187,-23146,45295,-39034,-1
7271,0,-65125,-42256,-32097,-44332,63730,-1
7272,0,-24855,-30604,22339,14942,-36484,1
7273,0,-54723,60923,30247,-65536,-46980,0
7274,0,-19693,50951,62367,11754,-53345,1
7275,0,3816,63614,10076,-26166,58109,0
7276,0,-23133,-13700,5273,-18972,-19050,0
7277,0,-19035,60998,65508,18952,-61024,0
7278,0,-33063,-33210,8778,-16614,-43818,0
7279,0,59158,2436,-57890,-54357,-23472,1
7280,0,-6796,57105,-40711,55541,-14912,-1
7281,0,-8475,29603,-7183,2017,30726,1
7282,0,-22288,-50730,24044,37306,-40970,0
7283,0,11810,4106,64532,-11994,-3534,-1
7284,0,-65142,-14226,-59099,57747,33335,1
7285,0,25044,7608,-57153,-20073,-16797,0
7286,0,-28917,35448,28900,-40171,-21887,-1
7287,0,47381,38728,34954,-43474,43068,-1
7288,0,19359,-43776,44949,25849,40286,0
7289,0,41578,-15939,60040,-35992,26218,1
7290,0,42786,838,-40186,-14111,-40401,0
7291,0,-30157,58706,42018,-40088,-52429,-1
7292,0,16079,-49281,-3978,6450,-51435,-1
7293,0,-8494,-42045,65500,8566,42030,0
7294,0,18242,15636,28951,-12056,20782,-1
7295,0,54810,-52363,7549,65535,-29570,1
7296,0,-1987,53426,-34950,53342,-3602,0
7297,0,30077,12887,-8878,32715,-678,-1
7298,0,-10490,58831,-16758,35056,48397,0
7299,0,-35462,-6683,-47552,18005,31273,-1
7300,0,-24758,-11527,61825,26407,6963,1
7301,0,11559,-48631,58271,5732,49656,1
7302,0,-34087,57602,7878,-52927,40971,-1
7303,0,36660,-7257,21993,24417,28293,1
7304,0,55545,-39602,63688,-51822,44362,0
7305,0,54828,45830,52428,-65536,-4846,0
7306,0,33784,10287,43544,-25631,24296,0
7307,0,-27883,23759,14378,-36628,603,-1
7308,0,37970,6893,-4331,38576,-1081,-1
7309,0,-55133,-30312,-51794,25042,57718,0
7310,0,62941,-39043,-29050,-27269,-65536,1
7311,0,-57511,11541,-33386,13241,57144,1
7312,0,-28343,46880,-46713,54357,-6815,1
7313,0,6853,61390,-16717,48865,37788,0
7314,0,29847,41768,-43711,21201,-46754,1
7315,0,28696,26897,54749,-38241,-9196,-1
7316,0,-34333,-47482,56787,50694,29384,1
7317,0,11039,20168,34585,-21052,9242,-1
7318,0,11882,-11187,64128,-11101,11963,0
7319,0,-62289,47253,-7079,-43006,65294,1
7320,0,-12314,-6052,-45408,2038,13569,0
7321,0,11035,21527,-7774,18116,16031,1
7322,0,54575,13984,-57248,-44912,-34013,-1
7323,0,-9580,6676,63914,9033,-7400,0
7324,0,-8958,17391,11791,-16880,9887,-1
7325,0,26500,13030,-5090,28863,6243,-1
7326,0,12204,-35193,-28060,-31570,-19769,1
7327,0,31349,-7058,-37839,-14397,-28728,0
7328,0,52477,-55565,-15731,213,-65536,-1
7329,0,56985,33740,-33580,31496,-58255,0
7330,0,-23799,-890,-11595,-20686,11802,1
7331,0,-41410,-32466,51496,52618,-427,0
7332,0,31102,-34422,-29170,-28575,-36547,1
7333,0,26639,38124,-38503,29460,-35989,1
7334,0,-14973,12826,34972,-11175,-16243,-1
7335,0,57723,-7830,-25948,11121,-57180,0
7336,0,-47557,32347,-59217,55041,-16689,0
7337,0,60693,64569,-37455,49424,-65536,0
7338,0,-15055,-58947,-26395,-60746,-3370,1
7339,0,-15733,49898,-45583,49844,-15905,0
7340,0,55027,14858,51561,-52359,22524,1
7341,0,-46737,-50392,-46522,-11198,65535,1
7342,0,-60932,43252,-59541,65535,-24206,0
7343,0,-23353,-19942,36648,23917,-19262,0
7344,0,45810,38485,65425,-46012,-38243,-1
7345,0,-1143,54625,-28262,53111,12825,0
7346,0,-49316,55230,15227,-65536,8277,1
7347,0,24024,-32114,-22758,-17397,-36136,0
7348,0,50535,36453,-59601,-38273,-49171,1
7349,0,21459,32445,27590,-26178,28773,0
7350,0,61318,31436,-7076,65535,9238,1
7351,0,-23747,-22945,-44367,-6956,32280,-1
7352,0,28210,40483,-17224,48883,6717,0
7353,0,36982,-38618,-37078,-45383,-28273,0
7354,0,-14576,16689,19703,-22065,-2027,0
7355,0,-52173,-24205,-53453,30416,48814,1
7356,0,30216,63625,13792,-15221,65535,-1
7357,0,-25231,54936,-47003,58545,-15066,1
7358,0,50361,-33199,-3938,43235,-42061,1
7359,0,-20935,-15559,-14738,-26025,1755,-1
7360,0,-52534,-7347,-24793,-26416,46000,-1
7361,0,-64008,43934,-6139,-48516,60609,-1
7362,0,27015,-17691,-63174,-28841,14524,-1
7363,0,50621,28262,42279,-47663,33007,0
7364,0,-29503,50627,23089,-58478,-3728,0
7365,0,53576,32778,-26304,47554,-41030,0
7366,0,9908,34841,-65390,-9665,-34909,1
7367,0,15744,27956,-64465,-14287,-28728,-1
7368,0,55874,11681,-5702,56953,-3837,1
7369,0,15850,57614,43882,-57679,-15612,-1
7370,0,-19520,6791,30612,-8769,-18715,1
7371,0,62672,18848,-39044,-569,-65442,-1
7372,0,-21933,18687,-60987,25457,-13499,0
7373,0,9923,29893,47959,-28916,-12488,1
7374,0,-21291,-61943,28601,56485,-33161,1
7375,0,-36451,49744,37824,-39541,-47325,0
7376,0,-11611,-10552,-53934,4291,15091,1
7377,0,-22486,-37710,-3702,-28790,-33149,0
7378,0,42054,9620,-55179,-32395,-28489,1
7379,0,6924,-56922,-19885,-42396,-38609,-1
7380,0,65374,9796,-9892,62633,-21138,1
7381,0,34344,49069,32480,-48590,35018,0
7382,0,47542,43484,-13357,64104,6466,0
7383,0,1623,-15364,-52556,-10274,11538,-1
7384,0,-35414,65148,-64280,39268,-62901,1
7385,0,11625,47378,-57098,7961,-48129,-1
7386,0,52082,-62884,-56204,-65536,34165,0
7387,0,-46884,-29623,-8408,-54746,-8859,0
7388,0,38201,12697,56350,-39969,4796,-1
7389,0,-10716,54764,-7057,8066,55217,0
7390,0,-36301,-48020,41315,58506,-14171,1
7391,0,-9586,-16778,-49235,-5011,18662,1
7392,0,2887,3027,21720,-1154,4021,0
7393,0,54543,-46881,56016,-28299,65535,1
7394,0,-56853,-28988,52974,63272,-8319,1
7395,0,-24299,20182,-61400,27799,-14999,-1
7396,0,-45398,-11795,-4017,-46816,-2888,1
7397,0,14620,-15252,5851,18270,-10609,1
7398,0,45705,2325,43682,-24849,38430,1
7399,0,-14569,-46468,-36092,-43567,21760,1
7400,0,-33889,-56183,56038,55143,35557,0
7401,0,-57433,-55900,-48799,-275,65535,-1
7402,0,-36894,22098,-6385,-28521,32188,0
7403,0,-18343,13945,31369,-15142,-17368,-1
7404,0,-6091,14623,3443,-8410,13424,1
7405,0,-32567,53781,54748,1717,-62850,1
7406,0,-62747,-37366,55506,65535,4109,0
7407,0,1752,12619,-15797,9941,7968,-1
7408,0,-51176,51291,-8376,-27062,65535,-1
7409,0,35267,-30076,-57353,-44085,14312,1
7410,0,6992,-3309,62855,-6510,4178,0
7411,0,-338,42431,31896,-42408,1433,-1
7412,0,5823,-27101,-12851,-10907,-25484,0
7413,0,-62201,55644,1881,-65536,49815,-1
7414,0,32187,31938,260,31786,32337,0
7415,0,-35643,-32172,-61548,28883,38357,1
7416,0,52390,-1552,-16605,35542,-38522,0
7417,0,-65300,28556,20380,-60205,-38143,0
7418,0,-61923,27373,48328,21917,-64058,0
7419,0,-58533,59166,-44188,65535,19182,0
7420,0,-60973,-13882,-16997,-51929,34840,0
7421,0,-33391,-24164,24274,8963,-40231,1
7422,0,33596,-41736,52502,-2835,53503,0
7423,0,35555,36514,-28006,43612,-26372,1
7424,0,-5164,11949,37987,-10299,-7962,0
7425,0,11255,63530,-48949,37478,-52518,0
7426,0,29280,-5789,-55643,-28693,-8220,0
7427,0,61672,-31930,17011,65526,23008,1
7428,0,-28973,60197,-15676,19929,63765,1
7429,0,55089,-19661,10357,57804,8951,1
7430,0,26618,50222,-46577,23256,-51865,-1
7431,0,-50625,20012,4500,-53736,8709,-1
7432,0,-7834,25186,-59761,14418,-22087,1
7433,0,-15706,8629,52673,7823,-16123,1
7434,0,27234,-50868,13019,51826,-25365,0
7435,0,60486,-54584,-58493,-65536,31464,-1
7436,0,60923,-33037,65062,-60157,34411,0
7437,0,43374,13128,-514,43685,12055,0
7438,0,-1052,15464,-55260,8241,-13128,-1
7439,0,-57634,-65400,-50023,-1859,65535,-1
7440,0,39476,29114,21781,-5325,48761,0
7441,0,50840,-32076,-46731,-56700,-19967,0
7442,0,-56545,2772,-48019,39819,40243,1
7443,0,51982,-60903,18012,65535,-62,-1
7444,0,-25210,25686,31588,-27069,-23719,-1
7445,0,39725,53359,26615,-39506,53521,0
7446,0,-26524,-40845,-31984,-41813,24970,0
7447,0,-48732,289,-39485,15698,46135,1
7448,0,50460,-8037,-25505,9661,-50175,0
7449,0,-61079,51697,3615,-65536,40390,0
7450,0,24069,-48483,43234,30934,44419,0
7451,0,45560,-32123,8349,54476,-11831,-1
7452,0,-46500,53894,39295,-36963,-60832,-1
7453,0,-44008,19184,-56304,47984,1513,-1
7454,0,45776,-2140,9766,41817,18745,1
7455,0,24163,54243,-28796,57836,-13461,0
7456,0,-44788,-34669,17033,-5404,-56380,0
7457,0,34827,-20414,13327,40131,4378,0
7458,0,63752,-21791,22682,48930,46314,0
7459,0,-51266,44362,-59032,62404,-26495,-1
7460,0,60958,-5781,39928,-15074,59347,-1
7461,0,-29804,57664,-18482,25808,59560,-1
7462,0,-11974,-49093,41311,49801,8565,-1
7463,0,-33885,-43053,-29398,-47944,26517,-1
7464,0,-30545,-20301,-33374,-19405,31122,0
7465,0,136,55462,8607,-22115,50862,0
7466,0,61361,-33466,2821,65313,-24887,0
7467,0,-11689,-1161,-59093,10783,4659,-1
7468,0,47295,-44163,-48954,-64647,-2829,0
7469,0,-6808,62027,-39301,61108,-12631,0
7470,0,-59598,46426,40735,-20866,-65536,-1
7471,0,46616,-33698,-30655,-28811,-49785,0
7472,0,10338,-46794,15073,38700,-28264,0
7473,0,-57008,-33365,23229,4769,-65536,0
7474,0,-6845,29500,58465,-3355,-30097,1
7475,0,60760,45613,56883,-65536,-17259,0
7476,0,40864,55941,-2636,47587,50347,-1
7477,0,-49735,45233,-64259,52412,-42103,-1
7478,0,-52933,-4658,52672,45878,-26811,0
7479,0,10465,-30527,51156,11342,30212,1
7480,0,64915,-29419,-44348,-59215,-39661,1
7481,0,28928,18032,39544,-26322,21660,-1
7482,0,53010,-47832,60703,-40614,58724,-1
7483,0,-23042,13022,-43081,22396,14105,0
7484,0,-38548,-42339,46276,57021,-5206,0
7485,0,-47026,-47980,-38207,-34238,57804,-1
7486,0,13433,41362,58171,-26906,-34167,0
7487,0,-16683,-22750,-53599,1706,28160,0
7488,0,1807,16669,7503,-4175,16239,1
7489,0,21143,-58100,-41259,-61724,3583,-1
7490,0,-56382,7846,39196,9624,-56106,0
7491,0,-46107,-5664,32042,4057,-46276,0
7492,0,22292,-12793,44585,-1169,25675,0
7493,0,15781,9082,42620,-15267,9922,0
7494,0,52443,-36114,43727,4943,63483,0
7495,0,27271,32018,7278,14682,39412,0
7496,0,-34037,-50189,-19353,-60575,-2861,-1
7497,0,48744,60220,49550,-65536,-9579,1
7498,0,-16743,-57551,19349,36007,-47916,-1
7499,0,57782,18431,16642,27160,54229,1
7500,0,-61700,-63522,51223,65535,10061,-1
7501,0,34016,61760,35133,-65212,26810,0
7502,0,25749,-10820,43325,-3018,27767,0
7503,0,30572,-45499,15039,53000,-13996,-1
7504,0,18095,-60441,-57747,-38898,49674,-1
7505,0,-40720,6029,-19568,-19218,36402,1
7506,0,11671,64188,14818,-33010,56273,-1
7507,0,34682,31412,36856,-37565,27900,-1
7508,0,31958,-15318,-39024,-24074,-26008,-1
7509,0,27432,49876,-25825,56101,-9634,1
7510,0,24634,18005,17169,3548,30306,-1
7511,0,59142,7936,-23144,33431,-49428,1
7512,0,21137,-20923,32031,21655,20386,-1
7513,0,-36614,-40901,-1401,-39275,-38353,-1
7514,0,5162,26703,-37575,24818,-11124,0
7515,0,18605,59749,-14344,52298,34367,-1
7516,0,14311,-16087,-64861,-14824,15616,0
7517,0,17346,-25150,-9235,4899,-30156,1
7518,0,-9467,-55195,62129,18314,52922,-1
7519,0,28735,32832,4003,21947,37709,1
7520,0,31945,20655,35529,-24689,28941,1
7521,0,-5474,64964,23834,-61371,21997,-1
7522,0,-50563,-47479,-39502,-28988,63012,-1
7523,0,-46382,28939,-49976,53706,10220,0
7524,0,38449,-34308,-34123,-36731,-36142,0
7525,0,-51637,-36409,-39435,-18340,60462,1
7526,0,20529,-12491,-29448,-9080,-22249,0
7527,0,49696,19042,45286,-43778,30262,1
7528,0,14831,-26907,-1961,12241,-28180,-1
7529,0,-12857,-7678,23180,1179,-14929,-1
7530,0,8368,-53648,-49731,-42949,33220,-1
7531,0,15712,-58137,-1433,11683,-59079,1
7532,0,-11398,46816,-35906,47996,4251,1
7533,0,22578,53043,11287,-7969,57095,-1
7534,0,-24185,21033,-61141,28048,-15511,1
7535,0,-16633,11534,52779,6997,-18993,0
7536,0,46903,25805,-6873,52730,9241,0
7537,0,2762,-627,-63426,-2811,345,-1
7538,0,1306,-12083,61064,1295,12084,1
7539,0,53260,25164,-27225,38265,-44784,1
7540,0,-50380,45692,14669,-65536,2277,1
7541,0,-11636,64557,-37410,65533,-2895,-1
7542,0,44081,47597,-56050,-18698,-62121,1
7543,0,36002,28604,49784,-45821,3847,1
7544,0,-37606,52419,56892,13323,-63123,-1
7545,0,11825,-6976,43490,261,13727,0
7546,0,52809,-31184,-23041,-4113,-61191,0
7547,0,-54839,52981,10103,-65536,21352,-1
7548,0,-46297,26685,-53454,53352,3007,0
7549,0,-33238,-45975,43819,56469,-5450,0
7550,0,2692,-1952,-21408,-275,-3314,1
7551,0,27467,-1448,-53663,-23917,-13583,0
7552,0,-64471,30933,7096,-65536,7654,1
7553,0,43182,-52592,18945,65535,1688,0
7554,0,29201,7803,15458,16277,25468,0
7555,0,-46707,-60441,60455,59906,47391,1
7556,0,61049,24963,-6096,65535,6322,-1
7557,0,-42104,-56867,5641,-25382,-65536,0
7558,0,59877,9364,44328,-39472,45989,0
7559,0,-55599,44144,-65084,56545,-42926,-1
7560,0,13135,53683,-34785,52165,-18255,-1
7561,0,25998,6959,618,25780,7727,-1
7562,0,1538,-9820,19854,8890,-4446,1
7563,0,50840,-15037,-30004,-8186,-52382,-1
7564,0,21991,58248,19011,-32560,53069,0
7565,0,19839,43973,-39930,34730,-33482,-1
7566,0,-2438,-19054,35021,19206,-369,0
7567,0,23650,-39755,57530,-7044,45718,0
7568,0,-46269,3312,-39900,18635,42480,1
7569,0,20955,53945,19606,-31199,48742,-1
7570,0,-61377,-6809,40459,28470,-54799,0
7571,0,-61700,47528,29447,-56705,-53388,-1
7572,0,64965,9546,-49293,-39539,-52424,-1
7573,0,-30527,18012,-15141,-10876,33735,1
7574,0,10962,20816,15816,-6354,22652,0
7575,0,-27571,-49707,-20567,-56666,-4457,-1
7576,0,-31368,-40005,-19203,-50831,745,-1
7577,0,64247,8429,28634,4387,64649,1
7578,0,19566,41060,20797,-23863,38721,-1
7579,0,27559,43421,-33111,42961,-28271,1
7580,0,-41776,-47629,4113,-31640,-54888,1
7581,0,10688,-18322,-32772,-18323,-10686,-1
7582,0,-40950,-3625,62437,41036,-2475,-1
7583,0,65008,43903,-53667,-31117,-65536,1
7584,0,-16991,1363,-8013,-15242,7631,1
7585,0,18167,33074,45203,-37569,-3536,-1
7586,0,33815,-63089,-31221,-60408,-38400,-1
7587,0,-14477,-37527,38426,40034,-3891,-1
7588,0,-18902,-55624,1570,-14663,-56889,-1
7589,0,-48364,-40481,30135,34072,-53075,0
7590,0,4829,1998,48605,-4773,2128,0
7591,0,24506,-37536,-21910,-20379,-39927,1
7592,0,-53594,-52024,8025,-30157,-65536,1
7593,0,-8590,-5921,26776,3245,-9916,1
7594,0,26107,43325,5619,13637,48710,1
7595,0,15069,31418,7707,2709,34739,1
7596,0,48104,31674,-48752,-10536,-56624,1
7597,0,8334,-6451,33091,6321,8433,0
7598,0,-34642,37412,61906,27641,-42846,0
7599,0,-18791,-23062,32520,22838,-19063,-1
7600,0,-38274,-35773,-7868,-48760,-19160,1
7601,0,-39309,-44278,29179,36893,-46311,1
7602,0,-49842,11126,30217,-17123,-48112,0
7603,0,-62543,-28892,2614,-58440,-36485,-1
7604,0,43962,38571,-59570,-31298,-49405,1
7605,0,36076,-64356,-16321,-19782,-65536,0
7606,0,16294,37740,-52768,8346,-40251,1
7607,0,-24961,-38933,-45710,-17165,42944,1
7608,0,-43810,13840,-4277,-40074,22469,0
7609,0,-31992,48731,-10414,-4756,58100,1
7610,0,-26754,-38173,-9100,-40379,-23292,1
7611,0,-10169,-18428,-8084,-16379,-13218,1
7612,0,34709,53960,-29767,58379,-26613,-1
7613,0,-61683,52590,-18086,180,65535,1
7614,0,31464,-51591,46626,21219,56581,-1
7615,0,-61406,31487,61427,54056,-42896,0
7616,0,17709,-22267,31858,23017,16722,-1
7617,0,-52809,32025,-43954,54510,29036,0
7618,0,-219,-13420,17099,9659,-9319,0
7619,0,-15799,-4763,-38290,-464,16495,0
7620,0,3937,45011,-47782,31251,-32632,1
7621,0,-30449,-10359,-6022,-32138,-1264,-1
7622,0,-4060,-29597,-39347,-26878,13039,0
7623,0,63582,15026,33372,-16859,63121,1
7624,0,25689,-2112,42367,-9517,23955,-1
7625,0,-7634,39424,4959,-16704,36517,0
7626,0,12781,3264,-27628,6283,-11599,0
7627,0,46894,-53806,-21072,-20635,-65536,1
7628,0,60159,40587,-392,60912,39449,0
7629,0,-49709,49789,57953,28756,-64211,1
7630,0,33129,9697,-48669,-15863,-30658,-1
7631,0,-50100,3294,50374,35250,-35754,0
7632,0,30268,-1856,-43634,-16671,-25331,-1
7633,0,47033,-788,14329,36865,29218,-1
7634,0,39625,-43761,-895,37714,-45418,-1
7635,0,53043,-34582,-30251,-27943,-56821,-1
7636,0,64099,-35816,-56936,-65536,7134,1
7637,0,-5872,12686,1536,-6789,12220,1
7638,0,29622,-20746,54168,-14575,33097,1
7639,0,2502,32513,-17875,26212,19398,0
7640,0,-34457,-46129,-64556,32252,47697,0
7641,0,27937,33336,-55525,-9393,-42468,1
7642,0,-63090,-12100,24876,-12058,-63098,0
7643,0,-17315,-62560,54636,46228,45570,1
7644,0,-53256,21746,27631,-34074,-46347,1
7645,0,49720,55971,-55871,-19461,-65536,-1
7646,0,-5055,35092,-24201,30157,18644,1
7647,0,-39609,-39716,16909,1485,-56072,1
7648,0,-60568,46122,-53963,65535,-7301,0
7649,0,53597,-5984,-42781,-30056,-44778,-1
7650,0,-57446,-22443,-50862,29294,54273,1
7651,0,-6032,-2833,-55130,3942,5374,-1
7652,0,30652,10114,-51310,-17422,-27172,0
7653,0,13442,-30339,-31463,-29439,-15314,-1
7654,0,27557,58136,-38386,48707,-42033,0
7655,0,3839,-13922,202,3973,-13884,1
7656,0,-47134,57367,48355,-10050,-65536,-1
7657,0,-57549,17459,64833,56929,-19387,0
7658,0,-4328,49898,20515,-43934,24049,0
7659,0,-56807,-15921,8106,-46541,-36255,1
7660,0,9397,-61907,-40836,-60879,14645,-1
7661,0,-60075,43776,-1925,-55786,49125,0
7662,0,20653,49274,-52785,11366,-52204,-1
7663,0,21991,-53741,63707,-17203,55460,-1
7664,0,-58240,-28663,-61889,52364,38360,-1
7665,0,-40140,3516,-33697,5300,39944,0
7666,0,35043,31469,-45811,5007,-46832,-1
7667,0,60797,-45927,-5227,47512,-59567,0
7668,0,17481,-63262,47710,36241,54720,1
7669,0,35197,50066,-36607,42779,-43765,0
7670,0,3462,22024,-50125,12272,-18613,-1
7671,0,34447,-5830,-45102,-24041,-25350,0
7672,0,-48003,29356,-16942,-11720,55034,-1
7673,0,-45452,-58618,20469,23452,-65536,-1
7674,0,45625,36672,-36974,26794,-52045,0
7675,0,-59713,-51882,60914,65535,37496,-1
7676,0,1489,-48161,-59682,-14766,45866,1
7677,0,-6353,40895,52694,-18426,-37057,-1
7678,0,-5045,-34524,59624,14497,31737,-1
7679,0,-23653,-57421,-20978,-61160,-10776,1
7680,0,-20265,-23696,28426,18996,-24725,1
7681,0,-29737,-19295,-7112,-34477,-8240,1
7682,0,-42675,-28001,-54165,21971,46071,-1
7683,0,-1442,-21107,39138,20564,4970,0
7684,0,19318,-54456,71,19505,-54389,-1
7685,0,-57709,-167,-11475,-49282,30028,1
7686,0,8222,-58987,-39864,-58351,11927,-1
7687,0,-63947,35758,-24850,9522,65535,1
7688,0,40379,-25453,-49367,-46657,-10072,1
7689,0,-50471,-10076,5496,-46104,-22874,-1
7690,0,12676,-63767,51599,29555,57909,1
7691,0,53477,16334,30682,-10915,54840,-1
7692,0,-60406,-15422,-27649,-29637,54849,-1
7693,0,-62825,-20038,-45152,18537,63284,1
7694,0,12338,-57142,18722,52366,-25985,-1
7695,0,52692,37710,-21466,59483,-25698,-1
7696,0,40320,-6211,-30731,-2251,-40733,0
7697,0,-59815,25042,-5254,-51686,39160,1
7698,0,50456,-8552,55665,-41017,30604,-1
7699,0,-53252,30693,3631,-57763,21008,1
7700,0,-54663,-27855,49459,58622,-18093,-1
7701,0,17721,5746,12962,11063,14989,-1
7702,0,-48228,-23674,-50652,20968,49465,-1
7703,0,13802,11912,-21167,17403,-5434,0
7704,0,-40047,-31342,-18856,-49398,12079,0
7705,0,55567,-7361,-54160,-51325,-22531,-1
7706,0,17865,7279,51064,-18390,5827,0
7707,0,44822,63904,-56727,-14697,-65536,1
7708,0,-37990,-38152,40933,49759,-20565,1
7709,0,9344,19512,14770,-5592,20899,0
7710,0,36483,53464,20828,-25184,59625,-1
7711,0,-7262,48691,31532,-49035,-4368,-1
7712,0,-44072,-35816,-34323,-32433,46618,1
7713,0,18136,-52140,50256,21381,50896,0
7714,0,-52250,-64314,26472,45876,-65536,0
7715,0,-49470,7091,37805,4941,-49731,1
7716,0,35507,25235,7069,25098,35604,0
7717,0,-44078,-51388,-23255,-65536,16943,0
7718,0,23507,-21272,-1731,21663,-23148,0
7719,0,14012,-33112,-53305,-29994,19827,-1
7720,0,38349,-40690,14445,55494,-6837,1
7721,0,64721,-45444,-5417,50881,-60540,1
7722,0,29543,58543,-5480,43730,48865,-1
7723,0,11876,-10113,22101,14631,5409,-1
7724,0,49292,-63192,-14124,-1171,-65536,0
7725,0,-49862,10424,-45008,36287,35751,0
7726,0,-16954,61012,61991,6394,-63000,-1
7727,0,4475,51075,22106,-42360,28885,-1
7728,0,-11095,-34291,-20376,-34626,-10000,-1
7729,0,-36275,-48213,46480,60331,739,1
7730,0,21899,-47257,-26727,-39036,-34482,0
7731,0,-58937,60852,55633,24606,-65536,0
7732,0,-63016,52275,-44853,65535,24117,0
7733,0,38691,-41260,49505,858,56557,-1
7734,0,33098,27801,-16954,42944,-4921,0
7735,0,36449,-11181,-61196,-37973,3410,-1
7736,0,5916,50408,-38703,46722,-19825,-1
7737,0,-19928,1555,15699,-15609,-12487,-1
7738,0,58159,-40702,13423,65535,2333,-1
7739,0,36708,-47340,-51532,-58189,14234,0
7740,0,65522,-39428,-63297,-65536,32185,1
7741,0,-13311,26671,-30293,24908,16374,0
7742,0,37974,-9058,5744,39006,1606,1
7743,0,-27739,-50380,6913,-9835,-56664,-1
7744,0,-27655,-49864,54425,49147,28911,1
7745,0,-41966,-48443,-7628,-56512,-30237,-1
7746,0,-53529,21198,-55037,57116,7247,0
7747,0,43177,-38451,20526,55927,14660,0
7748,0,16599,-26456,57178,-4967,30835,0
7749,0,-6719,12601,56170,584,-14269,0
7750,0,-14175,-50182,-46133,-31757,41360,0
7751,0,-17527,-60683,46935,58228,24478,0
7752,0,18434,-48500,37451,43181,28766,1
7753,0,49973,60870,-30826,65253,-44096,-1
7754,0,-51039,55306,21328,-65536,-14721,0
7755,0,39386,-45502,-49552,-59931,5473,-1
7756,0,5503,-35496,-45692,-32094,16132,1
7757,0,-31220,50687,-4963,-18398,56616,-1
7758,0,-39734,-21259,-37904,-10936,43717,-1
7759,0,-15961,-26406,42535,30767,-2325,-1
7760,0,28816,12213,-48594,-10961,-29315,1
7761,0,46806,-35546,55809,-25828,52794,0
7762,0,9513,-15428,56545,-2197,17991,1
7763,0,-12429,-258,-24992,-4766,11482,1
7764,0,26582,-8916,16856,24813,13055,1
7765,0,-27433,2368,37235,3517,-27310,-1
7766,0,-18478,37368,-11864,4554,41437,-1
7767,0,51624,-47205,207,52089,-46692,0
7768,0,-25975,-5357,53137,24521,-10106,-1
7769,0,37804,27499,-27265,36406,-29324,-1
7770,0,56821,-11798,26073,29122,50197,1
7771,0,-17687,-12058,-9415,-21175,-3137,-1
7772,0,56195,53350,-22359,65535,-23812,-1
7773,0,45398,-6383,26568,19396,41539,-1
7774,0,3356,24293,56143,-13594,-20411,1
7775,0,4921,-3545,-51576,-6059,-273,-1
7776,0,44121,53307,-23904,65535,-18221,0
7777,0,-30789,-51029,31776,49506,-33182,1
7778,0,-19841,-4064,-34639,-2270,20125,0
7779,0,64509,46340,52148,-65536,1497,0
7780,0,-27743,18763,-3209,-24542,22791,-1
7781,0,-40690,28827,-10549,-21633,44930,0
7782,0,-37405,46557,-16219,6001,59420,0
7783,0,63695,12397,-28790,24242,-60192,1
7784,0,-25672,43078,44236,-23317,-44397,-1
7785,0,54537,58102,19008,-12494,65535,0
7786,0,8418,-54321,30270,54938,1869,0
7787,0,-33020,-44458,-3345,-39695,-38615,0
7788,0,41405,43158,-59576,-27564,-53078,0
7789,0,3773,59738,-49418,38995,-45412,1
7790,0,10244,-63049,38626,57741,27316,0
7791,0,-37437,-56263,-50991,-7431,65535,-1
7792,0,-31599,17913,-10360,-19245,30806,1
7793,0,-35304,-67,41478,14376,-32245,1
7794,0,11175,-16919,57699,-4189,19839,-1
7795,0,9596,41361,-57170,7310,-41826,1
7796,0,57358,-62288,52195,-8844,65535,1
7797,0,-12508,-21415,25253,15631,-19254,0
7798,0,41822,57125,-19044,65535,1836,0
7799,0,28484,-10294,-26400,-1259,-30261,1
7800,0,-44366,41289,-42067,56383,22228,0
7801,0,32169,-61404,-23775,-42341,-54887,-1
7802,0,586,-54607,61001,11204,53449,-1
7803,0,-38192,19523,45757,6413,-42411,0
7804,0,-2031,58007,17782,-45007,36651,1
7805,0,-14842,-9093,-57779,10524,13864,0
7806,0,-56480,-47345,-23399,-65536,30326,1
7807,0,51348,-25277,31467,28429,49673,0
7808,0,-32319,65024,55299,-2137,-65536,-1
7809,0,60478,-3546,-45814,-38282,-46954,1
7810,0,-48267,36157,-21141,5156,60087,1
7811,0,-976,45962,43004,-40079,-22520,0
7812,0,-27853,-11441,46353,25982,-15219,1
7813,0,20044,35755,38890,-40025,8842,-1
7814,0,-24580,1063,23608,-11411,-21797,0
7815,0,6824,56822,-10351,33053,46721,0
7816,0,-26203,49183,19889,-55273,7106,0
7817,0,-4415,-21510,56309,13196,17551,-1
7818,0,-47214,-62601,64288,50871,59667,0
7819,0,25502,-64311,4653,39099,-57075,-1
7820,0,27763,-54128,32971,53854,28291,-1
7821,0,52835,38056,42019,-57045,31396,0
7822,0,26912,-716,25261,10148,24936,0
7823,0,-49661,-7062,21902,-18586,-46590,-1
7824,0,-20094,59205,-45287,60207,-16856,1
7825,0,-36237,-52409,47342,63438,5961,0
7826,0,-13741,26419,-47687,28957,-6949,-1
7827,0,-26550,10173,-31059,7967,27293,1
7828,0,30660,58931,-29961,62510,-22481,1
7829,0,41394,-31750,4833,47578,-21399,1
7830,0,10267,-26812,14050,24749,-14553,0
7831,0,21789,41147,-53046,5190,-46270,1
7832,0,62226,-6346,60962,-59355,19731,1
7833,0,-39475,56729,-24353,36677,58577,-1
7834,0,-40646,-47130,58724,53617,31600,0
7835,0,-5731,20062,-53518,15735,-13701,0
7836,0,-50840,-20872,-13754,-52970,14648,1
7837,0,20205,41934,-26354,46082,-6569,1
7838,0,-48763,2538,25451,-19137,-44923,-1
7839,0,-31596,53200,36258,-47195,-40015,-1
7840,0,36611,40175,28523,-31950,43973,-1
7841,0,53238,-4575,-19206,28581,-45149,1
7842,0,-2476,23583,6290,-9369,21783,-1
7843,0,14845,35666,52640,-32769,-20460,1
7844,0,-6948,-61597,-53207,-28553,55020,0
7845,0,-20087,1894,-53034,17655,9767,0
7846,0,-13551,52184,6138,-28102,46011,0
7847,0,-41818,-45397,-63167,36407,49842,1
7848,0,-25860,40773,35195,-37496,-30417,1
7849,0,13068,59123,56605,-36433,-48362,0
7850,0,-22116,21655,-3754,-17884,25263,-1
7851,0,-10578,-19998,22059,12225,-19036,1
7852,0,-27032,-36837,31043,34477,-29984,1
7853,0,-4456,-6360,-46019,-2476,7360,-1
7854,0,-32725,-21638,-51902,12823,37077,-1
7855,0,44177,7492,10375,35252,27659,1
7856,0,-64758,18965,12925,-63734,-22165,0
7857,0,7777,-25764,3833,12355,-23909,-1
7858,0,54303,-61467,-65103,-55567,60328,0
7859,0,-59568,-18369,20074,-18978,-59377,-1
7860,0,-41728,21613,-42712,38350,27160,0
7861,0,-23793,30118,7261,-32638,20197,0
7862,0,30070,-10073,26124,18983,25403,1
7863,0,15458,-3596,11175,15128,4798,-1
7864,0,52191,42481,-10813,65535,11040,1
7865,0,37127,-11081,2234,38099,-7051,1
7866,0,64069,-26030,5444,65535,-8621,1
7867,0,-54372,3463,56714,48162,-25470,-1
7868,0,-14500,24346,-28670,21047,18974,-1
7869,0,36773,-5180,-17138,21255,-30452,-1
7870,0,42386,60093,27093,-46495,56973,-1
7871,0,-29503,-21592,24180,7980,-35679,1
7872,0,-61922,-55434,-1627,-65536,-50441,0
7873,0,-12083,-19016,43599,22506,-1054,-1
7874,0,21631,-29172,44615,12957,33927,-1
7875,0,43927,-16272,59432,-37365,28253,1
7876,0,14434,-51678,-38715,-53652,682,0
7877,0,-36861,24594,-9354,-22557,38142,-1
7878,0,-31508,-5950,-55570,25244,19771,-1
7879,0,-39609,-21057,17545,-10713,-43560,0
7880,0,-25478,-9257,-26180,-16713,21342,-1
7881,0,30257,-60761,-17337,-24490,-63306,1
7882,0,-11986,-34123,35153,35268,-8014,-1
7883,0,21385,6865,-62557,-20191,-9838,0
7884,0,-33444,25115,-3774,-28381,30722,-1
7885,0,53348,344,-343,53347,-535,1
7886,0,7567,-10019,8520,10924,-6189,-1
7887,0,61803,-47003,39513,24927,65535,-1
7888,0,-62493,43786,-24255,15390,65535,0
7889,0,38211,-10026,22463,26945,28889,0
7890,0,49489,7949,636,49223,9455,-1
7891,0,-6509,-8024,-11065,-9674,-3629,-1
7892,0,35974,-841,765,35981,477,1
7893,0,36633,1825,5822,34713,11846,0
7894,0,-5383,21266,-8193,3165,21707,-1
7895,0,-8330,-46988,-42180,-38654,27983,-1
7896,0,-25195,26294,-37883,31623,18059,0
7897,0,-39585,-36306,37895,44847,-29561,0
7898,0,-49943,2642,-18969,-28592,41034,1
7899,0,-33071,21071,27686,-28425,-27012,0
7900,0,-47300,18590,47547,16658,-48015,1
7901,0,61357,50031,-341,62167,49021,0
7902,0,-34987,22364,-51517,41303,4282,0
7903,0,-44083,12507,62516,41818,-18735,-1
7904,0,-44874,-22804,-62547,41158,28978,0
7905,0,-24122,-64234,3729,-12314,-65536,-1
7906,0,-46967,33863,63428,43311,-38429,0
7907,0,23233,16596,58831,-27286,-8405,1
7908,0,-55828,3150,35126,3166,-55827,0
7909,0,6426,13009,-15854,13620,5002,1
7910,0,-56920,-64759,44185,65535,-14904,-1
7911,0,-26784,36333,-17091,8261,44376,0
7912,0,40671,-38690,-4100,32335,-45886,-1
7913,0,-30460,-10533,-46923,10918,30324,-1
7914,0,7298,-57812,-61250,-18942,55107,-1
7915,0,-35149,37460,27389,-45185,-24433,1
7916,0,59918,23438,-10355,63848,-7930,1
7917,0,-23420,935,64592,23354,-1994,1
7918,0,10214,-27582,-46804,-27937,9200,-1
7919,0,-63531,48960,-19643,2195,65535,-1
7920,0,14224,-46513,42504,35140,33630,1
7921,0,10870,950,-1962,10911,-76,1
7922,0,-14085,-26065,30370,24277,-16982,0
7923,0,-41645,-14700,23994,-3588,-44017,1
7924,0,-41519,-7939,59717,42100,-3801,1
7925,0,31951,-44353,36239,38450,38854,1
7926,0,-18108,33514,-32234,33039,18961,-1
7927,0,-20515,-9657,51294,22010,-5449,-1
7928,0,-19342,-7341,7629,-15437,-13773,-1
7929,0,9154,-1099,-17474,5310,-7537,-1
7930,0,-63343,25720,13351,-65536,-17203,-1
7931,0,-28244,-57132,-43038,-36998,51893,0
7932,0,18867,-35447,-20956,-19793,-34939,0
7933,0,-13512,18679,31496,-19468,-12347,1
7934,0,-32574,-48236,-6708,-46150,-35468,0
7935,0,-61498,-35067,-16753,-65536,19894,0
7936,0,-21050,-65059,45757,65126,20841,0
7937,0,-23114,-46727,46072,51304,9250,0
7938,0,60317,39639,-23002,62590,-35942,1
7939,0,-45605,-21159,38230,32241,-38575,1
7940,0,38698,31274,-20989,47128,-15956,0
7941,0,17157,-2296,35486,48,17310,1
7942,0,-60726,-37632,-48328,13570,65535,0
7943,0,3526,-4182,-34516,-4463,-3163,1
7944,0,-58417,10969,-64303,58963,-7501,1
7945,0,51855,60863,21984,-27283,65535,0
7946,0,-18663,-25495,-1398,-20328,-24188,0
7947,0,-46264,16030,3015,-48090,9201,1
7948,0,23994,-32134,11772,37460,-14320,0
7949,0,-58513,-62959,-29502,-65536,47979,0
7950,0,65512,2860,7345,60507,25276,1
7951,0,17525,61702,14803,-26908,58226,0
7952,0,-45659,-9209,58797,46221,-5761,-1
7953,0,-510,-63506,-57724,-22758,59290,-1
7954,0,-58616,9028,40313,12299,-58018,-1
7955,0,38107,47650,30445,-43122,43164,-1
7956,0,-34636,39047,-12394,-6839,51745,1
7957,0,58318,1526,-2859,57980,-6457,0
7958,0,16834,-56827,-25005,-46818,-36342,1
7959,0,6723,-43205,40475,37863,21869,1
7960,0,56899,25814,35992,-34263,52249,1
7961,0,-17338,41221,-20496,24668,37300,-1
7962,0,-64820,-9348,-16674,-51895,39950,0
7963,0,-49938,58852,10857,-65536,26226,0
7964,0,55956,-8979,11081,52794,20605,-1
7965,0,16425,47229,-13232,41220,28308,1
7966,0,-36212,-55869,-40618,-38656,54207,-1
7967,0,-3346,-58343,35674,58242,4792,-1
7968,0,-49716,-14259,58110,51569,-3961,0
7969,0,-45599,-25361,-19801,-47172,22298,-1
7970,0,38099,49856,-570,39448,48796,0
7971,0,-50548,21546,37585,-9406,-54137,0
7972,0,-7084,48014,-12120,20432,44024,0
7973,0,17820,62323,17663,-34885,54633,-1
7974,0,23298,43791,58750,-36073,-34047,1
7975,0,-35501,-55985,13838,6503,-65536,-1
7976,0,-53205,41008,-31968,38939,54737,0
7977,0,62140,-31900,-9399,42048,-55776,0
7978,0,23255,15094,-33388,14398,-23692,-1
7979,0,-60030,-19511,-11695,-61215,15395,0
7980,0,-45577,50602,14019,-65536,11223,0
7981,0,-35236,31594,8660,-44986,14698,-1
7982,0,51708,-56212,-26864,-39537,-65348,0
7983,0,-61736,29932,24053,-52404,-44285,-1
7984,0,31857,40576,-16335,51204,6283,1
7985,0,24083,-25585,39133,17169,30656,0
7986,0,39090,-25046,-34725,-28599,-36571,1
7987,0,-49848,-14516,-30956,-18788,48400,-1
7988,0,579,25548,-49587,17267,-18839,0
7989,0,-18804,20465,61274,14261,-23854,0
7990,0,-25185,47774,19401,-53353,8373,1
7991,0,12437,61130,-43517,47066,-40943,-1
7992,0,3622,28738,-8479,14690,24964,1
7993,0,22281,35934,27316,-28958,30808,-1
7994,0,33048,-56333,-13064,-6244,-65012,1
7995,0,-8698,64781,-9346,20220,62156,-1
7996,0,25100,2880,-57942,-22430,-11628,0
7997,0,-37814,58961,-2792,-29605,63481,1
7998,0,45835,-51439,46825,11593,65535,-1
7999,0,11931,41278,8312,-5019,42674,0
8000,0,53837,-4943,-46223,-36315,-40051,-1
8001,0,16057,50577,-63251,-10435,-52028,1
8002,0,38200,63536,56029,-62267,-40235,1
8003,0,28392,22719,35919,-26734,24649,-1
8004,0,11055,-15668,-37273,-17673,-7440,1
8005,0,-42308,-62904,17579,18803,-65536,-1
8006,0,34889,-25230,-43685,-39289,-17612,-1
8007,0,2231,29075,-65266,-1854,-29101,0
8008,0,1,42923,-39321,40822,-13264,0
8009,0,64995,-40154,19516,65535,28485,1
8010,0,-5741,31543,-10795,10613,30254,-1
8011,0,64436,23137,56093,-65536,7372,-1
8012,0,-48295,33563,-39773,47604,34536,1
8013,0,842,26400,-13548,16636,20516,0
8014,0,62625,928,39994,-22131,58592,1
8015,0,-21392,-24920,-15162,-32545,-4407,0
8016,0,-20844,17590,44468,-3808,-27007,0
8017,0,59291,-23636,60664,-52210,36718,1
8018,0,-64874,44757,59450,49256,-61528,1
8019,0,42687,7476,57605,-42414,8896,-1
8020,0,-25637,2662,-32744,2633,25640,1
8021,0,21658,-17809,32954,17615,21816,0
8022,0,-5101,-18798,386,-4752,-18889,-1
8023,0,-6430,47765,62259,-1121,-48183,0
8024,0,60588,59528,-17241,65535,-4239,0
8025,0,-38489,45267,29303,-51008,-30475,0
8026,0,-55801,-49398,49787,65535,-2266,1
8027,0,26863,-41615,-32928,-41821,-26542,1
8028,0,26376,-30722,37559,23910,32678,0
8029,0,49305,49735,2480,43059,55232,0
8030,0,-57884,53682,11959,-65536,13701,-1
8031,0,-19900,44208,7072,-33469,35074,0
8032,0,-25226,4798,11622,-23948,-9265,1
8033,0,6492,62030,42148,-58685,-21117,-1
8034,0,23641,-4699,45256,-9439,22179,1
8035,0,29239,32870,-20589,43542,-6278,0
8036,0,57170,-7184,2002,57595,-1675,1
8037,0,-7720,-22455,-45914,-13592,19470,0
8038,0,47686,35634,-2800,52027,28930,1
8039,0,-9716,41567,-23307,33109,26944,1
8040,0,9487,50712,2480,3405,51479,0
8041,0,32110,-40487,36363,34381,38577,0
8042,0,-19168,65108,-56498,44730,-51046,1
8043,0,-34126,61455,53522,-4845,-65536,-1
8044,0,62349,8149,-28332,21121,-59226,1
8045,0,-20227,-31476,-51709,-3422,37258,1
8046,0,17476,52049,6767,-24,54905,1
8047,0,30068,-12598,43159,-3300,32433,-1
8048,0,17451,3691,54643,-16966,5505,0
8049,0,29549,-8242,-55769,-30088,-5981,-1
8050,0,26566,37573,50890,-44548,-11531,0
8051,0,61891,58544,-4318,65535,44576,0
8052,0,28887,10622,-30263,14007,-27406,0
8053,0,61761,64824,-55535,-24893,-65536,-1
8054,0,-24832,-55011,-45590,-30620,52012,1
8055,0,13628,22775,36209,-24704,9702,-1
8056,0,-58458,-9894,20957,-23004,-54645,-1
8057,0,-55046,-2914,-63677,54568,7801,0
8058,0,-1940,12484,-35008,12620,591,1
8059,0,-37934,6526,-55910,36873,11045,1
8060,0,-20307,-37588,9587,-1527,-42695,0
8061,0,-9104,18416,-28515,16191,12645,-1
8062,0,-35719,-36110,7819,-20021,-46679,1
8063,0,49368,40683,13328,15374,62097,1
8064,0,47402,51662,25864,-33455,61617,0
8065,0,23969,-63758,-21491,-42330,-53365,0
8066,0,60532,-52438,56374,-32489,65535,0
8067,0,2585,8067,-6265,4856,6941,0
8068,0,33961,56550,26793,-44652,48554,0
8069,0,17575,44104,35680,-46121,11266,0
8070,0,15940,-45099,-55725,-34647,32979,0
8071,0,21000,20182,3603,17220,23491,1
8072,0,38681,31459,-31753,33305,-37104,-1
8073,0,26228,-12149,-21753,2721,-28777,0
8074,0,-47293,62169,-3602,-35907,65535,0
8075,0,2864,2965,-61963,-2317,-3409,1
8076,0,19400,21804,-2426,21800,19405,0
8077,0,-13997,-25247,20386,13100,-25724,1
8078,0,-3182,1698,24726,-2770,-2310,0
8079,0,39379,-25941,-24961,-9748,-46137,-1
8080,0,-14892,-64457,65153,16070,64174,-1
8081,0,2779,-37979,50320,23238,30168,0
8082,0,-49297,111,-30438,-5384,49003,0
8083,0,-18920,-36870,40511,41222,-4256,-1
8084,0,-20736,-31100,-7373,-30218,-22001,-1
8085,0,-60172,-19331,-5852,-63172,-1914,1
8086,0,-54062,2685,7125,-51838,-15579,0
8087,0,34343,11484,-24351,24045,-27077,1
8088,0,-25183,-36596,6982,-11763,-42838,-1
8089,0,28466,-42788,-15477,-7931,-50776,1
8090,0,44650,-36938,55628,-22816,53268,0
8091,0,-17099,63550,33678,-62745,-19851,1
8092,0,25927,14532,5887,20856,21176,1
8093,0,-51887,31700,-29646,23611,56033,1
8094,0,57883,42087,60329,-65536,-26486,-1
8095,0,44164,-61988,62552,-34877,65535,0
8096,0,-25455,-2337,6881,-23326,-10456,0
8097,0,19000,21438,-25534,26620,-10582,-1
8098,0,64977,34030,20067,9246,65535,0
8099,0,-7529,-16039,-60775,3705,17327,0
8100,0,-1258,13732,-6782,3194,13415,0
8101,0,-6901,-7901,-28007,-9257,4935,0
8102,0,-57921,18217,50885,32447,-51322,0
8103,0,-57788,-15223,-12149,-56635,19069,-1
8104,0,14384,-102,-42062,-6291,-12936,0
8105,0,-63159,2987,49005,42217,-47072,0
8106,0,39924,-58213,-28596,-49119,-50695,-1
8107,0,61358,-21690,-65139,-61760,20518,0
8108,0,-48467,62662,-49177,65535,-10132,0
8109,0,62179,330,10219,54712,29546,0
8110,0,-6404,18086,41248,-14080,-13033,0
8111,0,18925,-3575,-40641,-10298,-16275,1
8112,0,-52388,-30437,43315,52001,-31093,0
8113,0,-15170,-56977,40357,58646,6096,0
8114,0,61375,-42497,45371,106,65535,-1
8115,0,-21110,-27064,-58511,10980,32520,-1
8116,0,12552,-12873,-62719,-14170,11067,1
8117,0,18216,-21550,61848,-14141,24419,1
8118,0,43618,39093,-49535,-4276,-58417,1
8119,0,2428,-12791,13522,9658,-8730,-1
8120,0,30568,47214,41826,-55692,7869,0
8121,0,-50803,-48595,17846,3361,-65536,1
8122,0,-5512,49547,44972,-38263,-31957,0
8123,0,10161,8247,-21022,12398,-4190,0
8124,0,-46773,-58020,-47318,-14424,65535,1
8125,0,58807,-8830,-59740,-58973,-7641,-1
8126,0,9477,-8104,47563,-22,12470,-1
8127,0,-17231,-39975,8896,845,-43522,1
8128,0,60311,10237,-62049,-57766,-20131,-1
8129,0,11833,27525,-62426,-7612,-28978,-1
8130,0,39119,-38319,38073,27244,47502,-1
8131,0,62403,34903,-37794,19007,-65536,0
8132,0,4353,-27385,-64504,-5701,27136,1
8133,0,-20131,-45083,40490,49312,-2459,1
8134,0,4655,-15676,55096,3438,15987,0
8135,0,34778,-20856,51145,-13552,38221,0
8136,0,61861,55478,-15116,65535,533,1
8137,0,1215,-40278,-3373,-5286,-39948,0
8138,0,62355,-19973,-18043,25248,-60412,1
8139,0,38296,33964,-24149,46483,-21434,-1
8140,0,-18602,19942,-37936,23895,13144,0
8141,0,-58206,-3853,-11307,-51849,26729,1
8142,0,32411,-14083,3641,34364,-8241,0
8143,0,-47055,-8989,-62421,45193,15892,-1
8144,0,51362,1024,11404,43343,27577,-1
8145,0,-42538,-55089,-27229,-64322,26589,-1
8146,0,12995,-54907,-24470,-45585,-33252,-1
8147,0,-18339,-27042,48584,32245,5279,0
8148,0,37249,54309,-62374,-28622,-59311,0
8149,0,-1240,-9971,31535,9880,-1827,-1
8150,0,41613,-24801,46691,-6277,48035,0
8151,0,52326,-5896,53913,-41293,32675,1
8152,0,55585,-11961,-23127,14077,-55087,0
8153,0,-12446,59888,60182,-3164,-61086,0
8154,0,36297,-50941,-38734,-59111,-20455,-1
8155,0,10610,-64698,32176,64974,8766,1
8156,0,20608,51118,56101,-40874,-36973,-1
8157,0,24544,-37299,-44887,-44650,-44,1
8158,0,-59035,51103,3564,-65536,40321,0
8159,0,-64414,-26826,-2078,-65536,-20288,0
8160,0,-44130,-27974,-26611,-39599,34087,1
8161,0,-64490,36594,-64132,65535,-32178,1
8162,0,672,-19933,-50849,-13414,14759,1
8163,0,52302,-1921,44884,-27090,44781,1
8164,0,10180,3594,-63244,-9725,-4688,1
8165,0,-46378,-58812,39300,65535,-26005,-1
8166,0,-52809,47176,-5793,-37849,59848,1
8167,0,58026,-7380,-32012,-5272,-58256,0
8168,0,-22068,50895,34444,-48961,-26080,1
8169,0,14262,62309,17952,-37944,51440,0
8170,0,41034,-58703,32698,58839,40839,-1
8171,0,-2656,-7246,14717,2676,-7239,0
8172,0,33214,-54313,12174,57644,-27023,0
8173,0,41,-32880,-61462,-6420,32247,0
8174,0,-29714,-60244,43288,65535,3091,1
8175,0,-38141,-43613,-31501,-45849,35421,-1
8176,0,27021,60506,1959,21231,62773,1
8177,0,60149,21398,-52752,-36894,-52102,-1
8178,0,34198,637,-35026,-3062,-34067,0
8179,0,-16725,-5043,-27353,-9167,14870,0
8180,0,10960,-34286,-32027,-33875,-12170,0
8181,0,-14063,-15989,54566,20189,6770,-1
8182,0,-41078,-53133,-54586,8924,65535,1
8183,0,-27982,32430,-44705,42416,5963,0
8184,0,26923,32193,20755,-12339,40112,0
8185,0,47668,-27710,-30386,-22096,-50516,-1
8186,0,3907,37529,53569,-23650,-29400,0
8187,0,-10701,16423,51569,-1801,-19519,-1
8188,0,-3097,-60238,-725,-5190,-60094,1
8189,0,-7580,-60124,57698,29115,53148,0
8190,0,-44413,-8926,9291,-36234,-27190,-1
8191,0,57141,-44371,57024,-34840,63404,1
8192,1,32768,19,0,32768,-1,13
8193,1,32767,220,0,32768,0,140
8194,1,32765,421,0,32768,1,268
8195,1,32762,622,0,32768,2,395
8196,1,32758,823,0,32769,-1,524
8197,1,32752,1024,0,32768,0,652
8198,1,32745,1225,0,32768,1,779
8199,1,32737,1426,0,32768,-1,909
8200,1,32728,1626,0,32769,-1,1036
8201,1,32717,1827,0,32768,0,1164
8202,1,32705,2028,0,32768,1,1291
8203,1,32692,2229,0,32768,-1,1421
8204,1,32678,2429,0,32768,0,1548
8205,1,32662,2630,0,32768,1,1675
8206,1,32646,2830,0,32769,2,1803
8207,1,32628,3030,0,32769,-1,1932
8208,1,32608,3230,0,32768,0,2060
8209,1,32588,3430,0,32768,1,2187
8210,1,32566,3630,0,32768,2,2314
8211,1,32543,3830,0,32768,0,2444
8212,1,32519,4030,0,32768,1,2572
8213,1,32494,4229,0,32768,1,2699
8214,1,32467,4428,0,32768,-2,2829
8215,1,32440,4628,0,32769,0,2956
8216,1,32411,4826,0,32769,1,3083
8217,1,32380,5025,0,32768,-2,3213
8218,1,32349,5224,0,32768,0,3340
8219,1,32316,5422,0,32768,0,3468
8220,1,32282,5620,0,32768,1,3595
8221,1,32247,5818,0,32768,-2,3725
8222,1,32211,6016,0,32768,0,3852
8223,1,32173,6214,0,32768,1,3979
8224,1,32135,6411,0,32768,-2,4109
8225,1,32095,6608,0,32769,-1,4236
8226,1,32054,6805,0,32769,0,4364
8227,1,32011,7001,0,32768,1,4491
8228,1,31968,7198,0,32768,-1,4621
8229,1,31923,7394,0,32768,0,4748
8230,1,31877,7589,0,32768,0,4875
8231,1,31830,7785,0,32768,-2,5005
8232,1,31781,7980,0,32768,-1,5133
8233,1,31732,8175,0,32768,0,5260
8234,1,31681,8369,0,32768,1,5387
8235,1,31629,8564,0,32768,-1,5517
8236,1,31576,8758,0,32768,0,5644
8237,1,31522,8951,0,32768,1,5771
8238,1,31466,9144,0,32768,2,5899
8239,1,31410,9337,0,32769,-1,6029
8240,1,31352,9530,0,32769,0,6156
8241,1,31293,9722,0,32769,1,6283
8242,1,31232,9914,0,32768,-1,6413
8243,1,31171,10105,0,32768,-1,6540
8244,1,31108,10296,0,32768,0,6668
8245,1,31045,10487,0,32769,2,6794
8246,1,30980,10677,0,32768,-1,6924
8247,1,30914,10867,0,32769,0,7052
8248,1,30846,11057,0,32768,2,7179
8249,1,30778,11246,0,32769,-1,7309
8250,1,30708,11434,0,32768,-1,7436
8251,1,30638,11623,0,32769,1,7563
8252,1,30566,11810,0,32768,1,7691
8253,1,30493,11998,0,32769,-1,7821
8254,1,30418,12185,0,32768,1,7948
8255,1,30343,12371,0,32768,1,8075
8256,1,30267,12557,0,32769,-2,8205
8257,1,30189,12742,0,32768,-1,8332
8258,1,30110,12927,0,32768,0,8459
8259,1,30030,13112,0,32768,2,8587
8260,1,29949,13296,0,32768,-1,8717
8261,1,29867,13479,0,32768,-1,8844
8262,1,29784,13662,0,32768,0,8971
8263,1,29699,13845,0,32768,-2,9101
8264,1,29614,14027,0,32768,-1,9228
8265,1,29527,14208,0,32768,0,9355
8266,1,29440,14389,0,32769,1,9483
8267,1,29351,14570,0,32769,-1,9613
8268,1,29261,14749,0,32768,-1,9740
8269,1,29170,14929,0,32768,1,9867
8270,1,29078,15107,0,32768,1,9994
8271,1,28984,15286,0,32768,0,10124
8272,1,28890,15463,0,32768,0,10252
8273,1,28795,15640,0,32769,1,10379
8274,1,28698,15816,0,32768,-2,10509
8275,1,28601,15992,0,32769,-1,10636
8276,1,28502,16167,0,32768,1,10763
8277,1,28402,16342,0,32768,-2,10893
8278,1,28301,16516,0,32768,-1,11020
8279,1,28199,16689,0,32768,0,11148
8280,1,28096,16862,0,32768,1,11275
8281,1,27992,17034,0,32768,-1,11405
8282,1,27887,17206,0,32768,0,11532
8283,1,27781,17376,0,32767,1,11660
8284,1,27674,17547,0,32768,-1,11789
8285,1,27566,17716,0,32768,-1,11916
8286,1,27457,17885,0,32768,0,12044
8287,1,27347,18053,0,32769,1,12171
8288,1,27235,18220,0,32768,2,12298
8289,1,27123,18387,0,32768,-1,12428
8290,1,27010,18553,0,32768,0,12556
8291,1,26895,18719,0,32768,2,12683
8292,1,26780,18883,0,32768,2,12810
8293,1,26664,19047,0,32768,-1,12940
8294,1,26546,19210,0,32768,0,13067
8295,1,26428,19373,0,32768,2,13194
8296,1,26308,19535,0,32768,-1,13324
8297,1,26188,19696,0,32768,0,13452
8298,1,26067,19856,0,32768,1,13579
8299,1,25944,20016,0,32768,-1,13709
8300,1,25821,20175,0,32768,0,13836
8301,1,25697,20333,0,32769,1,13963
8302,1,25572,20490,0,32768,2,14091
8303,1,25445,20646,0,32768,-1,14221
8304,1,25318,20802,0,32768,0,14348
8305,1,25190,20957,0,32768,1,14475
8306,1,25061,21111,0,32768,-2,14605
8307,1,24931,21265,0,32768,0,14732
8308,1,24800,21417,0,32768,1,14859
8309,1,24668,21569,0,32768,2,14987
8310,1,24535,21720,0,32768,-1,15117
8311,1,24402,21870,0,32768,0,15244
8312,1,24267,22019,0,32768,1,15371
8313,1,24131,22168,0,32768,-1,15501
8314,1,23995,22316,0,32769,0,15628
8315,1,23858,22462,0,32768,0,15755
8316,1,23719,22608,0,32768,2,15883
8317,1,23580,22753,0,32768,-1,16013
8318,1,23440,22898,0,32768,0,16140
8319,1,23299,23041,0,32768,1,16267
8320,1,23157,23184,0,32768,0,16396
8321,1,23015,23325,0,32768,0,16524
8322,1,22871,23466,0,32768,1,16651
8323,1,22727,23606,0,32769,-2,16781
8324,1,22581,23745,0,32768,0,16908
8325,1,22435,23883,0,32768,1,17036
8326,1,22288,24020,0,32768,-2,17165
8327,1,22140,24157,0,32768,0,17292
8328,1,21992,24292,0,32768,0,17420
8329,1,21842,24426,0,32768,1,17547
8330,1,21692,24560,0,32768,-1,17677
8331,1,21541,24693,0,32769,0,17804
8332,1,21389,24824,0,32768,0,17932
8333,1,21236,24955,0,32768,2,18059
8334,1,21083,25085,0,32768,-1,18189
8335,1,20929,25214,0,32769,0,18316
8336,1,20773,25342,0,32768,2,18443
8337,1,20618,25469,0,32769,-2,18573
8338,1,20461,25595,0,32768,0,18700
8339,1,20303,25720,0,32768,1,18828
8340,1,20145,25844,0,32768,-2,18957
8341,1,19986,25967,0,32768,-1,19085
8342,1,19827,26089,0,32768,-1,19212
8343,1,19666,26210,0,32768,1,19339
8344,1,19505,26331,0,32768,-2,19469
8345,1,19343,26450,0,32768,-1,19597
8346,1,19180,26568,0,32768,1,19723
8347,1,19017,26685,0,32768,2,19851
8348,1,18853,26801,0,32768,-2,19981
8349,1,18688,26916,0,32768,0,20108
8350,1,18523,27031,0,32769,1,20235
8351,1,18356,27144,0,32768,-2,20365
8352,1,18189,27256,0,32768,-1,20492
8353,1,18022,27367,0,32768,0,20620
8354,1,17854,27477,0,32768,1,20747
8355,1,17685,27586,0,32768,-2,20877
8356,1,17515,27694,0,32768,-1,21004
8357,1,17345,27801,0,32768,0,21131
8358,1,17174,27907,0,32768,2,21259
8359,1,17002,28012,0,32768,-1,21389
8360,1,16830,28116,0,32769,0,21516
8361,1,16657,28218,0,32768,1,21643
8362,1,16484,28320,0,32768,2,21771
8363,1,16310,28421,0,32769,-1,21900
8364,1,16135,28520,0,32768,0,22028
8365,1,15960,28619,0,32768,1,22155
8366,1,15784,28716,0,32768,-1,22285
8367,1,15607,28812,0,32768,0,22412
8368,1,15430,28908,0,32768,1,22539
8369,1,15253,29002,0,32769,2,22667
8370,1,15074,29095,0,32768,0,22796
8371,1,14896,29187,0,32769,0,22924
8372,1,14716,29278,0,32768,2,23051
8373,1,14536,29367,0,32768,-1,23181
8374,1,14356,29456,0,32768,-1,23308
8375,1,14175,29543,0,32768,0,23436
8376,1,13993,29630,0,32768,-2,23565
8377,1,13811,29715,0,32768,-1,23692
8378,1,13629,29799,0,32768,0,23820
8379,1,13446,29882,0,32768,1,23947
8380,1,13262,29964,0,32768,-2,24077
8381,1,13078,30045,0,32768,-1,24204
8382,1,12893,30125,0,32768,1,24331
8383,1,12708,30203,0,32768,2,24459
8384,1,12523,30281,0,32769,-2,24589
8385,1,12337,30357,0,32768,0,24716
8386,1,12150,30432,0,32768,1,24843
8387,1,11963,30506,0,32768,-1,24973
8388,1,11776,30579,0,32768,-1,25100
8389,1,11588,30651,0,32768,1,25227
8390,1,11400,30721,0,32768,1,25355
8391,1,11211,30791,0,32768,-1,25485
8392,1,11022,30859,0,32768,0,25612
8393,1,10832,30926,0,32768,1,25739
8394,1,10642,30992,0,32768,-2,25869
8395,1,10452,31056,0,32768,-1,25996
8396,1,10261,31120,0,32768,1,26123
8397,1,10070,31182,0,32768,2,26251
8398,1,9878,31244,0,32769,0,26381
8399,1,9687,31304,0,32769,0,26508
8400,1,9494,31362,0,32768,1,26635
8401,1,9302,31420,0,32768,2,26762
8402,1,9109,31477,0,32769,-1,26892
8403,1,8915,31532,0,32768,1,27020
8404,1,8722,31586,0,32768,1,27147
8405,1,8528,31639,0,32769,-1,27276
8406,1,8333,31691,0,32769,1,27404
8407,1,8139,31741,0,32768,1,27531
8408,1,7944,31790,0,32768,-2,27661
8409,1,7749,31839,0,32769,-1,27788
8410,1,7553,31886,0,32768,1,27916
8411,1,7357,31931,0,32768,-2,28045
8412,1,7161,31976,0,32768,-1,28173
8413,1,6965,32019,0,32768,0,28300
8414,1,6768,32061,0,32768,1,28427
8415,1,6572,32102,0,32768,1,28555
8416,1,6374,32142,0,32768,0,28684
8417,1,6177,32181,0,32769,1,28812
8418,1,5980,32218,0,32769,1,28939
8419,1,5782,32254,0,32768,-1,29069
8420,1,5584,32289,0,32768,0,29196
8421,1,5386,32322,0,32768,0,29323
8422,1,5187,32355,0,32768,-2,29453
8423,1,4988,32386,0,32768,-1,29581
8424,1,4790,32416,0,32768,0,29708
8425,1,4591,32445,0,32768,1,29835
8426,1,4392,32472,0,32768,-2,29965
8427,1,4192,32499,0,32768,0,30092
8428,1,3993,32524,0,32768,1,30219
8429,1,3793,32548,0,32768,-2,30349
8430,1,3593,32570,0,32768,-1,30477
8431,1,3393,32592,0,32768,0,30604
8432,1,3193,32612,0,32768,1,30731
8433,1,2993,32631,0,32768,-2,30861
8434,1,2793,32649,0,32768,-1,30988
8435,1,2592,32665,0,32768,1,31116
8436,1,2392,32681,0,32769,2,31243
8437,1,2191,32695,0,32769,-1,31373
8438,1,1991,32707,0,32768,-1,31500
8439,1,1790,32719,0,32768,1,31627
8440,1,1589,32729,0,32768,-2,31757
8441,1,1388,32739,0,32768,-1,31884
8442,1,1188,32746,0,32768,-1,32012
8443,1,987,32753,0,32768,1,32139
8444,1,786,32759,0,32769,2,32266
8445,1,585,32763,0,32768,-1,32396
8446,1,384,32766,0,32769,0,32523
8447,1,182,32767,0,32768,-2,32653
8448,1,-19,32768,0,32768,-1,32781
8449,1,-220,32767,0,32768,0,32908
8450,1,-421,32765,0,32768,1,33036
8451,1,-622,32762,0,32768,2,33163
8452,1,-823,32758,0,32769,-1,33292
8453,1,-1024,32752,0,32768,0,33420
8454,1,-1225,32745,0,32768,1,33547
8455,1,-1426,32737,0,32768,-1,33677
8456,1,-1626,32728,0,32769,-1,33804
8457,1,-1827,32717,0,32768,0,33932
8458,1,-2028,32705,0,32768,1,34059
8459,1,-2229,32692,0,32768,-1,34189
8460,1,-2429,32678,0,32768,0,34316
8461,1,-2630,32662,0,32768,1,34443
8462,1,-2830,32646,0,32769,2,34571
8463,1,-3030,32628,0,32769,-1,34700
8464,1,-3230,32608,0,32768,0,34828
8465,1,-3430,32588,0,32768,1,34955
8466,1,-3630,32566,0,32768,2,35082
8467,1,-3830,32543,0,32768,0,35212
8468,1,-4030,32519,0,32768,1,35340
8469,1,-4229,32494,0,32768,1,35467
8470,1,-4428,32467,0,32768,-2,35597
8471,1,-4628,32440,0,32769,0,35724
8472,1,-4826,32411,0,32769,1,35851
8473,1,-5025,32380,0,32768,-2,35981
8474,1,-5224,32349,0,32768,0,36108
8475,1,-5422,32316,0,32768,0,36236
8476,1,-5620,32282,0,32768,1,36363
8477,1,-5818,32247,0,32768,-2,36493
8478,1,-6016,32211,0,32768,0,36620
8479,1,-6214,32173,0,32768,1,36747
8480,1,-6411,32135,0,32768,-2,36877
8481,1,-6608,32095,0,32769,-1,37004
8482,1,-6805,32054,0,32769,0,37132
8483,1,-7001,32011,0,32768,1,37259
8484,1,-7198,31968,0,32768,-1,37389
8485,1,-7394,31923,0,32768,0,37516
8486,1,-7589,31877,0,32768,0,37643
8487,1,-7785,31830,0,32768,-2,37773
8488,1,-7980,31781,0,32768,-1,37901
8489,1,-8175,31732,0,32768,0,38028
8490,1,-8369,31681,0,32768,1,38155
8491,1,-8564,31629,0,32768,-1,38285
8492,1,-8758,31576,0,32768,0,38412
8493,1,-8951,31522,0,32768,1,38539
8494,1,-9144,31466,0,32768,2,38667
8495,1,-9337,31410,0,32769,-1,38797
8496,1,-9530,31352,0,32769,0,38924
8497,1,-9722,31293,0,32769,1,39051
8498,1,-9914,31232,0,32768,-1,39181
8499,1,-10105,31171,0,32768,-1,39308
8500,1,-10296,31108,0,32768,0,39436
8501,1,-10487,31045,0,32769,2,39562
8502,1,-10677,30980,0,32768,-1,39692
8503,1,-10867,30914,0,32769,0,39820
8504,1,-11057,30846,0,32768,2,39947
8505,1,-11246,30778,0,32769,-1,40077
8506,1,-11434,30708,0,32768,-1,40204
8507,1,-11623,30638,0,32769,1,40331
8508,1,-11810,30566,0,32768,1,40459
8509,1,-11998,30493,0,32769,-1,40589
8510,1,-12185,30418,0,32768,1,40716
8511,1,-12371,30343,0,32768,1,40843
8512,1,-12557,30267,0,32769,-2,40973
8513,1,-12742,30189,0,32768,-1,41100
8514,1,-12927,30110,0,32768,0,41227
8515,1,-13112,30030,0,32768,2,41355
8516,1,-13296,29949,0,32768,-1,41485
8517,1,-13479,29867,0,32768,-1,41612
8518,1,-13662,29784,0,32768,0,41739
8519,1,-13845,29699,0,32768,-2,41869
8520,1,-14027,29614,0,32768,-1,41996
8521,1,-14208,29527,0,32768,0,42123
8522,1,-14389,29440,0,32769,1,42251
8523,1,-14570,29351,0,32769,-1,42381
8524,1,-14749,29261,0,32768,-1,42508
8525,1,-14929,29170,0,32768,1,42635
8526,1,-15107,29078,0,32768,1,42762
8527,1,-15286,28984,0,32768,0,42892
8528,1,-15463,28890,0,32768,0,43020
8529,1,-15640,28795,0,32769,1,43147
8530,1,-15816,28698,0,32768,-2,43277
8531,1,-15992,28601,0,32769,-1,43404
8532,1,-16167,28502,0,32768,1,43531
8533,1,-16342,28402,0,32768,-2,43661
8534,1,-16516,28301,0,32768,-1,43788
8535,1,-16689,28199,0,32768,0,43916
8536,1,-16862,28096,0,32768,1,44043
8537,1,-17034,27992,0,32768,-1,44173
8538,1,-17206,27887,0,32768,0,44300
8539,1,-17376,27781,0,32767,1,44428
8540,1,-17547,27674,0,32768,-1,44557
8541,1,-17716,27566,0,32768,-1,44684
8542,1,-17885,27457,0,32768,0,44812
8543,1,-18053,27347,0,32769,1,44939
8544,1,-18220,27235,0,32768,2,45066
8545,1,-18387,27123,0,32768,-1,45196
8546,1,-18553,27010,0,32768,0,45324
8547,1,-18719,26895,0,32768,2,45451
8548,1,-18883,26780,0,32768,2,45578
8549,1,-19047,26664,0,32768,-1,45708
8550,1,-19210,26546,0,32768,0,45835
8551,1,-19373,26428,0,32768,2,45962
8552,1,-19535,26308,0,32768,-1,46092
8553,1,-19696,26188,0,32768,0,46220
8554,1,-19856,26067,0,32768,1,46347
8555,1,-20016,25944,0,32768,-1,46477
8556,1,-20175,25821,0,32768,0,46604
8557,1,-20333,25697,0,32769,1,46731
8558,1,-20490,25572,0,32768,2,46859
8559,1,-20646,25445,0,32768,-1,46989
8560,1,-20802,25318,0,32768,0,47116
8561,1,-20957,25190,0,32768,1,47243
8562,1,-21111,25061,0,32768,-2,47373
8563,1,-21265,24931,0,32768,0,47500
8564,1,-21417,24800,0,32768,1,47627
8565,1,-21569,24668,0,32768,2,47755
8566,1,-21720,24535,0,32768,-1,47885
8567,1,-21870,24402,0,32768,0,48012
8568,1,-22019,24267,0,32768,1,48139
8569,1,-22168,24131,0,32768,-1,48269
8570,1,-22316,23995,0,32769,0,48396
8571,1,-22462,23858,0,32768,0,48523
8572,1,-22608,23719,0,32768,2,48651
8573,1,-22753,23580,0,32768,-1,48781
8574,1,-22898,23440,0,32768,0,48908
8575,1,-23041,23299,0,32768,1,49035
8576,1,-23184,23157,0,32768,0,49164
8577,1,-23325,23015,0,32768,0,49292
8578,1,-23466,22871,0,32768,1,49419
8579,1,-23606,22727,0,32769,-2,49549
8580,1,-23745,22581,0,32768,0,49676
8581,1,-23883,22435,0,32768,1,49804
8582,1,-24020,22288,0,32768,-2,49933
8583,1,-24157,22140,0,32768,0,50060
8584,1,-24292,21992,0,32768,0,50188
8585,1,-24426,21842,0,32768,1,50315
8586,1,-24560,21692,0,32768,-1,50445
8587,1,-24693,21541,0,32769,0,50572
8588,1,-24824,21389,0,32768,0,50700
8589,1,-24955,21236,0,32768,2,50827
8590,1,-25085,21083,0,32768,-1,50957
8591,1,-25214,20929,0,32769,0,51084
8592,1,-25342,20773,0,32768,2,51211
8593,1,-25469,20618,0,32769,-2,51341
8594,1,-25595,20461,0,32768,0,51468
8595,1,-25720,20303,0,32768,1,51596
8596,1,-25844,20145,0,32768,-2,51725
8597,1,-25967,19986,0,32768,-1,51853
8598,1,-26089,19827,0,32768,-1,51980
8599,1,-26210,19666,0,32768,1,52107
8600,1,-26331,19505,0,32768,-2,52237
8601,1,-26450,19343,0,32768,-1,52365
8602,1,-26568,19180,0,32768,1,52491
8603,1,-26685,19017,0,32768,2,52619
8604,1,-26801,18853,0,32768,-2,52749
8605,1,-26916,18688,0,32768,0,52876
8606,1,-27031,18523,0,32769,1,53003
8607,1,-27144,18356,0,32768,-2,53133
8608,1,-27256,18189,0,32768,-1,53260
8609,1,-27367,18022,0,32768,0,53388
8610,1,-27477,17854,0,32768,1,53515
8611,1,-27586,17685,0,32768,-2,53645
8612,1,-27694,17515,0,32768,-1,53772
8613,1,-27801,17345,0,32768,0,53899
8614,1,-27907,17174,0,32768,2,54027
8615,1,-28012,17002,0,32768,-1,54157
8616,1,-28116,16830,0,32769,0,54284
8617,1,-28218,16657,0,32768,1,54411
8618,1,-28320,16484,0,32768,2,54539
8619,1,-28421,16310,0,32769,-1,54668
8620,1,-28520,16135,0,32768,0,54796
8621,1,-28619,15960,0,32768,1,54923
8622,1,-28716,15784,0,32768,-1,55053
8623,1,-28812,15607,0,32768,0,55180
8624,1,-28908,15430,0,32768,1,55307
8625,1,-29002,15253,0,32769,2,55435
8626,1,-29095,15074,0,32768,0,55564
8627,1,-29187,14896,0,32769,0,55692
8628,1,-29278,14716,0,32768,2,55819
8629,1,-29367,14536,0,32768,-1,55949
8630,1,-29456,14356,0,32768,-1,56076
8631,1,-29543,14175,0,32768,0,56204
8632,1,-29630,13993,0,32768,-2,56333
8633,1,-29715,13811,0,32768,-1,56460
8634,1,-29799,13629,0,32768,0,56588
8635,1,-29882,13446,0,32768,1,56715
8636,1,-29964,13262,0,32768,-2,56845
8637,1,-30045,13078,0,32768,-1,56972
8638,1,-30125,12893,0,32768,1,57099
8639,1,-30203,12708,0,32768,2,57227
8640,1,-30281,12523,0,32769,-2,57357
8641,1,-30357,12337,0,32768,0,57484
8642,1,-30432,12150,0,32768,1,57611
8643,1,-30506,11963,0,32768,-1,57741
8644,1,-30579,11776,0,32768,-1,57868
8645,1,-30651,11588,0,32768,1,57995
8646,1,-30721,11400,0,32768,1,58123
8647,1,-30791,11211,0,32768,-1,58253
8648,1,-30859,11022,0,32768,0,58380
8649,1,-30926,10832,0,32768,1,58507
8650,1,-30992,10642,0,32768,-2,58637
8651,1,-31056,10452,0,32768,-1,58764
8652,1,-31120,10261,0,32768,1,58891
8653,1,-31182,10070,0,32768,2,59019
8654,1,-31244,9878,0,32769,0,59149
8655,1,-31304,9687,0,32769,0,59276
8656,1,-31362,9494,0,32768,1,59403
8657,1,-31420,9302,0,32768,2,59530
8658,1,-31477,9109,0,32769,-1,59660
8659,1,-31532,8915,0,32768,1,59788
8660,1,-31586,8722,0,32768,1,59915
8661,1,-31639,8528,0,32769,-1,60044
8662,1,-31691,8333,0,32769,1,60172
8663,1,-31741,8139,0,32768,1,60299
8664,1,-31790,7944,0,32768,-2,60429
8665,1,-31839,7749,0,32769,-1,60556
8666,1,-31886,7553,0,32768,1,60684
8667,1,-31931,7357,0,32768,-2,60813
8668,1,-31976,7161,0,32768,-1,60941
8669,1,-32019,6965,0,32768,0,61068
8670,1,-32061,6768,0,32768,1,61195
8671,1,-32102,6572,0,32768,1,61323
8672,1,-32142,6374,0,32768,0,61452
8673,1,-32181,6177,0,32769,1,61580
8674,1,-32218,5980,0,32769,1,61707
8675,1,-32254,5782,0,32768,-1,61837
8676,1,-32289,5584,0,32768,0,61964
8677,1,-32322,5386,0,32768,0,62091
8678,1,-32355,5187,0,32768,-2,62221
8679,1,-32386,4988,0,32768,-1,62349
8680,1,-32416,4790,0,32768,0,62476
8681,1,-32445,4591,0,32768,1,62603
8682,1,-32472,4392,0,32768,-2,62733
8683,1,-32499,4192,0,32768,0,62860
8684,1,-32524,3993,0,32768,1,62987
8685,1,-32548,3793,0,32768,-2,63117
8686,1,-32570,3593,0,32768,-1,63245
8687,1,-32592,3393,0,32768,0,63372
8688,1,-32612,3193,0,32768,1,63499
8689,1,-32631,2993,0,32768,-2,63629
8690,1,-32649,2793,0,32768,-1,63756
8691,1,-32665,2592,0,32768,1,63884
8692,1,-32681,2392,0,32769,2,64011
8693,1,-32695,2191,0,32769,-1,64141
8694,1,-32707,1991,0,32768,-1,64268
8695,1,-32719,1790,0,32768,1,64395
8696,1,-32729,1589,0,32768,-2,64525
8697,1,-32739,1388,0,32768,-1,64652
8698,1,-32746,1188,0,32768,-1,64780
8699,1,-32753,987,0,32768,1,64907
8700,1,-32759,786,0,32769,2,65034
8701,1,-32763,585,0,32768,-1,65164
8702,1,-32766,384,0,32769,0,65291
8703,1,-32767,182,0,32768,-2,65421
8704,1,-32768,-19,0,32768,-1,-65523
8705,1,-32767,-220,0,32768,0,-65396
8706,1,-32765,-421,0,32768,1,-65268
8707,1,-32762,-622,0,32768,2,-65141
8708,1,-32758,-823,0,32769,-1,-65012
8709,1,-32752,-1024,0,32768,0,-64884
8710,1,-32745,-1225,0,32768,1,-64757
8711,1,-32737,-1426,0,32768,-1,-64627
8712,1,-32728,-1626,0,32769,-1,-64500
8713,1,-32717,-1827,0,32768,0,-64372
8714,1,-32705,-2028,0,32768,1,-64245
8715,1,-32692,-2229,0,32768,-1,-64115
8716,1,-32678,-2429,0,32768,0,-63988
8717,1,-32662,-2630,0,32768,1,-63861
8718,1,-32646,-2830,0,32769,2,-63733
8719,1,-32628,-3030,0,32769,-1,-63604
8720,1,-32608,-3230,0,32768,0,-63476
8721,1,-32588,-3430,0,32768,1,-63349
8722,1,-32566,-3630,0,32768,2,-63222
8723,1,-32543,-3830,0,32768,0,-63092
8724,1,-32519,-4030,0,32768,1,-62964
8725,1,-32494,-4229,0,32768,1,-62837
8726,1,-32467,-4428,0,32768,-2,-62707
8727,1,-32440,-4628,0,32769,0,-62580
8728,1,-32411,-4826,0,32769,1,-62453
8729,1,-32380,-5025,0,32768,-2,-62323
8730,1,-32349,-5224,0,32768,0,-62196
8731,1,-32316,-5422,0,32768,0,-62068
8732,1,-32282,-5620,0,32768,1,-61941
8733,1,-32247,-5818,0,32768,-2,-61811
8734,1,-32211,-6016,0,32768,0,-61684
8735,1,-32173,-6214,0,32768,1,-61557
8736,1,-32135,-6411,0,32768,-2,-61427
8737,1,-32095,-6608,0,32769,-1,-61300
8738,1,-32054,-6805,0,32769,0,-61172
8739,1,-32011,-7001,0,32768,1,-61045
8740,1,-31968,-7198,0,32768,-1,-60915
8741,1,-31923,-7394,0,32768,0,-60788
8742,1,-31877,-7589,0,32768,0,-60661
8743,1,-31830,-7785,0,32768,-2,-60531
8744,1,-31781,-7980,0,32768,-1,-60403
8745,1,-31732,-8175,0,32768,0,-60276
8746,1,-31681,-8369,0,32768,1,-60149
8747,1,-31629,-8564,0,32768,-1,-60019
8748,1,-31576,-8758,0,32768,0,-59892
8749,1,-31522,-8951,0,32768,1,-59765
8750,1,-31466,-9144,0,32768,2,-59637
8751,1,-31410,-9337,0,32769,-1,-59507
8752,1,-31352,-9530,0,32769,0,-59380
8753,1,-31293,-9722,0,32769,1,-59253
8754,1,-31232,-9914,0,32768,-1,-59123
8755,1,-31171,-10105,0,32768,-1,-58996
8756,1,-31108,-10296,0,32768,0,-58868
8757,1,-31045,-10487,0,32769,2,-58742
8758,1,-30980,-10677,0,32768,-1,-58612
8759,1,-30914,-10867,0,32769,0,-58484
8760,1,-30846,-11057,0,32768,2,-58357
8761,1,-30778,-11246,0,32769,-1,-58227
8762,1,-30708,-11434,0,32768,-1,-58100
8763,1,-30638,-11623,0,32769,1,-57973
8764,1,-30566,-11810,0,32768,1,-57845
8765,1,-30493,-11998,0,32769,-1,-57715
8766,1,-30418,-12185,0,32768,1,-57588
8767,1,-30343,-12371,0,32768,1,-57461
8768,1,-30267,-12557,0,32769,-2,-57331
8769,1,-30189,-12742,0,32768,-1,-57204
8770,1,-30110,-12927,0,32768,0,-57077
8771,1,-30030,-13112,0,32768,2,-56949
8772,1,-29949,-13296,0,32768,-1,-56819
8773,1,-29867,-13479,0,32768,-1,-56692
8774,1,-29784,-13662,0,32768,0,-56565
8775,1,-29699,-13845,0,32768,-2,-56435
8776,1,-29614,-14027,0,32768,-1,-56308
8777,1,-29527,-14208,0,32768,0,-56181
8778,1,-29440,-14389,0,32769,1,-56053
8779,1,-29351,-14570,0,32769,-1,-55923
8780,1,-29261,-14749,0,32768,-1,-55796
8781,1,-29170,-14929,0,32768,1,-55669
8782,1,-29078,-15107,0,32768,1,-55542
8783,1,-28984,-15286,0,32768,0,-55412
8784,1,-28890,-15463,0,32768,0,-55284
8785,1,-28795,-15640,0,32769,1,-55157
8786,1,-28698,-15816,0,32768,-2,-55027
8787,1,-28601,-15992,0,32769,-1,-54900
8788,1,-28502,-16167,0,32768,1,-54773
8789,1,-28402,-16342,0,32768,-2,-54643
8790,1,-28301,-16516,0,32768,-1,-54516
8791,1,-28199,-16689,0,32768,0,-54388
8792,1,-28096,-16862,0,32768,1,-54261
8793,1,-27992,-17034,0,32768,-1,-54131
8794,1,-27887,-17206,0,32768,0,-54004
8795,1,-27781,-17376,0,32767,1,-53876
8796,1,-27674,-17547,0,32768,-1,-53747
8797,1,-27566,-17716,0,32768,-1,-53620
8798,1,-27457,-17885,0,32768,0,-53492
8799,1,-27347,-18053,0,32769,1,-53365
8800,1,-27235,-18220,0,32768,2,-53238
8801,1,-27123,-18387,0,32768,-1,-53108
8802,1,-27010,-18553,0,32768,0,-52980
8803,1,-26895,-18719,0,32768,2,-52853
8804,1,-26780,-18883,0,32768,2,-52726
8805,1,-26664,-19047,0,32768,-1,-52596
8806,1,-26546,-19210,0,32768,0,-52469
8807,1,-26428,-19373,0,32768,2,-52342
8808,1,-26308,-19535,0,32768,-1,-52212
8809,1,-26188,-19696,0,32768,0,-52084
8810,1,-26067,-19856,0,32768,1,-51957
8811,1,-25944,-20016,0,32768,-1,-51827
8812,1,-25821,-20175,0,32768,0,-51700
8813,1,-25697,-20333,0,32769,1,-51573
8814,1,-25572,-20490,0,32768,2,-51445
8815,1,-25445,-20646,0,32768,-1,-51315
8816,1,-25318,-20802,0,32768,0,-51188
8817,1,-25190,-20957,0,32768,1,-51061
8818,1,-25061,-21111,0,32768,-2,-50931
8819,1,-24931,-21265,0,32768,0,-50804
8820,1,-24800,-21417,0,32768,1,-50677
8821,1,-24668,-21569,0,32768,2,-50549
8822,1,-24535,-21720,0,32768,-1,-50419
8823,1,-24402,-21870,0,32768,0,-50292
8824,1,-24267,-22019,0,32768,1,-50165
8825,1,-24131,-22168,0,32768,-1,-50035
8826,1,-23995,-22316,0,32769,0,-49908
8827,1,-23858,-22462,0,32768,0,-49781
8828,1,-23719,-22608,0,32768,2,-49653
8829,1,-23580,-22753,0,32768,-1,-49523
8830,1,-23440,-22898,0,32768,0,-49396
8831,1,-23299,-23041,0,32768,1,-49269
8832,1,-23157,-23184,0,32768,0,-49140
8833,1,-23015,-23325,0,32768,0,-49012
8834,1,-22871,-23466,0,32768,1,-48885
8835,1,-22727,-23606,0,32769,-2,-48755
8836,1,-22581,-23745,0,32768,0,-48628
8837,1,-22435,-23883,0,32768,1,-48500
8838,1,-22288,-24020,0,32768,-2,-48371
8839,1,-22140,-24157,0,32768,0,-48244
8840,1,-21992,-24292,0,32768,0,-48116
8841,1,-21842,-24426,0,32768,1,-47989
8842,1,-21692,-24560,0,32768,-1,-47859
8843,1,-21541,-24693,0,32769,0,-47732
8844,1,-21389,-24824,0,32768,0,-47604
8845,1,-21236,-24955,0,32768,2,-47477
8846,1,-21083,-25085,0,32768,-1,-47347
8847,1,-20929,-25214,0,32769,0,-47220
8848,1,-20773,-25342,0,32768,2,-47093
8849,1,-20618,-25469,0,32769,-2,-46963
8850,1,-20461,-25595,0,32768,0,-46836
8851,1,-20303,-25720,0,32768,1,-46708
8852,1,-20145,-25844,0,32768,-2,-46579
8853,1,-19986,-25967,0,32768,-1,-46451
8854,1,-19827,-26089,0,32768,-1,-46324
8855,1,-19666,-26210,0,32768,1,-46197
8856,1,-19505,-26331,0,32768,-2,-46067
8857,1,-19343,-26450,0,32768,-1,-45939
8858,1,-19180,-26568,0,32768,1,-45813
8859,1,-19017,-26685,0,32768,2,-45685
8860,1,-18853,-26801,0,32768,-2,-45555
8861,1,-18688,-26916,0,32768,0,-45428
8862,1,-18523,-27031,0,32769,1,-45301
8863,1,-18356,-27144,0,32768,-2,-45171
8864,1,-18189,-27256,0,32768,-1,-45044
8865,1,-18022,-27367,0,32768,0,-44916
8866,1,-17854,-27477,0,32768,1,-44789
8867,1,-17685,-27586,0,32768,-2,-44659
8868,1,-17515,-27694,0,32768,-1,-44532
8869,1,-17345,-27801,0,32768,0,-44405
8870,1,-17174,-27907,0,32768,2,-44277
8871,1,-17002,-28012,0,32768,-1,-44147
8872,1,-16830,-28116,0,32769,0,-44020
8873,1,-16657,-28218,0,32768,1,-43893
8874,1,-16484,-28320,0,32768,2,-43765
8875,1,-16310,-28421,0,32769,-1,-43636
8876,1,-16135,-28520,0,32768,0,-43508
8877,1,-15960,-28619,0,32768,1,-43381
8878,1,-15784,-28716,0,32768,-1,-43251
8879,1,-15607,-28812,0,32768,0,-43124
8880,1,-15430,-28908,0,32768,1,-42997
8881,1,-15253,-29002,0,32769,2,-42869
8882,1,-15074,-29095,0,32768,0,-42740
8883,1,-14896,-29187,0,32769,0,-42612
8884,1,-14716,-29278,0,32768,2,-42485
8885,1,-14536,-29367,0,32768,-1,-42355
8886,1,-14356,-29456,0,32768,-1,-42228
8887,1,-14175,-29543,0,32768,0,-42100
8888,1,-13993,-29630,0,32768,-2,-41971
8889,1,-13811,-29715,0,32768,-1,-41844
8890,1,-13629,-29799,0,32768,0,-41716
8891,1,-13446,-29882,0,32768,1,-41589
8892,1,-13262,-29964,0,32768,-2,-41459
8893,1,-13078,-30045,0,32768,-1,-41332
8894,1,-12893,-30125,0,32768,1,-41205
8895,1,-12708,-30203,0,32768,2,-41077
8896,1,-12523,-30281,0,32769,-2,-40947
8897,1,-12337,-30357,0,32768,0,-40820
8898,1,-12150,-30432,0,32768,1,-40693
8899,1,-11963,-30506,0,32768,-1,-40563
8900,1,-11776,-30579,0,32768,-1,-40436
8901,1,-11588,-30651,0,32768,1,-40309
8902,1,-11400,-30721,0,32768,1,-40181
8903,1,-11211,-30791,0,32768,-1,-40051
8904,1,-11022,-30859,0,32768,0,-39924
8905,1,-10832,-30926,0,32768,1,-39797
8906,1,-10642,-30992,0,32768,-2,-39667
8907,1,-10452,-31056,0,32768,-1,-39540
8908,1,-10261,-31120,0,32768,1,-39413
8909,1,-10070,-31182,0,32768,2,-39285
8910,1,-9878,-31244,0,32769,0,-39155
8911,1,-9687,-31304,0,32769,0,-39028
8912,1,-9494,-31362,0,32768,1,-38901
8913,1,-9302,-31420,0,32768,2,-38774
8914,1,-9109,-31477,0,32769,-1,-38644
8915,1,-8915,-31532,0,32768,1,-38516
8916,1,-8722,-31586,0,32768,1,-38389
8917,1,-8528,-31639,0,32769,-1,-38260
8918,1,-8333,-31691,0,32769,1,-38132
8919,1,-8139,-31741,0,32768,1,-38005
8920,1,-7944,-31790,0,32768,-2,-37875
8921,1,-7749,-31839,0,32769,-1,-37748
8922,1,-7553,-31886,0,32768,1,-37620
8923,1,-7357,-31931,0,32768,-2,-37491
8924,1,-7161,-31976,0,32768,-1,-37363
8925,1,-6965,-32019,0,32768,0,-37236
8926,1,-6768,-32061,0,32768,1,-37109
8927,1,-6572,-32102,0,32768,1,-36981
8928,1,-6374,-32142,0,32768,0,-36852
8929,1,-6177,-32181,0,32769,1,-36724
8930,1,-5980,-32218,0,32769,1,-36597
8931,1,-5782,-32254,0,32768,-1,-36467
8932,1,-5584,-32289,0,32768,0,-36340
8933,1,-5386,-32322,0,32768,0,-36213
8934,1,-5187,-32355,0,32768,-2,-36083
8935,1,-4988,-32386,0,32768,-1,-35955
8936,1,-4790,-32416,0,32768,0,-35828
8937,1,-4591,-32445,0,32768,1,-35701
8938,1,-4392,-32472,0,32768,-2,-35571
8939,1,-4192,-32499,0,32768,0,-35444
8940,1,-3993,-32524,0,32768,1,-35317
8941,1,-3793,-32548,0,32768,-2,-35187
8942,1,-3593,-32570,0,32768,-1,-35059
8943,1,-3393,-32592,0,32768,0,-34932
8944,1,-3193,-32612,0,32768,1,-34805
8945,1,-2993,-32631,0,32768,-2,-34675
8946,1,-2793,-32649,0,32768,-1,-34548
8947,1,-2592,-32665,0,32768,1,-34420
8948,1,-2392,-32681,0,32769,2,-34293
8949,1,-2191,-32695,0,32769,-1,-34163
8950,1,-1991,-32707,0,32768,-1,-34036
8951,1,-1790,-32719,0,32768,1,-33909
8952,1,-1589,-32729,0,32768,-2,-33779
8953,1,-1388,-32739,0,32768,-1,-33652
8954,1,-1188,-32746,0,32768,-1,-33524
8955,1,-987,-32753,0,32768,1,-33397
8956,1,-786,-32759,0,32769,2,-33270
8957,1,-585,-32763,0,32768,-1,-33140
8958,1,-384,-32766,0,32769,0,-33013
8959,1,-182,-32767,0,32768,-2,-32883
8960,1,19,-32768,0,32768,-1,-32755
8961,1,220,-32767,0,32768,0,-32628
8962,1,421,-32765,0,32768,1,-32500
8963,1,622,-32762,0,32768,2,-32373
8964,1,823,-32758,0,32769,-1,-32244
8965,1,1024,-32752,0,32768,0,-32116
8966,1,1225,-32745,0,32768,1,-31989
8967,1,1426,-32737,0,32768,-1,-31859
8968,1,1626,-32728,0,32769,-1,-31732
8969,1,1827,-32717,0,32768,0,-31604
8970,1,2028,-32705,0,32768,1,-31477
8971,1,2229,-32692,0,32768,-1,-31347
8972,1,2429,-32678,0,32768,0,-31220
8973,1,2630,-32662,0,32768,1,-31093
8974,1,2830,-32646,0,32769,2,-30965
8975,1,3030,-32628,0,32769,-1,-30836
8976,1,3230,-32608,0,32768,0,-30708
8977,1,3430,-32588,0,32768,1,-30581
8978,1,3630,-32566,0,32768,2,-30454
8979,1,3830,-32543,0,32768,0,-30324
8980,1,4030,-32519,0,32768,1,-30196
8981,1,4229,-32494,0,32768,1,-30069
8982,1,4428,-32467,0,32768,-2,-29939
8983,1,4628,-32440,0,32769,0,-29812
8984,1,4826,-32411,0,32769,1,-29685
8985,1,5025,-32380,0,32768,-2,-29555
8986,1,5224,-32349,0,32768,0,-29428
8987,1,5422,-32316,0,32768,0,-29300
8988,1,5620,-32282,0,32768,1,-29173
8989,1,5818,-32247,0,32768,-2,-29043
8990,1,6016,-32211,0,32768,0,-28916
8991,1,6214,-32173,0,32768,1,-28789
8992,1,6411,-32135,0,32768,-2,-28659
8993,1,6608,-32095,0,32769,-1,-28532
8994,1,6805,-32054,0,32769,0,-28404
8995,1,7001,-32011,0,32768,1,-28277
8996,1,7198,-31968,0,32768,-1,-28147
8997,1,7394,-31923,0,32768,0,-28020
8998,1,7589,-31877,0,32768,0,-27893
8999,1,7785,-31830,0,32768,-2,-27763
9000,1,7980,-31781,0,32768,-1,-27635
9001,1,8175,-31732,0,32768,0,-27508
9002,1,8369,-31681,0,32768,1,-27381
9003,1,8564,-31629,0,32768,-1,-27251
9004,1,8758,-31576,0,32768,0,-27124
9005,1,8951,-31522,0,32768,1,-26997
9006,1,9144,-31466,0,32768,2,-26869
9007,1,9337,-31410,0,32769,-1,-26739
9008,1,9530,-31352,0,32769,0,-26612
9009,1,9722,-31293,0,32769,1,-26485
9010,1,9914,-31232,0,32768,-1,-26355
9011,1,10105,-31171,0,32768,-1,-26228
9012,1,10296,-31108,0,32768,0,-26100
9013,1,10487,-31045,0,32769,2,-25974
9014,1,10677,-30980,0,32768,-1,-25844
9015,1,10867,-30914,0,32769,0,-25716
9016,1,11057,-30846,0,32768,2,-25589
9017,1,11246,-30778,0,32769,-1,-25459
9018,1,11434,-30708,0,32768,-1,-25332
9019,1,11623,-30638,0,32769,1,-25205
9020,1,11810,-30566,0,32768,1,-25077
9021,1,11998,-30493,0,32769,-1,-24947
9022,1,12185,-30418,0,32768,1,-24820
9023,1,12371,-30343,0,32768,1,-24693
9024,1,12557,-30267,0,32769,-2,-24563
9025,1,12742,-30189,0,32768,-1,-24436
9026,1,12927,-30110,0,32768,0,-24309
9027,1,13112,-30030,0,32768,2,-24181
9028,1,13296,-29949,0,32768,-1,-24051
9029,1,13479,-29867,0,32768,-1,-23924
9030,1,13662,-29784,0,32768,0,-23797
9031,1,13845,-29699,0,32768,-2,-23667
9032,1,14027,-29614,0,32768,-1,-23540
9033,1,14208,-29527,0,32768,0,-23413
9034,1,14389,-29440,0,32769,1,-23285
9035,1,14570,-29351,0,32769,-1,-23155
9036,1,14749,-29261,0,32768,-1,-23028
9037,1,14929,-29170,0,32768,1,-22901
9038,1,15107,-29078,0,32768,1,-22774
9039,1,15286,-28984,0,32768,0,-22644
9040,1,15463,-28890,0,32768,0,-22516
9041,1,15640,-28795,0,32769,1,-22389
9042,1,15816,-28698,0,32768,-2,-22259
9043,1,15992,-28601,0,32769,-1,-22132
9044,1,16167,-28502,0,32768,1,-22005
9045,1,16342,-28402,0,32768,-2,-21875
9046,1,16516,-28301,0,32768,-1,-21748
9047,1,16689,-28199,0,32768,0,-21620
9048,1,16862,-28096,0,32768,1,-21493
9049,1,17034,-27992,0,32768,-1,-21363
9050,1,17206,-27887,0,32768,0,-21236
9051,1,17376,-27781,0,32767,1,-21108
9052,1,17547,-27674,0,32768,-1,-20979
9053,1,17716,-27566,0,32768,-1,-20852
9054,1,17885,-27457,0,32768,0,-20724
9055,1,18053,-27347,0,32769,1,-20597
9056,1,18220,-27235,0,32768,2,-20470
9057,1,18387,-27123,0,32768,-1,-20340
9058,1,18553,-27010,0,32768,0,-20212
9059,1,18719,-26895,0,32768,2,-20085
9060,1,18883,-26780,0,32768,2,-19958
9061,1,19047,-26664,0,32768,-1,-19828
9062,1,19210,-26546,0,32768,0,-19701
9063,1,19373,-26428,0,32768,2,-19574
9064,1,19535,-26308,0,32768,-1,-19444
9065,1,19696,-26188,0,32768,0,-19316
9066,1,19856,-26067,0,32768,1,-19189
9067,1,20016,-25944,0,32768,-1,-19059
9068,1,20175,-25821,0,32768,0,-18932
9069,1,20333,-25697,0,32769,1,-18805
9070,1,20490,-25572,0,32768,2,-18677
9071,1,20646,-25445,0,32768,-1,-18547
9072,1,20802,-25318,0,32768,0,-18420
9073,1,20957,-25190,0,32768,1,-18293
9074,1,21111,-25061,0,32768,-2,-18163
9075,1,21265,-24931,0,32768,0,-18036
9076,1,21417,-24800,0,32768,1,-17909
9077,1,21569,-24668,0,32768,2,-17781
9078,1,21720,-24535,0,32768,-1,-17651
9079,1,21870,-24402,0,32768,0,-17524
9080,1,22019,-24267,0,32768,1,-17397
9081,1,22168,-24131,0,32768,-1,-17267
9082,1,22316,-23995,0,32769,0,-17140
9083,1,22462,-23858,0,32768,0,-17013
9084,1,22608,-23719,0,32768,2,-16885
9085,1,22753,-23580,0,32768,-1,-16755
9086,1,22898,-23440,0,32768,0,-16628
9087,1,23041,-23299,0,32768,1,-16501
9088,1,23184,-23157,0,32768,0,-16372
9089,1,23325,-23015,0,32768,0,-16244
9090,1,23466,-22871,0,32768,1,-16117
9091,1,23606,-22727,0,32769,-2,-15987
9092,1,23745,-22581,0,32768,0,-15860
9093,1,23883,-22435,0,32768,1,-15732
9094,1,24020,-22288,0,32768,-2,-15603
9095,1,24157,-22140,0,32768,0,-15476
9096,1,24292,-21992,0,32768,0,-15348
9097,1,24426,-21842,0,32768,1,-15221
9098,1,24560,-21692,0,32768,-1,-15091
9099,1,24693,-21541,0,32769,0,-14964
9100,1,24824,-21389,0,32768,0,-14836
9101,1,24955,-21236,0,32768,2,-14709
9102,1,25085,-21083,0,32768,-1,-14579
9103,1,25214,-20929,0,32769,0,-14452
9104,1,25342,-20773,0,32768,2,-14325
9105,1,25469,-20618,0,32769,-2,-14195
9106,1,25595,-20461,0,32768,0,-14068
9107,1,25720,-20303,0,32768,1,-13940
9108,1,25844,-20145,0,32768,-2,-13811
9109,1,25967,-19986,0,32768,-1,-13683
9110,1,26089,-19827,0,32768,-1,-13556
9111,1,26210,-19666,0,32768,1,-13429
9112,1,26331,-19505,0,32768,-2,-13299
9113,1,26450,-19343,0,32768,-1,-13171
9114,1,26568,-19180,0,32768,1,-13045
9115,1,26685,-19017,0,32768,2,-12917
9116,1,26801,-18853,0,32768,-2,-12787
9117,1,26916,-18688,0,32768,0,-12660
9118,1,27031,-18523,0,32769,1,-12533
9119,1,27144,-18356,0,32768,-2,-12403
9120,1,27256,-18189,0,32768,-1,-12276
9121,1,27367,-18022,0,32768,0,-12148
9122,1,27477,-17854,0,32768,1,-12021
9123,1,27586,-17685,0,32768,-2,-11891
9124,1,27694,-17515,0,32768,-1,-11764
9125,1,27801,-17345,0,32768,0,-11637
9126,1,27907,-17174,0,32768,2,-11509
9127,1,28012,-17002,0,32768,-1,-11379
9128,1,28116,-16830,0,32769,0,-11252
9129,1,28218,-16657,0,32768,1,-11125
9130,1,28320,-16484,0,32768,2,-10997
9131,1,28421,-16310,0,32769,-1,-10868
9132,1,28520,-16135,0,32768,0,-10740
9133,1,28619,-15960,0,32768,1,-10613
9134,1,28716,-15784,0,32768,-1,-10483
9135,1,28812,-15607,0,32768,0,-10356
9136,1,28908,-15430,0,32768,1,-10229
9137,1,29002,-15253,0,32769,2,-10101
9138,1,29095,-15074,0,32768,0,-9972
9139,1,29187,-14896,0,32769,0,-9844
9140,1,29278,-14716,0,32768,2,-9717
9141,1,29367,-14536,0,32768,-1,-9587
9142,1,29456,-14356,0,32768,-1,-9460
9143,1,29543,-14175,0,32768,0,-9332
9144,1,29630,-13993,0,32768,-2,-9203
9145,1,29715,-13811,0,32768,-1,-9076
9146,1,29799,-13629,0,32768,0,-8948
9147,1,29882,-13446,0,32768,1,-8821
9148,1,29964,-13262,0,32768,-2,-8691
9149,1,30045,-13078,0,32768,-1,-8564
9150,1,30125,-12893,0,32768,1,-8437
9151,1,30203,-12708,0,32768,2,-8309
9152,1,30281,-12523,0,32769,-2,-8179
9153,1,30357,-12337,0,32768,0,-8052
9154,1,30432,-12150,0,32768,1,-7925
9155,1,30506,-11963,0,32768,-1,-7795
9156,1,30579,-11776,0,32768,-1,-7668
9157,1,30651,-11588,0,32768,1,-7541
9158,1,30721,-11400,0,32768,1,-7413
9159,1,30791,-11211,0,32768,-1,-7283
9160,1,30859,-11022,0,32768,0,-7156
9161,1,30926,-10832,0,32768,1,-7029
9162,1,30992,-10642,0,32768,-2,-6899
9163,1,31056,-10452,0,32768,-1,-6772
9164,1,31120,-10261,0,32768,1,-6645
9165,1,31182,-10070,0,32768,2,-6517
9166,1,31244,-9878,0,32769,0,-6387
9167,1,31304,-9687,0,32769,0,-6260
9168,1,31362,-9494,0,32768,1,-6133
9169,1,31420,-9302,0,32768,2,-6006
9170,1,31477,-9109,0,32769,-1,-5876
9171,1,31532,-8915,0,32768,1,-5748
9172,1,31586,-8722,0,32768,1,-5621
9173,1,31639,-8528,0,32769,-1,-5492
9174,1,31691,-8333,0,32769,1,-5364
9175,1,31741,-8139,0,32768,1,-5237
9176,1,31790,-7944,0,32768,-2,-5107
9177,1,31839,-7749,0,32769,-1,-4980
9178,1,31886,-7553,0,32768,1,-4852
9179,1,31931,-7357,0,32768,-2,-4723
9180,1,31976,-7161,0,32768,-1,-4595
9181,1,32019,-6965,0,32768,0,-4468
9182,1,32061,-6768,0,32768,1,-4341
9183,1,32102,-6572,0,32768,1,-4213
9184,1,32142,-6374,0,32768,0,-4084
9185,1,32181,-6177,0,32769,1,-3956
9186,1,32218,-5980,0,32769,1,-3829
9187,1,32254,-5782,0,32768,-1,-3699
9188,1,32289,-5584,0,32768,0,-3572
9189,1,32322,-5386,0,32768,0,-3445
9190,1,32355,-5187,0,32768,-2,-3315
9191,1,32386,-4988,0,32768,-1,-3187
9192,1,32416,-4790,0,32768,0,-3060
9193,1,32445,-4591,0,32768,1,-2933
9194,1,32472,-4392,0,32768,-2,-2803
9195,1,32499,-4192,0,32768,0,-2676
9196,1,32524,-3993,0,32768,1,-2549
9197,1,32548,-3793,0,32768,-2,-2419
9198,1,32570,-3593,0,32768,-1,-2291
9199,1,32592,-3393,0,32768,0,-2164
9200,1,32612,-3193,0,32768,1,-2037
9201,1,32631,-2993,0,32768,-2,-1907
9202,1,32649,-2793,0,32768,-1,-1780
9203,1,32665,-2592,0,32768,1,-1652
9204,1,32681,-2392,0,32769,2,-1525
9205,1,32695,-2191,0,32769,-1,-1395
9206,1,32707,-1991,0,32768,-1,-1268
9207,1,32719,-1790,0,32768,1,-1141
9208,1,32729,-1589,0,32768,-2,-1011
9209,1,32739,-1388,0,32768,-1,-884
9210,1,32746,-1188,0,32768,-1,-756
9211,1,32753,-987,0,32768,1,-629
9212,1,32759,-786,0,32769,2,-502
9213,1,32763,-585,0,32768,-1,-372
9214,1,32766,-384,0,32769,0,-245
9215,1,32767,-182,0,32768,-2,-115
9216,1,16384,9,0,16384,1,11
9217,1,16384,110,0,16384,0,140
9218,1,16383,210,0,16384,0,268
9219,1,16381,311,0,16384,1,395
9220,1,16379,411,0,16384,-1,524
9221,1,16376,512,0,16384,0,652
9222,1,16373,612,0,16385,0,779
9223,1,16368,713,0,16384,0,909
9224,1,16364,813,0,16384,-1,1036
9225,1,16359,914,0,16385,0,1164
9226,1,16353,1014,0,16385,1,1291
9227,1,16346,1114,0,16384,-1,1421
9228,1,16339,1215,0,16384,0,1548
9229,1,16331,1315,0,16384,0,1675
9230,1,16323,1415,0,16385,1,1803
9231,1,16314,1515,0,16385,-1,1932
9232,1,16304,1615,0,16384,0,2060
9233,1,16294,1715,0,16384,0,2187
9234,1,16283,1815,0,16384,1,2314
9235,1,16272,1915,0,16385,0,2444
9236,1,16260,2015,0,16385,0,2572
9237,1,16247,2115,0,16384,-1,2701
9238,1,16234,2214,0,16384,-1,2829
9239,1,16220,2314,0,16385,0,2956
9240,1,16205,2413,0,16384,0,3083
9241,1,16190,2513,0,16384,0,3213
9242,1,16174,2612,0,16384,0,3340
9243,1,16158,2711,0,16384,0,3468
9244,1,16141,2810,0,16384,0,3595
9245,1,16124,2909,0,16385,-1,3725
9246,1,16105,3008,0,16384,0,3852
9247,1,16087,3107,0,16384,1,3979
9248,1,16067,3205,0,16384,1,4107
9249,1,16047,3304,0,16384,-1,4236
9250,1,16027,3402,0,16384,0,4364
9251,1,16006,3501,0,16385,1,4491
9252,1,15984,3599,0,16384,-1,4621
9253,1,15961,3697,0,16384,0,4748
9254,1,15938,3795,0,16384,1,4875
9255,1,15915,3892,0,16384,0,5003
9256,1,15891,3990,0,16385,-1,5133
9257,1,15866,4087,0,16384,0,5260
9258,1,15841,4185,0,16385,1,5387
9259,1,15815,4282,0,16385,-1,5517
9260,1,15788,4379,0,16384,0,5644
9261,1,15761,4476,0,16384,1,5771
9262,1,15733,4572,0,16384,1,5899
9263,1,15705,4669,0,16385,0,6029
9264,1,15676,4765,0,16385,0,6156
9265,1,15646,4861,0,16384,1,6283
9266,1,15616,4957,0,16384,-1,6413
9267,1,15585,5053,0,16384,0,6540
9268,1,15554,5148,0,16384,0,6668
9269,1,15522,5244,0,16384,-1,6797
9270,1,15490,5339,0,16385,0,6924
9271,1,15457,5434,0,16385,0,7052
9272,1,15423,5528,0,16384,0,7179
9273,1,15389,5623,0,16384,-1,7309
9274,1,15354,5717,0,16384,0,7436
9275,1,15319,5811,0,16384,0,7563
9276,1,15283,5905,0,16384,1,7691
9277,1,15246,5999,0,16384,0,7821
9278,1,15209,6092,0,16384,0,7948
9279,1,15172,6186,0,16385,-1,8077
9280,1,15133,6278,0,16384,1,8202
9281,1,15094,6371,0,16384,0,8332
9282,1,15055,6464,0,16384,1,8459
9283,1,15015,6556,0,16384,1,8587
9284,1,14975,6648,0,16384,-1,8717
9285,1,14934,6740,0,16385,0,8844
9286,1,14892,6831,0,16384,0,8971
9287,1,14850,6922,0,16384,1,9099
9288,1,14807,7013,0,16384,0,9228
9289,1,14764,7104,0,16385,0,9355
9290,1,14720,7195,0,16385,1,9483
9291,1,14675,7285,0,16384,0,9613
9292,1,14630,7375,0,16384,0,9740
9293,1,14585,7464,0,16384,0,9867
9294,1,14539,7554,0,16385,-1,9997
9295,1,14492,7643,0,16384,0,10124
9296,1,14445,7732,0,16384,1,10252
9297,1,14397,7820,0,16384,1,10379
9298,1,14349,7908,0,16384,-1,10509
9299,1,14300,7996,0,16384,0,10636
9300,1,14251,8084,0,16384,1,10763
9301,1,14201,8171,0,16384,-1,10893
9302,1,14151,8258,0,16385,-1,11020
9303,1,14100,8345,0,16385,0,11148
9304,1,14048,8431,0,16384,1,11275
9305,1,13996,8517,0,16384,0,11405
9306,1,13944,8603,0,16384,0,11532
9307,1,13891,8688,0,16384,0,11660
9308,1,13837,8773,0,16384,-1,11789
9309,1,13783,8858,0,16384,-1,11916
9310,1,13728,8942,0,16384,0,12044
9311,1,13673,9026,0,16384,0,12171
9312,1,13618,9110,0,16384,1,12298
9313,1,13561,9194,0,16384,0,12428
9314,1,13505,9277,0,16385,0,12556
9315,1,13448,9359,0,16384,0,12683
9316,1,13390,9442,0,16384,-1,12813
9317,1,13332,9524,0,16384,0,12940
9318,1,13273,9605,0,16384,0,13067
9319,1,13214,9687,0,16385,-1,13197
9320,1,13154,9767,0,16384,-1,13324
9321,1,13094,9848,0,16384,0,13452
9322,1,13033,9928,0,16384,-1,13581
9323,1,12972,10008,0,16384,-1,13709
9324,1,12911,10087,0,16384,-1,13836
9325,1,12848,10166,0,16384,1,13963
9326,1,12786,10245,0,16384,1,14091
9327,1,12723,10323,0,16384,-1,14221
9328,1,12659,10401,0,16384,0,14348
9329,1,12595,10479,0,16384,1,14475
9330,1,12531,10556,0,16385,-1,14605
9331,1,12466,10632,0,16384,-1,14732
9332,1,12400,10709,0,16384,1,14859
9333,1,12334,10785,0,16385,-1,14989
9334,1,12268,10860,0,16384,-1,15117
9335,1,12201,10935,0,16384,0,15244
9336,1,12133,11010,0,16384,-1,15374
9337,1,12066,11084,0,16384,1,15499
9338,1,11997,11158,0,16384,0,15628
9339,1,11929,11231,0,16384,0,15755
9340,1,11860,11304,0,16384,0,15883
9341,1,11790,11377,0,16384,0,16013
9342,1,11720,11449,0,16384,0,16140
9343,1,11650,11521,0,16385,1,16267
9344,1,11579,11592,0,16384,0,16396
9345,1,11507,11663,0,16384,0,16524
9346,1,11436,11733,0,16385,0,16651
9347,1,11363,11803,0,16384,-1,16781
9348,1,11291,11872,0,16384,-1,16908
9349,1,11218,11942,0,16385,0,17036
9350,1,11144,12010,0,16384,1,17162
9351,1,11070,12078,0,16384,0,17292
9352,1,10996,12146,0,16384,0,17420
9353,1,10921,12213,0,16384,1,17547
9354,1,10846,12280,0,16384,-1,17677
9355,1,10770,12346,0,16384,0,17804
9356,1,10695,12412,0,16384,0,17932
9357,1,10618,12478,0,16385,-1,18061
9358,1,10541,12542,0,16383,0,18189
9359,1,10464,12607,0,16384,0,18316
9360,1,10387,12671,0,16385,0,18443
9361,1,10309,12734,0,16384,1,18570
9362,1,10230,12797,0,16384,0,18700
9363,1,10152,12860,0,16384,0,18828
9364,1,10073,12922,0,16384,1,18955
9365,1,9993,12984,0,16385,0,19085
9366,1,9913,13045,0,16384,0,19212
9367,1,9833,13105,0,16384,0,19339
9368,1,9752,13165,0,16384,-1,19469
9369,1,9672,13225,0,16385,-1,19597
9370,1,9590,13284,0,16384,0,19723
9371,1,9508,13343,0,16384,-1,19853
9372,1,9426,13401,0,16384,0,19981
9373,1,9344,13458,0,16384,0,20108
9374,1,9261,13515,0,16384,1,20235
9375,1,9178,13572,0,16384,-1,20365
9376,1,9095,13628,0,16384,-1,20492
9377,1,9011,13684,0,16384,0,20620
9378,1,8927,13739,0,16385,1,20747
9379,1,8842,13793,0,16384,-1,20877
9380,1,8758,13847,0,16384,-1,21004
9381,1,8672,13901,0,16384,1,21131
9382,1,8587,13953,0,16384,1,21259
9383,1,8501,14006,0,16384,0,21389
9384,1,8415,14058,0,16384,0,21516
9385,1,8329,14109,0,16384,0,21643
9386,1,8242,14160,0,16384,1,21771
9387,1,8155,14210,0,16384,-1,21900
9388,1,8068,14260,0,16384,0,22028
9389,1,7980,14309,0,16384,1,22155
9390,1,7892,14358,0,16384,-1,22285
9391,1,7804,14406,0,16384,0,22412
9392,1,7715,14454,0,16384,1,22539
9393,1,7626,14501,0,16384,-1,22669
9394,1,7537,14547,0,16384,0,22796
9395,1,7448,14593,0,16384,0,22924
9396,1,7358,14639,0,16384,1,23051
9397,1,7268,14684,0,16384,0,23181
9398,1,7178,14728,0,16384,0,23308
9399,1,7087,14772,0,16384,1,23436
9400,1,6997,14815,0,16384,1,23562
9401,1,6906,14858,0,16385,-1,23692
9402,1,6814,14900,0,16384,1,23820
9403,1,6723,14941,0,16384,0,23947
9404,1,6631,14982,0,16384,-1,24077
9405,1,6539,15023,0,16385,0,24204
9406,1,6447,15062,0,16384,0,24331
9407,1,6354,15102,0,16384,-1,24461
9408,1,6261,15140,0,16384,0,24589
9409,1,6168,15179,0,16384,0,24716
9410,1,6075,15216,0,16384,1,24843
9411,1,5982,15253,0,16384,1,24970
9412,1,5888,15289,0,16384,0,25100
9413,1,5794,15325,0,16384,0,25227
9414,1,5700,15361,0,16385,1,25355
9415,1,5605,15395,0,16384,0,25485
9416,1,5511,15429,0,16384,0,25612
9417,1,5416,15463,0,16384,1,25739
9418,1,5321,15496,0,16384,-1,25869
9419,1,5226,15528,0,16384,-1,25996
9420,1,5131,15560,0,16384,0,26123
9421,1,5035,15591,0,16384,1,26251
9422,1,4939,15622,0,16384,0,26381
9423,1,4843,15652,0,16384,0,26508
9424,1,4747,15681,0,16384,0,26635
9425,1,4651,15710,0,16384,1,26762
9426,1,4554,15738,0,16384,0,26892
9427,1,4458,15766,0,16384,0,27020
9428,1,4361,15793,0,16384,1,27147
9429,1,4264,15819,0,16384,-1,27276
9430,1,4167,15845,0,16384,0,27404
9431,1,4069,15871,0,16384,-1,27534
9432,1,3972,15895,0,16384,1,27658
9433,1,3874,15919,0,16384,0,27788
9434,1,3777,15943,0,16384,0,27916
9435,1,3679,15966,0,16385,1,28043
9436,1,3581,15988,0,16384,-1,28173
9437,1,3483,16010,0,16385,0,28300
9438,1,3384,16031,0,16384,1,28427
9439,1,3286,16051,0,16384,1,28555
9440,1,3187,16071,0,16384,0,28684
9441,1,3089,16090,0,16384,0,28812
9442,1,2990,16109,0,16384,1,28939
9443,1,2891,16127,0,16384,-1,29069
9444,1,2792,16144,0,16384,0,29196
9445,1,2693,16161,0,16384,0,29323
9446,1,2594,16177,0,16384,1,29451
9447,1,2494,16193,0,16384,0,29581
9448,1,2395,16208,0,16384,0,29708
9449,1,2295,16222,0,16384,1,29835
9450,1,2196,16236,0,16384,-1,29965
9451,1,2096,16249,0,16384,0,30092
9452,1,1996,16262,0,16384,1,30219
9453,1,1897,16274,0,16384,1,30347
9454,1,1797,16285,0,16384,-1,30477
9455,1,1697,16296,0,16384,0,30604
9456,1,1597,16306,0,16384,0,30731
9457,1,1497,16316,0,16385,1,30859
9458,1,1396,16324,0,16384,0,30988
9459,1,1296,16333,0,16384,1,31116
9460,1,1196,16340,0,16384,1,31243
9461,1,1096,16347,0,16384,1,31370
9462,1,995,16354,0,16385,0,31500
9463,1,895,16360,0,16385,1,31627
9464,1,795,16365,0,16384,1,31755
9465,1,694,16369,0,16384,0,31884
9466,1,594,16373,0,16384,0,32012
9467,1,493,16377,0,16385,1,32139
9468,1,393,16379,0,16384,-1,32269
9469,1,292,16381,0,16384,0,32396
9470,1,192,16383,0,16384,0,32523
9471,1,91,16384,0,16384,-1,32653
9472,1,-9,16384,0,16384,1,32779
9473,1,-110,16384,0,16384,0,32908
9474,1,-210,16383,0,16384,0,33036
9475,1,-311,16381,0,16384,1,33163
9476,1,-411,16379,0,16384,-1,33292
9477,1,-512,16376,0,16384,0,33420
9478,1,-612,16373,0,16385,0,33547
9479,1,-713,16368,0,16384,0,33677
9480,1,-813,16364,0,16384,-1,33804
9481,1,-914,16359,0,16385,0,33932
9482,1,-1014,16353,0,16385,1,34059
9483,1,-1114,16346,0,16384,-1,34189
9484,1,-1215,16339,0,16384,0,34316
9485,1,-1315,16331,0,16384,0,34443
9486,1,-1415,16323,0,16385,1,34571
9487,1,-1515,16314,0,16385,-1,34700
9488,1,-1615,16304,0,16384,0,34828
9489,1,-1715,16294,0,16384,0,34955
9490,1,-1815,16283,0,16384,1,35082
9491,1,-1915,16272,0,16385,0,35212
9492,1,-2015,16260,0,16385,0,35340
9493,1,-2115,16247,0,16384,-1,35469
9494,1,-2214,16234,0,16384,-1,35597
9495,1,-2314,16220,0,16385,0,35724
9496,1,-2413,16205,0,16384,0,35851
9497,1,-2513,16190,0,16384,0,35981
9498,1,-2612,16174,0,16384,0,36108
9499,1,-2711,16158,0,16384,0,36236
9500,1,-2810,16141,0,16384,0,36363
9501,1,-2909,16124,0,16385,-1,36493
9502,1,-3008,16105,0,16384,0,36620
9503,1,-3107,16087,0,16384,1,36747
9504,1,-3205,16067,0,16384,1,36875
9505,1,-3304,16047,0,16384,-1,37004
9506,1,-3402,16027,0,16384,0,37132
9507,1,-3501,16006,0,16385,1,37259
9508,1,-3599,15984,0,16384,-1,37389
9509,1,-3697,15961,0,16384,0,37516
9510,1,-3795,15938,0,16384,1,37643
9511,1,-3892,15915,0,16384,0,37771
9512,1,-3990,15891,0,16385,-1,37901
9513,1,-4087,15866,0,16384,0,38028
9514,1,-4185,15841,0,16385,1,38155
9515,1,-4282,15815,0,16385,-1,38285
9516,1,-4379,15788,0,16384,0,38412
9517,1,-4476,15761,0,16384,1,38539
9518,1,-4572,15733,0,16384,1,38667
9519,1,-4669,15705,0,16385,0,38797
9520,1,-4765,15676,0,16385,0,38924
9521,1,-4861,15646,0,16384,1,39051
9522,1,-4957,15616,0,16384,-1,39181
9523,1,-5053,15585,0,16384,0,39308
9524,1,-5148,15554,0,16384,0,39436
9525,1,-5244,15522,0,16384,-1,39565
9526,1,-5339,15490,0,16385,0,39692
9527,1,-5434,15457,0,16385,0,39820
9528,1,-5528,15423,0,16384,0,39947
9529,1,-5623,15389,0,16384,-1,40077
9530,1,-5717,15354,0,16384,0,40204
9531,1,-5811,15319,0,16384,0,40331
9532,1,-5905,15283,0,16384,1,40459
9533,1,-5999,15246,0,16384,0,40589
9534,1,-6092,15209,0,16384,0,40716
9535,1,-6186,15172,0,16385,-1,40845
9536,1,-6278,15133,0,16384,1,40970
9537,1,-6371,15094,0,16384,0,41100
9538,1,-6464,15055,0,16384,1,41227
9539,1,-6556,15015,0,16384,1,41355
9540,1,-6648,14975,0,16384,-1,41485
9541,1,-6740,14934,0,16385,0,41612
9542,1,-6831,14892,0,16384,0,41739
9543,1,-6922,14850,0,16384,1,41867
9544,1,-7013,14807,0,16384,0,41996
9545,1,-7104,14764,0,16385,0,42123
9546,1,-7195,14720,0,16385,1,42251
9547,1,-7285,14675,0,16384,0,42381
9548,1,-7375,14630,0,16384,0,42508
9549,1,-7464,14585,0,16384,0,42635
9550,1,-7554,14539,0,16385,-1,42765
9551,1,-7643,14492,0,16384,0,42892
9552,1,-7732,14445,0,16384,1,43020
9553,1,-7820,14397,0,16384,1,43147
9554,1,-7908,14349,0,16384,-1,43277
9555,1,-7996,14300,0,16384,0,43404
9556,1,-8084,14251,0,16384,1,43531
9557,1,-8171,14201,0,16384,-1,43661
9558,1,-8258,14151,0,16385,-1,43788
9559,1,-8345,14100,0,16385,0,43916
9560,1,-8431,14048,0,16384,1,44043
9561,1,-8517,13996,0,16384,0,44173
9562,1,-8603,13944,0,16384,0,44300
9563,1,-8688,13891,0,16384,0,44428
9564,1,-8773,13837,0,16384,-1,44557
9565,1,-8858,13783,0,16384,-1,44684
9566,1,-8942,13728,0,16384,0,44812
9567,1,-9026,13673,0,16384,0,44939
9568,1,-9110,13618,0,16384,1,45066
9569,1,-9194,13561,0,16384,0,45196
9570,1,-9277,13505,0,16385,0,45324
9571,1,-9359,13448,0,16384,0,45451
9572,1,-9442,13390,0,16384,-1,45581
9573,1,-9524,13332,0,16384,0,45708
9574,1,-9605,13273,0,16384,0,45835
9575,1,-9687,13214,0,16385,-1,45965
9576,1,-9767,13154,0,16384,-1,46092
9577,1,-9848,13094,0,16384,0,46220
9578,1,-9928,13033,0,16384,-1,46349
9579,1,-10008,12972,0,16384,-1,46477
9580,1,-10087,12911,0,16384,-1,46604
9581,1,-10166,12848,0,16384,1,46731
9582,1,-10245,12786,0,16384,1,46859
9583,1,-10323,12723,0,16384,-1,46989
9584,1,-10401,12659,0,16384,0,47116
9585,1,-10479,12595,0,16384,1,47243
9586,1,-10556,12531,0,16385,-1,47373
9587,1,-10632,12466,0,16384,-1,47500
9588,1,-10709,12400,0,16384,1,47627
9589,1,-10785,12334,0,16385,-1,47757
9590,1,-10860,12268,0,16384,-1,47885
9591,1,-10935,12201,0,16384,0,48012
9592,1,-11010,12133,0,16384,-1,48142
9593,1,-11084,12066,0,16384,1,48267
9594,1,-11158,11997,0,16384,0,48396
9595,1,-11231,11929,0,16384,0,48523
9596,1,-11304,11860,0,16384,0,48651
9597,1,-11377,11790,0,16384,0,48781
9598,1,-11449,11720,0,16384,0,48908
9599,1,-11521,11650,0,16385,1,49035
9600,1,-11592,11579,0,16384,0,49164
9601,1,-11663,11507,0,16384,0,49292
9602,1,-11733,11436,0,16385,0,49419
9603,1,-11803,11363,0,16384,-1,49549
9604,1,-11872,11291,0,16384,-1,49676
9605,1,-11942,11218,0,16385,0,49804
9606,1,-12010,11144,0,16384,1,49930
9607,1,-12078,11070,0,16384,0,50060
9608,1,-12146,10996,0,16384,0,50188
9609,1,-12213,10921,0,16384,1,50315
9610,1,-12280,10846,0,16384,-1,50445
9611,1,-12346,10770,0,16384,0,50572
9612,1,-12412,10695,0,16384,0,50700
9613,1,-12478,10618,0,16385,-1,50829
9614,1,-12542,10541,0,16383,0,50957
9615,1,-12607,10464,0,16384,0,51084
9616,1,-12671,10387,0,16385,0,51211
9617,1,-12734,10309,0,16384,1,51338
9618,1,-12797,10230,0,16384,0,51468
9619,1,-12860,10152,0,16384,0,51596
9620,1,-12922,10073,0,16384,1,51723
9621,1,-12984,9993,0,16385,0,51853
9622,1,-13045,9913,0,16384,0,51980
9623,1,-13105,9833,0,16384,0,52107
9624,1,-13165,9752,0,16384,-1,52237
9625,1,-13225,9672,0,16385,-1,52365
9626,1,-13284,9590,0,16384,0,52491
9627,1,-13343,9508,0,16384,-1,52621
9628,1,-13401,9426,0,16384,0,52749
9629,1,-13458,9344,0,16384,0,52876
9630,1,-13515,9261,0,16384,1,53003
9631,1,-13572,9178,0,16384,-1,53133
9632,1,-13628,9095,0,16384,-1,53260
9633,1,-13684,9011,0,16384,0,53388
9634,1,-13739,8927,0,16385,1,53515
9635,1,-13793,8842,0,16384,-1,53645
9636,1,-13847,8758,0,16384,-1,53772
9637,1,-13901,8672,0,16384,1,53899
9638,1,-13953,8587,0,16384,1,54027
9639,1,-14006,8501,0,16384,0,54157
9640,1,-14058,8415,0,16384,0,54284
9641,1,-14109,8329,0,16384,0,54411
9642,1,-14160,8242,0,16384,1,54539
9643,1,-14210,8155,0,16384,-1,54668
9644,1,-14260,8068,0,16384,0,54796
9645,1,-14309,7980,0,16384,1,54923
9646,1,-14358,7892,0,16384,-1,55053
9647,1,-14406,7804,0,16384,0,55180
9648,1,-14454,7715,0,16384,1,55307
9649,1,-14501,7626,0,16384,-1,55437
9650,1,-14547,7537,0,16384,0,55564
9651,1,-14593,7448,0,16384,0,55692
9652,1,-14639,7358,0,16384,1,55819
9653,1,-14684,7268,0,16384,0,55949
9654,1,-14728,7178,0,16384,0,56076
9655,1,-14772,7087,0,16384,1,56204
9656,1,-14815,6997,0,16384,1,56330
9657,1,-14858,6906,0,16385,-1,56460
9658,1,-14900,6814,0,16384,1,56588
9659,1,-14941,6723,0,16384,0,56715
9660,1,-14982,6631,0,16384,-1,56845
9661,1,-15023,6539,0,16385,0,56972
9662,1,-15062,6447,0,16384,0,57099
9663,1,-15102,6354,0,16384,-1,57229
9664,1,-15140,6261,0,16384,0,57357
9665,1,-15179,6168,0,16384,0,57484
9666,1,-15216,6075,0,16384,1,57611
9667,1,-15253,5982,0,16384,1,57738
9668,1,-15289,5888,0,16384,0,57868
9669,1,-15325,5794,0,16384,0,57995
9670,1,-15361,5700,0,16385,1,58123
9671,1,-15395,5605,0,16384,0,58253
9672,1,-15429,5511,0,16384,0,58380
9673,1,-15463,5416,0,16384,1,58507
9674,1,-15496,5321,0,16384,-1,58637
9675,1,-15528,5226,0,16384,-1,58764
9676,1,-15560,5131,0,16384,0,58891
9677,1,-15591,5035,0,16384,1,59019
9678,1,-15622,4939,0,16384,0,59149
9679,1,-15652,4843,0,16384,0,59276
9680,1,-15681,4747,0,16384,0,59403
9681,1,-15710,4651,0,16384,1,59530
9682,1,-15738,4554,0,16384,0,59660
9683,1,-15766,4458,0,16384,0,59788
9684,1,-15793,4361,0,16384,1,59915
9685,1,-15819,4264,0,16384,-1,60044
9686,1,-15845,4167,0,16384,0,60172
9687,1,-15871,4069,0,16384,-1,60302
9688,1,-15895,3972,0,16384,1,60426
9689,1,-15919,3874,0,16384,0,60556
9690,1,-15943,3777,0,16384,0,60684
9691,1,-15966,3679,0,16385,1,60811
9692,1,-15988,3581,0,16384,-1,60941
9693,1,-16010,3483,0,16385,0,61068
9694,1,-16031,3384,0,16384,1,61195
9695,1,-16051,3286,0,16384,1,61323
9696,1,-16071,3187,0,16384,0,61452
9697,1,-16090,3089,0,16384,0,61580
9698,1,-16109,2990,0,16384,1,61707
9699,1,-16127,2891,0,16384,-1,61837
9700,1,-16144,2792,0,16384,0,61964
9701,1,-16161,2693,0,16384,0,62091
9702,1,-16177,2594,0,16384,1,62219
9703,1,-16193,2494,0,16384,0,62349
9704,1,-16208,2395,0,16384,0,62476
9705,1,-16222,2295,0,16384,1,62603
9706,1,-16236,2196,0,16384,-1,62733
9707,1,-16249,2096,0,16384,0,62860
9708,1,-16262,1996,0,16384,1,62987
9709,1,-16274,1897,0,16384,1,63115
9710,1,-16285,1797,0,16384,-1,63245
9711,1,-16296,1697,0,16384,0,63372
9712,1,-16306,1597,0,16384,0,63499
9713,1,-16316,1497,0,16385,1,63627
9714,1,-16324,1396,0,16384,0,63756
9715,1,-16333,1296,0,16384,1,63884
9716,1,-16340,1196,0,16384,1,64011
9717,1,-16347,1096,0,16384,1,64138
9718,1,-16354,995,0,16385,0,64268
9719,1,-16360,895,0,16385,1,64395
9720,1,-16365,795,0,16384,1,64523
9721,1,-16369,694,0,16384,0,64652
9722,1,-16373,594,0,16384,0,64780
9723,1,-16377,493,0,16385,1,64907
9724,1,-16379,393,0,16384,-1,65037
9725,1,-16381,292,0,16384,0,65164
9726,1,-16383,192,0,16384,0,65291
9727,1,-16384,91,0,16384,-1,65421
9728,1,-16384,-9,0,16384,1,-65525
9729,1,-16384,-110,0,16384,0,-65396
9730,1,-16383,-210,0,16384,0,-65268
9731,1,-16381,-311,0,16384,1,-65141
9732,1,-16379,-411,0,16384,-1,-65012
9733,1,-16376,-512,0,16384,0,-64884
9734,1,-16373,-612,0,16385,0,-64757
9735,1,-16368,-713,0,16384,0,-64627
9736,1,-16364,-813,0,16384,-1,-64500
9737,1,-16359,-914,0,16385,0,-64372
9738,1,-16353,-1014,0,16385,1,-64245
9739,1,-16346,-1114,0,16384,-1,-64115
9740,1,-16339,-1215,0,16384,0,-63988
9741,1,-16331,-1315,0,16384,0,-63861
9742,1,-16323,-1415,0,16385,1,-63733
9743,1,-16314,-1515,0,16385,-1,-63604
9744,1,-16304,-1615,0,16384,0,-63476
9745,1,-16294,-1715,0,16384,0,-63349
9746,1,-16283,-1815,0,16384,1,-63222
9747,1,-16272,-1915,0,16385,0,-63092
9748,1,-16260,-2015,0,16385,0,-62964
9749,1,-16247,-2115,0,16384,-1,-62835
9750,1,-16234,-2214,0,16384,-1,-62707
9751,1,-16220,-2314,0,16385,0,-62580
9752,1,-16205,-2413,0,16384,0,-62453
9753,1,-16190,-2513,0,16384,0,-62323
9754,1,-16174,-2612,0,16384,0,-62196
9755,1,-16158,-2711,0,16384,0,-62068
9756,1,-16141,-2810,0,16384,0,-61941
9757,1,-16124,-2909,0,16385,-1,-61811
9758,1,-16105,-3008,0,16384,0,-61684
9759,1,-16087,-3107,0,16384,1,-61557
9760,1,-16067,-3205,0,16384,1,-61429
9761,1,-16047,-3304,0,16384,-1,-61300
9762,1,-16027,-3402,0,16384,0,-61172
9763,1,-16006,-3501,0,16385,1,-61045
9764,1,-15984,-3599,0,16384,-1,-60915
9765,1,-15961,-3697,0,16384,0,-60788
9766,1,-15938,-3795,0,16384,1,-60661
9767,1,-15915,-3892,0,16384,0,-60533
9768,1,-15891,-3990,0,16385,-1,-60403
9769,1,-15866,-4087,0,16384,0,-60276
9770,1,-15841,-4185,0,16385,1,-60149
9771,1,-15815,-4282,0,16385,-1,-60019
9772,1,-15788,-4379,0,16384,0,-59892
9773,1,-15761,-4476,0,16384,1,-59765
9774,1,-15733,-4572,0,16384,1,-59637
9775,1,-15705,-4669,0,16385,0,-59507
9776,1,-15676,-4765,0,16385,0,-59380
9777,1,-15646,-4861,0,16384,1,-59253
9778,1,-15616,-4957,0,16384,-1,-59123
9779,1,-15585,-5053,0,16384,0,-58996
9780,1,-15554,-5148,0,16384,0,-58868
9781,1,-15522,-5244,0,16384,-1,-58739
9782,1,-15490,-5339,0,16385,0,-58612
9783,1,-15457,-5434,0,16385,0,-58484
9784,1,-15423,-5528,0,16384,0,-58357
9785,1,-15389,-5623,0,16384,-1,-58227
9786,1,-15354,-5717,0,16384,0,-58100
9787,1,-15319,-5811,0,16384,0,-57973
9788,1,-15283,-5905,0,16384,1,-57845
9789,1,-15246,-5999,0,16384,0,-57715
9790,1,-15209,-6092,0,16384,0,-57588
9791,1,-15172,-6186,0,16385,-1,-57459
9792,1,-15133,-6278,0,16384,1,-57334
9793,1,-15094,-6371,0,16384,0,-57204
9794,1,-15055,-6464,0,16384,1,-57077
9795,1,-15015,-6556,0,16384,1,-56949
9796,1,-14975,-6648,0,16384,-1,-56819
9797,1,-14934,-6740,0,16385,0,-56692
9798,1,-14892,-6831,0,16384,0,-56565
9799,1,-14850,-6922,0,16384,1,-56437
9800,1,-14807,-7013,0,16384,0,-56308
9801,1,-14764,-7104,0,16385,0,-56181
9802,1,-14720,-7195,0,16385,1,-56053
9803,1,-14675,-7285,0,16384,0,-55923
9804,1,-14630,-7375,0,16384,0,-55796
9805,1,-14585,-7464,0,16384,0,-55669
9806,1,-14539,-7554,0,16385,-1,-55539
9807,1,-14492,-7643,0,16384,0,-55412
9808,1,-14445,-7732,0,16384,1,-55284
9809,1,-14397,-7820,0,16384,1,-55157
9810,1,-14349,-7908,0,16384,-1,-55027
9811,1,-14300,-7996,0,16384,0,-54900
9812,1,-14251,-8084,0,16384,1,-54773
9813,1,-14201,-8171,0,16384,-1,-54643
9814,1,-14151,-8258,0,16385,-1,-54516
9815,1,-14100,-8345,0,16385,0,-54388
9816,1,-14048,-8431,0,16384,1,-54261
9817,1,-13996,-8517,0,16384,0,-54131
9818,1,-13944,-8603,0,16384,0,-54004
9819,1,-13891,-8688,0,16384,0,-53876
9820,1,-13837,-8773,0,16384,-1,-53747
9821,1,-13783,-8858,0,16384,-1,-53620
9822,1,-13728,-8942,0,16384,0,-53492
9823,1,-13673,-9026,0,16384,0,-53365
9824,1,-13618,-9110,0,16384,1,-53238
9825,1,-13561,-9194,0,16384,0,-53108
9826,1,-13505,-9277,0,16385,0,-52980
9827,1,-13448,-9359,0,16384,0,-52853
9828,1,-13390,-9442,0,16384,-1,-52723
9829,1,-13332,-9524,0,16384,0,-52596
9830,1,-13273,-9605,0,16384,0,-52469
9831,1,-13214,-9687,0,16385,-1,-52339
9832,1,-13154,-9767,0,16384,-1,-52212
9833,1,-13094,-9848,0,16384,0,-52084
9834,1,-13033,-9928,0,16384,-1,-51955
9835,1,-12972,-10008,0,16384,-1,-51827
9836,1,-12911,-10087,0,16384,-1,-51700
9837,1,-12848,-10166,0,16384,1,-51573
9838,1,-12786,-10245,0,16384,1,-51445
9839,1,-12723,-10323,0,16384,-1,-51315
9840,1,-12659,-10401,0,16384,0,-51188
9841,1,-12595,-10479,0,16384,1,-51061
9842,1,-12531,-10556,0,16385,-1,-50931
9843,1,-12466,-10632,0,16384,-1,-50804
9844,1,-12400,-10709,0,16384,1,-50677
9845,1,-12334,-10785,0,16385,-1,-50547
9846,1,-12268,-10860,0,16384,-1,-50419
9847,1,-12201,-10935,0,16384,0,-50292
9848,1,-12133,-11010,0,16384,-1,-50162
9849,1,-12066,-11084,0,16384,1,-50037
9850,1,-11997,-11158,0,16384,0,-49908
9851,1,-11929,-11231,0,16384,0,-49781
9852,1,-11860,-11304,0,16384,0,-49653
9853,1,-11790,-11377,0,16384,0,-49523
9854,1,-11720,-11449,0,16384,0,-49396
9855,1,-11650,-11521,0,16385,1,-49269
9856,1,-11579,-11592,0,16384,0,-49140
9857,1,-11507,-11663,0,16384,0,-49012
9858,1,-11436,-11733,0,16385,0,-48885
9859,1,-11363,-11803,0,16384,-1,-48755
9860,1,-11291,-11872,0,16384,-1,-48628
9861,1,-11218,-11942,0,16385,0,-48500
9862,1,-11144,-12010,0,16384,1,-48374
9863,1,-11070,-12078,0,16384,0,-48244
9864,1,-10996,-12146,0,16384,0,-48116
9865,1,-10921,-12213,0,16384,1,-47989
9866,1,-10846,-12280,0,16384,-1,-47859
9867,1,-10770,-12346,0,16384,0,-47732
9868,1,-10695,-12412,0,16384,0,-47604
9869,1,-10618,-12478,0,16385,-1,-47475
9870,1,-10541,-12542,0,16383,0,-47347
9871,1,-10464,-12607,0,16384,0,-47220
9872,1,-10387,-12671,0,16385,0,-47093
9873,1,-10309,-12734,0,16384,1,-46966
9874,1,-10230,-12797,0,16384,0,-46836
9875,1,-10152,-12860,0,16384,0,-46708
9876,1,-10073,-12922,0,16384,1,-46581
9877,1,-9993,-12984,0,16385,0,-46451
9878,1,-9913,-13045,0,16384,0,-46324
9879,1,-9833,-13105,0,16384,0,-46197
9880,1,-9752,-13165,0,16384,-1,-46067
9881,1,-9672,-13225,0,16385,-1,-45939
9882,1,-9590,-13284,0,16384,0,-45813
9883,1,-9508,-13343,0,16384,-1,-45683
9884,1,-9426,-13401,0,16384,0,-45555
9885,1,-9344,-13458,0,16384,0,-45428
9886,1,-9261,-13515,0,16384,1,-45301
9887,1,-9178,-13572,0,16384,-1,-45171
9888,1,-9095,-13628,0,16384,-1,-45044
9889,1,-9011,-13684,0,16384,0,-44916
9890,1,-8927,-13739,0,16385,1,-44789
9891,1,-8842,-13793,0,16384,-1,-44659
9892,1,-8758,-13847,0,16384,-1,-44532
9893,1,-8672,-13901,0,16384,1,-44405
9894,1,-8587,-13953,0,16384,1,-44277
9895,1,-8501,-14006,0,16384,0,-44147
9896,1,-8415,-14058,0,16384,0,-44020
9897,1,-8329,-14109,0,16384,0,-43893
9898,1,-8242,-14160,0,16384,1,-43765
9899,1,-8155,-14210,0,16384,-1,-43636
9900,1,-8068,-14260,0,16384,0,-43508
9901,1,-7980,-14309,0,16384,1,-43381
9902,1,-7892,-14358,0,16384,-1,-43251
9903,1,-7804,-14406,0,16384,0,-43124
9904,1,-7715,-14454,0,16384,1,-42997
9905,1,-7626,-14501,0,16384,-1,-42867
9906,1,-7537,-14547,0,16384,0,-42740
9907,1,-7448,-14593,0,16384,0,-42612
9908,1,-7358,-14639,0,16384,1,-42485
9909,1,-7268,-14684,0,16384,0,-42355
9910,1,-7178,-14728,0,16384,0,-42228
9911,1,-7087,-14772,0,16384,1,-42100
9912,1,-6997,-14815,0,16384,1,-41974
9913,1,-6906,-14858,0,16385,-1,-41844
9914,1,-6814,-14900,0,16384,1,-41716
9915,1,-6723,-14941,0,16384,0,-41589
9916,1,-6631,-14982,0,16384,-1,-41459
9917,1,-6539,-15023,0,16385,0,-41332
9918,1,-6447,-15062,0,16384,0,-41205
9919,1,-6354,-15102,0,16384,-1,-41075
9920,1,-6261,-15140,0,16384,0,-40947
9921,1,-6168,-15179,0,16384,0,-40820
9922,1,-6075,-15216,0,16384,1,-40693
9923,1,-5982,-15253,0,16384,1,-40566
9924,1,-5888,-15289,0,16384,0,-40436
9925,1,-5794,-15325,0,16384,0,-40309
9926,1,-5700,-15361,0,16385,1,-40181
9927,1,-5605,-15395,0,16384,0,-40051
9928,1,-5511,-15429,0,16384,0,-39924
9929,1,-5416,-15463,0,16384,1,-39797
9930,1,-5321,-15496,0,16384,-1,-39667
9931,1,-5226,-15528,0,16384,-1,-39540
9932,1,-5131,-15560,0,16384,0,-39413
9933,1,-5035,-15591,0,16384,1,-39285
9934,1,-4939,-15622,0,16384,0,-39155
9935,1,-4843,-15652,0,16384,0,-39028
9936,1,-4747,-15681,0,16384,0,-38901
9937,1,-4651,-15710,0,16384,1,-38774
9938,1,-4554,-15738,0,16384,0,-38644
9939,1,-4458,-15766,0,16384,0,-38516
9940,1,-4361,-15793,0,16384,1,-38389
9941,1,-4264,-15819,0,16384,-1,-38260
9942,1,-4167,-15845,0,16384,0,-38132
9943,1,-4069,-15871,0,16384,-1,-38002
9944,1,-3972,-15895,0,16384,1,-37878
9945,1,-3874,-15919,0,16384,0,-37748
9946,1,-3777,-15943,0,16384,0,-37620
9947,1,-3679,-15966,0,16385,1,-37493
9948,1,-3581,-15988,0,16384,-1,-37363
9949,1,-3483,-16010,0,16385,0,-37236
9950,1,-3384,-16031,0,16384,1,-37109
9951,1,-3286,-16051,0,16384,1,-36981
9952,1,-3187,-16071,0,16384,0,-36852
9953,1,-3089,-16090,0,16384,0,-36724
9954,1,-2990,-16109,0,16384,1,-36597
9955,1,-2891,-16127,0,16384,-1,-36467
9956,1,-2792,-16144,0,16384,0,-36340
9957,1,-2693,-16161,0,16384,0,-36213
9958,1,-2594,-16177,0,16384,1,-36085
9959,1,-2494,-16193,0,16384,0,-35955
9960,1,-2395,-16208,0,16384,0,-35828
9961,1,-2295,-16222,0,16384,1,-35701
9962,1,-2196,-16236,0,16384,-1,-35571
9963,1,-2096,-16249,0,16384,0,-35444
9964,1,-1996,-16262,0,16384,1,-35317
9965,1,-1897,-16274,0,16384,1,-35189
9966,1,-1797,-16285,0,16384,-1,-35059
9967,1,-1697,-16296,0,16384,0,-34932
9968,1,-1597,-16306,0,16384,0,-34805
9969,1,-1497,-16316,0,16385,1,-34677
9970,1,-1396,-16324,0,16384,0,-34548
9971,1,-1296,-16333,0,16384,1,-34420
9972,1,-1196,-16340,0,16384,1,-34293
9973,1,-1096,-16347,0,16384,1,-34166
9974,1,-995,-16354,0,16385,0,-34036
9975,1,-895,-16360,0,16385,1,-33909
9976,1,-795,-16365,0,16384,1,-33781
9977,1,-694,-16369,0,16384,0,-33652
9978,1,-594,-16373,0,16384,0,-33524
9979,1,-493,-16377,0,16385,1,-33397
9980,1,-393,-16379,0,16384,-1,-33267
9981,1,-292,-16381,0,16384,0,-33140
9982,1,-192,-16383,0,16384,0,-33013
9983,1,-91,-16384,0,16384,-1,-32883
9984,1,9,-16384,0,16384,1,-32757
9985,1,110,-16384,0,16384,0,-32628
9986,1,210,-16383,0,16384,0,-32500
9987,1,311,-16381,0,16384,1,-32373
9988,1,411,-16379,0,16384,-1,-32244
9989,1,512,-16376,0,16384,0,-32116
9990,1,612,-16373,0,16385,0,-31989
9991,1,713,-16368,0,16384,0,-31859
9992,1,813,-16364,0,16384,-1,-31732
9993,1,914,-16359,0,16385,0,-31604
9994,1,1014,-16353,0,16385,1,-31477
9995,1,1114,-16346,0,16384,-1,-31347
9996,1,1215,-16339,0,16384,0,-31220
9997,1,1315,-16331,0,16384,0,-31093
9998,1,1415,-16323,0,16385,1,-30965
9999,1,1515,-16314,0,16385,-1,-30836
10000,1,1615,-16304,0,16384,0,-30708
10001,1,1715,-16294,0,16384,0,-30581
10002,1,1815,-16283,0,16384,1,-30454
10003,1,1915,-16272,0,16385,0,-30324
10004,1,2015,-16260,0,16385,0,-30196
10005,1,2115,-16247,0,16384,-1,-30067
10006,1,2214,-16234,0,16384,-1,-29939
10007,1,2314,-16220,0,16385,0,-29812
10008,1,2413,-16205,0,16384,0,-29685
10009,1,2513,-16190,0,16384,0,-29555
10010,1,2612,-16174,0,16384,0,-29428
10011,1,2711,-16158,0,16384,0,-29300
10012,1,2810,-16141,0,16384,0,-29173
10013,1,2909,-16124,0,16385,-1,-29043
10014,1,3008,-16105,0,16384,0,-28916
10015,1,3107,-16087,0,16384,1,-28789
10016,1,3205,-16067,0,16384,1,-28661
10017,1,3304,-16047,0,16384,-1,-28532
10018,1,3402,-16027,0,16384,0,-28404
10019,1,3501,-16006,0,16385,1,-28277
10020,1,3599,-15984,0,16384,-1,-28147
10021,1,3697,-15961,0,16384,0,-28020
10022,1,3795,-15938,0,16384,1,-27893
10023,1,3892,-15915,0,16384,0,-27765
10024,1,3990,-15891,0,16385,-1,-27635
10025,1,4087,-15866,0,16384,0,-27508
10026,1,4185,-15841,0,16385,1,-27381
10027,1,4282,-15815,0,16385,-1,-27251
10028,1,4379,-15788,0,16384,0,-27124
10029,1,4476,-15761,0,16384,1,-26997
10030,1,4572,-15733,0,16384,1,-26869
10031,1,4669,-15705,0,16385,0,-26739
10032,1,4765,-15676,0,16385,0,-26612
10033,1,4861,-15646,0,16384,1,-26485
10034,1,4957,-15616,0,16384,-1,-26355
10035,1,5053,-15585,0,16384,0,-26228
10036,1,5148,-15554,0,16384,0,-26100
10037,1,5244,-15522,0,16384,-1,-25971
10038,1,5339,-15490,0,16385,0,-25844
10039,1,5434,-15457,0,16385,0,-25716
10040,1,5528,-15423,0,16384,0,-25589
10041,1,5623,-15389,0,16384,-1,-25459
10042,1,5717,-15354,0,16384,0,-25332
10043,1,5811,-15319,0,16384,0,-25205
10044,1,5905,-15283,0,16384,1,-25077
10045,1,5999,-15246,0,16384,0,-24947
10046,1,6092,-15209,0,16384,0,-24820
10047,1,6186,-15172,0,16385,-1,-24691
10048,1,6278,-15133,0,16384,1,-24566
10049,1,6371,-15094,0,16384,0,-24436
10050,1,6464,-15055,0,16384,1,-24309
10051,1,6556,-15015,0,16384,1,-24181
10052,1,6648,-14975,0,16384,-1,-24051
10053,1,6740,-14934,0,16385,0,-23924
10054,1,6831,-14892,0,16384,0,-23797
10055,1,6922,-14850,0,16384,1,-23669
10056,1,7013,-14807,0,16384,0,-23540
10057,1,7104,-14764,0,16385,0,-23413
10058,1,7195,-14720,0,16385,1,-23285
10059,1,7285,-14675,0,16384,0,-23155
10060,1,7375,-14630,0,16384,0,-23028
10061,1,7464,-14585,0,16384,0,-22901
10062,1,7554,-14539,0,16385,-1,-22771
10063,1,7643,-14492,0,16384,0,-22644
10064,1,7732,-14445,0,16384,1,-22516
10065,1,7820,-14397,0,16384,1,-22389
10066,1,7908,-14349,0,16384,-1,-22259
10067,1,7996,-14300,0,16384,0,-22132
10068,1,8084,-14251,0,16384,1,-22005
10069,1,8171,-14201,0,16384,-1,-21875
10070,1,8258,-14151,0,16385,-1,-21748
10071,1,8345,-14100,0,16385,0,-21620
10072,1,8431,-14048,0,16384,1,-21493
10073,1,8517,-13996,0,16384,0,-21363
10074,1,8603,-13944,0,16384,0,-21236
10075,1,8688,-13891,0,16384,0,-21108
10076,1,8773,-13837,0,16384,-1,-20979
10077,1,8858,-13783,0,16384,-1,-20852
10078,1,8942,-13728,0,16384,0,-20724
10079,1,9026,-13673,0,16384,0,-20597
10080,1,9110,-13618,0,16384,1,-20470
10081,1,9194,-13561,0,16384,0,-20340
10082,1,9277,-13505,0,16385,0,-20212
10083,1,9359,-13448,0,16384,0,-20085
10084,1,9442,-13390,0,16384,-1,-19955
10085,1,9524,-13332,0,16384,0,-19828
10086,1,9605,-13273,0,16384,0,-19701
10087,1,9687,-13214,0,16385,-1,-19571
10088,1,9767,-13154,0,16384,-1,-19444
10089,1,9848,-13094,0,16384,0,-19316
10090,1,9928,-13033,0,16384,-1,-19187
10091,1,10008,-12972,0,16384,-1,-19059
10092,1,10087,-12911,0,16384,-1,-18932
10093,1,10166,-12848,0,16384,1,-18805
10094,1,10245,-12786,0,16384,1,-18677
10095,1,10323,-12723,0,16384,-1,-18547
10096,1,10401,-12659,0,16384,0,-18420
10097,1,10479,-12595,0,16384,1,-18293
10098,1,10556,-12531,0,16385,-1,-18163
10099,1,10632,-12466,0,16384,-1,-18036
10100,1,10709,-12400,0,16384,1,-17909
10101,1,10785,-12334,0,16385,-1,-17779
10102,1,10860,-12268,0,16384,-1,-17651
10103,1,10935,-12201,0,16384,0,-17524
10104,1,11010,-12133,0,16384,-1,-17394
10105,1,11084,-12066,0,16384,1,-17269
10106,1,11158,-11997,0,16384,0,-17140
10107,1,11231,-11929,0,16384,0,-17013
10108,1,11304,-11860,0,16384,0,-16885
10109,1,11377,-11790,0,16384,0,-16755
10110,1,11449,-11720,0,16384,0,-16628
10111,1,11521,-11650,0,16385,1,-16501
10112,1,11592,-11579,0,16384,0,-16372
10113,1,11663,-11507,0,16384,0,-16244
10114,1,11733,-11436,0,16385,0,-16117
10115,1,11803,-11363,0,16384,-1,-15987
10116,1,11872,-11291,0,16384,-1,-15860
10117,1,11942,-11218,0,16385,0,-15732
10118,1,12010,-11144,0,16384,1,-15606
10119,1,12078,-11070,0,16384,0,-15476
10120,1,12146,-10996,0,16384,0,-15348
10121,1,12213,-10921,0,16384,1,-15221
10122,1,12280,-10846,0,16384,-1,-15091
10123,1,12346,-10770,0,16384,0,-14964
10124,1,12412,-10695,0,16384,0,-14836
10125,1,12478,-10618,0,16385,-1,-14707
10126,1,12542,-10541,0,16383,0,-14579
10127,1,12607,-10464,0,16384,0,-14452
10128,1,12671,-10387,0,16385,0,-14325
10129,1,12734,-10309,0,16384,1,-14198
10130,1,12797,-10230,0,16384,0,-14068
10131,1,12860,-10152,0,16384,0,-13940
10132,1,12922,-10073,0,16384,1,-13813
10133,1,12984,-9993,0,16385,0,-13683
10134,1,13045,-9913,0,16384,0,-13556
10135,1,13105,-9833,0,16384,0,-13429
10136,1,13165,-9752,0,16384,-1,-13299
10137,1,13225,-9672,0,16385,-1,-13171
10138,1,13284,-9590,0,16384,0,-13045
10139,1,13343,-9508,0,16384,-1,-12915
10140,1,13401,-9426,0,16384,0,-12787
10141,1,13458,-9344,0,16384,0,-12660
10142,1,13515,-9261,0,16384,1,-12533
10143,1,13572,-9178,0,16384,-1,-12403
10144,1,13628,-9095,0,16384,-1,-12276
10145,1,13684,-9011,0,16384,0,-12148
10146,1,13739,-8927,0,16385,1,-12021
10147,1,13793,-8842,0,16384,-1,-11891
10148,1,13847,-8758,0,16384,-1,-11764
10149,1,13901,-8672,0,16384,1,-11637
10150,1,13953,-8587,0,16384,1,-11509
10151,1,14006,-8501,0,16384,0,-11379
10152,1,14058,-8415,0,16384,0,-11252
10153,1,14109,-8329,0,16384,0,-11125
10154,1,14160,-8242,0,16384,1,-10997
10155,1,14210,-8155,0,16384,-1,-10868
10156,1,14260,-8068,0,16384,0,-10740
10157,1,14309,-7980,0,16384,1,-10613
10158,1,14358,-7892,0,16384,-1,-10483
10159,1,14406,-7804,0,16384,0,-10356
10160,1,14454,-7715,0,16384,1,-10229
10161,1,14501,-7626,0,16384,-1,-10099
10162,1,14547,-7537,0,16384,0,-9972
10163,1,14593,-7448,0,16384,0,-9844
10164,1,14639,-7358,0,16384,1,-9717
10165,1,14684,-7268,0,16384,0,-9587
10166,1,14728,-7178,0,16384,0,-9460
10167,1,14772,-7087,0,16384,1,-9332
10168,1,14815,-6997,0,16384,1,-9206
10169,1,14858,-6906,0,16385,-1,-9076
10170,1,14900,-6814,0,16384,1,-8948
10171,1,14941,-6723,0,16384,0,-8821
10172,1,14982,-6631,0,16384,-1,-8691
10173,1,15023,-6539,0,16385,0,-8564
10174,1,15062,-6447,0,16384,0,-8437
10175,1,15102,-6354,0,16384,-1,-8307
10176,1,15140,-6261,0,16384,0,-8179
10177,1,15179,-6168,0,16384,0,-8052
10178,1,15216,-6075,0,16384,1,-7925
10179,1,15253,-5982,0,16384,1,-7798
10180,1,15289,-5888,0,16384,0,-7668
10181,1,15325,-5794,0,16384,0,-7541
10182,1,15361,-5700,0,16385,1,-7413
10183,1,15395,-5605,0,16384,0,-7283
10184,1,15429,-5511,0,16384,0,-7156
10185,1,15463,-5416,0,16384,1,-7029
10186,1,15496,-5321,0,16384,-1,-6899
10187,1,15528,-5226,0,16384,-1,-6772
10188,1,15560,-5131,0,16384,0,-6645
10189,1,15591,-5035,0,16384,1,-6517
10190,1,15622,-4939,0,16384,0,-6387
10191,1,15652,-4843,0,16384,0,-6260
10192,1,15681,-4747,0,16384,0,-6133
10193,1,15710,-4651,0,16384,1,-6006
10194,1,15738,-4554,0,16384,0,-5876
10195,1,15766,-4458,0,16384,0,-5748
10196,1,15793,-4361,0,16384,1,-5621
10197,1,15819,-4264,0,16384,-1,-5492
10198,1,15845,-4167,0,16384,0,-5364
10199,1,15871,-4069,0,16384,-1,-5234
10200,1,15895,-3972,0,16384,1,-5110
10201,1,15919,-3874,0,16384,0,-4980
10202,1,15943,-3777,0,16384,0,-4852
10203,1,15966,-3679,0,16385,1,-4725
10204,1,15988,-3581,0,16384,-1,-4595
10205,1,16010,-3483,0,16385,0,-4468
10206,1,16031,-3384,0,16384,1,-4341
10207,1,16051,-3286,0,16384,1,-4213
10208,1,16071,-3187,0,16384,0,-4084
10209,1,16090,-3089,0,16384,0,-3956
10210,1,16109,-2990,0,16384,1,-3829
10211,1,16127,-2891,0,16384,-1,-3699
10212,1,16144,-2792,0,16384,0,-3572
10213,1,16161,-2693,0,16384,0,-3445
10214,1,16177,-2594,0,16384,1,-3317
10215,1,16193,-2494,0,16384,0,-3187
10216,1,16208,-2395,0,16384,0,-3060
10217,1,16222,-2295,0,16384,1,-2933
10218,1,16236,-2196,0,16384,-1,-2803
10219,1,16249,-2096,0,16384,0,-2676
10220,1,16262,-1996,0,16384,1,-2549
10221,1,16274,-1897,0,16384,1,-2421
10222,1,16285,-1797,0,16384,-1,-2291
10223,1,16296,-1697,0,16384,0,-2164
10224,1,16306,-1597,0,16384,0,-2037
10225,1,16316,-1497,0,16385,1,-1909
10226,1,16324,-1396,0,16384,0,-1780
10227,1,16333,-1296,0,16384,1,-1652
10228,1,16340,-1196,0,16384,1,-1525
10229,1,16347,-1096,0,16384,1,-1398
10230,1,16354,-995,0,16385,0,-1268
10231,1,16360,-895,0,16385,1,-1141
10232,1,16365,-795,0,16384,1,-1013
10233,1,16369,-694,0,16384,0,-884
10234,1,16373,-594,0,16384,0,-756
10235,1,16377,-493,0,16385,1,-629
10236,1,16379,-393,0,16384,-1,-499
10237,1,16381,-292,0,16384,0,-372
10238,1,16383,-192,0,16384,0,-245
10239,1,16384,-91,0,16384,-1,-115
10240,1,1638,1,0,1638,0,13
10241,1,1638,11,0,1638,0,143
10242,1,1638,21,0,1638,0,268
10243,1,1638,31,0,1639,0,392
10244,1,1638,41,0,1639,0,522
10245,1,1638,51,0,1639,0,649
10246,1,1637,61,0,1638,0,779
10247,1,1637,71,0,1639,0,904
10248,1,1636,81,0,1638,0,1034
10249,1,1636,91,0,1639,0,1158
10250,1,1635,101,0,1639,0,1288
10251,1,1635,111,0,1639,0,1416
10252,1,1634,121,0,1639,0,1543
10253,1,1633,131,0,1638,0,1670
10254,1,1632,141,0,1639,0,1795
10255,1,1631,152,0,1638,0,1938
10256,1,1630,162,0,1638,0,2067
10257,1,1629,172,0,1638,0,2195
10258,1,1628,182,0,1638,0,2322
10259,1,1627,192,0,1639,0,2449
10260,1,1626,201,0,1638,0,2566
10261,1,1625,211,0,1639,0,2694
10262,1,1623,221,0,1638,0,2824
10263,1,1622,231,0,1639,0,2951
10264,1,1621,241,0,1639,0,3080
10265,1,1619,251,0,1639,0,3210
10266,1,1617,261,0,1638,0,3338
10267,1,1616,271,0,1639,0,3465
10268,1,1614,281,0,1638,0,3595
10269,1,1612,291,0,1638,0,3725
10270,1,1611,301,0,1639,0,3855
10271,1,1609,311,0,1639,0,3984
10272,1,1607,321,0,1639,0,4114
10273,1,1605,330,0,1639,0,4228
10274,1,1603,340,0,1639,0,4358
10275,1,1601,350,0,1639,0,4491
10276,1,1598,360,0,1638,0,4623
10277,1,1596,370,0,1638,0,4753
10278,1,1594,379,0,1639,0,4868
10279,1,1591,389,0,1638,0,5005
10280,1,1589,399,0,1639,0,5133
10281,1,1587,409,0,1639,0,5262
10282,1,1584,418,0,1638,0,5382
10283,1,1581,428,0,1638,0,5514
10284,1,1579,438,0,1639,0,5647
10285,1,1576,448,0,1639,0,5779
10286,1,1573,457,0,1638,0,5901
10287,1,1570,467,0,1638,0,6031
10288,1,1568,476,0,1639,0,6151
10289,1,1565,486,0,1639,0,6281
10290,1,1562,496,0,1639,0,6413
10291,1,1559,505,0,1639,0,6538
10292,1,1555,515,0,1638,0,6675
10293,1,1552,524,0,1639,0,6789
10294,1,1549,534,0,1639,0,6924
10295,1,1546,543,0,1639,0,7044
10296,1,1542,553,0,1638,0,7184
10297,1,1539,562,0,1639,0,7301
10298,1,1535,572,0,1639,0,7439
10299,1,1532,581,0,1639,0,7561
10300,1,1528,591,0,1638,0,7698
10301,1,1525,600,0,1639,0,7821
10302,1,1521,609,0,1639,0,7942
10303,1,1517,619,0,1639,0,8082
10304,1,1513,628,0,1638,0,8207
10305,1,1509,637,0,1638,0,8332
10306,1,1506,646,0,1639,0,8454
10307,1,1502,656,0,1639,0,8589
10308,1,1497,665,0,1638,0,8722
10309,1,1493,674,0,1638,0,8846
10310,1,1489,683,0,1638,0,8974
10311,1,1485,692,0,1639,0,9099
10312,1,1481,701,0,1638,0,9226
10313,1,1476,710,0,1638,0,9350
10314,1,1472,719,0,1639,0,9478
10315,1,1468,728,0,1639,0,9602
10316,1,1463,737,0,1638,0,9735
10317,1,1458,746,0,1638,0,9867
10318,1,1454,755,0,1639,0,9992
10319,1,1449,764,0,1638,0,10122
10320,1,1445,773,0,1639,0,10247
10321,1,1440,782,0,1639,0,10379
10322,1,1435,791,0,1639,0,10512
10323,1,1430,800,0,1639,0,10641
10324,1,1425,808,0,1638,0,10763
10325,1,1420,817,0,1639,0,10893
10326,1,1415,826,0,1639,0,11020
10327,1,1410,834,0,1638,0,11143
10328,1,1405,843,0,1639,0,11272
10329,1,1400,852,0,1639,0,11407
10330,1,1394,860,0,1638,0,11532
10331,1,1389,869,0,1639,0,11665
10332,1,1384,877,0,1639,0,11784
10333,1,1378,886,0,1639,0,11919
10334,1,1373,894,0,1639,0,12041
10335,1,1367,903,0,1639,0,12179
10336,1,1362,911,0,1639,0,12298
10337,1,1356,919,0,1638,0,12426
10338,1,1350,928,0,1638,0,12563
10339,1,1345,936,0,1639,0,12683
10340,1,1339,944,0,1639,0,12810
10341,1,1333,952,0,1638,0,12940
10342,1,1327,961,0,1639,0,13075
10343,1,1321,969,0,1639,0,13202
10344,1,1315,977,0,1639,0,13329
10345,1,1309,985,0,1638,0,13457
10346,1,1303,993,0,1638,0,13587
10347,1,1297,1001,0,1639,0,13714
10348,1,1291,1009,0,1639,0,13841
10349,1,1285,1017,0,1639,0,13968
10350,1,1279,1024,0,1638,0,14086
10351,1,1272,1032,0,1638,0,14221
10352,1,1266,1040,0,1639,0,14348
10353,1,1260,1048,0,1639,0,14472
10354,1,1253,1056,0,1639,0,14610
10355,1,1247,1063,0,1639,0,14727
10356,1,1240,1071,0,1639,0,14862
10357,1,1233,1078,0,1638,0,14987
10358,1,1227,1086,0,1639,0,15114
10359,1,1220,1094,0,1639,0,15246
10360,1,1213,1101,0,1638,0,15376
10361,1,1207,1108,0,1638,0,15493
10362,1,1200,1116,0,1639,0,15631
10363,1,1193,1123,0,1639,0,15755
10364,1,1186,1130,0,1638,0,15880
10365,1,1179,1138,0,1639,0,16018
10366,1,1172,1145,0,1639,0,16142
10367,1,1165,1152,0,1638,0,16270
10368,1,1158,1159,0,1639,0,16396
10369,1,1151,1166,0,1639,0,16519
10370,1,1144,1173,0,1639,0,16643
10371,1,1136,1180,0,1638,0,16781
10372,1,1129,1187,0,1638,0,16908
10373,1,1122,1194,0,1639,0,17033
10374,1,1114,1201,0,1638,0,17168
10375,1,1107,1208,0,1639,0,17292
10376,1,1100,1215,0,1639,0,17420
10377,1,1092,1221,0,1638,0,17545
10378,1,1085,1228,0,1639,0,17672
10379,1,1077,1235,0,1639,0,17807
10380,1,1069,1241,0,1638,0,17937
10381,1,1062,1248,0,1639,0,18061
10382,1,1054,1254,0,1638,0,18189
10383,1,1046,1261,0,1638,0,18324
10384,1,1039,1267,0,1639,0,18438
10385,1,1031,1273,0,1638,0,18568
10386,1,1023,1280,0,1639,0,18700
10387,1,1015,1286,0,1639,0,18833
10388,1,1007,1292,0,1638,0,18957
10389,1,999,1298,0,1638,0,19085
10390,1,991,1304,0,1638,0,19209
10391,1,983,1311,0,1639,0,19347
10392,1,975,1317,0,1639,0,19474
10393,1,967,1322,0,1638,0,19597
10394,1,959,1328,0,1638,0,19721
10395,1,951,1334,0,1639,0,19848
10396,1,943,1340,0,1639,0,19978
10397,1,934,1346,0,1639,0,20113
10398,1,926,1352,0,1639,0,20240
10399,1,918,1357,0,1639,0,20360
10400,1,909,1363,0,1639,0,20500
10401,1,901,1368,0,1638,0,20620
10402,1,893,1374,0,1639,0,20747
10403,1,884,1379,0,1638,0,20877
10404,1,876,1385,0,1639,0,21004
10405,1,867,1390,0,1638,0,21134
10406,1,859,1395,0,1638,0,21256
10407,1,850,1401,0,1639,0,21391
10408,1,842,1406,0,1639,0,21511
10409,1,833,1411,0,1639,0,21643
10410,1,824,1416,0,1639,0,21773
10411,1,815,1421,0,1638,0,21905
10412,1,807,1426,0,1639,0,22025
10413,1,798,1431,0,1639,0,22158
10414,1,789,1436,0,1639,0,22287
10415,1,780,1441,0,1639,0,22417
10416,1,772,1445,0,1638,0,22532
10417,1,763,1450,0,1639,0,22664
10418,1,754,1455,0,1639,0,22796
10419,1,745,1459,0,1638,0,22919
10420,1,736,1464,0,1639,0,23051
10421,1,727,1468,0,1638,0,23176
10422,1,718,1473,0,1639,0,23308
10423,1,709,1477,0,1639,0,23433
10424,1,700,1481,0,1638,0,23555
10425,1,691,1486,0,1639,0,23687
10426,1,681,1490,0,1639,0,23825
10427,1,672,1494,0,1638,0,23950
10428,1,663,1498,0,1638,0,24077
10429,1,654,1502,0,1639,0,24202
10430,1,645,1506,0,1638,0,24326
10431,1,635,1510,0,1638,0,24464
10432,1,626,1514,0,1638,0,24591
10433,1,617,1518,0,1639,0,24716
10434,1,608,1522,0,1639,0,24841
10435,1,598,1525,0,1638,0,24973
10436,1,589,1529,0,1639,0,25098
10437,1,579,1533,0,1639,0,25235
10438,1,570,1536,0,1639,0,25357
10439,1,561,1540,0,1639,0,25482
10440,1,551,1543,0,1639,0,25614
10441,1,542,1546,0,1638,0,25737
10442,1,532,1550,0,1639,0,25874
10443,1,523,1553,0,1639,0,25991
10444,1,513,1556,0,1639,0,26123
10445,1,503,1559,0,1638,0,26256
10446,1,494,1562,0,1639,0,26375
10447,1,484,1565,0,1638,0,26510
10448,1,475,1568,0,1639,0,26630
10449,1,465,1571,0,1639,0,26765
10450,1,455,1574,0,1639,0,26897
10451,1,446,1577,0,1639,0,27020
10452,1,436,1579,0,1638,0,27150
10453,1,426,1582,0,1639,0,27279
10454,1,417,1585,0,1639,0,27401
10455,1,407,1587,0,1639,0,27531
10456,1,397,1590,0,1639,0,27666
10457,1,387,1592,0,1638,0,27793
10458,1,378,1594,0,1638,0,27913
10459,1,368,1597,0,1639,0,28043
10460,1,358,1599,0,1639,0,28173
10461,1,348,1601,0,1639,0,28305
10462,1,338,1603,0,1638,0,28433
10463,1,329,1605,0,1638,0,28552
10464,1,319,1607,0,1639,0,28679
10465,1,309,1609,0,1639,0,28812
10466,1,299,1611,0,1639,0,28939
10467,1,289,1613,0,1639,0,29069
10468,1,279,1614,0,1638,0,29199
10469,1,269,1616,0,1639,0,29328
10470,1,259,1618,0,1639,0,29461
10471,1,249,1619,0,1638,0,29586
10472,1,239,1621,0,1639,0,29716
10473,1,230,1622,0,1638,0,29830
10474,1,220,1624,0,1639,0,29957
10475,1,210,1625,0,1639,0,30089
10476,1,200,1626,0,1638,0,30217
10477,1,190,1627,0,1638,0,30344
10478,1,180,1629,0,1639,0,30474
10479,1,170,1630,0,1639,0,30601
10480,1,160,1631,0,1639,0,30729
10481,1,150,1632,0,1639,0,30856
10482,1,140,1632,0,1638,0,30986
10483,1,130,1633,0,1638,0,31113
10484,1,120,1634,0,1639,0,31238
10485,1,110,1635,0,1639,0,31365
10486,1,100,1635,0,1638,0,31492
10487,1,90,1636,0,1639,0,31625
10488,1,79,1636,0,1638,0,31762
10489,1,69,1637,0,1639,0,31890
10490,1,59,1637,0,1638,0,32017
10491,1,49,1638,0,1639,0,32144
10492,1,39,1638,0,1639,0,32274
10493,1,29,1638,0,1638,0,32399
10494,1,19,1638,0,1638,0,32526
10495,1,9,1638,0,1638,0,32653
10496,1,-1,1638,0,1638,0,32781
10497,1,-11,1638,0,1638,0,32911
10498,1,-21,1638,0,1638,0,33036
10499,1,-31,1638,0,1639,0,33160
10500,1,-41,1638,0,1639,0,33290
10501,1,-51,1638,0,1639,0,33417
10502,1,-61,1637,0,1638,0,33547
10503,1,-71,1637,0,1639,0,33672
10504,1,-81,1636,0,1638,0,33802
10505,1,-91,1636,0,1639,0,33926
10506,1,-101,1635,0,1639,0,34056
10507,1,-111,1635,0,1639,0,34184
10508,1,-121,1634,0,1639,0,34311
10509,1,-131,1633,0,1638,0,34438
10510,1,-141,1632,0,1639,0,34563
10511,1,-152,1631,0,1638,0,34706
10512,1,-162,1630,0,1638,0,34835
10513,1,-172,1629,0,1638,0,34963
10514,1,-182,1628,0,1638,0,35090
10515,1,-192,1627,0,1639,0,35217
10516,1,-201,1626,0,1638,0,35334
10517,1,-211,1625,0,1639,0,35462
10518,1,-221,1623,0,1638,0,35592
10519,1,-231,1622,0,1639,0,35719
10520,1,-241,1621,0,1639,0,35848
10521,1,-251,1619,0,1639,0,35978
10522,1,-261,1617,0,1638,0,36106
10523,1,-271,1616,0,1639,0,36233
10524,1,-281,1614,0,1638,0,36363
10525,1,-291,1612,0,1638,0,36493
10526,1,-301,1611,0,1639,0,36623
10527,1,-311,1609,0,1639,0,36752
10528,1,-321,1607,0,1639,0,36882
10529,1,-330,1605,0,1639,0,36996
10530,1,-340,1603,0,1639,0,37126
10531,1,-350,1601,0,1639,0,37259
10532,1,-360,1598,0,1638,0,37391
10533,1,-370,1596,0,1638,0,37521
10534,1,-379,1594,0,1639,0,37636
10535,1,-389,1591,0,1638,0,37773
10536,1,-399,1589,0,1639,0,37901
10537,1,-409,1587,0,1639,0,38030
10538,1,-418,1584,0,1638,0,38150
10539,1,-428,1581,0,1638,0,38282
10540,1,-438,1579,0,1639,0,38415
10541,1,-448,1576,0,1639,0,38547
10542,1,-457,1573,0,1638,0,38669
10543,1,-467,1570,0,1638,0,38799
10544,1,-476,1568,0,1639,0,38919
10545,1,-486,1565,0,1639,0,39049
10546,1,-496,1562,0,1639,0,39181
10547,1,-505,1559,0,1639,0,39306
10548,1,-515,1555,0,1638,0,39443
10549,1,-524,1552,0,1639,0,39557
10550,1,-534,1549,0,1639,0,39692
10551,1,-543,1546,0,1639,0,39812
10552,1,-553,1542,0,1638,0,39952
10553,1,-562,1539,0,1639,0,40069
10554,1,-572,1535,0,1639,0,40207
10555,1,-581,1532,0,1639,0,40329
10556,1,-591,1528,0,1638,0,40466
10557,1,-600,1525,0,1639,0,40589
10558,1,-609,1521,0,1639,0,40710
10559,1,-619,1517,0,1639,0,40850
10560,1,-628,1513,0,1638,0,40975
10561,1,-637,1509,0,1638,0,41100
10562,1,-646,1506,0,1639,0,41222
10563,1,-656,1502,0,1639,0,41357
10564,1,-665,1497,0,1638,0,41490
10565,1,-674,1493,0,1638,0,41614
10566,1,-683,1489,0,1638,0,41742
10567,1,-692,1485,0,1639,0,41867
10568,1,-701,1481,0,1638,0,41994
10569,1,-710,1476,0,1638,0,42118
10570,1,-719,1472,0,1639,0,42246
10571,1,-728,1468,0,1639,0,42370
10572,1,-737,1463,0,1638,0,42503
10573,1,-746,1458,0,1638,0,42635
10574,1,-755,1454,0,1639,0,42760
10575,1,-764,1449,0,1638,0,42890
10576,1,-773,1445,0,1639,0,43015
10577,1,-782,1440,0,1639,0,43147
10578,1,-791,1435,0,1639,0,43280
10579,1,-800,1430,0,1639,0,43409
10580,1,-808,1425,0,1638,0,43531
10581,1,-817,1420,0,1639,0,43661
10582,1,-826,1415,0,1639,0,43788
10583,1,-834,1410,0,1638,0,43911
10584,1,-843,1405,0,1639,0,44040
10585,1,-852,1400,0,1639,0,44175
10586,1,-860,1394,0,1638,0,44300
10587,1,-869,1389,0,1639,0,44433
10588,1,-877,1384,0,1639,0,44552
10589,1,-886,1378,0,1639,0,44687
10590,1,-894,1373,0,1639,0,44809
10591,1,-903,1367,0,1639,0,44947
10592,1,-911,1362,0,1639,0,45066
10593,1,-919,1356,0,1638,0,45194
10594,1,-928,1350,0,1638,0,45331
10595,1,-936,1345,0,1639,0,45451
10596,1,-944,1339,0,1639,0,45578
10597,1,-952,1333,0,1638,0,45708
10598,1,-961,1327,0,1639,0,45843
10599,1,-969,1321,0,1639,0,45970
10600,1,-977,1315,0,1639,0,46097
10601,1,-985,1309,0,1638,0,46225
10602,1,-993,1303,0,1638,0,46355
10603,1,-1001,1297,0,1639,0,46482
10604,1,-1009,1291,0,1639,0,46609
10605,1,-1017,1285,0,1639,0,46736
10606,1,-1024,1279,0,1638,0,46854
10607,1,-1032,1272,0,1638,0,46989
10608,1,-1040,1266,0,1639,0,47116
10609,1,-1048,1260,0,1639,0,47240
10610,1,-1056,1253,0,1639,0,47378
10611,1,-1063,1247,0,1639,0,47495
10612,1,-1071,1240,0,1639,0,47630
10613,1,-1078,1233,0,1638,0,47755
10614,1,-1086,1227,0,1639,0,47882
10615,1,-1094,1220,0,1639,0,48014
10616,1,-1101,1213,0,1638,0,48144
10617,1,-1108,1207,0,1638,0,48261
10618,1,-1116,1200,0,1639,0,48399
10619,1,-1123,1193,0,1639,0,48523
10620,1,-1130,1186,0,1638,0,48648
10621,1,-1138,1179,0,1639,0,48786
10622,1,-1145,1172,0,1639,0,48910
10623,1,-1152,1165,0,1638,0,49038
10624,1,-1159,1158,0,1639,0,49164
10625,1,-1166,1151,0,1639,0,49287
10626,1,-1173,1144,0,1639,0,49411
10627,1,-1180,1136,0,1638,0,49549
10628,1,-1187,1129,0,1638,0,49676
10629,1,-1194,1122,0,1639,0,49801
10630,1,-1201,1114,0,1638,0,49936
10631,1,-1208,1107,0,1639,0,50060
10632,1,-1215,1100,0,1639,0,50188
10633,1,-1221,1092,0,1638,0,50313
10634,1,-1228,1085,0,1639,0,50440
10635,1,-1235,1077,0,1639,0,50575
10636,1,-1241,1069,0,1638,0,50705
10637,1,-1248,1062,0,1639,0,50829
10638,1,-1254,1054,0,1638,0,50957
10639,1,-1261,1046,0,1638,0,51092
10640,1,-1267,1039,0,1639,0,51206
10641,1,-1273,1031,0,1638,0,51336
10642,1,-1280,1023,0,1639,0,51468
10643,1,-1286,1015,0,1639,0,51601
10644,1,-1292,1007,0,1638,0,51725
10645,1,-1298,999,0,1638,0,51853
10646,1,-1304,991,0,1638,0,51977
10647,1,-1311,983,0,1639,0,52115
10648,1,-1317,975,0,1639,0,52242
10649,1,-1322,967,0,1638,0,52365
10650,1,-1328,959,0,1638,0,52489
10651,1,-1334,951,0,1639,0,52616
10652,1,-1340,943,0,1639,0,52746
10653,1,-1346,934,0,1639,0,52881
10654,1,-1352,926,0,1639,0,53008
10655,1,-1357,918,0,1639,0,53128
10656,1,-1363,909,0,1639,0,53268
10657,1,-1368,901,0,1638,0,53388
10658,1,-1374,893,0,1639,0,53515
10659,1,-1379,884,0,1638,0,53645
10660,1,-1385,876,0,1639,0,53772
10661,1,-1390,867,0,1638,0,53902
10662,1,-1395,859,0,1638,0,54024
10663,1,-1401,850,0,1639,0,54159
10664,1,-1406,842,0,1639,0,54279
10665,1,-1411,833,0,1639,0,54411
10666,1,-1416,824,0,1639,0,54541
10667,1,-1421,815,0,1638,0,54673
10668,1,-1426,807,0,1639,0,54793
10669,1,-1431,798,0,1639,0,54926
10670,1,-1436,789,0,1639,0,55055
10671,1,-1441,780,0,1639,0,55185
10672,1,-1445,772,0,1638,0,55300
10673,1,-1450,763,0,1639,0,55432
10674,1,-1455,754,0,1639,0,55564
10675,1,-1459,745,0,1638,0,55687
10676,1,-1464,736,0,1639,0,55819
10677,1,-1468,727,0,1638,0,55944
10678,1,-1473,718,0,1639,0,56076
10679,1,-1477,709,0,1639,0,56201
10680,1,-1481,700,0,1638,0,56323
10681,1,-1486,691,0,1639,0,56455
10682,1,-1490,681,0,1639,0,56593
10683,1,-1494,672,0,1638,0,56718
10684,1,-1498,663,0,1638,0,56845
10685,1,-1502,654,0,1639,0,56970
10686,1,-1506,645,0,1638,0,57094
10687,1,-1510,635,0,1638,0,57232
10688,1,-1514,626,0,1638,0,57359
10689,1,-1518,617,0,1639,0,57484
10690,1,-1522,608,0,1639,0,57609
10691,1,-1525,598,0,1638,0,57741
10692,1,-1529,589,0,1639,0,57866
10693,1,-1533,579,0,1639,0,58003
10694,1,-1536,570,0,1639,0,58125
10695,1,-1540,561,0,1639,0,58250
10696,1,-1543,551,0,1639,0,58382
10697,1,-1546,542,0,1638,0,58505
10698,1,-1550,532,0,1639,0,58642
10699,1,-1553,523,0,1639,0,58759
10700,1,-1556,513,0,1639,0,58891
10701,1,-1559,503,0,1638,0,59024
10702,1,-1562,494,0,1639,0,59143
10703,1,-1565,484,0,1638,0,59278
10704,1,-1568,475,0,1639,0,59398
10705,1,-1571,465,0,1639,0,59533
10706,1,-1574,455,0,1639,0,59665
10707,1,-1577,446,0,1639,0,59788
10708,1,-1579,436,0,1638,0,59918
10709,1,-1582,426,0,1639,0,60047
10710,1,-1585,417,0,1639,0,60169
10711,1,-1587,407,0,1639,0,60299
10712,1,-1590,397,0,1639,0,60434
10713,1,-1592,387,0,1638,0,60561
10714,1,-1594,378,0,1638,0,60681
10715,1,-1597,368,0,1639,0,60811
10716,1,-1599,358,0,1639,0,60941
10717,1,-1601,348,0,1639,0,61073
10718,1,-1603,338,0,1638,0,61201
10719,1,-1605,329,0,1638,0,61320
10720,1,-1607,319,0,1639,0,61447
10721,1,-1609,309,0,1639,0,61580
10722,1,-1611,299,0,1639,0,61707
10723,1,-1613,289,0,1639,0,61837
10724,1,-1614,279,0,1638,0,61967
10725,1,-1616,269,0,1639,0,62096
10726,1,-1618,259,0,1639,0,62229
10727,1,-1619,249,0,1638,0,62354
10728,1,-1621,239,0,1639,0,62484
10729,1,-1622,230,0,1638,0,62598
10730,1,-1624,220,0,1639,0,62725
10731,1,-1625,210,0,1639,0,62857
10732,1,-1626,200,0,1638,0,62985
10733,1,-1627,190,0,1638,0,63112
10734,1,-1629,180,0,1639,0,63242
10735,1,-1630,170,0,1639,0,63369
10736,1,-1631,160,0,1639,0,63497
10737,1,-1632,150,0,1639,0,63624
10738,1,-1632,140,0,1638,0,63754
10739,1,-1633,130,0,1638,0,63881
10740,1,-1634,120,0,1639,0,64006
10741,1,-1635,110,0,1639,0,64133
10742,1,-1635,100,0,1638,0,64260
10743,1,-1636,90,0,1639,0,64393
10744,1,-1636,79,0,1638,0,64530
10745,1,-1637,69,0,1639,0,64658
10746,1,-1637,59,0,1638,0,64785
10747,1,-1638,49,0,1639,0,64912
10748,1,-1638,39,0,1639,0,65042
10749,1,-1638,29,0,1638,0,65167
10750,1,-1638,19,0,1638,0,65294
10751,1,-1638,9,0,1638,0,65421
10752,1,-1638,-1,0,1638,0,-65523
10753,1,-1638,-11,0,1638,0,-65393
10754,1,-1638,-21,0,1638,0,-65268
10755,1,-1638,-31,0,1639,0,-65144
10756,1,-1638,-41,0,1639,0,-65014
10757,1,-1638,-51,0,1639,0,-64887
10758,1,-1637,-61,0,1638,0,-64757
10759,1,-1637,-71,0,1639,0,-64632
10760,1,-1636,-81,0,1638,0,-64502
10761,1,-1636,-91,0,1639,0,-64378
10762,1,-1635,-101,0,1639,0,-64248
10763,1,-1635,-111,0,1639,0,-64120
10764,1,-1634,-121,0,1639,0,-63993
10765,1,-1633,-131,0,1638,0,-63866
10766,1,-1632,-141,0,1639,0,-63741
10767,1,-1631,-152,0,1638,0,-63598
10768,1,-1630,-162,0,1638,0,-63469
10769,1,-1629,-172,0,1638,0,-63341
10770,1,-1628,-182,0,1638,0,-63214
10771,1,-1627,-192,0,1639,0,-63087
10772,1,-1626,-201,0,1638,0,-62970
10773,1,-1625,-211,0,1639,0,-62842
10774,1,-1623,-221,0,1638,0,-62712
10775,1,-1622,-231,0,1639,0,-62585
10776,1,-1621,-241,0,1639,0,-62456
10777,1,-1619,-251,0,1639,0,-62326
10778,1,-1617,-261,0,1638,0,-62198
10779,1,-1616,-271,0,1639,0,-62071
10780,1,-1614,-281,0,1638,0,-61941
10781,1,-1612,-291,0,1638,0,-61811
10782,1,-1611,-301,0,1639,0,-61681
10783,1,-1609,-311,0,1639,0,-61552
10784,1,-1607,-321,0,1639,0,-61422
10785,1,-1605,-330,0,1639,0,-61308
10786,1,-1603,-340,0,1639,0,-61178
10787,1,-1601,-350,0,1639,0,-61045
10788,1,-1598,-360,0,1638,0,-60913
10789,1,-1596,-370,0,1638,0,-60783
10790,1,-1594,-379,0,1639,0,-60668
10791,1,-1591,-389,0,1638,0,-60531
10792,1,-1589,-399,0,1639,0,-60403
10793,1,-1587,-409,0,1639,0,-60274
10794,1,-1584,-418,0,1638,0,-60154
10795,1,-1581,-428,0,1638,0,-60022
10796,1,-1579,-438,0,1639,0,-59889
10797,1,-1576,-448,0,1639,0,-59757
10798,1,-1573,-457,0,1638,0,-59635
10799,1,-1570,-467,0,1638,0,-59505
10800,1,-1568,-476,0,1639,0,-59385
10801,1,-1565,-486,0,1639,0,-59255
10802,1,-1562,-496,0,1639,0,-59123
10803,1,-1559,-505,0,1639,0,-58998
10804,1,-1555,-515,0,1638,0,-58861
10805,1,-1552,-524,0,1639,0,-58747
10806,1,-1549,-534,0,1639,0,-58612
10807,1,-1546,-543,0,1639,0,-58492
10808,1,-1542,-553,0,1638,0,-58352
10809,1,-1539,-562,0,1639,0,-58235
10810,1,-1535,-572,0,1639,0,-58097
10811,1,-1532,-581,0,1639,0,-57975
10812,1,-1528,-591,0,1638,0,-57838
10813,1,-1525,-600,0,1639,0,-57715
10814,1,-1521,-609,0,1639,0,-57594
10815,1,-1517,-619,0,1639,0,-57454
10816,1,-1513,-628,0,1638,0,-57329
10817,1,-1509,-637,0,1638,0,-57204
10818,1,-1506,-646,0,1639,0,-57082
10819,1,-1502,-656,0,1639,0,-56947
10820,1,-1497,-665,0,1638,0,-56814
10821,1,-1493,-674,0,1638,0,-56690
10822,1,-1489,-683,0,1638,0,-56562
10823,1,-1485,-692,0,1639,0,-56437
10824,1,-1481,-701,0,1638,0,-56310
10825,1,-1476,-710,0,1638,0,-56186
10826,1,-1472,-719,0,1639,0,-56058
10827,1,-1468,-728,0,1639,0,-55934
10828,1,-1463,-737,0,1638,0,-55801
10829,1,-1458,-746,0,1638,0,-55669
10830,1,-1454,-755,0,1639,0,-55544
10831,1,-1449,-764,0,1638,0,-55414
10832,1,-1445,-773,0,1639,0,-55289
10833,1,-1440,-782,0,1639,0,-55157
10834,1,-1435,-791,0,1639,0,-55024
10835,1,-1430,-800,0,1639,0,-54895
10836,1,-1425,-808,0,1638,0,-54773
10837,1,-1420,-817,0,1639,0,-54643
10838,1,-1415,-826,0,1639,0,-54516
10839,1,-1410,-834,0,1638,0,-54393
10840,1,-1405,-843,0,1639,0,-54264
10841,1,-1400,-852,0,1639,0,-54129
10842,1,-1394,-860,0,1638,0,-54004
10843,1,-1389,-869,0,1639,0,-53871
10844,1,-1384,-877,0,1639,0,-53752
10845,1,-1378,-886,0,1639,0,-53617
10846,1,-1373,-894,0,1639,0,-53495
10847,1,-1367,-903,0,1639,0,-53357
10848,1,-1362,-911,0,1639,0,-53238
10849,1,-1356,-919,0,1638,0,-53110
10850,1,-1350,-928,0,1638,0,-52973
10851,1,-1345,-936,0,1639,0,-52853
10852,1,-1339,-944,0,1639,0,-52726
10853,1,-1333,-952,0,1638,0,-52596
10854,1,-1327,-961,0,1639,0,-52461
10855,1,-1321,-969,0,1639,0,-52334
10856,1,-1315,-977,0,1639,0,-52207
10857,1,-1309,-985,0,1638,0,-52079
10858,1,-1303,-993,0,1638,0,-51949
10859,1,-1297,-1001,0,1639,0,-51822
10860,1,-1291,-1009,0,1639,0,-51695
10861,1,-1285,-1017,0,1639,0,-51568
10862,1,-1279,-1024,0,1638,0,-51450
10863,1,-1272,-1032,0,1638,0,-51315
10864,1,-1266,-1040,0,1639,0,-51188
10865,1,-1260,-1048,0,1639,0,-51064
10866,1,-1253,-1056,0,1639,0,-50926
10867,1,-1247,-1063,0,1639,0,-50809
10868,1,-1240,-1071,0,1639,0,-50674
10869,1,-1233,-1078,0,1638,0,-50549
10870,1,-1227,-1086,0,1639,0,-50422
10871,1,-1220,-1094,0,1639,0,-50290
10872,1,-1213,-1101,0,1638,0,-50160
10873,1,-1207,-1108,0,1638,0,-50043
10874,1,-1200,-1116,0,1639,0,-49905
10875,1,-1193,-1123,0,1639,0,-49781
10876,1,-1186,-1130,0,1638,0,-49656
10877,1,-1179,-1138,0,1639,0,-49518
10878,1,-1172,-1145,0,1639,0,-49394
10879,1,-1165,-1152,0,1638,0,-49266
10880,1,-1158,-1159,0,1639,0,-49140
10881,1,-1151,-1166,0,1639,0,-49017
10882,1,-1144,-1173,0,1639,0,-48893
10883,1,-1136,-1180,0,1638,0,-48755
10884,1,-1129,-1187,0,1638,0,-48628
10885,1,-1122,-1194,0,1639,0,-48503
10886,1,-1114,-1201,0,1638,0,-48368
10887,1,-1107,-1208,0,1639,0,-48244
10888,1,-1100,-1215,0,1639,0,-48116
10889,1,-1092,-1221,0,1638,0,-47991
10890,1,-1085,-1228,0,1639,0,-47864
10891,1,-1077,-1235,0,1639,0,-47729
10892,1,-1069,-1241,0,1638,0,-47599
10893,1,-1062,-1248,0,1639,0,-47475
10894,1,-1054,-1254,0,1638,0,-47347
10895,1,-1046,-1261,0,1638,0,-47212
10896,1,-1039,-1267,0,1639,0,-47098
10897,1,-1031,-1273,0,1638,0,-46968
10898,1,-1023,-1280,0,1639,0,-46836
10899,1,-1015,-1286,0,1639,0,-46703
10900,1,-1007,-1292,0,1638,0,-46579
10901,1,-999,-1298,0,1638,0,-46451
10902,1,-991,-1304,0,1638,0,-46327
10903,1,-983,-1311,0,1639,0,-46189
10904,1,-975,-1317,0,1639,0,-46062
10905,1,-967,-1322,0,1638,0,-45939
10906,1,-959,-1328,0,1638,0,-45815
10907,1,-951,-1334,0,1639,0,-45688
10908,1,-943,-1340,0,1639,0,-45558
10909,1,-934,-1346,0,1639,0,-45423
10910,1,-926,-1352,0,1639,0,-45296
10911,1,-918,-1357,0,1639,0,-45176
10912,1,-909,-1363,0,1639,0,-45036
10913,1,-901,-1368,0,1638,0,-44916
10914,1,-893,-1374,0,1639,0,-44789
10915,1,-884,-1379,0,1638,0,-44659
10916,1,-876,-1385,0,1639,0,-44532
10917,1,-867,-1390,0,1638,0,-44402
10918,1,-859,-1395,0,1638,0,-44280
10919,1,-850,-1401,0,1639,0,-44145
10920,1,-842,-1406,0,1639,0,-44025
10921,1,-833,-1411,0,1639,0,-43893
10922,1,-824,-1416,0,1639,0,-43763
10923,1,-815,-1421,0,1638,0,-43631
10924,1,-807,-1426,0,1639,0,-43511
10925,1,-798,-1431,0,1639,0,-43378
10926,1,-789,-1436,0,1639,0,-43249
10927,1,-780,-1441,0,1639,0,-43119
10928,1,-772,-1445,0,1638,0,-43004
10929,1,-763,-1450,0,1639,0,-42872
10930,1,-754,-1455,0,1639,0,-42740
10931,1,-745,-1459,0,1638,0,-42617
10932,1,-736,-1464,0,1639,0,-42485
10933,1,-727,-1468,0,1638,0,-42360
10934,1,-718,-1473,0,1639,0,-42228
10935,1,-709,-1477,0,1639,0,-42103
10936,1,-700,-1481,0,1638,0,-41981
10937,1,-691,-1486,0,1639,0,-41849
10938,1,-681,-1490,0,1639,0,-41711
10939,1,-672,-1494,0,1638,0,-41586
10940,1,-663,-1498,0,1638,0,-41459
10941,1,-654,-1502,0,1639,0,-41334
10942,1,-645,-1506,0,1638,0,-41210
10943,1,-635,-1510,0,1638,0,-41072
10944,1,-626,-1514,0,1638,0,-40945
10945,1,-617,-1518,0,1639,0,-40820
10946,1,-608,-1522,0,1639,0,-40695
10947,1,-598,-1525,0,1638,0,-40563
10948,1,-589,-1529,0,1639,0,-40438
10949,1,-579,-1533,0,1639,0,-40301
10950,1,-570,-1536,0,1639,0,-40179
10951,1,-561,-1540,0,1639,0,-40054
10952,1,-551,-1543,0,1639,0,-39922
10953,1,-542,-1546,0,1638,0,-39799
10954,1,-532,-1550,0,1639,0,-39662
10955,1,-523,-1553,0,1639,0,-39545
10956,1,-513,-1556,0,1639,0,-39413
10957,1,-503,-1559,0,1638,0,-39280
10958,1,-494,-1562,0,1639,0,-39161
10959,1,-484,-1565,0,1638,0,-39026
10960,1,-475,-1568,0,1639,0,-38906
10961,1,-465,-1571,0,1639,0,-38771
10962,1,-455,-1574,0,1639,0,-38639
10963,1,-446,-1577,0,1639,0,-38516
10964,1,-436,-1579,0,1638,0,-38386
10965,1,-426,-1582,0,1639,0,-38257
10966,1,-417,-1585,0,1639,0,-38135
10967,1,-407,-1587,0,1639,0,-38005
10968,1,-397,-1590,0,1639,0,-37870
10969,1,-387,-1592,0,1638,0,-37743
10970,1,-378,-1594,0,1638,0,-37623
10971,1,-368,-1597,0,1639,0,-37493
10972,1,-358,-1599,0,1639,0,-37363
10973,1,-348,-1601,0,1639,0,-37231
10974,1,-338,-1603,0,1638,0,-37103
10975,1,-329,-1605,0,1638,0,-36984
10976,1,-319,-1607,0,1639,0,-36857
10977,1,-309,-1609,0,1639,0,-36724
10978,1,-299,-1611,0,1639,0,-36597
10979,1,-289,-1613,0,1639,0,-36467
10980,1,-279,-1614,0,1638,0,-36337
10981,1,-269,-1616,0,1639,0,-36208
10982,1,-259,-1618,0,1639,0,-36075
10983,1,-249,-1619,0,1638,0,-35950
10984,1,-239,-1621,0,1639,0,-35820
10985,1,-230,-1622,0,1638,0,-35706
10986,1,-220,-1624,0,1639,0,-35579
10987,1,-210,-1625,0,1639,0,-35447
10988,1,-200,-1626,0,1638,0,-35319
10989,1,-190,-1627,0,1638,0,-35192
10990,1,-180,-1629,0,1639,0,-35062
10991,1,-170,-1630,0,1639,0,-34935
10992,1,-160,-1631,0,1639,0,-34807
10993,1,-150,-1632,0,1639,0,-34680
10994,1,-140,-1632,0,1638,0,-34550
10995,1,-130,-1633,0,1638,0,-34423
10996,1,-120,-1634,0,1639,0,-34298
10997,1,-110,-1635,0,1639,0,-34171
10998,1,-100,-1635,0,1638,0,-34044
10999,1,-90,-1636,0,1639,0,-33911
11000,1,-79,-1636,0,1638,0,-33774
11001,1,-69,-1637,0,1639,0,-33646
11002,1,-59,-1637,0,1638,0,-33519
11003,1,-49,-1638,0,1639,0,-33392
11004,1,-39,-1638,0,1639,0,-33262
11005,1,-29,-1638,0,1638,0,-33137
11006,1,-19,-1638,0,1638,0,-33010
11007,1,-9,-1638,0,1638,0,-32883
11008,1,1,-1638,0,1638,0,-32755
11009,1,11,-1638,0,1638,0,-32625
11010,1,21,-1638,0,1638,0,-32500
11011,1,31,-1638,0,1639,0,-32376
11012,1,41,-1638,0,1639,0,-32246
11013,1,51,-1638,0,1639,0,-32119
11014,1,61,-1637,0,1638,0,-31989
11015,1,71,-1637,0,1639,0,-31864
11016,1,81,-1636,0,1638,0,-31734
11017,1,91,-1636,0,1639,0,-31610
11018,1,101,-1635,0,1639,0,-31480
11019,1,111,-1635,0,1639,0,-31352
11020,1,121,-1634,0,1639,0,-31225
11021,1,131,-1633,0,1638,0,-31098
11022,1,141,-1632,0,1639,0,-30973
11023,1,152,-1631,0,1638,0,-30830
11024,1,162,-1630,0,1638,0,-30701
11025,1,172,-1629,0,1638,0,-30573
11026,1,182,-1628,0,1638,0,-30446
11027,1,192,-1627,0,1639,0,-30319
11028,1,201,-1626,0,1638,0,-30202
11029,1,211,-1625,0,1639,0,-30074
11030,1,221,-1623,0,1638,0,-29944
11031,1,231,-1622,0,1639,0,-29817
11032,1,241,-1621,0,1639,0,-29688
11033,1,251,-1619,0,1639,0,-29558
11034,1,261,-1617,0,1638,0,-29430
11035,1,271,-1616,0,1639,0,-29303
11036,1,281,-1614,0,1638,0,-29173
11037,1,291,-1612,0,1638,0,-29043
11038,1,301,-1611,0,1639,0,-28913
11039,1,311,-1609,0,1639,0,-28784
11040,1,321,-1607,0,1639,0,-28654
11041,1,330,-1605,0,1639,0,-28540
11042,1,340,-1603,0,1639,0,-28410
11043,1,350,-1601,0,1639,0,-28277
11044,1,360,-1598,0,1638,0,-28145
11045,1,370,-1596,0,1638,0,-28015
11046,1,379,-1594,0,1639,0,-27900
11047,1,389,-1591,0,1638,0,-27763
11048,1,399,-1589,0,1639,0,-27635
11049,1,409,-1587,0,1639,0,-27506
11050,1,418,-1584,0,1638,0,-27386
11051,1,428,-1581,0,1638,0,-27254
11052,1,438,-1579,0,1639,0,-27121
11053,1,448,-1576,0,1639,0,-26989
11054,1,457,-1573,0,1638,0,-26867
11055,1,467,-1570,0,1638,0,-26737
11056,1,476,-1568,0,1639,0,-26617
11057,1,486,-1565,0,1639,0,-26487
11058,1,496,-1562,0,1639,0,-26355
11059,1,505,-1559,0,1639,0,-26230
11060,1,515,-1555,0,1638,0,-26093
11061,1,524,-1552,0,1639,0,-25979
11062,1,534,-1549,0,1639,0,-25844
11063,1,543,-1546,0,1639,0,-25724
11064,1,553,-1542,0,1638,0,-25584
11065,1,562,-1539,0,1639,0,-25467
11066,1,572,-1535,0,1639,0,-25329
11067,1,581,-1532,0,1639,0,-25207
11068,1,591,-1528,0,1638,0,-25070
11069,1,600,-1525,0,1639,0,-24947
11070,1,609,-1521,0,1639,0,-24826
11071,1,619,-1517,0,1639,0,-24686
11072,1,628,-1513,0,1638,0,-24561
11073,1,637,-1509,0,1638,0,-24436
11074,1,646,-1506,0,1639,0,-24314
11075,1,656,-1502,0,1639,0,-24179
11076,1,665,-1497,0,1638,0,-24046
11077,1,674,-1493,0,1638,0,-23922
11078,1,683,-1489,0,1638,0,-23794
11079,1,692,-1485,0,1639,0,-23669
11080,1,701,-1481,0,1638,0,-23542
11081,1,710,-1476,0,1638,0,-23418
11082,1,719,-1472,0,1639,0,-23290
11083,1,728,-1468,0,1639,0,-23166
11084,1,737,-1463,0,1638,0,-23033
11085,1,746,-1458,0,1638,0,-22901
11086,1,755,-1454,0,1639,0,-22776
11087,1,764,-1449,0,1638,0,-22646
11088,1,773,-1445,0,1639,0,-22521
11089,1,782,-1440,0,1639,0,-22389
11090,1,791,-1435,0,1639,0,-22256
11091,1,800,-1430,0,1639,0,-22127
11092,1,808,-1425,0,1638,0,-22005
11093,1,817,-1420,0,1639,0,-21875
11094,1,826,-1415,0,1639,0,-21748
11095,1,834,-1410,0,1638,0,-21625
11096,1,843,-1405,0,1639,0,-21496
11097,1,852,-1400,0,1639,0,-21361
11098,1,860,-1394,0,1638,0,-21236
11099,1,869,-1389,0,1639,0,-21103
11100,1,877,-1384,0,1639,0,-20984
11101,1,886,-1378,0,1639,0,-20849
11102,1,894,-1373,0,1639,0,-20727
11103,1,903,-1367,0,1639,0,-20589
11104,1,911,-1362,0,1639,0,-20470
11105,1,919,-1356,0,1638,0,-20342
11106,1,928,-1350,0,1638,0,-20205
11107,1,936,-1345,0,1639,0,-20085
11108,1,944,-1339,0,1639,0,-19958
11109,1,952,-1333,0,1638,0,-19828
11110,1,961,-1327,0,1639,0,-19693
11111,1,969,-1321,0,1639,0,-19566
11112,1,977,-1315,0,1639,0,-19439
11113,1,985,-1309,0,1638,0,-19311
11114,1,993,-1303,0,1638,0,-19181
11115,1,1001,-1297,0,1639,0,-19054
11116,1,1009,-1291,0,1639,0,-18927
11117,1,1017,-1285,0,1639,0,-18800
11118,1,1024,-1279,0,1638,0,-18682
11119,1,1032,-1272,0,1638,0,-18547
11120,1,1040,-1266,0,1639,0,-18420
11121,1,1048,-1260,0,1639,0,-18296
11122,1,1056,-1253,0,1639,0,-18158
11123,1,1063,-1247,0,1639,0,-18041
11124,1,1071,-1240,0,1639,0,-17906
11125,1,1078,-1233,0,1638,0,-17781
11126,1,1086,-1227,0,1639,0,-17654
11127,1,1094,-1220,0,1639,0,-17522
11128,1,1101,-1213,0,1638,0,-17392
11129,1,1108,-1207,0,1638,0,-17275
11130,1,1116,-1200,0,1639,0,-17137
11131,1,1123,-1193,0,1639,0,-17013
11132,1,1130,-1186,0,1638,0,-16888
11133,1,1138,-1179,0,1639,0,-16750
11134,1,1145,-1172,0,1639,0,-16626
11135,1,1152,-1165,0,1638,0,-16498
11136,1,1159,-1158,0,1639,0,-16372
11137,1,1166,-1151,0,1639,0,-16249
11138,1,1173,-1144,0,1639,0,-16125
11139,1,1180,-1136,0,1638,0,-15987
11140,1,1187,-1129,0,1638,0,-15860
11141,1,1194,-1122,0,1639,0,-15735
11142,1,1201,-1114,0,1638,0,-15600
11143,1,1208,-1107,0,1639,0,-15476
11144,1,1215,-1100,0,1639,0,-15348
11145,1,1221,-1092,0,1638,0,-15223
11146,1,1228,-1085,0,1639,0,-15096
11147,1,1235,-1077,0,1639,0,-14961
11148,1,1241,-1069,0,1638,0,-14831
11149,1,1248,-1062,0,1639,0,-14707
11150,1,1254,-1054,0,1638,0,-14579
11151,1,1261,-1046,0,1638,0,-14444
11152,1,1267,-1039,0,1639,0,-14330
11153,1,1273,-1031,0,1638,0,-14200
11154,1,1280,-1023,0,1639,0,-14068
11155,1,1286,-1015,0,1639,0,-13935
11156,1,1292,-1007,0,1638,0,-13811
11157,1,1298,-999,0,1638,0,-13683
11158,1,1304,-991,0,1638,0,-13559
11159,1,1311,-983,0,1639,0,-13421
11160,1,1317,-975,0,1639,0,-13294
11161,1,1322,-967,0,1638,0,-13171
11162,1,1328,-959,0,1638,0,-13047
11163,1,1334,-951,0,1639,0,-12920
11164,1,1340,-943,0,1639,0,-12790
11165,1,1346,-934,0,1639,0,-12655
11166,1,1352,-926,0,1639,0,-12528
11167,1,1357,-918,0,1639,0,-12408
11168,1,1363,-909,0,1639,0,-12268
11169,1,1368,-901,0,1638,0,-12148
11170,1,1374,-893,0,1639,0,-12021
11171,1,1379,-884,0,1638,0,-11891
11172,1,1385,-876,0,1639,0,-11764
11173,1,1390,-867,0,1638,0,-11634
11174,1,1395,-859,0,1638,0,-11512
11175,1,1401,-850,0,1639,0,-11377
11176,1,1406,-842,0,1639,0,-11257
11177,1,1411,-833,0,1639,0,-11125
11178,1,1416,-824,0,1639,0,-10995
11179,1,1421,-815,0,1638,0,-10863
11180,1,1426,-807,0,1639,0,-10743
11181,1,1431,-798,0,1639,0,-10610
11182,1,1436,-789,0,1639,0,-10481
11183,1,1441,-780,0,1639,0,-10351
11184,1,1445,-772,0,1638,0,-10236
11185,1,1450,-763,0,1639,0,-10104
11186,1,1455,-754,0,1639,0,-9972
11187,1,1459,-745,0,1638,0,-9849
11188,1,1464,-736,0,1639,0,-9717
11189,1,1468,-727,0,1638,0,-9592
11190,1,1473,-718,0,1639,0,-9460
11191,1,1477,-709,0,1639,0,-9335
11192,1,1481,-700,0,1638,0,-9213
11193,1,1486,-691,0,1639,0,-9081
11194,1,1490,-681,0,1639,0,-8943
11195,1,1494,-672,0,1638,0,-8818
11196,1,1498,-663,0,1638,0,-8691
11197,1,1502,-654,0,1639,0,-8566
11198,1,1506,-645,0,1638,0,-8442
11199,1,1510,-635,0,1638,0,-8304
11200,1,1514,-626,0,1638,0,-8177
11201,1,1518,-617,0,1639,0,-8052
11202,1,1522,-608,0,1639,0,-7927
11203,1,1525,-598,0,1638,0,-7795
11204,1,1529,-589,0,1639,0,-7670
11205,1,1533,-579,0,1639,0,-7533
11206,1,1536,-570,0,1639,0,-7411
11207,1,1540,-561,0,1639,0,-7286
11208,1,1543,-551,0,1639,0,-7154
11209,1,1546,-542,0,1638,0,-7031
11210,1,1550,-532,0,1639,0,-6894
11211,1,1553,-523,0,1639,0,-6777
11212,1,1556,-513,0,1639,0,-6645
11213,1,1559,-503,0,1638,0,-6512
11214,1,1562,-494,0,1639,0,-6393
11215,1,1565,-484,0,1638,0,-6258
11216,1,1568,-475,0,1639,0,-6138
11217,1,1571,-465,0,1639,0,-6003
11218,1,1574,-455,0,1639,0,-5871
11219,1,1577,-446,0,1639,0,-5748
11220,1,1579,-436,0,1638,0,-5618
11221,1,1582,-426,0,1639,0,-5489
11222,1,1585,-417,0,1639,0,-5367
11223,1,1587,-407,0,1639,0,-5237
11224,1,1590,-397,0,1639,0,-5102
11225,1,1592,-387,0,1638,0,-4975
11226,1,1594,-378,0,1638,0,-4855
11227,1,1597,-368,0,1639,0,-4725
11228,1,1599,-358,0,1639,0,-4595
11229,1,1601,-348,0,1639,0,-4463
11230,1,1603,-338,0,1638,0,-4335
11231,1,1605,-329,0,1638,0,-4216
11232,1,1607,-319,0,1639,0,-4089
11233,1,1609,-309,0,1639,0,-3956
11234,1,1611,-299,0,1639,0,-3829
11235,1,1613,-289,0,1639,0,-3699
11236,1,1614,-279,0,1638,0,-3569
11237,1,1616,-269,0,1639,0,-3440
11238,1,1618,-259,0,1639,0,-3307
11239,1,1619,-249,0,1638,0,-3182
11240,1,1621,-239,0,1639,0,-3052
11241,1,1622,-230,0,1638,0,-2938
11242,1,1624,-220,0,1639,0,-2811
11243,1,1625,-210,0,1639,0,-2679
11244,1,1626,-200,0,1638,0,-2551
11245,1,1627,-190,0,1638,0,-2424
11246,1,1629,-180,0,1639,0,-2294
11247,1,1630,-170,0,1639,0,-2167
11248,1,1631,-160,0,1639,0,-2039
11249,1,1632,-150,0,1639,0,-1912
11250,1,1632,-140,0,1638,0,-1782
11251,1,1633,-130,0,1638,0,-1655
11252,1,1634,-120,0,1639,0,-1530
11253,1,1635,-110,0,1639,0,-1403
11254,1,1635,-100,0,1638,0,-1276
11255,1,1636,-90,0,1639,0,-1143
11256,1,1636,-79,0,1638,0,-1006
11257,1,1637,-69,0,1639,0,-878
11258,1,1637,-59,0,1638,0,-751
11259,1,1638,-49,0,1639,0,-624
11260,1,1638,-39,0,1639,0,-494
11261,1,1638,-29,0,1638,0,-369
11262,1,1638,-19,0,1638,0,-242
11263,1,1638,-9,0,1638,0,-115
11264,1,45875,26,0,45875,-3,13
11265,1,45874,308,0,45875,0,140
11266,1,45871,589,0,45875,1,268
11267,1,45867,870,0,45876,2,395
11268,1,45861,1152,0,45876,-1,524
11269,1,45853,1433,0,45876,0,652
11270,1,45843,1715,0,45875,2,779
11271,1,45832,1996,0,45876,-2,909
11272,1,45819,2277,0,45876,-1,1036
11273,1,45804,2558,0,45876,1,1164
11274,1,45787,2839,0,45875,2,1291
11275,1,45769,3120,0,45876,-2,1421
11276,1,45749,3401,0,45875,0,1548
11277,1,45727,3681,0,45875,1,1675
11278,1,45704,3962,0,45876,3,1803
11279,1,45679,4242,0,45876,-2,1932
11280,1,45652,4522,0,45876,-1,2060
11281,1,45623,4802,0,45875,1,2187
11282,1,45593,5082,0,45876,3,2314
11283,1,45561,5362,0,45876,-1,2444
11284,1,45527,5641,0,45876,0,2572
11285,1,45492,5921,0,45876,2,2699
11286,1,45454,6200,0,45875,-2,2829
11287,1,45415,6479,0,45875,1,2956
11288,1,45375,6757,0,45876,2,3083
11289,1,45333,7035,0,45876,-3,3213
11290,1,45289,7313,0,45876,-1,3340
11291,1,45243,7591,0,45876,0,3468
11292,1,45195,7869,0,45875,3,3595
11293,1,45146,8146,0,45875,-2,3725
11294,1,45095,8423,0,45875,0,3852
11295,1,45043,8699,0,45876,1,3979
11296,1,44989,8975,0,45876,2,4107
11297,1,44933,9251,0,45876,-1,4236
11298,1,44875,9527,0,45876,1,4364
11299,1,44816,9802,0,45876,2,4491
11300,1,44755,10077,0,45876,-2,4621
11301,1,44692,10351,0,45875,-1,4748
11302,1,44628,10625,0,45876,1,4875
11303,1,44562,10899,0,45876,-3,5005
11304,1,44494,11172,0,45875,-2,5133
11305,1,44425,11445,0,45876,0,5260
11306,1,44354,11717,0,45876,1,5387
11307,1,44281,11989,0,45876,-2,5517
11308,1,44206,12261,0,45875,0,5644
11309,1,44130,12532,0,45875,2,5771
11310,1,44053,12802,0,45876,3,5899
11311,1,43973,13072,0,45875,-2,6029
11312,1,43892,13342,0,45875,0,6156
11313,1,43810,13611,0,45876,2,6283
11314,1,43725,13879,0,45875,-3,6413
11315,1,43639,14147,0,45875,-1,6540
11316,1,43552,14415,0,45876,1,6668
11317,1,43462,14682,0,45875,-3,6797
11318,1,43371,14948,0,45875,-1,6924
11319,1,43279,15214,0,45876,0,7052
11320,1,43185,15479,0,45876,1,7179
11321,1,43089,15744,0,45876,-2,7309
11322,1,42992,16008,0,45876,-1,7436
11323,1,42893,16272,0,45876,1,7563
11324,1,42792,16535,0,45876,3,7691
11325,1,42690,16797,0,45876,-2,7821
11326,1,42586,17058,0,45876,0,7948
11327,1,42480,17319,0,45875,2,8075
11328,1,42373,17580,0,45875,-2,8205
11329,1,42265,17839,0,45876,-1,8332
11330,1,42154,18098,0,45875,1,8459
11331,1,42042,18357,0,45875,3,8587
11332,1,41929,18614,0,45875,-2,8717
11333,1,41814,18871,0,45875,0,8844
11334,1,41697,19127,0,45875,1,8971
11335,1,41579,19383,0,45875,-3,9101
11336,1,41460,19638,0,45876,-1,9228
11337,1,41338,19892,0,45876,1,9355
11338,1,41215,20145,0,45875,2,9483
11339,1,41091,20398,0,45876,-1,9613
11340,1,40965,20649,0,45875,0,9740
11341,1,40838,20900,0,45876,1,9867
11342,1,40709,21150,0,45876,2,9994
11343,1,40578,21400,0,45876,-1,10124
11344,1,40446,21648,0,45875,0,10252
11345,1,40312,21896,0,45875,2,10379
11346,1,40177,22143,0,45875,-2,10509
11347,1,40041,22389,0,45876,0,10636
11348,1,39903,22634,0,45876,1,10763
11349,1,39763,22879,0,45876,-3,10893
11350,1,39622,23122,0,45876,-2,11020
11351,1,39479,23365,0,45875,0,11148
11352,1,39335,23607,0,45875,2,11275
11353,1,39189,23848,0,45875,-2,11405
11354,1,39042,24088,0,45875,0,11532
11355,1,38894,24327,0,45875,1,11660
11356,1,38744,24565,0,45875,2,11787
11357,1,38592,24802,0,45875,-2,11916
11358,1,38440,25039,0,45876,0,12044
11359,1,38285,25274,0,45875,1,12171
11360,1,38129,25509,0,45876,-2,12301
11361,1,37972,25742,0,45875,-1,12428
11362,1,37813,25975,0,45875,1,12556
11363,1,37653,26206,0,45875,2,12683
11364,1,37492,26437,0,45876,-2,12813
11365,1,37329,26666,0,45875,-1,12940
11366,1,37165,26895,0,45876,1,13067
11367,1,36999,27122,0,45875,3,13194
11368,1,36832,27349,0,45876,-1,13324
11369,1,36663,27574,0,45875,0,13452
11370,1,36493,27799,0,45875,3,13579
11371,1,36322,28022,0,45875,-2,13709
11372,1,36150,28244,0,45876,-1,13836
11373,1,35976,28466,0,45876,1,13963
11374,1,35800,28686,0,45875,3,14091
11375,1,35624,28905,0,45876,-2,14221
11376,1,35445,29123,0,45875,0,14348
11377,1,35266,29340,0,45875,2,14475
11378,1,35085,29556,0,45875,-2,14605
11379,1,34903,29771,0,45875,0,14732
11380,1,34720,29984,0,45875,1,14859
11381,1,34535,30197,0,45875,-3,14989
11382,1,34350,30408,0,45876,-2,15117
11383,1,34162,30618,0,45875,0,15244
11384,1,33974,30827,0,45875,1,15371
11385,1,33784,31035,0,45875,-3,15501
11386,1,33593,31242,0,45875,-1,15628
11387,1,33401,31447,0,45876,0,15755
11388,1,33207,31652,0,45876,3,15883
11389,1,33012,31855,0,45875,-1,16013
11390,1,32816,32057,0,45875,0,16140
11391,1,32619,32258,0,45876,2,16267
11392,1,32420,32457,0,45875,-1,16396
11393,1,32220,32655,0,45875,0,16524
11394,1,32020,32852,0,45876,1,16651
11395,1,31817,33048,0,45875,-2,16781
11396,1,31614,33243,0,45876,-1,16908
11397,1,31409,33436,0,45875,1,17036
11398,1,31204,33628,0,45876,2,17162
11399,1,30997,33819,0,45875,-1,17292
11400,1,30789,34009,0,45876,0,17420
11401,1,30579,34197,0,45875,2,17547
11402,1,30369,34384,0,45875,-2,17677
11403,1,30157,34570,0,45875,0,17804
11404,1,29945,34754,0,45876,0,17932
11405,1,29731,34937,0,45875,2,18059
11406,1,29516,35119,0,45875,-2,18189
11407,1,29300,35299,0,45875,-1,18316
11408,1,29083,35479,0,45876,2,18443
11409,1,28865,35656,0,45875,-3,18573
11410,1,28645,35833,0,45876,0,18700
11411,1,28425,36008,0,45876,1,18828
11412,1,28203,36182,0,45876,-3,18957
11413,1,27981,36354,0,45876,-2,19085
11414,1,27757,36525,0,45875,0,19212
11415,1,27533,36695,0,45876,1,19339
11416,1,27307,36863,0,45876,-3,19469
11417,1,27080,37030,0,45876,-1,19597
11418,1,26852,37195,0,45875,1,19723
11419,1,26624,37359,0,45875,2,19851
11420,1,26394,37522,0,45876,-2,19981
11421,1,26163,37683,0,45875,0,20108
11422,1,25932,37843,0,45876,1,20235
11423,1,25699,38001,0,45875,3,20363
11424,1,25465,38158,0,45875,-1,20492
11425,1,25231,38314,0,45876,0,20620
11426,1,24995,38468,0,45875,2,20747
11427,1,24759,38621,0,45876,-2,20877
11428,1,24521,38772,0,45875,0,21004
11429,1,24283,38921,0,45875,0,21131
11430,1,24043,39070,0,45876,-3,21261
11431,1,23803,39217,0,45876,-1,21389
11432,1,23562,39362,0,45876,0,21516
11433,1,23320,39506,0,45876,2,21643
11434,1,23077,39648,0,45875,-3,21773
11435,1,22834,39789,0,45875,-1,21900
11436,1,22589,39928,0,45875,0,22028
11437,1,22344,40066,0,45875,2,22155
11438,1,22097,40202,0,45875,-2,22285
11439,1,21850,40337,0,45875,0,22412
11440,1,21602,40471,0,45876,2,22539
11441,1,21354,40602,0,45875,2,22667
11442,1,21104,40733,0,45876,-1,22796
11443,1,20854,40861,0,45875,0,22924
11444,1,20603,40989,0,45876,2,23051
11445,1,20351,41114,0,45875,-2,23181
11446,1,20098,41238,0,45875,-1,23308
11447,1,19845,41361,0,45875,1,23436
11448,1,19591,41482,0,45876,3,23562
11449,1,19336,41601,0,45875,-1,23692
11450,1,19080,41719,0,45875,0,23820
11451,1,18824,41835,0,45875,1,23947
11452,1,18567,41950,0,45875,-2,24077
11453,1,18309,42063,0,45875,-1,24204
11454,1,18051,42175,0,45876,1,24331
11455,1,17791,42285,0,45875,3,24459
11456,1,17532,42393,0,45875,-2,24589
11457,1,17271,42500,0,45875,0,24716
11458,1,17010,42605,0,45876,2,24843
11459,1,16748,42709,0,45876,-2,24973
11460,1,16486,42811,0,45876,0,25100
11461,1,16223,42911,0,45875,1,25227
11462,1,15959,43010,0,45875,-3,25357
11463,1,15695,43107,0,45875,-1,25485
11464,1,15430,43202,0,45875,0,25612
11465,1,15165,43296,0,45875,1,25739
11466,1,14899,43388,0,45875,-3,25869
11467,1,14633,43479,0,45875,-2,25996
11468,1,14365,43568,0,45875,2,26123
11469,1,14098,43655,0,45875,3,26251
11470,1,13830,43741,0,45876,-2,26381
11471,1,13561,43825,0,45876,0,26508
11472,1,13292,43907,0,45875,1,26635
11473,1,13022,43988,0,45875,-2,26765
11474,1,12752,44067,0,45875,-1,26892
11475,1,12482,44145,0,45876,0,27020
11476,1,12210,44220,0,45875,3,27147
11477,1,11939,44294,0,45875,-2,27276
11478,1,11667,44367,0,45876,0,27404
11479,1,11394,44438,0,45876,2,27531
11480,1,11122,44507,0,45876,-3,27661
11481,1,10848,44574,0,45875,-1,27788
11482,1,10575,44640,0,45876,0,27916
11483,1,10300,44704,0,45875,3,28043
11484,1,10026,44766,0,45875,-2,28173
11485,1,9751,44827,0,45876,0,28300
11486,1,9476,44886,0,45876,1,28427
11487,1,9200,44943,0,45875,-3,28557
11488,1,8924,44999,0,45876,-1,28684
11489,1,8648,45053,0,45876,1,28812
11490,1,8371,45105,0,45876,2,28939
11491,1,8094,45155,0,45875,-1,29069
11492,1,7817,45204,0,45875,0,29196
11493,1,7540,45251,0,45875,1,29323
11494,1,7262,45297,0,45876,3,29451
11495,1,6984,45340,0,45875,-2,29581
11496,1,6706,45382,0,45875,0,29708
11497,1,6427,45423,0,45876,2,29835
11498,1,6148,45461,0,45875,-2,29965
11499,1,5869,45498,0,45875,0,30092
11500,1,5590,45533,0,45875,1,30219
11501,1,5310,45567,0,45875,-2,30349
11502,1,5031,45599,0,45876,-2,30477
11503,1,4751,45629,0,45876,0,30604
11504,1,4471,45657,0,45876,1,30731
11505,1,4190,45683,0,45875,-2,30861
11506,1,3910,45708,0,45875,-1,30988
11507,1,3629,45731,0,45875,1,31116
11508,1,3349,45753,0,45876,2,31243
11509,1,3068,45772,0,45875,-2,31373
11510,1,2787,45790,0,45875,0,31500
11511,1,2506,45807,0,45876,1,31627
11512,1,2225,45821,0,45875,3,31755
11513,1,1944,45834,0,45875,-1,31884
11514,1,1663,45845,0,45875,0,32012
11515,1,1381,45854,0,45875,2,32139
11516,1,1100,45862,0,45875,-3,32269
11517,1,818,45868,0,45875,-1,32396
11518,1,537,45872,0,45875,1,32523
11519,1,255,45874,0,45875,-2,32653
11520,1,-26,45875,0,45875,-3,32781
11521,1,-308,45874,0,45875,0,32908
11522,1,-589,45871,0,45875,1,33036
11523,1,-870,45867,0,45876,2,33163
11524,1,-1152,45861,0,45876,-1,33292
11525,1,-1433,45853,0,45876,0,33420
11526,1,-1715,45843,0,45875,2,33547
11527,1,-1996,45832,0,45876,-2,33677
11528,1,-2277,45819,0,45876,-1,33804
11529,1,-2558,45804,0,45876,1,33932
11530,1,-2839,45787,0,45875,2,34059
11531,1,-3120,45769,0,45876,-2,34189
11532,1,-3401,45749,0,45875,0,34316
11533,1,-3681,45727,0,45875,1,34443
11534,1,-3962,45704,0,45876,3,34571
11535,1,-4242,45679,0,45876,-2,34700
11536,1,-4522,45652,0,45876,-1,34828
11537,1,-4802,45623,0,45875,1,34955
11538,1,-5082,45593,0,45876,3,35082
11539,1,-5362,45561,0,45876,-1,35212
11540,1,-5641,45527,0,45876,0,35340
11541,1,-5921,45492,0,45876,2,35467
11542,1,-6200,45454,0,45875,-2,35597
11543,1,-6479,45415,0,45875,1,35724
11544,1,-6757,45375,0,45876,2,35851
11545,1,-7035,45333,0,45876,-3,35981
11546,1,-7313,45289,0,45876,-1,36108
11547,1,-7591,45243,0,45876,0,36236
11548,1,-7869,45195,0,45875,3,36363
11549,1,-8146,45146,0,45875,-2,36493
11550,1,-8423,45095,0,45875,0,36620
11551,1,-8699,45043,0,45876,1,36747
11552,1,-8975,44989,0,45876,2,36875
11553,1,-9251,44933,0,45876,-1,37004
11554,1,-9527,44875,0,45876,1,37132
11555,1,-9802,44816,0,45876,2,37259
11556,1,-10077,44755,0,45876,-2,37389
11557,1,-10351,44692,0,45875,-1,37516
11558,1,-10625,44628,0,45876,1,37643
11559,1,-10899,44562,0,45876,-3,37773
11560,1,-11172,44494,0,45875,-2,37901
11561,1,-11445,44425,0,45876,0,38028
11562,1,-11717,44354,0,45876,1,38155
11563,1,-11989,44281,0,45876,-2,38285
11564,1,-12261,44206,0,45875,0,38412
11565,1,-12532,44130,0,45875,2,38539
11566,1,-12802,44053,0,45876,3,38667
11567,1,-13072,43973,0,45875,-2,38797
11568,1,-13342,43892,0,45875,0,38924
11569,1,-13611,43810,0,45876,2,39051
11570,1,-13879,43725,0,45875,-3,39181
11571,1,-14147,43639,0,45875,-1,39308
11572,1,-14415,43552,0,45876,1,39436
11573,1,-14682,43462,0,45875,-3,39565
11574,1,-14948,43371,0,45875,-1,39692
11575,1,-15214,43279,0,45876,0,39820
11576,1,-15479,43185,0,45876,1,39947
11577,1,-15744,43089,0,45876,-2,40077
11578,1,-16008,42992,0,45876,-1,40204
11579,1,-16272,42893,0,45876,1,40331
11580,1,-16535,42792,0,45876,3,40459
11581,1,-16797,42690,0,45876,-2,40589
11582,1,-17058,42586,0,45876,0,40716
11583,1,-17319,42480,0,45875,2,40843
11584,1,-17580,42373,0,45875,-2,40973
11585,1,-17839,42265,0,45876,-1,41100
11586,1,-18098,42154,0,45875,1,41227
11587,1,-18357,42042,0,45875,3,41355
11588,1,-18614,41929,0,45875,-2,41485
11589,1,-18871,41814,0,45875,0,41612
11590,1,-19127,41697,0,45875,1,41739
11591,1,-19383,41579,0,45875,-3,41869
11592,1,-19638,41460,0,45876,-1,41996
11593,1,-19892,41338,0,45876,1,42123
11594,1,-20145,41215,0,45875,2,42251
11595,1,-20398,41091,0,45876,-1,42381
11596,1,-20649,40965,0,45875,0,42508
11597,1,-20900,40838,0,45876,1,42635
11598,1,-21150,40709,0,45876,2,42762
11599,1,-21400,40578,0,45876,-1,42892
11600,1,-21648,40446,0,45875,0,43020
11601,1,-21896,40312,0,45875,2,43147
11602,1,-22143,40177,0,45875,-2,43277
11603,1,-22389,40041,0,45876,0,43404
11604,1,-22634,39903,0,45876,1,43531
11605,1,-22879,39763,0,45876,-3,43661
11606,1,-23122,39622,0,45876,-2,43788
11607,1,-23365,39479,0,45875,0,43916
11608,1,-23607,39335,0,45875,2,44043
11609,1,-23848,39189,0,45875,-2,44173
11610,1,-24088,39042,0,45875,0,44300
11611,1,-24327,38894,0,45875,1,44428
11612,1,-24565,38744,0,45875,2,44555
11613,1,-24802,38592,0,45875,-2,44684
11614,1,-25039,38440,0,45876,0,44812
11615,1,-25274,38285,0,45875,1,44939
11616,1,-25509,38129,0,45876,-2,45069
11617,1,-25742,37972,0,45875,-1,45196
11618,1,-25975,37813,0,45875,1,45324
11619,1,-26206,37653,0,45875,2,45451
11620,1,-26437,37492,0,45876,-2,45581
11621,1,-26666,37329,0,45875,-1,45708
11622,1,-26895,37165,0,45876,1,45835
11623,1,-27122,36999,0,45875,3,45962
11624,1,-27349,36832,0,45876,-1,46092
11625,1,-27574,36663,0,45875,0,46220
11626,1,-27799,36493,0,45875,3,46347
11627,1,-28022,36322,0,45875,-2,46477
11628,1,-28244,36150,0,45876,-1,46604
11629,1,-28466,35976,0,45876,1,46731
11630,1,-28686,35800,0,45875,3,46859
11631,1,-28905,35624,0,45876,-2,46989
11632,1,-29123,35445,0,45875,0,47116
11633,1,-29340,35266,0,45875,2,47243
11634,1,-29556,35085,0,45875,-2,47373
11635,1,-29771,34903,0,45875,0,47500
11636,1,-29984,34720,0,45875,1,47627
11637,1,-30197,34535,0,45875,-3,47757
11638,1,-30408,34350,0,45876,-2,47885
11639,1,-30618,34162,0,45875,0,48012
11640,1,-30827,33974,0,45875,1,48139
11641,1,-31035,33784,0,45875,-3,48269
11642,1,-31242,33593,0,45875,-1,48396
11643,1,-31447,33401,0,45876,0,48523
11644,1,-31652,33207,0,45876,3,48651
11645,1,-31855,33012,0,45875,-1,48781
11646,1,-32057,32816,0,45875,0,48908
11647,1,-32258,32619,0,45876,2,49035
11648,1,-32457,32420,0,45875,-1,49164
11649,1,-32655,32220,0,45875,0,49292
11650,1,-32852,32020,0,45876,1,49419
11651,1,-33048,31817,0,45875,-2,49549
11652,1,-33243,31614,0,45876,-1,49676
11653,1,-33436,31409,0,45875,1,49804
11654,1,-33628,31204,0,45876,2,49930
11655,1,-33819,30997,0,45875,-1,50060
11656,1,-34009,30789,0,45876,0,50188
11657,1,-34197,30579,0,45875,2,50315
11658,1,-34384,30369,0,45875,-2,50445
11659,1,-34570,30157,0,45875,0,50572
11660,1,-34754,29945,0,45876,0,50700
11661,1,-34937,29731,0,45875,2,50827
11662,1,-35119,29516,0,45875,-2,50957
11663,1,-35299,29300,0,45875,-1,51084
11664,1,-35479,29083,0,45876,2,51211
11665,1,-35656,28865,0,45875,-3,51341
11666,1,-35833,28645,0,45876,0,51468
11667,1,-36008,28425,0,45876,1,51596
11668,1,-36182,28203,0,45876,-3,51725
11669,1,-36354,27981,0,45876,-2,51853
11670,1,-36525,27757,0,45875,0,51980
11671,1,-36695,27533,0,45876,1,52107
11672,1,-36863,27307,0,45876,-3,52237
11673,1,-37030,27080,0,45876,-1,52365
11674,1,-37195,26852,0,45875,1,52491
11675,1,-37359,26624,0,45875,2,52619
11676,1,-37522,26394,0,45876,-2,52749
11677,1,-37683,26163,0,45875,0,52876
11678,1,-37843,25932,0,45876,1,53003
11679,1,-38001,25699,0,45875,3,53131
11680,1,-38158,25465,0,45875,-1,53260
11681,1,-38314,25231,0,45876,0,53388
11682,1,-38468,24995,0,45875,2,53515
11683,1,-38621,24759,0,45876,-2,53645
11684,1,-38772,24521,0,45875,0,53772
11685,1,-38921,24283,0,45875,0,53899
11686,1,-39070,24043,0,45876,-3,54029
11687,1,-39217,23803,0,45876,-1,54157
11688,1,-39362,23562,0,45876,0,54284
11689,1,-39506,23320,0,45876,2,54411
11690,1,-39648,23077,0,45875,-3,54541
11691,1,-39789,22834,0,45875,-1,54668
11692,1,-39928,22589,0,45875,0,54796
11693,1,-40066,22344,0,45875,2,54923
11694,1,-40202,22097,0,45875,-2,55053
11695,1,-40337,21850,0,45875,0,55180
11696,1,-40471,21602,0,45876,2,55307
11697,1,-40602,21354,0,45875,2,55435
11698,1,-40733,21104,0,45876,-1,55564
11699,1,-40861,20854,0,45875,0,55692
11700,1,-40989,20603,0,45876,2,55819
11701,1,-41114,20351,0,45875,-2,55949
11702,1,-41238,20098,0,45875,-1,56076
11703,1,-41361,19845,0,45875,1,56204
11704,1,-41482,19591,0,45876,3,56330
11705,1,-41601,19336,0,45875,-1,56460
11706,1,-41719,19080,0,45875,0,56588
11707,1,-41835,18824,0,45875,1,56715
11708,1,-41950,18567,0,45875,-2,56845
11709,1,-42063,18309,0,45875,-1,56972
11710,1,-42175,18051,0,45876,1,57099
11711,1,-42285,17791,0,45875,3,57227
11712,1,-42393,17532,0,45875,-2,57357
11713,1,-42500,17271,0,45875,0,57484
11714,1,-42605,17010,0,45876,2,57611
11715,1,-42709,16748,0,45876,-2,57741
11716,1,-42811,16486,0,45876,0,57868
11717,1,-42911,16223,0,45875,1,57995
11718,1,-43010,15959,0,45875,-3,58125
11719,1,-43107,15695,0,45875,-1,58253
11720,1,-43202,15430,0,45875,0,58380
11721,1,-43296,15165,0,45875,1,58507
11722,1,-43388,14899,0,45875,-3,58637
11723,1,-43479,14633,0,45875,-2,58764
11724,1,-43568,14365,0,45875,2,58891
11725,1,-43655,14098,0,45875,3,59019
11726,1,-43741,13830,0,45876,-2,59149
11727,1,-43825,13561,0,45876,0,59276
11728,1,-43907,13292,0,45875,1,59403
11729,1,-43988,13022,0,45875,-2,59533
11730,1,-44067,12752,0,45875,-1,59660
11731,1,-44145,12482,0,45876,0,59788
11732,1,-44220,12210,0,45875,3,59915
11733,1,-44294,11939,0,45875,-2,60044
11734,1,-44367,11667,0,45876,0,60172
11735,1,-44438,11394,0,45876,2,60299
11736,1,-44507,11122,0,45876,-3,60429
11737,1,-44574,10848,0,45875,-1,60556
11738,1,-44640,10575,0,45876,0,60684
11739,1,-44704,10300,0,45875,3,60811
11740,1,-44766,10026,0,45875,-2,60941
11741,1,-44827,9751,0,45876,0,61068
11742,1,-44886,9476,0,45876,1,61195
11743,1,-44943,9200,0,45875,-3,61325
11744,1,-44999,8924,0,45876,-1,61452
11745,1,-45053,8648,0,45876,1,61580
11746,1,-45105,8371,0,45876,2,61707
11747,1,-45155,8094,0,45875,-1,61837
11748,1,-45204,7817,0,45875,0,61964
11749,1,-45251,7540,0,45875,1,62091
11750,1,-45297,7262,0,45876,3,62219
11751,1,-45340,6984,0,45875,-2,62349
11752,1,-45382,6706,0,45875,0,62476
11753,1,-45423,6427,0,45876,2,62603
11754,1,-45461,6148,0,45875,-2,62733
11755,1,-45498,5869,0,45875,0,62860
11756,1,-45533,5590,0,45875,1,62987
11757,1,-45567,5310,0,45875,-2,63117
11758,1,-45599,5031,0,45876,-2,63245
11759,1,-45629,4751,0,45876,0,63372
11760,1,-45657,4471,0,45876,1,63499
11761,1,-45683,4190,0,45875,-2,63629
11762,1,-45708,3910,0,45875,-1,63756
11763,1,-45731,3629,0,45875,1,63884
11764,1,-45753,3349,0,45876,2,64011
11765,1,-45772,3068,0,45875,-2,64141
11766,1,-45790,2787,0,45875,0,64268
11767,1,-45807,2506,0,45876,1,64395
11768,1,-45821,2225,0,45875,3,64523
11769,1,-45834,1944,0,45875,-1,64652
11770,1,-45845,1663,0,45875,0,64780
11771,1,-45854,1381,0,45875,2,64907
11772,1,-45862,1100,0,45875,-3,65037
11773,1,-45868,818,0,45875,-1,65164
11774,1,-45872,537,0,45875,1,65291
11775,1,-45874,255,0,45875,-2,65421
11776,1,-45875,-26,0,45875,-3,-65523
11777,1,-45874,-308,0,45875,0,-65396
11778,1,-45871,-589,0,45875,1,-65268
11779,1,-45867,-870,0,45876,2,-65141
11780,1,-45861,-1152,0,45876,-1,-65012
11781,1,-45853,-1433,0,45876,0,-64884
11782,1,-45843,-1715,0,45875,2,-64757
11783,1,-45832,-1996,0,45876,-2,-64627
11784,1,-45819,-2277,0,45876,-1,-64500
11785,1,-45804,-2558,0,45876,1,-64372
11786,1,-45787,-2839,0,45875,2,-64245
11787,1,-45769,-3120,0,45876,-2,-64115
11788,1,-45749,-3401,0,45875,0,-63988
11789,1,-45727,-3681,0,45875,1,-63861
11790,1,-45704,-3962,0,45876,3,-63733
11791,1,-45679,-4242,0,45876,-2,-63604
11792,1,-45652,-4522,0,45876,-1,-63476
11793,1,-45623,-4802,0,45875,1,-63349
11794,1,-45593,-5082,0,45876,3,-63222
11795,1,-45561,-5362,0,45876,-1,-63092
11796,1,-45527,-5641,0,45876,0,-62964
11797,1,-45492,-5921,0,45876,2,-62837
11798,1,-45454,-6200,0,45875,-2,-62707
11799,1,-45415,-6479,0,45875,1,-62580
11800,1,-45375,-6757,0,45876,2,-62453
11801,1,-45333,-7035,0,45876,-3,-62323
11802,1,-45289,-7313,0,45876,-1,-62196
11803,1,-45243,-7591,0,45876,0,-62068
11804,1,-45195,-7869,0,45875,3,-61941
11805,1,-45146,-8146,0,45875,-2,-61811
11806,1,-45095,-8423,0,45875,0,-61684
11807,1,-45043,-8699,0,45876,1,-61557
11808,1,-44989,-8975,0,45876,2,-61429
11809,1,-44933,-9251,0,45876,-1,-61300
11810,1,-44875,-9527,0,45876,1,-61172
11811,1,-44816,-9802,0,45876,2,-61045
11812,1,-44755,-10077,0,45876,-2,-60915
11813,1,-44692,-10351,0,45875,-1,-60788
11814,1,-44628,-10625,0,45876,1,-60661
11815,1,-44562,-10899,0,45876,-3,-60531
11816,1,-44494,-11172,0,45875,-2,-60403
11817,1,-44425,-11445,0,45876,0,-60276
11818,1,-44354,-11717,0,45876,1,-60149
11819,1,-44281,-11989,0,45876,-2,-60019
11820,1,-44206,-12261,0,45875,0,-59892
11821,1,-44130,-12532,0,45875,2,-59765
11822,1,-44053,-12802,0,45876,3,-59637
11823,1,-43973,-13072,0,45875,-2,-59507
11824,1,-43892,-13342,0,45875,0,-59380
11825,1,-43810,-13611,0,45876,2,-59253
11826,1,-43725,-13879,0,45875,-3,-59123
11827,1,-43639,-14147,0,45875,-1,-58996
11828,1,-43552,-14415,0,45876,1,-58868
11829,1,-43462,-14682,0,45875,-3,-58739
11830,1,-43371,-14948,0,45875,-1,-58612
11831,1,-43279,-15214,0,45876,0,-58484
11832,1,-43185,-15479,0,45876,1,-58357
11833,1,-43089,-15744,0,45876,-2,-58227
11834,1,-42992,-16008,0,45876,-1,-58100
11835,1,-42893,-16272,0,45876,1,-57973
11836,1,-42792,-16535,0,45876,3,-57845
11837,1,-42690,-16797,0,45876,-2,-57715
11838,1,-42586,-17058,0,45876,0,-57588
11839,1,-42480,-17319,0,45875,2,-57461
11840,1,-42373,-17580,0,45875,-2,-57331
11841,1,-42265,-17839,0,45876,-1,-57204
11842,1,-42154,-18098,0,45875,1,-57077
11843,1,-42042,-18357,0,45875,3,-56949
11844,1,-41929,-18614,0,45875,-2,-56819
11845,1,-41814,-18871,0,45875,0,-56692
11846,1,-41697,-19127,0,45875,1,-56565
11847,1,-41579,-19383,0,45875,-3,-56435
11848,1,-41460,-19638,0,45876,-1,-56308
11849,1,-41338,-19892,0,45876,1,-56181
11850,1,-41215,-20145,0,45875,2,-56053
11851,1,-41091,-20398,0,45876,-1,-55923
11852,1,-40965,-20649,0,45875,0,-55796
11853,1,-40838,-20900,0,45876,1,-55669
11854,1,-40709,-21150,0,45876,2,-55542
11855,1,-40578,-21400,0,45876,-1,-55412
11856,1,-40446,-21648,0,45875,0,-55284
11857,1,-40312,-21896,0,45875,2,-55157
11858,1,-40177,-22143,0,45875,-2,-55027
11859,1,-40041,-22389,0,45876,0,-54900
11860,1,-39903,-22634,0,45876,1,-54773
11861,1,-39763,-22879,0,45876,-3,-54643
11862,1,-39622,-23122,0,45876,-2,-54516
11863,1,-39479,-23365,0,45875,0,-54388
11864,1,-39335,-23607,0,45875,2,-54261
11865,1,-39189,-23848,0,45875,-2,-54131
11866,1,-39042,-24088,0,45875,0,-54004
11867,1,-38894,-24327,0,45875,1,-53876
11868,1,-38744,-24565,0,45875,2,-53749
11869,1,-38592,-24802,0,45875,-2,-53620
11870,1,-38440,-25039,0,45876,0,-53492
11871,1,-38285,-25274,0,45875,1,-53365
11872,1,-38129,-25509,0,45876,-2,-53235
11873,1,-37972,-25742,0,45875,-1,-53108
11874,1,-37813,-25975,0,45875,1,-52980
11875,1,-37653,-26206,0,45875,2,-52853
11876,1,-37492,-26437,0,45876,-2,-52723
11877,1,-37329,-26666,0,45875,-1,-52596
11878,1,-37165,-26895,0,45876,1,-52469
11879,1,-36999,-27122,0,45875,3,-52342
11880,1,-36832,-27349,0,45876,-1,-52212
11881,1,-36663,-27574,0,45875,0,-52084
11882,1,-36493,-27799,0,45875,3,-51957
11883,1,-36322,-28022,0,45875,-2,-51827
11884,1,-36150,-28244,0,45876,-1,-51700
11885,1,-35976,-28466,0,45876,1,-51573
11886,1,-35800,-28686,0,45875,3,-51445
11887,1,-35624,-28905,0,45876,-2,-51315
11888,1,-35445,-29123,0,45875,0,-51188
11889,1,-35266,-29340,0,45875,2,-51061
11890,1,-35085,-29556,0,45875,-2,-50931
11891,1,-34903,-29771,0,45875,0,-50804
11892,1,-34720,-29984,0,45875,1,-50677
11893,1,-34535,-30197,0,45875,-3,-50547
11894,1,-34350,-30408,0,45876,-2,-50419
11895,1,-34162,-30618,0,45875,0,-50292
11896,1,-33974,-30827,0,45875,1,-50165
11897,1,-33784,-31035,0,45875,-3,-50035
11898,1,-33593,-31242,0,45875,-1,-49908
11899,1,-33401,-31447,0,45876,0,-49781
11900,1,-33207,-31652,0,45876,3,-49653
11901,1,-33012,-31855,0,45875,-1,-49523
11902,1,-32816,-32057,0,45875,0,-49396
11903,1,-32619,-32258,0,45876,2,-49269
11904,1,-32420,-32457,0,45875,-1,-49140
11905,1,-32220,-32655,0,45875,0,-49012
11906,1,-32020,-32852,0,45876,1,-48885
11907,1,-31817,-33048,0,45875,-2,-48755
11908,1,-31614,-33243,0,45876,-1,-48628
11909,1,-31409,-33436,0,45875,1,-48500
11910,1,-31204,-33628,0,45876,2,-48374
11911,1,-30997,-33819,0,45875,-1,-48244
11912,1,-30789,-34009,0,45876,0,-48116
11913,1,-30579,-34197,0,45875,2,-47989
11914,1,-30369,-34384,0,45875,-2,-47859
11915,1,-30157,-34570,0,45875,0,-47732
11916,1,-29945,-34754,0,45876,0,-47604
11917,1,-29731,-34937,0,45875,2,-47477
11918,1,-29516,-35119,0,45875,-2,-47347
11919,1,-29300,-35299,0,45875,-1,-47220
11920,1,-29083,-35479,0,45876,2,-47093
11921,1,-28865,-35656,0,45875,-3,-46963
11922,1,-28645,-35833,0,45876,0,-46836
11923,1,-28425,-36008,0,45876,1,-46708
11924,1,-28203,-36182,0,45876,-3,-46579
11925,1,-27981,-36354,0,45876,-2,-46451
11926,1,-27757,-36525,0,45875,0,-46324
11927,1,-27533,-36695,0,45876,1,-46197
11928,1,-27307,-36863,0,45876,-3,-46067
11929,1,-27080,-37030,0,45876,-1,-45939
11930,1,-26852,-37195,0,45875,1,-45813
11931,1,-26624,-37359,0,45875,2,-45685
11932,1,-26394,-37522,0,45876,-2,-45555
11933,1,-26163,-37683,0,45875,0,-45428
11934,1,-25932,-37843,0,45876,1,-45301
11935,1,-25699,-38001,0,45875,3,-45173
11936,1,-25465,-38158,0,45875,-1,-45044
11937,1,-25231,-38314,0,45876,0,-44916
11938,1,-24995,-38468,0,45875,2,-44789
11939,1,-24759,-38621,0,45876,-2,-44659
11940,1,-24521,-38772,0,45875,0,-44532
11941,1,-24283,-38921,0,45875,0,-44405
11942,1,-24043,-39070,0,45876,-3,-44275
11943,1,-23803,-39217,0,45876,-1,-44147
11944,1,-23562,-39362,0,45876,0,-44020
11945,1,-23320,-39506,0,45876,2,-43893
11946,1,-23077,-39648,0,45875,-3,-43763
11947,1,-22834,-39789,0,45875,-1,-43636
11948,1,-22589,-39928,0,45875,0,-43508
11949,1,-22344,-40066,0,45875,2,-43381
11950,1,-22097,-40202,0,45875,-2,-43251
11951,1,-21850,-40337,0,45875,0,-43124
11952,1,-21602,-40471,0,45876,2,-42997
11953,1,-21354,-40602,0,45875,2,-42869
11954,1,-21104,-40733,0,45876,-1,-42740
11955,1,-20854,-40861,0,45875,0,-42612
11956,1,-20603,-40989,0,45876,2,-42485
11957,1,-20351,-41114,0,45875,-2,-42355
11958,1,-20098,-41238,0,45875,-1,-42228
11959,1,-19845,-41361,0,45875,1,-42100
11960,1,-19591,-41482,0,45876,3,-41974
11961,1,-19336,-41601,0,45875,-1,-41844
11962,1,-19080,-41719,0,45875,0,-41716
11963,1,-18824,-41835,0,45875,1,-41589
11964,1,-18567,-41950,0,45875,-2,-41459
11965,1,-18309,-42063,0,45875,-1,-41332
11966,1,-18051,-42175,0,45876,1,-41205
11967,1,-17791,-42285,0,45875,3,-41077
11968,1,-17532,-42393,0,45875,-2,-40947
11969,1,-17271,-42500,0,45875,0,-40820
11970,1,-17010,-42605,0,45876,2,-40693
11971,1,-16748,-42709,0,45876,-2,-40563
11972,1,-16486,-42811,0,45876,0,-40436
11973,1,-16223,-42911,0,45875,1,-40309
11974,1,-15959,-43010,0,45875,-3,-40179
11975,1,-15695,-43107,0,45875,-1,-40051
11976,1,-15430,-43202,0,45875,0,-39924
11977,1,-15165,-43296,0,45875,1,-39797
11978,1,-14899,-43388,0,45875,-3,-39667
11979,1,-14633,-43479,0,45875,-2,-39540
11980,1,-14365,-43568,0,45875,2,-39413
11981,1,-14098,-43655,0,45875,3,-39285
11982,1,-13830,-43741,0,45876,-2,-39155
11983,1,-13561,-43825,0,45876,0,-39028
11984,1,-13292,-43907,0,45875,1,-38901
11985,1,-13022,-43988,0,45875,-2,-38771
11986,1,-12752,-44067,0,45875,-1,-38644
11987,1,-12482,-44145,0,45876,0,-38516
11988,1,-12210,-44220,0,45875,3,-38389
11989,1,-11939,-44294,0,45875,-2,-38260
11990,1,-11667,-44367,0,45876,0,-38132
11991,1,-11394,-44438,0,45876,2,-38005
11992,1,-11122,-44507,0,45876,-3,-37875
11993,1,-10848,-44574,0,45875,-1,-37748
11994,1,-10575,-44640,0,45876,0,-37620
11995,1,-10300,-44704,0,45875,3,-37493
11996,1,-10026,-44766,0,45875,-2,-37363
11997,1,-9751,-44827,0,45876,0,-37236
11998,1,-9476,-44886,0,45876,1,-37109
11999,1,-9200,-44943,0,45875,-3,-36979
12000,1,-8924,-44999,0,45876,-1,-36852
12001,1,-8648,-45053,0,45876,1,-36724
12002,1,-8371,-45105,0,45876,2,-36597
12003,1,-8094,-45155,0,45875,-1,-36467
12004,1,-7817,-45204,0,45875,0,-36340
12005,1,-7540,-45251,0,45875,1,-36213
12006,1,-7262,-45297,0,45876,3,-36085
12007,1,-6984,-45340,0,45875,-2,-35955
12008,1,-6706,-45382,0,45875,0,-35828
12009,1,-6427,-45423,0,45876,2,-35701
12010,1,-6148,-45461,0,45875,-2,-35571
12011,1,-5869,-45498,0,45875,0,-35444
12012,1,-5590,-45533,0,45875,1,-35317
12013,1,-5310,-45567,0,45875,-2,-35187
12014,1,-5031,-45599,0,45876,-2,-35059
12015,1,-4751,-45629,0,45876,0,-34932
12016,1,-4471,-45657,0,45876,1,-34805
12017,1,-4190,-45683,0,45875,-2,-34675
12018,1,-3910,-45708,0,45875,-1,-34548
12019,1,-3629,-45731,0,45875,1,-34420
12020,1,-3349,-45753,0,45876,2,-34293
12021,1,-3068,-45772,0,45875,-2,-34163
12022,1,-2787,-45790,0,45875,0,-34036
12023,1,-2506,-45807,0,45876,1,-33909
12024,1,-2225,-45821,0,45875,3,-33781
12025,1,-1944,-45834,0,45875,-1,-33652
12026,1,-1663,-45845,0,45875,0,-33524
12027,1,-1381,-45854,0,45875,2,-33397
12028,1,-1100,-45862,0,45875,-3,-33267
12029,1,-818,-45868,0,45875,-1,-33140
12030,1,-537,-45872,0,45875,1,-33013
12031,1,-255,-45874,0,45875,-2,-32883
12032,1,26,-45875,0,45875,-3,-32755
12033,1,308,-45874,0,45875,0,-32628
12034,1,589,-45871,0,45875,1,-32500
12035,1,870,-45867,0,45876,2,-32373
12036,1,1152,-45861,0,45876,-1,-32244
12037,1,1433,-45853,0,45876,0,-32116
12038,1,1715,-45843,0,45875,2,-31989
12039,1,1996,-45832,0,45876,-2,-31859
12040,1,2277,-45819,0,45876,-1,-31732
12041,1,2558,-45804,0,45876,1,-31604
12042,1,2839,-45787,0,45875,2,-31477
12043,1,3120,-45769,0,45876,-2,-31347
12044,1,3401,-45749,0,45875,0,-31220
12045,1,3681,-45727,0,45875,1,-31093
12046,1,3962,-45704,0,45876,3,-30965
12047,1,4242,-45679,0,45876,-2,-30836
12048,1,4522,-45652,0,45876,-1,-30708
12049,1,4802,-45623,0,45875,1,-30581
12050,1,5082,-45593,0,45876,3,-30454
12051,1,5362,-45561,0,45876,-1,-30324
12052,1,5641,-45527,0,45876,0,-30196
12053,1,5921,-45492,0,45876,2,-30069
12054,1,6200,-45454,0,45875,-2,-29939
12055,1,6479,-45415,0,45875,1,-29812
12056,1,6757,-45375,0,45876,2,-29685
12057,1,7035,-45333,0,45876,-3,-29555
12058,1,7313,-45289,0,45876,-1,-29428
12059,1,7591,-45243,0,45876,0,-29300
12060,1,7869,-45195,0,45875,3,-29173
12061,1,8146,-45146,0,45875,-2,-29043
12062,1,8423,-45095,0,45875,0,-28916
12063,1,8699,-45043,0,45876,1,-28789
12064,1,8975,-44989,0,45876,2,-28661
12065,1,9251,-44933,0,45876,-1,-28532
12066,1,9527,-44875,0,45876,1,-28404
12067,1,9802,-44816,0,45876,2,-28277
12068,1,10077,-44755,0,45876,-2,-28147
12069,1,10351,-44692,0,45875,-1,-28020
12070,1,10625,-44628,0,45876,1,-27893
12071,1,10899,-44562,0,45876,-3,-27763
12072,1,11172,-44494,0,45875,-2,-27635
12073,1,11445,-44425,0,45876,0,-27508
12074,1,11717,-44354,0,45876,1,-27381
12075,1,11989,-44281,0,45876,-2,-27251
12076,1,12261,-44206,0,45875,0,-27124
12077,1,12532,-44130,0,45875,2,-26997
12078,1,12802,-44053,0,45876,3,-26869
12079,1,13072,-43973,0,45875,-2,-26739
12080,1,13342,-43892,0,45875,0,-26612
12081,1,13611,-43810,0,45876,2,-26485
12082,1,13879,-43725,0,45875,-3,-26355
12083,1,14147,-43639,0,45875,-1,-26228
12084,1,14415,-43552,0,45876,1,-26100
12085,1,14682,-43462,0,45875,-3,-25971
12086,1,14948,-43371,0,45875,-1,-25844
12087,1,15214,-43279,0,45876,0,-25716
12088,1,15479,-43185,0,45876,1,-25589
12089,1,15744,-43089,0,45876,-2,-25459
12090,1,16008,-42992,0,45876,-1,-25332
12091,1,16272,-42893,0,45876,1,-25205
12092,1,16535,-42792,0,45876,3,-25077
12093,1,16797,-42690,0,45876,-2,-24947
12094,1,17058,-42586,0,45876,0,-24820
12095,1,17319,-42480,0,45875,2,-24693
12096,1,17580,-42373,0,45875,-2,-24563
12097,1,17839,-42265,0,45876,-1,-24436
12098,1,18098,-42154,0,45875,1,-24309
12099,1,18357,-42042,0,45875,3,-24181
12100,1,18614,-41929,0,45875,-2,-24051
12101,1,18871,-41814,0,45875,0,-23924
12102,1,19127,-41697,0,45875,1,-23797
12103,1,19383,-41579,0,45875,-3,-23667
12104,1,19638,-41460,0,45876,-1,-23540
12105,1,19892,-41338,0,45876,1,-23413
12106,1,20145,-41215,0,45875,2,-23285
12107,1,20398,-41091,0,45876,-1,-23155
12108,1,20649,-40965,0,45875,0,-23028
12109,1,20900,-40838,0,45876,1,-22901
12110,1,21150,-40709,0,45876,2,-22774
12111,1,21400,-40578,0,45876,-1,-22644
12112,1,21648,-40446,0,45875,0,-22516
12113,1,21896,-40312,0,45875,2,-22389
12114,1,22143,-40177,0,45875,-2,-22259
12115,1,22389,-40041,0,45876,0,-22132
12116,1,22634,-39903,0,45876,1,-22005
12117,1,22879,-39763,0,45876,-3,-21875
12118,1,23122,-39622,0,45876,-2,-21748
12119,1,23365,-39479,0,45875,0,-21620
12120,1,23607,-39335,0,45875,2,-21493
12121,1,23848,-39189,0,45875,-2,-21363
12122,1,24088,-39042,0,45875,0,-21236
12123,1,24327,-38894,0,45875,1,-21108
12124,1,24565,-38744,0,45875,2,-20981
12125,1,24802,-38592,0,45875,-2,-20852
12126,1,25039,-38440,0,45876,0,-20724
12127,1,25274,-38285,0,45875,1,-20597
12128,1,25509,-38129,0,45876,-2,-20467
12129,1,25742,-37972,0,45875,-1,-20340
12130,1,25975,-37813,0,45875,1,-20212
12131,1,26206,-37653,0,45875,2,-20085
12132,1,26437,-37492,0,45876,-2,-19955
12133,1,26666,-37329,0,45875,-1,-19828
12134,1,26895,-37165,0,45876,1,-19701
12135,1,27122,-36999,0,45875,3,-19574
12136,1,27349,-36832,0,45876,-1,-19444
12137,1,27574,-36663,0,45875,0,-19316
12138,1,27799,-36493,0,45875,3,-19189
12139,1,28022,-36322,0,45875,-2,-19059
12140,1,28244,-36150,0,45876,-1,-18932
12141,1,28466,-35976,0,45876,1,-18805
12142,1,28686,-35800,0,45875,3,-18677
12143,1,28905,-35624,0,45876,-2,-18547
12144,1,29123,-35445,0,45875,0,-18420
12145,1,29340,-35266,0,45875,2,-18293
12146,1,29556,-35085,0,45875,-2,-18163
12147,1,29771,-34903,0,45875,0,-18036
12148,1,29984,-34720,0,45875,1,-17909
12149,1,30197,-34535,0,45875,-3,-17779
12150,1,30408,-34350,0,45876,-2,-17651
12151,1,30618,-34162,0,45875,0,-17524
12152,1,30827,-33974,0,45875,1,-17397
12153,1,31035,-33784,0,45875,-3,-17267
12154,1,31242,-33593,0,45875,-1,-17140
12155,1,31447,-33401,0,45876,0,-17013
12156,1,31652,-33207,0,45876,3,-16885
12157,1,31855,-33012,0,45875,-1,-16755
12158,1,32057,-32816,0,45875,0,-16628
12159,1,32258,-32619,0,45876,2,-16501
12160,1,32457,-32420,0,45875,-1,-16372
12161,1,32655,-32220,0,45875,0,-16244
12162,1,32852,-32020,0,45876,1,-16117
12163,1,33048,-31817,0,45875,-2,-15987
12164,1,33243,-31614,0,45876,-1,-15860
12165,1,33436,-31409,0,45875,1,-15732
12166,1,33628,-31204,0,45876,2,-15606
12167,1,33819,-30997,0,45875,-1,-15476
12168,1,34009,-30789,0,45876,0,-15348
12169,1,34197,-30579,0,45875,2,-15221
12170,1,34384,-30369,0,45875,-2,-15091
12171,1,34570,-30157,0,45875,0,-14964
12172,1,34754,-29945,0,45876,0,-14836
12173,1,34937,-29731,0,45875,2,-14709
12174,1,35119,-29516,0,45875,-2,-14579
12175,1,35299,-29300,0,45875,-1,-14452
12176,1,35479,-29083,0,45876,2,-14325
12177,1,35656,-28865,0,45875,-3,-14195
12178,1,35833,-28645,0,45876,0,-14068
12179,1,36008,-28425,0,45876,1,-13940
12180,1,36182,-28203,0,45876,-3,-13811
12181,1,36354,-27981,0,45876,-2,-13683
12182,1,36525,-27757,0,45875,0,-13556
12183,1,36695,-27533,0,45876,1,-13429
12184,1,36863,-27307,0,45876,-3,-13299
12185,1,37030,-27080,0,45876,-1,-13171
12186,1,37195,-26852,0,45875,1,-13045
12187,1,37359,-26624,0,45875,2,-12917
12188,1,37522,-26394,0,45876,-2,-12787
12189,1,37683,-26163,0,45875,0,-12660
12190,1,37843,-25932,0,45876,1,-12533
12191,1,38001,-25699,0,45875,3,-12405
12192,1,38158,-25465,0,45875,-1,-12276
12193,1,38314,-25231,0,45876,0,-12148
12194,1,38468,-24995,0,45875,2,-12021
12195,1,38621,-24759,0,45876,-2,-11891
12196,1,38772,-24521,0,45875,0,-11764
12197,1,38921,-24283,0,45875,0,-11637
12198,1,39070,-24043,0,45876,-3,-11507
12199,1,39217,-23803,0,45876,-1,-11379
12200,1,39362,-23562,0,45876,0,-11252
12201,1,39506,-23320,0,45876,2,-11125
12202,1,39648,-23077,0,45875,-3,-10995
12203,1,39789,-22834,0,45875,-1,-10868
12204,1,39928,-22589,0,45875,0,-10740
12205,1,40066,-22344,0,45875,2,-10613
12206,1,40202,-22097,0,45875,-2,-10483
12207,1,40337,-21850,0,45875,0,-10356
12208,1,40471,-21602,0,45876,2,-10229
12209,1,40602,-21354,0,45875,2,-10101
12210,1,40733,-21104,0,45876,-1,-9972
12211,1,40861,-20854,0,45875,0,-9844
12212,1,40989,-20603,0,45876,2,-9717
12213,1,41114,-20351,0,45875,-2,-9587
12214,1,41238,-20098,0,45875,-1,-9460
12215,1,41361,-19845,0,45875,1,-9332
12216,1,41482,-19591,0,45876,3,-9206
12217,1,41601,-19336,0,45875,-1,-9076
12218,1,41719,-19080,0,45875,0,-8948
12219,1,41835,-18824,0,45875,1,-8821
12220,1,41950,-18567,0,45875,-2,-8691
12221,1,42063,-18309,0,45875,-1,-8564
12222,1,42175,-18051,0,45876,1,-8437
12223,1,42285,-17791,0,45875,3,-8309
12224,1,42393,-17532,0,45875,-2,-8179
12225,1,42500,-17271,0,45875,0,-8052
12226,1,42605,-17010,0,45876,2,-7925
12227,1,42709,-16748,0,45876,-2,-7795
12228,1,42811,-16486,0,45876,0,-7668
12229,1,42911,-16223,0,45875,1,-7541
12230,1,43010,-15959,0,45875,-3,-7411
12231,1,43107,-15695,0,45875,-1,-7283
12232,1,43202,-15430,0,45875,0,-7156
12233,1,43296,-15165,0,45875,1,-7029
12234,1,43388,-14899,0,45875,-3,-6899
12235,1,43479,-14633,0,45875,-2,-6772
12236,1,43568,-14365,0,45875,2,-6645
12237,1,43655,-14098,0,45875,3,-6517
12238,1,43741,-13830,0,45876,-2,-6387
12239,1,43825,-13561,0,45876,0,-6260
12240,1,43907,-13292,0,45875,1,-6133
12241,1,43988,-13022,0,45875,-2,-6003
12242,1,44067,-12752,0,45875,-1,-5876
12243,1,44145,-12482,0,45876,0,-5748
12244,1,44220,-12210,0,45875,3,-5621
12245,1,44294,-11939,0,45875,-2,-5492
12246,1,44367,-11667,0,45876,0,-5364
12247,1,44438,-11394,0,45876,2,-5237
12248,1,44507,-11122,0,45876,-3,-5107
12249,1,44574,-10848,0,45875,-1,-4980
12250,1,44640,-10575,0,45876,0,-4852
12251,1,44704,-10300,0,45875,3,-4725
12252,1,44766,-10026,0,45875,-2,-4595
12253,1,44827,-9751,0,45876,0,-4468
12254,1,44886,-9476,0,45876,1,-4341
12255,1,44943,-9200,0,45875,-3,-4211
12256,1,44999,-8924,0,45876,-1,-4084
12257,1,45053,-8648,0,45876,1,-3956
12258,1,45105,-8371,0,45876,2,-3829
12259,1,45155,-8094,0,45875,-1,-3699
12260,1,45204,-7817,0,45875,0,-3572
12261,1,45251,-7540,0,45875,1,-3445
12262,1,45297,-7262,0,45876,3,-3317
12263,1,45340,-6984,0,45875,-2,-3187
12264,1,45382,-6706,0,45875,0,-3060
12265,1,45423,-6427,0,45876,2,-2933
12266,1,45461,-6148,0,45875,-2,-2803
12267,1,45498,-5869,0,45875,0,-2676
12268,1,45533,-5590,0,45875,1,-2549
12269,1,45567,-5310,0,45875,-2,-2419
12270,1,45599,-5031,0,45876,-2,-2291
12271,1,45629,-4751,0,45876,0,-2164
12272,1,45657,-4471,0,45876,1,-2037
12273,1,45683,-4190,0,45875,-2,-1907
12274,1,45708,-3910,0,45875,-1,-1780
12275,1,45731,-3629,0,45875,1,-1652
12276,1,45753,-3349,0,45876,2,-1525
12277,1,45772,-3068,0,45875,-2,-1395
12278,1,45790,-2787,0,45875,0,-1268
12279,1,45807,-2506,0,45876,1,-1141
12280,1,45821,-2225,0,45875,3,-1013
12281,1,45834,-1944,0,45875,-1,-884
12282,1,45845,-1663,0,45875,0,-756
12283,1,45854,-1381,0,45875,2,-629
12284,1,45862,-1100,0,45875,-3,-499
12285,1,45868,-818,0,45875,-1,-372
12286,1,45872,-537,0,45875,1,-245
12287,1,45874,-255,0,45875,-2,-115
12288,1,-58424,42900,18113,65535,-1,-60635
12289,1,53352,26494,15970,59568,0,25585
12290,1,-13706,41129,11170,43353,-1,50649
12291,1,-59106,-15698,-9329,61155,1,61622
12292,1,-64599,-19933,51151,65535,4,-8143
12293,1,-9262,34192,-60756,35425,-2,-22469
12294,1,9906,64569,-3179,65325,-3,26414
12295,1,-58266,-17333,30519,60790,2,-28986
12296,1,19461,-62408,11749,65372,-1,-14713
12297,1,5416,40224,41064,40587,2,-60033
12298,1,28616,-17358,44296,33469,0,32922
12299,1,18680,13408,61153,22994,1,-56933
12300,1,-6134,-48456,21906,48843,2,-13490
12301,1,-11206,22692,2853,25308,-1,45190
12302,1,52139,-611,62173,52143,1,61928
12303,1,-36629,-63170,-63079,65535,0,24263
12304,1,28237,-23412,-54765,36681,2,61865
12305,1,48011,-10931,49120,49240,-2,44451
12306,1,-50887,47575,10589,65535,-2,60443
12307,1,-53646,-16978,-26472,56269,-3,45459
12308,1,-17677,-1738,-29727,17763,0,37854
12309,1,64258,-43887,-17879,65535,-1,-30379
12310,1,58133,-14098,-11064,59818,-4,-16026
12311,1,-41010,-16032,-1775,44033,-2,-59536
12312,1,-58529,-30630,50775,65535,-1,-4703
12313,1,-4132,-47880,44006,48058,-2,9443
12314,1,34995,-65010,-25398,65535,-4,-47863
12315,1,48216,-37842,-59544,61293,2,57646
12316,1,-37014,62656,16894,65535,4,60792
12317,1,-37036,-16012,20705,40349,0,-36318
12318,1,-18084,48321,-36210,51595,3,4027
12319,1,-11456,-15430,-35325,19218,-1,49657
12320,1,-46589,10404,-53734,47737,-2,7219
12321,1,-65155,-48217,-2419,65535,-4,-54664
12322,1,-48157,-4287,43893,48348,3,-19792
12323,1,26081,-22253,-30254,34285,-1,-44989
12324,1,-21440,-8070,32630,22909,0,-25396
12325,1,12558,-702,-27668,12578,1,-28834
12326,1,59507,9654,-61020,60285,-1,-57665
12327,1,-48242,-34052,7291,59050,-3,-45422
12328,1,26905,-53397,24851,59793,-3,1820
12329,1,54120,5400,22038,54389,-1,24113
12330,1,-36537,13980,-34389,39120,-2,23525
12331,1,45203,30000,14938,54253,2,27160
12332,1,18683,22930,15160,29578,-1,33667
12333,1,-33958,50567,48289,60911,-1,-37678
12334,1,37473,28172,3919,46882,-3,17368
12335,1,24317,-49759,24274,55383,-1,989
12336,1,21468,37336,30344,43068,-1,52227
12337,1,-20152,-30165,-2605,36277,-1,-47659
12338,1,47247,-44241,48579,64727,3,32879
12339,1,-15407,-32679,12069,36129,0,-29889
12340,1,-60104,60266,30333,65535,-1,-51615
12341,1,-21244,44312,7120,49142,2,49213
12342,1,-39528,-18375,25096,43590,-2,-31362
12343,1,22972,44148,-14684,49767,3,8074
12344,1,-21263,37069,22732,42735,-2,-64707
12345,1,-53300,25878,13150,59250,1,-61815
12346,1,19290,-33996,-56296,39088,2,52774
12347,1,-43632,13386,-40334,45640,-1,18993
12348,1,7256,-52792,64582,53288,1,34663
12349,1,49178,-45419,55463,65535,-3,39908
12350,1,-53710,-42487,55783,65535,1,4208
12351,1,-13065,-3849,44634,13620,-1,-14924
12352,1,27771,63835,65287,65535,4,-41578
12353,1,46322,-37832,-16331,59808,1,-30618
12354,1,-37806,-35148,-28711,51621,3,52448
12355,1,-39425,-163,41241,39426,-1,-24208
12356,1,-8032,6715,-59484,10469,0,-8474
12357,1,-17539,17653,45104,24885,1,-36884
12358,1,2753,15221,-61076,15468,0,-32040
12359,1,-42435,488,21552,42438,0,-44224
12360,1,7492,50354,-38740,50909,-2,-9052
12361,1,37281,28228,-34840,46762,-2,-21320
12362,1,13111,39338,24941,41466,-1,50998
12363,1,16063,60520,15426,62616,2,42781
12364,1,36556,-34876,6150,50524,-1,-9743
12365,1,-24114,-63234,42043,65535,-3,1676
12366,1,25435,-50659,-7046,56686,0,-30107
12367,1,57037,47551,58435,65535,-3,-58139
12368,1,-22634,47019,-53419,52183,3,-11293
12369,1,-14197,-878,51241,14224,0,-13007
12370,1,-1812,-27644,-47785,27704,-1,49154
12371,1,19151,-7152,-65415,20443,1,58201
12372,1,-65305,-56233,-46773,65535,4,33592
12373,1,-54485,-7471,11441,54995,3,-51253
12374,1,14429,-33249,-25805,36245,1,-50032
12375,1,-47718,-27206,-63063,54929,1,13282
12376,1,-50798,34501,57877,61407,1,-20105
12377,1,-32680,56764,33264,65499,-4,-54142
12378,1,-9792,56235,-7912,57082,-3,28453
12379,1,15533,-22627,43441,27446,-1,23224
12380,1,-32993,29159,-31610,44032,0,18827
12381,1,9263,26939,-4103,28487,1,21756
12382,1,-45059,52389,29217,65535,-3,-54268
12383,1,-9785,-21416,-18782,23546,0,-60491
12384,1,4157,2571,12670,4888,0,24225
12385,1,52552,-25469,41605,58399,0,32191
12386,1,-31990,47549,-57786,57309,-1,-12664
12387,1,21490,31290,26117,37959,-2,46332
12388,1,21663,19825,32154,29365,0,47614
12389,1,61630,3183,-45632,61712,-2,-44555
12390,1,-40471,-30191,45406,50492,0,-6760
12391,1,65487,44234,19239,65535,0,31632
12392,1,52436,-13767,43370,54213,2,38013
12393,1,17273,11451,41984,20724,0,54196
12394,1,-1703,8785,-61149,8949,0,-24386
12395,1,41338,-43234,-34648,59817,2,-51500
12396,1,-3634,10906,16859,11496,0,56338
12397,1,40922,53294,17026,65535,1,36134
12398,1,-6020,39333,-38181,39791,2,-2246
12399,1,40183,19313,-34603,44584,2,-25258
12400,1,4320,17515,-32131,18040,-1,-4406
12401,1,-52702,5025,-23159,52941,1,40394
12402,1,-24791,-36443,-54319,44076,0,31524
12403,1,34408,21453,48674,40548,2,60303
12404,1,-47951,-36898,14395,60504,3,-37460
12405,1,-63748,44112,-25047,65535,-1,27862
12406,1,50631,-4750,57697,50853,-2,55747
12407,1,45070,-1586,-52492,45098,-1,-53225
12408,1,-24002,-17326,20944,29602,2,-31550
12409,1,-17941,-9580,-40737,20339,0,35030
12410,1,21684,58235,-56509,62141,1,-31177
12411,1,-7062,-53085,-61090,53553,3,34454
12412,1,55049,41652,1325,65535,-2,14838
12413,1,42752,-24236,12202,49144,-1,1444
12414,1,32690,-64618,32292,65535,-1,9294
12415,1,29035,-29579,51098,41448,-1,34521
12416,1,59359,-21576,-37989,63159,1,-45262
12417,1,15405,-39090,-15771,42016,1,-40708
12418,1,61701,35288,19985,65535,1,30822
12419,1,-45444,-41425,18849,61492,0,-31267
12420,1,-28694,-42892,45378,51605,-3,312
12421,1,-32715,18194,27146,37434,0,-48977
12422,1,-30354,-20628,-48496,36700,1,29491
12423,1,2636,33065,-33220,33170,1,-2112
12424,1,5378,21893,42876,22544,1,-60454
12425,1,-65292,17519,-45450,65535,0,14617
12426,1,58107,-16101,-47360,60297,0,-52999
12427,1,-42964,-1197,24452,42981,1,-40503
12428,1,55408,-23620,60706,60233,0,52300
12429,1,-27590,-35157,48743,44691,-2,2096
12430,1,19307,-12001,-62586,22733,-1,56885
12431,1,26549,-26798,-38216,37722,-1,-54696
12432,1,28731,-42078,56434,50952,1,36163
12433,1,6647,31108,47672,31810,0,-55023
12434,1,-53594,7252,62020,54083,0,-6322
12435,1,40081,-35068,17302,53257,0,2308
12436,1,-40884,24780,23289,47808,0,-53614
12437,1,37649,34327,10155,50949,-1,25577
12438,1,-197,36102,9824,36103,-2,42707
12439,1,16925,-60627,61877,62945,-2,34789
12440,1,23535,-65350,-33567,65535,-3,-59123
12441,1,26064,-50930,1701,57212,1,-21200
12442,1,-6591,480,31611,6609,0,-35443
12443,1,-11605,-46231,501,47666,-1,-37397
12444,1,-29157,7872,28030,30201,1,-43007
12445,1,20722,47261,193,51604,0,24341
12446,1,19588,4094,37822,20012,1,42119
12447,1,61461,47578,9065,65535,1,22807
12448,1,-63102,-1788,407,63128,1,-64538
12449,1,23750,53051,46671,58125,-2,-60413
12450,1,-64262,17468,-31197,65535,1,28802
12451,1,-64642,57325,31138,65535,2,-49532
12452,1,56635,-31935,1103,65018,-3,-9607
12453,1,-48673,-49695,12164,65535,2,-36772
12454,1,-18065,-56514,45466,59332,-1,6244
12455,1,6298,23183,-5414,24024,1,21820
12456,1,45620,22326,-58525,50790,-3,-49030
12457,1,11919,-46451,6839,47956,1,-20689
12458,1,5753,11212,59585,12602,0,-48609
12459,1,-41718,8874,28846,42651,-2,-41061
12460,1,45446,47598,3615,65535,-3,20483
12461,1,13848,7566,28617,15780,-1,39050
12462,1,-57394,-19930,-19681,60756,-2,52828
12463,1,48919,-12312,-39325,50445,-2,-44468
12464,1,-54195,62930,57375,65535,-1,-26098
12465,1,-59388,58091,-62392,65535,-4,-13009
12466,1,40430,16882,47018,43813,2,55269
12467,1,-2469,24732,-38248,24855,1,-3405
12468,1,-34786,-46729,53159,58255,2,7041
12469,1,-58821,-35815,-60788,65535,-2,16158
12470,1,22099,44919,62392,50061,3,-45451
12471,1,-64244,12061,35655,65366,4,-33753
12472,1,16122,-4040,3613,16621,0,-1509
12473,1,-47874,-22025,3042,52698,2,-53500
12474,1,-46533,-19659,17614,50516,-3,-39582
12475,1,3539,-59727,-56356,59832,-1,43183
12476,1,36199,15309,-5841,39303,-2,2506
12477,1,63924,23783,34897,65535,-3,42328
12478,1,4668,18644,49922,19220,-1,-53499
12479,1,36269,7639,-63112,37065,0,-58782
12480,1,-14479,-6629,-4439,15925,0,-61019
12481,1,-29234,45456,23591,54045,2,-62791
12482,1,-59983,56746,-2416,65535,3,47314
12483,1,45627,19117,-35609,49470,1,-27333
12484,1,4113,-38753,31914,38971,2,1351
12485,1,-52768,-40222,-26143,65535,0,52980
12486,1,39336,-50072,-50025,63675,-3,62171
12487,1,49738,-27212,21550,56696,-2,11107
12488,1,-26466,27725,-33624,38329,-2,15044
12489,1,42669,-16973,-54712,45921,-1,-62609
12490,1,47412,-43521,-56371,64359,-3,59210
12491,1,7917,-48116,33024,48763,1,3657
12492,1,51419,-44334,28789,65535,3,13945
12493,1,6730,10444,-13689,12425,1,7137
12494,1,11598,-58348,3668,59490,-2,-25006
12495,1,15150,16670,12150,22526,1,29529
12496,1,30523,37691,5878,48500,1,24446
12497,1,-22210,64941,-60387,65535,3,-20746
12498,1,-21884,16730,-57989,27547,2,-6070
12499,1,49549,-31456,45959,58691,-1,34159
12500,1,-32669,-55137,52421,64089,-1,8495
12501,1,59506,19219,-18888,62533,-1,-12371
12502,1,-32990,-24724,48719,41227,1,-3401
12503,1,10469,30070,-37336,31840,-1,-11556
12504,1,-10800,29112,-43396,31051,0,-3217
12505,1,-39809,25013,38381,47015,0,-38858
12506,1,-7717,-39230,56047,39982,-2,19228
12507,1,-38472,50894,16318,63799,1,62589
12508,1,50448,-1524,16850,50471,-3,16221
12509,1,-52710,-27719,-9581,59554,1,-65018
12510,1,20194,52512,-21393,56261,-2,3717
12511,1,-41697,4841,65433,41977,0,-2514
12512,1,17635,51643,33183,54571,-3,59088
12513,1,3616,36672,-56581,36850,-1,-25863
12514,1,5980,9001,11434,10807,0,31970
12515,1,17680,15438,26308,23472,0,41282
12516,1,5336,-1954,-1278,5683,0,-8600
12517,1,-40139,52344,-7180,65535,-3,39236
12518,1,-60705,-26827,-47822,65535,-2,26395
12519,1,40371,223,-33605,40372,1,-33490
12520,1,-40020,56482,-5313,65535,2,40314
12521,1,-31468,42353,-40818,52764,2,5279
12522,1,-34902,-14126,38506,37653,2,-19009
12523,1,45121,-52223,-2342,65535,1,-20245
12524,1,23139,-831,59124,23154,0,58375
12525,1,-22250,-20893,8514,30522,1,-41295
12526,1,27136,23920,53859,36174,2,-62142
12527,1,15559,59605,-24741,61603,-1,2701
12528,1,-63495,-12822,-51899,64777,-3,17795
12529,1,8137,-65265,29181,65535,2,-1000
12530,1,-9614,4597,23414,10657,0,-51426
12531,1,-16107,-44419,-36907,47249,3,54139
12532,1,-44014,42966,4943,61509,-1,54347
12533,1,10167,-54263,17664,55207,-2,-11239
12534,1,-29475,-36975,1382,47286,1,-45426
12535,1,30290,-28741,9922,41756,0,-5915
12536,1,-40105,-49854,-25529,63983,-2,58644
12537,1,3631,36435,-6165,36616,1,24531
12538,1,44150,-58589,16422,65535,-3,-2874
12539,1,62414,-20604,51325,65535,2,44673
12540,1,9288,-2992,-11085,9758,-1,-17585
12541,1,-36550,62472,-22828,65535,-1,20983
12542,1,10124,65131,62509,65535,4,-39013
12543,1,-47277,41570,-22703,62954,-2,27788
12544,1,-32783,-65002,-27758,65535,2,60801
12545,1,-23534,-12843,5913,26811,-2,-49201
12546,1,-481,-5959,-32439,5978,0,64185
12547,1,21412,-44294,-9487,49198,-1,-32861
12548,1,62423,-11905,-37134,63548,-1,-41065
12549,1,-1000,41433,-55434,41445,-1,-22162
12550,1,-26350,37782,23236,46063,2,-62365
12551,1,3956,-7657,-39522,8619,0,-62341
12552,1,-22991,58886,63819,63215,1,-26720
12553,1,-36673,-51811,-12475,63477,-3,-58091
12554,1,-3471,-954,-10544,3600,0,60588
12555,1,-568,-56709,-45831,56712,0,52264
12556,1,32749,-10278,46594,34324,1,40250
12557,1,-63350,-2817,-49047,63413,1,17416
12558,1,-23745,-17548,-98,29526,1,-52358
12559,1,-24975,46605,15689,52875,1,58719
12560,1,2489,-9267,56220,9595,0,28926
12561,1,-60997,-65317,-42905,65535,4,39727
12562,1,20494,-1617,25887,20558,0,24245
12563,1,33768,-57972,-18105,65535,1,-39870
12564,1,-64160,2434,-24930,64206,3,39814
12565,1,-4105,18905,-27320,19346,0,9908
12566,1,-30321,-31930,-46125,44033,-1,36335
12567,1,64609,-55180,46892,65535,-2,32147
12568,1,59936,-42712,40920,65535,-4,28005
12569,1,57957,44019,34071,65535,-2,47622
12570,1,24218,3438,23137,24461,1,26077
12571,1,14583,41514,9720,44001,-1,35441
12572,1,420,-55200,56702,55202,1,24092
12573,1,-49131,56142,22272,65535,-1,-61035
12574,1,-20210,-34001,21999,39554,2,-21957
12575,1,-55636,-14198,-21477,57419,2,49270
12576,1,-36300,-32470,-9030,48703,0,-59343
12577,1,53158,5054,28269,53398,-3,30247
12578,1,-60694,-9961,40087,61506,-1,-22055
12579,1,48035,35895,-6994,59965,-2,6394
12580,1,63545,-45944,-55380,65535,3,62632
12581,1,16090,-18271,-62548,24346,1,50817
12582,1,30474,-64533,30374,65535,1,6809
12583,1,-33737,27795,33641,43713,0,-46271
12584,1,-43229,-45816,43030,62991,1,-5516
12585,1,-4526,-26788,58035,27168,-1,21776
12586,1,-33515,38567,-60905,51095,3,-13214
12587,1,-36133,-30863,-20693,47520,-2,59590
12588,1,-60694,11496,52470,61773,2,-16971
12589,1,-6921,21063,-2881,22171,1,36509
12590,1,-7904,-14954,44815,16915,-1,1905
12591,1,12882,-42098,-6297,44025,1,-32871
12592,1,40698,27698,35883,49229,-2,48349
12593,1,-10518,9516,53409,14184,-1,-27468
12594,1,-18011,45640,55337,49065,0,-35126
12595,1,42811,-21928,27665,48100,0,17790
12596,1,17831,8291,-54523,19665,1,-45445
12597,1,-19980,-18641,60316,27326,-1,10442
12598,1,-36520,-17240,58163,40385,1,1827
12599,1,-23623,-21221,38093,31755,1,-12176
12600,1,29401,-40890,-24932,50363,1,-44696
12601,1,-61028,23480,-39190,65389,3,18683
12602,1,-24355,-48380,-39308,54165,2,49266
12603,1,45886,45771,-21953,64811,-3,-5594
12604,1,27519,-43554,-23336,51519,-3,-44348
12605,1,-14984,-61035,43008,62848,3,5217
12606,1,-27268,27486,8862,38717,1,57930
12607,1,32587,-21819,33356,39217,1,21047
12608,1,46688,11161,-8609,48004,-2,-3713
12609,1,-4937,-14688,3174,15496,0,-36358
12610,1,20304,-64610,43204,65535,0,16788
12611,1,20165,37930,-9217,42957,0,13358
12612,1,-34822,16752,3291,38642,-2,59474
12613,1,-65155,21797,59686,65535,-4,-12583
12614,1,-10290,18023,-56040,20754,0,-12450
12615,1,-28113,-14621,-63886,31688,0,11655
12616,1,-16191,-668,-8073,16205,0,58324
12617,1,-49110,14325,498,51157,2,60112
12618,1,-45989,23502,53068,51646,-2,-22323
12619,1,51090,-36716,-22864,62915,-1,-35863
12620,1,63798,-12861,-7108,65082,1,-11258
12621,1,57522,15224,-17735,59503,0,-12338
12622,1,-26837,-49365,25588,56189,-3,-17567
12623,1,-22863,-28918,4298,36864,0,-42426
12624,1,-16550,-575,38188,16560,-1,-26622
12625,1,1093,60172,62111,60182,1,-36572
12626,1,-35768,29399,-45898,46300,-3,5288
12627,1,57487,-29241,31746,64497,1,21930
12628,1,46932,63571,-11236,65535,-2,8266
12629,1,-8172,11631,-30595,14215,0,14950
12630,1,-23002,47455,-44535,52736,-3,-2350
12631,1,-53412,-3169,-55836,53506,-3,10937
12632,1,-18578,1798,-52441,18665,-1,11084
12633,1,45423,9808,-55995,46470,-2,-51558
12634,1,32633,53373,24428,62559,1,45748
12635,1,-11159,9714,-23288,14795,1,27305
12636,1,-59568,-57521,24162,65535,-3,-25354
12637,1,63244,15813,33227,65191,-4,38339
12638,1,4181,-37968,-59394,38198,-2,41199
12639,1,52222,24553,62102,57706,3,-59803
12640,1,23889,-26338,-53453,35558,-2,60220
12641,1,-38811,16168,-49035,42044,2,8266
12642,1,61425,-27629,-43476,65535,3,-52294
12643,1,-19067,60195,-16699,63143,-3,22469
12644,1,5882,61663,24528,61943,-1,55313
12645,1,-31306,19469,-7700,36866,0,46230
12646,1,-8592,41470,-5212,42351,0,31818
12647,1,30030,45320,52020,54367,-2,-58491
12648,1,-44401,48928,52059,65535,-3,-30871
12649,1,-56855,56446,-36226,65535,-3,13002
12650,1,-3896,-63358,43455,63478,-2,9406
12651,1,-8147,41493,-13646,42285,-2,23168
12652,1,34564,-36625,55895,50360,-2,38908
12653,1,48368,29981,26343,56906,0,37919
12654,1,18897,15206,-54,24255,1,14080
12655,1,-52875,28780,-32858,60200,4,22279
12656,1,53753,-32681,33093,62908,-3,21698
12657,1,62344,28495,23783,65535,0,32726
12658,1,-40390,14848,39064,43033,2,-33821
12659,1,6011,-32376,45354,32929,0,16415
12660,1,52304,42017,16115,65535,-3,30234
12661,1,25303,28964,16283,38460,0,34072
12662,1,-30821,-47793,14753,56869,3,-29965
12663,1,15608,-2138,57955,15754,-1,55116
12664,1,-27221,-23260,17975,35805,1,-32811
12665,1,33318,-38871,-7769,51196,-2,-25754
12666,1,4414,-21759,-61983,22202,0,40496
12667,1,8392,-55280,14200,55914,3,-15426
12668,1,43602,10824,-6543,44926,-1,-1466
12669,1,12539,-36546,-6058,38638,2,-31932
12670,1,40187,-22221,62797,45921,0,52260
12671,1,51837,4923,-11813,52071,-1,-9837
12672,1,-26846,52164,47314,58667,-2,-41074
12673,1,39997,-62111,35188,65535,1,14354
12674,1,-39983,-56170,64330,65535,-1,18658
12675,1,-46093,14040,-50917,48184,1,8451
12676,1,-8163,9100,-56383,12225,1,-8363
12677,1,-32894,41528,-20185,52978,2,26557
12678,1,-48580,48474,-31435,65535,1,17740
12679,1,5483,40604,-27702,40973,2,2265
12680,1,42120,15701,-37430,44952,-1,-29986
12681,1,15527,612,16942,15539,-1,17764
12682,1,29465,-20297,-27027,35780,1,-39611
12683,1,-23717,-61707,20429,65535,2,-19994
12684,1,-63363,-28948,-27886,65535,-3,46591
12685,1,10550,13196,48663,16895,1,-63711
12686,1,-65476,6676,63514,65535,-4,-4140
12687,1,40506,59475,52078,65535,-3,-58698
12688,1,21968,6957,53758,23043,0,60156
12689,1,-59784,23793,20031,64345,3,-53407
12690,1,16992,19237,39508,25667,1,57182
12691,1,-33638,7282,-6694,34417,1,54394
12692,1,-37503,-19898,53693,42455,1,-1668
12693,1,15682,-27005,44955,31228,1,23162
12694,1,28809,48883,-63416,56741,0,-41758
12695,1,20824,22804,-10771,30882,-1,6560
12696,1,-55494,37606,-55579,65535,-3,-2466
12697,1,65003,5140,12915,65206,-4,14562
12698,1,-4077,59795,56160,59934,-2,-40723
12699,1,20317,12872,11120,24051,-1,22902
12700,1,54541,53446,-28847,65535,-2,-12674
12701,1,-59437,30013,20952,65535,2,-54339
12702,1,33401,61651,19900,65535,4,42309
12703,1,-5094,-30293,34291,30719,0,-1952
12704,1,56691,60376,-27334,65535,-1,-10293
12705,1,-44201,29931,-38307,53382,3,14811
12706,1,-12618,-13532,5134,18503,1,-43290
12707,1,45697,-7627,23388,46329,0,19938
12708,1,-30367,-15435,-57085,34065,2,18260
12709,1,2620,-47252,1219,47325,-1,-30393
12710,1,58229,-39012,-62384,65535,0,56374
12711,1,-65081,-10142,-24109,65535,-2,44653
12712,1,57383,48931,18298,65535,-2,33028
12713,1,-14406,-22399,-29191,26632,-2,57191
12714,1,64655,48779,-25270,65535,4,-11788
12715,1,-4482,-54671,-4202,54855,-1,-38676
12716,1,-59480,-16401,59547,61700,-2,-376
12717,1,51012,62689,-56880,65535,-2,-38361
12718,1,11662,-53255,6946,54517,-3,-21324
12719,1,57650,45515,-41913,65535,3,-27973
12720,1,32998,20377,-29197,38783,1,-17657
12721,1,-17722,-5886,19306,18674,-1,-39539
12722,1,27267,-9927,21205,29018,0,13922
12723,1,-31960,6056,-15503,32529,-1,46128
12724,1,30240,12915,-51498,32883,-2,-43077
12725,1,-16260,62379,27246,64464,3,65332
12726,1,-42458,-467,-51556,42461,0,14210
12727,1,38137,-56331,31918,65535,-2,11566
12728,1,37362,60756,56169,65535,1,-53637
12729,1,-47513,-52676,38735,65535,1,-9343
12730,1,63148,8610,-25978,63733,2,-23152
12731,1,43845,-2255,14832,43903,0,13760
12732,1,7086,36222,-62070,36909,0,-33332
12733,1,36748,-8061,32981,37622,-2,28477
12734,1,10579,58028,27961,58985,3,56966
12735,1,-4966,-59569,-27869,59776,-3,-62371
12736,1,-16671,-48140,55296,50945,1,15573
12737,1,-13821,32815,46438,35607,-2,-43549
12738,1,-55030,-45119,-14166,65535,-4,-65374
12739,1,37580,6687,-37793,38171,-1,-34119
12740,1,8441,-13977,37617,16328,0,16183
12741,1,-11388,44392,55896,45830,-2,-37168
12742,1,27514,-12944,59269,30407,-1,50097
12743,1,30424,15351,-16541,34078,1,-6793
12744,1,-61986,-63943,27047,65535,5,-21782
12745,1,51665,37288,-45857,63716,-2,-32815
12746,1,-60030,-11506,-22514,61123,-2,46973
12747,1,-34981,50013,56000,61033,3,-29573
12748,1,-44103,-25698,62359,51044,2,7828
12749,1,19906,-1962,-57609,20002,0,-59659
12750,1,7059,59063,-42146,59484,3,-11860
12751,1,-32744,40030,15798,51716,1,62868
12752,1,-65148,25845,4853,65535,2,62510
12753,1,-2456,48810,-24383,48872,-1,9434
12754,1,-17016,51784,17577,54508,3,56967
12755,1,-2219,34965,55160,35036,1,-41823
12756,1,-64441,42437,32649,65535,0,-45035
12757,1,61658,52431,-52219,65535,-4,-37517
12758,1,-663,-58906,53263,58910,-1,20260
12759,1,58860,41905,22040,65535,-2,34947
12760,1,42424,-62431,31583,65535,-1,11266
12761,1,-39393,-42003,13578,57586,-1,-34905
12762,1,-17289,-34244,-46827,38361,-1,41724
12763,1,-46562,44874,13731,64666,3,63267
12764,1,14422,-41670,18467,44096,2,-7351
12765,1,-63895,58421,27943,65535,-4,-53043
12766,1,35296,-56125,61796,65535,2,40738
12767,1,-19390,-44557,-43831,48593,-3,45912
12768,1,-51415,7632,30661,51978,-3,-37948
12769,1,-25012,-57978,-64847,63143,-4,24962
12770,1,25126,-12328,11870,27988,1,2354
12771,1,-1306,40256,41647,40278,-2,-55980
12772,1,33867,61013,17355,65535,-4,39553
12773,1,31931,6215,15517,32530,0,19527
12774,1,-32252,-16279,-6299,36128,2,-62085
12775,1,-64749,-65500,955,65535,4,-48078
12776,1,53826,52293,-38302,65535,-4,-22218
12777,1,-46566,65010,51341,65535,3,-33997
12778,1,-2302,-24352,41817,24461,0,7083
12779,1,-30107,57242,-17196,64677,-2,25673
12780,1,-44052,-15375,56381,46658,-2,-2149
12781,1,7986,-62654,-54073,63161,-2,46876
12782,1,-61983,21874,-27913,65535,0,30546
12783,1,-24459,-41508,25835,48179,-2,-18040
12784,1,25610,39057,63579,46705,1,-46832
12785,1,50589,28959,-54494,58291,3,-43649
12786,1,-11322,7358,-25342,13503,-1,28173
12787,1,-52611,-44554,20361,65535,0,-30517
12788,1,-17039,54553,-1223,57152,-2,37861
12789,1,-20811,-37753,-65435,43109,-1,22360
12790,1,-63255,-14709,47695,64943,1,-13075
12791,1,-43500,-52632,-35707,65535,2,48188
12792,1,17507,44570,17293,47885,0,42253
12793,1,-4555,55098,344,55286,-1,34833
12794,1,35716,34570,-25343,49706,2,-9300
12795,1,15608,31021,-9946,34726,0,13097
12796,1,-11679,-14926,-57337,18952,1,27116
12797,1,11738,15804,-23453,19686,1,-4012
12798,1,-46184,57399,60012,65535,0,-24158
12799,1,-11475,-36355,-44292,38123,-1,47635
12800,1,-1531,-20306,25609,20364,1,-8730
12801,1,-51057,-47302,11321,65535,1,-38627
12802,1,61918,2761,65326,61980,1,-64817
12803,1,16080,-36580,-31240,39959,-1,-55368
12804,1,-8719,8999,45680,12530,0,-36571
12805,1,-589,42288,23255,42292,0,56314
12806,1,12335,57792,44051,59094,0,-58639
12807,1,-23353,-44409,1644,50175,0,-41223
12808,1,-60684,46859,-48522,65535,-2,3298
12809,1,-44748,-3532,-1628,44888,2,-65522
12810,1,29664,47934,-58356,56371,0,-37148
12811,1,26184,-63281,-36818,65535,-1,-61402
12812,1,-19852,33605,43477,39031,2,-43697
12813,1,9303,55000,-38205,55782,0,-8933
12814,1,32791,8068,-6098,33769,-1,-1065
12815,1,11034,-57780,-31158,58824,0,-59990
12816,1,16430,-11387,580,19990,0,-12062
12817,1,-16112,-58396,-34156,60578,0,58532
12818,1,22418,11962,30028,25410,-1,40254
12819,1,41967,-60737,-8257,65535,-4,-28411
12820,1,48876,37212,-51701,61430,2,-38127
12821,1,37966,-35716,-31203,52126,1,-46951
12822,1,56228,-55453,21971,65535,0,5732
12823,1,9686,-38055,10388,39269,1,-17181
12824,1,-65260,-342,48984,65261,-1,-16442
12825,1,-48672,-49408,-30113,65535,-3,51965
12826,1,-15578,60046,-17358,62034,-1,20706
12827,1,-60460,-8232,10601,61018,-2,-52111
12828,1,41202,62330,-45093,65535,-2,-24509
12829,1,49610,-36631,36392,61669,1,23124
12830,1,-16433,-26236,-54581,30958,-1,32051
12831,1,-21004,-43421,-37152,48234,0,51753
12832,1,60478,47055,-25322,65535,2,-11529
12833,1,53072,-59603,-14565,65535,4,-32158
12834,1,-29064,-10007,35450,30739,1,-23169
12835,1,-35807,-13585,-36288,38298,2,36811
12836,1,7273,10788,-14091,13011,0,6302
12837,1,-16357,-10749,-56732,19573,0,20932
12838,1,-24578,-27922,-2766,37199,2,-50592
12839,1,4785,30398,2587,30772,-1,32099
12840,1,-42976,-59291,47575,65535,-4,1724
12841,1,52010,-28375,40803,59247,3,30383
12842,1,25861,-8989,25988,27379,-1,19010
12843,1,-15184,4739,-12026,15907,0,47199
12844,1,15052,-34309,45116,37466,-1,20973
12845,1,11715,-25267,-8089,27851,-1,-31799
12846,1,-32171,19598,-60994,37671,2,-6873
12847,1,-15999,-48212,26210,50798,-3,-13241
12848,1,-28895,-23322,-2120,37133,-2,-53489
12849,1,-40702,-33442,-7155,52679,0,-58343
12850,1,-58400,39842,34691,65535,1,-43334
12851,1,-27825,-3459,-44827,28039,1,23288
12852,1,42909,51907,-24560,65535,-4,-6201
12853,1,24721,29189,-42919,38251,-2,-24809
12854,1,-15070,27334,45051,31213,-1,-42741
12855,1,16732,22140,-57401,27752,0,-38133
12856,1,-39131,25277,-38167,46585,1,15404
12857,1,12745,-45572,10992,47321,-2,-16086
12858,1,56814,-21691,-47820,60814,4,-55429
12859,1,-53340,11081,-44990,54479,-3,16274
12860,1,-30081,-53681,-44801,61535,4,42847
12861,1,-58311,9913,-30630,59148,2,31393
12862,1,-40250,-32057,-22828,51456,2,56738
12863,1,13012,41129,-15783,43139,2,10592
12864,1,45595,-22303,25864,50758,0,16374
12865,1,-10552,-19020,64794,21751,1,21459
12866,1,-53657,-5556,51179,53944,2,-12206
12867,1,-59948,-13643,49477,61481,-3,-11390
12868,1,42694,-34991,-13404,55201,1,-27727
12869,1,-31042,38379,27032,49362,0,-57085
12870,1,6773,-6041,64907,9076,0,49714
12871,1,20101,27578,-44779,34126,-1,-25149
12872,1,-2506,6948,-25555,7386,0,14433
12873,1,36880,-14997,-9726,39813,1,-17783
12874,1,-28838,59298,42905,65535,2,-45957
12875,1,-24297,-16789,-47843,29533,-1,30307
12876,1,61273,9339,-58509,61981,2,-55355
12877,1,-62620,30457,17429,65535,4,-57551
12878,1,-59974,64196,-38889,65535,3,9553
12879,1,19779,41286,-11908,45779,0,11540
12880,1,2051,51961,-14953,52002,-1,16993
12881,1,61077,-5704,-47665,61343,1,-49608
12882,1,-22055,-14023,3685,26136,0,-50036
12883,1,8386,3623,41720,9135,0,50228
12884,1,33580,-51371,-14186,61373,1,-34877
12885,1,23778,4856,-64903,24269,-1,-60700
12886,1,45162,-44927,-37244,63703,4,-53575
12887,1,-27466,-9376,49083,29022,-1,-9590
12888,1,-36133,57152,16538,65535,-1,61067
12889,1,-23706,-9691,-43792,25611,0,29839
12890,1,36504,42257,-41186,55841,-3,-23280
12891,1,50061,-516,59411,50064,-2,59197
12892,1,-62932,-25775,-38382,65535,4,35262
12893,1,59217,53530,-22873,65535,-1,-7540
12894,1,63739,24643,19589,65535,0,27285
12895,1,-3278,-47679,-22527,47792,-2,-56726
12896,1,-46195,-60331,-16105,65535,2,-62505
12897,1,-19070,-43762,4323,47737,3,-37019
12898,1,49973,-62912,-37226,65535,-3,-55990
12899,1,3993,27673,26834,27960,-1,56613
12900,1,34222,28171,17284,44326,-2,31652
12901,1,-12175,20572,-7337,23905,0,36579
12902,1,-32859,-24136,-26313,40771,2,52438
12903,1,27951,60637,33642,65535,-3,57401
12904,1,-39067,42772,-64076,57929,1,-15868
12905,1,65195,53225,9936,65535,3,24218
12906,1,-63431,56734,21864,65535,4,-58895
12907,1,-39583,-4992,1056,39897,-1,-61863
12908,1,-46345,-55337,24036,65535,-1,-23276
12909,1,-59961,-45880,27776,65535,0,-24135
12910,1,-36865,-34283,28712,50342,-3,-21196
12911,1,-28993,-8434,37026,30195,-2,-22604
12912,1,-20311,-15090,19711,25303,0,-32496
12913,1,15359,-24340,-49313,28781,-1,60735
12914,1,45936,-54047,-22691,65535,-4,-40763
12915,1,-2610,15459,19501,15678,-1,55760
12916,1,57116,37564,54292,65535,1,-64645
12917,1,-47495,19356,5939,51288,-1,63403
12918,1,56647,-52702,-26404,65535,-3,-42035
12919,1,40409,-45506,27167,60858,2,9546
12920,1,39326,1529,-31667,39356,2,-30857
12921,1,-22263,3098,5606,22478,1,-62815
12922,1,13815,-22097,-14415,26060,-1,-35526
12923,1,-40298,-55897,7350,65535,-4,-38447
12924,1,-42304,-30272,-25113,52020,-3,53381
12925,1,28506,-9645,-18613,30093,-2,-25418
12926,1,8246,-28260,49595,29439,1,22749
12927,1,-31166,33073,12060,45444,-1,60594
12928,1,31750,-33898,34081,46445,-1,17015
12929,1,17835,-25847,-16817,31403,1,-36986
12930,1,43035,20546,-40906,47688,0,-31614
12931,1,-50456,-18993,-48038,53913,1,25008
12932,1,30958,55882,-52299,63884,3,-30085
12933,1,62695,-47073,-11090,65535,-4,-24524
12934,1,36290,-52436,-41168,63769,-2,-61307
12935,1,57764,-50089,50209,65535,3,35306
12936,1,7214,-45489,9625,46058,-2,-19861
12937,1,-8254,-14439,-44553,16632,1,42917
12938,1,-41281,50611,25173,65312,-3,-58857
12939,1,34523,5831,19481,35012,0,22972
12940,1,56507,-64196,-26116,65535,-4,-43826
12941,1,-13839,23621,-59287,27377,0,-15463
12942,1,63867,52619,24206,65535,0,38582
12943,1,-11451,28032,-54632,30281,0,-13774
12944,1,987,-43764,52772,43775,-1,20475
12945,1,-41324,36294,-57614,55000,3,-7113
12946,1,35522,-4503,59629,35806,0,56999
12947,1,20260,41649,-11615,46315,0,11709
12948,1,-12288,-31315,442,33640,-1,-40126
12949,1,46277,-54207,62224,65535,-4,44198
12950,1,31909,3755,7232,32129,-1,9676
12951,1,-17698,-56765,56736,59460,-3,17665
12952,1,-6127,16588,64062,17684,1,-26862
12953,1,-11262,-19409,-52563,22440,-1,34774
12954,1,2334,12,-59658,2334,0,-59551
12955,1,-55773,-63299,-42394,65535,4,40842
12956,1,5802,39065,-36946,39494,-1,-7253
12957,1,15910,9299,-60453,18428,1,-49420
12958,1,-36932,-29805,46098,47459,0,-5273
12959,1,6554,14674,45963,16071,0,-61103
12960,1,8479,31867,-16351,32976,1,10992
12961,1,50703,7670,51424,51280,1,54555
12962,1,-26168,6361,-3588,26930,0,56973
12963,1,41799,-8044,-52830,42566,1,-56797
12964,1,-58008,52346,8209,65535,2,58430
12965,1,-33007,-7587,-6516,33868,1,63732
12966,1,-63084,26744,-25279,65535,2,31892
12967,1,-45254,-19260,22173,49182,2,-34970
12968,1,32716,3614,59744,32915,2,62038
12969,1,63678,-42243,-18453,65535,4,-30673
12970,1,61926,-27608,24528,65535,-4,15781
12971,1,3332,38412,-43160,38556,0,-12197
12972,1,-38286,44853,-27112,58971,0,20396
12973,1,23643,47138,7364,52735,2,30433
12974,1,-12794,49699,59124,51320,3,-33925
12975,1,32881,-8530,29991,33970,1,24695
12976,1,10334,47467,20458,48579,3,48753
12977,1,-26582,-41183,56137,49017,1,11412
12978,1,37958,-40300,5880,55362,-2,-11128
12979,1,18933,25194,52758,31515,1,-58990
12980,1,62377,-19108,45016,65238,2,38814
12981,1,-3372,-61733,64963,61825,-1,31057
12982,1,21923,-59717,-12825,63614,1,-38254
12983,1,40099,-12816,38707,42098,1,32253
12984,1,31263,47513,-38945,56876,1,-18318
12985,1,-30387,-47796,-59460,56638,3,27029
12986,1,28474,29305,54351,40861,0,-60037
12987,1,37834,6116,58234,38326,1,61577
12988,1,-10379,-14071,33654,17485,0,-12372
12989,1,-48664,12041,9656,50132,-3,-60939
12990,1,-11112,-48567,-45833,49822,0,47779
12991,1,-56262,28481,22400,63060,0,-52912
12992,1,-8530,-26497,26253,27836,0,-13012
12993,1,-52879,-60620,27176,65535,2,-20556
12994,1,6760,15387,27635,16807,0,51768
12995,1,63992,9783,35546,64736,0,38711
12996,1,61634,42967,-627,65535,-3,12074
12997,1,-50353,-50366,-56488,65535,2,25434
12998,1,-22738,-24160,13318,33177,2,-35203
12999,1,-11733,55019,44277,56257,-2,-49643
13000,1,5349,-34265,-44272,34680,-1,57263
13001,1,40387,-19539,8927,44865,-2,-472
13002,1,17098,28753,-31374,33453,0,-9797
13003,1,43278,34724,10216,55487,-2,24322
13004,1,331,-25399,61448,25401,-1,28953
13005,1,-43744,-48691,50856,65455,2,2819
13006,1,13492,54732,-50496,56371,-3,-22769
13007,1,11935,-60917,40692,62075,2,11959
13008,1,-61042,2903,31986,61111,-3,-34540
13009,1,-7495,-13620,53374,15546,-1,10112
13010,1,-65024,-37294,56556,65535,2,1883
13011,1,36711,12403,16922,38750,-1,23719
13012,1,45053,7838,-41228,45730,2,-37636
13013,1,-51546,-31591,43691,60457,-3,-10374
13014,1,11890,-24051,-40518,26830,1,-63709
13015,1,20089,-4835,26457,20663,-1,21531
13016,1,15968,-20434,16485,25933,-2,-2444
13017,1,31394,34252,-64009,46463,-1,-46717
13018,1,-30416,60131,-5112,65535,4,37424
13019,1,38883,59211,34288,65535,-4,54936
13020,1,50791,-9975,-13202,51762,1,-17248
13021,1,-62940,3350,-19476,63029,2,44950
13022,1,47732,46678,44094,65535,3,60244
13023,1,-54077,27600,-62057,60713,-1,-6365
13024,1,-5289,47592,64094,47885,-1,-31901
13025,1,-21694,-39541,58422,45102,0,15186
13026,1,13238,1059,50207,13281,0,51872
13027,1,-22705,19304,33926,29802,0,-46309
13028,1,55256,-52220,12373,65535,4,-3423
13029,1,3977,-6101,12761,7283,0,-7956
13030,1,44330,-48690,-24090,65535,0,-41451
13031,1,-42562,-16426,-35938,45622,0,37281
13032,1,10700,20654,-55539,23261,1,-32743
13033,1,1658,58106,-12040,58130,2,20132
13034,1,17069,-6112,29645,18130,1,22471
13035,1,39771,177,45075,39772,2,45167
13036,1,-49245,-62843,47217,65535,4,582
13037,1,16256,-30502,21984,34564,2,-570
13038,1,-40014,-64295,-27106,65535,2,59584
13039,1,-64663,-55653,51515,65535,4,803
13040,1,44762,27284,-31944,52422,-2,-20524
13041,1,-17846,31753,15781,36424,-1,59231
13042,1,-49276,30432,-481,57916,3,53513
13043,1,61766,-19230,988,64691,-1,-5308
13044,1,62192,-32337,-51214,65535,-1,-61216
13045,1,51301,-32931,53737,60961,-2,41833
13046,1,-60976,-23458,7111,65333,3,-50765
13047,1,-33168,-42004,-52775,53521,0,31586
13048,1,-53238,-53850,11752,65535,-1,-37281
13049,1,-19005,-53616,25738,56885,-3,-14135
13050,1,36930,-63517,63575,65535,-4,41794
13051,1,55576,36802,-13691,65535,-1,-1489
13052,1,31180,60363,11217,65535,0,34039
13053,1,5115,-41322,-46947,41638,0,53926
13054,1,-37179,-30112,-12128,47844,2,-63464
13055,1,1350,15304,45188,15363,0,-54952
13056,1,59794,1076,56221,59804,3,56595
13057,1,42294,27575,22297,50489,3,34348
13058,1,29068,-55306,31850,62480,2,9176
13059,1,-37092,59931,13822,65535,4,58150
13060,1,-27722,35854,39095,45322,2,-45480
13061,1,-32752,-7549,13263,33611,1,-47548
13062,1,-8442,33720,26958,34761,0,64843
13063,1,10472,-51301,-57135,52359,0,45370
13064,1,-22621,-34680,61370,41406,-1,16545
13065,1,-39814,-52694,-50864,65535,-2,33943
13066,1,9326,32601,-8841,33909,0,18115
13067,1,-53694,-17555,-21796,56491,2,50331
13068,1,34953,18372,-32289,39487,-2,-22193
13069,1,50,55283,-53948,55283,-2,-21198
13070,1,47715,22809,-20454,52887,1,-11152
13071,1,-5454,-56416,64233,56679,3,29454
13072,1,-19129,-31974,-9643,37260,0,-53658
13073,1,-44615,-6749,41868,45123,1,-20537
13074,1,-25754,-43935,17030,50927,2,-26799
13075,1,-62706,-8362,-51214,63261,1,17087
13076,1,49514,-8249,-21480,50197,2,-24925
13077,1,28291,-20664,10114,35034,-2,-3045
13078,1,-48907,-56194,-59685,65535,3,23678
13079,1,-47859,-16560,18511,50644,-2,-40075
13080,1,-33820,-51409,-45656,61536,-1,40510
13081,1,-63309,-48957,15334,65535,-1,-36470
13082,1,-12158,17547,-17498,21348,1,27910
13083,1,-29259,-9972,-63948,30912,-1,8441
13084,1,18215,56085,22781,58969,-1,48999
13085,1,16040,-55924,-48070,58179,-1,56061
13086,1,290,-5343,1349,5351,0,-30288
13087,1,-64786,-5194,2916,64994,4,-60952
13088,1,49159,64947,-7457,65535,-2,11796
13089,1,10817,-32643,8846,34389,0,-17247
13090,1,-37366,10971,-29571,38944,-1,30008
13091,1,62634,-53740,-63559,65535,2,52720
13092,1,-29788,-37707,-24816,48054,1,59540
13093,1,-40992,-57622,-45372,65535,2,40033
13094,1,-10228,-7617,-42188,12753,1,36700
13095,1,18071,-59205,5528,61902,4,-21061
13096,1,-6006,48445,31037,48816,-3,-64693
13097,1,1124,-37831,-28047,37848,2,-60196
13098,1,40242,-16768,63895,43596,-1,55660
13099,1,-63786,49474,-33125,65535,2,18649
13100,1,-37752,57408,-14097,65535,-2,30806
13101,1,-14521,-1117,14298,14564,0,-49637
13102,1,36179,15205,-39650,39245,1,-31351
13103,1,-28748,63149,64472,65535,-3,-24919
13104,1,-15043,41411,-39043,44059,1,993
13105,1,28485,36561,51299,46348,2,-60813
13106,1,-55605,36727,-14477,65535,-2,38883
13107,1,-26066,59805,-63948,65239,1,-22606
13108,1,53752,44953,64496,65535,3,-52048
13109,1,-4470,-29314,-63888,29653,0,31259
13110,1,23177,11235,59913,25757,-1,-61742
13111,1,59630,4214,3616,59779,0,5088
13112,1,38140,54963,-44976,65535,0,-24863
13113,1,-28384,10114,-51654,30132,0,6741
13114,1,63078,-39430,-33941,65535,0,-45595
13115,1,-14656,13811,-21073,20138,1,28697
13116,1,-8889,-18582,28476,20599,-1,-13599
13117,1,48949,26051,-17457,55450,-2,-7254
13118,1,53490,-44216,-11473,65535,-3,-25882
13119,1,28733,41727,-62520,50663,-3,-42330
13120,1,65269,-5689,1397,65517,-3,-416
13121,1,-12389,3573,27716,12894,0,-43678
13122,1,64589,3478,20113,64683,-2,21236
13123,1,37225,-29834,-64909,47705,-2,52070
13124,1,-4411,-9119,-3273,10130,0,-45440
13125,1,44125,-29624,-49086,53147,1,-61420
13126,1,42845,-56144,-27425,65535,-4,-46594
13127,1,-11033,59746,7111,60756,2,43688
13128,1,-38157,-43722,-35329,58031,2,48006
13129,1,-22229,-137,-16016,22230,1,49648
13130,1,5946,24942,63236,25641,1,-39951
13131,1,6885,17591,20780,18891,0,45766
13132,1,17241,7366,40582,18749,-1,49006
13133,1,-4598,-17346,18968,17945,0,-19205
13134,1,44247,-36291,-18178,57227,0,-32508
13135,1,51332,-60321,15423,65535,-4,-2636
13136,1,-43379,42463,35537,60703,-3,-46159
13137,1,24754,-35894,-16578,43602,1,-36752
13138,1,28918,39375,49327,48853,1,-62192
13139,1,55925,1855,-41729,55956,-2,-41036
13140,1,-56589,52636,9999,65535,-4,59907
13141,1,64255,54237,36951,65535,-3,51576
13142,1,-16760,-22818,2332,28312,-1,-43651
13143,1,44378,-49846,-6892,65535,-1,-24485
13144,1,-64781,52628,10751,65535,4,62054
13145,1,39156,7826,-7693,39930,2,-3579
13146,1,-7562,39067,51946,39792,-2,-42368
13147,1,63935,-12455,21340,65137,-3,17328
13148,1,51870,48758,22450,65535,-4,38190
13149,1,-17971,-15160,-45620,23511,1,34533
13150,1,-54526,-17288,1670,57201,-1,-57461
13151,1,-53239,41266,-49732,65535,-2,2049
13152,1,-52623,56149,-18458,65535,2,30017
13153,1,-52572,-60031,-43019,65535,1,40280
13154,1,-10607,9602,-55111,14308,0,-4923
13155,1,-8452,25917,1569,27260,0,40913
13156,1,-23572,-55363,-36498,60172,-3,53410
13157,1,-64886,38270,-58213,65535,3,-3794
13158,1,3698,60528,35849,60641,0,-63728
13159,1,65474,43887,14441,65535,-1,26760
13160,1,-12712,-16726,-56197,21009,-1,28551
13161,1,-8467,47614,-33578,48361,0,2861
13162,1,55917,-57383,9556,65535,-1,-7098
13163,1,44507,-53106,60003,65535,-1,41786
13164,1,57068,-16444,-33418,59390,1,-39271
13165,1,-2372,38757,-51058,38830,-1,-17014
13166,1,-22737,15242,-46064,27373,-1,7153
13167,1,-3637,-61663,37665,61770,3,3667
13168,1,-3689,32627,53670,32835,2,-42287
13169,1,31382,31133,18428,44205,1,34728
13170,1,-6436,-49211,-31121,49630,-3,64471
13171,1,-15883,577,-54326,15894,-1,10454
13172,1,-15209,64694,21356,65535,0,58941
13173,1,9042,35698,15218,36825,2,42810
13174,1,23947,-55345,45767,60304,2,21517
13175,1,-53911,23072,-6956,58641,3,50143
13176,1,-17040,-41932,-27602,45262,0,62650
13177,1,-1774,9602,-18373,9765,0,18206
13178,1,-26588,-8731,-38853,27985,0,33302
13179,1,1075,-11053,21621,11106,0,-9125
13180,1,28020,40898,36658,49576,0,56896
13181,1,47347,-38500,16801,61025,-2,2560
13182,1,-19263,14664,49235,24210,1,-29875
13183,1,60954,-9672,-56929,61717,-3,-60211
13184,1,35981,56883,-1101,65535,3,19901
13185,1,-19843,-19328,-50264,27701,1,31381
13186,1,-15519,53100,59234,55322,0,-33138
13187,1,41945,-48884,2272,64413,0,-15703
13188,1,37593,31044,-39764,48754,2,-25365
13189,1,-49646,-54224,14147,65535,1,-34086
13190,1,64456,22014,-39284,65535,-1,-32418
13191,1,8159,-13614,54965,15872,1,33459
13192,1,46502,40506,-34583,61670,0,-19634
13193,1,-27171,38597,-47856,47202,1,-2293
13194,1,48408,7945,45826,49056,-1,49220
13195,1,-27110,40555,-4541,48782,-3,40520
13196,1,27833,28813,-10227,40061,-1,6518
13197,1,46135,-51568,-19212,65535,-3,-36754
13198,1,8044,-57015,-59397,57580,3,41830
13199,1,-10311,-698,-38776,10335,0,28171
13200,1,-14781,55970,10842,57889,-3,48997
13201,1,-49353,56675,53,65535,-1,47767
13202,1,24468,-2561,-10287,24602,-1,-12461
13203,1,-44351,-6792,-37961,44868,1,30745
13204,1,38497,-57819,-50605,65535,-4,59954
13205,1,13483,-44419,-29400,46420,-1,-56020
13206,1,41871,-41056,-53151,58641,-3,61743
13207,1,-7176,3918,3460,8176,0,58571
13208,1,-51673,54178,44636,65535,0,-37778
13209,1,-1327,44813,-35689,44833,-2,-2302
13210,1,-14861,60198,39605,62005,1,-53651
13211,1,-15299,42925,-45582,45570,-3,-5671
13212,1,-4297,-3819,21656,5749,0,-28723
13213,1,55167,4750,-64327,55371,-2,-62535
13214,1,-50546,-46226,63460,65535,2,13377
13215,1,-64820,-57835,-46622,65535,-3,34112
13216,1,-12713,-57188,27587,58584,-3,-9743
13217,1,-18039,277,793,18041,1,-65064
13218,1,-59174,-39094,34059,65535,1,-19298
13219,1,-29889,-37496,14004,47951,2,-32804
13220,1,-26394,32785,-27722,42089,2,19185
13221,1,-24084,-49315,46322,54882,2,4076
13222,1,34829,8025,-11527,35742,-2,-6802
13223,1,-29559,-885,15839,29572,1,-49073
13224,1,5893,27522,24940,28146,-1,53309
13225,1,-10660,-58067,-42961,59038,3,51555
13226,1,-9868,12653,-15175,16046,-1,31411
13227,1,2161,15746,64203,15894,-1,-36945
13228,1,-31151,18527,60421,36244,1,-16308
13229,1,-37495,4656,-45394,37783,-1,17565
13230,1,-62479,-9459,17526,63191,1,-44876
13231,1,-41933,43683,-11722,60552,3,37002
13232,1,53268,-37392,-22734,65082,-2,-35501
13233,1,-45391,26081,39707,52350,3,-36709
13234,1,60339,-49459,45841,65535,-4,31518
13235,1,25027,-7947,43602,26259,-1,37189
13236,1,-29646,5835,59902,30215,-1,-9687
13237,1,23627,-817,-23855,23641,0,-24576
13238,1,3839,46656,42454,46814,2,-57563
13239,1,2946,-49428,56346,49516,-1,24821
13240,1,24699,-14256,65233,28518,1,54312
13241,1,58573,-64275,-18314,65535,-3,-35665
13242,1,-65509,26174,-57270,65535,1,336
13243,1,-11370,11321,39349,16046,-1,-42526
13244,1,-35939,-30143,-37517,46907,0,42578
13245,1,59049,14080,-25141,60705,0,-20258
13246,1,-61383,4401,-64657,61541,-3,-613
13247,1,-30996,58651,28028,65535,-1,-60134
13248,1,49403,1385,22998,49423,-2,23584
13249,1,-54097,35357,-54974,64627,3,-1515
13250,1,-44279,-19219,-39561,48270,-2,34519
13251,1,40820,-21966,32916,46355,-2,22618
13252,1,51963,54526,64599,65535,3,-49588
13253,1,60106,-11554,-50289,61207,0,-54251
13254,1,-46950,-25100,35292,53238,0,-20002
13255,1,28741,17403,29145,33599,-2,40504
13256,1,-31204,-19644,-37196,36872,0,40061
13257,1,-25804,-26816,43459,37215,-2,-5291
13258,1,44912,-62412,-3446,65535,3,-23203
13259,1,46894,56565,3769,65535,-1,22098
13260,1,34461,13456,-56418,36995,2,-48653
13261,1,47433,27870,31424,55015,1,42506
13262,1,44173,-15678,9669,46873,2,2554
13263,1,56088,-27030,58517,62262,0,49149
13264,1,-658,-48231,-6558,48236,2,-39612
13265,1,-41946,45630,-36312,61981,2,11962
13266,1,27452,44344,-63066,52154,-2,-41861
13267,1,15147,-42228,39601,44863,1,14017
13268,1,52832,10840,21139,53933,1,25360
13269,1,27986,48571,-55797,56057,-3,-33932
13270,1,37217,-17500,11689,41126,2,2519
13271,1,24539,-54814,-3761,60056,1,-27749
13272,1,18352,26125,18405,31927,0,38398
13273,1,6901,-15400,-35240,16876,0,-59220
13274,1,17959,4654,-21557,18552,-1,-16267
13275,1,-5589,-14823,-47980,15842,-1,42804
13276,1,35383,15753,-56601,38732,2,-47864
13277,1,4710,-27812,20236,28208,-1,-9031
13278,1,45777,-28277,44715,53807,-2,33173
13279,1,47268,-57922,-40966,65535,-3,-59455
13280,1,4160,-56052,59899,56206,0,28677
13281,1,-26230,38980,51072,46984,-2,-34875
13282,1,14960,-11628,47750,18948,-1,33967
13283,1,-5014,-49190,48214,49445,-1,13328
13284,1,-49369,10752,-40146,50526,-1,20917
13285,1,10111,11910,51205,15623,0,-61783
13286,1,14259,35967,19694,38691,1,44588
13287,1,28162,-33034,-20212,43409,-1,-38253
13288,1,45430,-27257,-51989,52980,-2,-63261
13289,1,44650,-17147,-214,47829,3,-7864
13290,1,-16679,46616,19855,49510,-2,59792
13291,1,-12747,-7902,40162,14998,1,-13798
13292,1,-5698,-34234,-39329,34705,-2,55535
13293,1,-44836,-51390,53833,65535,3,6099
13294,1,-27768,-52491,63116,59384,-2,20198
13295,1,54386,-7062,42633,54843,0,39939
13296,1,52706,18052,-3919,55712,0,2965
13297,1,-12489,-37647,36447,39665,2,-3004
13298,1,-36172,-50687,28063,62271,0,-17635
13299,1,55218,-32038,60397,63840,-1,49430
13300,1,4012,29322,-12982,29595,0,16950
13301,1,46933,-51463,18756,65535,-1,1413
13302,1,32692,38490,5175,50500,1,23254
13303,1,23058,23555,50474,32963,2,-63993
13304,1,62112,35920,-1444,65535,-4,9495
13305,1,-6692,14659,-21664,16114,1,20037
13306,1,-50635,-51317,-48278,65535,-1,33782
13307,1,-9281,-63661,60668,64334,-2,24881
13308,1,-48218,24054,22199,53885,1,-52990
13309,1,-2874,38504,-7380,38611,2,26941
13310,1,-22420,-63017,-7355,65535,1,-47254
13311,1,-1503,23565,36866,23613,0,-60109
13312,1,-4197,-10238,57192,11065,0,16308
13313,1,6823,64297,27140,64658,-1,57703
13314,1,64306,6411,-23905,64625,1,-21833
13315,1,-27558,-39670,60085,48303,-1,14652
13316,1,-25800,303,38757,25802,0,-27024
13317,1,-32081,-44249,27569,54655,-3,-18284
13318,1,-688,2362,-63972,2460,0,-25290
13319,1,23510,-59366,-57307,63852,-2,48864
13320,1,-24468,-27,-30757,24468,0,34802
13321,1,58892,52063,19005,65535,1,34106
13322,1,5391,31851,-26161,32304,1,3109
13323,1,-1784,4693,-20862,5021,0,19485
13324,1,702,9817,11428,9842,0,42706
13325,1,51993,-5742,36991,52309,-1,34697
13326,1,4227,-49751,22612,49931,3,-8389
13327,1,-1641,50597,-20695,50624,-2,12750
13328,1,23875,61100,-26372,65535,-3,-1374
13329,1,-28263,5212,1027,28740,-1,62759
13330,1,44323,-6860,60430,44851,-1,57227
13331,1,-51109,17331,-38930,53968,0,19786
13332,1,-49375,-35896,-39944,61044,1,38705
13333,1,38339,-60936,-59506,65535,-1,50514
13334,1,57477,39706,-20215,65535,-2,-7603
13335,1,64205,54193,46749,65535,-4,61374
13336,1,62660,31069,57165,65535,0,-64305
13337,1,19730,-4805,-32047,20307,-1,-37029
13338,1,28234,-42245,-28708,50812,-1,-49185
13339,1,-25936,65129,20043,65535,4,60716
13340,1,-64404,39121,40056,65535,0,-36867
13341,1,2520,33761,-22689,33855,-2,8526
13342,1,52407,-13025,-16525,54002,0,-21607
13343,1,23838,316,-1704,23840,-1,-1426
13344,1,-47930,-39556,59268,62145,-1,8126
13345,1,-8294,46578,-40774,47311,-1,-4330
13346,1,-35872,-17901,-8440,40091,0,-64320
13347,1,54303,-2573,53760,54364,1,52772
13348,1,59764,-24443,-23634,64569,-3,-31732
13349,1,-35040,-16997,26378,38945,0,-29736
13350,1,55468,15685,13412,57643,1,19160
13351,1,-59283,48322,24512,65535,0,-55290
13352,1,-56847,-61271,28784,65535,0,-19587
13353,1,5456,9387,-39618,10858,-1,-17832
13354,1,-43020,-41926,-3965,60071,3,-53387
13355,1,-61594,13990,-51858,63163,-1,9019
13356,1,-5322,-13074,-34681,14116,0,55558
13357,1,-39535,-27842,53356,48355,-2,620
13358,1,10550,-59564,-56640,60491,3,45320
13359,1,-24502,8333,57009,25880,-1,-15365
13360,1,-38790,26457,-27355,46954,0,25694
13361,1,4651,34425,27773,34738,-1,57740
13362,1,40359,58164,-59825,65535,2,-39712
13363,1,1450,-46343,-4479,46366,1,-36595
13364,1,-64240,65476,45504,65535,-2,-36614
13365,1,54230,-10706,2067,55277,0,-1999
13366,1,29636,39445,53427,49338,0,-58318
13367,1,-11181,-9936,-65098,14958,1,15593
13368,1,12093,-13142,-54842,17860,1,58978
13369,1,-13517,8232,18770,15827,1,-58179
13370,1,-40782,51925,-61894,65535,-3,-15236
13371,1,19790,4531,-27854,20302,0,-23159
13372,1,-48204,-16925,59832,51089,0,1340
13373,1,-7308,-55089,45869,55572,3,10349
13374,1,55022,25602,-43199,60687,-2,-34113
13375,1,17036,-47688,-7280,50640,-3,-32889
13376,1,-64063,-61495,-61023,65535,4,20469
13377,1,-64252,17451,25710,65535,-1,-45358
13378,1,-51717,-33761,-4746,61762,1,-58218
13379,1,-29682,52003,-12681,59878,1,30906
13380,1,51752,65140,-4648,65535,-4,14116
13381,1,40171,63673,-11731,65535,0,9296
13382,1,-50530,-63299,3476,65535,-4,-43345
13383,1,57036,-35448,30674,65535,2,19073
13384,1,21070,-44155,27639,48925,3,4158
13385,1,-61044,3101,36276,61123,1,-30319
13386,1,-45998,-35374,42139,58027,0,-9721
13387,1,55475,31572,-27344,63830,-1,-16550
13388,1,52814,-39450,-36251,65535,-1,-49634
13389,1,-42896,50417,-30210,65535,-1,17265
13390,1,59088,59411,14324,65535,4,30764
13391,1,13308,-29911,-50290,32738,1,56746
13392,1,-26373,14073,36335,29893,1,-39427
13393,1,-64320,-9549,-65321,65025,-3,3290
13394,1,-60569,40030,-26434,65535,-4,26921
13395,1,46405,-41128,26175,62008,-3,11048
13396,1,23922,9782,63385,25845,-1,-59589
13397,1,-36803,-48425,61877,60823,-2,15553
13398,1,-48198,-25219,-29102,54397,1,46490
13399,1,22235,-30533,6486,37772,-1,-13151
13400,1,29712,15335,-20822,33436,1,-10884
13401,1,-43910,-57274,54280,65535,2,7867
13402,1,-47378,14598,54894,49576,-1,-16877
13403,1,-35106,-4089,34935,35344,0,-28182
13404,1,41974,-27034,45357,49927,1,33420
13405,1,56372,-61034,48155,65535,-4,30944
13406,1,29148,-1053,-41710,29167,0,-42464
13407,1,-25874,5402,7344,26432,-2,-62484
13408,1,-42408,7177,-49254,43011,2,12784
13409,1,61141,247,4519,61142,0,4603
13410,1,55274,41318,17277,65535,0,30667
13411,1,-41501,56204,-7454,65535,0,38582
13412,1,-64812,-4480,22309,64967,3,-41788
13413,1,-36774,-20544,52860,42124,-1,-2048
13414,1,5451,-34271,60816,34702,2,31337
13415,1,46829,8676,-28484,47626,0,-24663
13416,1,6057,20178,25188,21068,1,51871
13417,1,-14234,27728,58970,31168,1,-29441
13418,1,18942,35006,9957,39803,-2,32379
13419,1,-31505,-41449,-51029,52064,1,33716
13420,1,56065,63890,-26833,65535,-1,-9090
13421,1,12842,-56302,-20520,57748,-3,-48609
13422,1,-37995,-62993,54340,65535,-4,10251
13423,1,-65330,-61412,-54590,65535,-3,26686
13424,1,25872,-6200,-5424,26605,-1,-10330
13425,1,29577,-48382,11112,56707,2,-10210
13426,1,10638,-59543,-43729,60486,-3,58264
13427,1,-3623,29750,-19029,29970,-1,16267
13428,1,29335,15801,-44445,33320,-1,-34137
13429,1,45068,-51058,-63682,65535,-1,49708
13430,1,48542,33430,51633,58940,-1,64214
13431,1,38133,56379,33937,65535,-1,54300
13432,1,-16325,48645,-53412,51311,1,-13890
13433,1,54109,603,-14322,54113,1,-14090
13434,1,-18718,-23538,23758,30073,0,-23024
13435,1,5736,61340,25304,61608,1,56127
13436,1,-49268,-33634,56311,59654,3,3269
13437,1,-65350,27194,62150,65535,-3,-11611
13438,1,40345,-14401,-43454,42838,-2,-50605
13439,1,1163,53823,-58211,53836,0,-25894
13440,1,7247,55556,39664,56027,2,-61347
13441,1,4927,-61287,-26035,61485,2,-57130
13442,1,39037,-38791,38243,55034,0,21925
13443,1,-20377,-56879,34690,60419,1,-5254
13444,1,55381,10742,5181,56413,-1,9178
13445,1,-7779,-50704,-44900,51297,-2,50229
13446,1,-40385,7064,29089,40998,1,-40060
13447,1,55355,-6277,-32171,55710,-1,-34526
13448,1,2969,22858,37683,23050,-1,-63315
13449,1,-31622,-35139,49019,47273,3,964
13450,1,57728,-7407,50233,58201,3,47570
13451,1,35764,-29856,12464,46588,-1,-2046
13452,1,47165,60854,21287,65535,1,40300
13453,1,41621,-22652,-39762,47386,-1,-50159
13454,1,42101,-13618,-56053,44249,-2,-62578
13455,1,-3243,-11403,-52615,11855,-1,39910
13456,1,-58814,-19203,46706,61870,0,-12246
13457,1,-29647,-50391,-56026,58466,1,31184
13458,1,33251,-9089,44149,34471,-2,38584
13459,1,61352,-31956,9886,65535,0,-131
13460,1,28486,32489,52222,43209,2,-61099
13461,1,-16614,34932,42453,38682,0,-46590
13462,1,20173,-25155,43279,32245,-1,24612
13463,1,-11029,16277,46621,19662,0,-39260
13464,1,-44232,-45976,15157,63799,4,-33593
13465,1,-20898,-55990,-43691,59763,-2,47162
13466,1,-59386,-2820,-42753,59453,-2,23773
13467,1,-9007,-22985,-28329,24687,-1,62185
13468,1,8600,2487,-14285,8953,0,-8412
13469,1,14396,28963,30009,32344,0,53154
13470,1,49743,14690,-41016,51867,0,-35026
13471,1,-6984,-58385,6131,58801,-3,-29119
13472,1,-5734,57418,52039,57704,-3,-44187
13473,1,15981,28443,-18657,32625,1,3432
13474,1,59388,-39745,33607,65535,1,21303
13475,1,13202,-37743,-52467,39986,1,52856
13476,1,-46894,-7700,34670,47522,-3,-27470
13477,1,54764,-56972,31510,65535,0,14714
13478,1,3751,36821,32681,37012,1,63331
13479,1,-7465,12959,3419,14956,-1,47090
13480,1,-328,58707,17397,58708,-2,50282
13481,1,27630,36505,-62294,45783,-1,-43041
13482,1,-35494,-28747,32233,45675,2,-19103
13483,1,23614,-46735,-842,52362,-1,-23850
13484,1,-20584,-49783,139,53871,1,-40808
13485,1,22832,2854,6410,23010,0,9005
13486,1,-32922,57497,-33350,65535,2,10265
13487,1,-18578,-54983,-58468,58037,-1,33039
13488,1,-38246,34389,-48037,51433,-1,2222
13489,1,30701,-22999,42473,38361,2,29060
13490,1,-52669,-33661,55557,62507,0,1884
13491,1,-16183,3508,3,16559,0,61086
13492,1,7033,33821,28388,34545,0,56879
13493,1,-20217,33243,-15784,38908,2,28381
13494,1,-63967,7912,-29003,64455,-2,33967
13495,1,29731,63272,-7189,65535,4,16414
13496,1,-4980,-11504,35517,12536,0,-5774
13497,1,17560,-57518,2044,60139,0,-24543
13498,1,51704,25255,18071,57543,2,27549
13499,1,55013,-26645,-63947,61126,-1,57716
13500,1,17027,-30420,62711,34861,-2,40589
13501,1,-8355,41657,40713,42487,-1,-53461
13502,1,-6695,54247,15455,54659,1,50784
13503,1,-58813,-60384,-21871,65535,1,60324
13504,1,21830,-19524,-22597,29287,-1,-37818
13505,1,55892,10432,-53034,56857,-1,-49185
13506,1,61737,-60174,-60749,65535,2,54206
13507,1,-2594,20169,59803,20335,0,-35833
13508,1,-63587,629,10707,63590,1,-55036
13509,1,10013,-34840,60870,36251,1,33939
13510,1,35812,30647,7253,47136,2,22018
13511,1,52402,14420,-53925,54350,3,-48324
13512,1,1899,-61920,18989,61950,1,-13140
13513,1,-54381,24028,-36562,59453,-2,20296
13514,1,26350,-28823,-54438,39053,-1,59316
13515,1,-15792,5968,-16803,16882,1,41195
13516,1,6389,18570,22187,19638,-1,48043
13517,1,-59723,21095,6405,63339,-2,64859
13518,1,52699,2777,41474,52772,2,42571
13519,1,-28919,-37651,13843,47476,-1,-32588
13520,1,-16510,-47339,-24416,50135,2,-64185
13521,1,10974,-60249,-3469,61241,2,-32479
13522,1,10003,11610,-26921,15325,1,-8989
13523,1,41964,55169,-61717,65535,3,-42515
13524,1,1623,-18187,-23426,18260,0,-54338
13525,1,18422,-31252,-22901,36278,-1,-44557
13526,1,-39386,15747,-487,42417,1,57114
13527,1,-46758,54145,-52121,65535,0,-4494
13528,1,-56044,28542,-13477,62894,1,42232
13529,1,-63330,-53362,2283,65535,-4,-48646
13530,1,-64508,-50141,52341,65535,3,588
13531,1,44344,39161,19403,59161,-1,34494
13532,1,9746,11679,-9686,15212,-1,8577
13533,1,9334,-23393,16539,25186,0,-8309
13534,1,-54692,44131,36139,65535,-3,-43559
13535,1,-49701,23823,54163,55116,2,-20698
13536,1,44408,-14242,26419,46636,0,19945
13537,1,-33581,-20660,-14008,39427,-2,63035
13538,1,6349,-9521,-23548,11444,0,-44048
13539,1,59705,63447,36526,65535,0,53544
13540,1,27637,-9068,-58511,29087,0,-65125
13541,1,64087,11440,42010,65100,3,45694
13542,1,34357,33206,-3467,47781,2,12561
13543,1,47215,23249,40108,52629,3,49652
13544,1,-15327,-40115,3314,42943,2,-37068
13545,1,-23510,51327,-34033,56455,-2,7696
13546,1,-54267,-64985,52582,65535,-4,5301
13547,1,-30378,-36987,17098,47863,-2,-30013
13548,1,-36790,7897,33661,37628,2,-36287
13549,1,-38406,-64176,1088,65535,-1,-42930
13550,1,-43041,35700,45119,55920,-1,-34861
13551,1,42585,9646,-13149,43664,1,-8503
13552,1,-54359,9284,63471,55147,0,-5594
13553,1,-59436,36536,48827,65535,-4,-28206
13554,1,8418,-35005,-54911,36003,-1,48317
13555,1,13309,47026,-54305,48873,0,-27290
13556,1,62324,-43202,18021,65535,1,5376
13557,1,56285,38940,-45382,65535,4,-32758
13558,1,43139,-13515,37618,45207,1,31284
13559,1,-22844,-35080,57657,41863,1,12848
13560,1,-62376,52714,60317,65535,4,-19857
13561,1,-30542,-29501,24421,42463,0,-25092
13562,1,-38666,-24985,16899,46036,0,-36670
13563,1,36433,27500,15951,45647,1,29438
13564,1,36786,-37810,-58689,52753,3,55712
13565,1,36198,22737,-51196,42747,-1,-39496
13566,1,-34867,-39772,6753,52892,-1,-41030
13567,1,-26750,-14198,-37528,30285,-2,38188
13568,1,64019,-26356,42635,65535,-3,34489
13569,1,50529,-24464,-36525,56140,1,-45931
13570,1,25729,18219,13666,31527,0,26520
13571,1,50349,31687,38901,59490,0,50619
13572,1,-32086,30206,13690,44067,2,63471
13573,1,42659,-13453,-691,44730,-1,-7063
13574,1,-46155,-37682,-30,59584,3,-51284
13575,1,24034,-36588,17293,43776,-2,-3350
13576,1,3236,-28321,64481,28506,0,34086
13577,1,-19271,65107,47464,65535,0,-44837
13578,1,32970,-39455,30829,51417,1,12582
13579,1,-26687,-18012,4626,32197,0,-48525
13580,1,48217,14033,37908,50218,-2,43817
13581,1,-61905,58015,5194,65535,-1,55023
13582,1,45586,-2974,3084,45683,1,1724
13583,1,-41334,16533,44620,44518,0,-28853
13584,1,35307,62839,64897,65535,1,-44086
13585,1,-49707,59567,-27879,65535,5,19394
13586,1,47401,-59197,-20165,65535,-2,-38847
13587,1,65490,37510,8925,65535,4,19775
13588,1,46028,52574,45155,65535,3,62921
13589,1,-52188,3463,23246,52303,1,-43673
13590,1,8170,-9449,14417,12491,0,-3479
13591,1,12639,-4065,52801,13277,0,46309
13592,1,-64673,-52988,-45094,65535,-3,34762
13593,1,18761,-19309,33658,26922,0,16974
13594,1,-8502,-19347,1301,21133,0,-40105
13595,1,-39010,-16096,12782,42201,-1,-44590
13596,1,39843,-44389,-14126,59648,0,-31635
13597,1,-42769,14731,20369,45235,-1,-52086
13598,1,-53689,22724,24672,58300,0,-49216
13599,1,28349,-41299,15420,50093,2,-4800
13600,1,-40340,-48795,-17080,63311,1,-64260
13601,1,-19716,-41637,-21343,46070,1,-63337
13602,1,-18855,-36570,-33193,41145,1,55180
13603,1,13899,-26566,36907,29983,0,14195
13604,1,-28323,58157,-55163,64688,-2,-12940
13605,1,-12881,52598,18520,54153,-1,56298
13606,1,46263,-44565,-56400,64237,2,58677
13607,1,-11414,-11287,-35248,16052,0,46555
13608,1,-22889,-61039,-35527,65190,2,55292
13609,1,-22324,-55974,-44342,60262,2,46045
13610,1,-60385,-45917,-46117,65535,4,32980
13611,1,-14885,-25760,-23698,29752,1,63675
13612,1,-39788,-26372,-60990,47735,2,16755
13613,1,-64607,10378,-2807,65435,0,59407
13614,1,56612,607,8317,56615,-2,8541
13615,1,-26676,-61154,-15439,65535,4,-56789
13616,1,-53925,1129,5992,53937,3,-59982
13617,1,59995,26181,-3556,65459,-2,5028
13618,1,-40214,-32322,65418,51594,-2,14006
13619,1,4806,-35479,28921,35803,1,-1039
13620,1,-24173,40559,44550,47216,2,-42543
13621,1,-24990,49827,153,55743,3,42618
13622,1,22641,-50646,-4685,55477,-1,-28683
13623,1,-24665,-45416,-11919,51682,1,-55066
13624,1,52938,65193,-38625,65535,3,-20085
13625,1,-37609,6538,-40880,38173,-1,21066
13626,1,-4701,32077,16076,32420,1,51879
13627,1,-41251,55663,-48428,65535,1,-2356
13628,1,61425,20005,23222,64601,-1,29790
13629,1,61637,-63082,-64357,65535,0,50089
13630,1,-3382,-52395,-46089,52504,-1,50871
13631,1,41084,-63013,-56586,65535,-4,53772
13632,1,-60839,46181,59924,65535,-4,-19155
13633,1,22287,-52733,50885,57250,-2,26459
13634,1,64626,33125,-17643,65535,2,-7763
13635,1,30798,43961,-14001,53676,3,6018
13636,1,-2332,-52478,48051,52530,1,14356
13637,1,5870,-44285,-25806,44673,-2,-55824
13638,1,-6532,-60631,-12392,60982,-2,-47398
13639,1,63862,21475,-494,65535,2,6272
13640,1,33408,22973,-59837,40545,1,-47271
13641,1,-38353,-53773,-32343,65535,2,53036
13642,1,-32248,14964,53354,35551,0,-21245
13643,1,-15628,-2025,-23403,15759,0,44822
13644,1,-49917,-16103,-43985,52450,0,28061
13645,1,6869,62798,9080,63173,3,39574
13646,1,-27177,-42193,-19975,50188,0,-64680
13647,1,-19147,41533,-30738,45734,-2,11042
13648,1,12843,-40351,65423,42346,0,39083
13649,1,-47802,51195,57343,65535,1,-25292
13650,1,5882,26632,-50458,27274,0,-22224
13651,1,-22732,-13362,-48443,26368,-1,28180
13652,1,60516,9077,8368,61193,0,11474
13653,1,23074,3953,59154,23410,1,62693
13654,1,-278,-64107,-30850,64108,-3,-63707
13655,1,21507,-55363,16670,59394,2,-8369
13656,1,-44986,60249,-33615,65535,-4,12533
13657,1,-57537,55388,50447,65535,0,-31076
13658,1,9792,31523,-3343,33009,0,23142
13659,1,-58035,-4447,-3660,58205,-3,63473
13660,1,26174,32417,-50983,41665,0,-32385
13661,1,-49343,-49987,-50531,65535,2,31524
13662,1,28779,-7677,16500,29786,0,11062
13663,1,33139,-17690,-21793,37565,0,-32022
13664,1,-19428,46579,36712,50469,1,-53349
13665,1,-21784,-48640,-57071,53295,-3,32450
13666,1,58234,-16927,57222,60644,0,51321
13667,1,37374,-41265,-50316,55674,-2,63341
13668,1,50229,-12858,-37862,51849,-3,-43089
13669,1,17045,-57661,16470,60128,1,-10303
13670,1,-2868,-29970,-37106,30107,1,59207
13671,1,-55133,-22725,-7232,59633,-2,-64612
13672,1,-8281,30198,7098,31313,1,45449
13673,1,26746,63429,-35113,65535,0,-10669
13674,1,-24474,24695,-29773,34768,0,19285
13675,1,-35123,-10763,43350,36735,-2,-15982
13676,1,-9325,64971,15683,65535,1,51424
13677,1,-15001,2139,19220,15153,1,-49272
13678,1,44078,5719,-11092,44448,1,-8401
13679,1,-31708,-50240,-32395,59410,-3,54165
13680,1,10501,-23066,-16644,25344,-1,-40499
13681,1,-48315,-58817,37249,65535,-1,-9864
13682,1,-38199,-5127,17944,38542,1,-44809
13683,1,3624,-5611,21542,6680,0,736
13684,1,-45902,48405,27427,65535,4,-55048
13685,1,12642,-10134,-32897,16202,0,-46993
13686,1,-56352,-35255,32053,65535,0,-21821
13687,1,53694,-61849,2391,65535,5,-15464
13688,1,-29675,63892,-22254,65535,0,19585
13689,1,-14382,44265,6618,46543,1,45939
13690,1,-17673,-47114,45526,50320,2,5271
13691,1,20178,-43850,31166,48270,0,7395
13692,1,52884,-25003,2285,58497,0,-6928
13693,1,-55195,4544,51727,55382,0,-15522
13694,1,-6187,-61649,-65063,61959,-4,31156
13695,1,-15665,-11178,16522,19244,-1,-36084
13696,1,23631,-53981,2331,58927,2,-21830
13697,1,-16922,56029,7611,58529,3,46497
13698,1,-44261,26542,52032,51609,-3,-24771
13699,1,55360,48786,45159,65535,3,60227
13700,1,43835,-16975,51360,47007,-3,43654
13701,1,-10014,-49585,-32382,50586,1,61764
13702,1,36612,6767,-41485,37232,-2,-37671
13703,1,23690,6996,38050,24702,0,44040
13704,1,-65324,16460,25258,65535,4,-45428
13705,1,24056,-42993,39167,49266,2,17040
13706,1,658,-25226,-51009,25235,-1,47840
13707,1,-24528,17325,51927,30030,-1,-26437
13708,1,1083,-49083,27272,49095,-1,-5035
13709,1,49250,-61252,11409,65535,3,-7233
13710,1,-11526,-3287,41881,11986,1,-17861
13711,1,-36536,-24301,27690,43880,-2,-25601
13712,1,-11844,-60605,-33067,61752,-3,61212
13713,1,-52724,-49127,-28569,65535,-4,52616
13714,1,-17005,-55584,-21953,58127,2,-60915
13715,1,39142,-7619,52301,39877,-1,48291
13716,1,-26233,39703,-58504,47587,-3,-13555
13717,1,-56546,-60934,11720,65535,1,-36654
13718,1,23874,18422,-17739,30155,1,-4030
13719,1,-25393,-3996,-33865,25706,0,34927
13720,1,34683,46918,8963,58346,-2,28453
13721,1,6430,-59777,-34321,60122,0,-64854
13722,1,-968,4294,-62068,4402,0,-24674
13723,1,-44272,25289,27078,50986,1,-49285
13724,1,-22030,-11410,58552,24810,0,2985
13725,1,-4754,-8255,-28874,9526,0,58529
13726,1,25755,6353,-54704,26527,-1,-49658
13727,1,37892,54599,40897,65535,-3,61010
13728,1,4330,24390,48166,24772,1,-53804
13729,1,-5951,-7279,3403,9402,0,-43662
13730,1,55616,-29531,-57000,62970,1,63889
13731,1,28967,-34959,-50243,45401,0,62495
13732,1,42012,44637,42213,61298,2,59228
13733,1,8680,27398,-63058,28740,0,-36690
13734,1,-34960,7784,5985,35816,-1,-64121
13735,1,-49431,-13090,-21856,51135,1,49080
13736,1,6013,46138,18264,46528,1,48328
13737,1,41302,37531,18006,55807,1,33392
13738,1,-57804,-23195,27799,62284,0,-29777
13739,1,4049,-6281,50178,7473,0,29354
13740,1,-46140,-19733,-13865,50183,-2,60102
13741,1,10635,47914,-43839,49080,2,-15628
13742,1,18677,-1721,-54804,18756,1,-56721
13743,1,-36607,7120,11547,37293,0,-57996
13744,1,-25132,-44178,-9689,50826,-3,-53246
13745,1,-45076,-23976,-63244,51056,-1,12490
13746,1,2330,-23504,33725,23619,-1,3019
13747,1,-10519,51379,42325,52445,-2,-51766
13748,1,-17288,-42586,29634,45961,0,-11178
13749,1,49073,57344,-13851,65535,-2,4152
13750,1,40427,-42581,-30109,58716,2,-47035
13751,1,-34216,8367,14588,35224,0,-55951
13752,1,39372,-15722,46617,42395,-1,38692
13753,1,-37402,58832,27017,65535,3,-59475
13754,1,-12593,-30056,-58749,32588,-1,31279
13755,1,-44214,-50149,-47225,65535,-1,36006
13756,1,-63005,34462,56424,65535,-3,-19552
13757,1,-47594,-27320,3961,54878,1,-50705
13758,1,12403,-56097,2251,57452,0,-25978
13759,1,-43639,51153,57003,65535,-3,-26566
13760,1,13669,23967,1239,27591,-1,23195
13761,1,19829,-51259,14653,54961,-3,-10414
13762,1,40874,-41215,-61613,58046,-1,52989
13763,1,-5724,-6918,-19647,8979,0,64238
13764,1,51351,-34859,-3223,62066,0,-15664
13765,1,-4295,18469,22072,18962,0,59606
13766,1,63888,27123,7856,65535,-1,16231
13767,1,47046,-18440,-4220,50531,0,-12013
13768,1,49654,17515,-21076,52653,-1,-14001
13769,1,-64700,-21147,28665,65535,-4,-30280
13770,1,-28264,-41503,-11056,50213,-1,-56296
13771,1,-51616,39331,57877,64894,3,-21243
13772,1,-8691,-40933,-33099,41846,-1,60841
13773,1,40375,48404,49393,63033,1,-63414
13774,1,63533,-46463,-35544,65535,-3,-48715
13775,1,51577,31864,65351,60626,-1,-54176
13776,1,47511,43854,14157,64657,0,29706
13777,1,-49630,27391,15717,56687,-3,-60338
13778,1,-23967,43226,4115,49426,-3,47445
13779,1,-54209,-48246,-23047,65535,4,57659
13780,1,-3188,-46480,-56251,46590,-1,40625
13781,1,-31565,37665,35871,49143,-2,-47882
13782,1,61100,63466,-6893,65535,-3,9888
13783,1,14217,-19616,52786,24226,0,33101
13784,1,-16403,1530,-47354,16474,0,16242
13785,1,-63829,-23238,48825,65535,0,-9428
13786,1,4462,54574,49921,54756,-3,-50084
13787,1,12002,7059,15754,13924,0,26846
13788,1,50437,37119,36505,62624,0,49740
13789,1,-35878,40442,-4353,54063,3,43552
13790,1,-59828,-48852,-45954,65535,0,33866
13791,1,21540,31326,18722,38017,0,38924
13792,1,-35916,-52677,27533,63756,3,-17719
13793,1,64318,747,-58821,64323,0,-58579
13794,1,-42006,6112,36320,42449,0,-32230
13795,1,922,58005,-24284,58012,-1,8153
13796,1,-61533,60157,-24882,65535,-2,24506
13797,1,-56776,33581,-64305,65535,1,-9912
13798,1,39579,50436,-5523,64112,-2,13366
13799,1,35435,51242,-52377,62301,2,-32231
13800,1,16110,25660,52980,30298,0,-57019
13801,1,60922,-4184,-2484,61066,2,-3915
13802,1,-13813,6562,-60137,15292,0,-3852
13803,1,-18014,6850,-1986,19273,1,55969
13804,1,-43087,-46901,-26174,63688,2,56629
13805,1,3927,-22739,-58155,23076,1,43716
13806,1,-41159,20067,20609,45790,-2,-54389
13807,1,-11698,-32573,54526,34610,-1,14566
13808,1,23618,-21739,56325,32100,2,40803
13809,1,24312,1533,46664,24360,0,47978
13810,1,-29714,-61722,21809,65535,3,-20319
13811,1,8246,-22672,53423,24125,1,27931
13812,1,-17130,-41464,-56850,44863,-2,33282
13813,1,-61717,-49496,42982,65535,0,-8453
13814,1,-32325,50008,-57790,59546,2,-13052
13815,1,-57907,58196,57461,65535,5,-24512
13816,1,-29731,-63407,14069,65535,1,-27846
13817,1,-55988,-34348,62160,65535,2,8103
13818,1,-5450,62471,-9594,62709,0,24989
13819,1,3891,14643,46658,15151,0,-57064
13820,1,60038,-46487,60910,65535,0,47166
13821,1,25902,-65190,28367,65535,1,3488
13822,1,-38476,16661,-1205,41929,2,55805
13823,1,-64273,13412,60503,65535,3,-9325
13824,1,-62504,30824,47226,65535,-3,-27867
13825,1,-16088,43031,24713,45940,-1,64945
13826,1,19410,36792,-6921,41598,0,15720
13827,1,-54536,48268,16957,65535,1,-63693
13828,1,-2178,841,-22745,2335,0,35105
13829,1,-6475,3876,43703,7547,0,-33085
13830,1,32676,13424,14707,35326,1,22838
13831,1,-45036,47934,-42068,65535,-3,6435
13832,1,-57693,15701,17786,59791,-2,-53292
13833,1,38727,65472,22614,65535,0,44239
13834,1,44578,-63410,18054,65535,0,-1932
13835,1,-33403,-22312,-39695,40170,-2,38127
13836,1,-1653,51592,-54932,51619,3,-21497
13837,1,16992,-7347,-12764,18512,0,-21277
13838,1,18003,54199,23989,57111,1,50066
13839,1,7579,-57861,26902,58356,1,-3149
13840,1,-13588,-46456,-25574,48403,2,-64279
13841,1,-52997,-36659,-43875,64440,-2,34285
13842,1,52394,29353,764,60056,-2,11418
13843,1,-61990,314,63794,61991,-3,-1847
13844,1,35154,-35616,-7904,50043,3,-24425
13845,1,-49848,-30601,-27020,58491,-3,50002
13846,1,-49852,62929,52172,65535,-1,-32156
13847,1,40305,61707,-59173,65535,-2,-38474
13848,1,14084,-32202,10995,35148,2,-13174
13849,1,11755,24850,37873,27490,1,61423
13850,1,-19983,-21820,41575,29588,0,-6661
13851,1,-24313,-45653,-21335,51724,0,-64311
13852,1,32345,23752,62022,40129,2,-55838
13853,1,-33395,41951,49489,53620,2,-34791
13854,1,23264,40685,-7689,46867,3,14242
13855,1,-52565,40163,65130,65535,-3,-14016
13856,1,-60188,61583,57214,65535,0,-24945
13857,1,-49141,-22595,-25593,54087,-3,48935
13858,1,-5737,54103,441,54407,-3,35414
13859,1,-4076,-28835,63886,29122,1,28188
13860,1,-37159,-76,-35406,37159,-2,30174
13861,1,-48567,-35498,24955,60157,1,-27415
13862,1,3946,16949,12298,17403,0,40295
13863,1,-57891,-65186,30146,65535,3,-17772
13864,1,24022,15697,-39351,28696,-1,-27277
13865,1,-50915,51839,-14829,65535,2,34135
13866,1,57091,61670,-46936,65535,0,-29748
13867,1,-50796,4971,51723,51039,-2,-15847
13868,1,60100,55235,-29594,65535,4,-14090
13869,1,41361,-51976,62567,65535,-1,43821
13870,1,-34941,-34118,-44583,48836,2,37088
13871,1,-37952,14314,3263,40562,-2,61276
13872,1,55122,-28668,-24938,62131,1,-34943
13873,1,38702,-61688,15880,65535,4,-5200
13874,1,32781,39552,5596,51371,0,23927
13875,1,25582,-38272,-25225,46035,2,-45702
13876,1,-6686,-27473,51485,28275,0,13737
13877,1,28205,55648,34711,62388,-1,57693
13878,1,58760,-13983,21017,60401,-2,16144
13879,1,-28869,-54483,-41348,61659,2,46791
13880,1,-47719,-17387,-10249,50788,1,62575
13881,1,-46059,32226,11419,56214,2,64219
13882,1,-30787,-30578,-3222,43392,0,-52445
13883,1,-53980,-46461,26308,65535,-4,-24402
13884,1,54781,11996,18812,56079,3,23308
13885,1,-12520,28136,-55529,30796,-1,-14027
13886,1,33358,63370,-37709,65535,4,-15050
13887,1,51034,-34022,29671,61335,-2,17406
13888,1,19292,-39393,-13934,43864,-1,-37201
13889,1,58873,10816,3309,59859,-2,7100
13890,1,-15687,-63238,38446,65155,-3,607
13891,1,33734,3155,-51020,33882,0,-49075
13892,1,-32771,-17941,56112,37361,-2,1026
13893,1,-35313,9038,-51950,36451,0,8359
13894,1,-18294,62467,55442,65091,4,-36920
13895,1,-7727,-46749,25262,47384,-1,-10923
13896,1,56044,49234,33592,65535,-4,48630
13897,1,5566,-21193,6078,21912,1,-21333
13898,1,-8210,-4387,-18729,9309,0,57043
13899,1,-28418,13680,-24917,31539,-2,31261
13900,1,22018,21598,52944,30843,0,-61945
13901,1,-57095,15065,-57642,59049,1,2512
13902,1,61113,6392,-29257,61447,-1,-27083
13903,1,-59250,-33313,-48062,65535,2,28158
13904,1,34915,19664,29978,40072,1,40678
13905,1,-58989,40986,11674,65535,1,64542
13906,1,12174,43325,-42944,45003,2,-15891
13907,1,-6774,17978,8951,19212,0,49237
13908,1,-31716,-659,-52107,31723,1,13862
13909,1,-19168,-40214,-40666,44549,1,48359
13910,1,33360,-31496,28859,45879,-3,13076
13911,1,-32136,-37649,27552,49499,1,-19956
13912,1,-58065,-62434,14090,65535,2,-34306
13913,1,-39056,31070,49319,49907,2,-30236
13914,1,-16874,16291,-64238,23455,0,-14720
13915,1,754,15356,52731,15375,0,-46597
13916,1,9342,50941,2752,51791,-1,31737
13917,1,30061,-7116,29495,30892,2,24645
13918,1,8808,47320,54649,48133,1,-47494
13919,1,8954,-37868,-61806,38912,-2,41343
13920,1,32566,-10377,11137,34180,2,4701
13921,1,64326,44712,3903,65535,4,16573
13922,1,-21973,-10556,-61183,24377,0,13696
13923,1,-29133,-23467,-63187,37409,-2,16496
13924,1,-48037,43516,5980,64817,4,56160
13925,1,-37428,64789,8641,65535,-3,52338
13926,1,-27979,15712,53272,32089,0,-22938
13927,1,14821,-51205,-62697,53307,-2,41485
13928,1,64271,47111,54392,65535,3,-63486
13929,1,-24709,29857,30940,38756,0,-52943
13930,1,-63290,-56340,-34166,65535,3,46543
13931,1,-44588,-3429,-57551,44720,-1,9587
13932,1,57385,39000,15568,65535,3,28019
13933,1,-14577,15785,-58928,21486,0,-10605
13934,1,15537,-48234,20250,50675,3,-6018
13935,1,52312,14364,3248,54249,-1,8838
13936,1,-28741,12022,62940,31154,-1,-10859
13937,1,-31242,32381,31913,44996,1,-50381
13938,1,-5319,-30595,-17288,31054,-1,-53646
13939,1,56178,-43445,11297,65535,-1,-2435
13940,1,-44901,11496,21570,46349,1,-49195
13941,1,37490,63954,65482,65535,2,-43883
13942,1,-58213,-18816,-20855,61179,-2,51204
13943,1,-4830,43612,-58565,43879,-1,-23495
13944,1,9389,-63951,-47817,64637,4,53527
13945,1,-28817,55789,9548,62792,0,52262
13946,1,59422,25559,54497,64686,-3,62972
13947,1,53254,45257,-18179,65535,1,-3485
13948,1,42655,-61980,-49148,65535,2,61729
13949,1,50251,-25648,39886,56418,-1,30042
13950,1,-12794,-59182,-53014,60549,3,40848
13951,1,-29504,30475,-31058,42417,1,17756
13952,1,64654,34609,45460,65535,4,55712
13953,1,21235,-62580,-48733,65535,-3,56396
13954,1,-39252,-14139,56288,41721,1,-2036
13955,1,18653,33119,19259,38011,-1,41327
13956,1,15205,-52064,55995,54239,2,29154
13957,1,28060,29696,8165,40856,1,25140
13958,1,-7637,46981,-30826,47598,2,5303
13959,1,3425,37530,-914,37686,2,29955
13960,1,57319,-14536,-60337,59134,0,-65518
13961,1,5770,-45640,60318,46003,2,30172
13962,1,-36048,45260,42132,57861,3,-42142
13963,1,-40435,12246,-22756,42249,2,36644
13964,1,45156,49581,-63424,65535,-3,-46065
13965,1,-49708,24731,-53079,55521,-1,2827
13966,1,27876,54220,-5403,60966,-3,17460
13967,1,64782,9264,38879,65441,-1,41842
13968,1,12071,29363,50139,31747,0,-56301
13969,1,50655,-45831,37221,65535,-4,21880
13970,1,49625,5821,-8435,49966,-2,-5998
13971,1,-23725,-45372,13860,51201,0,-28959
13972,1,28115,-49227,16980,56690,2,-4964
13973,1,55703,-57115,-51873,65535,3,62553
13974,1,-26388,-23763,-18474,35511,1,62354
13975,1,-4922,17567,-49002,18244,-1,-10534
13976,1,59984,-64876,-36448,65535,-1,-53649
13977,1,-32874,19425,-23340,38185,-2,31064
13978,1,-17983,2091,-22700,18104,-1,40422
13979,1,-14951,26550,-53623,30471,-1,-10155
13980,1,47843,63785,22536,65535,-5,41880
13981,1,-21819,33164,-23965,39698,2,20941
13982,1,56704,-15172,-13199,58699,-1,-18652
13983,1,3008,877,-7661,3133,0,-1742
13984,1,-62525,63254,-36825,65535,4,12205
13985,1,55849,31626,-4646,64182,2,6102
13986,1,32953,40067,-7515,51878,0,10895
13987,1,-18565,-7990,-29167,20212,1,44846
13988,1,-19666,-58820,-21311,62020,0,-60810
13989,1,24349,-23314,-27573,33711,0,-43504
13990,1,34768,3157,20027,34911,0,21916
13991,1,2588,-39744,57550,39828,-1,26139
13992,1,-57213,6341,12490,57563,-3,-55348
13993,1,35463,-59419,141,65535,3,-21403
13994,1,30257,8401,19909,31402,1,25558
13995,1,-58080,21785,-6497,62031,-4,51554
13996,1,44915,-19250,23441,48866,0,14994
13997,1,-10264,17778,15471,20528,-1,59163
13998,1,-38368,54872,-55955,65535,2,-10458
13999,1,-41256,22448,19677,46968,-2,-56253
14000,1,-12161,-48235,-39017,49745,2,54134
14001,1,-42393,3644,-57587,42549,3,6159
14002,1,-33256,-15759,-17743,36801,1,57024
14003,1,-15862,-12319,58689,20084,0,6928
14004,1,13246,13685,-3962,19046,-1,12763
14005,1,53464,-58776,42671,65535,3,25300
14006,1,-55204,-33084,-8388,64359,2,-62662
14007,1,-23155,13287,16149,26696,0,-60255
14008,1,-22985,-11473,31341,25689,-1,-24537
14009,1,-47738,39830,-45815,62172,1,5216
14010,1,-6125,-43183,-63068,43615,-3,32298
14011,1,21276,64751,12632,65535,-3,38778
14012,1,-49929,8722,38703,50685,0,-30441
14013,1,28828,31646,18243,42808,-1,35599
14014,1,-9342,20396,31236,22434,-1,-58107
14015,1,-47152,-38258,-4,60721,-3,-51319
14016,1,39175,-63819,-63640,65535,3,46148
14017,1,818,-64657,17394,64662,-4,-15109
14018,1,5417,-3280,8599,6333,0,-2757
14019,1,-4177,-59868,-37783,60014,2,59067
14020,1,45447,-51783,-55456,65535,-3,57876
14021,1,15569,-44942,-16341,47563,-2,-42152
14022,1,-13826,-60885,-15829,62435,2,-53256
14023,1,8190,7897,-55248,11377,0,-39243
14024,1,-50055,-38939,46363,63418,-3,-5380
14025,1,-21286,33689,7668,39850,-2,52192
14026,1,-37030,55144,19539,65535,-2,64644
14027,1,41230,9265,6412,42258,1,11023
14028,1,-40047,-44537,16280,59894,-2,-31765
14029,1,-12675,-2048,-16770,12840,-1,52109
14030,1,49293,12151,17049,50769,2,22090
14031,1,-30548,-7542,20549,31465,1,-39939
14032,1,-51249,14996,-24027,53398,3,35570
14033,1,-6983,-17021,21181,18398,0,-19708
14034,1,12119,29250,7119,31661,1,31692
14035,1,-54406,-27264,-45671,60855,-2,29557
14036,1,-56513,34615,31613,65535,-4,-45386
14037,1,48201,7972,59322,48856,0,62741
14038,1,42556,38231,49242,57207,-3,64511
14039,1,21004,-58830,44183,62467,0,18569
14040,1,-51659,32800,58330,61193,2,-19008
14041,1,24251,23528,17189,33789,0,33258
14042,1,-20893,-53784,24877,57700,-1,-15620
14043,1,-7826,-44282,-29373,44968,-1,65283
14044,1,37931,-63517,-7644,65535,4,-29183
14045,1,27784,30661,-11082,41377,1,6327
14046,1,12630,16187,11827,20532,-1,30774
14047,1,55317,-7743,-24593,55856,-3,-27493
14048,1,7605,50617,386,51185,0,30043
14049,1,60915,2130,37110,60953,3,37838
14050,1,-64425,26466,52309,65535,-1,-21358
14051,1,15632,-24484,-3194,29049,1,-24109
14052,1,52584,336,-51536,52585,2,-51403
14053,1,-84,-13636,-38122,13636,-1,60054
14054,1,26293,-36230,-40071,44765,1,-59743
14055,1,34983,25882,-26494,43517,-2,-13205
14056,1,62881,57787,32983,65535,1,48487
14057,1,-57335,45691,-3510,65535,4,47989
14058,1,-8360,62812,22612,63366,1,58140
14059,1,-43714,34128,58842,55459,1,-20522
14060,1,-25147,-35398,42204,43421,-2,-3448
14061,1,-32662,1184,-14149,32684,0,50631
14062,1,-54608,-54791,-37400,65535,-2,44555
14063,1,-16214,63253,51507,65298,1,-41563
14064,1,59260,4861,63632,59459,-3,65340
14065,1,52251,-28153,41090,59353,2,30780
14066,1,-60718,-40546,-63219,65535,-4,14600
14067,1,10393,-50374,44026,51435,1,15502
14068,1,3643,25663,24127,25920,-1,53955
14069,1,26586,-57751,-35615,63577,2,-59384
14070,1,-50101,30323,44098,58563,1,-32792
14071,1,50130,-18411,-25082,53404,-1,-32424
14072,1,30620,9690,23213,32117,2,29606
14073,1,-49991,-51466,43249,65535,2,-5600
14074,1,-5812,38152,-30557,38592,-1,5365
14075,1,20403,53016,23274,56807,-2,48379
14076,1,-46431,-17108,53179,49483,-1,-4992
14077,1,18560,48786,-49451,52197,1,-24267
14078,1,58875,-2969,40027,58950,1,38975
14079,1,64704,41578,-29644,65535,2,-17730
14080,1,24624,28500,39093,37664,0,56996
14081,1,33813,47488,25066,58296,-2,44927
14082,1,-35573,-27522,44174,44977,-1,-7625
14083,1,-28286,-22445,-33977,36109,-2,45553
14084,1,14584,43128,-34472,45527,0,-8506
14085,1,38285,3388,-37323,38435,1,-35482
14086,1,19141,-55340,33774,58557,-2,7953
14087,1,-43832,2494,60887,43903,2,-5836
14088,1,5753,-895,10262,5822,1,7041
14089,1,-14914,-58523,346,60394,3,-37628
14090,1,60810,2584,12688,60865,-1,13574
14091,1,4692,18485,-31836,19071,1,-4254
14092,1,-13149,-18258,40066,22500,-1,-5721
14093,1,-47097,7724,57017,47726,1,-11910
14094,1,-45346,-60892,-5372,65535,-2,-51492
14095,1,34747,-32485,-13307,47568,-1,-28989
14096,1,-1102,-22110,-35096,22138,0,62169
14097,1,-33886,-41913,-27638,53898,-2,56484
14098,1,25,18464,16025,18464,0,48765
14099,1,-10243,-53603,36878,54573,-1,171
14100,1,-27108,22458,12343,35203,-2,63447
14101,1,31607,51836,28924,60713,0,50269
14102,1,-55481,65195,2122,65535,-3,49599
14103,1,-10080,30928,-53839,32529,-1,-14498
14104,1,-5247,49951,61693,50226,3,-34429
14105,1,16622,3771,58700,17045,0,63354
14106,1,-19222,-59744,-57830,62760,3,33980
14107,1,-47736,10684,-58888,48917,-1,2055
14108,1,62300,38181,-1555,65535,4,9914
14109,1,50578,28472,-63114,58042,3,-52420
14110,1,-33132,64757,55721,65535,2,-32718
14111,1,374,-13813,34575,13818,0,2372
14112,1,37533,58349,61139,65535,0,-49089
14113,1,24302,39037,23217,45984,1,44369
14114,1,-19392,42495,-64245,46711,0,-22546
14115,1,38563,-64320,52081,65535,-3,30580
14116,1,22979,9155,-17371,24736,-1,-9461
14117,1,-61849,34149,8449,65535,1,63461
14118,1,-51261,-58219,-31315,65535,2,51928
14119,1,1979,43237,-19854,43283,1,11959
14120,1,36546,-38783,22722,53289,-2,5720
14121,1,62179,37359,-28859,65535,4,-17574
14122,1,3511,-24678,64259,24927,0,34439
14123,1,-50608,-19460,-30460,54221,0,42734
14124,1,54930,22351,33098,59303,-2,41160
14125,1,-29405,-13845,19579,32502,0,-36777
14126,1,-64693,-8201,54134,65211,1,-8772
14127,1,-9219,58427,19475,59150,2,55507
14128,1,-23211,39748,-16019,46029,1,27775
14129,1,13805,12524,-46171,18639,-1,-30800
14130,1,35072,-49420,-64858,60600,3,46320
14131,1,32995,-31012,-39578,45282,-1,-55315
14132,1,54657,41452,-3240,65535,0,10296
14133,1,7036,47018,35242,47542,-1,64912
14134,1,16487,-47900,61659,50658,3,35805
14135,1,-16353,42243,47553,45298,-2,-43045
14136,1,-22454,-59159,57340,63277,4,17003
14137,1,-47827,53316,-30695,65535,-4,17327
14138,1,46769,15048,-45407,49130,-1,-38913
14139,1,56227,17394,-30067,58856,3,-23809
14140,1,-37787,-62317,-57381,65535,3,29551
14141,1,468,-52894,30887,52896,2,-1697
14142,1,-22983,11569,-56149,25731,-1,-340
14143,1,58272,32985,31530,65535,-1,42275
14144,1,47870,62800,61597,65535,0,-50294
14145,1,-22734,60518,-10899,64647,-3,29366
14146,1,63890,22849,-52704,65535,3,-45540
14147,1,45731,7012,-41106,46266,-2,-37931
14148,1,-25988,-9081,8416,27529,-1,-50107
14149,1,-51036,47953,56292,65535,2,-24979
14150,1,-28296,60194,13890,65535,-1,55825
14151,1,31596,-51854,-64372,60722,3,45347
14152,1,22564,-64206,28319,65535,2,2600
14153,1,14505,-64254,-55673,65535,2,47262
14154,1,16047,3461,17268,16416,-1,21700
14155,1,-8492,41577,22152,42436,0,59123
14156,1,-21745,41243,-6328,46625,0,36562
14157,1,35598,-54239,-43058,64878,3,-63711
14158,1,4004,-30629,-27953,30890,0,-58009
14159,1,-7107,-12045,38120,13986,0,-5768
14160,1,-25970,-62373,-4915,65535,0,-45913
14161,1,57248,-28149,-48686,63794,2,-58220
14162,1,38479,-33805,22287,51220,2,7249
14163,1,-61690,-20431,-696,64985,-3,-59559
14164,1,35545,-61059,36819,65535,0,15048
14165,1,-37151,-13472,-45388,39519,-2,27406
14166,1,39993,-19010,36151,44281,0,26895
14167,1,48436,-24653,33384,54349,0,23563
14168,1,-7782,62690,-12709,63171,-1,22636
14169,1,-51173,-54175,58677,65535,-4,10121
14170,1,13314,-1207,14085,13369,0,12198
14171,1,-4652,39244,-6285,39519,-1,28945
14172,1,-23930,-58963,-64951,63634,-2,25311
14173,1,43517,25432,-41692,50404,-1,-30659
14174,1,26790,-25008,30290,36649,0,14623
14175,1,43918,34681,18081,55961,2,32024
14176,1,34188,28258,-45068,44355,0,-30659
14177,1,-23669,-65251,-38895,65535,-4,52151
14178,1,15159,-51833,-30220,54004,3,-57054
14179,1,1435,40883,16594,40908,-2,48631
14180,1,49706,-48421,-26753,65535,4,-42865
14181,1,-53391,31946,25239,62219,-3,-51544
14182,1,8852,62095,-467,62723,-2,29348
14183,1,-32767,24338,56979,40817,0,-21884
14184,1,18902,37399,-2743,41904,1,20262
14185,1,16404,24077,15302,29134,1,35593
14186,1,6348,6191,-29243,8867,0,-13121
14187,1,63024,3713,-45256,63134,1,-44029
14188,1,-33196,-2444,-48574,33286,0,18495
14189,1,-56003,5227,50254,56246,-3,-17222
14190,1,-36985,33384,52147,49824,1,-28707
14191,1,-55876,18483,-29610,58854,3,29261
14192,1,-37110,-40816,10020,55165,-3,-38140
14193,1,15927,-4385,28668,16520,-1,23065
14194,1,29995,-40687,-7697,50549,-2,-27212
14195,1,-14471,-63178,4607,64814,0,-32858
14196,1,61331,-21987,-19565,65153,2,-26747
14197,1,33062,-12289,-1485,35272,0,-8908
14198,1,-22338,55171,-42938,59522,-3,-2144
14199,1,24032,-6829,13258,24984,1,7482
14200,1,-45572,-24119,54167,51561,-1,-1214
14201,1,-29245,-20655,-44883,35804,0,33481
14202,1,16904,-1235,-4137,16949,-1,-5657
14203,1,50587,-56698,18056,65535,-4,486
14204,1,-46728,656,15139,46733,0,-50690
14205,1,4164,9282,-13218,10173,1,10752
14206,1,-34485,-3226,-40555,34636,1,26926
14207,1,-14253,53442,-61884,55310,-3,-23678
14208,1,13805,46990,44269,48976,-3,-59995
14209,1,-7900,1594,10162,8060,0,-59527
14210,1,-1906,-59769,17301,59800,-1,-16132
14211,1,60741,-29035,-37112,65535,0,-46414
14212,1,-33923,63312,25848,65535,-3,-62194
14213,1,-1471,-61379,-8295,61397,-2,-41562
14214,1,35792,56782,56713,65535,2,-53324
14215,1,-42433,-61395,26746,65535,4,-18639
14216,1,-20862,42348,-60588,47208,0,-18271
14217,1,48411,53134,58725,65535,0,-54994
14218,1,-57098,-17841,-6374,59821,-3,65481
14219,1,23083,-43278,22074,49049,1,-473
14220,1,-18360,17626,-65181,25452,1,-15604
14221,1,-23232,-53247,50145,58095,-1,8795
14222,1,-8081,58185,19738,58744,-2,55386
14223,1,37539,38313,289,53639,-2,16887
14224,1,17563,36982,-24726,40940,-1,-1206
14225,1,-45638,19392,42313,49587,-3,-31604
14226,1,-39008,-24,34445,39008,0,-31078
14227,1,14252,-64090,17555,65535,0,-10648
14228,1,14981,-11859,-1480,19107,0,-15448
14229,1,28583,17482,38372,33505,0,49823
14230,1,13902,13933,33471,19683,1,49878
14231,1,-48614,-44890,38694,65535,-3,-11287
14232,1,-32817,9880,43029,34272,-1,-28607
14233,1,-48098,-23848,40078,53686,0,-15856
14234,1,-46082,42955,3324,62998,-1,53209
14235,1,-27079,-53205,27035,59700,1,-15554
14236,1,13164,45825,37516,47678,-1,64449
14237,1,53791,18095,-23776,56753,1,-17007
14238,1,55687,56047,19856,65535,-5,36308
14239,1,-62120,46458,-12978,65535,1,39162
14240,1,15037,54136,-1270,56186,-1,25846
14241,1,-52367,-49957,-51393,65535,-1,30036
14242,1,-31869,-15900,-9573,35615,1,-65456
14243,1,36323,45066,63235,57882,1,-49221
14244,1,-41769,-4129,50534,41973,2,-12947
14245,1,45187,25815,-40470,52041,2,-29643
14246,1,-41965,-17083,59926,45309,0,2455
14247,1,-35605,19775,10890,40728,-2,-65221
14248,1,-15167,-61397,57079,63243,-3,19260
14249,1,47333,-3304,-25199,47448,0,-26653
14250,1,23893,-13306,-52423,27348,0,-63023
14251,1,47106,-13298,-13989,48947,3,-19730
14252,1,-12363,-21684,-31990,24961,-1,55505
14253,1,-58042,-39418,-43888,65535,-3,34094
14254,1,40167,41663,-22424,57873,-1,-5658
14255,1,44750,-39636,55423,59780,1,40301
14256,1,57503,-3437,-4180,57606,-1,-5425
14257,1,-17383,-44838,-18126,48090,2,-58610
14258,1,-60099,-64763,-59657,65535,1,23041
14259,1,4535,28397,-28130,28757,2,1333
14260,1,18980,-51858,-19869,55223,0,-45318
14261,1,10089,-60205,57548,61045,3,28242
14262,1,57328,52182,60261,65535,0,-55407
14263,1,5649,3653,45792,6728,0,57767
14264,1,21674,48441,-38283,53069,-3,-14290
14265,1,6551,12936,-55701,14500,0,-32711
14266,1,-45503,-59174,57130,65535,3,10686
14267,1,61743,61132,-31003,65535,1,-14723
14268,1,-37360,-60149,-44660,65535,4,42048
14269,1,42276,-4403,34919,42505,-1,32755
14270,1,47366,-4505,33100,47580,1,31122
14271,1,-9629,-8582,-14908,12898,0,-65259
14272,1,-6595,35969,53529,36569,-1,-40992
14273,1,-42219,-17570,12692,45729,-2,-44616
14274,1,24873,50679,-64268,56454,1,-41018
14275,1,-61516,62356,19411,65535,3,-62651
14276,1,59718,-29179,-58983,65535,-3,62609
14277,1,-54530,-34855,-25491,64718,4,51908
14278,1,-24709,-28849,56678,37984,1,9135
14279,1,-26314,39646,-65055,47584,-2,-20062
14280,1,19472,-51861,-22275,55396,2,-47551
14281,1,8933,-20338,32045,22214,1,7909
14282,1,-63298,-24015,-61864,65535,3,11235
14283,1,-5896,-60569,23803,60855,0,-10989
14284,1,48510,-9238,22544,49382,1,18618
14285,1,-28769,-62119,4590,65535,0,-37226
14286,1,57801,39468,-65068,65535,2,-52571
14287,1,59132,-61865,8033,65535,-1,-8822
14288,1,37569,34142,31954,50765,-3,47343
14289,1,-56491,4483,52743,56669,1,-14445
14290,1,-40732,51009,27581,65277,-2,-56665
14291,1,-63969,35620,-61202,65535,-4,-6264
14292,1,6081,-3960,17597,7257,0,5556
14293,1,62383,10438,7169,63250,3,10626
14294,1,31458,8393,-26262,32559,1,-20824
14295,1,-52178,-29554,43535,59967,1,-11251
14296,1,38025,46405,-58042,59995,-1,-39594
14297,1,-62605,-47897,-58312,65535,-5,20849
14298,1,5259,15010,-34424,15905,-1,-8685
14299,1,40104,61769,55732,65535,2,-54585
14300,1,-26151,-16531,-3680,30938,1,-57457
14301,1,54184,-55169,48628,65535,1,32056
14302,1,-29791,-45617,18829,54483,2,-26008
14303,1,62216,25883,26481,65535,-3,34706
14304,1,16276,29120,-37959,33360,2,-15824
14305,1,-28560,-1280,-5285,28589,0,61185
14306,1,-13142,32316,-16770,34886,0,24055
14307,1,18262,22755,25061,29177,1,43720
14308,1,25247,-38881,-852,46359,1,-21607
14309,1,-290,-50355,62600,50356,-1,29712
14310,1,-5293,1439,56274,5485,0,-14799
14311,1,16905,-50074,64597,52851,0,38621
14312,1,16577,10222,-63581,19475,0,-52054
14313,1,-42375,-34977,31445,54946,3,-19697
14314,1,-50325,36925,-46022,62419,-1,6309
14315,1,-62923,-27068,34501,65535,0,-22560
14316,1,-40452,-2318,4574,40518,0,-59768
14317,1,-54358,-39468,57116,65535,1,4681
14318,1,-45560,-29500,19988,54277,-3,-33560
14319,1,-18633,-29566,14735,34948,0,-29764
14320,1,-20902,26733,36249,33935,-1,-48211
14321,1,22343,-20996,-46680,30660,-1,-62415
14322,1,-57876,50641,-17624,65535,-3,32918
14323,1,45603,-12506,62021,47287,-1,56438
14324,1,-29344,-34230,15390,45086,-2,-32161
14325,1,-1992,16818,-24641,16936,0,10586
14326,1,28455,57128,-2676,63823,1,20451
14327,1,-55948,-40,-62102,55948,-2,3450
14328,1,-58666,-46821,5026,65535,-4,-46457
14329,1,50692,-5285,-4204,50967,-1,-6371
14330,1,-25291,-39537,42263,46934,-2,-2376
14331,1,-20189,-1322,-48339,20232,-1,18562
14332,1,64740,-36579,-22144,65535,-4,-32871
14333,1,50234,-5196,-41832,50502,-3,-43981
14334,1,-55583,33333,38350,64812,3,-38456
14335,1,13367,45670,33013,47586,-1,59842
14336,0,0,0,0,0,0,0
14337,0,1,0,0,1,0,0
14338,0,-1,0,0,-1,0,0
14339,0,32768,0,0,32768,0,0
14340,0,-32768,0,0,-32768,0,0
14341,0,65535,0,0,65535,1,0
14342,0,-65536,0,0,-65536,-1,0
14343,0,0,1,0,0,1,0
14344,0,1,1,0,1,1,0
14345,0,-1,1,0,-1,1,0
14346,0,32768,1,0,32768,2,0
14347,0,-32768,1,0,-32768,1,0
14348,0,65535,1,0,65535,2,0
14349,0,-65536,1,0,-65536,0,0
14350,0,0,-1,0,0,-1,0
14351,0,1,-1,0,1,-1,0
14352,0,-1,-1,0,-1,-1,0
14353,0,32768,-1,0,32768,-1,0
14354,0,-32768,-1,0,-32768,-1,0
14355,0,65535,-1,0,65535,0,0
14356,0,-65536,-1,0,-65536,-2,0
14357,0,0,32768,0,0,32768,0
14358,0,1,32768,0,1,32768,0
14359,0,-1,32768,0,-2,32768,0
14360,0,32768,32768,0,32768,32769,0
14361,0,-32768,32768,0,-32769,32768,0
14362,0,65535,32768,0,65535,32769,0
14363,0,-65536,32768,0,-65536,32767,0
14364,0,0,-32768,0,0,-32768,0
14365,0,1,-32768,0,1,-32768,0
14366,0,-1,-32768,0,-1,-32768,0
14367,0,32768,-32768,0,32769,-32768,0
14368,0,-32768,-32768,0,-32768,-32769,0
14369,0,65535,-32768,0,65535,-32767,0
14370,0,-65536,-32768,0,-65536,-32769,0
14371,0,0,65535,0,-1,65535,0
14372,0,1,65535,0,0,65535,0
14373,0,-1,65535,0,-2,65535,0
14374,0,32768,65535,0,32767,65535,0
14375,0,-32768,65535,0,-32769,65535,0
14376,0,65535,65535,0,65534,65535,0
14377,0,-65536,65535,0,-65536,65534,0
14378,0,0,-65536,0,1,-65536,0
14379,0,1,-65536,0,2,-65536,0
14380,0,-1,-65536,0,0,-65536,0
14381,0,32768,-65536,0,32769,-65536,0
14382,0,-32768,-65536,0,-32767,-65536,0
14383,0,65535,-65536,0,65535,-65535,0
14384,0,-65536,-65536,0,-65535,-65536,0
14385,0,0,0,1,0,0,1
14386,0,1,0,1,1,0,1
14387,0,-1,0,1,-1,0,1
14388,0,32768,0,1,32768,0,1
14389,0,-32768,0,1,-32768,0,1
14390,0,65535,0,1,65535,1,1
14391,0,-65536,0,1,-65536,-1,1
14392,0,0,1,1,0,1,1
14393,0,1,1,1,1,1,1
14394,0,-1,1,1,-1,1,1
14395,0,32768,1,1,32768,2,1
14396,0,-32768,1,1,-32768,1,1
14397,0,65535,1,1,65535,2,1
14398,0,-65536,1,1,-65536,0,1
14399,0,0,-1,1,0,-1,1
14400,0,1,-1,1,1,-1,1
14401,0,-1,-1,1,-1,-1,1
14402,0,32768,-1,1,32768,-1,1
14403,0,-32768,-1,1,-32768,-1,1
14404,0,65535,-1,1,65535,0,1
14405,0,-65536,-1,1,-65536,-2,1
14406,0,0,32768,1,0,32768,1
14407,0,1,32768,1,1,32768,1
14408,0,-1,32768,1,-2,32768,1
14409,0,32768,32768,1,32768,32769,1
14410,0,-32768,32768,1,-32769,32768,1
14411,0,65535,32768,1,65535,32769,1
14412,0,-65536,32768,1,-65536,32767,1
14413,0,0,-32768,1,0,-32768,1
14414,0,1,-32768,1,1,-32768,1
14415,0,-1,-32768,1,-1,-32768,1
14416,0,32768,-32768,1,32769,-32768,1
14417,0,-32768,-32768,1,-32768,-32769,1
14418,0,65535,-32768,1,65535,-32767,1
14419,0,-65536,-32768,1,-65536,-32769,1
14420,0,0,65535,1,-1,65535,1
14421,0,1,65535,1,0,65535,1
14422,0,-1,65535,1,-2,65535,1
14423,0,32768,65535,1,32767,65535,1
14424,0,-32768,65535,1,-32769,65535,1
14425,0,65535,65535,1,65534,65535,1
14426,0,-65536,65535,1,-65536,65534,1
14427,0,0,-65536,1,1,-65536,1
14428,0,1,-65536,1,2,-65536,1
14429,0,-1,-65536,1,0,-65536,1
14430,0,32768,-65536,1,32769,-65536,1
14431,0,-32768,-65536,1,-32767,-65536,1
14432,0,65535,-65536,1,65535,-65535,1
14433,0,-65536,-65536,1,-65535,-65536,1
14434,0,0,0,-1,0,0,-1
14435,0,1,0,-1,1,0,-1
14436,0,-1,0,-1,-1,0,-1
14437,0,32768,0,-1,32768,0,-1
14438,0,-32768,0,-1,-32768,0,-1
14439,0,65535,0,-1,65535,-1,-1
14440,0,-65536,0,-1,-65536,1,-1
14441,0,0,1,-1,0,1,-1
14442,0,1,1,-1,1,1,-1
14443,0,-1,1,-1,-1,1,-1
14444,0,32768,1,-1,32768,1,-1
14445,0,-32768,1,-1,-32768,1,-1
14446,0,65535,1,-1,65535,0,-1
14447,0,-65536,1,-1,-65536,2,-1
14448,0,0,-1,-1,0,-1,-1
14449,0,1,-1,-1,1,-1,-1
14450,0,-1,-1,-1,-1,-1,-1
14451,0,32768,-1,-1,32768,-2,-1
14452,0,-32768,-1,-1,-32768,-1,-1
14453,0,65535,-1,-1,65535,-2,-1
14454,0,-65536,-1,-1,-65536,0,-1
14455,0,0,32768,-1,0,32768,-1
14456,0,1,32768,-1,2,32768,-1
14457,0,-1,32768,-1,-1,32768,-1
14458,0,32768,32768,-1,32769,32768,-1
14459,0,-32768,32768,-1,-32768,32769,-1
14460,0,65535,32768,-1,65535,32767,-1
14461,0,-65536,32768,-1,-65536,32769,-1
14462,0,0,-32768,-1,0,-32768,-1
14463,0,1,-32768,-1,1,-32768,-1
14464,0,-1,-32768,-1,-1,-32768,-1
14465,0,32768,-32768,-1,32768,-32769,-1
14466,0,-32768,-32768,-1,-32769,-32768,-1
14467,0,65535,-32768,-1,65535,-32769,-1
14468,0,-65536,-32768,-1,-65536,-32767,-1
14469,0,0,65535,-1,1,65535,-1
14470,0,1,65535,-1,2,65535,-1
14471,0,-1,65535,-1,0,65535,-1
14472,0,32768,65535,-1,32769,65535,-1
14473,0,-32768,65535,-1,-32767,65535,-1
14474,0,65535,65535,-1,65535,65534,-1
14475,0,-65536,65535,-1,-65535,65535,-1
14476,0,0,-65536,-1,-1,-65536,-1
14477,0,1,-65536,-1,0,-65536,-1
14478,0,-1,-65536,-1,-2,-65536,-1
14479,0,32768,-65536,-1,32767,-65536,-1
14480,0,-32768,-65536,-1,-32769,-65536,-1
14481,0,65535,-65536,-1,65534,-65536,-1
14482,0,-65536,-65536,-1,-65536,-65535,-1
14483,0,0,0,32768,0,0,0
14484,0,1,0,32768,0,1,0
14485,0,-1,0,32768,0,-1,0
14486,0,32768,0,32768,0,32768,0
14487,0,-32768,0,32768,0,-32768,0
14488,0,65535,0,32768,-1,65535,0
14489,0,-65536,0,32768,1,-65536,0
14490,0,0,1,32768,-1,0,0
14491,0,1,1,32768,-1,1,0
14492,0,-1,1,32768,-1,-1,0
14493,0,32768,1,32768,-2,32768,0
14494,0,-32768,1,32768,-1,-32768,0
14495,0,65535,1,32768,-2,65535,0
14496,0,-65536,1,32768,0,-65536,0
14497,0,0,-1,32768,1,0,0
14498,0,1,-1,32768,1,1,0
14499,0,-1,-1,32768,1,-1,0
14500,0,32768,-1,32768,1,32768,0
14501,0,-32768,-1,32768,1,-32768,0
14502,0,65535,-1,32768,0,65535,0
14503,0,-65536,-1,32768,2,-65536,0
14504,0,0,32768,32768,-32768,0,0
14505,0,1,32768,32768,-32768,1,0
14506,0,-1,32768,32768,-32768,-1,0
14507,0,32768,32768,32768,-32769,32768,0
14508,0,-32768,32768,32768,-32768,-32769,0
14509,0,65535,32768,32768,-32769,65535,0
14510,0,-65536,32768,32768,-32767,-65536,0
14511,0,0,-32768,32768,32768,0,0
14512,0,1,-32768,32768,32768,2,0
14513,0,-1,-32768,32768,32768,-1,0
14514,0,32768,-32768,32768,32768,32769,0
14515,0,-32768,-32768,32768,32769,-32768,0
14516,0,65535,-32768,32768,32767,65535,0
14517,0,-65536,-32768,32768,32769,-65536,0
14518,0,0,65535,32768,-65535,-1,0
14519,0,1,65535,32768,-65535,0,0
14520,0,-1,65535,32768,-65535,-2,0
14521,0,32768,65535,32768,-65536,32767,0
14522,0,-32768,65535,32768,-65535,-32769,0
14523,0,65535,65535,32768,-65536,65534,0
14524,0,-65536,65535,32768,-65534,-65536,0
14525,0,0,-65536,32768,65535,1,0
14526,0,1,-65536,32768,65535,2,0
14527,0,-1,-65536,32768,65535,0,0
14528,0,32768,-65536,32768,65535,32769,0
14529,0,-32768,-65536,32768,65535,-32767,0
14530,0,65535,-65536,32768,65535,65535,0
14531,0,-65536,-65536,32768,65535,-65535,0
14532,0,0,0,32767,0,0,-1
14533,0,1,0,32767,0,1,-1
14534,0,-1,0,32767,0,-1,-1
14535,0,32768,0,32767,0,32768,-1
14536,0,-32768,0,32767,0,-32768,-1
14537,0,65535,0,32767,1,65535,-1
14538,0,-65536,0,32767,-1,-65536,-1
14539,0,0,1,32767,-1,0,-1
14540,0,1,1,32767,-1,1,-1
14541,0,-1,1,32767,-1,-1,-1
14542,0,32768,1,32767,-1,32768,-1
14543,0,-32768,1,32767,-1,-32768,-1
14544,0,65535,1,32767,0,65535,-1
14545,0,-65536,1,32767,-2,-65536,-1
14546,0,0,-1,32767,1,0,-1
14547,0,1,-1,32767,1,1,-1
14548,0,-1,-1,32767,1,-1,-1
14549,0,32768,-1,32767,2,32768,-1
14550,0,-32768,-1,32767,1,-32768,-1
14551,0,65535,-1,32767,2,65535,-1
14552,0,-65536,-1,32767,0,-65536,-1
14553,0,0,32768,32767,-32768,0,-1
14554,0,1,32768,32767,-32768,1,-1
14555,0,-1,32768,32767,-32768,-1,-1
14556,0,32768,32768,32767,-32768,32769,-1
14557,0,-32768,32768,32767,-32769,-32768,-1
14558,0,65535,32768,32767,-32767,65535,-1
14559,0,-65536,32768,32767,-32769,-65536,-1
14560,0,0,-32768,32767,32768,0,-1
14561,0,1,-32768,32767,32768,1,-1
14562,0,-1,-32768,32767,32768,-2,-1
14563,0,32768,-32768,32767,32769,32768,-1
14564,0,-32768,-32768,32767,32768,-32769,-1
14565,0,65535,-32768,32767,32769,65535,-1
14566,0,-65536,-32768,32767,32767,-65536,-1
14567,0,0,65535,32767,-65535,1,-1
14568,0,1,65535,32767,-65535,2,-1
14569,0,-1,65535,32767,-65535,0,-1
14570,0,32768,65535,32767,-65535,32769,-1
14571,0,-32768,65535,32767,-65536,-32767,-1
14572,0,65535,65535,32767,-65534,65535,-1
14573,0,-65536,65535,32767,-65536,-65535,-1
14574,0,0,-65536,32767,65535,-1,-1
14575,0,1,-65536,32767,65535,0,-1
14576,0,-1,-65536,32767,65535,-2,-1
14577,0,32768,-65536,32767,65535,32767,-1
14578,0,-32768,-65536,32767,65535,-32769,-1
14579,0,65535,-65536,32767,65535,65534,-1
14580,0,-65536,-65536,32767,65535,-65536,-1
14581,0,0,0,32769,0,0,1
14582,0,1,0,32769,0,1,1
14583,0,-1,0,32769,0,-1,1
14584,0,32768,0,32769,0,32768,1
14585,0,-32768,0,32769,0,-32768,1
14586,0,65535,0,32769,-1,65535,1
14587,0,-65536,0,32769,1,-65536,1
14588,0,0,1,32769,-1,0,1
14589,0,1,1,32769,-1,1,1
14590,0,-1,1,32769,-1,-1,1
14591,0,32768,1,32769,-2,32768,1
14592,0,-32768,1,32769,-1,-32768,1
14593,0,65535,1,32769,-2,65535,1
14594,0,-65536,1,32769,0,-65536,1
14595,0,0,-1,32769,1,0,1
14596,0,1,-1,32769,1,1,1
14597,0,-1,-1,32769,1,-1,1
14598,0,32768,-1,32769,1,32768,1
14599,0,-32768,-1,32769,1,-32768,1
14600,0,65535,-1,32769,0,65535,1
14601,0,-65536,-1,32769,2,-65536,1
14602,0,0,32768,32769,-32768,0,1
14603,0,1,32768,32769,-32768,1,1
14604,0,-1,32768,32769,-32768,-1,1
14605,0,32768,32768,32769,-32769,32768,1
14606,0,-32768,32768,32769,-32768,-32769,1
14607,0,65535,32768,32769,-32769,65535,1
14608,0,-65536,32768,32769,-32767,-65536,1
14609,0,0,-32768,32769,32768,0,1
14610,0,1,-32768,32769,32768,2,1
14611,0,-1,-32768,32769,32768,-1,1
14612,0,32768,-32768,32769,32768,32769,1
14613,0,-32768,-32768,32769,32769,-32768,1
14614,0,65535,-32768,32769,32767,65535,1
14615,0,-65536,-32768,32769,32769,-65536,1
14616,0,0,65535,32769,-65535,-1,1
14617,0,1,65535,32769,-65535,0,1
14618,0,-1,65535,32769,-65535,-2,1
14619,0,32768,65535,32769,-65536,32767,1
14620,0,-32768,65535,32769,-65535,-32769,1
14621,0,65535,65535,32769,-65536,65534,1
14622,0,-65536,65535,32769,-65534,-65536,1
14623,0,0,-65536,32769,65535,1,1
14624,0,1,-65536,32769,65535,2,1
14625,0,-1,-65536,32769,65535,0,1
14626,0,32768,-65536,32769,65535,32769,1
14627,0,-32768,-65536,32769,65535,-32767,1
14628,0,65535,-65536,32769,65535,65535,1
14629,0,-65536,-65536,32769,65535,-65535,1
14630,0,0,0,-32768,0,0,0
14631,0,1,0,-32768,0,-1,0
14632,0,-1,0,-32768,0,1,0
14633,0,32768,0,-32768,0,-32768,0
14634,0,-32768,0,-32768,0,32768,0
14635,0,65535,0,-32768,1,-65535,0
14636,0,-65536,0,-32768,-1,65535,0
14637,0,0,1,-32768,1,0,0
14638,0,1,1,-32768,1,-1,0
14639,0,-1,1,-32768,1,1,0
14640,0,32768,1,-32768,1,-32768,0
14641,0,-32768,1,-32768,1,32768,0
14642,0,65535,1,-32768,2,-65535,0
14643,0,-65536,1,-32768,0,65535,0
14644,0,0,-1,-32768,-1,0,0
14645,0,1,-1,-32768,-1,-1,0
14646,0,-1,-1,-32768,-1,1,0
14647,0,32768,-1,-32768,-1,-32768,0
14648,0,-32768,-1,-32768,-2,32768,0
14649,0,65535,-1,-32768,0,-65535,0
14650,0,-65536,-1,-32768,-2,65535,0
14651,0,0,32768,-32768,32768,0,0
14652,0,1,32768,-32768,32768,-1,0
14653,0,-1,32768,-32768,32768,2,0
14654,0,32768,32768,-32768,32769,-32768,0
14655,0,-32768,32768,-32768,32768,32769,0
14656,0,65535,32768,-32768,32769,-65535,0
14657,0,-65536,32768,-32768,32767,65535,0
14658,0,0,-32768,-32768,-32768,0,0
14659,0,1,-32768,-32768,-32768,-1,0
14660,0,-1,-32768,-32768,-32768,1,0
14661,0,32768,-32768,-32768,-32768,-32769,0
14662,0,-32768,-32768,-32768,-32769,32768,0
14663,0,65535,-32768,-32768,-32767,-65536,0
14664,0,-65536,-32768,-32768,-32769,65535,0
14665,0,0,65535,-32768,65535,1,0
14666,0,1,65535,-32768,65535,0,0
14667,0,-1,65535,-32768,65535,2,0
14668,0,32768,65535,-32768,65535,-32767,0
14669,0,-32768,65535,-32768,65535,32769,0
14670,0,65535,65535,-32768,65535,-65534,0
14671,0,-65536,65535,-32768,65534,65535,0
14672,0,0,-65536,-32768,-65536,-1,0
14673,0,1,-65536,-32768,-65536,-2,0
14674,0,-1,-65536,-32768,-65536,0,0
14675,0,32768,-65536,-32768,-65536,-32769,0
14676,0,-32768,-65536,-32768,-65536,32767,0
14677,0,65535,-65536,-32768,-65535,-65536,0
14678,0,-65536,-65536,-32768,-65536,65535,0
14679,0,0,0,-32769,0,0,-1
14680,0,1,0,-32769,0,-1,-1
14681,0,-1,0,-32769,0,1,-1
14682,0,32768,0,-32769,0,-32768,-1
14683,0,-32768,0,-32769,0,32768,-1
14684,0,65535,0,-32769,-1,-65535,-1
14685,0,-65536,0,-32769,1,65535,-1
14686,0,0,1,-32769,1,0,-1
14687,0,1,1,-32769,1,-1,-1
14688,0,-1,1,-32769,1,1,-1
14689,0,32768,1,-32769,1,-32768,-1
14690,0,-32768,1,-32769,2,32768,-1
14691,0,65535,1,-32769,0,-65535,-1
14692,0,-65536,1,-32769,2,65535,-1
14693,0,0,-1,-32769,-1,0,-1
14694,0,1,-1,-32769,-1,-1,-1
14695,0,-1,-1,-32769,-1,1,-1
14696,0,32768,-1,-32769,-1,-32768,-1
14697,0,-32768,-1,-32769,-1,32768,-1
14698,0,65535,-1,-32769,-2,-65535,-1
14699,0,-65536,-1,-32769,0,65535,-1
14700,0,0,32768,-32769,32768,0,-1
14701,0,1,32768,-32769,32768,-2,-1
14702,0,-1,32768,-32769,32768,1,-1
14703,0,32768,32768,-32769,32768,-32769,-1
14704,0,-32768,32768,-32769,32769,32768,-1
14705,0,65535,32768,-32769,32767,-65536,-1
14706,0,-65536,32768,-32769,32769,65535,-1
14707,0,0,-32768,-32769,-32768,0,-1
14708,0,1,-32768,-32769,-32768,-1,-1
14709,0,-1,-32768,-32769,-32768,1,-1
14710,0,32768,-32768,-32769,-32769,-32768,-1
14711,0,-32768,-32768,-32769,-32768,32769,-1
14712,0,65535,-32768,-32769,-32769,-65535,-1
14713,0,-65536,-32768,-32769,-32767,65535,-1
14714,0,0,65535,-32769,65535,-1,-1
14715,0,1,65535,-32769,65535,-2,-1
14716,0,-1,65535,-32769,65535,0,-1
14717,0,32768,65535,-32769,65535,-32769,-1
14718,0,-32768,65535,-32769,65535,32767,-1
14719,0,65535,65535,-32769,65534,-65536,-1
14720,0,-65536,65535,-32769,65535,65535,-1
14721,0,0,-65536,-32769,-65536,1,-1
14722,0,1,-65536,-32769,-65536,0,-1
14723,0,-1,-65536,-32769,-65536,2,-1
14724,0,32768,-65536,-32769,-65536,-32767,-1
14725,0,-32768,-65536,-32769,-65536,32769,-1
14726,0,65535,-65536,-32769,-65536,-65534,-1
14727,0,-65536,-65536,-32769,-65535,65535,-1
14728,0,0,0,-32767,0,0,1
14729,0,1,0,-32767,0,-1,1
14730,0,-1,0,-32767,0,1,1
14731,0,32768,0,-32767,0,-32768,1
14732,0,-32768,0,-32767,0,32768,1
14733,0,65535,0,-32767,1,-65535,1
14734,0,-65536,0,-32767,-1,65535,1
14735,0,0,1,-32767,1,0,1
14736,0,1,1,-32767,1,-1,1
14737,0,-1,1,-32767,1,1,1
14738,0,32768,1,-32767,1,-32768,1
14739,0,-32768,1,-32767,1,32768,1
14740,0,65535,1,-32767,2,-65535,1
14741,0,-65536,1,-32767,0,65535,1
14742,0,0,-1,-32767,-1,0,1
14743,0,1,-1,-32767,-1,-1,1
14744,0,-1,-1,-32767,-1,1,1
14745,0,32768,-1,-32767,-1,-32768,1
14746,0,-32768,-1,-32767,-2,32768,1
14747,0,65535,-1,-32767,0,-65535,1
14748,0,-65536,-1,-32767,-2,65535,1
14749,0,0,32768,-32767,32768,0,1
14750,0,1,32768,-32767,32768,-1,1
14751,0,-1,32768,-32767,32768,2,1
14752,0,32768,32768,-32767,32769,-32768,1
14753,0,-32768,32768,-32767,32768,32769,1
14754,0,65535,32768,-32767,32769,-65535,1
14755,0,-65536,32768,-32767,32767,65535,1
14756,0,0,-32768,-32767,-32768,0,1
14757,0,1,-32768,-32767,-32768,-1,1
14758,0,-1,-32768,-32767,-32768,1,1
14759,0,32768,-32768,-32767,-32768,-32769,1
14760,0,-32768,-32768,-32767,-32769,32768,1
14761,0,65535,-32768,-32767,-32767,-65536,1
14762,0,-65536,-32768,-32767,-32769,65535,1
14763,0,0,65535,-32767,65535,1,1
14764,0,1,65535,-32767,65535,0,1
14765,0,-1,65535,-32767,65535,2,1
14766,0,32768,65535,-32767,65535,-32767,1
14767,0,-32768,65535,-32767,65535,32769,1
14768,0,65535,65535,-32767,65535,-65534,1
14769,0,-65536,65535,-32767,65534,65535,1
14770,0,0,-65536,-32767,-65536,-1,1
14771,0,1,-65536,-32767,-65536,-2,1
14772,0,-1,-65536,-32767,-65536,0,1
14773,0,32768,-65536,-32767,-65536,-32769,1
14774,0,-32768,-65536,-32767,-65536,32767,1
14775,0,65535,-65536,-32767,-65535,-65536,1
14776,0,-65536,-65536,-32767,-65536,65535,1
14777,0,0,0,65535,0,0,-1
14778,0,1,0,65535,-1,0,-1
14779,0,-1,0,65535,1,0,-1
14780,0,32768,0,65535,-32768,0,-1
14781,0,-32768,0,65535,32768,0,-1
14782,0,65535,0,65535,-65535,1,-1
14783,0,-65536,0,65535,65535,-1,-1
14784,0,0,1,65535,0,-1,-1
14785,0,1,1,65535,-1,-1,-1
14786,0,-1,1,65535,1,-1,-1
14787,0,32768,1,65535,-32768,-1,-1
14788,0,-32768,1,65535,32768,-2,-1
14789,0,65535,1,65535,-65535,0,-1
14790,0,-65536,1,65535,65535,-2,-1
14791,0,0,-1,65535,0,1,-1
14792,0,1,-1,65535,-1,1,-1
14793,0,-1,-1,65535,1,1,-1
14794,0,32768,-1,65535,-32768,1,-1
14795,0,-32768,-1,65535,32768,1,-1
14796,0,65535,-1,65535,-65535,2,-1
14797,0,-65536,-1,65535,65535,0,-1
14798,0,0,32768,65535,0,-32768,-1
14799,0,1,32768,65535,-1,-32768,-1
14800,0,-1,32768,65535,1,-32768,-1
14801,0,32768,32768,65535,-32769,-32768,-1
14802,0,-32768,32768,65535,32768,-32769,-1
14803,0,65535,32768,65535,-65536,-32767,-1
14804,0,-65536,32768,65535,65535,-32769,-1
14805,0,0,-32768,65535,0,32768,-1
14806,0,1,-32768,65535,-1,32768,-1
14807,0,-1,-32768,65535,2,32768,-1
14808,0,32768,-32768,65535,-32768,32769,-1
14809,0,-32768,-32768,65535,32769,32768,-1
14810,0,65535,-32768,65535,-65535,32769,-1
14811,0,-65536,-32768,65535,65535,32767,-1
14812,0,0,65535,65535,-1,-65535,-1
14813,0,1,65535,65535,-2,-65535,-1
14814,0,-1,65535,65535,0,-65535,-1
14815,0,32768,65535,65535,-32769,-65535,-1
14816,0,-32768,65535,65535,32767,-65536,-1
14817,0,65535,65535,65535,-65536,-65534,-1
14818,0,-65536,65535,65535,65535,-65536,-1
14819,0,0,-65536,65535,1,65535,-1
14820,0,1,-65536,65535,0,65535,-1
14821,0,-1,-65536,65535,2,65535,-1
14822,0,32768,-65536,65535,-32767,65535,-1
14823,0,-32768,-65536,65535,32769,65535,-1
14824,0,65535,-65536,65535,-65534,65535,-1
14825,0,-65536,-65536,65535,65535,65535,-1
14826,0,0,0,-65536,0,0,0
14827,0,1,0,-65536,-1,0,0
14828,0,-1,0,-65536,1,0,0
14829,0,32768,0,-65536,-32768,0,0
14830,0,-32768,0,-65536,32768,0,0
14831,0,65535,0,-65536,-65535,-1,0
14832,0,-65536,0,-65536,65535,1,0
14833,0,0,1,-65536,0,-1,0
14834,0,1,1,-65536,-1,-1,0
14835,0,-1,1,-65536,1,-1,0
14836,0,32768,1,-65536,-32768,-1,0
14837,0,-32768,1,-65536,32768,-1,0
14838,0,65535,1,-65536,-65535,-2,0
14839,0,-65536,1,-65536,65535,0,0
14840,0,0,-1,-65536,0,1,0
14841,0,1,-1,-65536,-1,1,0
14842,0,-1,-1,-65536,1,1,0
14843,0,32768,-1,-65536,-32768,1,0
14844,0,-32768,-1,-65536,32768,2,0
14845,0,65535,-1,-65536,-65535,0,0
14846,0,-65536,-1,-65536,65535,2,0
14847,0,0,32768,-65536,0,-32768,0
14848,0,1,32768,-65536,-1,-32768,0
14849,0,-1,32768,-65536,1,-32768,0
14850,0,32768,32768,-65536,-32768,-32769,0
14851,0,-32768,32768,-65536,32769,-32768,0
14852,0,65535,32768,-65536,-65535,-32769,0
14853,0,-65536,32768,-65536,65535,-32767,0
14854,0,0,-32768,-65536,0,32768,0
14855,0,1,-32768,-65536,-2,32768,0
14856,0,-1,-32768,-65536,1,32768,0
14857,0,32768,-32768,-65536,-32769,32768,0
14858,0,-32768,-32768,-65536,32768,32769,0
14859,0,65535,-32768,-65536,-65536,32767,0
14860,0,-65536,-32768,-65536,65535,32769,0
14861,0,0,65535,-65536,1,-65535,0
14862,0,1,65535,-65536,0,-65535,0
14863,0,-1,65535,-65536,2,-65535,0
14864,0,32768,65535,-65536,-32767,-65536,0
14865,0,-32768,65535,-65536,32769,-65535,0
14866,0,65535,65535,-65536,-65534,-65536,0
14867,0,-65536,65535,-65536,65535,-65534,0
14868,0,0,-65536,-65536,-1,65535,0
14869,0,1,-65536,-65536,-2,65535,0
14870,0,-1,-65536,-65536,0,65535,0
14871,0,32768,-65536,-65536,-32769,65535,0
14872,0,-32768,-65536,-65536,32767,65535,0
14873,0,65535,-65536,-65536,-65536,65535,0
14874,0,-65536,-65536,-65536,65535,65535,0
14875,0,0,0,36366,0,0,1
14876,0,1,0,36366,0,1,1
14877,0,-1,0,36366,0,-1,1
14878,0,32768,0,36366,-5623,32282,1
14879,0,-32768,0,36366,5623,-32282,1
14880,0,65535,0,36366,-11246,64563,1
14881,0,-65536,0,36366,11246,-64564,1
14882,0,0,1,36366,-1,0,1
14883,0,1,1,36366,-1,1,1
14884,0,-1,1,36366,-1,-1,1
14885,0,32768,1,36366,-5624,32282,1
14886,0,-32768,1,36366,5622,-32282,1
14887,0,65535,1,36366,-11247,64563,1
14888,0,-65536,1,36366,11245,-64564,1
14889,0,0,-1,36366,1,0,1
14890,0,1,-1,36366,1,1,1
14891,0,-1,-1,36366,1,-1,1
14892,0,32768,-1,36366,-5622,32282,1
14893,0,-32768,-1,36366,5624,-32282,1
14894,0,65535,-1,36366,-11245,64563,1
14895,0,-65536,-1,36366,11247,-64564,1
14896,0,0,32768,36366,-32282,-5623,1
14897,0,1,32768,36366,-32282,-5622,1
14898,0,-1,32768,36366,-32282,-5624,1
14899,0,32768,32768,36366,-37905,26659,1
14900,0,-32768,32768,36366,-26659,-37905,1
14901,0,65535,32768,36366,-43528,58940,1
14902,0,-65536,32768,36366,-21036,-65536,1
14903,0,0,-32768,36366,32282,5623,1
14904,0,1,-32768,36366,32282,5624,1
14905,0,-1,-32768,36366,32282,5622,1
14906,0,32768,-32768,36366,26659,37905,1
14907,0,-32768,-32768,36366,37905,-26659,1
14908,0,65535,-32768,36366,21036,65535,1
14909,0,-65536,-32768,36366,43528,-58941,1
14910,0,0,65535,36366,-64563,-11245,1
14911,0,1,65535,36366,-64563,-11244,1
14912,0,-1,65535,36366,-64563,-11246,1
14913,0,32768,65535,36366,-65536,21037,1
14914,0,-32768,65535,36366,-58940,-43527,1
14915,0,65535,65535,36366,-65536,53318,1
14916,0,-65536,65535,36366,-53317,-65536,1
14917,0,0,-65536,36366,64564,11246,1
14918,0,1,-65536,36366,64564,11247,1
14919,0,-1,-65536,36366,64564,11245,1
14920,0,32768,-65536,36366,58941,43528,1
14921,0,-32768,-65536,36366,65535,-21036,1
14922,0,65535,-65536,36366,53318,65535,1
14923,0,-65536,-65536,36366,65535,-53318,1
14924,0,0,0,-36366,0,0,-1
14925,0,1,0,-36366,0,-1,-1
14926,0,-1,0,-36366,0,1,-1
14927,0,32768,0,-36366,-5623,-32282,-1
14928,0,-32768,0,-36366,5623,32282,-1
14929,0,65535,0,-36366,-11245,-64563,-1
14930,0,-65536,0,-36366,11246,64564,-1
14931,0,0,1,-36366,1,0,-1
14932,0,1,1,-36366,1,-1,-1
14933,0,-1,1,-36366,1,1,-1
14934,0,32768,1,-36366,-5622,-32282,-1
14935,0,-32768,1,-36366,5624,32282,-1
14936,0,65535,1,-36366,-11244,-64563,-1
14937,0,-65536,1,-36366,11247,64564,-1
14938,0,0,-1,-36366,-1,0,-1
14939,0,1,-1,-36366,-1,-1,-1
14940,0,-1,-1,-36366,-1,1,-1
14941,0,32768,-1,-36366,-5624,-32282,-1
14942,0,-32768,-1,-36366,5622,32282,-1
14943,0,65535,-1,-36366,-11246,-64563,-1
14944,0,-65536,-1,-36366,11245,64564,-1
14945,0,0,32768,-36366,32282,-5623,-1
14946,0,1,32768,-36366,32282,-5624,-1
14947,0,-1,32768,-36366,32282,-5622,-1
14948,0,32768,32768,-36366,26659,-37905,-1
14949,0,-32768,32768,-36366,37905,26659,-1
14950,0,65535,32768,-36366,21037,-65536,-1
14951,0,-65536,32768,-36366,43528,58941,-1
14952,0,0,-32768,-36366,-32282,5623,-1
14953,0,1,-32768,-36366,-32282,5622,-1
14954,0,-1,-32768,-36366,-32282,5624,-1
14955,0,32768,-32768,-36366,-37905,-26659,-1
14956,0,-32768,-32768,-36366,-26659,37905,-1
14957,0,65535,-32768,-36366,-43527,-58940,-1
14958,0,-65536,-32768,-36366,-21036,65535,-1
14959,0,0,65535,-36366,64563,-11246,-1
14960,0,1,65535,-36366,64563,-11247,-1
14961,0,-1,65535,-36366,64563,-11245,-1
14962,0,32768,65535,-36366,58940,-43528,-1
14963,0,-32768,65535,-36366,65535,21036,-1
14964,0,65535,65535,-36366,53318,-65536,-1
14965,0,-65536,65535,-36366,65535,53318,-1
14966,0,0,-65536,-36366,-64564,11246,-1
14967,0,1,-65536,-36366,-64564,11245,-1
14968,0,-1,-65536,-36366,-64564,11247,-1
14969,0,32768,-65536,-36366,-65536,-21036,-1
14970,0,-32768,-65536,-36366,-58941,43528,-1
14971,0,65535,-65536,-36366,-65536,-53317,-1
14972,0,-65536,-65536,-36366,-53318,65535,-1
14973,1,0,0,0,0,0,36365
14974,1,1,0,0,2,0,-993
14975,1,-1,0,0,2,0,-64544
14976,1,32768,0,0,32768,0,0
14977,1,-32768,0,0,32768,0,-65536
14978,1,65535,0,0,65535,-1,0
14979,1,-65536,0,0,65535,1,-65536
14980,1,0,1,0,2,0,33760
14981,1,1,1,0,2,0,15747
14982,1,-1,1,0,2,0,48515
14983,1,32768,1,0,32768,1,0
14984,1,-32768,1,0,32768,-1,-65536
14985,1,65535,1,0,65535,0,0
14986,1,-65536,1,0,65535,0,-65536
14987,1,0,-1,0,2,0,-33761
14988,1,1,-1,0,2,0,-17021
14989,1,-1,-1,0,2,0,-49789
14990,1,32768,-1,0,32768,-1,0
14991,1,-32768,-1,0,32768,1,-65536
14992,1,65535,-1,0,65535,0,0
14993,1,-65536,-1,0,65535,0,-65536
14994,1,0,32768,0,32768,0,32768
14995,1,1,32768,0,32768,-1,32768
14996,1,-1,32768,0,32768,1,32768
14997,1,32768,32768,0,46341,1,16384
14998,1,-32768,32768,0,46341,1,49152
14999,1,65535,32768,0,65535,4,9671
15000,1,-65536,32768,0,65535,-3,55865
15001,1,0,-32768,0,32768,0,-32768
15002,1,1,-32768,0,32768,1,-32768
15003,1,-1,-32768,0,32768,-1,-32768
15004,1,32768,-32768,0,46341,1,-16384
15005,1,-32768,-32768,0,46341,1,-49152
15006,1,65535,-32768,0,65535,-3,-9671
15007,1,-65536,-32768,0,65535,3,-55865
15008,1,0,65535,0,65535,1,32768
15009,1,1,65535,0,65535,0,32768
15010,1,-1,65535,0,65535,0,32768
15011,1,32768,65535,0,65535,-3,23097
15012,1,-32768,65535,0,65535,4,42439
15013,1,65535,65535,0,65535,1,16384
15014,1,-65536,65535,0,65535,2,49152
15015,1,0,-65536,0,65535,-1,-32768
15016,1,1,-65536,0,65535,0,-32768
15017,1,-1,-65536,0,65535,0,-32768
15018,1,32768,-65536,0,65535,3,-23097
15019,1,-32768,-65536,0,65535,-3,-42439
15020,1,65535,-65536,0,65535,-2,-16384
15021,1,-65536,-65536,0,65535,1,-49152
15022,1,0,0,1,0,0,36366
15023,1,1,0,1,2,0,-992
15024,1,-1,0,1,2,0,-64543
15025,1,32768,0,1,32768,0,1
15026,1,-32768,0,1,32768,0,-65535
15027,1,65535,0,1,65535,-1,1
15028,1,-65536,0,1,65535,1,-65535
15029,1,0,1,1,2,0,33761
15030,1,1,1,1,2,0,15748
15031,1,-1,1,1,2,0,48516
15032,1,32768,1,1,32768,1,1
15033,1,-32768,1,1,32768,-1,-65535
15034,1,65535,1,1,65535,0,1
15035,1,-65536,1,1,65535,0,-65535
15036,1,0,-1,1,2,0,-33760
15037,1,1,-1,1,2,0,-17020
15038,1,-1,-1,1,2,0,-49788
15039,1,32768,-1,1,32768,-1,1
15040,1,-32768,-1,1,32768,1,-65535
15041,1,65535,-1,1,65535,0,1
15042,1,-65536,-1,1,65535,0,-65535
15043,1,0,32768,1,32768,0,32769
15044,1,1,32768,1,32768,-1,32769
15045,1,-1,32768,1,32768,1,32769
15046,1,32768,32768,1,46341,1,16385
15047,1,-32768,32768,1,46341,1,49153
15048,1,65535,32768,1,65535,4,9672
15049,1,-65536,32768,1,65535,-3,55866
15050,1,0,-32768,1,32768,0,-32767
15051,1,1,-32768,1,32768,1,-32767
15052,1,-1,-32768,1,32768,-1,-32767
15053,1,32768,-32768,1,46341,1,-16383
15054,1,-32768,-32768,1,46341,1,-49151
15055,1,65535,-32768,1,65535,-3,-9670
15056,1,-65536,-32768,1,65535,3,-55864
15057,1,0,65535,1,65535,1,32769
15058,1,1,65535,1,65535,0,32769
15059,1,-1,65535,1,65535,0,32769
15060,1,32768,65535,1,65535,-3,23098
15061,1,-32768,65535,1,65535,4,42440
15062,1,65535,65535,1,65535,1,16385
15063,1,-65536,65535,1,65535,2,49153
15064,1,0,-65536,1,65535,-1,-32767
15065,1,1,-65536,1,65535,0,-32767
15066,1,-1,-65536,1,65535,0,-32767
15067,1,32768,-65536,1,65535,3,-23096
15068,1,-32768,-65536,1,65535,-3,-42438
15069,1,65535,-65536,1,65535,-2,-16383
15070,1,-65536,-65536,1,65535,1,-49151
15071,1,0,0,-1,0,0,36364
15072,1,1,0,-1,2,0,-994
15073,1,-1,0,-1,2,0,-64545
15074,1,32768,0,-1,32768,0,-1
15075,1,-32768,0,-1,32768,0,65535
15076,1,65535,0,-1,65535,-1,-1
15077,1,-65536,0,-1,65535,1,65535
15078,1,0,1,-1,2,0,33759
15079,1,1,1,-1,2,0,15746
15080,1,-1,1,-1,2,0,48514
15081,1,32768,1,-1,32768,1,-1
15082,1,-32768,1,-1,32768,-1,65535
15083,1,65535,1,-1,65535,0,-1
15084,1,-65536,1,-1,65535,0,65535
15085,1,0,-1,-1,2,0,-33762
15086,1,1,-1,-1,2,0,-17022
15087,1,-1,-1,-1,2,0,-49790
15088,1,32768,-1,-1,32768,-1,-1
15089,1,-32768,-1,-1,32768,1,65535
15090,1,65535,-1,-1,65535,0,-1
15091,1,-65536,-1,-1,65535,0,65535
15092,1,0,32768,-1,32768,0,32767
15093,1,1,32768,-1,32768,-1,32767
15094,1,-1,32768,-1,32768,1,32767
15095,1,32768,32768,-1,46341,1,16383
15096,1,-32768,32768,-1,46341,1,49151
15097,1,65535,32768,-1,65535,4,9670
15098,1,-65536,32768,-1,65535,-3,55864
15099,1,0,-32768,-1,32768,0,-32769
15100,1,1,-32768,-1,32768,1,-32769
15101,1,-1,-32768,-1,32768,-1,-32769
15102,1,32768,-32768,-1,46341,1,-16385
15103,1,-32768,-32768,-1,46341,1,-49153
15104,1,65535,-32768,-1,65535,-3,-9672
15105,1,-65536,-32768,-1,65535,3,-55866
15106,1,0,65535,-1,65535,1,32767
15107,1,1,65535,-1,65535,0,32767
15108,1,-1,65535,-1,65535,0,32767
15109,1,32768,65535,-1,65535,-3,23096
15110,1,-32768,65535,-1,65535,4,42438
15111,1,65535,65535,-1,65535,1,16383
15112,1,-65536,65535,-1,65535,2,49151
15113,1,0,-65536,-1,65535,-1,-32769
15114,1,1,-65536,-1,65535,0,-32769
15115,1,-1,-65536,-1,65535,0,-32769
15116,1,32768,-65536,-1,65535,3,-23098
15117,1,-32768,-65536,-1,65535,-3,-42440
15118,1,65535,-65536,-1,65535,-2,-16385
15119,1,-65536,-65536,-1,65535,1,-49153
15120,1,0,0,32768,0,0,-61939
15121,1,1,0,32768,2,0,31775
15122,1,-1,0,32768,2,0,-31776
15123,1,32768,0,32768,32768,0,32768
15124,1,-32768,0,32768,32768,0,-32768
15125,1,65535,0,32768,65535,-1,32768
15126,1,-65536,0,32768,65535,1,-32768
15127,1,0,1,32768,2,0,-64544
15128,1,1,1,32768,2,0,48515
15129,1,-1,1,32768,2,0,-49789
15130,1,32768,1,32768,32768,1,32768
15131,1,-32768,1,32768,32768,-1,-32768
15132,1,65535,1,32768,65535,0,32768
15133,1,-65536,1,32768,65535,0,-32768
15134,1,0,-1,32768,2,0,-993
15135,1,1,-1,32768,2,0,15747
15136,1,-1,-1,32768,2,0,-17021
15137,1,32768,-1,32768,32768,-1,32768
15138,1,-32768,-1,32768,32768,1,-32768
15139,1,65535,-1,32768,65535,0,32768
15140,1,-65536,-1,32768,65535,0,-32768
15141,1,0,32768,32768,32768,0,-65536
15142,1,1,32768,32768,32768,-1,-65536
15143,1,-1,32768,32768,32768,1,-65536
15144,1,32768,32768,32768,46341,1,49152
15145,1,-32768,32768,32768,46341,1,-49152
15146,1,65535,32768,32768,65535,4,42439
15147,1,-65536,32768,32768,65535,-3,-42439
15148,1,0,-32768,32768,32768,0,0
15149,1,1,-32768,32768,32768,1,0
15150,1,-1,-32768,32768,32768,-1,0
15151,1,32768,-32768,32768,46341,1,16384
15152,1,-32768,-32768,32768,46341,1,-16384
15153,1,65535,-32768,32768,65535,-3,23097
15154,1,-65536,-32768,32768,65535,3,-23097
15155,1,0,65535,32768,65535,1,-65536
15156,1,1,65535,32768,65535,0,-65536
15157,1,-1,65535,32768,65535,0,-65536
15158,1,32768,65535,32768,65535,-3,55865
15159,1,-32768,65535,32768,65535,4,-55865
15160,1,65535,65535,32768,65535,1,49152
15161,1,-65536,65535,32768,65535,2,-49152
15162,1,0,-65536,32768,65535,-1,0
15163,1,1,-65536,32768,65535,0,0
15164,1,-1,-65536,32768,65535,0,0
15165,1,32768,-65536,32768,65535,3,9671
15166,1,-32768,-65536,32768,65535,-3,-9671
15167,1,65535,-65536,32768,65535,-2,16384
15168,1,-65536,-65536,32768,65535,1,-16384
15169,1,0,0,32767,0,0,-61940
15170,1,1,0,32767,2,0,31774
15171,1,-1,0,32767,2,0,-31777
15172,1,32768,0,32767,32768,0,32767
15173,1,-32768,0,32767,32768,0,-32769
15174,1,65535,0,32767,65535,-1,32767
15175,1,-65536,0,32767,65535,1,-32769
15176,1,0,1,32767,2,0,-64545
15177,1,1,1,32767,2,0,48514
15178,1,-1,1,32767,2,0,-49790
15179,1,32768,1,32767,32768,1,32767
15180,1,-32768,1,32767,32768,-1,-32769
15181,1,65535,1,32767,65535,0,32767
15182,1,-65536,1,32767,65535,0,-32769
15183,1,0,-1,32767,2,0,-994
15184,1,1,-1,32767,2,0,15746
15185,1,-1,-1,32767,2,0,-17022
15186,1,32768,-1,32767,32768,-1,32767
15187,1,-32768,-1,32767,32768,1,-32769
15188,1,65535,-1,32767,65535,0,32767
15189,1,-65536,-1,32767,65535,0,-32769
15190,1,0,32768,32767,32768,0,65535
15191,1,1,32768,32767,32768,-1,65535
15192,1,-1,32768,32767,32768,1,65535
15193,1,32768,32768,32767,46341,1,49151
15194,1,-32768,32768,32767,46341,1,-49153
15195,1,65535,32768,32767,65535,4,42438
15196,1,-65536,32768,32767,65535,-3,-42440
15197,1,0,-32768,32767,32768,0,-1
15198,1,1,-32768,32767,32768,1,-1
15199,1,-1,-32768,32767,32768,-1,-1
15200,1,32768,-32768,32767,46341,1,16383
15201,1,-32768,-32768,32767,46341,1,-16385
15202,1,65535,-32768,32767,65535,-3,23096
15203,1,-65536,-32768,32767,65535,3,-23098
15204,1,0,65535,32767,65535,1,65535
15205,1,1,65535,32767,65535,0,65535
15206,1,-1,65535,32767,65535,0,65535
15207,1,32768,65535,32767,65535,-3,55864
15208,1,-32768,65535,32767,65535,4,-55866
15209,1,65535,65535,32767,65535,1,49151
15210,1,-65536,65535,32767,65535,2,-49153
15211,1,0,-65536,32767,65535,-1,-1
15212,1,1,-65536,32767,65535,0,-1
15213,1,-1,-65536,32767,65535,0,-1
15214,1,32768,-65536,32767,65535,3,9670
15215,1,-32768,-65536,32767,65535,-3,-9672
15216,1,65535,-65536,32767,65535,-2,16383
15217,1,-65536,-65536,32767,65535,1,-16385
15218,1,0,0,32769,0,0,-61938
15219,1,1,0,32769,2,0,31776
15220,1,-1,0,32769,2,0,-31775
15221,1,32768,0,32769,32768,0,32769
15222,1,-32768,0,32769,32768,0,-32767
15223,1,65535,0,32769,65535,-1,32769
15224,1,-65536,0,32769,65535,1,-32767
15225,1,0,1,32769,2,0,-64543
15226,1,1,1,32769,2,0,48516
15227,1,-1,1,32769,2,0,-49788
15228,1,32768,1,32769,32768,1,32769
15229,1,-32768,1,32769,32768,-1,-32767
15230,1,65535,1,32769,65535,0,32769
15231,1,-65536,1,32769,65535,0,-32767
15232,1,0,-1,32769,2,0,-992
15233,1,1,-1,32769,2,0,15748
15234,1,-1,-1,32769,2,0,-17020
15235,1,32768,-1,32769,32768,-1,32769
15236,1,-32768,-1,32769,32768,1,-32767
15237,1,65535,-1,32769,65535,0,32769
15238,1,-65536,-1,32769,65535,0,-32767
15239,1,0,32768,32769,32768,0,-65535
15240,1,1,32768,32769,32768,-1,-65535
15241,1,-1,32768,32769,32768,1,-65535
15242,1,32768,32768,32769,46341,1,49153
15243,1,-32768,32768,32769,46341,1,-49151
15244,1,65535,32768,32769,65535,4,42440
15245,1,-65536,32768,32769,65535,-3,-42438
15246,1,0,-32768,32769,32768,0,1
15247,1,1,-32768,32769,32768,1,1
15248,1,-1,-32768,32769,32768,-1,1
15249,1,32768,-32768,32769,46341,1,16385
15250,1,-32768,-32768,32769,46341,1,-16383
15251,1,65535,-32768,32769,65535,-3,23098
15252,1,-65536,-32768,32769,65535,3,-23096
15253,1,0,65535,32769,65535,1,-65535
15254,1,1,65535,32769,65535,0,-65535
15255,1,-1,65535,32769,65535,0,-65535
15256,1,32768,65535,32769,65535,-3,55866
15257,1,-32768,65535,32769,65535,4,-55864
15258,1,65535,65535,32769,65535,1,49153
15259,1,-65536,65535,32769,65535,2,-49151
15260,1,0,-65536,32769,65535,-1,1
15261,1,1,-65536,32769,65535,0,1
15262,1,-1,-65536,32769,65535,0,1
15263,1,32768,-65536,32769,65535,3,9672
15264,1,-32768,-65536,32769,65535,-3,-9670
15265,1,65535,-65536,32769,65535,-2,16385
15266,1,-65536,-65536,32769,65535,1,-16383
15267,1,0,0,-32768,0,0,3597
15268,1,1,0,-32768,2,0,-33761
15269,1,-1,0,-32768,2,0,33760
15270,1,32768,0,-32768,32768,0,-32768
15271,1,-32768,0,-32768,32768,0,32768
15272,1,65535,0,-32768,65535,-1,-32768
15273,1,-65536,0,-32768,65535,1,32768
15274,1,0,1,-32768,2,0,992
15275,1,1,1,-32768,2,0,-17021
15276,1,-1,1,-32768,2,0,15747
15277,1,32768,1,-32768,32768,1,-32768
15278,1,-32768,1,-32768,32768,-1,32768
15279,1,65535,1,-32768,65535,0,-32768
15280,1,-65536,1,-32768,65535,0,32768
15281,1,0,-1,-32768,2,0,64543
15282,1,1,-1,-32768,2,0,-49789
15283,1,-1,-1,-32768,2,0,48515
15284,1,32768,-1,-32768,32768,-1,-32768
15285,1,-32768,-1,-32768,32768,1,32768
15286,1,65535,-1,-32768,65535,0,-32768
15287,1,-65536,-1,-32768,65535,0,32768
15288,1,0,32768,-32768,32768,0,0
15289,1,1,32768,-32768,32768,-1,0
15290,1,-1,32768,-32768,32768,1,0
15291,1,32768,32768,-32768,46341,1,-16384
15292,1,-32768,32768,-32768,46341,1,16384
15293,1,65535,32768,-32768,65535,4,-23097
15294,1,-65536,32768,-32768,65535,-3,23097
15295,1,0,-32768,-32768,32768,0,-65536
15296,1,1,-32768,-32768,32768,1,-65536
15297,1,-1,-32768,-32768,32768,-1,-65536
15298,1,32768,-32768,-32768,46341,1,-49152
15299,1,-32768,-32768,-32768,46341,1,49152
15300,1,65535,-32768,-32768,65535,-3,-42439
15301,1,-65536,-32768,-32768,65535,3,42439
15302,1,0,65535,-32768,65535,1,0
15303,1,1,65535,-32768,65535,0,0
15304,1,-1,65535,-32768,65535,0,0
15305,1,32768,65535,-32768,65535,-3,-9671
15306,1,-32768,65535,-32768,65535,4,9671
15307,1,65535,65535,-32768,65535,1,-16384
15308,1,-65536,65535,-32768,65535,2,16384
15309,1,0,-65536,-32768,65535,-1,-65536
15310,1,1,-65536,-32768,65535,0,-65536
15311,1,-1,-65536,-32768,65535,0,-65536
15312,1,32768,-65536,-32768,65535,3,-55865
15313,1,-32768,-65536,-32768,65535,-3,55865
15314,1,65535,-65536,-32768,65535,-2,-49152
15315,1,-65536,-65536,-32768,65535,1,49152
15316,1,0,0,-32769,0,0,3596
15317,1,1,0,-32769,2,0,-33762
15318,1,-1,0,-32769,2,0,33759
15319,1,32768,0,-32769,32768,0,-32769
15320,1,-32768,0,-32769,32768,0,32767
15321,1,65535,0,-32769,65535,-1,-32769
15322,1,-65536,0,-32769,65535,1,32767
15323,1,0,1,-32769,2,0,991
15324,1,1,1,-32769,2,0,-17022
15325,1,-1,1,-32769,2,0,15746
15326,1,32768,1,-32769,32768,1,-32769
15327,1,-32768,1,-32769,32768,-1,32767
15328,1,65535,1,-32769,65535,0,-32769
15329,1,-65536,1,-32769,65535,0,32767
15330,1,0,-1,-32769,2,0,64542
15331,1,1,-1,-32769,2,0,-49790
15332,1,-1,-1,-32769,2,0,48514
15333,1,32768,-1,-32769,32768,-1,-32769
15334,1,-32768,-1,-32769,32768,1,32767
15335,1,65535,-1,-32769,65535,0,-32769
15336,1,-65536,-1,-32769,65535,0,32767
15337,1,0,32768,-32769,32768,0,-1
15338,1,1,32768,-32769,32768,-1,-1
15339,1,-1,32768,-32769,32768,1,-1
15340,1,32768,32768,-32769,46341,1,-16385
15341,1,-32768,32768,-32769,46341,1,16383
15342,1,65535,32768,-32769,65535,4,-23098
15343,1,-65536,32768,-32769,65535,-3,23096
15344,1,0,-32768,-32769,32768,0,65535
15345,1,1,-32768,-32769,32768,1,65535
15346,1,-1,-32768,-32769,32768,-1,65535
15347,1,32768,-32768,-32769,46341,1,-49153
15348,1,-32768,-32768,-32769,46341,1,49151
15349,1,65535,-32768,-32769,65535,-3,-42440
15350,1,-65536,-32768,-32769,65535,3,42438
15351,1,0,65535,-32769,65535,1,-1
15352,1,1,65535,-32769,65535,0,-1
15353,1,-1,65535,-32769,65535,0,-1
15354,1,32768,65535,-32769,65535,-3,-9672
15355,1,-32768,65535,-32769,65535,4,9670
15356,1,65535,65535,-32769,65535,1,-16385
15357,1,-65536,65535,-32769,65535,2,16383
15358,1,0,-65536,-32769,65535,-1,65535
15359,1,1,-65536,-32769,65535,0,65535
15360,1,-1,-65536,-32769,65535,0,65535
15361,1,32768,-65536,-32769,65535,3,-55866
15362,1,-32768,-65536,-32769,65535,-3,55864
15363,1,65535,-65536,-32769,65535,-2,-49153
15364,1,-65536,-65536,-32769,65535,1,49151
15365,1,0,0,-32767,0,0,3598
15366,1,1,0,-32767,2,0,-33760
15367,1,-1,0,-32767,2,0,33761
15368,1,32768,0,-32767,32768,0,-32767
15369,1,-32768,0,-32767,32768,0,32769
15370,1,65535,0,-32767,65535,-1,-32767
15371,1,-65536,0,-32767,65535,1,32769
15372,1,0,1,-32767,2,0,993
15373,1,1,1,-32767,2,0,-17020
15374,1,-1,1,-32767,2,0,15748
15375,1,32768,1,-32767,32768,1,-32767
15376,1,-32768,1,-32767,32768,-1,32769
15377,1,65535,1,-32767,65535,0,-32767
15378,1,-65536,1,-32767,65535,0,32769
15379,1,0,-1,-32767,2,0,64544
15380,1,1,-1,-32767,2,0,-49788
15381,1,-1,-1,-32767,2,0,48516
15382,1,32768,-1,-32767,32768,-1,-32767
15383,1,-32768,-1,-32767,32768,1,32769
15384,1,65535,-1,-32767,65535,0,-32767
15385,1,-65536,-1,-32767,65535,0,32769
15386,1,0,32768,-32767,32768,0,1
15387,1,1,32768,-32767,32768,-1,1
15388,1,-1,32768,-32767,32768,1,1
15389,1,32768,32768,-32767,46341,1,-16383
15390,1,-32768,32768,-32767,46341,1,16385
15391,1,65535,32768,-32767,65535,4,-23096
15392,1,-65536,32768,-32767,65535,-3,23098
15393,1,0,-32768,-32767,32768,0,-65535
15394,1,1,-32768,-32767,32768,1,-65535
15395,1,-1,-32768,-32767,32768,-1,-65535
15396,1,32768,-32768,-32767,46341,1,-49151
15397,1,-32768,-32768,-32767,46341,1,49153
15398,1,65535,-32768,-32767,65535,-3,-42438
15399,1,-65536,-32768,-32767,65535,3,42440
15400,1,0,65535,-32767,65535,1,1
15401,1,1,65535,-32767,65535,0,1
15402,1,-1,65535,-32767,65535,0,1
15403,1,32768,65535,-32767,65535,-3,-9670
15404,1,-32768,65535,-32767,65535,4,9672
15405,1,65535,65535,-32767,65535,1,-16383
15406,1,-65536,65535,-32767,65535,2,16385
15407,1,0,-65536,-32767,65535,-1,-65535
15408,1,1,-65536,-32767,65535,0,-65535
15409,1,-1,-65536,-32767,65535,0,-65535
15410,1,32768,-65536,-32767,65535,3,-55864
15411,1,-32768,-65536,-32767,65535,-3,55866
15412,1,65535,-65536,-32767,65535,-2,-49151
15413,1,-65536,-65536,-32767,65535,1,49153
15414,1,0,0,65535,0,0,-29172
15415,1,1,0,65535,2,0,64542
15416,1,-1,0,65535,2,0,991
15417,1,32768,0,65535,32768,0,65535
15418,1,-32768,0,65535,32768,0,-1
15419,1,65535,0,65535,65535,-1,65535
15420,1,-65536,0,65535,65535,1,-1
15421,1,0,1,65535,2,0,-31777
15422,1,1,1,65535,2,0,-49790
15423,1,-1,1,65535,2,0,-17022
15424,1,32768,1,65535,32768,1,65535
15425,1,-32768,1,65535,32768,-1,-1
15426,1,65535,1,65535,65535,0,65535
15427,1,-65536,1,65535,65535,0,-1
15428,1,0,-1,65535,2,0,31774
15429,1,1,-1,65535,2,0,48514
15430,1,-1,-1,65535,2,0,15746
15431,1,32768,-1,65535,32768,-1,65535
15432,1,-32768,-1,65535,32768,1,-1
15433,1,65535,-1,65535,65535,0,65535
15434,1,-65536,-1,65535,65535,0,-1
15435,1,0,32768,65535,32768,0,-32769
15436,1,1,32768,65535,32768,-1,-32769
15437,1,-1,32768,65535,32768,1,-32769
15438,1,32768,32768,65535,46341,1,-49153
15439,1,-32768,32768,65535,46341,1,-16385
15440,1,65535,32768,65535,65535,4,-55866
15441,1,-65536,32768,65535,65535,-3,-9672
15442,1,0,-32768,65535,32768,0,32767
15443,1,1,-32768,65535,32768,1,32767
15444,1,-1,-32768,65535,32768,-1,32767
15445,1,32768,-32768,65535,46341,1,49151
15446,1,-32768,-32768,65535,46341,1,16383
15447,1,65535,-32768,65535,65535,-3,55864
15448,1,-65536,-32768,65535,65535,3,9670
15449,1,0,65535,65535,65535,1,-32769
15450,1,1,65535,65535,65535,0,-32769
15451,1,-1,65535,65535,65535,0,-32769
15452,1,32768,65535,65535,65535,-3,-42440
15453,1,-32768,65535,65535,65535,4,-23098
15454,1,65535,65535,65535,65535,1,-49153
15455,1,-65536,65535,65535,65535,2,-16385
15456,1,0,-65536,65535,65535,-1,32767
15457,1,1,-65536,65535,65535,0,32767
15458,1,-1,-65536,65535,65535,0,32767
15459,1,32768,-65536,65535,65535,3,42438
15460,1,-32768,-65536,65535,65535,-3,23096
15461,1,65535,-65536,65535,65535,-2,49151
15462,1,-65536,-65536,65535,65535,1,16383
15463,1,0,0,-65536,0,0,-29171
15464,1,1,0,-65536,2,0,64543
15465,1,-1,0,-65536,2,0,992
15466,1,32768,0,-65536,32768,0,-65536
15467,1,-32768,0,-65536,32768,0,0
15468,1,65535,0,-65536,65535,-1,-65536
15469,1,-65536,0,-65536,65535,1,0
15470,1,0,1,-65536,2,0,-31776
15471,1,1,1,-65536,2,0,-49789
15472,1,-1,1,-65536,2,0,-17021
15473,1,32768,1,-65536,32768,1,-65536
15474,1,-32768,1,-65536,32768,-1,0
15475,1,65535,1,-65536,65535,0,-65536
15476,1,-65536,1,-65536,65535,0,0
15477,1,0,-1,-65536,2,0,31775
15478,1,1,-1,-65536,2,0,48515
15479,1,-1,-1,-65536,2,0,15747
15480,1,32768,-1,-65536,32768,-1,-65536
15481,1,-32768,-1,-65536,32768,1,0
15482,1,65535,-1,-65536,65535,0,-65536
15483,1,-65536,-1,-65536,65535,0,0
15484,1,0,32768,-65536,32768,0,-32768
15485,1,1,32768,-65536,32768,-1,-32768
15486,1,-1,32768,-65536,32768,1,-32768
15487,1,32768,32768,-65536,46341,1,-49152
15488,1,-32768,32768,-65536,46341,1,-16384
15489,1,65535,32768,-65536,65535,4,-55865
15490,1,-65536,32768,-65536,65535,-3,-9671
15491,1,0,-32768,-65536,32768,0,32768
15492,1,1,-32768,-65536,32768,1,32768
15493,1,-1,-32768,-65536,32768,-1,32768
15494,1,32768,-32768,-65536,46341,1,49152
15495,1,-32768,-32768,-65536,46341,1,16384
15496,1,65535,-32768,-65536,65535,-3,55865
15497,1,-65536,-32768,-65536,65535,3,9671
15498,1,0,65535,-65536,65535,1,-32768
15499,1,1,65535,-65536,65535,0,-32768
15500,1,-1,65535,-65536,65535,0,-32768
15501,1,32768,65535,-65536,65535,-3,-42439
15502,1,-32768,65535,-65536,65535,4,-23097
15503,1,65535,65535,-65536,65535,1,-49152
15504,1,-65536,65535,-65536,65535,2,-16384
15505,1,0,-65536,-65536,65535,-1,32768
15506,1,1,-65536,-65536,65535,0,32768
15507,1,-1,-65536,-65536,65535,0,32768
15508,1,32768,-65536,-65536,65535,3,42439
15509,1,-32768,-65536,-65536,65535,-3,23097
15510,1,65535,-65536,-65536,65535,-2,49152
15511,1,-65536,-65536,-65536,65535,1,16384
15512,1,0,0,36366,0,0,-58341
15513,1,1,0,36366,2,0,35373
15514,1,-1,0,36366,2,0,-28178
15515,1,32768,0,36366,32768,0,36366
15516,1,-32768,0,36366,32768,0,-29170
15517,1,65535,0,36366,65535,-1,36366
15518,1,-65536,0,36366,65535,1,-29170
15519,1,0,1,36366,2,0,-60946
15520,1,1,1,36366,2,0,52113
15521,1,-1,1,36366,2,0,-46191
15522,1,32768,1,36366,32768,1,36366
15523,1,-32768,1,36366,32768,-1,-29170
15524,1,65535,1,36366,65535,0,36366
15525,1,-65536,1,36366,65535,0,-29170
15526,1,0,-1,36366,2,0,2605
15527,1,1,-1,36366,2,0,19345
15528,1,-1,-1,36366,2,0,-13423
15529,1,32768,-1,36366,32768,-1,36366
15530,1,-32768,-1,36366,32768,1,-29170
15531,1,65535,-1,36366,65535,0,36366
15532,1,-65536,-1,36366,65535,0,-29170
15533,1,0,32768,36366,32768,0,-61938
15534,1,1,32768,36366,32768,-1,-61938
15535,1,-1,32768,36366,32768,1,-61938
15536,1,32768,32768,36366,46341,1,52750
15537,1,-32768,32768,36366,46341,1,-45554
15538,1,65535,32768,36366,65535,4,46037
15539,1,-65536,32768,36366,65535,-3,-38841
15540,1,0,-32768,36366,32768,0,3598
15541,1,1,-32768,36366,32768,1,3598
15542,1,-1,-32768,36366,32768,-1,3598
15543,1,32768,-32768,36366,46341,1,19982
15544,1,-32768,-32768,36366,46341,1,-12786
15545,1,65535,-32768,36366,65535,-3,26695
15546,1,-65536,-32768,36366,65535,3,-19499
15547,1,0,65535,36366,65535,1,-61938
15548,1,1,65535,36366,65535,0,-61938
15549,1,-1,65535,36366,65535,0,-61938
15550,1,32768,65535,36366,65535,-3,59463
15551,1,-32768,65535,36366,65535,4,-52267
15552,1,65535,65535,36366,65535,1,52750
15553,1,-65536,65535,36366,65535,2,-45554
15554,1,0,-65536,36366,65535,-1,3598
15555,1,1,-65536,36366,65535,0,3598
15556,1,-1,-65536,36366,65535,0,3598
15557,1,32768,-65536,36366,65535,3,13269
15558,1,-32768,-65536,36366,65535,-3,-6073
15559,1,65535,-65536,36366,65535,-2,19982
15560,1,-65536,-65536,36366,65535,1,-12786
15561,1,0,0,-36366,0,0,-1
15562,1,1,0,-36366,2,0,-37359
15563,1,-1,0,-36366,2,0,30162
15564,1,32768,0,-36366,32768,0,-36366
15565,1,-32768,0,-36366,32768,0,29170
15566,1,65535,0,-36366,65535,-1,-36366
15567,1,-65536,0,-36366,65535,1,29170
15568,1,0,1,-36366,2,0,-2606
15569,1,1,1,-36366,2,0,-20619
15570,1,-1,1,-36366,2,0,12149
15571,1,32768,1,-36366,32768,1,-36366
15572,1,-32768,1,-36366,32768,-1,29170
15573,1,65535,1,-36366,65535,0,-36366
15574,1,-65536,1,-36366,65535,0,29170
15575,1,0,-1,-36366,2,0,60945
15576,1,1,-1,-36366,2,0,-53387
15577,1,-1,-1,-36366,2,0,44917
15578,1,32768,-1,-36366,32768,-1,-36366
15579,1,-32768,-1,-36366,32768,1,29170
15580,1,65535,-1,-36366,65535,0,-36366
15581,1,-65536,-1,-36366,65535,0,29170
15582,1,0,32768,-36366,32768,0,-3598
15583,1,1,32768,-36366,32768,-1,-3598
15584,1,-1,32768,-36366,32768,1,-3598
15585,1,32768,32768,-36366,46341,1,-19982
15586,1,-32768,32768,-36366,46341,1,12786
15587,1,65535,32768,-36366,65535,4,-26695
15588,1,-65536,32768,-36366,65535,-3,19499
15589,1,0,-32768,-36366,32768,0,61938
15590,1,1,-32768,-36366,32768,1,61938
15591,1,-1,-32768,-36366,32768,-1,61938
15592,1,32768,-32768,-36366,46341,1,-52750
15593,1,-32768,-32768,-36366,46341,1,45554
15594,1,65535,-32768,-36366,65535,-3,-46037
15595,1,-65536,-32768,-36366,65535,3,38841
15596,1,0,65535,-36366,65535,1,-3598
15597,1,1,65535,-36366,65535,0,-3598
15598,1,-1,65535,-36366,65535,0,-3598
15599,1,32768,65535,-36366,65535,-3,-13269
15600,1,-32768,65535,-36366,65535,4,6073
15601,1,65535,65535,-36366,65535,1,-19982
15602,1,-65536,65535,-36366,65535,2,12786
15603,1,0,-65536,-36366,65535,-1,61938
15604,1,1,-65536,-36366,65535,0,61938
15605,1,-1,-65536,-36366,65535,0,61938
15606,1,32768,-65536,-36366,65535,3,-59463
15607,1,-32768,-65536,-36366,65535,-3,52267
15608,1,65535,-65536,-36366,65535,-2,-52750
15609,1,-65536,-65536,-36366,65535,1,45554
