seq,mode,x,y,z,xo,yo,zo
0,0,32768,0,-65536,-32768,1,0
1,0,32768,0,-65504,-32768,-49,0
2,0,32768,0,-65472,-32768,-101,-1
3,0,32768,0,-65440,-32768,-151,0
4,0,32768,0,-65408,-32767,-201,0
5,0,32768,0,-65376,-32767,-251,0
6,0,32768,0,-65344,-32767,-301,0
7,0,32768,0,-65312,-32766,-351,0
8,0,32768,0,-65280,-32765,-401,0
9,0,32768,0,-65248,-32765,-451,1
10,0,32768,0,-65216,-32764,-503,0
11,0,32768,0,-65184,-32764,-553,0
12,0,32768,0,-65152,-32763,-603,0
13,0,32768,0,-65120,-32762,-653,0
14,0,32768,0,-65088,-32761,-703,1
15,0,32768,0,-65056,-32759,-755,-1
16,0,32768,0,-65024,-32758,-805,0
17,0,32768,0,-64992,-32757,-855,0
18,0,32768,0,-64960,-32755,-905,0
19,0,32768,0,-64928,-32754,-955,0
20,0,32768,0,-64896,-32753,-1005,0
21,0,32768,0,-64864,-32751,-1055,0
22,0,32768,0,-64832,-32749,-1105,1
23,0,32768,0,-64800,-32748,-1157,0
24,0,32768,0,-64768,-32746,-1207,0
25,0,32768,0,-64736,-32744,-1256,0
26,0,32768,0,-64704,-32742,-1306,0
27,0,32768,0,-64672,-32740,-1356,0
28,0,32768,0,-64640,-32738,-1406,0
29,0,32768,0,-64608,-32736,-1456,0
30,0,32768,0,-64576,-32733,-1508,-1
31,0,32768,0,-64544,-32731,-1558,0
32,0,32768,0,-64512,-32729,-1608,0
33,0,32768,0,-64480,-32726,-1658,0
34,0,32768,0,-64448,-32723,-1708,0
35,0,32768,0,-64416,-32721,-1758,0
36,0,32768,0,-64384,-32718,-1808,0
37,0,32768,0,-64352,-32715,-1860,-1
38,0,32768,0,-64320,-32712,-1910,0
39,0,32768,0,-64288,-32709,-1960,0
40,0,32768,0,-64256,-32706,-2010,0
41,0,32768,0,-64224,-32703,-2059,0
42,0,32768,0,-64192,-32700,-2109,0
43,0,32768,0,-64160,-32697,-2159,0
44,0,32768,0,-64128,-32693,-2209,1
45,0,32768,0,-64096,-32690,-2261,-1
46,0,32768,0,-64064,-32686,-2311,0
47,0,32768,0,-64032,-32683,-2361,0
48,0,32768,0,-64000,-32679,-2411,0
49,0,32768,0,-63968,-32675,-2461,0
50,0,32768,0,-63936,-32671,-2510,0
51,0,32768,0,-63904,-32668,-2562,-1
52,0,32768,0,-63872,-32664,-2612,0
53,0,32768,0,-63840,-32660,-2661,0
54,0,32768,0,-63808,-32656,-2711,0
55,0,32768,0,-63776,-32652,-2761,0
56,0,32768,0,-63744,-32647,-2811,0
57,0,32768,0,-63712,-32643,-2861,0
58,0,32768,0,-63680,-32639,-2911,1
59,0,32768,0,-63648,-32634,-2962,0
60,0,32768,0,-63616,-32629,-3012,0
61,0,32768,0,-63584,-32625,-3062,0
62,0,32768,0,-63552,-32620,-3112,0
63,0,32768,0,-63520,-32615,-3162,0
64,0,32768,0,-63488,-32610,-3211,0
65,0,32768,0,-63456,-32606,-3261,0
66,0,32768,0,-63424,-32600,-3313,-1
67,0,32768,0,-63392,-32595,-3363,0
68,0,32768,0,-63360,-32590,-3412,0
69,0,32768,0,-63328,-32585,-3462,0
70,0,32768,0,-63296,-32579,-3512,0
71,0,32768,0,-63264,-32574,-3561,0
72,0,32768,0,-63232,-32569,-3611,0
73,0,32768,0,-63200,-32563,-3663,-1
74,0,32768,0,-63168,-32557,-3712,0
75,0,32768,0,-63136,-32551,-3762,0
76,0,32768,0,-63104,-32546,-3812,0
77,0,32768,0,-63072,-32540,-3862,0
78,0,32768,0,-63040,-32534,-3911,0
79,0,32768,0,-63008,-32528,-3961,0
80,0,32768,0,-62976,-32522,-4011,1
81,0,32768,0,-62944,-32515,-4062,-1
82,0,32768,0,-62912,-32509,-4112,0
83,0,32768,0,-62880,-32503,-4161,0
84,0,32768,0,-62848,-32496,-4211,0
85,0,32768,0,-62816,-32490,-4260,0
86,0,32768,0,-62784,-32483,-4310,0
87,0,32768,0,-62752,-32477,-4359,0
88,0,32768,0,-62720,-32470,-4409,1
89,0,32768,0,-62688,-32463,-4461,-1
90,0,32768,0,-62656,-32456,-4510,0
91,0,32768,0,-62624,-32449,-4559,0
92,0,32768,0,-62592,-32442,-4608,0
93,0,32768,0,-62560,-32436,-4658,1
94,0,32768,0,-62528,-32428,-4709,0
95,0,32768,0,-62496,-32421,-4759,0
96,0,32768,0,-62464,-32413,-4808,0
97,0,32768,0,-62432,-32406,-4858,0
98,0,32768,0,-62400,-32398,-4908,0
99,0,32768,0,-62368,-32391,-4957,0
100,0,32768,0,-62336,-32383,-5006,0
101,0,32768,0,-62304,-32376,-5058,-1
102,0,32768,0,-62272,-32368,-5107,0
103,0,32768,0,-62240,-32360,-5156,0
104,0,32768,0,-62208,-32352,-5206,0
105,0,32768,0,-62176,-32344,-5255,0
106,0,32768,0,-62144,-32336,-5305,0
107,0,32768,0,-62112,-32328,-5354,0
108,0,32768,0,-62080,-32319,-5403,1
109,0,32768,0,-62048,-32311,-5454,-1
110,0,32768,0,-62016,-32303,-5504,0
111,0,32768,0,-61984,-32294,-5553,0
112,0,32768,0,-61952,-32286,-5602,0
113,0,32768,0,-61920,-32277,-5652,0
114,0,32768,0,-61888,-32268,-5701,0
115,0,32768,0,-61856,-32260,-5750,1
116,0,32768,0,-61824,-32251,-5801,-1
117,0,32768,0,-61792,-32242,-5850,0
118,0,32768,0,-61760,-32233,-5899,0
119,0,32768,0,-61728,-32223,-5949,0
120,0,32768,0,-61696,-32214,-5998,0
121,0,32768,0,-61664,-32205,-6047,0
122,0,32768,0,-61632,-32196,-6096,0
123,0,32768,0,-61600,-32187,-6145,1
124,0,32768,0,-61568,-32177,-6196,-1
125,0,32768,0,-61536,-32167,-6245,0
126,0,32768,0,-61504,-32158,-6295,0
127,0,32768,0,-61472,-32148,-6344,0
128,0,32768,0,-61440,-32139,-6393,0
129,0,32768,0,-61408,-32129,-6442,0
130,0,32768,0,-61376,-32119,-6491,0
131,0,32768,0,-61344,-32108,-6542,-1
132,0,32768,0,-61312,-32099,-6590,0
133,0,32768,0,-61280,-32089,-6639,0
134,0,32768,0,-61248,-32078,-6688,0
135,0,32768,0,-61216,-32068,-6737,0
136,0,32768,0,-61184,-32057,-6788,-1
137,0,32768,0,-61152,-32047,-6837,-1
138,0,32768,0,-61120,-32036,-6886,0
139,0,32768,0,-61088,-32026,-6934,0
140,0,32768,0,-61056,-32015,-6983,0
141,0,32768,0,-61024,-32004,-7032,0
142,0,32768,0,-60992,-31994,-7081,0
143,0,32768,0,-60960,-31983,-7130,1
144,0,32768,0,-60928,-31972,-7179,1
145,0,32768,0,-60896,-31960,-7229,0
146,0,32768,0,-60864,-31949,-7278,0
147,0,32768,0,-60832,-31938,-7327,0
148,0,32768,0,-60800,-31927,-7376,0
149,0,32768,0,-60768,-31916,-7424,0
150,0,32768,0,-60736,-31904,-7473,0
151,0,32768,0,-60704,-31893,-7522,0
152,0,32768,0,-60672,-31881,-7572,0
153,0,32768,0,-60640,-31870,-7621,0
154,0,32768,0,-60608,-31858,-7669,0
155,0,32768,0,-60576,-31846,-7718,0
156,0,32768,0,-60544,-31834,-7767,0
157,0,32768,0,-60512,-31822,-7815,0
158,0,32768,0,-60480,-31810,-7864,0
159,0,32768,0,-60448,-31798,-7914,-1
160,0,32768,0,-60416,-31786,-7963,0
161,0,32768,0,-60384,-31774,-8011,0
162,0,32768,0,-60352,-31761,-8060,0
163,0,32768,0,-60320,-31749,-8108,0
164,0,32768,0,-60288,-31737,-8157,0
165,0,32768,0,-60256,-31724,-8205,0
166,0,32768,0,-60224,-31711,-8253,1
167,0,32768,0,-60192,-31698,-8304,-1
168,0,32768,0,-60160,-31686,-8352,0
169,0,32768,0,-60128,-31673,-8401,0
170,0,32768,0,-60096,-31660,-8449,0
171,0,32768,0,-60064,-31647,-8497,0
172,0,32768,0,-60032,-31634,-8546,-1
173,0,32768,0,-60000,-31621,-8595,0
174,0,32768,0,-59968,-31607,-8643,0
175,0,32768,0,-59936,-31594,-8691,0
176,0,32768,0,-59904,-31581,-8740,0
177,0,32768,0,-59872,-31568,-8788,0
178,0,32768,0,-59840,-31554,-8836,1
179,0,32768,0,-59808,-31541,-8884,1
180,0,32768,0,-59776,-31527,-8934,0
181,0,32768,0,-59744,-31513,-8982,0
182,0,32768,0,-59712,-31499,-9030,0
183,0,32768,0,-59680,-31485,-9078,0
184,0,32768,0,-59648,-31471,-9126,0
185,0,32768,0,-59616,-31457,-9174,0
186,0,32768,0,-59584,-31443,-9222,0
187,0,32768,0,-59552,-31428,-9272,-1
188,0,32768,0,-59520,-31414,-9320,0
189,0,32768,0,-59488,-31400,-9368,0
190,0,32768,0,-59456,-31386,-9416,0
191,0,32768,0,-59424,-31372,-9464,0
192,0,32768,0,-59392,-31357,-9512,0
193,0,32768,0,-59360,-31343,-9559,0
194,0,32768,0,-59328,-31327,-9609,-1
195,0,32768,0,-59296,-31313,-9657,0
196,0,32768,0,-59264,-31298,-9705,0
197,0,32768,0,-59232,-31283,-9753,0
198,0,32768,0,-59200,-31268,-9800,0
199,0,32768,0,-59168,-31253,-9848,0
200,0,32768,0,-59136,-31238,-9896,0
201,0,32768,0,-59104,-31223,-9943,1
202,0,32768,0,-59072,-31207,-9993,-1
203,0,32768,0,-59040,-31192,-10040,0
204,0,32768,0,-59008,-31176,-10088,0
205,0,32768,0,-58976,-31161,-10136,0
206,0,32768,0,-58944,-31145,-10183,0
207,0,32768,0,-58912,-31130,-10231,0
208,0,32768,0,-58880,-31114,-10278,0
209,0,32768,0,-58848,-31098,-10326,1
210,0,32768,0,-58816,-31083,-10374,0
211,0,32768,0,-58784,-31067,-10421,0
212,0,32768,0,-58752,-31051,-10469,0
213,0,32768,0,-58720,-31035,-10516,1
214,0,32768,0,-58688,-31018,-10565,-1
215,0,32768,0,-58656,-31002,-10613,0
216,0,32768,0,-58624,-30986,-10660,0
217,0,32768,0,-58592,-30969,-10707,0
218,0,32768,0,-58560,-30953,-10755,0
219,0,32768,0,-58528,-30936,-10802,0
220,0,32768,0,-58496,-30920,-10849,0
221,0,32768,0,-58464,-30904,-10896,1
222,0,32768,0,-58432,-30886,-10945,0
223,0,32768,0,-58400,-30869,-10992,0
224,0,32768,0,-58368,-30853,-11039,0
225,0,32768,0,-58336,-30836,-11087,0
226,0,32768,0,-58304,-30819,-11134,0
227,0,32768,0,-58272,-30801,-11181,0
228,0,32768,0,-58240,-30785,-11227,1
229,0,32768,0,-58208,-30767,-11276,0
230,0,32768,0,-58176,-30750,-11323,0
231,0,32768,0,-58144,-30732,-11370,0
232,0,32768,0,-58112,-30715,-11417,0
233,0,32768,0,-58080,-30697,-11464,0
234,0,32768,0,-58048,-30680,-11511,0
235,0,32768,0,-58016,-30662,-11558,0
236,0,32768,0,-57984,-30644,-11606,-1
237,0,32768,0,-57952,-30626,-11653,0
238,0,32768,0,-57920,-30608,-11699,0
239,0,32768,0,-57888,-30590,-11746,0
240,0,32768,0,-57856,-30572,-11793,0
241,0,32768,0,-57824,-30554,-11840,0
242,0,32768,0,-57792,-30536,-11886,0
243,0,32768,0,-57760,-30518,-11933,1
244,0,32768,0,-57728,-30499,-11981,-1
245,0,32768,0,-57696,-30481,-12028,0
246,0,32768,0,-57664,-30462,-12074,0
247,0,32768,0,-57632,-30444,-12121,0
248,0,32768,0,-57600,-30426,-12167,1
249,0,32768,0,-57568,-30406,-12215,-1
250,0,32768,0,-57536,-30388,-12261,0
251,0,32768,0,-57504,-30369,-12308,0
252,0,32768,0,-57472,-30350,-12354,0
253,0,32768,0,-57440,-30331,-12400,0
254,0,32768,0,-57408,-30312,-12447,0
255,0,32768,0,-57376,-30293,-12493,0
256,0,32768,0,-57344,-30274,-12539,1
257,0,32768,0,-57312,-30254,-12587,0
258,0,32768,0,-57280,-30235,-12633,0
259,0,32768,0,-57248,-30216,-12679,0
260,0,32768,0,-57216,-30196,-12725,0
261,0,32768,0,-57184,-30177,-12771,0
262,0,32768,0,-57152,-30157,-12818,0
263,0,32768,0,-57120,-30138,-12863,0
264,0,32768,0,-57088,-30117,-12911,-1
265,0,32768,0,-57056,-30097,-12957,0
266,0,32768,0,-57024,-30078,-13003,0
267,0,32768,0,-56992,-30058,-13049,0
268,0,32768,0,-56960,-30038,-13095,0
269,0,32768,0,-56928,-30018,-13141,0
270,0,32768,0,-56896,-29998,-13186,0
271,0,32768,0,-56864,-29977,-13234,-1
272,0,32768,0,-56832,-29957,-13280,0
273,0,32768,0,-56800,-29936,-13325,0
274,0,32768,0,-56768,-29916,-13371,0
275,0,32768,0,-56736,-29895,-13417,0
276,0,32768,0,-56704,-29875,-13462,0
277,0,32768,0,-56672,-29854,-13508,0
278,0,32768,0,-56640,-29834,-13553,1
279,0,32768,0,-56608,-29812,-13601,-1
280,0,32768,0,-56576,-29791,-13646,0
281,0,32768,0,-56544,-29771,-13692,0
282,0,32768,0,-56512,-29750,-13737,0
283,0,32768,0,-56480,-29729,-13783,0
284,0,32768,0,-56448,-29708,-13828,0
285,0,32768,0,-56416,-29686,-13873,0
286,0,32768,0,-56384,-29665,-13918,1
287,0,32768,0,-56352,-29643,-13965,-1
288,0,32768,0,-56320,-29622,-14011,0
289,0,32768,0,-56288,-29601,-14055,0
290,0,32768,0,-56256,-29579,-14100,0
291,0,32768,0,-56224,-29558,-14145,1
292,0,32768,0,-56192,-29535,-14192,-1
293,0,32768,0,-56160,-29513,-14237,0
294,0,32768,0,-56128,-29492,-14282,0
295,0,32768,0,-56096,-29470,-14327,0
296,0,32768,0,-56064,-29448,-14372,0
297,0,32768,0,-56032,-29426,-14417,0
298,0,32768,0,-56000,-29404,-14462,0
299,0,32768,0,-55968,-29381,-14509,-1
300,0,32768,0,-55936,-29359,-14554,-1
301,0,32768,0,-55904,-29336,-14598,0
302,0,32768,0,-55872,-29314,-14643,0
303,0,32768,0,-55840,-29292,-14688,0
304,0,32768,0,-55808,-29269,-14732,0
305,0,32768,0,-55776,-29247,-14777,0
306,0,32768,0,-55744,-29224,-14822,1
307,0,32768,0,-55712,-29202,-14866,1
308,0,32768,0,-55680,-29178,-14913,0
309,0,32768,0,-55648,-29155,-14957,0
310,0,32768,0,-55616,-29133,-15001,0
311,0,32768,0,-55584,-29109,-15046,0
312,0,32768,0,-55552,-29087,-15090,0
313,0,32768,0,-55520,-29063,-15135,1
314,0,32768,0,-55488,-29040,-15179,1
315,0,32768,0,-55456,-29016,-15225,0
316,0,32768,0,-55424,-28993,-15270,0
317,0,32768,0,-55392,-28969,-15314,0
318,0,32768,0,-55360,-28946,-15358,0
319,0,32768,0,-55328,-28923,-15402,0
320,0,32768,0,-55296,-28899,-15446,0
321,0,32768,0,-55264,-28876,-15490,0
322,0,32768,0,-55232,-28851,-15536,-1
323,0,32768,0,-55200,-28827,-15580,0
324,0,32768,0,-55168,-28803,-15624,0
325,0,32768,0,-55136,-28779,-15668,0
326,0,32768,0,-55104,-28755,-15712,0
327,0,32768,0,-55072,-28731,-15756,0
328,0,32768,0,-55040,-28707,-15800,0
329,0,32768,0,-55008,-28683,-15844,1
330,0,32768,0,-54976,-28658,-15888,0
331,0,32768,0,-54944,-28634,-15932,0
332,0,32768,0,-54912,-28610,-15976,0
333,0,32768,0,-54880,-28585,-16019,0
334,0,32768,0,-54848,-28560,-16065,-1
335,0,32768,0,-54816,-28535,-16108,-1
336,0,32768,0,-54784,-28511,-16152,0
337,0,32768,0,-54752,-28486,-16195,0
338,0,32768,0,-54720,-28461,-16239,0
339,0,32768,0,-54688,-28436,-16282,0
340,0,32768,0,-54656,-28412,-16325,0
341,0,32768,0,-54624,-28387,-16369,1
342,0,32768,0,-54592,-28362,-16412,1
343,0,32768,0,-54560,-28336,-16457,0
344,0,32768,0,-54528,-28310,-16501,0
345,0,32768,0,-54496,-28285,-16543,0
346,0,32768,0,-54464,-28260,-16587,0
347,0,32768,0,-54432,-28235,-16630,0
348,0,32768,0,-54400,-28209,-16673,0
349,0,32768,0,-54368,-28184,-16716,0
350,0,32768,0,-54336,-28157,-16760,0
351,0,32768,0,-54304,-28132,-16803,0
352,0,32768,0,-54272,-28106,-16846,0
353,0,32768,0,-54240,-28080,-16889,0
354,0,32768,0,-54208,-28054,-16932,0
355,0,32768,0,-54176,-28028,-16975,0
356,0,32768,0,-54144,-28003,-17017,0
357,0,32768,0,-54112,-27975,-17062,-1
358,0,32768,0,-54080,-27949,-17105,0
359,0,32768,0,-54048,-27923,-17147,0
360,0,32768,0,-54016,-27897,-17190,0
361,0,32768,0,-53984,-27871,-17232,0
362,0,32768,0,-53952,-27844,-17275,0
363,0,32768,0,-53920,-27818,-17317,0
364,0,32768,0,-53888,-27792,-17360,1
365,0,32768,0,-53856,-27764,-17404,-1
366,0,32768,0,-53824,-27738,-17446,0
367,0,32768,0,-53792,-27711,-17489,0
368,0,32768,0,-53760,-27684,-17531,0
369,0,32768,0,-53728,-27657,-17573,0
370,0,32768,0,-53696,-27631,-17615,1
371,0,32768,0,-53664,-27603,-17659,-1
372,0,32768,0,-53632,-27576,-17701,0
373,0,32768,0,-53600,-27549,-17743,0
374,0,32768,0,-53568,-27522,-17785,0
375,0,32768,0,-53536,-27494,-17827,0
376,0,32768,0,-53504,-27467,-17869,0
377,0,32768,0,-53472,-27440,-17911,0
378,0,32768,0,-53440,-27412,-17954,-1
379,0,32768,0,-53408,-27384,-17996,0
380,0,32768,0,-53376,-27357,-18038,0
381,0,32768,0,-53344,-27329,-18080,0
382,0,32768,0,-53312,-27301,-18121,0
383,0,32768,0,-53280,-27274,-18163,0
384,0,32768,0,-53248,-27246,-18205,0
385,0,32768,0,-53216,-27218,-18246,1
386,0,32768,0,-53184,-27189,-18289,-1
387,0,32768,0,-53152,-27161,-18331,0
388,0,32768,0,-53120,-27133,-18372,0
389,0,32768,0,-53088,-27105,-18414,0
390,0,32768,0,-53056,-27077,-18455,0
391,0,32768,0,-53024,-27049,-18496,0
392,0,32768,0,-52992,-27020,-18537,1
393,0,32768,0,-52960,-26991,-18580,-1
394,0,32768,0,-52928,-26963,-18621,0
395,0,32768,0,-52896,-26934,-18663,0
396,0,32768,0,-52864,-26906,-18703,0
397,0,32768,0,-52832,-26877,-18745,0
398,0,32768,0,-52800,-26849,-18786,0
399,0,32768,0,-52768,-26820,-18827,0
400,0,32768,0,-52736,-26791,-18867,1
401,0,32768,0,-52704,-26761,-18910,-1
402,0,32768,0,-52672,-26732,-18951,0
403,0,32768,0,-52640,-26703,-18991,0
404,0,32768,0,-52608,-26674,-19032,0
405,0,32768,0,-52576,-26645,-19073,0
406,0,32768,0,-52544,-26616,-19114,0
407,0,32768,0,-52512,-26587,-19154,0
408,0,32768,0,-52480,-26558,-19195,1
409,0,32768,0,-52448,-26527,-19237,0
410,0,32768,0,-52416,-26498,-19277,0
411,0,32768,0,-52384,-26469,-19317,0
412,0,32768,0,-52352,-26439,-19358,0
413,0,32768,0,-52320,-26409,-19399,-1
414,0,32768,0,-52288,-26379,-19440,0
415,0,32768,0,-52256,-26349,-19480,0
416,0,32768,0,-52224,-26319,-19520,0
417,0,32768,0,-52192,-26290,-19560,0
418,0,32768,0,-52160,-26260,-19600,0
419,0,32768,0,-52128,-26230,-19640,0
420,0,32768,0,-52096,-26200,-19681,1
421,0,32768,0,-52064,-26168,-19722,-1
422,0,32768,0,-52032,-26138,-19762,0
423,0,32768,0,-52000,-26108,-19802,0
424,0,32768,0,-51968,-26078,-19842,0
425,0,32768,0,-51936,-26047,-19881,0
426,0,32768,0,-51904,-26017,-19921,0
427,0,32768,0,-51872,-25987,-19961,0
428,0,32768,0,-51840,-25956,-20000,1
429,0,32768,0,-51808,-25924,-20042,-1
430,0,32768,0,-51776,-25894,-20081,0
431,0,32768,0,-51744,-25863,-20120,0
432,0,32768,0,-51712,-25833,-20160,0
433,0,32768,0,-51680,-25802,-20199,0
434,0,32768,0,-51648,-25771,-20239,0
435,0,32768,0,-51616,-25740,-20278,1
436,0,32768,0,-51584,-25708,-20319,-1
437,0,32768,0,-51552,-25677,-20358,0
438,0,32768,0,-51520,-25646,-20397,0
439,0,32768,0,-51488,-25614,-20436,0
440,0,32768,0,-51456,-25583,-20475,0
441,0,32768,0,-51424,-25552,-20514,0
442,0,32768,0,-51392,-25521,-20553,0
443,0,32768,0,-51360,-25489,-20592,1
444,0,32768,0,-51328,-25456,-20633,0
445,0,32768,0,-51296,-25425,-20672,0
446,0,32768,0,-51264,-25393,-20710,0
447,0,32768,0,-51232,-25362,-20749,0
448,0,32768,0,-51200,-25330,-20788,0
449,0,32768,0,-51168,-25298,-20826,0
450,0,32768,0,-51136,-25266,-20865,0
451,0,32768,0,-51104,-25234,-20904,0
452,0,32768,0,-51072,-25202,-20943,0
453,0,32768,0,-51040,-25170,-20981,0
454,0,32768,0,-51008,-25138,-21020,0
455,0,32768,0,-50976,-25106,-21058,0
456,0,32768,0,-50944,-25072,-21098,-1
457,0,32768,0,-50912,-25040,-21136,-1
458,0,32768,0,-50880,-25008,-21174,0
459,0,32768,0,-50848,-24975,-21212,0
460,0,32768,0,-50816,-24943,-21251,0
461,0,32768,0,-50784,-24911,-21288,0
462,0,32768,0,-50752,-24878,-21326,0
463,0,32768,0,-50720,-24845,-21365,1
464,0,32768,0,-50688,-24812,-21404,-1
465,0,32768,0,-50656,-24779,-21442,0
466,0,32768,0,-50624,-24746,-21480,0
467,0,32768,0,-50592,-24713,-21518,0
468,0,32768,0,-50560,-24680,-21555,0
469,0,32768,0,-50528,-24648,-21593,0
470,0,32768,0,-50496,-24615,-21630,0
471,0,32768,0,-50464,-24580,-21669,-1
472,0,32768,0,-50432,-24547,-21707,0
473,0,32768,0,-50400,-24514,-21744,0
474,0,32768,0,-50368,-24481,-21781,0
475,0,32768,0,-50336,-24448,-21819,0
476,0,32768,0,-50304,-24414,-21856,0
477,0,32768,0,-50272,-24381,-21893,0
478,0,32768,0,-50240,-24347,-21930,1
479,0,32768,0,-50208,-24313,-21969,-1
480,0,32768,0,-50176,-24279,-22006,0
481,0,32768,0,-50144,-24245,-22043,0
482,0,32768,0,-50112,-24212,-22080,0
483,0,32768,0,-50080,-24178,-22117,0
484,0,32768,0,-50048,-24144,-22154,0
485,0,32768,0,-50016,-24110,-22191,0
486,0,32768,0,-49984,-24076,-22228,1
487,0,32768,0,-49952,-24041,-22266,-1
488,0,32768,0,-49920,-24007,-22302,0
489,0,32768,0,-49888,-23973,-22339,0
490,0,32768,0,-49856,-23939,-22376,0
491,0,32768,0,-49824,-23905,-22412,0
492,0,32768,0,-49792,-23870,-22449,-1
493,0,32768,0,-49760,-23835,-22486,0
494,0,32768,0,-49728,-23801,-22522,0
495,0,32768,0,-49696,-23766,-22559,0
496,0,32768,0,-49664,-23732,-22595,0
497,0,32768,0,-49632,-23698,-22631,0
498,0,32768,0,-49600,-23663,-22667,1
499,0,32768,0,-49568,-23627,-22704,-1
500,0,32768,0,-49536,-23592,-22741,0
501,0,32768,0,-49504,-23558,-22777,0
502,0,32768,0,-49472,-23523,-22812,0
503,0,32768,0,-49440,-23488,-22848,0
504,0,32768,0,-49408,-23453,-22884,0
505,0,32768,0,-49376,-23418,-22920,0
506,0,32768,0,-49344,-23383,-22956,1
507,0,32768,0,-49312,-23347,-22993,-1
508,0,32768,0,-49280,-23312,-23028,0
509,0,32768,0,-49248,-23276,-23064,0
510,0,32768,0,-49216,-23241,-23099,0
511,0,32768,0,-49184,-23206,-23135,0
512,0,32768,0,-49152,-23170,-23171,0
513,0,32768,0,-49120,-23135,-23206,0
514,0,32768,0,-49088,-23099,-23241,0
515,0,32768,0,-49056,-23064,-23276,0
516,0,32768,0,-49024,-23028,-23312,0
517,0,32768,0,-48992,-22993,-23347,1
518,0,32768,0,-48960,-22956,-23383,-1
519,0,32768,0,-48928,-22920,-23418,0
520,0,32768,0,-48896,-22884,-23453,0
521,0,32768,0,-48864,-22848,-23488,0
522,0,32768,0,-48832,-22812,-23523,0
523,0,32768,0,-48800,-22777,-23558,0
524,0,32768,0,-48768,-22741,-23592,0
525,0,32768,0,-48736,-22703,-23628,-1
526,0,32768,0,-48704,-22667,-23663,-1
527,0,32768,0,-48672,-22631,-23698,0
528,0,32768,0,-48640,-22595,-23732,0
529,0,32768,0,-48608,-22559,-23766,0
530,0,32768,0,-48576,-22522,-23801,0
531,0,32768,0,-48544,-22486,-23835,0
532,0,32768,0,-48512,-22449,-23870,1
533,0,32768,0,-48480,-22412,-23905,0
534,0,32768,0,-48448,-22376,-23939,0
535,0,32768,0,-48416,-22339,-23973,0
536,0,32768,0,-48384,-22302,-24007,0
537,0,32768,0,-48352,-22266,-24041,1
538,0,32768,0,-48320,-22228,-24076,-1
539,0,32768,0,-48288,-22191,-24110,0
540,0,32768,0,-48256,-22154,-24144,0
541,0,32768,0,-48224,-22117,-24178,0
542,0,32768,0,-48192,-22080,-24212,0
543,0,32768,0,-48160,-22043,-24245,0
544,0,32768,0,-48128,-22006,-24279,0
545,0,32768,0,-48096,-21969,-24313,1
546,0,32768,0,-48064,-21930,-24347,-1
547,0,32768,0,-48032,-21893,-24381,0
548,0,32768,0,-48000,-21856,-24414,0
549,0,32768,0,-47968,-21819,-24448,0
550,0,32768,0,-47936,-21781,-24481,0
551,0,32768,0,-47904,-21744,-24514,0
552,0,32768,0,-47872,-21707,-24547,0
553,0,32768,0,-47840,-21668,-24582,-1
554,0,32768,0,-47808,-21630,-24615,0
555,0,32768,0,-47776,-21593,-24648,0
556,0,32768,0,-47744,-21555,-24680,0
557,0,32768,0,-47712,-21518,-24713,0
558,0,32768,0,-47680,-21480,-24746,0
559,0,32768,0,-47648,-21442,-24779,0
560,0,32768,0,-47616,-21402,-24813,-1
561,0,32768,0,-47584,-21365,-24845,-1
562,0,32768,0,-47552,-21326,-24878,0
563,0,32768,0,-47520,-21288,-24911,0
564,0,32768,0,-47488,-21251,-24943,0
565,0,32768,0,-47456,-21212,-24975,0
566,0,32768,0,-47424,-21174,-25008,0
567,0,32768,0,-47392,-21136,-25040,1
568,0,32768,0,-47360,-21098,-25072,1
569,0,32768,0,-47328,-21058,-25106,0
570,0,32768,0,-47296,-21020,-25138,0
571,0,32768,0,-47264,-20981,-25170,0
572,0,32768,0,-47232,-20943,-25202,0
573,0,32768,0,-47200,-20904,-25234,0
574,0,32768,0,-47168,-20865,-25266,0
575,0,32768,0,-47136,-20826,-25298,0
576,0,32768,0,-47104,-20788,-25330,0
577,0,32768,0,-47072,-20749,-25362,0
578,0,32768,0,-47040,-20710,-25393,0
579,0,32768,0,-47008,-20672,-25425,0
580,0,32768,0,-46976,-20633,-25456,0
581,0,32768,0,-46944,-20592,-25489,-1
582,0,32768,0,-46912,-20553,-25521,0
583,0,32768,0,-46880,-20514,-25552,0
584,0,32768,0,-46848,-20475,-25583,0
585,0,32768,0,-46816,-20436,-25614,0
586,0,32768,0,-46784,-20397,-25646,0
587,0,32768,0,-46752,-20358,-25677,0
588,0,32768,0,-46720,-20319,-25708,1
589,0,32768,0,-46688,-20278,-25740,-1
590,0,32768,0,-46656,-20239,-25771,0
591,0,32768,0,-46624,-20199,-25802,0
592,0,32768,0,-46592,-20160,-25833,0
593,0,32768,0,-46560,-20120,-25863,0
594,0,32768,0,-46528,-20081,-25894,0
595,0,32768,0,-46496,-20042,-25924,1
596,0,32768,0,-46464,-20000,-25956,-1
597,0,32768,0,-46432,-19961,-25987,0
598,0,32768,0,-46400,-19921,-26017,0
599,0,32768,0,-46368,-19881,-26047,0
600,0,32768,0,-46336,-19842,-26078,0
601,0,32768,0,-46304,-19802,-26108,0
602,0,32768,0,-46272,-19762,-26138,0
603,0,32768,0,-46240,-19722,-26168,1
604,0,32768,0,-46208,-19681,-26200,-1
605,0,32768,0,-46176,-19640,-26230,0
606,0,32768,0,-46144,-19600,-26260,0
607,0,32768,0,-46112,-19560,-26290,0
608,0,32768,0,-46080,-19520,-26319,0
609,0,32768,0,-46048,-19480,-26349,0
610,0,32768,0,-46016,-19440,-26379,0
611,0,32768,0,-45984,-19398,-26410,-1
612,0,32768,0,-45952,-19358,-26439,0
613,0,32768,0,-45920,-19317,-26469,0
614,0,32768,0,-45888,-19277,-26498,0
615,0,32768,0,-45856,-19237,-26527,0
616,0,32768,0,-45824,-19195,-26558,-1
617,0,32768,0,-45792,-19154,-26587,0
618,0,32768,0,-45760,-19114,-26616,0
619,0,32768,0,-45728,-19073,-26645,0
620,0,32768,0,-45696,-19032,-26674,0
621,0,32768,0,-45664,-18991,-26703,0
622,0,32768,0,-45632,-18951,-26732,0
623,0,32768,0,-45600,-18910,-26761,1
624,0,32768,0,-45568,-18867,-26791,-1
625,0,32768,0,-45536,-18827,-26820,0
626,0,32768,0,-45504,-18786,-26849,0
627,0,32768,0,-45472,-18745,-26877,0
628,0,32768,0,-45440,-18703,-26906,0
629,0,32768,0,-45408,-18663,-26934,0
630,0,32768,0,-45376,-18621,-26963,0
631,0,32768,0,-45344,-18580,-26991,1
632,0,32768,0,-45312,-18537,-27020,-1
633,0,32768,0,-45280,-18496,-27049,0
634,0,32768,0,-45248,-18455,-27077,0
635,0,32768,0,-45216,-18414,-27105,0
636,0,32768,0,-45184,-18372,-27133,0
637,0,32768,0,-45152,-18331,-27161,0
638,0,32768,0,-45120,-18289,-27189,1
639,0,32768,0,-45088,-18246,-27218,-1
640,0,32768,0,-45056,-18205,-27246,0
641,0,32768,0,-45024,-18163,-27274,0
642,0,32768,0,-44992,-18121,-27301,0
643,0,32768,0,-44960,-18080,-27329,0
644,0,32768,0,-44928,-18038,-27357,0
645,0,32768,0,-44896,-17996,-27384,0
646,0,32768,0,-44864,-17953,-27412,-1
647,0,32768,0,-44832,-17911,-27440,0
648,0,32768,0,-44800,-17869,-27467,0
649,0,32768,0,-44768,-17827,-27494,0
650,0,32768,0,-44736,-17785,-27522,0
651,0,32768,0,-44704,-17743,-27549,0
652,0,32768,0,-44672,-17701,-27576,0
653,0,32768,0,-44640,-17659,-27603,1
654,0,32768,0,-44608,-17615,-27631,-1
655,0,32768,0,-44576,-17573,-27657,0
656,0,32768,0,-44544,-17531,-27684,0
657,0,32768,0,-44512,-17489,-27711,0
658,0,32768,0,-44480,-17446,-27738,0
659,0,32768,0,-44448,-17404,-27764,1
660,0,32768,0,-44416,-17360,-27792,-1
661,0,32768,0,-44384,-17317,-27818,0
662,0,32768,0,-44352,-17275,-27844,0
663,0,32768,0,-44320,-17232,-27871,0
664,0,32768,0,-44288,-17190,-27897,0
665,0,32768,0,-44256,-17147,-27923,0
666,0,32768,0,-44224,-17105,-27949,0
667,0,32768,0,-44192,-17062,-27975,1
668,0,32768,0,-44160,-17017,-28003,0
669,0,32768,0,-44128,-16975,-28028,0
670,0,32768,0,-44096,-16932,-28054,0
671,0,32768,0,-44064,-16889,-28080,0
672,0,32768,0,-44032,-16846,-28106,0
673,0,32768,0,-44000,-16803,-28132,0
674,0,32768,0,-43968,-16760,-28157,0
675,0,32768,0,-43936,-16716,-28184,0
676,0,32768,0,-43904,-16673,-28209,0
677,0,32768,0,-43872,-16630,-28235,0
678,0,32768,0,-43840,-16587,-28260,0
679,0,32768,0,-43808,-16543,-28285,0
680,0,32768,0,-43776,-16501,-28310,0
681,0,32768,0,-43744,-16457,-28336,0
682,0,32768,0,-43712,-16412,-28362,-1
683,0,32768,0,-43680,-16369,-28387,-1
684,0,32768,0,-43648,-16325,-28412,0
685,0,32768,0,-43616,-16282,-28436,0
686,0,32768,0,-43584,-16239,-28461,0
687,0,32768,0,-43552,-16195,-28486,0
688,0,32768,0,-43520,-16152,-28511,0
689,0,32768,0,-43488,-16108,-28535,1
690,0,32768,0,-43456,-16063,-28561,-1
691,0,32768,0,-43424,-16019,-28585,0
692,0,32768,0,-43392,-15976,-28610,0
693,0,32768,0,-43360,-15932,-28634,0
694,0,32768,0,-43328,-15888,-28658,0
695,0,32768,0,-43296,-15844,-28683,-1
696,0,32768,0,-43264,-15800,-28707,0
697,0,32768,0,-43232,-15756,-28731,0
698,0,32768,0,-43200,-15712,-28755,0
699,0,32768,0,-43168,-15668,-28779,0
700,0,32768,0,-43136,-15624,-28803,0
701,0,32768,0,-43104,-15580,-28827,0
702,0,32768,0,-43072,-15536,-28851,1
703,0,32768,0,-43040,-15490,-28876,0
704,0,32768,0,-43008,-15446,-28899,0
705,0,32768,0,-42976,-15402,-28923,0
706,0,32768,0,-42944,-15358,-28946,0
707,0,32768,0,-42912,-15314,-28969,0
708,0,32768,0,-42880,-15270,-28993,0
709,0,32768,0,-42848,-15225,-29016,0
710,0,32768,0,-42816,-15179,-29040,-1
711,0,32768,0,-42784,-15135,-29063,-1
712,0,32768,0,-42752,-15090,-29087,0
713,0,32768,0,-42720,-15046,-29109,0
714,0,32768,0,-42688,-15001,-29133,0
715,0,32768,0,-42656,-14957,-29155,0
716,0,32768,0,-42624,-14913,-29178,0
717,0,32768,0,-42592,-14866,-29202,-1
718,0,32768,0,-42560,-14822,-29224,-1
719,0,32768,0,-42528,-14777,-29247,0
720,0,32768,0,-42496,-14732,-29269,0
721,0,32768,0,-42464,-14688,-29292,0
722,0,32768,0,-42432,-14643,-29314,0
723,0,32768,0,-42400,-14598,-29336,0
724,0,32768,0,-42368,-14554,-29359,1
725,0,32768,0,-42336,-14507,-29382,-1
726,0,32768,0,-42304,-14462,-29404,0
727,0,32768,0,-42272,-14417,-29426,0
728,0,32768,0,-42240,-14372,-29448,0
729,0,32768,0,-42208,-14327,-29470,0
730,0,32768,0,-42176,-14282,-29492,0
731,0,32768,0,-42144,-14237,-29513,0
732,0,32768,0,-42112,-14192,-29535,1
733,0,32768,0,-42080,-14145,-29558,-1
734,0,32768,0,-42048,-14100,-29579,0
735,0,32768,0,-42016,-14055,-29601,0
736,0,32768,0,-41984,-14011,-29622,0
737,0,32768,0,-41952,-13965,-29643,1
738,0,32768,0,-41920,-13918,-29665,-1
739,0,32768,0,-41888,-13873,-29686,0
740,0,32768,0,-41856,-13828,-29708,0
741,0,32768,0,-41824,-13783,-29729,0
742,0,32768,0,-41792,-13737,-29750,0
743,0,32768,0,-41760,-13692,-29771,0
744,0,32768,0,-41728,-13646,-29791,0
745,0,32768,0,-41696,-13601,-29812,1
746,0,32768,0,-41664,-13553,-29834,-1
747,0,32768,0,-41632,-13508,-29854,0
748,0,32768,0,-41600,-13462,-29875,0
749,0,32768,0,-41568,-13417,-29895,0
750,0,32768,0,-41536,-13371,-29916,0
751,0,32768,0,-41504,-13325,-29936,0
752,0,32768,0,-41472,-13280,-29957,0
753,0,32768,0,-41440,-13234,-29977,1
754,0,32768,0,-41408,-13186,-29998,0
755,0,32768,0,-41376,-13141,-30018,0
756,0,32768,0,-41344,-13095,-30038,0
757,0,32768,0,-41312,-13049,-30058,0
758,0,32768,0,-41280,-13003,-30078,0
759,0,32768,0,-41248,-12957,-30097,0
760,0,32768,0,-41216,-12911,-30117,1
761,0,32768,0,-41184,-12863,-30138,0
762,0,32768,0,-41152,-12818,-30157,0
763,0,32768,0,-41120,-12771,-30177,0
764,0,32768,0,-41088,-12725,-30196,0
765,0,32768,0,-41056,-12679,-30216,0
766,0,32768,0,-41024,-12633,-30235,0
767,0,32768,0,-40992,-12587,-30254,0
768,0,32768,0,-40960,-12539,-30274,-1
769,0,32768,0,-40928,-12493,-30293,0
770,0,32768,0,-40896,-12447,-30312,0
771,0,32768,0,-40864,-12400,-30331,0
772,0,32768,0,-40832,-12354,-30350,0
773,0,32768,0,-40800,-12308,-30369,0
774,0,32768,0,-40768,-12261,-30388,0
775,0,32768,0,-40736,-12215,-30406,1
776,0,32768,0,-40704,-12167,-30426,-1
777,0,32768,0,-40672,-12121,-30444,0
778,0,32768,0,-40640,-12074,-30462,0
779,0,32768,0,-40608,-12028,-30481,0
780,0,32768,0,-40576,-11981,-30499,1
781,0,32768,0,-40544,-11933,-30518,-1
782,0,32768,0,-40512,-11886,-30536,0
783,0,32768,0,-40480,-11840,-30554,0
784,0,32768,0,-40448,-11793,-30572,0
785,0,32768,0,-40416,-11746,-30590,0
786,0,32768,0,-40384,-11699,-30608,0
787,0,32768,0,-40352,-11653,-30626,0
788,0,32768,0,-40320,-11606,-30644,1
789,0,32768,0,-40288,-11558,-30662,0
790,0,32768,0,-40256,-11511,-30680,0
791,0,32768,0,-40224,-11464,-30697,0
792,0,32768,0,-40192,-11417,-30715,0
793,0,32768,0,-40160,-11370,-30732,0
794,0,32768,0,-40128,-11323,-30750,0
795,0,32768,0,-40096,-11276,-30767,0
796,0,32768,0,-40064,-11227,-30785,-1
797,0,32768,0,-40032,-11181,-30801,0
798,0,32768,0,-40000,-11134,-30819,0
799,0,32768,0,-39968,-11087,-30836,0
800,0,32768,0,-39936,-11039,-30853,0
801,0,32768,0,-39904,-10992,-30869,0
802,0,32768,0,-39872,-10945,-30886,0
803,0,32768,0,-39840,-10896,-30904,-1
804,0,32768,0,-39808,-10849,-30920,0
805,0,32768,0,-39776,-10802,-30936,0
806,0,32768,0,-39744,-10755,-30953,0
807,0,32768,0,-39712,-10707,-30969,0
808,0,32768,0,-39680,-10660,-30986,0
809,0,32768,0,-39648,-10613,-31002,0
810,0,32768,0,-39616,-10565,-31018,1
811,0,32768,0,-39584,-10516,-31035,-1
812,0,32768,0,-39552,-10469,-31051,0
813,0,32768,0,-39520,-10421,-31067,0
814,0,32768,0,-39488,-10374,-31083,0
815,0,32768,0,-39456,-10326,-31098,-1
816,0,32768,0,-39424,-10278,-31114,0
817,0,32768,0,-39392,-10231,-31130,0
818,0,32768,0,-39360,-10183,-31145,0
819,0,32768,0,-39328,-10136,-31161,0
820,0,32768,0,-39296,-10088,-31176,0
821,0,32768,0,-39264,-10040,-31192,0
822,0,32768,0,-39232,-9993,-31207,1
823,0,32768,0,-39200,-9943,-31223,-1
824,0,32768,0,-39168,-9896,-31238,0
825,0,32768,0,-39136,-9848,-31253,0
826,0,32768,0,-39104,-9800,-31268,0
827,0,32768,0,-39072,-9753,-31283,0
828,0,32768,0,-39040,-9705,-31298,0
829,0,32768,0,-39008,-9657,-31313,0
830,0,32768,0,-38976,-9609,-31327,1
831,0,32768,0,-38944,-9559,-31343,0
832,0,32768,0,-38912,-9512,-31357,0
833,0,32768,0,-38880,-9464,-31372,0
834,0,32768,0,-38848,-9416,-31386,0
835,0,32768,0,-38816,-9368,-31400,0
836,0,32768,0,-38784,-9320,-31414,0
837,0,32768,0,-38752,-9272,-31428,1
838,0,32768,0,-38720,-9222,-31443,0
839,0,32768,0,-38688,-9174,-31457,0
840,0,32768,0,-38656,-9126,-31471,0
841,0,32768,0,-38624,-9078,-31485,0
842,0,32768,0,-38592,-9030,-31499,0
843,0,32768,0,-38560,-8982,-31513,0
844,0,32768,0,-38528,-8934,-31527,0
845,0,32768,0,-38496,-8884,-31541,-1
846,0,32768,0,-38464,-8836,-31554,-1
847,0,32768,0,-38432,-8788,-31568,0
848,0,32768,0,-38400,-8740,-31581,0
849,0,32768,0,-38368,-8691,-31594,0
850,0,32768,0,-38336,-8643,-31607,0
851,0,32768,0,-38304,-8595,-31621,0
852,0,32768,0,-38272,-8546,-31634,1
853,0,32768,0,-38240,-8497,-31647,0
854,0,32768,0,-38208,-8449,-31660,0
855,0,32768,0,-38176,-8401,-31673,0
856,0,32768,0,-38144,-8352,-31686,0
857,0,32768,0,-38112,-8304,-31698,1
858,0,32768,0,-38080,-8253,-31711,-1
859,0,32768,0,-38048,-8205,-31724,0
860,0,32768,0,-38016,-8157,-31737,0
861,0,32768,0,-37984,-8108,-31749,0
862,0,32768,0,-37952,-8060,-31761,0
863,0,32768,0,-37920,-8011,-31774,0
864,0,32768,0,-37888,-7963,-31786,0
865,0,32768,0,-37856,-7914,-31798,1
866,0,32768,0,-37824,-7864,-31810,0
867,0,32768,0,-37792,-7815,-31822,0
868,0,32768,0,-37760,-7767,-31834,0
869,0,32768,0,-37728,-7718,-31846,0
870,0,32768,0,-37696,-7669,-31858,0
871,0,32768,0,-37664,-7621,-31870,0
872,0,32768,0,-37632,-7572,-31881,0
873,0,32768,0,-37600,-7522,-31893,0
874,0,32768,0,-37568,-7473,-31904,0
875,0,32768,0,-37536,-7424,-31916,0
876,0,32768,0,-37504,-7376,-31927,0
877,0,32768,0,-37472,-7327,-31938,0
878,0,32768,0,-37440,-7278,-31949,0
879,0,32768,0,-37408,-7229,-31960,0
880,0,32768,0,-37376,-7179,-31972,-1
881,0,32768,0,-37344,-7130,-31983,-1
882,0,32768,0,-37312,-7081,-31994,0
883,0,32768,0,-37280,-7032,-32004,0
884,0,32768,0,-37248,-6983,-32015,0
885,0,32768,0,-37216,-6934,-32026,0
886,0,32768,0,-37184,-6886,-32036,0
887,0,32768,0,-37152,-6837,-32047,1
888,0,32768,0,-37120,-6786,-32058,-1
889,0,32768,0,-37088,-6737,-32068,0
890,0,32768,0,-37056,-6688,-32078,0
891,0,32768,0,-37024,-6639,-32089,0
892,0,32768,0,-36992,-6590,-32099,0
893,0,32768,0,-36960,-6540,-32109,-1
894,0,32768,0,-36928,-6491,-32119,0
895,0,32768,0,-36896,-6442,-32129,0
896,0,32768,0,-36864,-6393,-32139,0
897,0,32768,0,-36832,-6344,-32148,0
898,0,32768,0,-36800,-6295,-32158,0
899,0,32768,0,-36768,-6245,-32167,0
900,0,32768,0,-36736,-6196,-32177,1
901,0,32768,0,-36704,-6145,-32187,-1
902,0,32768,0,-36672,-6096,-32196,0
903,0,32768,0,-36640,-6047,-32205,0
904,0,32768,0,-36608,-5998,-32214,0
905,0,32768,0,-36576,-5949,-32223,0
906,0,32768,0,-36544,-5899,-32233,0
907,0,32768,0,-36512,-5850,-32242,0
908,0,32768,0,-36480,-5801,-32251,1
909,0,32768,0,-36448,-5750,-32260,-1
910,0,32768,0,-36416,-5701,-32268,0
911,0,32768,0,-36384,-5652,-32277,0
912,0,32768,0,-36352,-5602,-32286,0
913,0,32768,0,-36320,-5553,-32294,0
914,0,32768,0,-36288,-5504,-32303,0
915,0,32768,0,-36256,-5454,-32311,1
916,0,32768,0,-36224,-5403,-32319,-1
917,0,32768,0,-36192,-5354,-32328,0
918,0,32768,0,-36160,-5305,-32336,0
919,0,32768,0,-36128,-5255,-32344,0
920,0,32768,0,-36096,-5206,-32352,0
921,0,32768,0,-36064,-5156,-32360,0
922,0,32768,0,-36032,-5107,-32368,0
923,0,32768,0,-36000,-5058,-32376,1
924,0,32768,0,-35968,-5006,-32383,0
925,0,32768,0,-35936,-4957,-32391,0
926,0,32768,0,-35904,-4908,-32398,0
927,0,32768,0,-35872,-4858,-32406,0
928,0,32768,0,-35840,-4808,-32413,0
929,0,32768,0,-35808,-4759,-32421,0
930,0,32768,0,-35776,-4709,-32428,0
931,0,32768,0,-35744,-4658,-32436,-1
932,0,32768,0,-35712,-4608,-32442,0
933,0,32768,0,-35680,-4559,-32449,0
934,0,32768,0,-35648,-4510,-32456,0
935,0,32768,0,-35616,-4461,-32463,1
936,0,32768,0,-35584,-4409,-32470,-1
937,0,32768,0,-35552,-4359,-32477,0
938,0,32768,0,-35520,-4310,-32483,0
939,0,32768,0,-35488,-4260,-32490,0
940,0,32768,0,-35456,-4211,-32496,0
941,0,32768,0,-35424,-4161,-32503,0
942,0,32768,0,-35392,-4112,-32509,0
943,0,32768,0,-35360,-4062,-32515,1
944,0,32768,0,-35328,-4011,-32522,-1
945,0,32768,0,-35296,-3961,-32528,0
946,0,32768,0,-35264,-3911,-32534,0
947,0,32768,0,-35232,-3862,-32540,0
948,0,32768,0,-35200,-3812,-32546,0
949,0,32768,0,-35168,-3762,-32551,0
950,0,32768,0,-35136,-3712,-32557,0
951,0,32768,0,-35104,-3663,-32563,1
952,0,32768,0,-35072,-3611,-32569,0
953,0,32768,0,-35040,-3561,-32574,0
954,0,32768,0,-35008,-3512,-32579,0
955,0,32768,0,-34976,-3462,-32585,0
956,0,32768,0,-34944,-3412,-32590,0
957,0,32768,0,-34912,-3363,-32595,0
958,0,32768,0,-34880,-3313,-32600,1
959,0,32768,0,-34848,-3261,-32606,0
960,0,32768,0,-34816,-3211,-32610,0
961,0,32768,0,-34784,-3162,-32615,0
962,0,32768,0,-34752,-3112,-32620,0
963,0,32768,0,-34720,-3062,-32625,0
964,0,32768,0,-34688,-3012,-32629,0
965,0,32768,0,-34656,-2962,-32634,0
966,0,32768,0,-34624,-2911,-32639,-1
967,0,32768,0,-34592,-2861,-32643,0
968,0,32768,0,-34560,-2811,-32647,0
969,0,32768,0,-34528,-2761,-32652,0
970,0,32768,0,-34496,-2711,-32656,0
971,0,32768,0,-34464,-2661,-32660,0
972,0,32768,0,-34432,-2612,-32664,0
973,0,32768,0,-34400,-2562,-32668,1
974,0,32768,0,-34368,-2510,-32671,0
975,0,32768,0,-34336,-2461,-32675,0
976,0,32768,0,-34304,-2411,-32679,0
977,0,32768,0,-34272,-2361,-32683,0
978,0,32768,0,-34240,-2311,-32686,0
979,0,32768,0,-34208,-2261,-32690,1
980,0,32768,0,-34176,-2209,-32693,-1
981,0,32768,0,-34144,-2159,-32697,0
982,0,32768,0,-34112,-2109,-32700,0
983,0,32768,0,-34080,-2059,-32703,0
984,0,32768,0,-34048,-2010,-32706,0
985,0,32768,0,-34016,-1960,-32709,0
986,0,32768,0,-33984,-1910,-32712,0
987,0,32768,0,-33952,-1860,-32715,1
988,0,32768,0,-33920,-1808,-32718,0
989,0,32768,0,-33888,-1758,-32721,0
990,0,32768,0,-33856,-1708,-32723,0
991,0,32768,0,-33824,-1658,-32726,0
992,0,32768,0,-33792,-1608,-32729,0
993,0,32768,0,-33760,-1558,-32731,0
994,0,32768,0,-33728,-1508,-32733,1
995,0,32768,0,-33696,-1456,-32736,0
996,0,32768,0,-33664,-1406,-32738,0
997,0,32768,0,-33632,-1356,-32740,0
998,0,32768,0,-33600,-1306,-32742,0
999,0,32768,0,-33568,-1256,-32744,0
1000,0,32768,0,-33536,-1207,-32746,0
1001,0,32768,0,-33504,-1157,-32748,0
1002,0,32768,0,-33472,-1105,-32749,-1
1003,0,32768,0,-33440,-1055,-32751,0
1004,0,32768,0,-33408,-1005,-32753,0
1005,0,32768,0,-33376,-955,-32754,0
1006,0,32768,0,-33344,-905,-32755,0
1007,0,32768,0,-33312,-855,-32757,0
1008,0,32768,0,-33280,-805,-32758,0
1009,0,32768,0,-33248,-755,-32759,1
1010,0,32768,0,-33216,-703,-32761,-1
1011,0,32768,0,-33184,-653,-32762,0
1012,0,32768,0,-33152,-603,-32763,0
1013,0,32768,0,-33120,-553,-32764,0
1014,0,32768,0,-33088,-503,-32764,0
1015,0,32768,0,-33056,-451,-32765,-1
1016,0,32768,0,-33024,-401,-32765,0
1017,0,32768,0,-32992,-351,-32766,0
1018,0,32768,0,-32960,-301,-32767,0
1019,0,32768,0,-32928,-251,-32767,0
1020,0,32768,0,-32896,-201,-32767,0
1021,0,32768,0,-32864,-151,-32768,0
1022,0,32768,0,-32832,-101,-32768,1
1023,0,32768,0,-32800,-49,-32768,0
1024,0,32768,0,-32768,-1,-32768,0
1025,0,32768,0,-32736,49,-32768,0
1026,0,32768,0,-32704,101,-32768,-1
1027,0,32768,0,-32672,151,-32768,0
1028,0,32768,0,-32640,201,-32767,0
1029,0,32768,0,-32608,251,-32767,0
1030,0,32768,0,-32576,301,-32767,0
1031,0,32768,0,-32544,351,-32766,0
1032,0,32768,0,-32512,401,-32766,0
1033,0,32768,0,-32480,451,-32765,1
1034,0,32768,0,-32448,503,-32764,0
1035,0,32768,0,-32416,553,-32763,0
1036,0,32768,0,-32384,603,-32763,0
1037,0,32768,0,-32352,653,-32761,0
1038,0,32768,0,-32320,703,-32760,1
1039,0,32768,0,-32288,755,-32759,-1
1040,0,32768,0,-32256,805,-32758,0
1041,0,32768,0,-32224,855,-32757,0
1042,0,32768,0,-32192,905,-32755,0
1043,0,32768,0,-32160,955,-32754,0
1044,0,32768,0,-32128,1005,-32753,0
1045,0,32768,0,-32096,1055,-32751,0
1046,0,32768,0,-32064,1105,-32750,1
1047,0,32768,0,-32032,1157,-32748,0
1048,0,32768,0,-32000,1207,-32746,0
1049,0,32768,0,-31968,1256,-32744,0
1050,0,32768,0,-31936,1306,-32742,0
1051,0,32768,0,-31904,1356,-32740,0
1052,0,32768,0,-31872,1406,-32738,0
1053,0,32768,0,-31840,1456,-32736,0
1054,0,32768,0,-31808,1508,-32734,-1
1055,0,32768,0,-31776,1558,-32731,0
1056,0,32768,0,-31744,1608,-32729,0
1057,0,32768,0,-31712,1658,-32726,0
1058,0,32768,0,-31680,1708,-32724,0
1059,0,32768,0,-31648,1758,-32721,0
1060,0,32768,0,-31616,1808,-32718,0
1061,0,32768,0,-31584,1860,-32715,-1
1062,0,32768,0,-31552,1910,-32712,0
1063,0,32768,0,-31520,1960,-32709,0
1064,0,32768,0,-31488,2010,-32706,0
1065,0,32768,0,-31456,2059,-32703,0
1066,0,32768,0,-31424,2109,-32700,0
1067,0,32768,0,-31392,2159,-32697,0
1068,0,32768,0,-31360,2209,-32694,1
1069,0,32768,0,-31328,2261,-32690,-1
1070,0,32768,0,-31296,2311,-32686,0
1071,0,32768,0,-31264,2361,-32683,0
1072,0,32768,0,-31232,2411,-32679,0
1073,0,32768,0,-31200,2461,-32676,0
1074,0,32768,0,-31168,2511,-32672,0
1075,0,32768,0,-31136,2562,-32668,-1
1076,0,32768,0,-31104,2612,-32664,0
1077,0,32768,0,-31072,2662,-32660,0
1078,0,32768,0,-31040,2711,-32656,0
1079,0,32768,0,-31008,2761,-32651,0
1080,0,32768,0,-30976,2811,-32647,0
1081,0,32768,0,-30944,2861,-32643,0
1082,0,32768,0,-30912,2911,-32638,1
1083,0,32768,0,-30880,2963,-32634,0
1084,0,32768,0,-30848,3012,-32629,0
1085,0,32768,0,-30816,3062,-32625,0
1086,0,32768,0,-30784,3112,-32620,0
1087,0,32768,0,-30752,3162,-32615,0
1088,0,32768,0,-30720,3211,-32610,0
1089,0,32768,0,-30688,3261,-32605,0
1090,0,32768,0,-30656,3313,-32600,-1
1091,0,32768,0,-30624,3363,-32595,0
1092,0,32768,0,-30592,3412,-32590,0
1093,0,32768,0,-30560,3462,-32585,0
1094,0,32768,0,-30528,3512,-32580,0
1095,0,32768,0,-30496,3561,-32574,0
1096,0,32768,0,-30464,3611,-32568,0
1097,0,32768,0,-30432,3663,-32563,-1
1098,0,32768,0,-30400,3712,-32557,0
1099,0,32768,0,-30368,3762,-32551,0
1100,0,32768,0,-30336,3812,-32545,0
1101,0,32768,0,-30304,3862,-32540,0
1102,0,32768,0,-30272,3911,-32534,0
1103,0,32768,0,-30240,3961,-32528,0
1104,0,32768,0,-30208,4011,-32522,1
1105,0,32768,0,-30176,4062,-32515,-1
1106,0,32768,0,-30144,4112,-32509,0
1107,0,32768,0,-30112,4161,-32503,0
1108,0,32768,0,-30080,4211,-32496,0
1109,0,32768,0,-30048,4260,-32490,0
1110,0,32768,0,-30016,4310,-32483,0
1111,0,32768,0,-29984,4360,-32477,0
1112,0,32768,0,-29952,4409,-32470,1
1113,0,32768,0,-29920,4461,-32463,-1
1114,0,32768,0,-29888,4510,-32456,0
1115,0,32768,0,-29856,4559,-32449,0
1116,0,32768,0,-29824,4609,-32442,0
1117,0,32768,0,-29792,4658,-32435,1
1118,0,32768,0,-29760,4710,-32428,0
1119,0,32768,0,-29728,4759,-32421,0
1120,0,32768,0,-29696,4808,-32413,0
1121,0,32768,0,-29664,4858,-32406,0
1122,0,32768,0,-29632,4908,-32399,0
1123,0,32768,0,-29600,4957,-32391,0
1124,0,32768,0,-29568,5006,-32383,0
1125,0,32768,0,-29536,5058,-32375,-1
1126,0,32768,0,-29504,5107,-32368,0
1127,0,32768,0,-29472,5156,-32360,0
1128,0,32768,0,-29440,5206,-32352,0
1129,0,32768,0,-29408,5255,-32344,0
1130,0,32768,0,-29376,5305,-32336,0
1131,0,32768,0,-29344,5354,-32328,0
1132,0,32768,0,-29312,5403,-32320,1
1133,0,32768,0,-29280,5455,-32311,-1
1134,0,32768,0,-29248,5504,-32303,0
1135,0,32768,0,-29216,5553,-32294,0
1136,0,32768,0,-29184,5602,-32286,0
1137,0,32768,0,-29152,5652,-32277,0
1138,0,32768,0,-29120,5701,-32268,0
1139,0,32768,0,-29088,5750,-32260,1
1140,0,32768,0,-29056,5801,-32250,-1
1141,0,32768,0,-29024,5850,-32242,0
1142,0,32768,0,-28992,5900,-32233,0
1143,0,32768,0,-28960,5949,-32224,0
1144,0,32768,0,-28928,5998,-32215,0
1145,0,32768,0,-28896,6047,-32205,0
1146,0,32768,0,-28864,6096,-32196,0
1147,0,32768,0,-28832,6145,-32187,1
1148,0,32768,0,-28800,6196,-32177,-1
1149,0,32768,0,-28768,6245,-32167,0
1150,0,32768,0,-28736,6295,-32158,0
1151,0,32768,0,-28704,6344,-32148,0
1152,0,32768,0,-28672,6393,-32139,0
1153,0,32768,0,-28640,6442,-32129,0
1154,0,32768,0,-28608,6491,-32119,0
1155,0,32768,0,-28576,6542,-32109,-1
1156,0,32768,0,-28544,6590,-32098,0
1157,0,32768,0,-28512,6639,-32088,0
1158,0,32768,0,-28480,6688,-32078,0
1159,0,32768,0,-28448,6737,-32068,0
1160,0,32768,0,-28416,6788,-32057,-1
1161,0,32768,0,-28384,6837,-32047,-1
1162,0,32768,0,-28352,6886,-32036,0
1163,0,32768,0,-28320,6934,-32026,0
1164,0,32768,0,-28288,6983,-32015,0
1165,0,32768,0,-28256,7032,-32005,0
1166,0,32768,0,-28224,7081,-31994,0
1167,0,32768,0,-28192,7130,-31983,1
1168,0,32768,0,-28160,7179,-31972,1
1169,0,32768,0,-28128,7229,-31961,0
1170,0,32768,0,-28096,7278,-31950,0
1171,0,32768,0,-28064,7327,-31938,0
1172,0,32768,0,-28032,7376,-31927,0
1173,0,32768,0,-28000,7424,-31916,0
1174,0,32768,0,-27968,7473,-31905,0
1175,0,32768,0,-27936,7522,-31893,0
1176,0,32768,0,-27904,7572,-31881,0
1177,0,32768,0,-27872,7621,-31870,0
1178,0,32768,0,-27840,7669,-31858,0
1179,0,32768,0,-27808,7718,-31846,0
1180,0,32768,0,-27776,7767,-31834,0
1181,0,32768,0,-27744,7815,-31823,0
1182,0,32768,0,-27712,7864,-31810,0
1183,0,32768,0,-27680,7914,-31798,-1
1184,0,32768,0,-27648,7963,-31786,0
1185,0,32768,0,-27616,8011,-31774,0
1186,0,32768,0,-27584,8060,-31761,0
1187,0,32768,0,-27552,8108,-31749,0
1188,0,32768,0,-27520,8157,-31737,0
1189,0,32768,0,-27488,8205,-31724,0
1190,0,32768,0,-27456,8253,-31712,1
1191,0,32768,0,-27424,8304,-31698,-1
1192,0,32768,0,-27392,8352,-31686,0
1193,0,32768,0,-27360,8401,-31673,0
1194,0,32768,0,-27328,8449,-31660,0
1195,0,32768,0,-27296,8497,-31647,0
1196,0,32768,0,-27264,8547,-31634,-1
1197,0,32768,0,-27232,8595,-31621,0
1198,0,32768,0,-27200,8643,-31608,0
1199,0,32768,0,-27168,8691,-31594,0
1200,0,32768,0,-27136,8740,-31581,0
1201,0,32768,0,-27104,8788,-31568,0
1202,0,32768,0,-27072,8836,-31554,1
1203,0,32768,0,-27040,8884,-31541,1
1204,0,32768,0,-27008,8934,-31527,0
1205,0,32768,0,-26976,8982,-31513,0
1206,0,32768,0,-26944,9030,-31499,0
1207,0,32768,0,-26912,9078,-31485,0
1208,0,32768,0,-26880,9126,-31471,0
1209,0,32768,0,-26848,9174,-31458,0
1210,0,32768,0,-26816,9222,-31444,0
1211,0,32768,0,-26784,9272,-31429,-1
1212,0,32768,0,-26752,9320,-31415,0
1213,0,32768,0,-26720,9368,-31400,0
1214,0,32768,0,-26688,9416,-31386,0
1215,0,32768,0,-26656,9464,-31372,0
1216,0,32768,0,-26624,9512,-31357,0
1217,0,32768,0,-26592,9560,-31343,0
1218,0,32768,0,-26560,9609,-31328,-1
1219,0,32768,0,-26528,9657,-31313,0
1220,0,32768,0,-26496,9705,-31298,0
1221,0,32768,0,-26464,9753,-31283,0
1222,0,32768,0,-26432,9800,-31268,0
1223,0,32768,0,-26400,9848,-31253,0
1224,0,32768,0,-26368,9896,-31238,0
1225,0,32768,0,-26336,9943,-31223,1
1226,0,32768,0,-26304,9993,-31208,-1
1227,0,32768,0,-26272,10040,-31192,0
1228,0,32768,0,-26240,10088,-31177,0
1229,0,32768,0,-26208,10136,-31161,0
1230,0,32768,0,-26176,10183,-31146,0
1231,0,32768,0,-26144,10231,-31130,0
1232,0,32768,0,-26112,10278,-31115,0
1233,0,32768,0,-26080,10326,-31099,1
1234,0,32768,0,-26048,10374,-31082,0
1235,0,32768,0,-26016,10422,-31066,0
1236,0,32768,0,-25984,10469,-31051,0
1237,0,32768,0,-25952,10516,-31035,1
1238,0,32768,0,-25920,10565,-31018,-1
1239,0,32768,0,-25888,10613,-31002,0
1240,0,32768,0,-25856,10660,-30985,0
1241,0,32768,0,-25824,10708,-30969,0
1242,0,32768,0,-25792,10755,-30953,0
1243,0,32768,0,-25760,10802,-30936,0
1244,0,32768,0,-25728,10849,-30920,0
1245,0,32768,0,-25696,10896,-30903,1
1246,0,32768,0,-25664,10945,-30886,0
1247,0,32768,0,-25632,10992,-30869,0
1248,0,32768,0,-25600,11039,-30852,0
1249,0,32768,0,-25568,11087,-30835,0
1250,0,32768,0,-25536,11134,-30819,0
1251,0,32768,0,-25504,11181,-30802,0
1252,0,32768,0,-25472,11227,-30784,1
1253,0,32768,0,-25440,11276,-30767,0
1254,0,32768,0,-25408,11323,-30749,0
1255,0,32768,0,-25376,11370,-30732,0
1256,0,32768,0,-25344,11417,-30715,0
1257,0,32768,0,-25312,11464,-30697,0
1258,0,32768,0,-25280,11511,-30680,0
1259,0,32768,0,-25248,11558,-30662,0
1260,0,32768,0,-25216,11606,-30644,-1
1261,0,32768,0,-25184,11653,-30626,0
1262,0,32768,0,-25152,11700,-30608,0
1263,0,32768,0,-25120,11746,-30590,0
1264,0,32768,0,-25088,11793,-30572,0
1265,0,32768,0,-25056,11840,-30554,0
1266,0,32768,0,-25024,11886,-30536,0
1267,0,32768,0,-24992,11933,-30518,1
1268,0,32768,0,-24960,11981,-30499,-1
1269,0,32768,0,-24928,12028,-30481,0
1270,0,32768,0,-24896,12074,-30462,0
1271,0,32768,0,-24864,12121,-30444,0
1272,0,32768,0,-24832,12167,-30426,1
1273,0,32768,0,-24800,12215,-30406,-1
1274,0,32768,0,-24768,12261,-30388,0
1275,0,32768,0,-24736,12308,-30369,0
1276,0,32768,0,-24704,12354,-30350,0
1277,0,32768,0,-24672,12400,-30331,0
1278,0,32768,0,-24640,12447,-30312,0
1279,0,32768,0,-24608,12493,-30293,0
1280,0,32768,0,-24576,12539,-30274,1
1281,0,32768,0,-24544,12587,-30254,0
1282,0,32768,0,-24512,12633,-30235,0
1283,0,32768,0,-24480,12679,-30216,0
1284,0,32768,0,-24448,12725,-30196,0
1285,0,32768,0,-24416,12771,-30177,0
1286,0,32768,0,-24384,12818,-30157,0
1287,0,32768,0,-24352,12863,-30137,0
1288,0,32768,0,-24320,12911,-30117,-1
1289,0,32768,0,-24288,12957,-30097,0
1290,0,32768,0,-24256,13003,-30078,0
1291,0,32768,0,-24224,13049,-30058,0
1292,0,32768,0,-24192,13095,-30038,0
1293,0,32768,0,-24160,13141,-30018,0
1294,0,32768,0,-24128,13186,-29998,0
1295,0,32768,0,-24096,13234,-29977,-1
1296,0,32768,0,-24064,13280,-29957,0
1297,0,32768,0,-24032,13325,-29936,0
1298,0,32768,0,-24000,13371,-29916,0
1299,0,32768,0,-23968,13417,-29895,0
1300,0,32768,0,-23936,13462,-29875,0
1301,0,32768,0,-23904,13508,-29854,0
1302,0,32768,0,-23872,13553,-29834,1
1303,0,32768,0,-23840,13601,-29812,-1
1304,0,32768,0,-23808,13646,-29791,0
1305,0,32768,0,-23776,13692,-29771,0
1306,0,32768,0,-23744,13737,-29750,0
1307,0,32768,0,-23712,13783,-29729,0
1308,0,32768,0,-23680,13828,-29707,0
1309,0,32768,0,-23648,13873,-29686,0
1310,0,32768,0,-23616,13918,-29665,1
1311,0,32768,0,-23584,13966,-29643,-1
1312,0,32768,0,-23552,14011,-29622,0
1313,0,32768,0,-23520,14055,-29600,0
1314,0,32768,0,-23488,14100,-29579,0
1315,0,32768,0,-23456,14145,-29557,1
1316,0,32768,0,-23424,14192,-29535,-1
1317,0,32768,0,-23392,14238,-29513,0
1318,0,32768,0,-23360,14282,-29491,0
1319,0,32768,0,-23328,14327,-29470,0
1320,0,32768,0,-23296,14372,-29448,0
1321,0,32768,0,-23264,14417,-29426,0
1322,0,32768,0,-23232,14462,-29404,0
1323,0,32768,0,-23200,14509,-29381,-1
1324,0,32768,0,-23168,14554,-29359,-1
1325,0,32768,0,-23136,14599,-29337,0
1326,0,32768,0,-23104,14643,-29314,0
1327,0,32768,0,-23072,14688,-29292,0
1328,0,32768,0,-23040,14732,-29269,0
1329,0,32768,0,-23008,14777,-29247,0
1330,0,32768,0,-22976,14822,-29224,1
1331,0,32768,0,-22944,14866,-29202,1
1332,0,32768,0,-22912,14913,-29178,0
1333,0,32768,0,-22880,14957,-29155,0
1334,0,32768,0,-22848,15002,-29132,0
1335,0,32768,0,-22816,15046,-29109,0
1336,0,32768,0,-22784,15090,-29086,0
1337,0,32768,0,-22752,15135,-29063,1
1338,0,32768,0,-22720,15179,-29040,1
1339,0,32768,0,-22688,15225,-29016,0
1340,0,32768,0,-22656,15270,-28993,0
1341,0,32768,0,-22624,15314,-28969,0
1342,0,32768,0,-22592,15358,-28946,0
1343,0,32768,0,-22560,15402,-28922,0
1344,0,32768,0,-22528,15446,-28899,0
1345,0,32768,0,-22496,15490,-28875,0
1346,0,32768,0,-22464,15536,-28851,-1
1347,0,32768,0,-22432,15580,-28827,0
1348,0,32768,0,-22400,15624,-28803,0
1349,0,32768,0,-22368,15668,-28779,0
1350,0,32768,0,-22336,15712,-28756,0
1351,0,32768,0,-22304,15756,-28732,0
1352,0,32768,0,-22272,15800,-28707,0
1353,0,32768,0,-22240,15844,-28684,1
1354,0,32768,0,-22208,15888,-28658,0
1355,0,32768,0,-22176,15932,-28634,0
1356,0,32768,0,-22144,15976,-28610,0
1357,0,32768,0,-22112,16019,-28585,0
1358,0,32768,0,-22080,16065,-28560,-1
1359,0,32768,0,-22048,16108,-28535,-1
1360,0,32768,0,-22016,16152,-28511,0
1361,0,32768,0,-21984,16195,-28486,0
1362,0,32768,0,-21952,16239,-28461,0
1363,0,32768,0,-21920,16282,-28437,0
1364,0,32768,0,-21888,16326,-28412,0
1365,0,32768,0,-21856,16369,-28387,1
1366,0,32768,0,-21824,16412,-28362,1
1367,0,32768,0,-21792,16457,-28336,0
1368,0,32768,0,-21760,16501,-28311,0
1369,0,32768,0,-21728,16543,-28285,0
1370,0,32768,0,-21696,16587,-28260,0
1371,0,32768,0,-21664,16630,-28235,0
1372,0,32768,0,-21632,16673,-28209,0
1373,0,32768,0,-21600,16716,-28184,0
1374,0,32768,0,-21568,16761,-28157,0
1375,0,32768,0,-21536,16803,-28132,0
1376,0,32768,0,-21504,16846,-28106,0
1377,0,32768,0,-21472,16889,-28080,0
1378,0,32768,0,-21440,16932,-28054,0
1379,0,32768,0,-21408,16975,-28029,0
1380,0,32768,0,-21376,17018,-28003,0
1381,0,32768,0,-21344,17062,-27976,-1
1382,0,32768,0,-21312,17105,-27950,0
1383,0,32768,0,-21280,17147,-27923,0
1384,0,32768,0,-21248,17190,-27897,0
1385,0,32768,0,-21216,17233,-27871,0
1386,0,32768,0,-21184,17275,-27845,0
1387,0,32768,0,-21152,17317,-27818,0
1388,0,32768,0,-21120,17360,-27792,1
1389,0,32768,0,-21088,17404,-27764,-1
1390,0,32768,0,-21056,17446,-27738,0
1391,0,32768,0,-21024,17489,-27711,0
1392,0,32768,0,-20992,17531,-27684,0
1393,0,32768,0,-20960,17573,-27658,0
1394,0,32768,0,-20928,17615,-27630,1
1395,0,32768,0,-20896,17659,-27603,-1
1396,0,32768,0,-20864,17701,-27576,0
1397,0,32768,0,-20832,17743,-27548,0
1398,0,32768,0,-20800,17785,-27522,0
1399,0,32768,0,-20768,17827,-27494,0
1400,0,32768,0,-20736,17869,-27467,0
1401,0,32768,0,-20704,17911,-27440,0
1402,0,32768,0,-20672,17954,-27411,-1
1403,0,32768,0,-20640,17996,-27384,0
1404,0,32768,0,-20608,18038,-27356,0
1405,0,32768,0,-20576,18080,-27329,0
1406,0,32768,0,-20544,18121,-27301,0
1407,0,32768,0,-20512,18163,-27274,0
1408,0,32768,0,-20480,18205,-27246,0
1409,0,32768,0,-20448,18246,-27218,1
1410,0,32768,0,-20416,18289,-27189,-1
1411,0,32768,0,-20384,18331,-27161,0
1412,0,32768,0,-20352,18372,-27133,0
1413,0,32768,0,-20320,18414,-27105,0
1414,0,32768,0,-20288,18455,-27077,0
1415,0,32768,0,-20256,18496,-27049,0
1416,0,32768,0,-20224,18537,-27021,1
1417,0,32768,0,-20192,18580,-26991,-1
1418,0,32768,0,-20160,18621,-26963,0
1419,0,32768,0,-20128,18663,-26934,0
1420,0,32768,0,-20096,18703,-26906,0
1421,0,32768,0,-20064,18745,-26877,0
1422,0,32768,0,-20032,18786,-26849,0
1423,0,32768,0,-20000,18827,-26820,0
1424,0,32768,0,-19968,18867,-26791,1
1425,0,32768,0,-19936,18910,-26761,-1
1426,0,32768,0,-19904,18951,-26732,0
1427,0,32768,0,-19872,18991,-26703,0
1428,0,32768,0,-19840,19032,-26674,0
1429,0,32768,0,-19808,19073,-26645,0
1430,0,32768,0,-19776,19114,-26616,0
1431,0,32768,0,-19744,19154,-26587,0
1432,0,32768,0,-19712,19195,-26558,1
1433,0,32768,0,-19680,19237,-26527,0
1434,0,32768,0,-19648,19277,-26498,0
1435,0,32768,0,-19616,19317,-26469,0
1436,0,32768,0,-19584,19358,-26439,0
1437,0,32768,0,-19552,19399,-26408,-1
1438,0,32768,0,-19520,19440,-26379,0
1439,0,32768,0,-19488,19480,-26349,0
1440,0,32768,0,-19456,19520,-26319,0
1441,0,32768,0,-19424,19560,-26289,0
1442,0,32768,0,-19392,19600,-26260,0
1443,0,32768,0,-19360,19640,-26230,0
1444,0,32768,0,-19328,19681,-26200,1
1445,0,32768,0,-19296,19722,-26168,-1
1446,0,32768,0,-19264,19762,-26138,0
1447,0,32768,0,-19232,19802,-26108,0
1448,0,32768,0,-19200,19842,-26078,0
1449,0,32768,0,-19168,19881,-26048,0
1450,0,32768,0,-19136,19921,-26017,0
1451,0,32768,0,-19104,19961,-25987,0
1452,0,32768,0,-19072,20000,-25956,1
1453,0,32768,0,-19040,20042,-25925,-1
1454,0,32768,0,-19008,20081,-25894,0
1455,0,32768,0,-18976,20120,-25863,0
1456,0,32768,0,-18944,20160,-25833,0
1457,0,32768,0,-18912,20199,-25802,0
1458,0,32768,0,-18880,20239,-25771,0
1459,0,32768,0,-18848,20278,-25740,1
1460,0,32768,0,-18816,20319,-25708,-1
1461,0,32768,0,-18784,20358,-25677,0
1462,0,32768,0,-18752,20397,-25646,0
1463,0,32768,0,-18720,20436,-25615,0
1464,0,32768,0,-18688,20475,-25583,0
1465,0,32768,0,-18656,20514,-25552,0
1466,0,32768,0,-18624,20553,-25521,0
1467,0,32768,0,-18592,20592,-25489,1
1468,0,32768,0,-18560,20633,-25457,0
1469,0,32768,0,-18528,20672,-25425,0
1470,0,32768,0,-18496,20710,-25394,0
1471,0,32768,0,-18464,20749,-25362,0
1472,0,32768,0,-18432,20788,-25330,0
1473,0,32768,0,-18400,20826,-25298,0
1474,0,32768,0,-18368,20865,-25267,0
1475,0,32768,0,-18336,20904,-25234,0
1476,0,32768,0,-18304,20943,-25202,0
1477,0,32768,0,-18272,20982,-25170,0
1478,0,32768,0,-18240,21020,-25138,0
1479,0,32768,0,-18208,21058,-25106,0
1480,0,32768,0,-18176,21098,-25072,-1
1481,0,32768,0,-18144,21136,-25040,-1
1482,0,32768,0,-18112,21174,-25008,0
1483,0,32768,0,-18080,21212,-24975,0
1484,0,32768,0,-18048,21251,-24943,0
1485,0,32768,0,-18016,21288,-24910,0
1486,0,32768,0,-17984,21326,-24878,0
1487,0,32768,0,-17952,21365,-24845,1
1488,0,32768,0,-17920,21404,-24811,-1
1489,0,32768,0,-17888,21442,-24779,0
1490,0,32768,0,-17856,21480,-24746,0
1491,0,32768,0,-17824,21518,-24713,0
1492,0,32768,0,-17792,21555,-24680,0
1493,0,32768,0,-17760,21593,-24648,0
1494,0,32768,0,-17728,21630,-24615,0
1495,0,32768,0,-17696,21669,-24580,-1
1496,0,32768,0,-17664,21707,-24547,0
1497,0,32768,0,-17632,21744,-24514,0
1498,0,32768,0,-17600,21781,-24481,0
1499,0,32768,0,-17568,21819,-24448,0
1500,0,32768,0,-17536,21856,-24414,0
1501,0,32768,0,-17504,21893,-24381,0
1502,0,32768,0,-17472,21931,-24347,1
1503,0,32768,0,-17440,21969,-24313,-1
1504,0,32768,0,-17408,22006,-24279,0
1505,0,32768,0,-17376,22043,-24246,0
1506,0,32768,0,-17344,22080,-24212,0
1507,0,32768,0,-17312,22117,-24178,0
1508,0,32768,0,-17280,22154,-24144,0
1509,0,32768,0,-17248,22191,-24111,0
1510,0,32768,0,-17216,22228,-24077,1
1511,0,32768,0,-17184,22266,-24041,-1
1512,0,32768,0,-17152,22303,-24007,0
1513,0,32768,0,-17120,22339,-23973,0
1514,0,32768,0,-17088,22376,-23939,0
1515,0,32768,0,-17056,22412,-23905,0
1516,0,32768,0,-17024,22449,-23870,-1
1517,0,32768,0,-16992,22486,-23835,0
1518,0,32768,0,-16960,22522,-23801,0
1519,0,32768,0,-16928,22559,-23767,0
1520,0,32768,0,-16896,22595,-23732,0
1521,0,32768,0,-16864,22631,-23698,0
1522,0,32768,0,-16832,22667,-23663,1
1523,0,32768,0,-16800,22705,-23627,-1
1524,0,32768,0,-16768,22741,-23593,0
1525,0,32768,0,-16736,22777,-23558,0
1526,0,32768,0,-16704,22813,-23523,0
1527,0,32768,0,-16672,22848,-23488,0
1528,0,32768,0,-16640,22884,-23453,0
1529,0,32768,0,-16608,22920,-23418,0
1530,0,32768,0,-16576,22956,-23383,1
1531,0,32768,0,-16544,22993,-23347,-1
1532,0,32768,0,-16512,23028,-23312,0
1533,0,32768,0,-16480,23064,-23277,0
1534,0,32768,0,-16448,23100,-23242,0
1535,0,32768,0,-16416,23135,-23206,0
1536,0,32768,0,-16384,23171,-23170,0
1537,0,32768,0,-16352,23206,-23135,0
1538,0,32768,0,-16320,23241,-23099,0
1539,0,32768,0,-16288,23276,-23064,0
1540,0,32768,0,-16256,23312,-23028,0
1541,0,32768,0,-16224,23347,-22993,1
1542,0,32768,0,-16192,23383,-22955,-1
1543,0,32768,0,-16160,23418,-22920,0
1544,0,32768,0,-16128,23453,-22884,0
1545,0,32768,0,-16096,23488,-22848,0
1546,0,32768,0,-16064,23523,-22812,0
1547,0,32768,0,-16032,23558,-22777,0
1548,0,32768,0,-16000,23592,-22741,0
1549,0,32768,0,-15968,23629,-22703,-1
1550,0,32768,0,-15936,23663,-22667,-1
1551,0,32768,0,-15904,23698,-22631,0
1552,0,32768,0,-15872,23732,-22595,0
1553,0,32768,0,-15840,23766,-22558,0
1554,0,32768,0,-15808,23801,-22522,0
1555,0,32768,0,-15776,23835,-22486,0
1556,0,32768,0,-15744,23870,-22450,1
1557,0,32768,0,-15712,23905,-22412,0
1558,0,32768,0,-15680,23939,-22375,0
1559,0,32768,0,-15648,23973,-22339,0
1560,0,32768,0,-15616,24007,-22302,0
1561,0,32768,0,-15584,24041,-22266,1
1562,0,32768,0,-15552,24076,-22227,-1
1563,0,32768,0,-15520,24110,-22190,0
1564,0,32768,0,-15488,24144,-22154,0
1565,0,32768,0,-15456,24178,-22117,0
1566,0,32768,0,-15424,24212,-22080,0
1567,0,32768,0,-15392,24245,-22043,0
1568,0,32768,0,-15360,24279,-22006,0
1569,0,32768,0,-15328,24313,-21969,1
1570,0,32768,0,-15296,24347,-21930,-1
1571,0,32768,0,-15264,24381,-21893,0
1572,0,32768,0,-15232,24414,-21856,0
1573,0,32768,0,-15200,24448,-21819,0
1574,0,32768,0,-15168,24481,-21781,0
1575,0,32768,0,-15136,24514,-21744,0
1576,0,32768,0,-15104,24547,-21706,0
1577,0,32768,0,-15072,24582,-21668,-1
1578,0,32768,0,-15040,24615,-21630,0
1579,0,32768,0,-15008,24648,-21593,0
1580,0,32768,0,-14976,24680,-21555,0
1581,0,32768,0,-14944,24713,-21517,0
1582,0,32768,0,-14912,24746,-21480,0
1583,0,32768,0,-14880,24779,-21442,0
1584,0,32768,0,-14848,24813,-21402,-1
1585,0,32768,0,-14816,24845,-21364,-1
1586,0,32768,0,-14784,24878,-21327,0
1587,0,32768,0,-14752,24911,-21289,0
1588,0,32768,0,-14720,24943,-21250,0
1589,0,32768,0,-14688,24975,-21212,0
1590,0,32768,0,-14656,25008,-21174,0
1591,0,32768,0,-14624,25040,-21136,1
1592,0,32768,0,-14592,25072,-21098,1
1593,0,32768,0,-14560,25106,-21058,0
1594,0,32768,0,-14528,25138,-21020,0
1595,0,32768,0,-14496,25170,-20981,0
1596,0,32768,0,-14464,25202,-20943,0
1597,0,32768,0,-14432,25234,-20905,0
1598,0,32768,0,-14400,25266,-20865,0
1599,0,32768,0,-14368,25298,-20826,0
1600,0,32768,0,-14336,25330,-20787,0
1601,0,32768,0,-14304,25362,-20749,0
1602,0,32768,0,-14272,25393,-20710,0
1603,0,32768,0,-14240,25425,-20671,0
1604,0,32768,0,-14208,25456,-20632,0
1605,0,32768,0,-14176,25489,-20592,-1
1606,0,32768,0,-14144,25521,-20553,0
1607,0,32768,0,-14112,25552,-20514,0
1608,0,32768,0,-14080,25583,-20475,0
1609,0,32768,0,-14048,25614,-20436,0
1610,0,32768,0,-14016,25646,-20397,0
1611,0,32768,0,-13984,25677,-20358,0
1612,0,32768,0,-13952,25708,-20319,1
1613,0,32768,0,-13920,25740,-20278,-1
1614,0,32768,0,-13888,25771,-20239,0
1615,0,32768,0,-13856,25802,-20199,0
1616,0,32768,0,-13824,25833,-20160,0
1617,0,32768,0,-13792,25863,-20121,0
1618,0,32768,0,-13760,25894,-20081,0
1619,0,32768,0,-13728,25925,-20041,1
1620,0,32768,0,-13696,25956,-20000,-1
1621,0,32768,0,-13664,25987,-19960,0
1622,0,32768,0,-13632,26017,-19921,0
1623,0,32768,0,-13600,26047,-19881,0
1624,0,32768,0,-13568,26078,-19842,0
1625,0,32768,0,-13536,26108,-19802,0
1626,0,32768,0,-13504,26138,-19762,0
1627,0,32768,0,-13472,26169,-19722,1
1628,0,32768,0,-13440,26200,-19680,-1
1629,0,32768,0,-13408,26230,-19640,0
1630,0,32768,0,-13376,26260,-19600,0
1631,0,32768,0,-13344,26290,-19560,0
1632,0,32768,0,-13312,26319,-19520,0
1633,0,32768,0,-13280,26349,-19480,0
1634,0,32768,0,-13248,26379,-19440,0
1635,0,32768,0,-13216,26410,-19398,-1
1636,0,32768,0,-13184,26439,-19358,0
1637,0,32768,0,-13152,26469,-19317,0
1638,0,32768,0,-13120,26498,-19277,0
1639,0,32768,0,-13088,26527,-19236,0
1640,0,32768,0,-13056,26558,-19195,-1
1641,0,32768,0,-13024,26587,-19154,0
1642,0,32768,0,-12992,26616,-19113,0
1643,0,32768,0,-12960,26645,-19073,0
1644,0,32768,0,-12928,26674,-19032,0
1645,0,32768,0,-12896,26703,-18991,0
1646,0,32768,0,-12864,26732,-18951,0
1647,0,32768,0,-12832,26761,-18910,1
1648,0,32768,0,-12800,26791,-18867,-1
1649,0,32768,0,-12768,26820,-18826,0
1650,0,32768,0,-12736,26849,-18785,0
1651,0,32768,0,-12704,26877,-18745,0
1652,0,32768,0,-12672,26906,-18704,0
1653,0,32768,0,-12640,26934,-18663,0
1654,0,32768,0,-12608,26963,-18621,0
1655,0,32768,0,-12576,26991,-18580,1
1656,0,32768,0,-12544,27020,-18537,-1
1657,0,32768,0,-12512,27049,-18496,0
1658,0,32768,0,-12480,27077,-18455,0
1659,0,32768,0,-12448,27105,-18413,0
1660,0,32768,0,-12416,27133,-18372,0
1661,0,32768,0,-12384,27161,-18331,0
1662,0,32768,0,-12352,27189,-18289,1
1663,0,32768,0,-12320,27218,-18246,-1
1664,0,32768,0,-12288,27246,-18204,0
1665,0,32768,0,-12256,27274,-18163,0
1666,0,32768,0,-12224,27301,-18121,0
1667,0,32768,0,-12192,27329,-18080,0
1668,0,32768,0,-12160,27357,-18038,0
1669,0,32768,0,-12128,27384,-17996,0
1670,0,32768,0,-12096,27412,-17953,-1
1671,0,32768,0,-12064,27440,-17911,0
1672,0,32768,0,-12032,27467,-17869,0
1673,0,32768,0,-12000,27495,-17827,0
1674,0,32768,0,-11968,27522,-17785,0
1675,0,32768,0,-11936,27549,-17743,0
1676,0,32768,0,-11904,27576,-17701,0
1677,0,32768,0,-11872,27603,-17659,1
1678,0,32768,0,-11840,27631,-17615,-1
1679,0,32768,0,-11808,27657,-17573,0
1680,0,32768,0,-11776,27684,-17531,0
1681,0,32768,0,-11744,27711,-17488,0
1682,0,32768,0,-11712,27738,-17446,0
1683,0,32768,0,-11680,27764,-17404,1
1684,0,32768,0,-11648,27792,-17360,-1
1685,0,32768,0,-11616,27818,-17317,0
1686,0,32768,0,-11584,27844,-17275,0
1687,0,32768,0,-11552,27871,-17233,0
1688,0,32768,0,-11520,27897,-17190,0
1689,0,32768,0,-11488,27923,-17147,0
1690,0,32768,0,-11456,27949,-17104,0
1691,0,32768,0,-11424,27975,-17062,1
1692,0,32768,0,-11392,28003,-17018,0
1693,0,32768,0,-11360,28029,-16975,0
1694,0,32768,0,-11328,28054,-16932,0
1695,0,32768,0,-11296,28080,-16889,0
1696,0,32768,0,-11264,28106,-16847,0
1697,0,32768,0,-11232,28132,-16803,0
1698,0,32768,0,-11200,28157,-16761,0
1699,0,32768,0,-11168,28184,-16716,0
1700,0,32768,0,-11136,28209,-16673,0
1701,0,32768,0,-11104,28235,-16630,0
1702,0,32768,0,-11072,28260,-16587,0
1703,0,32768,0,-11040,28285,-16544,0
1704,0,32768,0,-11008,28310,-16500,0
1705,0,32768,0,-10976,28336,-16457,0
1706,0,32768,0,-10944,28362,-16412,-1
1707,0,32768,0,-10912,28387,-16369,-1
1708,0,32768,0,-10880,28412,-16326,0
1709,0,32768,0,-10848,28436,-16282,0
1710,0,32768,0,-10816,28461,-16239,0
1711,0,32768,0,-10784,28486,-16195,0
1712,0,32768,0,-10752,28511,-16152,0
1713,0,32768,0,-10720,28535,-16108,1
1714,0,32768,0,-10688,28561,-16063,-1
1715,0,32768,0,-10656,28586,-16020,0
1716,0,32768,0,-10624,28610,-15976,0
1717,0,32768,0,-10592,28634,-15932,0
1718,0,32768,0,-10560,28658,-15888,0
1719,0,32768,0,-10528,28683,-15843,-1
1720,0,32768,0,-10496,28707,-15799,0
1721,0,32768,0,-10464,28731,-15756,0
1722,0,32768,0,-10432,28756,-15712,0
1723,0,32768,0,-10400,28779,-15668,0
1724,0,32768,0,-10368,28804,-15624,0
1725,0,32768,0,-10336,28827,-15580,0
1726,0,32768,0,-10304,28851,-15536,1
1727,0,32768,0,-10272,28876,-15490,0
1728,0,32768,0,-10240,28899,-15446,0
1729,0,32768,0,-10208,28923,-15402,0
1730,0,32768,0,-10176,28946,-15358,0
1731,0,32768,0,-10144,28970,-15314,0
1732,0,32768,0,-10112,28993,-15269,0
1733,0,32768,0,-10080,29016,-15225,0
1734,0,32768,0,-10048,29040,-15179,-1
1735,0,32768,0,-10016,29063,-15135,-1
1736,0,32768,0,-9984,29087,-15091,0
1737,0,32768,0,-9952,29109,-15046,0
1738,0,32768,0,-9920,29133,-15002,0
1739,0,32768,0,-9888,29155,-14957,0
1740,0,32768,0,-9856,29178,-14913,0
1741,0,32768,0,-9824,29202,-14866,-1
1742,0,32768,0,-9792,29224,-14822,-1
1743,0,32768,0,-9760,29247,-14777,0
1744,0,32768,0,-9728,29269,-14733,0
1745,0,32768,0,-9696,29292,-14688,0
1746,0,32768,0,-9664,29314,-14643,0
1747,0,32768,0,-9632,29337,-14598,0
1748,0,32768,0,-9600,29359,-14554,1
1749,0,32768,0,-9568,29382,-14507,-1
1750,0,32768,0,-9536,29404,-14462,0
1751,0,32768,0,-9504,29426,-14417,0
1752,0,32768,0,-9472,29448,-14373,0
1753,0,32768,0,-9440,29470,-14327,0
1754,0,32768,0,-9408,29492,-14283,0
1755,0,32768,0,-9376,29513,-14237,0
1756,0,32768,0,-9344,29535,-14192,1
1757,0,32768,0,-9312,29558,-14146,-1
1758,0,32768,0,-9280,29579,-14101,0
1759,0,32768,0,-9248,29601,-14056,0
1760,0,32768,0,-9216,29622,-14011,0
1761,0,32768,0,-9184,29643,-13965,1
1762,0,32768,0,-9152,29665,-13918,-1
1763,0,32768,0,-9120,29686,-13873,0
1764,0,32768,0,-9088,29708,-13828,0
1765,0,32768,0,-9056,29729,-13782,0
1766,0,32768,0,-9024,29750,-13737,0
1767,0,32768,0,-8992,29771,-13692,0
1768,0,32768,0,-8960,29792,-13646,0
1769,0,32768,0,-8928,29812,-13601,1
1770,0,32768,0,-8896,29834,-13553,-1
1771,0,32768,0,-8864,29854,-13508,0
1772,0,32768,0,-8832,29875,-13462,0
1773,0,32768,0,-8800,29895,-13417,0
1774,0,32768,0,-8768,29916,-13371,0
1775,0,32768,0,-8736,29936,-13325,0
1776,0,32768,0,-8704,29957,-13280,0
1777,0,32768,0,-8672,29977,-13234,1
1778,0,32768,0,-8640,29998,-13186,0
1779,0,32768,0,-8608,30018,-13141,0
1780,0,32768,0,-8576,30038,-13095,0
1781,0,32768,0,-8544,30058,-13049,0
1782,0,32768,0,-8512,30078,-13003,0
1783,0,32768,0,-8480,30097,-12957,0
1784,0,32768,0,-8448,30117,-12911,1
1785,0,32768,0,-8416,30138,-12864,0
1786,0,32768,0,-8384,30157,-12817,0
1787,0,32768,0,-8352,30177,-12771,0
1788,0,32768,0,-8320,30196,-12725,0
1789,0,32768,0,-8288,30216,-12679,0
1790,0,32768,0,-8256,30235,-12633,0
1791,0,32768,0,-8224,30254,-12587,0
1792,0,32768,0,-8192,30274,-12539,-1
1793,0,32768,0,-8160,30293,-12493,0
1794,0,32768,0,-8128,30312,-12447,0
1795,0,32768,0,-8096,30331,-12400,0
1796,0,32768,0,-8064,30350,-12354,0
1797,0,32768,0,-8032,30369,-12308,0
1798,0,32768,0,-8000,30388,-12261,0
1799,0,32768,0,-7968,30407,-12215,1
1800,0,32768,0,-7936,30426,-12167,-1
1801,0,32768,0,-7904,30444,-12121,0
1802,0,32768,0,-7872,30462,-12074,0
1803,0,32768,0,-7840,30481,-12028,0
1804,0,32768,0,-7808,30499,-11981,1
1805,0,32768,0,-7776,30518,-11933,-1
1806,0,32768,0,-7744,30536,-11886,0
1807,0,32768,0,-7712,30554,-11840,0
1808,0,32768,0,-7680,30572,-11793,0
1809,0,32768,0,-7648,30590,-11747,0
1810,0,32768,0,-7616,30608,-11700,0
1811,0,32768,0,-7584,30626,-11653,0
1812,0,32768,0,-7552,30644,-11606,1
1813,0,32768,0,-7520,30662,-11558,0
1814,0,32768,0,-7488,30680,-11511,0
1815,0,32768,0,-7456,30697,-11464,0
1816,0,32768,0,-7424,30715,-11417,0
1817,0,32768,0,-7392,30732,-11370,0
1818,0,32768,0,-7360,30750,-11323,0
1819,0,32768,0,-7328,30767,-11276,0
1820,0,32768,0,-7296,30785,-11228,-1
1821,0,32768,0,-7264,30802,-11181,0
1822,0,32768,0,-7232,30819,-11134,0
1823,0,32768,0,-7200,30836,-11087,0
1824,0,32768,0,-7168,30853,-11040,0
1825,0,32768,0,-7136,30869,-10993,0
1826,0,32768,0,-7104,30886,-10945,0
1827,0,32768,0,-7072,30904,-10896,-1
1828,0,32768,0,-7040,30920,-10849,0
1829,0,32768,0,-7008,30937,-10802,0
1830,0,32768,0,-6976,30953,-10755,0
1831,0,32768,0,-6944,30969,-10708,0
1832,0,32768,0,-6912,30986,-10660,0
1833,0,32768,0,-6880,31002,-10613,0
1834,0,32768,0,-6848,31018,-10566,1
1835,0,32768,0,-6816,31035,-10516,-1
1836,0,32768,0,-6784,31051,-10469,0
1837,0,32768,0,-6752,31067,-10422,0
1838,0,32768,0,-6720,31083,-10374,0
1839,0,32768,0,-6688,31099,-10325,-1
1840,0,32768,0,-6656,31114,-10278,0
1841,0,32768,0,-6624,31130,-10230,0
1842,0,32768,0,-6592,31145,-10183,0
1843,0,32768,0,-6560,31161,-10136,0
1844,0,32768,0,-6528,31176,-10088,0
1845,0,32768,0,-6496,31192,-10040,0
1846,0,32768,0,-6464,31207,-9992,1
1847,0,32768,0,-6432,31223,-9943,-1
1848,0,32768,0,-6400,31238,-9896,0
1849,0,32768,0,-6368,31253,-9848,0
1850,0,32768,0,-6336,31268,-9800,0
1851,0,32768,0,-6304,31283,-9752,0
1852,0,32768,0,-6272,31298,-9705,0
1853,0,32768,0,-6240,31313,-9657,0
1854,0,32768,0,-6208,31327,-9609,1
1855,0,32768,0,-6176,31343,-9560,0
1856,0,32768,0,-6144,31357,-9511,0
1857,0,32768,0,-6112,31372,-9464,0
1858,0,32768,0,-6080,31386,-9416,0
1859,0,32768,0,-6048,31400,-9368,0
1860,0,32768,0,-6016,31414,-9320,0
1861,0,32768,0,-5984,31429,-9272,1
1862,0,32768,0,-5952,31444,-9222,0
1863,0,32768,0,-5920,31457,-9174,0
1864,0,32768,0,-5888,31471,-9126,0
1865,0,32768,0,-5856,31485,-9078,0
1866,0,32768,0,-5824,31499,-9030,0
1867,0,32768,0,-5792,31513,-8982,0
1868,0,32768,0,-5760,31527,-8934,0
1869,0,32768,0,-5728,31541,-8884,-1
1870,0,32768,0,-5696,31554,-8836,-1
1871,0,32768,0,-5664,31568,-8788,0
1872,0,32768,0,-5632,31581,-8740,0
1873,0,32768,0,-5600,31595,-8691,0
1874,0,32768,0,-5568,31607,-8643,0
1875,0,32768,0,-5536,31621,-8595,0
1876,0,32768,0,-5504,31634,-8547,1
1877,0,32768,0,-5472,31647,-8497,0
1878,0,32768,0,-5440,31660,-8449,0
1879,0,32768,0,-5408,31673,-8400,0
1880,0,32768,0,-5376,31686,-8352,0
1881,0,32768,0,-5344,31698,-8303,1
1882,0,32768,0,-5312,31711,-8253,-1
1883,0,32768,0,-5280,31724,-8205,0
1884,0,32768,0,-5248,31737,-8156,0
1885,0,32768,0,-5216,31749,-8108,0
1886,0,32768,0,-5184,31762,-8060,0
1887,0,32768,0,-5152,31774,-8011,0
1888,0,32768,0,-5120,31786,-7963,0
1889,0,32768,0,-5088,31798,-7914,1
1890,0,32768,0,-5056,31811,-7864,0
1891,0,32768,0,-5024,31823,-7815,0
1892,0,32768,0,-4992,31834,-7766,0
1893,0,32768,0,-4960,31846,-7718,0
1894,0,32768,0,-4928,31858,-7669,0
1895,0,32768,0,-4896,31870,-7621,0
1896,0,32768,0,-4864,31881,-7572,0
1897,0,32768,0,-4832,31893,-7522,0
1898,0,32768,0,-4800,31904,-7473,0
1899,0,32768,0,-4768,31916,-7424,0
1900,0,32768,0,-4736,31927,-7375,0
1901,0,32768,0,-4704,31939,-7327,0
1902,0,32768,0,-4672,31949,-7278,0
1903,0,32768,0,-4640,31960,-7229,0
1904,0,32768,0,-4608,31972,-7179,-1
1905,0,32768,0,-4576,31983,-7130,-1
1906,0,32768,0,-4544,31994,-7081,0
1907,0,32768,0,-4512,32004,-7032,0
1908,0,32768,0,-4480,32015,-6983,0
1909,0,32768,0,-4448,32026,-6934,0
1910,0,32768,0,-4416,32036,-6886,0
1911,0,32768,0,-4384,32047,-6837,1
1912,0,32768,0,-4352,32058,-6786,-1
1913,0,32768,0,-4320,32068,-6737,0
1914,0,32768,0,-4288,32078,-6688,0
1915,0,32768,0,-4256,32089,-6639,0
1916,0,32768,0,-4224,32099,-6590,0
1917,0,32768,0,-4192,32109,-6539,-1
1918,0,32768,0,-4160,32119,-6491,0
1919,0,32768,0,-4128,32129,-6442,0
1920,0,32768,0,-4096,32139,-6393,0
1921,0,32768,0,-4064,32148,-6343,0
1922,0,32768,0,-4032,32158,-6294,0
1923,0,32768,0,-4000,32167,-6245,0
1924,0,32768,0,-3968,32177,-6196,1
1925,0,32768,0,-3936,32187,-6145,-1
1926,0,32768,0,-3904,32196,-6096,0
1927,0,32768,0,-3872,32205,-6047,0
1928,0,32768,0,-3840,32214,-5998,0
1929,0,32768,0,-3808,32223,-5949,0
1930,0,32768,0,-3776,32233,-5899,0
1931,0,32768,0,-3744,32242,-5850,0
1932,0,32768,0,-3712,32251,-5801,1
1933,0,32768,0,-3680,32260,-5750,-1
1934,0,32768,0,-3648,32269,-5701,0
1935,0,32768,0,-3616,32277,-5651,0
1936,0,32768,0,-3584,32286,-5602,0
1937,0,32768,0,-3552,32294,-5553,0
1938,0,32768,0,-3520,32303,-5504,0
1939,0,32768,0,-3488,32311,-5454,1
1940,0,32768,0,-3456,32320,-5403,-1
1941,0,32768,0,-3424,32328,-5354,0
1942,0,32768,0,-3392,32336,-5304,0
1943,0,32768,0,-3360,32344,-5255,0
1944,0,32768,0,-3328,32352,-5206,0
1945,0,32768,0,-3296,32360,-5156,0
1946,0,32768,0,-3264,32368,-5107,0
1947,0,32768,0,-3232,32376,-5058,1
1948,0,32768,0,-3200,32383,-5006,0
1949,0,32768,0,-3168,32391,-4957,0
1950,0,32768,0,-3136,32399,-4907,0
1951,0,32768,0,-3104,32406,-4858,0
1952,0,32768,0,-3072,32414,-4809,0
1953,0,32768,0,-3040,32421,-4759,0
1954,0,32768,0,-3008,32428,-4710,0
1955,0,32768,0,-2976,32436,-4658,-1
1956,0,32768,0,-2944,32443,-4609,0
1957,0,32768,0,-2912,32450,-4559,0
1958,0,32768,0,-2880,32456,-4510,0
1959,0,32768,0,-2848,32463,-4460,1
1960,0,32768,0,-2816,32470,-4409,-1
1961,0,32768,0,-2784,32477,-4359,0
1962,0,32768,0,-2752,32484,-4310,0
1963,0,32768,0,-2720,32490,-4260,0
1964,0,32768,0,-2688,32496,-4211,0
1965,0,32768,0,-2656,32503,-4161,0
1966,0,32768,0,-2624,32509,-4112,0
1967,0,32768,0,-2592,32515,-4062,1
1968,0,32768,0,-2560,32522,-4010,-1
1969,0,32768,0,-2528,32528,-3961,0
1970,0,32768,0,-2496,32534,-3911,0
1971,0,32768,0,-2464,32540,-3861,0
1972,0,32768,0,-2432,32546,-3812,0
1973,0,32768,0,-2400,32551,-3762,0
1974,0,32768,0,-2368,32557,-3712,0
1975,0,32768,0,-2336,32563,-3663,1
1976,0,32768,0,-2304,32569,-3611,0
1977,0,32768,0,-2272,32574,-3561,0
1978,0,32768,0,-2240,32579,-3512,0
1979,0,32768,0,-2208,32585,-3462,0
1980,0,32768,0,-2176,32590,-3412,0
1981,0,32768,0,-2144,32595,-3362,0
1982,0,32768,0,-2112,32600,-3313,1
1983,0,32768,0,-2080,32606,-3261,0
1984,0,32768,0,-2048,32610,-3211,0
1985,0,32768,0,-2016,32615,-3162,0
1986,0,32768,0,-1984,32620,-3112,0
1987,0,32768,0,-1952,32625,-3062,0
1988,0,32768,0,-1920,32629,-3012,0
1989,0,32768,0,-1888,32634,-2963,0
1990,0,32768,0,-1856,32639,-2911,-1
1991,0,32768,0,-1824,32643,-2861,0
1992,0,32768,0,-1792,32647,-2811,0
1993,0,32768,0,-1760,32652,-2761,0
1994,0,32768,0,-1728,32656,-2712,0
1995,0,32768,0,-1696,32660,-2662,0
1996,0,32768,0,-1664,32664,-2612,0
1997,0,32768,0,-1632,32668,-2562,1
1998,0,32768,0,-1600,32672,-2510,0
1999,0,32768,0,-1568,32675,-2460,0
2000,0,32768,0,-1536,32679,-2410,0
2001,0,32768,0,-1504,32683,-2361,0
2002,0,32768,0,-1472,32686,-2311,0
2003,0,32768,0,-1440,32690,-2261,1
2004,0,32768,0,-1408,32693,-2209,-1
2005,0,32768,0,-1376,32697,-2159,0
2006,0,32768,0,-1344,32700,-2109,0
2007,0,32768,0,-1312,32703,-2059,0
2008,0,32768,0,-1280,32706,-2009,0
2009,0,32768,0,-1248,32709,-1960,0
2010,0,32768,0,-1216,32712,-1910,0
2011,0,32768,0,-1184,32715,-1859,1
2012,0,32768,0,-1152,32718,-1808,0
2013,0,32768,0,-1120,32721,-1758,0
2014,0,32768,0,-1088,32724,-1708,0
2015,0,32768,0,-1056,32726,-1658,0
2016,0,32768,0,-1024,32729,-1608,0
2017,0,32768,0,-992,32731,-1558,0
2018,0,32768,0,-960,32733,-1508,1
2019,0,32768,0,-928,32736,-1456,0
2020,0,32768,0,-896,32738,-1406,0
2021,0,32768,0,-864,32740,-1356,0
2022,0,32768,0,-832,32742,-1306,0
2023,0,32768,0,-800,32744,-1257,0
2024,0,32768,0,-768,32746,-1207,0
2025,0,32768,0,-736,32748,-1156,0
2026,0,32768,0,-704,32750,-1105,-1
2027,0,32768,0,-672,32751,-1055,0
2028,0,32768,0,-640,32753,-1005,0
2029,0,32768,0,-608,32754,-955,0
2030,0,32768,0,-576,32756,-905,0
2031,0,32768,0,-544,32757,-855,0
2032,0,32768,0,-512,32758,-805,0
2033,0,32768,0,-480,32760,-755,1
2034,0,32768,0,-448,32761,-703,-1
2035,0,32768,0,-416,32762,-653,0
2036,0,32768,0,-384,32763,-603,0
2037,0,32768,0,-352,32764,-553,0
2038,0,32768,0,-320,32765,-503,0
2039,0,32768,0,-288,32765,-451,-1
2040,0,32768,0,-256,32765,-401,0
2041,0,32768,0,-224,32766,-351,0
2042,0,32768,0,-192,32767,-301,0
2043,0,32768,0,-160,32767,-251,0
2044,0,32768,0,-128,32767,-201,0
2045,0,32768,0,-96,32768,-151,0
2046,0,32768,0,-64,32768,-101,1
2047,0,32768,0,-32,32768,-49,0
2048,0,32768,0,0,32768,-1,0
2049,0,32768,0,32,32768,49,0
2050,0,32768,0,64,32768,101,-1
2051,0,32768,0,96,32768,151,0
2052,0,32768,0,128,32767,201,0
2053,0,32768,0,160,32767,251,0
2054,0,32768,0,192,32767,301,0
2055,0,32768,0,224,32766,351,0
2056,0,32768,0,256,32766,401,0
2057,0,32768,0,288,32765,451,1
2058,0,32768,0,320,32764,503,0
2059,0,32768,0,352,32763,553,0
2060,0,32768,0,384,32763,603,0
2061,0,32768,0,416,32762,653,0
2062,0,32768,0,448,32761,703,1
2063,0,32768,0,480,32759,755,-1
2064,0,32768,0,512,32758,805,0
2065,0,32768,0,544,32757,855,0
2066,0,32768,0,576,32755,905,0
2067,0,32768,0,608,32754,955,0
2068,0,32768,0,640,32753,1005,0
2069,0,32768,0,672,32751,1055,0
2070,0,32768,0,704,32750,1104,1
2071,0,32768,0,736,32748,1156,0
2072,0,32768,0,768,32746,1207,0
2073,0,32768,0,800,32744,1257,0
2074,0,32768,0,832,32742,1306,0
2075,0,32768,0,864,32740,1356,0
2076,0,32768,0,896,32738,1406,0
2077,0,32768,0,928,32736,1456,0
2078,0,32768,0,960,32734,1508,-1
2079,0,32768,0,992,32731,1558,0
2080,0,32768,0,1024,32729,1608,0
2081,0,32768,0,1056,32726,1658,0
2082,0,32768,0,1088,32724,1708,0
2083,0,32768,0,1120,32721,1758,0
2084,0,32768,0,1152,32718,1808,0
2085,0,32768,0,1184,32715,1860,-1
2086,0,32768,0,1216,32712,1910,0
2087,0,32768,0,1248,32709,1960,0
2088,0,32768,0,1280,32707,2009,0
2089,0,32768,0,1312,32703,2059,0
2090,0,32768,0,1344,32700,2109,0
2091,0,32768,0,1376,32697,2159,0
2092,0,32768,0,1408,32694,2209,1
2093,0,32768,0,1440,32690,2261,-1
2094,0,32768,0,1472,32687,2311,0
2095,0,32768,0,1504,32683,2361,0
2096,0,32768,0,1536,32679,2411,0
2097,0,32768,0,1568,32676,2460,0
2098,0,32768,0,1600,32672,2510,0
2099,0,32768,0,1632,32668,2562,-1
2100,0,32768,0,1664,32664,2612,0
2101,0,32768,0,1696,32660,2662,0
2102,0,32768,0,1728,32656,2712,0
2103,0,32768,0,1760,32651,2761,0
2104,0,32768,0,1792,32647,2811,0
2105,0,32768,0,1824,32643,2861,0
2106,0,32768,0,1856,32638,2911,1
2107,0,32768,0,1888,32634,2963,0
2108,0,32768,0,1920,32629,3012,0
2109,0,32768,0,1952,32625,3062,0
2110,0,32768,0,1984,32620,3112,0
2111,0,32768,0,2016,32615,3162,0
2112,0,32768,0,2048,32610,3211,0
2113,0,32768,0,2080,32605,3261,0
2114,0,32768,0,2112,32600,3313,-1
2115,0,32768,0,2144,32595,3363,0
2116,0,32768,0,2176,32590,3412,0
2117,0,32768,0,2208,32585,3462,0
2118,0,32768,0,2240,32580,3512,0
2119,0,32768,0,2272,32574,3561,0
2120,0,32768,0,2304,32568,3611,0
2121,0,32768,0,2336,32563,3663,-1
2122,0,32768,0,2368,32557,3712,0
2123,0,32768,0,2400,32551,3762,0
2124,0,32768,0,2432,32546,3812,0
2125,0,32768,0,2464,32540,3862,0
2126,0,32768,0,2496,32534,3911,0
2127,0,32768,0,2528,32528,3961,0
2128,0,32768,0,2560,32522,4010,1
2129,0,32768,0,2592,32515,4062,-1
2130,0,32768,0,2624,32509,4112,0
2131,0,32768,0,2656,32503,4161,0
2132,0,32768,0,2688,32497,4211,0
2133,0,32768,0,2720,32490,4260,0
2134,0,32768,0,2752,32483,4310,0
2135,0,32768,0,2784,32477,4359,0
2136,0,32768,0,2816,32470,4409,1
2137,0,32768,0,2848,32463,4460,-1
2138,0,32768,0,2880,32456,4510,0
2139,0,32768,0,2912,32449,4559,0
2140,0,32768,0,2944,32442,4609,0
2141,0,32768,0,2976,32435,4658,1
2142,0,32768,0,3008,32428,4710,0
2143,0,32768,0,3040,32421,4759,0
2144,0,32768,0,3072,32413,4809,0
2145,0,32768,0,3104,32406,4858,0
2146,0,32768,0,3136,32399,4907,0
2147,0,32768,0,3168,32391,4957,0
2148,0,32768,0,3200,32383,5006,0
2149,0,32768,0,3232,32375,5058,-1
2150,0,32768,0,3264,32368,5107,0
2151,0,32768,0,3296,32360,5156,0
2152,0,32768,0,3328,32352,5206,0
2153,0,32768,0,3360,32344,5255,0
2154,0,32768,0,3392,32336,5305,0
2155,0,32768,0,3424,32328,5354,0
2156,0,32768,0,3456,32320,5403,1
2157,0,32768,0,3488,32311,5454,-1
2158,0,32768,0,3520,32303,5504,0
2159,0,32768,0,3552,32294,5553,0
2160,0,32768,0,3584,32286,5602,0
2161,0,32768,0,3616,32277,5651,0
2162,0,32768,0,3648,32268,5701,0
2163,0,32768,0,3680,32260,5750,1
2164,0,32768,0,3712,32251,5801,-1
2165,0,32768,0,3744,32242,5850,0
2166,0,32768,0,3776,32233,5899,0
2167,0,32768,0,3808,32224,5949,0
2168,0,32768,0,3840,32215,5998,0
2169,0,32768,0,3872,32205,6047,0
2170,0,32768,0,3904,32196,6096,0
2171,0,32768,0,3936,32187,6145,1
2172,0,32768,0,3968,32177,6196,-1
2173,0,32768,0,4000,32168,6245,0
2174,0,32768,0,4032,32158,6294,0
2175,0,32768,0,4064,32148,6343,0
2176,0,32768,0,4096,32139,6393,0
2177,0,32768,0,4128,32129,6442,0
2178,0,32768,0,4160,32119,6491,0
2179,0,32768,0,4192,32109,6541,-1
2180,0,32768,0,4224,32099,6590,0
2181,0,32768,0,4256,32088,6639,0
2182,0,32768,0,4288,32078,6688,0
2183,0,32768,0,4320,32068,6737,0
2184,0,32768,0,4352,32057,6788,-1
2185,0,32768,0,4384,32047,6837,-1
2186,0,32768,0,4416,32037,6886,0
2187,0,32768,0,4448,32026,6934,0
2188,0,32768,0,4480,32015,6983,0
2189,0,32768,0,4512,32005,7032,0
2190,0,32768,0,4544,31994,7081,0
2191,0,32768,0,4576,31983,7130,1
2192,0,32768,0,4608,31972,7179,1
2193,0,32768,0,4640,31961,7229,0
2194,0,32768,0,4672,31950,7278,0
2195,0,32768,0,4704,31938,7327,0
2196,0,32768,0,4736,31927,7375,0
2197,0,32768,0,4768,31916,7424,0
2198,0,32768,0,4800,31905,7473,0
2199,0,32768,0,4832,31893,7522,0
2200,0,32768,0,4864,31881,7572,0
2201,0,32768,0,4896,31870,7621,0
2202,0,32768,0,4928,31858,7670,0
2203,0,32768,0,4960,31846,7718,0
2204,0,32768,0,4992,31835,7767,0
2205,0,32768,0,5024,31823,7815,0
2206,0,32768,0,5056,31810,7864,0
2207,0,32768,0,5088,31798,7914,-1
2208,0,32768,0,5120,31786,7963,0
2209,0,32768,0,5152,31774,8011,0
2210,0,32768,0,5184,31761,8060,0
2211,0,32768,0,5216,31749,8108,0
2212,0,32768,0,5248,31737,8156,0
2213,0,32768,0,5280,31724,8205,0
2214,0,32768,0,5312,31712,8253,1
2215,0,32768,0,5344,31699,8304,-1
2216,0,32768,0,5376,31686,8352,0
2217,0,32768,0,5408,31673,8400,0
2218,0,32768,0,5440,31660,8449,0
2219,0,32768,0,5472,31647,8497,0
2220,0,32768,0,5504,31634,8547,-1
2221,0,32768,0,5536,31621,8595,0
2222,0,32768,0,5568,31608,8643,0
2223,0,32768,0,5600,31594,8691,0
2224,0,32768,0,5632,31581,8740,0
2225,0,32768,0,5664,31568,8788,0
2226,0,32768,0,5696,31554,8836,1
2227,0,32768,0,5728,31541,8884,1
2228,0,32768,0,5760,31527,8934,0
2229,0,32768,0,5792,31513,8982,0
2230,0,32768,0,5824,31499,9030,0
2231,0,32768,0,5856,31485,9078,0
2232,0,32768,0,5888,31472,9126,0
2233,0,32768,0,5920,31458,9174,0
2234,0,32768,0,5952,31444,9222,0
2235,0,32768,0,5984,31429,9272,-1
2236,0,32768,0,6016,31415,9320,0
2237,0,32768,0,6048,31400,9368,0
2238,0,32768,0,6080,31386,9416,0
2239,0,32768,0,6112,31372,9464,0
2240,0,32768,0,6144,31357,9512,0
2241,0,32768,0,6176,31343,9560,0
2242,0,32768,0,6208,31328,9609,-1
2243,0,32768,0,6240,31313,9657,0
2244,0,32768,0,6272,31298,9705,0
2245,0,32768,0,6304,31283,9752,0
2246,0,32768,0,6336,31268,9800,0
2247,0,32768,0,6368,31253,9848,0
2248,0,32768,0,6400,31238,9896,0
2249,0,32768,0,6432,31223,9943,1
2250,0,32768,0,6464,31208,9993,-1
2251,0,32768,0,6496,31192,10041,0
2252,0,32768,0,6528,31177,10088,0
2253,0,32768,0,6560,31161,10136,0
2254,0,32768,0,6592,31146,10183,0
2255,0,32768,0,6624,31130,10230,0
2256,0,32768,0,6656,31115,10278,0
2257,0,32768,0,6688,31099,10325,1
2258,0,32768,0,6720,31082,10374,0
2259,0,32768,0,6752,31067,10422,0
2260,0,32768,0,6784,31051,10469,0
2261,0,32768,0,6816,31035,10517,1
2262,0,32768,0,6848,31018,10566,-1
2263,0,32768,0,6880,31002,10613,0
2264,0,32768,0,6912,30985,10660,0
2265,0,32768,0,6944,30969,10708,0
2266,0,32768,0,6976,30953,10755,0
2267,0,32768,0,7008,30936,10802,0
2268,0,32768,0,7040,30920,10849,0
2269,0,32768,0,7072,30903,10896,1
2270,0,32768,0,7104,30886,10945,0
2271,0,32768,0,7136,30869,10993,0
2272,0,32768,0,7168,30852,11040,0
2273,0,32768,0,7200,30836,11087,0
2274,0,32768,0,7232,30819,11134,0
2275,0,32768,0,7264,30802,11181,0
2276,0,32768,0,7296,30784,11228,1
2277,0,32768,0,7328,30767,11277,0
2278,0,32768,0,7360,30749,11323,0
2279,0,32768,0,7392,30732,11370,0
2280,0,32768,0,7424,30715,11417,0
2281,0,32768,0,7456,30697,11464,0
2282,0,32768,0,7488,30680,11511,0
2283,0,32768,0,7520,30662,11558,0
2284,0,32768,0,7552,30644,11606,-1
2285,0,32768,0,7584,30626,11653,0
2286,0,32768,0,7616,30608,11700,0
2287,0,32768,0,7648,30590,11747,0
2288,0,32768,0,7680,30572,11793,0
2289,0,32768,0,7712,30554,11840,0
2290,0,32768,0,7744,30536,11886,0
2291,0,32768,0,7776,30518,11933,1
2292,0,32768,0,7808,30499,11981,-1
2293,0,32768,0,7840,30481,12028,0
2294,0,32768,0,7872,30462,12074,0
2295,0,32768,0,7904,30444,12121,0
2296,0,32768,0,7936,30426,12167,1
2297,0,32768,0,7968,30406,12215,-1
2298,0,32768,0,8000,30388,12262,0
2299,0,32768,0,8032,30369,12308,0
2300,0,32768,0,8064,30350,12354,0
2301,0,32768,0,8096,30331,12401,0
2302,0,32768,0,8128,30312,12447,0
2303,0,32768,0,8160,30293,12493,0
2304,0,32768,0,8192,30274,12539,1
2305,0,32768,0,8224,30254,12587,0
2306,0,32768,0,8256,30235,12633,0
2307,0,32768,0,8288,30216,12680,0
2308,0,32768,0,8320,30196,12725,0
2309,0,32768,0,8352,30177,12772,0
2310,0,32768,0,8384,30157,12818,0
2311,0,32768,0,8416,30137,12864,0
2312,0,32768,0,8448,30117,12911,-1
2313,0,32768,0,8480,30098,12957,0
2314,0,32768,0,8512,30078,13003,0
2315,0,32768,0,8544,30058,13049,0
2316,0,32768,0,8576,30038,13095,0
2317,0,32768,0,8608,30018,13141,0
2318,0,32768,0,8640,29998,13187,0
2319,0,32768,0,8672,29977,13234,-1
2320,0,32768,0,8704,29957,13280,0
2321,0,32768,0,8736,29936,13325,0
2322,0,32768,0,8768,29916,13371,0
2323,0,32768,0,8800,29895,13417,0
2324,0,32768,0,8832,29875,13462,0
2325,0,32768,0,8864,29854,13508,0
2326,0,32768,0,8896,29834,13553,1
2327,0,32768,0,8928,29812,13601,-1
2328,0,32768,0,8960,29791,13646,0
2329,0,32768,0,8992,29771,13692,0
2330,0,32768,0,9024,29750,13737,0
2331,0,32768,0,9056,29729,13782,0
2332,0,32768,0,9088,29708,13828,0
2333,0,32768,0,9120,29687,13873,0
2334,0,32768,0,9152,29665,13918,1
2335,0,32768,0,9184,29643,13965,-1
2336,0,32768,0,9216,29622,14011,0
2337,0,32768,0,9248,29600,14056,0
2338,0,32768,0,9280,29579,14101,0
2339,0,32768,0,9312,29557,14146,1
2340,0,32768,0,9344,29535,14193,-1
2341,0,32768,0,9376,29513,14238,0
2342,0,32768,0,9408,29492,14283,0
2343,0,32768,0,9440,29470,14327,0
2344,0,32768,0,9472,29448,14373,0
2345,0,32768,0,9504,29426,14417,0
2346,0,32768,0,9536,29404,14462,0
2347,0,32768,0,9568,29381,14509,-1
2348,0,32768,0,9600,29359,14554,-1
2349,0,32768,0,9632,29337,14598,0
2350,0,32768,0,9664,29314,14643,0
2351,0,32768,0,9696,29292,14688,0
2352,0,32768,0,9728,29269,14733,0
2353,0,32768,0,9760,29247,14777,0
2354,0,32768,0,9792,29224,14822,1
2355,0,32768,0,9824,29202,14866,1
2356,0,32768,0,9856,29178,14913,0
2357,0,32768,0,9888,29155,14957,0
2358,0,32768,0,9920,29132,15002,0
2359,0,32768,0,9952,29109,15046,0
2360,0,32768,0,9984,29086,15091,0
2361,0,32768,0,10016,29063,15135,1
2362,0,32768,0,10048,29040,15179,1
2363,0,32768,0,10080,29016,15225,0
2364,0,32768,0,10112,28993,15270,0
2365,0,32768,0,10144,28969,15314,0
2366,0,32768,0,10176,28946,15358,0
2367,0,32768,0,10208,28923,15402,0
2368,0,32768,0,10240,28899,15446,0
2369,0,32768,0,10272,28876,15490,0
2370,0,32768,0,10304,28851,15536,-1
2371,0,32768,0,10336,28827,15580,0
2372,0,32768,0,10368,28803,15624,0
2373,0,32768,0,10400,28779,15668,0
2374,0,32768,0,10432,28756,15712,0
2375,0,32768,0,10464,28732,15756,0
2376,0,32768,0,10496,28708,15800,0
2377,0,32768,0,10528,28684,15843,1
2378,0,32768,0,10560,28658,15888,0
2379,0,32768,0,10592,28634,15932,0
2380,0,32768,0,10624,28610,15976,0
2381,0,32768,0,10656,28585,16020,0
2382,0,32768,0,10688,28560,16065,-1
2383,0,32768,0,10720,28535,16108,-1
2384,0,32768,0,10752,28511,16152,0
2385,0,32768,0,10784,28486,16195,0
2386,0,32768,0,10816,28461,16239,0
2387,0,32768,0,10848,28437,16282,0
2388,0,32768,0,10880,28412,16326,0
2389,0,32768,0,10912,28387,16369,1
2390,0,32768,0,10944,28362,16412,1
2391,0,32768,0,10976,28336,16457,0
2392,0,32768,0,11008,28311,16500,0
2393,0,32768,0,11040,28285,16544,0
2394,0,32768,0,11072,28260,16587,0
2395,0,32768,0,11104,28235,16630,0
2396,0,32768,0,11136,28209,16673,0
2397,0,32768,0,11168,28184,16716,0
2398,0,32768,0,11200,28157,16761,0
2399,0,32768,0,11232,28132,16803,0
2400,0,32768,0,11264,28106,16847,0
2401,0,32768,0,11296,28080,16889,0
2402,0,32768,0,11328,28054,16932,0
2403,0,32768,0,11360,28029,16975,0
2404,0,32768,0,11392,28003,17018,0
2405,0,32768,0,11424,27976,17062,-1
2406,0,32768,0,11456,27950,17105,0
2407,0,32768,0,11488,27923,17147,0
2408,0,32768,0,11520,27897,17190,0
2409,0,32768,0,11552,27871,17233,0
2410,0,32768,0,11584,27845,17275,0
2411,0,32768,0,11616,27818,17317,0
2412,0,32768,0,11648,27792,17360,1
2413,0,32768,0,11680,27764,17404,-1
2414,0,32768,0,11712,27738,17446,0
2415,0,32768,0,11744,27711,17488,0
2416,0,32768,0,11776,27684,17531,0
2417,0,32768,0,11808,27658,17573,0
2418,0,32768,0,11840,27631,17615,1
2419,0,32768,0,11872,27603,17659,-1
2420,0,32768,0,11904,27576,17701,0
2421,0,32768,0,11936,27549,17743,0
2422,0,32768,0,11968,27522,17785,0
2423,0,32768,0,12000,27494,17827,0
2424,0,32768,0,12032,27467,17869,0
2425,0,32768,0,12064,27440,17911,0
2426,0,32768,0,12096,27411,17954,-1
2427,0,32768,0,12128,27384,17996,0
2428,0,32768,0,12160,27356,18038,0
2429,0,32768,0,12192,27329,18080,0
2430,0,32768,0,12224,27301,18121,0
2431,0,32768,0,12256,27274,18163,0
2432,0,32768,0,12288,27246,18204,0
2433,0,32768,0,12320,27218,18246,1
2434,0,32768,0,12352,27189,18289,-1
2435,0,32768,0,12384,27161,18331,0
2436,0,32768,0,12416,27133,18372,0
2437,0,32768,0,12448,27105,18413,0
2438,0,32768,0,12480,27077,18455,0
2439,0,32768,0,12512,27049,18496,0
2440,0,32768,0,12544,27021,18537,1
2441,0,32768,0,12576,26991,18580,-1
2442,0,32768,0,12608,26963,18621,0
2443,0,32768,0,12640,26934,18663,0
2444,0,32768,0,12672,26906,18704,0
2445,0,32768,0,12704,26877,18745,0
2446,0,32768,0,12736,26849,18786,0
2447,0,32768,0,12768,26820,18826,0
2448,0,32768,0,12800,26791,18867,1
2449,0,32768,0,12832,26761,18910,-1
2450,0,32768,0,12864,26732,18951,0
2451,0,32768,0,12896,26703,18991,0
2452,0,32768,0,12928,26674,19032,0
2453,0,32768,0,12960,26645,19073,0
2454,0,32768,0,12992,26616,19113,0
2455,0,32768,0,13024,26587,19154,0
2456,0,32768,0,13056,26558,19195,1
2457,0,32768,0,13088,26527,19236,0
2458,0,32768,0,13120,26498,19277,0
2459,0,32768,0,13152,26469,19317,0
2460,0,32768,0,13184,26439,19358,0
2461,0,32768,0,13216,26408,19400,-1
2462,0,32768,0,13248,26379,19440,0
2463,0,32768,0,13280,26349,19480,0
2464,0,32768,0,13312,26319,19520,0
2465,0,32768,0,13344,26290,19560,0
2466,0,32768,0,13376,26260,19600,0
2467,0,32768,0,13408,26230,19640,0
2468,0,32768,0,13440,26200,19680,1
2469,0,32768,0,13472,26168,19722,-1
2470,0,32768,0,13504,26138,19762,0
2471,0,32768,0,13536,26108,19802,0
2472,0,32768,0,13568,26078,19842,0
2473,0,32768,0,13600,26048,19881,0
2474,0,32768,0,13632,26017,19921,0
2475,0,32768,0,13664,25987,19961,0
2476,0,32768,0,13696,25956,20000,1
2477,0,32768,0,13728,25925,20042,-1
2478,0,32768,0,13760,25894,20081,0
2479,0,32768,0,13792,25863,20121,0
2480,0,32768,0,13824,25833,20160,0
2481,0,32768,0,13856,25802,20199,0
2482,0,32768,0,13888,25771,20239,0
2483,0,32768,0,13920,25740,20278,1
2484,0,32768,0,13952,25708,20319,-1
2485,0,32768,0,13984,25677,20358,0
2486,0,32768,0,14016,25646,20397,0
2487,0,32768,0,14048,25615,20436,0
2488,0,32768,0,14080,25583,20475,0
2489,0,32768,0,14112,25552,20514,0
2490,0,32768,0,14144,25521,20553,0
2491,0,32768,0,14176,25489,20592,1
2492,0,32768,0,14208,25457,20633,0
2493,0,32768,0,14240,25425,20671,0
2494,0,32768,0,14272,25394,20710,0
2495,0,32768,0,14304,25362,20749,0
2496,0,32768,0,14336,25330,20787,0
2497,0,32768,0,14368,25299,20826,0
2498,0,32768,0,14400,25267,20865,0
2499,0,32768,0,14432,25234,20905,0
2500,0,32768,0,14464,25202,20943,0
2501,0,32768,0,14496,25170,20981,0
2502,0,32768,0,14528,25138,21020,0
2503,0,32768,0,14560,25106,21058,0
2504,0,32768,0,14592,25072,21098,-1
2505,0,32768,0,14624,25040,21136,-1
2506,0,32768,0,14656,25008,21174,0
2507,0,32768,0,14688,24976,21212,0
2508,0,32768,0,14720,24943,21250,0
2509,0,32768,0,14752,24910,21289,0
2510,0,32768,0,14784,24878,21327,0
2511,0,32768,0,14816,24846,21365,1
2512,0,32768,0,14848,24812,21404,-1
2513,0,32768,0,14880,24779,21442,0
2514,0,32768,0,14912,24746,21480,0
2515,0,32768,0,14944,24713,21517,0
2516,0,32768,0,14976,24681,21555,0
2517,0,32768,0,15008,24648,21593,0
2518,0,32768,0,15040,24615,21630,0
2519,0,32768,0,15072,24580,21669,-1
2520,0,32768,0,15104,24547,21707,0
2521,0,32768,0,15136,24514,21744,0
2522,0,32768,0,15168,24481,21781,0
2523,0,32768,0,15200,24448,21819,0
2524,0,32768,0,15232,24414,21856,0
2525,0,32768,0,15264,24381,21893,0
2526,0,32768,0,15296,24348,21930,1
2527,0,32768,0,15328,24313,21969,-1
2528,0,32768,0,15360,24279,22006,0
2529,0,32768,0,15392,24246,22043,0
2530,0,32768,0,15424,24212,22080,0
2531,0,32768,0,15456,24178,22117,0
2532,0,32768,0,15488,24144,22154,0
2533,0,32768,0,15520,24111,22191,0
2534,0,32768,0,15552,24077,22227,1
2535,0,32768,0,15584,24041,22266,-1
2536,0,32768,0,15616,24008,22302,0
2537,0,32768,0,15648,23973,22339,0
2538,0,32768,0,15680,23939,22375,0
2539,0,32768,0,15712,23905,22412,0
2540,0,32768,0,15744,23870,22450,-1
2541,0,32768,0,15776,23835,22486,0
2542,0,32768,0,15808,23801,22522,0
2543,0,32768,0,15840,23767,22558,0
2544,0,32768,0,15872,23732,22595,0
2545,0,32768,0,15904,23698,22631,0
2546,0,32768,0,15936,23663,22667,1
2547,0,32768,0,15968,23627,22705,-1
2548,0,32768,0,16000,23593,22741,0
2549,0,32768,0,16032,23558,22777,0
2550,0,32768,0,16064,23523,22812,0
2551,0,32768,0,16096,23488,22849,0
2552,0,32768,0,16128,23453,22884,0
2553,0,32768,0,16160,23418,22920,0
2554,0,32768,0,16192,23383,22955,1
2555,0,32768,0,16224,23347,22993,-1
2556,0,32768,0,16256,23312,23028,0
2557,0,32768,0,16288,23277,23064,0
2558,0,32768,0,16320,23242,23099,0
2559,0,32768,0,16352,23206,23135,0
2560,0,32768,0,16384,23170,23171,0
2561,0,32768,0,16416,23135,23206,0
2562,0,32768,0,16448,23099,23242,0
2563,0,32768,0,16480,23064,23277,0
2564,0,32768,0,16512,23028,23312,0
2565,0,32768,0,16544,22993,23347,1
2566,0,32768,0,16576,22955,23383,-1
2567,0,32768,0,16608,22920,23418,0
2568,0,32768,0,16640,22884,23453,0
2569,0,32768,0,16672,22849,23488,0
2570,0,32768,0,16704,22812,23523,0
2571,0,32768,0,16736,22777,23558,0
2572,0,32768,0,16768,22741,23593,0
2573,0,32768,0,16800,22703,23629,-1
2574,0,32768,0,16832,22667,23663,-1
2575,0,32768,0,16864,22631,23698,0
2576,0,32768,0,16896,22595,23732,0
2577,0,32768,0,16928,22558,23767,0
2578,0,32768,0,16960,22522,23801,0
2579,0,32768,0,16992,22486,23835,0
2580,0,32768,0,17024,22450,23870,1
2581,0,32768,0,17056,22412,23905,0
2582,0,32768,0,17088,22375,23939,0
2583,0,32768,0,17120,22339,23973,0
2584,0,32768,0,17152,22302,24008,0
2585,0,32768,0,17184,22266,24041,1
2586,0,32768,0,17216,22227,24077,-1
2587,0,32768,0,17248,22191,24111,0
2588,0,32768,0,17280,22154,24144,0
2589,0,32768,0,17312,22117,24178,0
2590,0,32768,0,17344,22080,24212,0
2591,0,32768,0,17376,22043,24246,0
2592,0,32768,0,17408,22006,24279,0
2593,0,32768,0,17440,21969,24313,1
2594,0,32768,0,17472,21930,24348,-1
2595,0,32768,0,17504,21893,24381,0
2596,0,32768,0,17536,21856,24414,0
2597,0,32768,0,17568,21819,24448,0
2598,0,32768,0,17600,21781,24481,0
2599,0,32768,0,17632,21744,24514,0
2600,0,32768,0,17664,21707,24547,0
2601,0,32768,0,17696,21668,24582,-1
2602,0,32768,0,17728,21630,24615,0
2603,0,32768,0,17760,21593,24648,0
2604,0,32768,0,17792,21555,24681,0
2605,0,32768,0,17824,21517,24713,0
2606,0,32768,0,17856,21480,24746,0
2607,0,32768,0,17888,21442,24779,0
2608,0,32768,0,17920,21402,24813,-1
2609,0,32768,0,17952,21365,24846,-1
2610,0,32768,0,17984,21327,24878,0
2611,0,32768,0,18016,21289,24910,0
2612,0,32768,0,18048,21250,24943,0
2613,0,32768,0,18080,21212,24976,0
2614,0,32768,0,18112,21174,25008,0
2615,0,32768,0,18144,21136,25040,1
2616,0,32768,0,18176,21098,25072,1
2617,0,32768,0,18208,21058,25106,0
2618,0,32768,0,18240,21020,25138,0
2619,0,32768,0,18272,20981,25170,0
2620,0,32768,0,18304,20943,25202,0
2621,0,32768,0,18336,20905,25234,0
2622,0,32768,0,18368,20865,25267,0
2623,0,32768,0,18400,20826,25299,0
2624,0,32768,0,18432,20787,25330,0
2625,0,32768,0,18464,20749,25362,0
2626,0,32768,0,18496,20710,25394,0
2627,0,32768,0,18528,20671,25425,0
2628,0,32768,0,18560,20633,25457,0
2629,0,32768,0,18592,20592,25489,-1
2630,0,32768,0,18624,20553,25521,0
2631,0,32768,0,18656,20514,25552,0
2632,0,32768,0,18688,20475,25583,0
2633,0,32768,0,18720,20436,25615,0
2634,0,32768,0,18752,20397,25646,0
2635,0,32768,0,18784,20358,25677,0
2636,0,32768,0,18816,20319,25708,1
2637,0,32768,0,18848,20278,25740,-1
2638,0,32768,0,18880,20239,25771,0
2639,0,32768,0,18912,20199,25802,0
2640,0,32768,0,18944,20160,25833,0
2641,0,32768,0,18976,20121,25863,0
2642,0,32768,0,19008,20081,25894,0
2643,0,32768,0,19040,20042,25925,1
2644,0,32768,0,19072,20000,25956,-1
2645,0,32768,0,19104,19961,25987,0
2646,0,32768,0,19136,19921,26017,0
2647,0,32768,0,19168,19881,26048,0
2648,0,32768,0,19200,19842,26078,0
2649,0,32768,0,19232,19802,26108,0
2650,0,32768,0,19264,19762,26138,0
2651,0,32768,0,19296,19722,26168,1
2652,0,32768,0,19328,19680,26200,-1
2653,0,32768,0,19360,19640,26230,0
2654,0,32768,0,19392,19600,26260,0
2655,0,32768,0,19424,19560,26290,0
2656,0,32768,0,19456,19520,26319,0
2657,0,32768,0,19488,19480,26349,0
2658,0,32768,0,19520,19440,26379,0
2659,0,32768,0,19552,19398,26410,-1
2660,0,32768,0,19584,19358,26439,0
2661,0,32768,0,19616,19317,26469,0
2662,0,32768,0,19648,19277,26498,0
2663,0,32768,0,19680,19236,26527,0
2664,0,32768,0,19712,19195,26558,-1
2665,0,32768,0,19744,19154,26587,0
2666,0,32768,0,19776,19113,26616,0
2667,0,32768,0,19808,19073,26645,0
2668,0,32768,0,19840,19032,26674,0
2669,0,32768,0,19872,18991,26703,0
2670,0,32768,0,19904,18951,26732,0
2671,0,32768,0,19936,18910,26761,1
2672,0,32768,0,19968,18867,26791,-1
2673,0,32768,0,20000,18826,26820,0
2674,0,32768,0,20032,18786,26849,0
2675,0,32768,0,20064,18745,26877,0
2676,0,32768,0,20096,18704,26906,0
2677,0,32768,0,20128,18663,26934,0
2678,0,32768,0,20160,18621,26963,0
2679,0,32768,0,20192,18580,26991,1
2680,0,32768,0,20224,18537,27021,-1
2681,0,32768,0,20256,18496,27049,0
2682,0,32768,0,20288,18455,27077,0
2683,0,32768,0,20320,18413,27105,0
2684,0,32768,0,20352,18372,27133,0
2685,0,32768,0,20384,18331,27161,0
2686,0,32768,0,20416,18289,27189,1
2687,0,32768,0,20448,18246,27218,-1
2688,0,32768,0,20480,18204,27246,0
2689,0,32768,0,20512,18163,27274,0
2690,0,32768,0,20544,18121,27301,0
2691,0,32768,0,20576,18080,27329,0
2692,0,32768,0,20608,18038,27356,0
2693,0,32768,0,20640,17996,27384,0
2694,0,32768,0,20672,17953,27413,-1
2695,0,32768,0,20704,17911,27440,0
2696,0,32768,0,20736,17869,27467,0
2697,0,32768,0,20768,17827,27494,0
2698,0,32768,0,20800,17785,27522,0
2699,0,32768,0,20832,17743,27549,0
2700,0,32768,0,20864,17701,27576,0
2701,0,32768,0,20896,17659,27603,1
2702,0,32768,0,20928,17615,27631,-1
2703,0,32768,0,20960,17573,27658,0
2704,0,32768,0,20992,17531,27684,0
2705,0,32768,0,21024,17488,27711,0
2706,0,32768,0,21056,17446,27738,0
2707,0,32768,0,21088,17404,27764,1
2708,0,32768,0,21120,17360,27792,-1
2709,0,32768,0,21152,17317,27818,0
2710,0,32768,0,21184,17275,27845,0
2711,0,32768,0,21216,17233,27871,0
2712,0,32768,0,21248,17190,27897,0
2713,0,32768,0,21280,17147,27923,0
2714,0,32768,0,21312,17105,27950,0
2715,0,32768,0,21344,17062,27976,1
2716,0,32768,0,21376,17018,28003,0
2717,0,32768,0,21408,16975,28029,0
2718,0,32768,0,21440,16932,28054,0
2719,0,32768,0,21472,16889,28080,0
2720,0,32768,0,21504,16847,28106,0
2721,0,32768,0,21536,16803,28132,0
2722,0,32768,0,21568,16761,28157,0
2723,0,32768,0,21600,16716,28184,0
2724,0,32768,0,21632,16673,28209,0
2725,0,32768,0,21664,16630,28235,0
2726,0,32768,0,21696,16587,28260,0
2727,0,32768,0,21728,16544,28285,0
2728,0,32768,0,21760,16500,28311,0
2729,0,32768,0,21792,16457,28336,0
2730,0,32768,0,21824,16412,28362,-1
2731,0,32768,0,21856,16369,28387,-1
2732,0,32768,0,21888,16326,28412,0
2733,0,32768,0,21920,16282,28437,0
2734,0,32768,0,21952,16239,28461,0
2735,0,32768,0,21984,16195,28486,0
2736,0,32768,0,22016,16152,28511,0
2737,0,32768,0,22048,16108,28535,1
2738,0,32768,0,22080,16063,28561,-1
2739,0,32768,0,22112,16020,28585,0
2740,0,32768,0,22144,15976,28610,0
2741,0,32768,0,22176,15932,28634,0
2742,0,32768,0,22208,15888,28658,0
2743,0,32768,0,22240,15843,28684,-1
2744,0,32768,0,22272,15800,28708,0
2745,0,32768,0,22304,15756,28732,0
2746,0,32768,0,22336,15712,28756,0
2747,0,32768,0,22368,15668,28779,0
2748,0,32768,0,22400,15624,28803,0
2749,0,32768,0,22432,15580,28827,0
2750,0,32768,0,22464,15536,28851,1
2751,0,32768,0,22496,15490,28876,0
2752,0,32768,0,22528,15446,28899,0
2753,0,32768,0,22560,15402,28923,0
2754,0,32768,0,22592,15358,28946,0
2755,0,32768,0,22624,15314,28969,0
2756,0,32768,0,22656,15270,28993,0
2757,0,32768,0,22688,15225,29016,0
2758,0,32768,0,22720,15179,29040,-1
2759,0,32768,0,22752,15135,29063,-1
2760,0,32768,0,22784,15091,29086,0
2761,0,32768,0,22816,15046,29109,0
2762,0,32768,0,22848,15002,29132,0
2763,0,32768,0,22880,14957,29155,0
2764,0,32768,0,22912,14913,29178,0
2765,0,32768,0,22944,14866,29202,-1
2766,0,32768,0,22976,14822,29224,-1
2767,0,32768,0,23008,14777,29247,0
2768,0,32768,0,23040,14733,29269,0
2769,0,32768,0,23072,14688,29292,0
2770,0,32768,0,23104,14643,29314,0
2771,0,32768,0,23136,14598,29337,0
2772,0,32768,0,23168,14554,29359,1
2773,0,32768,0,23200,14507,29382,-1
2774,0,32768,0,23232,14462,29404,0
2775,0,32768,0,23264,14417,29426,0
2776,0,32768,0,23296,14373,29448,0
2777,0,32768,0,23328,14327,29470,0
2778,0,32768,0,23360,14283,29492,0
2779,0,32768,0,23392,14238,29513,0
2780,0,32768,0,23424,14193,29535,1
2781,0,32768,0,23456,14146,29557,-1
2782,0,32768,0,23488,14101,29579,0
2783,0,32768,0,23520,14056,29600,0
2784,0,32768,0,23552,14011,29622,0
2785,0,32768,0,23584,13965,29643,1
2786,0,32768,0,23616,13918,29665,-1
2787,0,32768,0,23648,13873,29687,0
2788,0,32768,0,23680,13828,29708,0
2789,0,32768,0,23712,13782,29729,0
2790,0,32768,0,23744,13737,29750,0
2791,0,32768,0,23776,13692,29771,0
2792,0,32768,0,23808,13646,29791,0
2793,0,32768,0,23840,13601,29812,1
2794,0,32768,0,23872,13553,29834,-1
2795,0,32768,0,23904,13508,29854,0
2796,0,32768,0,23936,13462,29875,0
2797,0,32768,0,23968,13417,29895,0
2798,0,32768,0,24000,13371,29916,0
2799,0,32768,0,24032,13325,29936,0
2800,0,32768,0,24064,13280,29957,0
2801,0,32768,0,24096,13234,29977,1
2802,0,32768,0,24128,13187,29998,0
2803,0,32768,0,24160,13141,30018,0
2804,0,32768,0,24192,13095,30038,0
2805,0,32768,0,24224,13049,30058,0
2806,0,32768,0,24256,13003,30078,0
2807,0,32768,0,24288,12957,30098,0
2808,0,32768,0,24320,12911,30117,1
2809,0,32768,0,24352,12864,30137,0
2810,0,32768,0,24384,12818,30157,0
2811,0,32768,0,24416,12772,30177,0
2812,0,32768,0,24448,12725,30196,0
2813,0,32768,0,24480,12680,30216,0
2814,0,32768,0,24512,12633,30235,0
2815,0,32768,0,24544,12587,30254,0
2816,0,32768,0,24576,12539,30274,-1
2817,0,32768,0,24608,12493,30293,0
2818,0,32768,0,24640,12447,30312,0
2819,0,32768,0,24672,12401,30331,0
2820,0,32768,0,24704,12354,30350,0
2821,0,32768,0,24736,12308,30369,0
2822,0,32768,0,24768,12262,30388,0
2823,0,32768,0,24800,12215,30406,1
2824,0,32768,0,24832,12167,30426,-1
2825,0,32768,0,24864,12121,30444,0
2826,0,32768,0,24896,12074,30462,0
2827,0,32768,0,24928,12028,30481,0
2828,0,32768,0,24960,11981,30499,1
2829,0,32768,0,24992,11933,30518,-1
2830,0,32768,0,25024,11886,30536,0
2831,0,32768,0,25056,11840,30554,0
2832,0,32768,0,25088,11793,30572,0
2833,0,32768,0,25120,11747,30590,0
2834,0,32768,0,25152,11700,30608,0
2835,0,32768,0,25184,11653,30626,0
2836,0,32768,0,25216,11606,30644,1
2837,0,32768,0,25248,11558,30662,0
2838,0,32768,0,25280,11511,30680,0
2839,0,32768,0,25312,11464,30697,0
2840,0,32768,0,25344,11417,30715,0
2841,0,32768,0,25376,11370,30732,0
2842,0,32768,0,25408,11323,30749,0
2843,0,32768,0,25440,11277,30767,0
2844,0,32768,0,25472,11228,30784,-1
2845,0,32768,0,25504,11181,30802,0
2846,0,32768,0,25536,11134,30819,0
2847,0,32768,0,25568,11087,30836,0
2848,0,32768,0,25600,11040,30852,0
2849,0,32768,0,25632,10993,30869,0
2850,0,32768,0,25664,10945,30886,0
2851,0,32768,0,25696,10896,30903,-1
2852,0,32768,0,25728,10849,30920,0
2853,0,32768,0,25760,10802,30936,0
2854,0,32768,0,25792,10755,30953,0
2855,0,32768,0,25824,10708,30969,0
2856,0,32768,0,25856,10660,30985,0
2857,0,32768,0,25888,10613,31002,0
2858,0,32768,0,25920,10566,31018,1
2859,0,32768,0,25952,10517,31035,-1
2860,0,32768,0,25984,10469,31051,0
2861,0,32768,0,26016,10422,31067,0
2862,0,32768,0,26048,10374,31082,0
2863,0,32768,0,26080,10325,31099,-1
2864,0,32768,0,26112,10278,31115,0
2865,0,32768,0,26144,10230,31130,0
2866,0,32768,0,26176,10183,31146,0
2867,0,32768,0,26208,10136,31161,0
2868,0,32768,0,26240,10088,31177,0
2869,0,32768,0,26272,10041,31192,0
2870,0,32768,0,26304,9993,31208,1
2871,0,32768,0,26336,9943,31223,-1
2872,0,32768,0,26368,9896,31238,0
2873,0,32768,0,26400,9848,31253,0
2874,0,32768,0,26432,9800,31268,0
2875,0,32768,0,26464,9752,31283,0
2876,0,32768,0,26496,9705,31298,0
2877,0,32768,0,26528,9657,31313,0
2878,0,32768,0,26560,9609,31328,1
2879,0,32768,0,26592,9560,31343,0
2880,0,32768,0,26624,9512,31357,0
2881,0,32768,0,26656,9464,31372,0
2882,0,32768,0,26688,9416,31386,0
2883,0,32768,0,26720,9368,31400,0
2884,0,32768,0,26752,9320,31415,0
2885,0,32768,0,26784,9272,31429,1
2886,0,32768,0,26816,9222,31444,0
2887,0,32768,0,26848,9174,31458,0
2888,0,32768,0,26880,9126,31472,0
2889,0,32768,0,26912,9078,31485,0
2890,0,32768,0,26944,9030,31499,0
2891,0,32768,0,26976,8982,31513,0
2892,0,32768,0,27008,8934,31527,0
2893,0,32768,0,27040,8884,31541,-1
2894,0,32768,0,27072,8836,31554,-1
2895,0,32768,0,27104,8788,31568,0
2896,0,32768,0,27136,8740,31581,0
2897,0,32768,0,27168,8691,31594,0
2898,0,32768,0,27200,8643,31608,0
2899,0,32768,0,27232,8595,31621,0
2900,0,32768,0,27264,8547,31634,1
2901,0,32768,0,27296,8497,31647,0
2902,0,32768,0,27328,8449,31660,0
2903,0,32768,0,27360,8400,31673,0
2904,0,32768,0,27392,8352,31686,0
2905,0,32768,0,27424,8304,31699,1
2906,0,32768,0,27456,8253,31712,-1
2907,0,32768,0,27488,8205,31724,0
2908,0,32768,0,27520,8156,31737,0
2909,0,32768,0,27552,8108,31749,0
2910,0,32768,0,27584,8060,31761,0
2911,0,32768,0,27616,8011,31774,0
2912,0,32768,0,27648,7963,31786,0
2913,0,32768,0,27680,7914,31798,1
2914,0,32768,0,27712,7864,31810,0
2915,0,32768,0,27744,7815,31823,0
2916,0,32768,0,27776,7767,31835,0
2917,0,32768,0,27808,7718,31846,0
2918,0,32768,0,27840,7670,31858,0
2919,0,32768,0,27872,7621,31870,0
2920,0,32768,0,27904,7572,31881,0
2921,0,32768,0,27936,7522,31893,0
2922,0,32768,0,27968,7473,31905,0
2923,0,32768,0,28000,7424,31916,0
2924,0,32768,0,28032,7375,31927,0
2925,0,32768,0,28064,7327,31938,0
2926,0,32768,0,28096,7278,31950,0
2927,0,32768,0,28128,7229,31961,0
2928,0,32768,0,28160,7179,31972,-1
2929,0,32768,0,28192,7130,31983,-1
2930,0,32768,0,28224,7081,31994,0
2931,0,32768,0,28256,7032,32005,0
2932,0,32768,0,28288,6983,32015,0
2933,0,32768,0,28320,6934,32026,0
2934,0,32768,0,28352,6886,32037,0
2935,0,32768,0,28384,6837,32047,1
2936,0,32768,0,28416,6786,32058,-1
2937,0,32768,0,28448,6737,32068,0
2938,0,32768,0,28480,6688,32078,0
2939,0,32768,0,28512,6639,32088,0
2940,0,32768,0,28544,6590,32099,0
2941,0,32768,0,28576,6539,32109,-1
2942,0,32768,0,28608,6491,32119,0
2943,0,32768,0,28640,6442,32129,0
2944,0,32768,0,28672,6393,32139,0
2945,0,32768,0,28704,6343,32148,0
2946,0,32768,0,28736,6294,32158,0
2947,0,32768,0,28768,6245,32168,0
2948,0,32768,0,28800,6196,32177,1
2949,0,32768,0,28832,6145,32187,-1
2950,0,32768,0,28864,6096,32196,0
2951,0,32768,0,28896,6047,32205,0
2952,0,32768,0,28928,5998,32215,0
2953,0,32768,0,28960,5949,32224,0
2954,0,32768,0,28992,5899,32233,0
2955,0,32768,0,29024,5850,32242,0
2956,0,32768,0,29056,5801,32251,1
2957,0,32768,0,29088,5750,32260,-1
2958,0,32768,0,29120,5701,32268,0
2959,0,32768,0,29152,5651,32277,0
2960,0,32768,0,29184,5602,32286,0
2961,0,32768,0,29216,5553,32294,0
2962,0,32768,0,29248,5504,32303,0
2963,0,32768,0,29280,5454,32311,1
2964,0,32768,0,29312,5403,32320,-1
2965,0,32768,0,29344,5354,32328,0
2966,0,32768,0,29376,5305,32336,0
2967,0,32768,0,29408,5255,32344,0
2968,0,32768,0,29440,5206,32352,0
2969,0,32768,0,29472,5156,32360,0
2970,0,32768,0,29504,5107,32368,0
2971,0,32768,0,29536,5058,32375,1
2972,0,32768,0,29568,5006,32383,0
2973,0,32768,0,29600,4957,32391,0
2974,0,32768,0,29632,4907,32399,0
2975,0,32768,0,29664,4858,32406,0
2976,0,32768,0,29696,4809,32413,0
2977,0,32768,0,29728,4759,32421,0
2978,0,32768,0,29760,4710,32428,0
2979,0,32768,0,29792,4658,32435,-1
2980,0,32768,0,29824,4609,32442,0
2981,0,32768,0,29856,4559,32449,0
2982,0,32768,0,29888,4510,32456,0
2983,0,32768,0,29920,4460,32463,1
2984,0,32768,0,29952,4409,32470,-1
2985,0,32768,0,29984,4359,32477,0
2986,0,32768,0,30016,4310,32483,0
2987,0,32768,0,30048,4260,32490,0
2988,0,32768,0,30080,4211,32497,0
2989,0,32768,0,30112,4161,32503,0
2990,0,32768,0,30144,4112,32509,0
2991,0,32768,0,30176,4062,32515,1
2992,0,32768,0,30208,4010,32522,-1
2993,0,32768,0,30240,3961,32528,0
2994,0,32768,0,30272,3911,32534,0
2995,0,32768,0,30304,3862,32540,0
2996,0,32768,0,30336,3812,32546,0
2997,0,32768,0,30368,3762,32551,0
2998,0,32768,0,30400,3712,32557,0
2999,0,32768,0,30432,3663,32563,1
3000,0,32768,0,30464,3611,32568,0
3001,0,32768,0,30496,3561,32574,0
3002,0,32768,0,30528,3512,32580,0
3003,0,32768,0,30560,3462,32585,0
3004,0,32768,0,30592,3412,32590,0
3005,0,32768,0,30624,3363,32595,0
3006,0,32768,0,30656,3313,32600,1
3007,0,32768,0,30688,3261,32605,0
3008,0,32768,0,30720,3211,32610,0
3009,0,32768,0,30752,3162,32615,0
3010,0,32768,0,30784,3112,32620,0
3011,0,32768,0,30816,3062,32625,0
3012,0,32768,0,30848,3012,32629,0
3013,0,32768,0,30880,2963,32634,0
3014,0,32768,0,30912,2911,32638,-1
3015,0,32768,0,30944,2861,32643,0
3016,0,32768,0,30976,2811,32647,0
3017,0,32768,0,31008,2761,32651,0
3018,0,32768,0,31040,2712,32656,0
3019,0,32768,0,31072,2662,32660,0
3020,0,32768,0,31104,2612,32664,0
3021,0,32768,0,31136,2562,32668,1
3022,0,32768,0,31168,2510,32672,0
3023,0,32768,0,31200,2460,32676,0
3024,0,32768,0,31232,2411,32679,0
3025,0,32768,0,31264,2361,32683,0
3026,0,32768,0,31296,2311,32687,0
3027,0,32768,0,31328,2261,32690,1
3028,0,32768,0,31360,2209,32694,-1
3029,0,32768,0,31392,2159,32697,0
3030,0,32768,0,31424,2109,32700,0
3031,0,32768,0,31456,2059,32703,0
3032,0,32768,0,31488,2009,32707,0
3033,0,32768,0,31520,1960,32709,0
3034,0,32768,0,31552,1910,32712,0
3035,0,32768,0,31584,1860,32715,1
3036,0,32768,0,31616,1808,32718,0
3037,0,32768,0,31648,1758,32721,0
3038,0,32768,0,31680,1708,32724,0
3039,0,32768,0,31712,1658,32726,0
3040,0,32768,0,31744,1608,32729,0
3041,0,32768,0,31776,1558,32731,0
3042,0,32768,0,31808,1508,32734,1
3043,0,32768,0,31840,1456,32736,0
3044,0,32768,0,31872,1406,32738,0
3045,0,32768,0,31904,1356,32740,0
3046,0,32768,0,31936,1306,32742,0
3047,0,32768,0,31968,1257,32744,0
3048,0,32768,0,32000,1207,32746,0
3049,0,32768,0,32032,1156,32748,0
3050,0,32768,0,32064,1104,32750,-1
3051,0,32768,0,32096,1055,32751,0
3052,0,32768,0,32128,1005,32753,0
3053,0,32768,0,32160,955,32754,0
3054,0,32768,0,32192,905,32755,0
3055,0,32768,0,32224,855,32757,0
3056,0,32768,0,32256,805,32758,0
3057,0,32768,0,32288,755,32759,1
3058,0,32768,0,32320,703,32761,-1
3059,0,32768,0,32352,653,32762,0
3060,0,32768,0,32384,603,32763,0
3061,0,32768,0,32416,553,32763,0
3062,0,32768,0,32448,503,32764,0
3063,0,32768,0,32480,451,32765,-1
3064,0,32768,0,32512,401,32766,0
3065,0,32768,0,32544,351,32766,0
3066,0,32768,0,32576,301,32767,0
3067,0,32768,0,32608,251,32767,0
3068,0,32768,0,32640,201,32767,0
3069,0,32768,0,32672,151,32768,0
3070,0,32768,0,32704,101,32768,1
3071,0,32768,0,32736,49,32768,0
3072,0,32768,0,32768,1,32768,0
3073,0,32768,0,32800,-49,32768,0
3074,0,32768,0,32832,-101,32768,-1
3075,0,32768,0,32864,-151,32768,0
3076,0,32768,0,32896,-201,32767,0
3077,0,32768,0,32928,-251,32767,0
3078,0,32768,0,32960,-301,32767,0
3079,0,32768,0,32992,-351,32766,0
3080,0,32768,0,33024,-401,32765,0
3081,0,32768,0,33056,-451,32765,1
3082,0,32768,0,33088,-503,32765,0
3083,0,32768,0,33120,-553,32764,0
3084,0,32768,0,33152,-603,32763,0
3085,0,32768,0,33184,-653,32762,0
3086,0,32768,0,33216,-703,32761,1
3087,0,32768,0,33248,-755,32760,-1
3088,0,32768,0,33280,-805,32758,0
3089,0,32768,0,33312,-855,32757,0
3090,0,32768,0,33344,-905,32756,0
3091,0,32768,0,33376,-955,32754,0
3092,0,32768,0,33408,-1005,32753,0
3093,0,32768,0,33440,-1055,32751,0
3094,0,32768,0,33472,-1105,32750,1
3095,0,32768,0,33504,-1156,32748,0
3096,0,32768,0,33536,-1207,32746,0
3097,0,32768,0,33568,-1257,32744,0
3098,0,32768,0,33600,-1306,32742,0
3099,0,32768,0,33632,-1356,32740,0
3100,0,32768,0,33664,-1406,32738,0
3101,0,32768,0,33696,-1456,32736,0
3102,0,32768,0,33728,-1508,32733,-1
3103,0,32768,0,33760,-1558,32731,0
3104,0,32768,0,33792,-1608,32729,0
3105,0,32768,0,33824,-1658,32726,0
3106,0,32768,0,33856,-1708,32724,0
3107,0,32768,0,33888,-1758,32721,0
3108,0,32768,0,33920,-1808,32718,0
3109,0,32768,0,33952,-1859,32715,-1
3110,0,32768,0,33984,-1910,32712,0
3111,0,32768,0,34016,-1960,32709,0
3112,0,32768,0,34048,-2009,32706,0
3113,0,32768,0,34080,-2059,32703,0
3114,0,32768,0,34112,-2109,32700,0
3115,0,32768,0,34144,-2159,32697,0
3116,0,32768,0,34176,-2209,32693,1
3117,0,32768,0,34208,-2261,32690,-1
3118,0,32768,0,34240,-2311,32686,0
3119,0,32768,0,34272,-2361,32683,0
3120,0,32768,0,34304,-2410,32679,0
3121,0,32768,0,34336,-2460,32675,0
3122,0,32768,0,34368,-2510,32672,0
3123,0,32768,0,34400,-2562,32668,-1
3124,0,32768,0,34432,-2612,32664,0
3125,0,32768,0,34464,-2662,32660,0
3126,0,32768,0,34496,-2712,32656,0
3127,0,32768,0,34528,-2761,32652,0
3128,0,32768,0,34560,-2811,32647,0
3129,0,32768,0,34592,-2861,32643,0
3130,0,32768,0,34624,-2911,32639,1
3131,0,32768,0,34656,-2963,32634,0
3132,0,32768,0,34688,-3012,32629,0
3133,0,32768,0,34720,-3062,32625,0
3134,0,32768,0,34752,-3112,32620,0
3135,0,32768,0,34784,-3162,32615,0
3136,0,32768,0,34816,-3211,32610,0
3137,0,32768,0,34848,-3261,32606,0
3138,0,32768,0,34880,-3313,32600,-1
3139,0,32768,0,34912,-3362,32595,0
3140,0,32768,0,34944,-3412,32590,0
3141,0,32768,0,34976,-3462,32585,0
3142,0,32768,0,35008,-3512,32579,0
3143,0,32768,0,35040,-3561,32574,0
3144,0,32768,0,35072,-3611,32569,0
3145,0,32768,0,35104,-3663,32563,-1
3146,0,32768,0,35136,-3712,32557,0
3147,0,32768,0,35168,-3762,32551,0
3148,0,32768,0,35200,-3812,32546,0
3149,0,32768,0,35232,-3861,32540,0
3150,0,32768,0,35264,-3911,32534,0
3151,0,32768,0,35296,-3961,32528,0
3152,0,32768,0,35328,-4010,32522,1
3153,0,32768,0,35360,-4062,32515,-1
3154,0,32768,0,35392,-4112,32509,0
3155,0,32768,0,35424,-4161,32503,0
3156,0,32768,0,35456,-4211,32496,0
3157,0,32768,0,35488,-4260,32490,0
3158,0,32768,0,35520,-4310,32484,0
3159,0,32768,0,35552,-4359,32477,0
3160,0,32768,0,35584,-4409,32470,1
3161,0,32768,0,35616,-4460,32463,-1
3162,0,32768,0,35648,-4510,32456,0
3163,0,32768,0,35680,-4559,32450,0
3164,0,32768,0,35712,-4609,32443,0
3165,0,32768,0,35744,-4658,32436,1
3166,0,32768,0,35776,-4710,32428,0
3167,0,32768,0,35808,-4759,32421,0
3168,0,32768,0,35840,-4809,32414,0
3169,0,32768,0,35872,-4858,32406,0
3170,0,32768,0,35904,-4907,32399,0
3171,0,32768,0,35936,-4957,32391,0
3172,0,32768,0,35968,-5006,32383,0
3173,0,32768,0,36000,-5058,32376,-1
3174,0,32768,0,36032,-5107,32368,0
3175,0,32768,0,36064,-5156,32360,0
3176,0,32768,0,36096,-5206,32352,0
3177,0,32768,0,36128,-5255,32344,0
3178,0,32768,0,36160,-5304,32336,0
3179,0,32768,0,36192,-5354,32328,0
3180,0,32768,0,36224,-5403,32320,1
3181,0,32768,0,36256,-5454,32311,-1
3182,0,32768,0,36288,-5504,32303,0
3183,0,32768,0,36320,-5553,32294,0
3184,0,32768,0,36352,-5602,32286,0
3185,0,32768,0,36384,-5651,32277,0
3186,0,32768,0,36416,-5701,32269,0
3187,0,32768,0,36448,-5750,32260,1
3188,0,32768,0,36480,-5801,32251,-1
3189,0,32768,0,36512,-5850,32242,0
3190,0,32768,0,36544,-5899,32233,0
3191,0,32768,0,36576,-5949,32223,0
3192,0,32768,0,36608,-5998,32214,0
3193,0,32768,0,36640,-6047,32205,0
3194,0,32768,0,36672,-6096,32196,0
3195,0,32768,0,36704,-6145,32187,1
3196,0,32768,0,36736,-6196,32177,-1
3197,0,32768,0,36768,-6245,32167,0
3198,0,32768,0,36800,-6294,32158,0
3199,0,32768,0,36832,-6343,32148,0
3200,0,32768,0,36864,-6393,32139,0
3201,0,32768,0,36896,-6442,32129,0
3202,0,32768,0,36928,-6491,32119,0
3203,0,32768,0,36960,-6541,32108,-1
3204,0,32768,0,36992,-6590,32099,0
3205,0,32768,0,37024,-6639,32089,0
3206,0,32768,0,37056,-6688,32078,0
3207,0,32768,0,37088,-6737,32068,0
3208,0,32768,0,37120,-6788,32057,-1
3209,0,32768,0,37152,-6837,32047,-1
3210,0,32768,0,37184,-6886,32036,0
3211,0,32768,0,37216,-6934,32026,0
3212,0,32768,0,37248,-6983,32015,0
3213,0,32768,0,37280,-7032,32004,0
3214,0,32768,0,37312,-7081,31994,0
3215,0,32768,0,37344,-7130,31983,1
3216,0,32768,0,37376,-7179,31972,1
3217,0,32768,0,37408,-7229,31960,0
3218,0,32768,0,37440,-7278,31949,0
3219,0,32768,0,37472,-7327,31939,0
3220,0,32768,0,37504,-7375,31927,0
3221,0,32768,0,37536,-7424,31916,0
3222,0,32768,0,37568,-7473,31904,0
3223,0,32768,0,37600,-7522,31893,0
3224,0,32768,0,37632,-7572,31881,0
3225,0,32768,0,37664,-7621,31870,0
3226,0,32768,0,37696,-7669,31858,0
3227,0,32768,0,37728,-7718,31846,0
3228,0,32768,0,37760,-7766,31834,0
3229,0,32768,0,37792,-7815,31823,0
3230,0,32768,0,37824,-7864,31811,0
3231,0,32768,0,37856,-7914,31798,-1
3232,0,32768,0,37888,-7963,31786,0
3233,0,32768,0,37920,-8011,31774,0
3234,0,32768,0,37952,-8060,31762,0
3235,0,32768,0,37984,-8108,31749,0
3236,0,32768,0,38016,-8156,31737,0
3237,0,32768,0,38048,-8205,31724,0
3238,0,32768,0,38080,-8253,31711,1
3239,0,32768,0,38112,-8303,31698,-1
3240,0,32768,0,38144,-8352,31686,0
3241,0,32768,0,38176,-8400,31673,0
3242,0,32768,0,38208,-8449,31660,0
3243,0,32768,0,38240,-8497,31647,0
3244,0,32768,0,38272,-8547,31634,-1
3245,0,32768,0,38304,-8595,31621,0
3246,0,32768,0,38336,-8643,31607,0
3247,0,32768,0,38368,-8691,31595,0
3248,0,32768,0,38400,-8740,31581,0
3249,0,32768,0,38432,-8788,31568,0
3250,0,32768,0,38464,-8836,31554,1
3251,0,32768,0,38496,-8884,31541,1
3252,0,32768,0,38528,-8934,31527,0
3253,0,32768,0,38560,-8982,31513,0
3254,0,32768,0,38592,-9030,31499,0
3255,0,32768,0,38624,-9078,31485,0
3256,0,32768,0,38656,-9126,31471,0
3257,0,32768,0,38688,-9174,31457,0
3258,0,32768,0,38720,-9222,31444,0
3259,0,32768,0,38752,-9272,31429,-1
3260,0,32768,0,38784,-9320,31414,0
3261,0,32768,0,38816,-9368,31400,0
3262,0,32768,0,38848,-9416,31386,0
3263,0,32768,0,38880,-9464,31372,0
3264,0,32768,0,38912,-9511,31357,0
3265,0,32768,0,38944,-9560,31343,0
3266,0,32768,0,38976,-9609,31327,-1
3267,0,32768,0,39008,-9657,31313,0
3268,0,32768,0,39040,-9705,31298,0
3269,0,32768,0,39072,-9752,31283,0
3270,0,32768,0,39104,-9800,31268,0
3271,0,32768,0,39136,-9848,31253,0
3272,0,32768,0,39168,-9896,31238,0
3273,0,32768,0,39200,-9943,31223,1
3274,0,32768,0,39232,-9992,31207,-1
3275,0,32768,0,39264,-10040,31192,0
3276,0,32768,0,39296,-10088,31176,0
3277,0,32768,0,39328,-10136,31161,0
3278,0,32768,0,39360,-10183,31145,0
3279,0,32768,0,39392,-10230,31130,0
3280,0,32768,0,39424,-10278,31114,0
3281,0,32768,0,39456,-10325,31099,1
3282,0,32768,0,39488,-10374,31083,0
3283,0,32768,0,39520,-10422,31067,0
3284,0,32768,0,39552,-10469,31051,0
3285,0,32768,0,39584,-10516,31035,1
3286,0,32768,0,39616,-10566,31018,-1
3287,0,32768,0,39648,-10613,31002,0
3288,0,32768,0,39680,-10660,30986,0
3289,0,32768,0,39712,-10708,30969,0
3290,0,32768,0,39744,-10755,30953,0
3291,0,32768,0,39776,-10802,30937,0
3292,0,32768,0,39808,-10849,30920,0
3293,0,32768,0,39840,-10896,30904,1
3294,0,32768,0,39872,-10945,30886,0
3295,0,32768,0,39904,-10993,30869,0
3296,0,32768,0,39936,-11040,30853,0
3297,0,32768,0,39968,-11087,30836,0
3298,0,32768,0,40000,-11134,30819,0
3299,0,32768,0,40032,-11181,30802,0
3300,0,32768,0,40064,-11228,30785,1
3301,0,32768,0,40096,-11276,30767,0
3302,0,32768,0,40128,-11323,30750,0
3303,0,32768,0,40160,-11370,30732,0
3304,0,32768,0,40192,-11417,30715,0
3305,0,32768,0,40224,-11464,30697,0
3306,0,32768,0,40256,-11511,30680,0
3307,0,32768,0,40288,-11558,30662,0
3308,0,32768,0,40320,-11606,30644,-1
3309,0,32768,0,40352,-11653,30626,0
3310,0,32768,0,40384,-11700,30608,0
3311,0,32768,0,40416,-11747,30590,0
3312,0,32768,0,40448,-11793,30572,0
3313,0,32768,0,40480,-11840,30554,0
3314,0,32768,0,40512,-11886,30536,0
3315,0,32768,0,40544,-11933,30518,1
3316,0,32768,0,40576,-11981,30499,-1
3317,0,32768,0,40608,-12028,30481,0
3318,0,32768,0,40640,-12074,30462,0
3319,0,32768,0,40672,-12121,30444,0
3320,0,32768,0,40704,-12167,30426,1
3321,0,32768,0,40736,-12215,30407,-1
3322,0,32768,0,40768,-12261,30388,0
3323,0,32768,0,40800,-12308,30369,0
3324,0,32768,0,40832,-12354,30350,0
3325,0,32768,0,40864,-12400,30331,0
3326,0,32768,0,40896,-12447,30312,0
3327,0,32768,0,40928,-12493,30293,0
3328,0,32768,0,40960,-12539,30274,1
3329,0,32768,0,40992,-12587,30254,0
3330,0,32768,0,41024,-12633,30235,0
3331,0,32768,0,41056,-12679,30216,0
3332,0,32768,0,41088,-12725,30196,0
3333,0,32768,0,41120,-12771,30177,0
3334,0,32768,0,41152,-12817,30157,0
3335,0,32768,0,41184,-12864,30138,0
3336,0,32768,0,41216,-12911,30117,-1
3337,0,32768,0,41248,-12957,30097,0
3338,0,32768,0,41280,-13003,30078,0
3339,0,32768,0,41312,-13049,30058,0
3340,0,32768,0,41344,-13095,30038,0
3341,0,32768,0,41376,-13141,30018,0
3342,0,32768,0,41408,-13186,29998,0
3343,0,32768,0,41440,-13234,29977,-1
3344,0,32768,0,41472,-13280,29957,0
3345,0,32768,0,41504,-13325,29936,0
3346,0,32768,0,41536,-13371,29916,0
3347,0,32768,0,41568,-13417,29895,0
3348,0,32768,0,41600,-13462,29875,0
3349,0,32768,0,41632,-13508,29854,0
3350,0,32768,0,41664,-13553,29834,1
3351,0,32768,0,41696,-13601,29812,-1
3352,0,32768,0,41728,-13646,29792,0
3353,0,32768,0,41760,-13692,29771,0
3354,0,32768,0,41792,-13737,29750,0
3355,0,32768,0,41824,-13782,29729,0
3356,0,32768,0,41856,-13828,29708,0
3357,0,32768,0,41888,-13873,29686,0
3358,0,32768,0,41920,-13918,29665,1
3359,0,32768,0,41952,-13965,29643,-1
3360,0,32768,0,41984,-14011,29622,0
3361,0,32768,0,42016,-14056,29601,0
3362,0,32768,0,42048,-14101,29579,0
3363,0,32768,0,42080,-14146,29558,1
3364,0,32768,0,42112,-14192,29535,-1
3365,0,32768,0,42144,-14237,29513,0
3366,0,32768,0,42176,-14283,29492,0
3367,0,32768,0,42208,-14327,29470,0
3368,0,32768,0,42240,-14373,29448,0
3369,0,32768,0,42272,-14417,29426,0
3370,0,32768,0,42304,-14462,29404,0
3371,0,32768,0,42336,-14509,29381,-1
3372,0,32768,0,42368,-14554,29359,-1
3373,0,32768,0,42400,-14598,29337,0
3374,0,32768,0,42432,-14643,29314,0
3375,0,32768,0,42464,-14688,29292,0
3376,0,32768,0,42496,-14733,29269,0
3377,0,32768,0,42528,-14777,29247,0
3378,0,32768,0,42560,-14822,29224,1
3379,0,32768,0,42592,-14866,29202,1
3380,0,32768,0,42624,-14913,29178,0
3381,0,32768,0,42656,-14957,29155,0
3382,0,32768,0,42688,-15002,29133,0
3383,0,32768,0,42720,-15046,29109,0
3384,0,32768,0,42752,-15091,29087,0
3385,0,32768,0,42784,-15135,29063,1
3386,0,32768,0,42816,-15179,29040,1
3387,0,32768,0,42848,-15225,29016,0
3388,0,32768,0,42880,-15269,28993,0
3389,0,32768,0,42912,-15314,28970,0
3390,0,32768,0,42944,-15358,28946,0
3391,0,32768,0,42976,-15402,28923,0
3392,0,32768,0,43008,-15446,28899,0
3393,0,32768,0,43040,-15490,28876,0
3394,0,32768,0,43072,-15536,28851,-1
3395,0,32768,0,43104,-15580,28827,0
3396,0,32768,0,43136,-15624,28804,0
3397,0,32768,0,43168,-15668,28779,0
3398,0,32768,0,43200,-15712,28756,0
3399,0,32768,0,43232,-15756,28731,0
3400,0,32768,0,43264,-15799,28707,0
3401,0,32768,0,43296,-15843,28683,1
3402,0,32768,0,43328,-15888,28658,0
3403,0,32768,0,43360,-15932,28634,0
3404,0,32768,0,43392,-15976,28610,0
3405,0,32768,0,43424,-16020,28586,0
3406,0,32768,0,43456,-16065,28560,-1
3407,0,32768,0,43488,-16108,28535,-1
3408,0,32768,0,43520,-16152,28511,0
3409,0,32768,0,43552,-16195,28486,0
3410,0,32768,0,43584,-16239,28461,0
3411,0,32768,0,43616,-16282,28436,0
3412,0,32768,0,43648,-16326,28412,0
3413,0,32768,0,43680,-16369,28387,1
3414,0,32768,0,43712,-16412,28362,1
3415,0,32768,0,43744,-16457,28336,0
3416,0,32768,0,43776,-16500,28310,0
3417,0,32768,0,43808,-16544,28285,0
3418,0,32768,0,43840,-16587,28260,0
3419,0,32768,0,43872,-16630,28235,0
3420,0,32768,0,43904,-16673,28209,0
3421,0,32768,0,43936,-16716,28184,0
3422,0,32768,0,43968,-16761,28157,0
3423,0,32768,0,44000,-16803,28132,0
3424,0,32768,0,44032,-16847,28106,0
3425,0,32768,0,44064,-16889,28080,0
3426,0,32768,0,44096,-16932,28054,0
3427,0,32768,0,44128,-16975,28029,0
3428,0,32768,0,44160,-17018,28003,0
3429,0,32768,0,44192,-17062,27975,-1
3430,0,32768,0,44224,-17104,27949,0
3431,0,32768,0,44256,-17147,27923,0
3432,0,32768,0,44288,-17190,27897,0
3433,0,32768,0,44320,-17233,27871,0
3434,0,32768,0,44352,-17275,27844,0
3435,0,32768,0,44384,-17317,27818,0
3436,0,32768,0,44416,-17360,27792,1
3437,0,32768,0,44448,-17404,27764,-1
3438,0,32768,0,44480,-17446,27738,0
3439,0,32768,0,44512,-17488,27711,0
3440,0,32768,0,44544,-17531,27684,0
3441,0,32768,0,44576,-17573,27657,0
3442,0,32768,0,44608,-17615,27631,1
3443,0,32768,0,44640,-17659,27603,-1
3444,0,32768,0,44672,-17701,27576,0
3445,0,32768,0,44704,-17743,27549,0
3446,0,32768,0,44736,-17785,27522,0
3447,0,32768,0,44768,-17827,27495,0
3448,0,32768,0,44800,-17869,27467,0
3449,0,32768,0,44832,-17911,27440,0
3450,0,32768,0,44864,-17954,27412,-1
3451,0,32768,0,44896,-17996,27384,0
3452,0,32768,0,44928,-18038,27357,0
3453,0,32768,0,44960,-18080,27329,0
3454,0,32768,0,44992,-18121,27301,0
3455,0,32768,0,45024,-18163,27274,0
3456,0,32768,0,45056,-18204,27246,0
3457,0,32768,0,45088,-18246,27218,1
3458,0,32768,0,45120,-18289,27189,-1
3459,0,32768,0,45152,-18331,27161,0
3460,0,32768,0,45184,-18372,27133,0
3461,0,32768,0,45216,-18413,27105,0
3462,0,32768,0,45248,-18455,27077,0
3463,0,32768,0,45280,-18496,27049,0
3464,0,32768,0,45312,-18537,27020,1
3465,0,32768,0,45344,-18580,26991,-1
3466,0,32768,0,45376,-18621,26963,0
3467,0,32768,0,45408,-18663,26934,0
3468,0,32768,0,45440,-18704,26906,0
3469,0,32768,0,45472,-18745,26877,0
3470,0,32768,0,45504,-18785,26849,0
3471,0,32768,0,45536,-18826,26820,0
3472,0,32768,0,45568,-18867,26791,1
3473,0,32768,0,45600,-18910,26761,-1
3474,0,32768,0,45632,-18951,26732,0
3475,0,32768,0,45664,-18991,26703,0
3476,0,32768,0,45696,-19032,26674,0
3477,0,32768,0,45728,-19073,26645,0
3478,0,32768,0,45760,-19113,26616,0
3479,0,32768,0,45792,-19154,26587,0
3480,0,32768,0,45824,-19195,26558,1
3481,0,32768,0,45856,-19236,26527,0
3482,0,32768,0,45888,-19277,26498,0
3483,0,32768,0,45920,-19317,26469,0
3484,0,32768,0,45952,-19358,26439,0
3485,0,32768,0,45984,-19400,26409,-1
3486,0,32768,0,46016,-19440,26379,0
3487,0,32768,0,46048,-19480,26349,0
3488,0,32768,0,46080,-19520,26319,0
3489,0,32768,0,46112,-19560,26290,0
3490,0,32768,0,46144,-19600,26260,0
3491,0,32768,0,46176,-19640,26230,0
3492,0,32768,0,46208,-19680,26200,1
3493,0,32768,0,46240,-19722,26169,-1
3494,0,32768,0,46272,-19762,26138,0
3495,0,32768,0,46304,-19802,26108,0
3496,0,32768,0,46336,-19842,26078,0
3497,0,32768,0,46368,-19881,26047,0
3498,0,32768,0,46400,-19921,26017,0
3499,0,32768,0,46432,-19960,25987,0
3500,0,32768,0,46464,-20000,25956,1
3501,0,32768,0,46496,-20041,25925,-1
3502,0,32768,0,46528,-20081,25894,0
3503,0,32768,0,46560,-20121,25863,0
3504,0,32768,0,46592,-20160,25833,0
3505,0,32768,0,46624,-20199,25802,0
3506,0,32768,0,46656,-20239,25771,0
3507,0,32768,0,46688,-20278,25740,1
3508,0,32768,0,46720,-20319,25708,-1
3509,0,32768,0,46752,-20358,25677,0
3510,0,32768,0,46784,-20397,25646,0
3511,0,32768,0,46816,-20436,25614,0
3512,0,32768,0,46848,-20475,25583,0
3513,0,32768,0,46880,-20514,25552,0
3514,0,32768,0,46912,-20553,25521,0
3515,0,32768,0,46944,-20592,25489,1
3516,0,32768,0,46976,-20632,25456,0
3517,0,32768,0,47008,-20671,25425,0
3518,0,32768,0,47040,-20710,25393,0
3519,0,32768,0,47072,-20749,25362,0
3520,0,32768,0,47104,-20787,25330,0
3521,0,32768,0,47136,-20826,25298,0
3522,0,32768,0,47168,-20865,25266,0
3523,0,32768,0,47200,-20905,25234,0
3524,0,32768,0,47232,-20943,25202,0
3525,0,32768,0,47264,-20981,25170,0
3526,0,32768,0,47296,-21020,25138,0
3527,0,32768,0,47328,-21058,25106,0
3528,0,32768,0,47360,-21098,25072,-1
3529,0,32768,0,47392,-21136,25040,-1
3530,0,32768,0,47424,-21174,25008,0
3531,0,32768,0,47456,-21212,24975,0
3532,0,32768,0,47488,-21250,24943,0
3533,0,32768,0,47520,-21289,24911,0
3534,0,32768,0,47552,-21327,24878,0
3535,0,32768,0,47584,-21364,24845,1
3536,0,32768,0,47616,-21404,24812,-1
3537,0,32768,0,47648,-21442,24779,0
3538,0,32768,0,47680,-21480,24746,0
3539,0,32768,0,47712,-21517,24713,0
3540,0,32768,0,47744,-21555,24680,0
3541,0,32768,0,47776,-21593,24648,0
3542,0,32768,0,47808,-21630,24615,0
3543,0,32768,0,47840,-21669,24580,-1
3544,0,32768,0,47872,-21706,24547,0
3545,0,32768,0,47904,-21744,24514,0
3546,0,32768,0,47936,-21781,24481,0
3547,0,32768,0,47968,-21819,24448,0
3548,0,32768,0,48000,-21856,24414,0
3549,0,32768,0,48032,-21893,24381,0
3550,0,32768,0,48064,-21930,24347,1
3551,0,32768,0,48096,-21969,24313,-1
3552,0,32768,0,48128,-22006,24279,0
3553,0,32768,0,48160,-22043,24245,0
3554,0,32768,0,48192,-22080,24212,0
3555,0,32768,0,48224,-22117,24178,0
3556,0,32768,0,48256,-22154,24144,0
3557,0,32768,0,48288,-22190,24110,0
3558,0,32768,0,48320,-22227,24076,1
3559,0,32768,0,48352,-22266,24041,-1
3560,0,32768,0,48384,-22302,24007,0
3561,0,32768,0,48416,-22339,23973,0
3562,0,32768,0,48448,-22375,23939,0
3563,0,32768,0,48480,-22412,23905,0
3564,0,32768,0,48512,-22450,23870,-1
3565,0,32768,0,48544,-22486,23835,0
3566,0,32768,0,48576,-22522,23801,0
3567,0,32768,0,48608,-22558,23766,0
3568,0,32768,0,48640,-22595,23732,0
3569,0,32768,0,48672,-22631,23698,0
3570,0,32768,0,48704,-22667,23663,1
3571,0,32768,0,48736,-22705,23627,-1
3572,0,32768,0,48768,-22741,23592,0
3573,0,32768,0,48800,-22777,23558,0
3574,0,32768,0,48832,-22812,23523,0
3575,0,32768,0,48864,-22848,23488,0
3576,0,32768,0,48896,-22884,23453,0
3577,0,32768,0,48928,-22920,23418,0
3578,0,32768,0,48960,-22955,23383,1
3579,0,32768,0,48992,-22993,23347,-1
3580,0,32768,0,49024,-23028,23312,0
3581,0,32768,0,49056,-23064,23276,0
3582,0,32768,0,49088,-23099,23241,0
3583,0,32768,0,49120,-23135,23206,0
3584,0,32768,0,49152,-23171,23170,0
3585,0,32768,0,49184,-23206,23135,0
3586,0,32768,0,49216,-23242,23100,0
3587,0,32768,0,49248,-23277,23064,0
3588,0,32768,0,49280,-23312,23028,0
3589,0,32768,0,49312,-23347,22993,1
3590,0,32768,0,49344,-23383,22956,-1
3591,0,32768,0,49376,-23418,22920,0
3592,0,32768,0,49408,-23453,22884,0
3593,0,32768,0,49440,-23488,22848,0
3594,0,32768,0,49472,-23523,22813,0
3595,0,32768,0,49504,-23558,22777,0
3596,0,32768,0,49536,-23593,22741,0
3597,0,32768,0,49568,-23629,22703,-1
3598,0,32768,0,49600,-23663,22667,-1
3599,0,32768,0,49632,-23698,22631,0
3600,0,32768,0,49664,-23732,22595,0
3601,0,32768,0,49696,-23767,22559,0
3602,0,32768,0,49728,-23801,22522,0
3603,0,32768,0,49760,-23835,22486,0
3604,0,32768,0,49792,-23870,22449,1
3605,0,32768,0,49824,-23905,22412,0
3606,0,32768,0,49856,-23939,22376,0
3607,0,32768,0,49888,-23973,22339,0
3608,0,32768,0,49920,-24007,22303,0
3609,0,32768,0,49952,-24041,22266,1
3610,0,32768,0,49984,-24077,22228,-1
3611,0,32768,0,50016,-24111,22191,0
3612,0,32768,0,50048,-24144,22154,0
3613,0,32768,0,50080,-24178,22117,0
3614,0,32768,0,50112,-24212,22080,0
3615,0,32768,0,50144,-24246,22043,0
3616,0,32768,0,50176,-24279,22006,0
3617,0,32768,0,50208,-24313,21969,1
3618,0,32768,0,50240,-24347,21931,-1
3619,0,32768,0,50272,-24381,21893,0
3620,0,32768,0,50304,-24414,21856,0
3621,0,32768,0,50336,-24448,21819,0
3622,0,32768,0,50368,-24481,21781,0
3623,0,32768,0,50400,-24514,21744,0
3624,0,32768,0,50432,-24547,21707,0
3625,0,32768,0,50464,-24581,21668,-1
3626,0,32768,0,50496,-24615,21630,0
3627,0,32768,0,50528,-24648,21593,0
3628,0,32768,0,50560,-24680,21555,0
3629,0,32768,0,50592,-24713,21518,0
3630,0,32768,0,50624,-24746,21480,0
3631,0,32768,0,50656,-24779,21442,0
3632,0,32768,0,50688,-24813,21403,-1
3633,0,32768,0,50720,-24845,21365,-1
3634,0,32768,0,50752,-24878,21326,0
3635,0,32768,0,50784,-24910,21288,0
3636,0,32768,0,50816,-24943,21251,0
3637,0,32768,0,50848,-24975,21212,0
3638,0,32768,0,50880,-25008,21174,0
3639,0,32768,0,50912,-25040,21136,1
3640,0,32768,0,50944,-25072,21098,1
3641,0,32768,0,50976,-25106,21058,0
3642,0,32768,0,51008,-25138,21020,0
3643,0,32768,0,51040,-25170,20982,0
3644,0,32768,0,51072,-25202,20943,0
3645,0,32768,0,51104,-25234,20904,0
3646,0,32768,0,51136,-25267,20865,0
3647,0,32768,0,51168,-25298,20826,0
3648,0,32768,0,51200,-25330,20788,0
3649,0,32768,0,51232,-25362,20749,0
3650,0,32768,0,51264,-25394,20710,0
3651,0,32768,0,51296,-25425,20672,0
3652,0,32768,0,51328,-25457,20633,0
3653,0,32768,0,51360,-25489,20592,-1
3654,0,32768,0,51392,-25521,20553,0
3655,0,32768,0,51424,-25552,20514,0
3656,0,32768,0,51456,-25583,20475,0
3657,0,32768,0,51488,-25615,20436,0
3658,0,32768,0,51520,-25646,20397,0
3659,0,32768,0,51552,-25677,20358,0
3660,0,32768,0,51584,-25708,20319,1
3661,0,32768,0,51616,-25740,20278,-1
3662,0,32768,0,51648,-25771,20239,0
3663,0,32768,0,51680,-25802,20199,0
3664,0,32768,0,51712,-25833,20160,0
3665,0,32768,0,51744,-25863,20120,0
3666,0,32768,0,51776,-25894,20081,0
3667,0,32768,0,51808,-25925,20042,1
3668,0,32768,0,51840,-25956,20000,-1
3669,0,32768,0,51872,-25987,19961,0
3670,0,32768,0,51904,-26017,19921,0
3671,0,32768,0,51936,-26048,19881,0
3672,0,32768,0,51968,-26078,19842,0
3673,0,32768,0,52000,-26108,19802,0
3674,0,32768,0,52032,-26138,19762,0
3675,0,32768,0,52064,-26168,19722,1
3676,0,32768,0,52096,-26200,19681,-1
3677,0,32768,0,52128,-26230,19640,0
3678,0,32768,0,52160,-26260,19600,0
3679,0,32768,0,52192,-26289,19560,0
3680,0,32768,0,52224,-26319,19520,0
3681,0,32768,0,52256,-26349,19480,0
3682,0,32768,0,52288,-26379,19440,0
3683,0,32768,0,52320,-26410,19398,-1
3684,0,32768,0,52352,-26439,19358,0
3685,0,32768,0,52384,-26469,19317,0
3686,0,32768,0,52416,-26498,19277,0
3687,0,32768,0,52448,-26527,19237,0
3688,0,32768,0,52480,-26558,19195,-1
3689,0,32768,0,52512,-26587,19154,0
3690,0,32768,0,52544,-26616,19114,0
3691,0,32768,0,52576,-26645,19073,0
3692,0,32768,0,52608,-26674,19032,0
3693,0,32768,0,52640,-26703,18991,0
3694,0,32768,0,52672,-26732,18951,0
3695,0,32768,0,52704,-26761,18910,1
3696,0,32768,0,52736,-26791,18867,-1
3697,0,32768,0,52768,-26820,18827,0
3698,0,32768,0,52800,-26849,18786,0
3699,0,32768,0,52832,-26877,18745,0
3700,0,32768,0,52864,-26906,18703,0
3701,0,32768,0,52896,-26934,18663,0
3702,0,32768,0,52928,-26963,18621,0
3703,0,32768,0,52960,-26991,18580,1
3704,0,32768,0,52992,-27021,18537,-1
3705,0,32768,0,53024,-27049,18496,0
3706,0,32768,0,53056,-27077,18455,0
3707,0,32768,0,53088,-27105,18414,0
3708,0,32768,0,53120,-27133,18372,0
3709,0,32768,0,53152,-27161,18331,0
3710,0,32768,0,53184,-27189,18289,1
3711,0,32768,0,53216,-27218,18246,-1
3712,0,32768,0,53248,-27246,18205,0
3713,0,32768,0,53280,-27274,18163,0
3714,0,32768,0,53312,-27301,18121,0
3715,0,32768,0,53344,-27329,18080,0
3716,0,32768,0,53376,-27356,18038,0
3717,0,32768,0,53408,-27384,17996,0
3718,0,32768,0,53440,-27412,17953,-1
3719,0,32768,0,53472,-27440,17911,0
3720,0,32768,0,53504,-27467,17869,0
3721,0,32768,0,53536,-27494,17827,0
3722,0,32768,0,53568,-27522,17785,0
3723,0,32768,0,53600,-27548,17743,0
3724,0,32768,0,53632,-27576,17701,0
3725,0,32768,0,53664,-27603,17659,1
3726,0,32768,0,53696,-27630,17615,-1
3727,0,32768,0,53728,-27658,17573,0
3728,0,32768,0,53760,-27684,17531,0
3729,0,32768,0,53792,-27711,17489,0
3730,0,32768,0,53824,-27738,17446,0
3731,0,32768,0,53856,-27764,17404,1
3732,0,32768,0,53888,-27792,17360,-1
3733,0,32768,0,53920,-27818,17317,0
3734,0,32768,0,53952,-27845,17275,0
3735,0,32768,0,53984,-27871,17233,0
3736,0,32768,0,54016,-27897,17190,0
3737,0,32768,0,54048,-27923,17147,0
3738,0,32768,0,54080,-27950,17105,0
3739,0,32768,0,54112,-27976,17062,1
3740,0,32768,0,54144,-28003,17018,0
3741,0,32768,0,54176,-28029,16975,0
3742,0,32768,0,54208,-28054,16932,0
3743,0,32768,0,54240,-28080,16889,0
3744,0,32768,0,54272,-28106,16846,0
3745,0,32768,0,54304,-28132,16803,0
3746,0,32768,0,54336,-28157,16761,0
3747,0,32768,0,54368,-28184,16716,0
3748,0,32768,0,54400,-28209,16673,0
3749,0,32768,0,54432,-28235,16630,0
3750,0,32768,0,54464,-28260,16587,0
3751,0,32768,0,54496,-28285,16543,0
3752,0,32768,0,54528,-28311,16501,0
3753,0,32768,0,54560,-28336,16457,0
3754,0,32768,0,54592,-28362,16412,-1
3755,0,32768,0,54624,-28387,16369,-1
3756,0,32768,0,54656,-28412,16326,0
3757,0,32768,0,54688,-28437,16282,0
3758,0,32768,0,54720,-28461,16239,0
3759,0,32768,0,54752,-28486,16195,0
3760,0,32768,0,54784,-28511,16152,0
3761,0,32768,0,54816,-28535,16108,1
3762,0,32768,0,54848,-28561,16063,-1
3763,0,32768,0,54880,-28585,16019,0
3764,0,32768,0,54912,-28610,15976,0
3765,0,32768,0,54944,-28634,15932,0
3766,0,32768,0,54976,-28658,15888,0
3767,0,32768,0,55008,-28684,15844,-1
3768,0,32768,0,55040,-28707,15800,0
3769,0,32768,0,55072,-28732,15756,0
3770,0,32768,0,55104,-28756,15712,0
3771,0,32768,0,55136,-28779,15668,0
3772,0,32768,0,55168,-28803,15624,0
3773,0,32768,0,55200,-28827,15580,0
3774,0,32768,0,55232,-28851,15536,1
3775,0,32768,0,55264,-28875,15490,0
3776,0,32768,0,55296,-28899,15446,0
3777,0,32768,0,55328,-28922,15402,0
3778,0,32768,0,55360,-28946,15358,0
3779,0,32768,0,55392,-28969,15314,0
3780,0,32768,0,55424,-28993,15270,0
3781,0,32768,0,55456,-29016,15225,0
3782,0,32768,0,55488,-29040,15179,-1
3783,0,32768,0,55520,-29063,15135,-1
3784,0,32768,0,55552,-29086,15090,0
3785,0,32768,0,55584,-29109,15046,0
3786,0,32768,0,55616,-29132,15002,0
3787,0,32768,0,55648,-29155,14957,0
3788,0,32768,0,55680,-29178,14913,0
3789,0,32768,0,55712,-29202,14866,-1
3790,0,32768,0,55744,-29224,14822,-1
3791,0,32768,0,55776,-29247,14777,0
3792,0,32768,0,55808,-29269,14732,0
3793,0,32768,0,55840,-29292,14688,0
3794,0,32768,0,55872,-29314,14643,0
3795,0,32768,0,55904,-29337,14599,0
3796,0,32768,0,55936,-29359,14554,1
3797,0,32768,0,55968,-29382,14507,-1
3798,0,32768,0,56000,-29404,14462,0
3799,0,32768,0,56032,-29426,14417,0
3800,0,32768,0,56064,-29448,14372,0
3801,0,32768,0,56096,-29470,14327,0
3802,0,32768,0,56128,-29491,14282,0
3803,0,32768,0,56160,-29513,14238,0
3804,0,32768,0,56192,-29535,14192,1
3805,0,32768,0,56224,-29557,14145,-1
3806,0,32768,0,56256,-29579,14100,0
3807,0,32768,0,56288,-29600,14055,0
3808,0,32768,0,56320,-29622,14011,0
3809,0,32768,0,56352,-29643,13966,1
3810,0,32768,0,56384,-29665,13918,-1
3811,0,32768,0,56416,-29686,13873,0
3812,0,32768,0,56448,-29707,13828,0
3813,0,32768,0,56480,-29729,13783,0
3814,0,32768,0,56512,-29750,13737,0
3815,0,32768,0,56544,-29771,13692,0
3816,0,32768,0,56576,-29791,13646,0
3817,0,32768,0,56608,-29812,13601,1
3818,0,32768,0,56640,-29834,13553,-1
3819,0,32768,0,56672,-29854,13508,0
3820,0,32768,0,56704,-29875,13462,0
3821,0,32768,0,56736,-29895,13417,0
3822,0,32768,0,56768,-29916,13371,0
3823,0,32768,0,56800,-29936,13325,0
3824,0,32768,0,56832,-29957,13280,0
3825,0,32768,0,56864,-29977,13234,1
3826,0,32768,0,56896,-29998,13186,0
3827,0,32768,0,56928,-30018,13141,0
3828,0,32768,0,56960,-30038,13095,0
3829,0,32768,0,56992,-30058,13049,0
3830,0,32768,0,57024,-30078,13003,0
3831,0,32768,0,57056,-30097,12957,0
3832,0,32768,0,57088,-30117,12911,1
3833,0,32768,0,57120,-30137,12863,0
3834,0,32768,0,57152,-30157,12818,0
3835,0,32768,0,57184,-30177,12771,0
3836,0,32768,0,57216,-30196,12725,0
3837,0,32768,0,57248,-30216,12679,0
3838,0,32768,0,57280,-30235,12633,0
3839,0,32768,0,57312,-30254,12587,0
3840,0,32768,0,57344,-30274,12539,-1
3841,0,32768,0,57376,-30293,12493,0
3842,0,32768,0,57408,-30312,12447,0
3843,0,32768,0,57440,-30331,12400,0
3844,0,32768,0,57472,-30350,12354,0
3845,0,32768,0,57504,-30369,12308,0
3846,0,32768,0,57536,-30388,12261,0
3847,0,32768,0,57568,-30406,12215,1
3848,0,32768,0,57600,-30426,12167,-1
3849,0,32768,0,57632,-30444,12121,0
3850,0,32768,0,57664,-30462,12074,0
3851,0,32768,0,57696,-30481,12028,0
3852,0,32768,0,57728,-30499,11981,1
3853,0,32768,0,57760,-30518,11933,-1
3854,0,32768,0,57792,-30536,11886,0
3855,0,32768,0,57824,-30554,11840,0
3856,0,32768,0,57856,-30572,11793,0
3857,0,32768,0,57888,-30590,11746,0
3858,0,32768,0,57920,-30608,11700,0
3859,0,32768,0,57952,-30626,11653,0
3860,0,32768,0,57984,-30644,11606,1
3861,0,32768,0,58016,-30662,11558,0
3862,0,32768,0,58048,-30680,11511,0
3863,0,32768,0,58080,-30697,11464,0
3864,0,32768,0,58112,-30715,11417,0
3865,0,32768,0,58144,-30732,11370,0
3866,0,32768,0,58176,-30749,11323,0
3867,0,32768,0,58208,-30767,11276,0
3868,0,32768,0,58240,-30784,11227,-1
3869,0,32768,0,58272,-30802,11181,0
3870,0,32768,0,58304,-30819,11134,0
3871,0,32768,0,58336,-30835,11087,0
3872,0,32768,0,58368,-30852,11039,0
3873,0,32768,0,58400,-30869,10992,0
3874,0,32768,0,58432,-30886,10945,0
3875,0,32768,0,58464,-30903,10896,-1
3876,0,32768,0,58496,-30920,10849,0
3877,0,32768,0,58528,-30936,10802,0
3878,0,32768,0,58560,-30953,10755,0
3879,0,32768,0,58592,-30969,10708,0
3880,0,32768,0,58624,-30985,10660,0
3881,0,32768,0,58656,-31002,10613,0
3882,0,32768,0,58688,-31018,10565,1
3883,0,32768,0,58720,-31035,10516,-1
3884,0,32768,0,58752,-31051,10469,0
3885,0,32768,0,58784,-31066,10422,0
3886,0,32768,0,58816,-31082,10374,0
3887,0,32768,0,58848,-31099,10326,-1
3888,0,32768,0,58880,-31115,10278,0
3889,0,32768,0,58912,-31130,10231,0
3890,0,32768,0,58944,-31146,10183,0
3891,0,32768,0,58976,-31161,10136,0
3892,0,32768,0,59008,-31177,10088,0
3893,0,32768,0,59040,-31192,10040,0
3894,0,32768,0,59072,-31208,9993,1
3895,0,32768,0,59104,-31223,9943,-1
3896,0,32768,0,59136,-31238,9896,0
3897,0,32768,0,59168,-31253,9848,0
3898,0,32768,0,59200,-31268,9800,0
3899,0,32768,0,59232,-31283,9753,0
3900,0,32768,0,59264,-31298,9705,0
3901,0,32768,0,59296,-31313,9657,0
3902,0,32768,0,59328,-31328,9609,1
3903,0,32768,0,59360,-31343,9560,0
3904,0,32768,0,59392,-31357,9512,0
3905,0,32768,0,59424,-31372,9464,0
3906,0,32768,0,59456,-31386,9416,0
3907,0,32768,0,59488,-31400,9368,0
3908,0,32768,0,59520,-31415,9320,0
3909,0,32768,0,59552,-31429,9272,1
3910,0,32768,0,59584,-31444,9222,0
3911,0,32768,0,59616,-31458,9174,0
3912,0,32768,0,59648,-31471,9126,0
3913,0,32768,0,59680,-31485,9078,0
3914,0,32768,0,59712,-31499,9030,0
3915,0,32768,0,59744,-31513,8982,0
3916,0,32768,0,59776,-31527,8934,0
3917,0,32768,0,59808,-31541,8884,-1
3918,0,32768,0,59840,-31554,8836,-1
3919,0,32768,0,59872,-31568,8788,0
3920,0,32768,0,59904,-31581,8740,0
3921,0,32768,0,59936,-31594,8691,0
3922,0,32768,0,59968,-31608,8643,0
3923,0,32768,0,60000,-31621,8595,0
3924,0,32768,0,60032,-31634,8547,1
3925,0,32768,0,60064,-31647,8497,0
3926,0,32768,0,60096,-31660,8449,0
3927,0,32768,0,60128,-31673,8401,0
3928,0,32768,0,60160,-31686,8352,0
3929,0,32768,0,60192,-31698,8304,1
3930,0,32768,0,60224,-31712,8253,-1
3931,0,32768,0,60256,-31724,8205,0
3932,0,32768,0,60288,-31737,8157,0
3933,0,32768,0,60320,-31749,8108,0
3934,0,32768,0,60352,-31761,8060,0
3935,0,32768,0,60384,-31774,8011,0
3936,0,32768,0,60416,-31786,7963,0
3937,0,32768,0,60448,-31798,7914,1
3938,0,32768,0,60480,-31810,7864,0
3939,0,32768,0,60512,-31823,7815,0
3940,0,32768,0,60544,-31834,7767,0
3941,0,32768,0,60576,-31846,7718,0
3942,0,32768,0,60608,-31858,7669,0
3943,0,32768,0,60640,-31870,7621,0
3944,0,32768,0,60672,-31881,7572,0
3945,0,32768,0,60704,-31893,7522,0
3946,0,32768,0,60736,-31905,7473,0
3947,0,32768,0,60768,-31916,7424,0
3948,0,32768,0,60800,-31927,7376,0
3949,0,32768,0,60832,-31938,7327,0
3950,0,32768,0,60864,-31950,7278,0
3951,0,32768,0,60896,-31961,7229,0
3952,0,32768,0,60928,-31972,7179,-1
3953,0,32768,0,60960,-31983,7130,-1
3954,0,32768,0,60992,-31994,7081,0
3955,0,32768,0,61024,-32005,7032,0
3956,0,32768,0,61056,-32015,6983,0
3957,0,32768,0,61088,-32026,6934,0
3958,0,32768,0,61120,-32036,6886,0
3959,0,32768,0,61152,-32047,6837,1
3960,0,32768,0,61184,-32058,6786,-1
3961,0,32768,0,61216,-32068,6737,0
3962,0,32768,0,61248,-32078,6688,0
3963,0,32768,0,61280,-32088,6639,0
3964,0,32768,0,61312,-32098,6590,0
3965,0,32768,0,61344,-32109,6540,-1
3966,0,32768,0,61376,-32119,6491,0
3967,0,32768,0,61408,-32129,6442,0
3968,0,32768,0,61440,-32139,6393,0
3969,0,32768,0,61472,-32148,6344,0
3970,0,32768,0,61504,-32158,6295,0
3971,0,32768,0,61536,-32167,6245,0
3972,0,32768,0,61568,-32177,6196,1
3973,0,32768,0,61600,-32187,6145,-1
3974,0,32768,0,61632,-32196,6096,0
3975,0,32768,0,61664,-32205,6047,0
3976,0,32768,0,61696,-32215,5998,0
3977,0,32768,0,61728,-32224,5949,0
3978,0,32768,0,61760,-32233,5900,0
3979,0,32768,0,61792,-32242,5850,0
3980,0,32768,0,61824,-32250,5801,1
3981,0,32768,0,61856,-32260,5750,-1
3982,0,32768,0,61888,-32268,5701,0
3983,0,32768,0,61920,-32277,5652,0
3984,0,32768,0,61952,-32286,5602,0
3985,0,32768,0,61984,-32294,5553,0
3986,0,32768,0,62016,-32303,5504,0
3987,0,32768,0,62048,-32311,5455,1
3988,0,32768,0,62080,-32320,5403,-1
3989,0,32768,0,62112,-32328,5354,0
3990,0,32768,0,62144,-32336,5305,0
3991,0,32768,0,62176,-32344,5255,0
3992,0,32768,0,62208,-32352,5206,0
3993,0,32768,0,62240,-32360,5156,0
3994,0,32768,0,62272,-32368,5107,0
3995,0,32768,0,62304,-32375,5058,1
3996,0,32768,0,62336,-32383,5006,0
3997,0,32768,0,62368,-32391,4957,0
3998,0,32768,0,62400,-32399,4908,0
3999,0,32768,0,62432,-32406,4858,0
4000,0,32768,0,62464,-32413,4808,0
4001,0,32768,0,62496,-32421,4759,0
4002,0,32768,0,62528,-32428,4710,0
4003,0,32768,0,62560,-32435,4658,-1
4004,0,32768,0,62592,-32442,4609,0
4005,0,32768,0,62624,-32449,4559,0
4006,0,32768,0,62656,-32456,4510,0
4007,0,32768,0,62688,-32463,4461,1
4008,0,32768,0,62720,-32470,4409,-1
4009,0,32768,0,62752,-32477,4360,0
4010,0,32768,0,62784,-32483,4310,0
4011,0,32768,0,62816,-32490,4260,0
4012,0,32768,0,62848,-32496,4211,0
4013,0,32768,0,62880,-32503,4161,0
4014,0,32768,0,62912,-32509,4112,0
4015,0,32768,0,62944,-32515,4062,1
4016,0,32768,0,62976,-32522,4011,-1
4017,0,32768,0,63008,-32528,3961,0
4018,0,32768,0,63040,-32534,3911,0
4019,0,32768,0,63072,-32540,3862,0
4020,0,32768,0,63104,-32545,3812,0
4021,0,32768,0,63136,-32551,3762,0
4022,0,32768,0,63168,-32557,3712,0
4023,0,32768,0,63200,-32563,3663,1
4024,0,32768,0,63232,-32568,3611,0
4025,0,32768,0,63264,-32574,3561,0
4026,0,32768,0,63296,-32580,3512,0
4027,0,32768,0,63328,-32585,3462,0
4028,0,32768,0,63360,-32590,3412,0
4029,0,32768,0,63392,-32595,3363,0
4030,0,32768,0,63424,-32600,3313,1
4031,0,32768,0,63456,-32605,3261,0
4032,0,32768,0,63488,-32610,3211,0
4033,0,32768,0,63520,-32615,3162,0
4034,0,32768,0,63552,-32620,3112,0
4035,0,32768,0,63584,-32625,3062,0
4036,0,32768,0,63616,-32629,3012,0
4037,0,32768,0,63648,-32634,2963,0
4038,0,32768,0,63680,-32638,2911,-1
4039,0,32768,0,63712,-32643,2861,0
4040,0,32768,0,63744,-32647,2811,0
4041,0,32768,0,63776,-32651,2761,0
4042,0,32768,0,63808,-32656,2711,0
4043,0,32768,0,63840,-32660,2662,0
4044,0,32768,0,63872,-32664,2612,0
4045,0,32768,0,63904,-32668,2562,1
4046,0,32768,0,63936,-32672,2511,0
4047,0,32768,0,63968,-32676,2461,0
4048,0,32768,0,64000,-32679,2411,0
4049,0,32768,0,64032,-32683,2361,0
4050,0,32768,0,64064,-32686,2311,0
4051,0,32768,0,64096,-32690,2261,1
4052,0,32768,0,64128,-32694,2209,-1
4053,0,32768,0,64160,-32697,2159,0
4054,0,32768,0,64192,-32700,2109,0
4055,0,32768,0,64224,-32703,2059,0
4056,0,32768,0,64256,-32706,2010,0
4057,0,32768,0,64288,-32709,1960,0
4058,0,32768,0,64320,-32712,1910,0
4059,0,32768,0,64352,-32715,1860,1
4060,0,32768,0,64384,-32718,1808,0
4061,0,32768,0,64416,-32721,1758,0
4062,0,32768,0,64448,-32724,1708,0
4063,0,32768,0,64480,-32726,1658,0
4064,0,32768,0,64512,-32729,1608,0
4065,0,32768,0,64544,-32731,1558,0
4066,0,32768,0,64576,-32734,1508,1
4067,0,32768,0,64608,-32736,1456,0
4068,0,32768,0,64640,-32738,1406,0
4069,0,32768,0,64672,-32740,1356,0
4070,0,32768,0,64704,-32742,1306,0
4071,0,32768,0,64736,-32744,1256,0
4072,0,32768,0,64768,-32746,1207,0
4073,0,32768,0,64800,-32748,1157,0
4074,0,32768,0,64832,-32750,1105,-1
4075,0,32768,0,64864,-32751,1055,0
4076,0,32768,0,64896,-32753,1005,0
4077,0,32768,0,64928,-32754,955,0
4078,0,32768,0,64960,-32755,905,0
4079,0,32768,0,64992,-32757,855,0
4080,0,32768,0,65024,-32758,805,0
4081,0,32768,0,65056,-32759,755,1
4082,0,32768,0,65088,-32760,703,-1
4083,0,32768,0,65120,-32761,653,0
4084,0,32768,0,65152,-32763,603,0
4085,0,32768,0,65184,-32763,553,0
4086,0,32768,0,65216,-32764,503,0
4087,0,32768,0,65248,-32765,451,-1
4088,0,32768,0,65280,-32766,401,0
4089,0,32768,0,65312,-32766,351,0
4090,0,32768,0,65344,-32767,301,0
4091,0,32768,0,65376,-32767,251,0
4092,0,32768,0,65408,-32767,201,0
4093,0,32768,0,65440,-32768,151,0
4094,0,32768,0,65472,-32768,101,1
4095,0,32768,0,65504,-32768,49,0
4096,0,-13041,-6716,-62694,12008,8425,0
4097,0,16201,-9683,37885,5459,18067,0
4098,0,-17847,23011,2688,-20656,20527,0
4099,0,17390,10213,-27211,14431,-14088,0
4100,0,8121,-9432,37786,7226,10134,-1
4101,0,13478,-21055,44558,10563,22658,0
4102,0,-6680,-30627,53248,22569,21755,0
4103,0,-8271,-8824,24352,4869,-11071,0
4104,0,3654,-10431,3760,5465,-9607,0
4105,0,-5561,26347,20773,-25134,9661,0
4106,0,-1795,-10845,4649,647,-10973,0
4107,0,2769,22009,-30932,22167,-823,0
4108,0,-3353,262,-54289,3012,1497,-1
4109,0,32395,-1873,60438,-30980,9655,0
4110,0,-2103,6656,54494,-1546,-6807,-1
4111,0,-31590,7691,-64782,31848,-6544,0
4112,0,6763,4513,64672,-6944,-4229,0
4113,0,-26074,2316,-59956,25759,4658,0
4114,0,19308,-14204,-56988,-23368,5336,0
4115,0,26596,-595,-10692,22886,-13561,0
4116,0,-4797,21373,-31586,21067,6000,0
4117,0,-13891,-21621,51439,24362,8181,-1
4118,0,248,-6694,-9692,-2778,-6095,0
4119,0,-9950,-1340,38568,4020,-9200,0
4120,0,-27918,-16937,-52272,12404,30206,0
4121,0,-6958,690,29600,-1735,-6773,0
4122,0,2491,14193,21112,-10714,9636,0
4123,0,-18034,-20455,-669,-18681,-19866,0
4124,0,-4322,-13824,11720,3707,-14002,0
4125,0,14390,-994,26867,4971,13541,0
4126,0,15191,-5351,45560,-4366,15503,0
4127,0,1864,775,-62790,-1746,-1013,-1
4128,0,23409,-2109,-12151,18388,-14639,0
4129,0,10561,26639,-1839,12865,25606,0
4130,0,6047,-2012,37254,675,6337,0
4131,0,-11147,-834,46119,7326,-8443,-1
4132,0,-31199,-310,-53304,25816,17521,0
4133,0,763,-13803,34733,13670,2058,0
4134,0,13809,8584,7246,10062,12772,0
4135,0,-2315,5179,-16134,1962,5323,0
4136,0,5106,3112,-62597,-4619,-3798,1
4137,0,-15064,-14101,46897,20429,-2901,-1
4138,0,23548,13382,-47620,-5254,-26570,0
4139,0,-38,2074,-7393,684,1958,0
4140,0,-3795,12385,-14770,5172,11876,0
4141,0,-3820,23367,-49619,18911,-14248,-1
4142,0,9818,6122,-6551,11229,2790,0
4143,0,-23360,9530,-32639,9385,23419,-1
4144,0,-3647,5523,46847,-2033,-6298,0
4145,0,21370,6526,21782,5099,21755,-1
4146,0,-29312,11267,42199,2670,-31289,0
4147,0,7960,-21578,-14187,-7380,-21783,0
4148,0,20362,9615,-52984,-11343,-19453,0
4149,0,8617,-17327,-18433,-7928,-17653,0
4150,0,-1123,84,-61583,1119,129,0
4151,0,-18136,-18021,-7856,-23492,-10089,0
4152,0,-3648,18264,63942,2244,-18489,-1
4153,0,12229,7451,-43493,474,-14312,1
4154,0,1147,-3530,63814,-852,3613,0
4155,0,9752,14544,1939,8359,15387,0
4156,0,7693,25399,-36093,23856,-11627,1
4157,0,1150,-27586,-44760,-23777,14034,0
4158,0,9868,-19704,-13486,-3992,-21672,-1
4159,0,2043,19740,-56684,6266,-18830,0
4160,0,-18765,-872,-34299,506,18779,0
4161,0,6741,-7185,-16053,-158,-9851,0
4162,0,-21335,18268,-45637,27243,6834,0
4163,0,-12737,5484,15009,-13194,-4269,0
4164,0,14746,13079,-38247,8801,-17636,1
4165,0,-7371,-4564,15293,-2423,-8324,0
4166,0,9763,40,3559,9614,1697,1
4167,0,-17944,25046,-35906,27453,13987,0
4168,0,-6890,-18100,-15496,-17317,-8672,-1
4169,0,13213,12909,-9807,17627,5523,0
4170,0,12332,4328,-207,12374,4205,0
4171,0,-3116,-6070,-46421,-2919,6167,0
4172,0,14287,-8077,-31384,-7112,-14791,-1
4173,0,-3985,-7452,-54446,-342,8444,0
4174,0,3139,3113,-39464,1963,-3961,0
4175,0,-7613,-17078,-42272,-11987,14350,0
4176,0,-24463,-18727,41860,27304,-14271,0
4177,0,12600,1097,-3539,12604,-1046,0
4178,0,-3923,-9326,-5011,-6029,-8125,0
4179,0,13684,-29510,41767,21085,24769,0
4180,0,-19344,-20503,-21747,-27459,6372,0
4181,0,-11982,222,-32278,-59,11984,1
4182,0,10277,-7876,-38113,-10223,-7946,0
4183,0,-15723,18736,36723,-15438,-18972,0
4184,0,-150,282,34021,-272,-167,0
4185,0,-8364,2531,-31253,1918,8526,1
4186,0,4729,-591,-59248,-4691,-840,0
4187,0,-18983,5540,-10069,-14243,13718,0
4188,0,17498,-6016,51051,-9597,15820,-1
4189,0,1195,-3321,14056,3006,-1850,0
4190,0,-3970,-353,-913,-3982,-179,0
4191,0,3596,8417,-20095,8964,1852,0
4192,0,14460,26288,-45275,13544,-26772,0
4193,0,-28888,7315,-20104,-10472,27899,0
4194,0,-30408,-10216,-54420,21002,24247,-1
4195,0,-8324,-4284,-28995,-5711,7418,1
4196,0,-2747,-28431,35899,28522,1535,0
4197,0,-15993,-21771,51532,26064,7100,-1
4198,0,-26134,-4218,62710,26464,650,0
4199,0,-12227,-4673,18640,-4021,-12457,0
4200,0,-2782,-6377,-562,-2953,-6300,0
4201,0,-3481,-11353,20134,7352,-9325,0
4202,0,-21112,17702,-3613,-17745,21076,0
4203,0,11483,23729,40380,-26265,2259,0
4204,0,-7230,2107,-15034,-4042,6354,1
4205,0,17361,8253,18016,5005,18560,0
4206,0,-6602,-4111,35287,4876,-6059,0
4207,0,-24614,-9367,32921,9547,-24545,0
4208,0,-6574,-28918,31079,28292,-8891,0
4209,0,-11,-292,-63835,-13,292,0
4210,0,404,-3327,13039,2274,-2461,0
4211,0,-14681,6847,4357,-15781,3654,1
4212,0,-2967,1640,46255,478,-3356,0
4213,0,-2106,-1632,-812,-2168,-1549,0
4214,0,-178,503,-64746,197,-496,0
4215,0,-7643,954,-40845,3769,6717,0
4216,0,16516,-6148,12592,17087,4314,0
4217,0,-17759,-27503,52981,30210,12616,0
4218,0,-7860,20119,18793,-20651,6332,1
4219,0,-18791,10523,-21479,-661,21527,-1
4220,0,-8632,10650,-32511,10543,8762,0
4221,0,13864,8124,14894,5158,15219,0
4222,0,-411,919,53061,-178,-991,0
4223,0,-1192,239,-54121,1143,416,1
4224,0,7007,3679,58061,-7852,-988,0
4225,0,-13086,-5185,-1454,-13415,-4261,1
4226,0,-1660,-175,28822,-140,-1663,0
4227,0,-18930,8441,-53314,20440,3434,1
4228,0,2055,-384,-2666,1989,-643,0
4229,0,7802,16960,41022,-18657,663,0
4230,0,-10629,4302,-21032,-2030,11285,-1
4231,0,1033,29450,43414,-26202,-13485,-1
4232,0,-20406,2633,33237,-2173,-20460,0
4233,0,3166,23543,-9204,12916,19937,0
4234,0,2494,12329,-62951,-951,-12543,0
4235,0,-1999,29321,-28069,28134,8498,0
4236,0,-4091,-988,-8737,-4139,762,1
4237,0,-3496,13984,64414,2739,-14152,0
4238,0,1863,4763,3681,998,5016,0
4239,0,3840,20652,-26396,20851,2548,0
4240,0,-4553,-26278,46447,23604,12414,0
4241,0,660,-4169,-38830,-4183,562,0
4242,0,11741,-9355,-43391,-13892,-5691,-1
4243,0,-3605,19514,-22111,15260,12686,0
4244,0,21638,4411,56538,-21500,5040,1
4245,0,19029,18889,31793,-17980,19890,-1
4246,0,604,2612,35255,-2665,289,0
4247,0,-31866,-4272,65343,31904,3977,0
4248,0,3360,-4724,-21027,-2202,-5362,1
4249,0,-12737,2236,36831,271,-12929,0
4250,0,1524,5022,58460,-3108,-4229,1
4251,0,-62,136,-18048,63,135,0
4252,0,-3789,-4460,1180,-3531,-4667,1
4253,0,-11009,-749,-29611,-2400,10770,0
4254,0,-23770,9568,-27809,3702,25355,0
4255,0,-1649,301,-46096,1225,1144,-1
4256,0,53,-512,-41873,-486,168,1
4257,0,-355,-1156,-46716,-687,995,-1
4258,0,-5759,13782,36415,-12570,-8069,-1
4259,0,-312,-4955,58312,1975,4555,0
4260,0,-181,-4342,-13551,-2771,-3348,1
4261,0,1855,1592,-14277,2444,61,0
4262,0,-2425,20055,-48663,16184,-12090,0
4263,0,3077,-5606,15815,6089,-1955,1
4264,0,14013,-4012,-33220,-4315,-13923,1
4265,0,-27283,-4417,38121,11197,-25268,0
4266,0,14199,-89,40580,-5111,13248,0
4267,0,-30581,-2460,40216,12993,-27792,0
4268,0,16708,4859,-39539,-723,-17385,0
4269,0,-4642,7693,5081,-6360,6347,0
4270,0,390,-13378,-32205,-13363,-751,0
4271,0,-5125,26007,-34237,26303,3283,0
4272,0,27081,-8628,-1560,26361,-10627,0
4273,0,-3681,-2628,-15625,-4485,582,0
4274,0,-2790,3913,65099,2708,-3971,0
4275,0,-4838,-11046,-16327,-11220,-4421,-1
4276,0,2063,-3091,-52167,-3502,1244,0
4277,0,-7349,-13684,34419,14222,-6243,-1
4278,0,-5120,7001,-18916,2358,8347,0
4279,0,-36,966,59052,-261,-931,0
4280,0,-803,-28692,35689,28523,3209,0
4281,0,-3015,26851,698,-3912,26735,0
4282,0,-1736,362,-24328,-350,1738,0
4283,0,-1211,21468,-34458,21496,-530,0
4284,0,5016,25999,15258,-13633,22699,-1
4285,0,-3656,-5688,53994,6100,2918,0
4286,0,-4520,-3530,-8035,-5515,-1573,0
4287,0,19731,-15569,29700,18293,17236,0
4288,0,7141,11621,-55144,-720,-13621,0
4289,0,22261,-11816,2519,23522,-9049,0
4290,0,3960,-366,-15940,2606,-3004,1
4291,0,3558,5880,-3073,4383,5294,0
4292,0,3703,16420,29320,-15587,6354,0
4293,0,-10291,131,-19337,-6072,8309,0
4294,0,-488,34,-28785,-59,485,0
4295,0,18891,10329,51772,-21258,3419,0
4296,0,16719,-20492,9003,23758,-11620,1
4297,0,6745,-14320,-29959,-13285,-8606,0
4298,0,272,-485,25597,548,93,0
4299,0,-1195,24362,61844,-3113,-24192,0
4300,0,-5215,-23614,43433,23146,7005,1
4301,0,7384,-5190,23067,7950,4272,0
4302,0,-11629,-15571,35573,16990,-9436,0
4303,0,16933,-912,-50726,-13436,-10346,0
4304,0,-14541,-6605,25435,1194,-15926,1
4305,0,233,343,51813,-394,-129,0
4306,0,-7740,-834,-57679,6891,3622,0
4307,0,15203,-20678,8228,21982,-13248,0
4308,0,-9656,22840,47472,-11142,-22153,1
4309,0,-5887,3095,54086,3408,-5712,0
4310,0,7447,3661,39448,-5819,5916,0
4311,0,22,760,57351,-311,-694,0
4312,0,8830,-5921,-33737,-6325,-8546,0
4313,0,-762,-10479,14036,5935,-8670,-1
4314,0,-6598,-11311,-42434,-7170,10958,-1
4315,0,-13337,-20489,47273,24277,2885,0
4316,0,-64,-65,41747,86,-31,0
4317,0,14944,4812,-30199,6611,-14240,1
4318,0,1183,-23182,18549,18748,-13687,0
4319,0,-8526,5589,62769,7712,-6668,0
4320,0,4184,-20703,56290,5100,20497,0
4321,0,10031,4145,-40919,13,-10854,0
4322,0,-3649,-1661,49346,3767,-1371,0
4323,0,132,-4118,-28713,-4015,-925,0
4324,0,-1268,8549,-992,-860,8600,0
4325,0,17330,587,11505,14453,9580,0
4326,0,6046,-9285,38733,7203,8420,0
4327,0,-20352,-22839,-3972,-24307,-18574,0
4328,0,15345,18016,13790,1052,23642,0
4329,0,-1525,-25033,-20554,-21706,-12562,0
4330,0,26436,-18296,-64085,-27643,16415,0
4331,0,-16495,11231,47327,1996,-19855,-1
4332,0,-7454,-7574,22344,3076,-10172,0
4333,0,-2717,-5757,-3727,-3697,-5182,0
4334,0,-9782,25662,-55492,20553,-18215,0
4335,0,2279,13518,-47865,8621,-10659,0
4336,0,-14211,-26438,-35434,-24411,17465,0
4337,0,23250,-13841,65485,-23216,13897,0
4338,0,8459,3359,-13086,8820,-2246,0
4339,0,16676,-11116,37910,6711,18884,0
4340,0,-1539,-14985,-8348,-7255,-13201,0
4341,0,-7503,1174,39834,1386,-7467,0
4342,0,36,24366,-64493,1182,-24337,0
4343,0,10023,-9540,-9107,5049,-12883,0
4344,0,2423,-21651,-50640,-16010,14775,0
4345,0,-9326,18147,61883,6022,-19494,0
4346,0,6622,-7394,-15742,-240,-9923,0
4347,0,-10963,-3456,-58198,9101,7022,1
4348,0,3264,629,-56345,-2684,-1961,0
4349,0,8221,-17299,-4599,4240,-18678,-1
4350,0,-437,-1414,49842,1285,734,0
4351,0,-18423,4940,-50707,17184,8278,-1
4352,0,-452,29441,28305,-28866,5810,0
4353,0,-18976,23033,35671,-20178,-21987,0
4354,0,9200,-10677,61601,-7034,12213,0
4355,0,20382,-11815,-4010,17749,-15491,1
4356,0,-12814,28705,-59246,20761,-23605,0
4357,0,-2486,-5663,57610,4409,4337,0
4358,0,9024,17530,-12868,17502,9079,0
4359,0,-9159,3907,-63827,9448,-3144,0
4360,0,-13137,231,26082,-4358,-12395,0
4361,0,-19853,-2118,-55253,16487,11260,0
4362,0,-3671,1672,-31421,1432,3771,-1
4363,0,-29070,14798,5341,-31870,6954,0
4364,0,-15683,-5344,16086,-7523,-14762,0
4365,0,-8657,21273,-40847,22967,-19,0
4366,0,-20099,-16835,-23828,-23665,11285,0
4367,0,2326,1448,-59390,-1805,-2061,0
4368,0,11571,8089,40036,-11553,8114,1
4369,0,16286,24282,-27824,27427,-10130,1
4370,0,28176,7605,-21967,20553,-20719,0
4371,0,5050,18297,-59254,605,-18971,0
4372,0,-4278,5861,-5266,-2679,6744,0
4373,0,24106,-5384,41033,-4336,24316,0
4374,0,-8427,-5156,22760,685,-9856,0
4375,0,-4074,-16076,-59877,-382,16580,0
4376,0,184,557,51111,-497,-312,0
4377,0,-10622,-18652,28290,15962,-14351,-1
4378,0,-31704,3874,64357,31434,-5659,0
4379,0,-5491,2278,-3214,-5076,3094,-1
4380,0,29912,-2392,-35513,-6296,-29339,0
4381,0,-63,15088,29584,-14922,2232,0
4382,0,-18760,-1400,11952,-15006,-11346,1
4383,0,2623,-18816,-42176,-18078,5840,0
4384,0,-22235,-23340,8832,-10683,-30414,0
4385,0,-26541,2780,22969,-14493,-22408,0
4386,0,1271,-1862,-15908,-367,-2224,0
4387,0,3140,-8701,-51492,-7880,4845,0
4388,0,10188,18241,36143,-19644,7116,0
4389,0,-17080,-14556,48335,22283,-2659,0
4390,0,-17802,-15224,33998,16247,-16874,0
4391,0,84,-623,-996,54,-626,0
4392,0,13087,-15635,-39192,-18866,-7732,0
4393,0,-24592,-301,60303,23897,-5812,-1
4394,0,-852,1543,36679,-1357,-1125,0
4395,0,3345,-6842,-28640,-6051,-4625,0
4396,0,-9612,-1183,-39607,1976,9481,1
4397,0,-898,782,-29366,626,1013,0
4398,0,3320,-2916,48719,-194,4414,0
4399,0,-31299,8584,38111,-374,-32453,0
4400,0,-8935,-2969,-63429,8590,3855,-1
4401,0,-25238,-4317,42166,14875,-20840,0
4402,0,718,-13039,19627,10959,-7102,1
4403,0,3469,-907,45934,-1315,3336,0
4404,0,-1117,1095,-19154,192,1553,0
4405,0,1825,30198,-35099,29806,-5182,1
4406,0,-159,30,-34846,46,155,0
4407,0,12766,-28590,-16981,-12022,-28911,0
4408,0,9285,21054,-26092,22906,-2190,0
4409,0,7012,6068,-1650,7470,5495,0
4410,0,7649,23229,64872,-8384,-22974,0
4411,0,27699,2400,22498,10978,25544,0
4412,0,9726,-14203,16136,16881,-3367,1
4413,0,11666,12602,-9978,16158,5818,1
4414,0,1504,3526,-710,1623,3473,0
4415,0,-22712,11503,20850,-21958,-12885,0
4416,0,-8401,-22009,45521,22844,5754,-1
4417,0,-1518,-1802,55589,2176,904,0
4418,0,11936,707,-43036,-5017,-10853,0
4419,0,812,-2012,-59909,-1319,1723,0
4420,0,-14314,-23433,58198,21511,17067,-1
4421,0,1459,32,5930,1391,440,0
4422,0,-14185,-1243,20171,-7031,-12382,0
4423,0,11688,5314,11239,7306,10558,0
4424,0,1971,15166,-32443,15195,-1734,0
4425,0,-15804,15690,-41345,20699,8216,0
4426,0,8686,19035,-33913,18530,-9717,0
4427,0,31595,-7947,-40806,-19240,-26291,1
4428,0,19895,-15168,25237,21218,13255,0
4429,0,-21796,-19504,-58567,14195,25573,-1
4430,0,2474,2854,9062,1043,3630,0
4431,0,-12938,-28692,-1841,-15417,-27440,0
4432,0,12828,-14306,43317,6302,18152,0
4433,0,11142,4849,1274,10825,5520,0
4434,0,22900,-16950,64179,-21750,18402,0
4435,0,22595,-23098,-62486,-25720,19559,0
4436,0,4536,20657,16404,-11416,17804,1
4437,0,-7929,-4535,-61154,6809,6089,0
4438,0,27458,-3078,40018,-6457,26865,0
4439,0,-12501,-29322,-33196,-29059,13100,0
4440,0,12570,18244,65158,-12898,-18014,-1
4441,0,-6263,1986,-40685,4165,5082,0
4442,0,-7186,-10681,43246,12821,-1157,0
4443,0,2850,-6800,53034,1482,7223,-1
4444,0,-1086,1787,31327,-1858,-960,0
4445,0,481,1255,-7795,906,993,0
4446,0,-6728,647,-46741,4684,4873,0
4447,0,-901,305,43692,186,-933,0
4448,0,26127,-10528,-37946,-16624,-22740,0
4449,0,-11923,-8504,21439,1119,-14602,0
4450,0,-1045,-2081,-55227,-67,2328,1
4451,0,4470,-475,21855,2645,3635,0
4452,0,4851,-8369,-56908,-7806,5714,0
4453,0,-12811,20299,-41544,23761,3404,0
4454,0,-5192,3001,24629,-4750,-3660,0
4455,0,-14714,-20335,-21216,-25034,1821,0
4456,0,3299,989,-20611,2641,-2210,1
4457,0,13009,-405,-10150,11310,-6441,1
4458,0,-4578,-10379,40051,11319,-751,0
4459,0,25617,-11531,62556,-23714,15061,1
4460,0,-12012,-10029,-48929,1235,15600,0
4461,0,-658,-1376,19943,745,-1331,0
4462,0,2508,-1923,48506,-316,3144,0
4463,0,-1141,-4042,-51513,-1624,3873,0
4464,0,-13837,-13916,-2444,-15369,-12203,0
4465,0,20051,560,-14689,15644,-12554,0
4466,0,-3053,-11348,23477,8926,-7644,0
4467,0,7488,-15121,13521,15098,-7534,0
4468,0,11993,-1814,-48990,-9707,-7273,0
4469,0,-26280,-12459,-8926,-29081,-431,0
4470,0,23191,-5515,38033,-452,23833,-1
4471,0,-6111,-16537,87,-6042,-16563,-1
4472,0,-400,-7866,-19403,-6546,-4381,1
4473,0,3793,-21660,8262,11855,-18520,1
4474,0,-6122,15632,-51025,14718,-8077,0
4475,0,28437,-6179,19749,21631,19466,0
4476,0,-8454,661,22360,-4625,-7107,0
4477,0,14621,5416,15703,6968,13948,0
4478,0,8000,30216,-58001,3194,-31093,0
4479,0,-284,-610,12436,108,-664,-1
4480,0,15670,-22482,53887,-1378,27370,0
4481,0,3811,-7483,49731,2374,8055,-1
4482,0,9931,11863,-59679,-6255,-14150,0
4483,0,-22666,-12555,-36993,-7738,24728,0
4484,0,1219,13868,37007,-13829,-1605,0
4485,0,-25915,16132,-15264,-8504,29318,0
4486,0,701,1153,56854,-1107,-771,0
4487,0,-1865,20858,-46146,17829,-10984,0
4488,0,3986,-1884,41500,101,4408,0
4489,0,-13783,19285,-43939,23618,2013,0
4490,0,-4993,-7155,62344,6025,6310,0
4491,0,-256,858,32105,-866,-229,0
4492,0,-5171,1878,55284,3673,-4096,0
4493,0,-24734,2102,-41122,11579,21957,0
4494,0,12474,15367,-13045,19109,5157,0
4495,0,15016,-13374,-38133,-16753,-11120,0
4496,0,-7023,-21281,-9268,-15488,-16197,0
4497,0,-2913,4301,22884,-5156,-630,0
4498,0,1485,824,-1306,1534,729,0
4499,0,12165,23232,-57383,-2397,-26114,0
4500,0,28429,6803,-36323,1883,-29171,0
4501,0,-12284,-6404,-30645,-7619,11570,0
4502,0,19846,14726,-57342,-12698,-21201,0
4503,0,-9555,4256,-16322,-3776,9755,1
4504,0,20391,-20114,-43752,-27637,-7521,0
4505,0,821,-17012,-15912,-11161,-12865,1
4506,0,7830,-25329,-46620,-24772,9444,0
4507,0,2264,26094,-58468,6537,-25363,0
4508,0,11277,13326,-16358,17395,1471,0
4509,0,-346,31,47073,195,-287,0
4510,0,-5623,-695,2133,-5523,-1265,0
4511,0,-12049,30243,24905,-32555,-71,0
4512,0,-26779,-1018,48648,19209,-18686,1
4513,0,5294,-8533,-57388,-8144,5875,0
4514,0,4913,10279,13994,-2542,11106,-1
4515,0,-7807,20471,-61643,11470,-18667,0
4516,0,-4247,-797,-46306,1932,3865,0
4517,0,15610,-19114,46522,5546,24047,0
4518,0,1296,-3070,-48709,-3113,1189,0
4519,0,169,2891,38504,-2828,-622,0
4520,0,-11799,21744,32464,-21914,-11481,0
4521,0,758,1797,14729,-589,1859,0
4522,0,-209,-29297,-30307,-29118,-3241,0
4523,0,-8807,18190,34052,-17614,-9909,0
4524,0,27117,7055,-22087,19436,-20183,0
4525,0,449,-14,-60500,-439,-94,0
4526,0,-3895,-32119,12480,14871,-28734,0
4527,0,776,-4050,15462,3307,-2464,0
4528,0,-8092,-24743,-35898,-23256,11699,-1
4529,0,-8156,24351,62283,4275,-25322,0
4530,0,19094,-14130,58611,-13447,19581,0
4531,0,-17954,688,-4185,-17457,4252,0
4532,0,-19816,-22615,43914,29554,-5538,0
4533,0,-19406,7314,50027,9335,-18519,0
4534,0,5592,29336,-16838,25057,16249,0
4535,0,458,-18229,37176,17728,4271,1
4536,0,8004,-10589,-26385,-7686,-10822,0
4537,0,-23500,17203,-43200,26364,12374,0
4538,0,6990,-14222,-28704,-12600,-9611,0
4539,0,11697,17361,58209,-16956,-12277,0
4540,0,-14660,-24689,-39398,-18872,21641,0
4541,0,4303,23008,3622,263,23406,0
4542,0,-357,345,-36454,402,291,0
4543,0,3662,-2684,-20163,-128,-4539,0
4544,0,-164,248,9487,-256,151,0
4545,0,-237,-8679,-48680,-6110,6168,1
4546,0,2624,-1548,-10349,1571,-2610,0
4547,0,-8355,22467,-20245,13819,19586,0
4548,0,28376,11431,-53131,-17101,-25365,0
4549,0,498,6578,-12,502,6578,0
4550,0,6420,20746,44287,-21030,-5416,0
4551,0,6151,-7046,-10019,2200,-9091,0
4552,0,2462,-6050,44271,3863,5267,-1
4553,0,-3217,-12771,41968,12922,2542,0
4554,0,-29715,-8646,-23193,-20916,22809,0
4555,0,-15559,12868,-27325,8419,18352,0
4556,0,11893,21275,59136,-17762,-16690,0
4557,0,9527,1691,-31680,2185,-9426,0
4558,0,12424,-26007,45063,14713,24784,0
4559,0,3141,-9372,25443,9881,-274,0
4560,0,8755,-2287,-8785,7055,-5666,0
4561,0,-26739,11490,56352,19292,-21790,1
4562,0,-32,197,29210,-199,2,0
4563,0,2973,3268,64092,-3192,-3054,0
4564,0,5682,-22920,10539,16064,-17307,1
4565,0,28038,-8342,4705,29193,-1860,0
4566,0,3467,4234,4920,2382,4927,0
4567,0,24498,9399,-7727,26239,-107,0
4568,0,-6547,28184,-26772,25172,14268,0
4569,0,-23288,-9043,44484,20056,-14895,0
4570,0,-4126,-2777,-55173,2304,4408,0
4571,0,2235,-1711,62696,-1982,1999,0
4572,0,1028,-1191,46469,316,1541,0
4573,0,-2821,2467,-36632,2944,2319,0
4574,0,-877,6396,-10197,2229,6059,1
4575,0,1555,20221,-14743,14313,14368,0
4576,0,13338,375,-52600,-10637,-8056,0
4577,0,-7119,13976,-19256,6850,14110,0
4578,0,-4410,3416,-18433,-156,5576,0
4579,0,-14056,10933,-61980,15707,-8390,0
4580,0,4223,-6365,-64324,-4585,6109,1
4581,0,-9900,-5845,36012,7308,-8875,0
4582,0,-12687,-8116,41402,12533,-8351,0
4583,0,-22376,-7622,33239,8126,-22198,-1
4584,0,18814,-3783,1717,19061,-2224,0
4585,0,-2204,-4691,-23582,-5183,-6,0
4586,0,-17592,-11038,-25951,-16101,13118,0
4587,0,-20470,12224,5644,-22993,6308,-1
4588,0,-1180,-25864,-36248,-25309,5458,0
4589,0,-11600,22440,30874,-23399,-9518,0
4590,0,101,327,-35680,310,-146,0
4591,0,9609,-2869,-49024,-8794,-4820,0
4592,0,20630,-11458,-44636,-20767,-11208,-1
4593,0,-4921,-12954,-29671,-13540,2951,-1
4594,0,24300,21690,-29535,25180,-20661,0
4595,0,-4808,355,9786,-4449,-1857,0
4596,0,-4419,-16310,48791,14801,8153,0
4597,0,3334,-13730,25703,14058,-1417,0
4598,0,3267,-4013,-36373,-4515,-2528,1
4599,0,20927,-19432,-42955,-26979,-9364,0
4600,0,-5947,-20894,42605,21315,4194,0
4601,0,-13318,-2753,-19180,-10264,8922,-1
4602,0,-314,-6134,20813,4984,-3590,0
4603,0,11901,23036,-10232,21349,14714,0
4604,0,-3367,-6008,-2469,-4053,-5568,0
4605,0,22925,-21027,21601,29780,8991,1
4606,0,14071,17144,-29012,19387,-10773,0
4607,0,1497,-30786,-65118,-2114,30750,0
4608,0,9250,-10015,12252,13250,-3211,0
4609,0,-21064,-10631,45712,20897,-10956,-1
4610,0,7760,-3683,-29607,-2469,-8227,0
4611,0,-6169,-24201,20357,16585,-18673,0
4612,0,14339,1154,-27337,4806,-13559,0
4613,0,-18771,6900,-2634,-17753,9208,-1
4614,0,3741,3425,-217,3776,3386,0
4615,0,9983,4429,-38916,1338,-10839,0
4616,0,147,-329,15608,332,-141,1
4617,0,3257,-7274,-55762,-6191,5019,0
4618,0,-15448,21076,-57889,21976,-14139,0
4619,0,-7713,29632,-23400,23346,19812,1
4620,0,-13968,-4362,32428,4134,-14037,0
4621,0,6054,24322,-45531,16433,-18925,-1
4622,0,-13968,-27212,31730,26484,-15304,0
4623,0,3226,-13191,39656,11432,7329,0
4624,0,-7702,11540,-59163,10816,-8689,0
4625,0,-9413,-22517,50471,21947,10674,0
4626,0,4476,-24489,-26600,-22122,-11417,0
4627,0,11420,-5537,-44807,-10871,-6549,0
4628,0,14390,-21977,-29653,-19591,-17500,0
4629,0,333,461,-44400,215,-526,0
4630,0,2902,-11903,56900,2131,12065,0
4631,0,-13499,17084,33175,-16818,-13829,0
4632,0,-14296,242,-16945,-9658,10543,0
4633,0,4535,8801,-56905,-614,-9882,0
4634,0,4774,3526,55942,-5843,-1041,0
4635,0,-18798,-2953,-57660,16385,9675,0
4636,0,-8240,21179,-36305,22266,4548,0
4637,0,15960,-14800,43566,4964,21192,0
4638,0,-2225,-9697,26219,8536,-5110,0
4639,0,-3049,4438,-45676,5384,-90,0
4640,0,13063,3712,-61284,-12041,-6279,0
4641,0,-11238,10455,16778,-15326,-843,0
4642,0,-16892,6023,-28141,2160,17803,1
4643,0,-6570,-15085,-23664,-16448,-422,0
4644,0,-119,397,56890,-51,-411,0
4645,0,-24530,16716,3934,-27229,11821,0
4646,0,-3321,-1808,-21982,-3213,1993,1
4647,0,-22672,-14497,38593,20185,-17798,0
4648,0,2120,23152,26999,-21693,8361,0
4649,0,-1806,4350,-13530,1188,4558,0
4650,0,9565,-25682,-31782,-25202,-10768,0
4651,0,-25527,-10646,-36763,-5592,27087,0
4652,0,-6362,4005,56102,3973,-6383,0
4653,0,-14224,-6444,-58437,11257,10822,0
4654,0,8435,17945,78,8367,17977,-1
4655,0,16623,6171,52176,-17016,4985,1
4656,0,-8948,3984,39258,-1054,-9738,0
4657,0,-17,-14763,-51213,-9345,11428,0
4658,0,-2940,-8298,-51422,-2903,8311,0
4659,0,-3058,2776,-53026,4091,-566,0
4660,0,-19461,-22700,-20494,-29684,3590,0
4661,0,-1324,1650,-46299,2115,58,0
4662,0,3172,5140,11328,60,6040,0
4663,0,-16416,11545,-50486,19951,2174,0
4664,0,3258,9987,58802,-6258,-8438,0
4665,0,-3982,2786,-30333,2303,4279,0
4666,0,4626,19656,64519,-5578,-19407,-1
4667,0,-14805,5642,407,-14912,5353,0
4668,0,5265,-3881,58891,-3785,5335,0
4669,0,-11090,2539,57807,9418,-6382,-1
4670,0,4307,9264,-59730,-1596,-10091,0
4671,0,3935,682,60554,-3985,268,0
4672,0,-25264,10509,57866,19798,-18888,0
4673,0,29323,2070,33177,-2645,29277,0
4674,0,14967,541,29806,1582,14893,-1
4675,0,-19003,-23838,37775,27672,-12791,0
4676,0,-1958,8839,-51725,6978,-5768,0
4677,0,-8706,17643,-2440,-6588,18539,0
4678,0,-15758,14705,-55592,20749,-5835,0
4679,0,6293,-4325,-49876,-7552,-1130,0
4680,0,-7773,24805,31122,-25341,-5793,1
4681,0,16979,25937,-13846,29353,9971,0
4682,0,-24572,18173,-45057,28762,10333,0
4683,0,-11765,-16687,-24935,-19839,4826,0
4684,0,-3011,766,2376,-3079,419,0
4685,0,14176,-11155,5558,16613,-7029,0
4686,0,6285,5259,58323,-7695,-2818,0
4687,0,-353,629,-12739,71,718,1
4688,0,-9665,7419,-8862,-5748,10743,0
4689,0,14778,4773,-2007,15168,3331,0
4690,0,-24,-1095,49153,791,757,1
4691,0,-6353,-20680,-50015,-9331,19518,0
4692,0,-19928,7038,60008,17389,-12011,-1
4693,0,-2074,26341,15798,-19603,17717,0
4694,0,-20973,-13242,-61923,18377,16659,0
4695,0,-8693,-469,-57537,7886,3687,0
4696,0,-3818,-23946,-12039,-16265,-17984,0
4697,0,-26056,14141,50257,9918,-27938,0
4698,0,-13163,11243,2445,-14387,9627,0
4699,0,-21948,6341,23502,-15157,-17094,0
4700,0,-18231,14963,-25677,8029,22177,1
4701,0,-968,-177,-19891,-705,687,0
4702,0,16970,8231,-36422,5148,-18145,0
4703,0,-69,3530,46552,-2745,-2221,0
4704,0,-6472,-15425,8825,431,-16722,0
4705,0,-21846,22120,31410,-23494,-20361,0
4706,0,-24505,-13586,-25293,-21317,18184,0
4707,0,10033,18515,-21904,21053,510,0
4708,0,5159,-22735,51000,10635,20746,1
4709,0,11805,-7661,64219,-11298,8391,0
4710,0,-8371,-25038,-23807,-26250,-2817,1
4711,0,-7262,12441,36427,-10983,-9322,0
4712,0,26444,12941,-31585,14420,-25668,0
4713,0,18764,-446,6305,18046,5160,0
4714,0,11452,17665,-38085,14207,-15535,0
4715,0,14355,-8315,5806,16087,-4051,0
4716,0,305,1168,-10338,824,882,0
4717,0,7808,-4134,-50813,-8624,-1918,0
4718,0,-415,17114,-62760,2682,-16908,0
4719,0,201,-26534,-3287,-3966,-26237,0
4720,0,5130,-12609,20081,13279,-2995,0
4721,0,26815,-4473,49810,-16489,21614,-1
4722,0,-2477,23687,-38965,23375,-4565,0
4723,0,-8978,3271,-22607,-1311,9465,0
4724,0,30295,-3705,45161,-13888,27178,0
4725,0,-25009,20566,64223,23666,-22099,0
4726,0,-2087,15083,-45807,13452,-7133,0
4727,0,-6522,-2278,47173,5910,-3577,0
4728,0,15535,-5102,22660,11751,11370,1
4729,0,13914,-27601,37167,24077,19383,0
4730,0,1804,11566,-54285,4392,-10851,0
4731,0,-4093,-10229,-47629,-5066,9784,0
4732,0,542,23630,-59113,6644,-22683,0
4733,0,-2438,14244,-35547,14442,525,0
4734,0,24637,-12103,63700,-23477,14222,0
4735,0,30101,4680,-45588,-13532,-27292,0
4736,0,-5499,-6406,-51214,193,8440,0
4737,0,-1923,12984,-29242,12475,4079,0
4738,0,9967,14617,56134,-15339,-8816,0
4739,0,-422,16261,-60710,4139,-15731,0
4740,0,10996,19901,-31208,20667,-9478,0
4741,0,5210,6004,-12132,7652,2155,0
4742,0,26853,6868,25322,2947,27560,0
4743,0,-13447,-4394,42896,10161,-9843,0
4744,0,10653,-3765,-13386,6280,-9392,0
4745,0,-1878,-14858,59039,6340,13568,-1
4746,0,23948,-2621,64651,-23815,3635,1
4747,0,736,215,-60711,-667,-378,0
4748,0,14916,21674,341,14560,21915,1
4749,0,-13940,4568,37613,-1236,-14617,0
4750,0,-7077,-2368,24368,-595,-7439,0
4751,0,11628,-4795,-24647,-23,-12578,0
4752,0,-13878,12503,51114,2720,-18481,0
4753,0,990,-14851,34558,14711,2260,0
4754,0,7788,11754,4768,4922,13213,0
4755,0,2816,-2787,-15578,173,-3958,0
4756,0,-2600,7321,-9651,941,7712,0
4757,0,-19219,20981,-63772,20922,-19283,0
4758,0,745,3113,-14654,2580,1895,0
4759,0,-5173,11745,18513,-12374,3404,-1
4760,0,-12167,-9345,-28396,-11672,9957,0
4761,0,-15427,-6370,3262,-14247,-8695,0
4762,0,-9785,1002,28403,-3013,-9364,0
4763,0,1246,-327,-55948,-1262,-260,0
4764,0,10926,-5386,-7773,8216,-8994,0
4765,0,-15260,-7681,-528,-15449,-7292,0
4766,0,745,11522,-6107,4038,10817,0
4767,0,-24722,-4650,45221,17743,-17832,0
4768,0,11404,-6067,63339,-10703,7232,0
4769,0,4717,-1398,-14877,2653,-4143,0
4770,0,15611,26504,6409,6866,29984,1
4771,0,-300,-1359,48928,1181,736,0
4772,0,-1510,2934,-3859,-945,3162,0
4773,0,-16179,23300,4381,-20681,19416,0
4774,0,2594,9481,28261,-8705,4566,0
4775,0,10029,4167,-62030,-9190,-5786,0
4776,0,4362,-2077,15808,4596,1490,0
4777,0,-19476,1579,46838,10929,-16198,0
4778,0,-11259,15083,-5468,-6966,17485,0
4779,0,-11394,8461,20232,-13421,-4614,0
4780,0,10415,-669,-58322,-10025,-2901,0
4781,0,18149,-3793,-54071,-17457,-6246,0
4782,0,-6394,3731,-34913,4368,5977,-1
4783,0,2531,-10376,-64017,-3279,10164,-1
4784,0,-15992,1495,42556,5897,-14940,0
4785,0,-1281,21151,-35156,21159,-1143,0
4786,0,-11226,-26568,13534,7107,-27953,0
4787,0,108,-1150,64579,-55,1154,0
4788,0,-5808,-16553,28122,14862,-9321,0
4789,0,-16663,-8754,15040,-6738,-17575,0
4790,0,8216,31709,15537,-15453,28882,0
4791,0,-750,-6503,11935,2890,-5873,0
4792,0,-36,-499,-42854,-425,264,0
4793,0,-3152,23583,-58478,10800,-21200,1
4794,0,-13763,8441,64322,13249,-9227,0
4795,0,14958,5810,13881,8180,13805,0
4796,0,-17143,21912,24859,-26701,-7815,0
4797,0,-2602,17956,47278,-12118,-13504,0
4798,0,2038,-4677,-38861,-5066,-605,0
4799,0,749,27889,59508,-8665,-26519,0
4800,0,12087,-12515,-15816,171,-17398,0
4801,0,-10298,6780,14352,-12261,-1302,0
4802,0,1765,60,-11197,1548,-851,0
4803,0,-25655,7713,-7957,-20940,16709,0
4804,0,10910,-1193,-34174,-1925,-10805,0
4805,0,-25729,8767,40789,1524,-27139,0
4806,0,1287,-25294,8355,11046,-22791,1
4807,0,-14507,26249,-42221,29951,1551,0
4808,0,-23139,19705,-9083,-12669,27626,0
4809,0,9470,842,-49571,-6246,-7168,0
4810,0,830,-1505,-52603,-1550,743,0
4811,0,-30161,-6871,10654,-22953,-20737,0
4812,0,16385,12148,37889,-15765,12942,1
4813,0,6573,-3377,53158,-3561,6475,0
4814,0,-24493,12971,41340,-2107,-27636,0
4815,0,-13152,-19102,-36952,-16099,16694,0
4816,0,4947,5015,-24959,6477,-2771,0
4817,0,-8855,8855,-338,-8710,8997,0
4818,0,-2452,-9131,-55552,-2029,9234,0
4819,0,13416,-17809,39975,12213,18655,-1
4820,0,-20805,-9160,-13130,-22210,4843,0
4821,0,4054,5139,50331,-6447,-1133,0
4822,0,-3832,-22956,-49999,-12743,19475,0
4823,0,9140,3991,-58580,-7331,-6762,0
4824,0,-20985,-13444,57678,24459,4782,0
4825,0,387,-18661,-28750,-18242,-3952,0
4826,0,-16130,19264,64818,15458,-19807,-1
4827,0,7710,-1828,6369,7903,574,0
4828,0,5179,-6721,-49755,-8380,1333,0
4829,0,-8217,-2392,22807,-1651,-8397,0
4830,0,18420,-18902,-16549,-549,-26387,0
4831,0,-10699,-3237,26952,167,-11176,0
4832,0,10589,-12884,61021,-7576,14857,-1
4833,0,-19690,-25495,-1064,-20964,-24458,0
4834,0,10171,7384,54102,-12529,-1003,0
4835,0,-11057,8729,25287,-12054,-7290,0
4836,0,5586,-22908,-6720,-1954,-23498,0
4837,0,29806,-10350,-26311,-779,-31542,0
4838,0,-3932,942,-19940,-1499,3755,1
4839,0,24237,783,53540,-20765,12525,0
4840,0,2489,-413,6797,2490,406,-1
4841,0,-6214,8844,-10046,-1411,10716,0
4842,0,12993,-4517,26411,8208,11039,1
4843,0,884,10304,-21046,9191,4742,-1
4844,0,-11203,-8734,13772,-3493,-13769,0
4845,0,12908,28906,3851,7382,30784,0
4846,0,-873,-9049,22254,7502,-5134,-1
4847,0,17886,-18599,-30789,-16821,-19567,0
4848,0,-29333,11793,-44363,25496,18694,0
4849,0,-6242,-1634,32515,1558,-6261,0
4850,0,-2357,-521,41090,1396,-1970,-1
4851,0,16817,4517,-62303,-15918,-7058,0
4852,0,13551,-5741,-41761,-10878,-9912,1
4853,0,-997,352,23318,-753,-742,0
4854,0,937,9898,-26389,9721,2086,0
4855,0,-5895,22184,41582,-17816,-14473,0
4856,0,-4884,8108,-50129,9070,-2707,0
4857,0,1929,-2701,-27371,-2118,-2556,0
4858,0,30716,-7863,-9354,24271,-20401,-1
4859,0,-32264,-5173,50079,27297,-17962,0
4860,0,-7674,-20725,-50580,-7833,20665,0
4861,0,-11855,-23183,-12319,-22756,-12655,0
4862,0,1919,297,56968,-1878,494,0
4863,0,-1572,25917,37219,-24996,-7024,0
4864,0,-18921,20877,50640,626,-28168,0
4865,0,29228,-3869,-35741,-7981,-28382,0
4866,0,-177,8786,-1880,614,8766,0
4867,0,21660,-14331,12332,25971,173,0
4868,0,4700,5620,-47435,1248,-7219,0
4869,0,7341,-21694,-55632,-16446,15939,1
4870,0,-21974,-9041,-35495,-6099,22965,1
4871,0,-1416,-8817,-44616,-6671,5937,0
4872,0,20081,19269,35664,-21863,17221,0
4873,0,22728,-10087,39407,2469,24743,0
4874,0,1248,-424,52839,-781,1062,1
4875,0,-5104,-15518,-62927,3128,16034,0
4876,0,23223,2593,63574,-23364,-400,0
4877,0,2088,-1927,36051,1576,2364,-1
4878,0,16418,1471,5454,15480,5665,0
4879,0,5237,18544,48344,-17168,-8751,0
4880,0,-6724,7376,-14483,-448,9971,0
4881,0,20949,-4566,-21235,7115,-20226,0
4882,0,-7393,-31446,41320,31787,5753,0
4883,0,410,-2447,15910,1987,-1486,0
4884,0,-1250,5836,12085,-4241,4199,0
4885,0,-5650,11720,-2612,-4142,12334,0
4886,0,-27681,2353,4162,-27598,-3180,0
4887,0,15348,13392,-57148,-8883,-18330,1
4888,0,-1412,-10973,-38025,-10274,4103,0
4889,0,16391,-9883,40246,3505,18816,1
4890,0,-25,-1246,-30412,-1241,-115,0
4891,0,-4916,-2690,-50590,1941,5257,1
4892,0,19648,-5684,23742,13398,15455,-1
4893,0,-10520,20810,-32892,20872,10396,0
4894,0,29250,10842,-50406,-14696,-27516,0
4895,0,493,228,22426,34,542,-1
4896,0,-2083,6089,-7949,331,6427,0
4897,0,21895,13453,-31689,14567,-21170,0
4898,0,14615,9348,22787,-1569,17278,0
4899,0,30377,112,44676,-16508,25500,0
4900,0,-5249,12933,-27101,11050,8527,-1
4901,0,19601,-4548,24100,12073,16098,0
4902,0,12061,-4410,-32055,-3995,-12205,-1
4903,0,-10937,-13530,-3160,-12854,-11725,0
4904,0,-11883,-19540,-13493,-21258,-8432,0
4905,0,6334,-13411,37473,11655,9173,0
4906,0,-6740,-2609,-39251,-423,7215,-1
4907,0,11385,-2447,-7373,9834,-6237,0
4908,0,12597,-5745,-31910,-5222,-12823,1
4909,0,-13537,14058,25480,-17842,-7907,0
4910,0,-18934,421,60618,18312,-4832,0
4911,0,-10394,-6153,18694,-1687,-11960,0
4912,0,1526,8177,-4337,3181,7686,0
4913,0,-7106,6397,-63127,7796,-5535,0
4914,0,-392,-3952,-13604,-2710,-2903,0
4915,0,30305,-9776,-60964,-31706,2954,0
4916,0,-11401,28974,-2307,-8133,30055,0
4917,0,1830,-3105,52809,279,3593,0
4918,0,-23404,2999,-56473,22492,7131,-1
4919,0,-6657,-12895,-19954,-14375,-1992,1
4920,0,14524,-8091,-55717,-16614,624,-1
4921,0,-2104,-18606,62914,4420,18195,0
4922,0,21247,16200,54089,-26578,-2738,1
4923,0,11337,15194,1310,10362,15875,1
4924,0,15995,12279,-60258,-12412,-15892,0
4925,0,10809,-4952,28927,6848,9720,0
4926,0,-16615,-15176,46685,22203,-3663,0
4927,0,-11266,16866,22918,-20145,-2362,0
4928,0,-973,-1048,-21432,-1400,291,1
4929,0,-3508,-7344,-43153,-4778,6589,0
4930,0,6149,-4619,-25710,-2316,-7333,1
4931,0,1770,27219,46080,-22917,-14793,0
4932,0,-1394,20911,34104,-20779,-2730,0
4933,0,15848,-9834,-8480,10668,-15299,0
4934,0,-1953,-2570,27929,2052,-2491,0
4935,0,139,-2010,14504,1394,-1454,0
4936,0,-2593,1724,-703,-2533,1810,0
4937,0,-24369,6956,-20388,-7862,24092,-1
4938,0,-9109,-13252,-48483,-3436,15710,-1
4939,0,-827,-1051,-65194,810,1065,0
4940,0,17592,5813,-64701,-17345,-6512,0
4941,0,8328,-4868,-30206,-3811,-8862,0
4942,0,20350,13297,-12874,24291,-933,1
4943,0,-149,-6438,54523,3372,5486,0
4944,0,22432,-14847,-19009,2013,-26825,0
4945,0,-9773,15578,-37703,17435,5850,0
4946,0,11546,14902,15329,-1424,18798,0
4947,0,11814,4671,-145,11846,4589,0
4948,0,7483,5564,61986,-8317,-4217,0
4949,0,-11547,-15526,30318,14066,-13287,0
4950,0,-2212,22028,-28170,21011,6975,0
4951,0,29402,5663,-17987,23433,-18640,0
4952,0,1308,3592,65422,-1328,-3585,0
4953,0,-11340,-21469,7359,-3224,-24065,0
4954,0,25537,-7326,51643,-15554,21538,0
4955,0,23768,2785,-19548,16319,-17503,0
4956,0,-5472,-4335,56906,6753,1769,1
4957,0,-21044,-20275,-17727,-29121,2422,0
4958,0,5424,689,-23846,2877,-4650,0
4959,0,-949,3083,4795,-1626,2786,0
4960,0,6024,-16669,-27490,-14630,-10005,0
4961,0,18592,25154,39272,-29645,9980,0
4962,0,29072,621,37391,-6996,28225,0
4963,0,20550,6492,-53221,-13458,-16833,-1
4964,0,-7077,-3384,-57137,5185,5886,0
4965,0,-24897,-17394,18806,-1805,-30318,-1
4966,0,-756,1953,-42262,2087,-179,0
4967,0,13349,-7329,21563,13128,7719,1
4968,0,-5896,-12833,13614,3109,-13776,0
4969,0,-9465,21460,-51798,20619,-11180,1
4970,0,-13602,-4171,-31415,-5044,13303,0
4971,0,4120,22104,57469,-12152,-18918,0
4972,0,59,96,-43304,56,-98,0
4973,0,-18376,21061,45232,-7074,-27041,-1
4974,0,-13110,28517,35362,-26671,-16545,0
4975,0,168,-1087,46145,771,785,0
4976,0,2601,-25131,-49755,-19141,16491,0
4977,0,-10088,-22051,36134,23385,-6414,0
4978,0,-10812,-8469,-23583,-12269,6171,0
4979,0,6766,-7978,60923,-4851,9268,-1
4980,0,319,8489,-8923,3812,7592,0
4981,0,68,-2747,38403,2629,799,-1
4982,0,-841,1926,-53224,1770,-1132,0
4983,0,54,108,38948,-119,20,-1
4984,0,-2259,-156,-36658,266,2249,0
4985,0,3767,-7844,64052,-3200,8092,0
4986,0,-326,4157,60701,-638,-4121,0
4987,0,6125,11325,-48836,3864,-12282,0
4988,0,23003,-9263,-13171,13101,-21055,0
4989,0,1156,-675,-32713,-672,-1158,1
4990,0,12137,-3066,-10735,9056,-8643,0
4991,0,-6829,-25953,-20065,-25194,-9243,0
4992,0,-4129,-5263,-7079,-5645,-3589,0
4993,0,5229,-14134,51169,4945,14236,-1
4994,0,1694,716,-28991,1010,-1537,-1
4995,0,5995,-8940,50167,1566,10650,0
4996,0,-3639,-32212,11640,13968,-29253,0
4997,0,-17878,-16338,50066,24219,-28,0
4998,0,-1161,-30168,39541,28962,8524,0
4999,0,14786,18967,-24409,23232,-6216,-1
5000,0,-15606,-4221,-12238,-15333,5124,0
5001,0,-9107,-20161,-37665,-17489,13547,1
5002,0,13884,3769,64436,-14063,-3032,1
5003,0,10566,-4545,-27777,-1912,-11342,0
5004,0,-11027,-3789,46230,9659,-6530,0
5005,0,2054,864,16628,817,2073,0
5006,0,4192,25620,-38367,23591,-10836,0
5007,0,-889,-8218,35843,8259,328,0
5008,0,4656,-10558,57047,-97,11539,0
5009,0,2063,-14190,-17368,-9108,-11075,0
5010,0,-20374,2329,-6608,-18635,8560,0
5011,0,4217,12983,-4497,6896,11781,0
5012,0,-2436,-3751,-14524,-4275,-1316,0
5013,0,-12419,10682,-43435,15393,5603,0
5014,0,27254,-6142,47798,-13365,24534,1
5015,0,-82,134,1708,-93,127,0
5016,0,-2182,-17458,-56623,-5249,16793,0
5017,0,-8860,4500,-3988,-7844,6101,0
5018,0,1302,-2008,-34497,-2109,-1131,0
5019,0,-8757,26707,-35222,27550,5562,0
5020,0,-29321,-359,-39503,8963,27920,0
5021,0,-18165,-12149,62932,19537,9793,0
5022,0,15285,-9988,15853,17960,3289,0
5023,0,1183,-19452,47523,14017,13539,-1
5024,0,20880,11728,63289,-22020,-9415,1
5025,0,25801,11594,-6011,28032,3784,0
5026,0,2868,4134,-48720,997,-4931,0
5027,0,-35,-189,26865,172,-86,0
5028,0,4179,908,60879,-4276,40,0
5029,0,15321,14993,54830,-20708,-5539,0
5030,0,-11136,18870,58554,4320,-21481,0
5031,0,22723,-5952,-62112,-23390,2160,0
5032,0,21911,-14878,20988,24294,10548,0
5033,0,7082,20002,40233,-21216,-372,0
5034,0,9496,-3871,4216,10080,-1886,0
5035,0,6982,21611,34913,-22213,4728,1
5036,0,-24042,4205,57144,20476,-13283,1
5037,0,8565,-11159,-18138,-2999,-13743,0
5038,0,25832,17339,-58742,-18927,-24692,0
5039,0,7744,-161,3000,7687,950,0
5040,0,11540,-3220,-52757,-11293,-4001,0
5041,0,-13833,7978,50502,5128,-15123,1
5042,0,-1050,-1347,17519,302,-1681,1
5043,0,-21602,4300,-2076,-21068,6425,0
5044,0,-12058,-19511,-4540,-15986,-16447,0
5045,0,2651,-3442,42400,1901,3907,0
5046,0,606,-22057,25114,20806,-7348,0
5047,0,9224,4322,54980,-10163,691,0
5048,0,2577,-22176,-49972,-16945,14536,0
5049,0,-14095,24112,34422,-22920,-15961,0
5050,0,-4412,1227,-25663,-317,4568,1
5051,0,-5961,-12491,-60784,2986,13514,-1
5052,0,-1253,1083,27940,-1342,-971,0
5053,0,-19546,21443,26563,-26230,-12403,0
5054,0,733,3208,-3056,1193,3067,0
5055,0,26666,8270,38463,-15154,23448,0
5056,0,14671,19365,-29069,21649,-11026,0
5057,0,10082,6084,12528,4880,10717,0
5058,0,24391,-3168,23461,13383,20636,1
5059,0,2481,-14244,44921,10529,9909,0
5060,0,4190,-13478,-9851,-2400,-13909,0
5061,0,1610,-833,-4250,1408,-1142,-1
5062,0,-2746,4430,53852,-27,-5212,0
5063,0,-9,-634,-28809,-624,-111,1
5064,0,11940,15077,-34150,14254,-12912,0
5065,0,2616,-6218,-27885,-5441,-3987,-1
5066,0,-5218,9703,-9722,-302,11013,0
5067,0,-17343,-9680,-15287,-19367,4406,0
5068,0,25071,-11380,41247,541,27528,0
5069,0,4890,-20063,-6077,-1079,-20622,1
5070,0,22846,9821,-22309,19593,-15314,0
5071,0,-19867,-4610,-17161,-16894,11425,0
5072,0,-6508,-30111,58272,16391,26084,0
5073,0,-26893,6919,-43423,19183,20078,1
5074,0,12497,4233,57364,-13166,859,0
5075,0,25991,-13201,-9941,17041,-23652,-1
5076,0,5648,17194,19521,-10492,14746,0
5077,0,1228,-2254,-51379,-2371,984,-1
5078,0,729,-17460,58929,4745,16819,0
5079,0,-6571,15390,-8137,-226,16733,0
5080,0,-5719,-7962,41172,9567,-2140,0
5081,0,-518,-10269,34496,10277,334,0
5082,0,1460,3190,-33682,3123,-1598,-1
5083,0,1820,8853,-59962,582,-9019,-1
5084,0,1773,109,2131,1753,289,1
5085,0,127,-388,2326,169,-371,0
5086,0,-9200,7032,-52163,11579,-134,0
5087,0,28,-281,21392,255,-122,0
5088,0,7827,-30247,-20772,-21125,-23019,0
5089,0,1952,78,-40955,-675,-1833,1
5090,0,-6322,14659,10192,-12463,9976,-1
5091,0,-701,1641,64901,651,-1661,0
5092,0,17504,21844,56287,-25182,-12223,0
5093,0,1119,-10003,-62527,-2545,9738,1
5094,0,-17149,-26873,17743,8887,-30615,1
5095,0,3323,22697,28667,-21611,7692,0
5096,0,18138,-15850,-34089,-16966,-17099,0
5097,0,16864,27580,56013,-27295,-17322,0
5098,0,26464,-7313,37983,539,27451,0
5099,0,21677,15724,37450,-20154,17633,0
5100,0,17567,10257,-64123,-16833,-11422,0
5101,0,-5900,852,-36147,1792,5686,0
5102,0,7079,-6004,-63774,-7560,5385,0
5103,0,16586,7610,33109,-7880,16460,1
5104,0,-2231,-827,31882,732,-2264,0
5105,0,16788,8450,-18102,17301,-7343,-1
5106,0,-13970,5275,26706,-9057,-11873,0
5107,0,7139,3317,-30020,4226,-6641,0
5108,0,-14225,-1882,40409,6852,-12607,1
5109,0,26391,-14426,-45424,-26898,-13457,0
5110,0,-856,-1542,52709,1589,766,0
5111,0,168,6928,-26361,6655,1935,0
5112,0,1970,-38,62460,-1943,327,0
5113,0,-366,3557,-14527,2001,2964,-1
5114,0,-6289,547,-31947,299,6306,0
5115,0,-5280,-24244,35082,24679,-2564,0
5116,0,-13277,6335,-13848,-6554,13170,0
5117,0,-3887,-19630,-27101,-19953,-1523,-1
5118,0,-4577,-14750,37187,15382,-1373,0
5119,0,-2812,-5425,447,-2695,-5484,0
5120,0,-12287,10951,37561,-7865,-14458,0
5121,0,-6056,1675,-38712,3310,5341,0
5122,0,32472,1748,54217,-28711,15270,0
5123,0,16729,8022,1089,16288,8884,0
5124,0,5306,31890,-27645,32223,2606,0
5125,0,30786,-5751,-40151,-16065,-26885,0
5126,0,-19131,-7329,-61431,17329,10928,0
5127,0,2845,-5251,-7056,941,-5898,0
5128,0,2371,-12340,-19514,-8525,-9232,0
5129,0,-6030,-29639,-56652,-6753,29483,0
5130,0,8573,11241,32116,-10967,8920,0
5131,0,15097,22652,22609,-12953,23943,0
5132,0,-9,-8,-56176,4,11,0
5133,0,-24971,-11246,-50411,11232,24977,0
5134,0,1903,1269,-58334,-1361,-1838,-1
5135,0,-1832,-2156,25804,1437,-2437,0
5136,0,5393,-10842,-27606,-9191,-7885,0
5137,0,2775,2520,20427,-544,3709,0
5138,0,3593,-3248,-34319,-3506,-3342,0
5139,0,-1735,-5387,52067,4627,3259,0
5140,0,2389,-3027,-16929,-551,-3817,0
5141,0,19616,-16289,44274,3595,25243,0
5142,0,12217,-3475,51051,-7165,10488,-1
5143,0,-12855,15545,46870,-4084,-19754,0
5144,0,-2014,325,-44574,1354,1526,1
5145,0,8413,-11292,-62039,-10179,9730,0
5146,0,17422,5082,10548,12780,12885,-1
5147,0,3116,-946,17561,2781,1694,1
5148,0,-9614,455,22411,-4980,-8236,0
5149,0,-16495,1279,56661,14497,-7973,0
5150,0,20998,-10930,-27976,-5862,-22935,0
5151,0,5693,24672,28447,-22974,10645,0
5152,0,14359,-14909,-12308,3637,-20377,0
5153,0,6762,1030,-52754,-4939,-4731,0
5154,0,-373,-5471,53948,3202,4452,0
5155,0,18232,-11846,-41687,-18339,-11680,-1
5156,0,-17818,-12010,17717,-2752,-21311,0
5157,0,6183,2415,-33001,2346,-6210,0
5158,0,1556,-20870,16269,15782,-13744,0
5159,0,27472,7804,6475,23776,15821,0
5160,0,-12427,7656,51691,5072,-13686,1
5161,0,481,2181,-59472,164,-2228,0
5162,0,14194,-15108,871,14813,-14502,0
5163,0,-5723,2074,26071,-3774,-4776,1
5164,0,-11803,10018,5762,-14088,6420,0
5165,0,9815,17574,-29523,18882,-6973,0
5166,0,-1842,12858,-48878,10496,-7652,0
5167,0,2743,-1387,34948,1093,2873,0
5168,0,12043,-23581,55939,-321,26476,0
5169,0,13696,-20003,16855,23923,-3920,0
5170,0,-5199,4571,-63215,5675,-3965,0
5171,0,8444,-11678,-24571,-7555,-12272,0
5172,0,-24104,-6902,42073,16625,-18768,0
5173,0,11302,-3852,-62945,-11692,2422,0
5174,0,-1153,645,42677,-46,-1320,0
5175,0,-7725,11568,-47858,13785,-1867,0
5176,0,31140,6348,-47223,-15008,-28013,0
5177,0,-12945,19225,61273,8774,-21452,1
5178,0,23412,-14614,-21418,-386,-27596,1
5179,0,30667,6918,55603,-30427,7908,0
5180,0,-2541,13387,-63421,3883,-13061,0
5181,0,-28712,9619,-24412,-2338,30190,0
5182,0,6951,15404,-37788,13304,-10422,0
5183,0,-31310,1862,61672,30431,-7597,0
5184,0,-21111,-12440,-52634,9987,22376,-1
5185,0,20430,15411,54089,-25469,-2491,1
5186,0,-21352,-18391,53721,27886,4062,1
5187,0,159,-2790,24140,2619,-976,0
5188,0,-798,-5134,44929,4725,2160,-1
5189,0,-20976,4707,7711,-21260,-3189,0
5190,0,657,496,-39295,270,-778,0
5191,0,-842,9752,-36446,9749,-882,0
5192,0,-15016,1074,48971,9760,-11463,0
5193,0,-2335,-4250,3730,-1542,-4597,0
5194,0,-9354,-8682,54363,12475,2693,0
5195,0,24607,20923,39038,-27270,17310,0
5196,0,1059,-6619,64465,-718,6665,0
5197,0,-3435,24058,64726,2498,-24173,0
5198,0,18762,15325,-16985,24023,-3124,0
5199,0,13634,7225,-51502,-6161,-14147,0
5200,0,2313,-19055,-14561,-10474,-16085,0
5201,0,1331,-1924,-14982,-264,-2324,0
5202,0,20100,-3194,-17144,11347,-16896,0
5203,0,-2424,-3081,57674,3388,1973,0
5204,0,3859,-21992,17455,18913,-11867,0
5205,0,-14732,-4305,-60647,13330,7608,0
5206,0,16157,10970,-10416,19437,1895,-1
5207,0,16355,9238,55932,-18756,-1010,0
5208,0,22142,-4043,-12741,15820,-16010,0
5209,0,-61,165,57090,-9,-176,0
5210,0,-22897,3939,45235,9627,-21145,0
5211,0,1547,3359,37474,-3620,757,1
5212,0,-23994,-19457,115,-23886,-19590,-1
5213,0,-18501,-4607,55135,18452,-4801,0
5214,0,24200,-9555,12186,25457,5376,0
5215,0,4344,-1857,-2099,4136,-2284,0
5216,0,-24129,-14337,-29722,-17694,21787,1
5217,0,-10701,20416,-50288,21597,-8056,0
5218,0,-20183,-6824,-19058,-17732,11810,1
5219,0,-12229,-29320,18064,14410,-28312,-1
5220,0,-1811,13519,-38306,13521,-1799,0
5221,0,-430,-32,64834,431,17,0
5222,0,-11523,23096,-8544,-1373,25774,0
5223,0,-9824,23997,23562,-25894,1367,0
5224,0,-11680,-5117,-31528,-5802,11355,-1
5225,0,8437,29123,50089,-25875,-15805,0
5226,0,-24496,-2461,37477,7882,-23324,0
5227,0,525,3931,14676,-2143,3338,1
5228,0,16063,-9292,14861,18230,3468,0
5229,0,-12785,4007,18397,-11221,-7322,0
5230,0,-4495,13247,50135,-5591,-12823,0
5231,0,6363,-1650,45851,-2398,6120,0
5232,0,1004,-20881,-28071,-20130,-5640,1
5233,0,-17542,4220,-63183,17906,-2218,0
5234,0,-1556,-299,44449,1080,-1160,0
5235,0,6291,4176,-59069,-4717,-5896,0
5236,0,24563,-12922,-4013,21639,-17380,0
5237,0,-15611,-28110,5610,-7581,-31248,0
5238,0,18,-7348,57062,2887,6757,0
5239,0,-22534,16862,47358,1603,-28099,0
5240,0,629,-10052,13710,6639,-7574,1
5241,0,4735,-10611,11267,9517,-6666,0
5242,0,-261,189,-6291,-193,258,0
5243,0,6074,16292,22871,-11718,12846,0
5244,0,20178,156,47249,-13029,15409,0
5245,0,-8454,-5928,23704,1819,-10164,0
5246,0,-12712,-2071,62205,12880,24,0
5247,0,243,236,2802,209,266,1
5248,0,-19385,-9537,45411,18881,-10500,0
5249,0,-816,630,55650,439,-933,0
5250,0,-7684,-502,-6793,-7441,1982,0
5251,0,10402,-14274,-58521,-14530,10042,0
5252,0,-6429,-27892,4002,-993,-28606,0
5253,0,5392,-7435,-5162,3406,-8529,0
5254,0,531,610,-2020,588,556,0
5255,0,-17921,-23050,-51025,-1015,29179,0
5256,0,-1920,875,45930,426,-2066,0
5257,0,-676,7356,-54080,4416,-5922,0
5258,0,-1163,16572,51364,-9507,-13623,0
5259,0,25022,-17995,-22620,-4210,-30532,0
5260,0,10087,-9322,-51154,-13713,777,0
5261,0,23878,-4966,32198,5616,23733,0
5262,0,7021,-10388,-57607,-10374,7042,0
5263,0,15358,-18413,-735,14700,-18943,0
5264,0,21973,-4315,-64789,-22113,3526,0
5265,0,8308,28875,51309,-24651,-17178,1
5266,0,7733,-15236,7499,12599,-11542,0
5267,0,157,-324,-17406,-134,-334,0
5268,0,-19456,14959,63977,18285,-16370,0
5269,0,-8755,21406,48153,-9956,-20874,0
5270,0,19361,-14653,33106,14337,19596,0
5271,0,125,6089,-63448,484,-6071,0
5272,0,-4354,6322,-11416,-429,7664,0
5273,0,-11509,-17952,56487,17989,11452,1
5274,0,-6392,-15215,1557,-5240,-15649,1
5275,0,-153,-65,-39162,-16,165,1
5276,0,-1413,486,35049,-329,-1457,0
5277,0,-6665,11847,-31260,11335,7503,0
5278,0,19170,7594,65460,-19197,-7524,0
5279,0,8588,2199,-57175,-7050,-5375,0
5280,0,-18651,20518,-64545,19604,-19609,0
5281,0,4183,-3880,19381,5612,1028,0
5282,0,-352,-1941,-19039,-1751,-909,0
5283,0,9517,-8496,-15108,1499,-12669,0
5284,0,34,-2214,6411,702,-2100,0
5285,0,-9616,-3557,51540,9743,-3192,0
5286,0,-579,-1888,-28017,-1970,138,0
5287,0,992,-2198,-61057,-1437,1936,0
5288,0,6737,28892,-43438,21897,-20016,0
5289,0,26727,-6142,-11526,19526,-19256,0
5290,0,742,816,46097,-1097,109,0
5291,0,9366,-4030,11841,10064,1637,0
5292,0,-10348,-10691,-2641,-11615,-9299,0
5293,0,6125,15609,-11439,13363,10128,0
5294,0,11347,-9093,51629,-3295,14163,0
5295,0,-12702,-13208,6674,-7903,-16533,-1
5296,0,6502,-5843,-34503,-6363,-5994,-1
5297,0,2966,9186,33833,-9325,2494,0
5298,0,323,-713,42254,499,603,0
5299,0,15368,12617,37520,-15762,12121,-1
5300,0,12270,-4235,-25072,475,-12972,0
5301,0,-22207,-12890,-57277,15518,20457,0
5302,0,26517,-8769,26591,16125,22804,0
5303,0,-31253,1498,-37580,8604,30083,0
5304,0,1039,1450,-48359,357,-1747,0
5305,0,5324,-22209,47269,13646,18313,0
5306,0,15605,9977,13515,6422,17373,0
5307,0,-3665,-31836,20050,24002,-21234,0
5308,0,16459,-24135,35138,22114,19089,0
5309,0,-991,-10183,40213,9888,2629,1
5310,0,-18054,26808,27210,-30616,-10359,0
5311,0,-9050,11084,31194,-11735,-8188,0
5312,0,-1375,26831,11307,-15020,22276,0
5313,0,-2456,-9786,-15178,-8343,-5674,0
5314,0,20658,15916,1193,19714,17071,-1
5315,0,13107,19772,-13323,22310,8062,-1
5316,0,5306,-7377,37757,5910,6903,0
5317,0,26159,-6392,-11461,18971,-19111,0
5318,0,-4878,-1973,-32281,-2086,4831,0
5319,0,-6441,9901,-43151,11775,932,1
5320,0,4014,1371,-63243,-3839,-1803,0
5321,0,5349,-3678,-49367,-6395,-1116,0
5322,0,7192,1084,-51987,-5072,-5213,0
5323,0,-14403,-15436,-35958,-13061,16587,1
5324,0,-14338,-11405,-16446,-18197,2127,-1
5325,0,-5201,-9931,16527,3418,-10677,0
5326,0,1983,1233,55710,-2327,-199,0
5327,0,-9202,8660,38887,-5629,-11313,-1
5328,0,-18048,-7367,-16538,-17915,7685,0
5329,0,25457,-2877,36854,-2132,25530,0
5330,0,-18685,14864,62627,16438,-17317,0
5331,0,25647,-19216,15784,31841,3633,0
5332,0,3274,-935,34716,625,3347,0
5333,0,24639,9286,28240,-3761,26061,0
5334,0,-21494,-5881,55616,21802,-4612,0
5335,0,21833,15900,-3823,24365,11654,0
5336,0,15696,17618,38824,-21374,9996,0
5337,0,-3882,-18317,-51862,-8087,16887,0
5338,0,-10486,-10018,34087,10661,-9832,-1
5339,0,-1784,11887,-6041,1684,11902,0
5340,0,-7477,2373,-46247,6397,4541,0
5341,0,2903,-32277,-25653,-29447,-13532,0
5342,0,-25750,-18674,-44209,-2510,31710,0
5343,0,69,-5411,31788,5408,-185,0
5344,0,-10525,3014,25000,-6637,-8707,0
5345,0,-11420,-15885,11996,-944,-19541,0
5346,0,-18851,-1162,-21262,-10868,15446,0
5347,0,646,1350,-44623,790,-1271,0
5348,0,6036,-20026,-21778,-14275,-15287,0
5349,0,616,-7714,512,805,-7697,0
5350,0,-6454,-4827,-39023,-2705,7592,-1
5351,0,21287,-8897,-65003,-21507,8351,0
5352,0,19308,240,-45772,-11077,-15816,0
5353,0,-7922,28072,57701,-2928,-29021,0
5354,0,24947,7115,-51923,-15501,-20801,0
5355,0,-11387,-16934,-52793,-386,20403,0
5356,0,1337,532,38498,-875,1143,0
5357,0,-5389,8282,63774,4671,-8707,0
5358,0,-51,796,61211,-114,-790,0
5359,0,-4544,-2128,-9484,-5017,84,1
5360,0,5338,30469,58662,-14910,-27103,0
5361,0,-11273,2815,-42483,7577,8809,0
5362,0,7537,13656,-59865,-3593,-15178,0
5363,0,-7164,-5351,58818,8490,2808,1
5364,0,-7677,2064,14232,-7260,-3239,1
5365,0,17021,5556,-31002,6975,-16490,0
5366,0,11668,-13882,57912,-5936,17135,0
5367,0,-5451,19168,-54517,14368,-13809,1
5368,0,-10138,5817,-23216,736,11665,0
5369,0,-7461,21342,7601,-14577,17282,0
5370,0,-8556,-4273,49725,9151,-2778,0
5371,0,-6945,27711,63413,4094,-28273,0
5372,0,4504,3584,-16070,5728,-565,1
5373,0,3500,2593,52812,-4354,-120,0
5374,0,644,6493,-32484,6501,-556,0
5375,0,-3791,-5376,50440,6401,1519,0
5376,0,-10132,-23435,-53089,-4786,25079,0
5377,0,-13016,-15275,37925,17996,-8882,0
5378,0,20232,-19147,-30146,-16460,-22472,0
5379,0,-27047,-8709,-63548,26095,11243,0
5380,0,22834,7921,-39231,582,-24162,0
5381,0,-22174,18659,23625,-26306,-12160,-1
5382,0,-17368,22932,22606,-28395,-4613,0
5383,0,444,-346,-11071,208,-523,0
5384,0,1252,25991,42036,-24006,-10041,0
5385,0,19863,17683,29553,-14424,22342,0
5386,0,-70,1480,-21954,1251,794,1
5387,0,3323,-15237,16467,13157,-8372,0
5388,0,2761,6316,32935,-6338,2711,1
5389,0,-6431,10396,-17287,3316,11766,0
5390,0,-11159,25826,64634,10032,-26284,0
5391,0,12007,-2059,-42246,-7120,-9885,0
5392,0,-11076,-1561,5876,-10205,-4579,0
5393,0,1766,8168,45290,-7738,-3156,0
5394,0,448,-2126,139,462,-2123,1
5395,0,943,-12992,-14906,-7801,-10432,0
5396,0,-14918,1721,29348,-4133,-14437,0
5397,0,19182,-8313,12756,20479,4206,0
5398,0,5710,-19407,-60248,-10395,17355,0
5399,0,-2845,-1442,-41551,-153,3186,0
5400,0,-1155,6179,54641,-2081,-5931,0
5401,0,-7059,-5600,1165,-6735,-5985,-1
5402,0,-21302,10725,-24403,1560,23799,0
5403,0,15632,-10544,-63728,-16486,9151,0
5404,0,-8011,15088,9299,-13733,10160,0
5405,0,1345,-627,-35361,-789,-1257,0
5406,0,-6602,-6485,-52960,1761,9085,-1
5407,0,-12996,-11085,35534,12706,-11416,0
5408,0,15272,26069,-43848,14742,-26372,0
5409,0,-796,-29379,-36836,-28668,6474,0
5410,0,-6850,-1959,11690,-4761,-5300,1
5411,0,-2392,1682,-24218,590,2864,0
5412,0,10894,3920,38158,-6573,9531,0
5413,0,-3688,19894,33715,-19706,-4587,0
5414,0,30828,-776,30156,4620,30490,0
5415,0,-19383,3406,38622,2095,-19568,1
5416,0,-11371,8694,36385,-6602,-12700,0
5417,0,-18895,6716,-47836,17531,9737,0
5418,0,-3814,26688,-11543,10780,24710,0
5419,0,-3904,-959,51909,3683,-1611,0
5420,0,-4430,12737,28374,-13382,-1669,-1
5421,0,-2022,-12499,-64164,1196,12605,0
5422,0,14930,-27768,-2403,11640,-29300,0
5423,0,6858,3495,35861,-4470,6267,0
5424,0,15666,-5793,-7389,12684,-10868,1
5425,0,-22984,-9438,-28602,-13810,20655,0
5426,0,10795,-8100,41743,2860,13189,1
5427,0,3958,-25163,11811,16838,-19114,1
5428,0,-11229,-288,-60599,10849,2913,0
5429,0,8849,245,-31179,918,-8805,-1
5430,0,24876,-739,-15879,17500,-17694,0
5431,0,-7267,24833,-13880,9614,24022,0
5432,0,18613,-4537,51686,-11864,15043,-1
5433,0,-1354,-4822,-18481,-4591,-2002,0
5434,0,12087,-10907,-13154,3332,-15936,0
5435,0,6898,24324,10531,-5727,24626,0
5436,0,-28531,-15546,39648,23949,-21958,0
5437,0,4332,28575,-65394,-4137,-28604,0
5438,0,22103,3515,27830,1767,22311,0
5439,0,7769,25902,12637,-8362,25717,1
5440,0,17468,5457,-58254,-14549,-11102,1
5441,0,4224,2881,37745,-3798,3424,0
5442,0,17366,-9672,-50816,-19491,-3900,0
5443,0,-30015,-2727,35223,6232,-29487,0
5444,0,-14180,16200,16542,-21492,1266,0
5445,0,-235,-886,-43882,-644,652,0
5446,0,15542,-4046,13884,14723,6415,0
5447,0,-8439,10559,-23106,5676,12267,0
5448,0,-4948,-1662,64518,5023,1419,0
5449,0,-19020,25114,-15766,3383,31321,0
5450,0,-835,472,-56652,955,-85,0
5451,0,23995,-20631,33483,19797,24688,0
5452,0,29470,2739,-26440,11418,-27306,0
5453,0,10427,-2318,-59483,-10654,-762,0
5454,0,25103,2898,33360,-3610,25010,-1
5455,0,1814,1356,-8770,2210,498,-1
5456,0,-2280,4574,-28069,3949,3244,0
5457,0,-19702,18618,-9331,-9711,25308,0
5458,0,25591,14261,47331,-27374,10437,0
5459,0,-4511,29945,-456,-3855,30037,0
5460,0,-12083,-4407,11069,-8191,-9916,0
5461,0,23951,-8131,-34430,-10011,-23228,0
5462,0,7463,24398,-12587,19989,15855,0
5463,0,-18024,10292,-19380,-2546,20599,-1
5464,0,-1208,16338,-40861,15581,-5063,0
5465,0,4642,5497,-44915,2038,-6900,1
5466,0,29003,-3344,-40117,-13146,-26068,0
5467,0,-27365,15870,42030,-2577,-31529,0
5468,0,-107,-341,-41424,-269,236,0
5469,0,-18641,2469,-43662,11438,14925,0
5470,0,-21705,12180,-55299,24884,-514,0
5471,0,14735,-22757,-30912,-21358,-16698,1
5472,0,-8830,1061,-26445,-1623,8744,0
5473,0,25029,-5219,1797,25385,-3046,0
5474,0,19728,20422,-63760,-17920,-22026,0
5475,0,-445,8666,-53572,5076,-7038,0
5476,0,3846,-5868,-33273,-5959,-3703,0
5477,0,430,-674,-12808,-37,-799,0
5478,0,27525,10745,54258,-29130,4954,0
5479,0,11883,-11704,34603,10615,12866,0
5480,0,-9938,10909,-2965,-8292,12207,0
5481,0,-2736,80,34711,175,-2731,0
5482,0,4585,28600,60974,-10680,-26925,0
5483,0,-22759,22114,-64931,23391,-21444,0
5484,0,3643,-9747,54295,1875,10235,0
5485,0,3755,31463,13054,-15385,27701,0
5486,0,-4198,24347,3069,-7723,23469,-1
5487,0,-1373,-5841,-46673,-3742,4691,0
5488,0,-10701,23972,-36486,25490,6282,0
5489,0,6430,27861,-14047,22401,17770,0
5490,0,7382,-6251,-50902,-9673,11,-1
5491,0,-3885,7627,-43159,8556,-231,0
5492,0,1799,483,-54802,-1328,-1306,-1
5493,0,13382,-20365,11417,22025,-10427,0
5494,0,13056,15689,-1118,13878,14967,0
5495,0,-8921,5139,27841,-7084,-7471,0
5496,0,4883,-3765,10101,6074,-1059,0
5497,0,-29135,5971,55364,22942,-18926,0
5498,0,-10448,-8839,-5838,-12483,-5609,0
5499,0,-4435,-19814,26105,17419,-10432,0
5500,0,18997,2881,15294,12188,14854,0
5501,0,12980,1915,29182,334,13116,1
5502,0,31194,-822,65248,-31180,1252,-1
5503,0,14466,9917,-62449,-12846,-11942,0
5504,0,-22472,-22854,-27051,-28083,15448,0
5505,0,10179,10798,24444,-5995,13575,0
5506,0,-16449,24000,42999,-13424,-25814,0
5507,0,25410,-2408,-1922,25081,-4735,0
5508,0,4723,-12167,13795,11200,-6702,0
5509,0,1116,-1660,-51786,-1899,629,0
5510,0,11467,12674,-3328,13335,10691,0
5511,0,-1313,5538,36235,-5245,-2211,0
5512,0,15496,7641,40702,-12848,11552,0
5513,0,7784,-1215,10464,7409,2677,0
5514,0,-8495,-17135,51867,17177,8410,0
5515,0,-11603,3971,-56121,12173,1487,0
5516,0,10552,-11673,-62100,-12323,9785,0
5517,0,4467,5291,30430,-4758,5031,0
5518,0,-1311,-113,-26407,-501,1216,0
5519,0,5638,1687,-38227,171,-5882,0
5520,0,-24971,-848,23495,-9973,-22909,0
5521,0,-12895,-22949,30133,21142,-15683,0
5522,0,-589,6729,-57657,3029,-6038,0
5523,0,-15571,8851,51162,6391,-16732,0
5524,0,19460,-6581,22195,15200,13819,0
5525,0,19735,-16544,-39546,-21979,-13421,0
5526,0,-10356,-15312,-42763,-8813,16249,0
5527,0,549,-15598,-11992,-8020,-13389,0
5528,0,-13882,-16210,-8927,-19357,-8987,0
5529,0,5880,-1689,6483,6115,190,1
5530,0,-449,242,-13729,-207,466,0
5531,0,5307,-21430,-6889,-1929,-21993,0
5532,0,17128,5251,-43363,-3741,-17520,-1
5533,0,-11152,12519,-35085,13678,9695,0
5534,0,22930,20612,20491,-4414,30515,0
5535,0,2699,10273,35820,-10557,1173,0
5536,0,3183,-5863,-38275,-6490,-1543,0
5537,0,10106,-1440,-26029,1843,-10040,0
5538,0,-799,595,62791,714,-695,0
5539,0,1523,-2189,6129,2092,-1654,1
5540,0,-1903,-17239,30334,16900,-3897,-1
5541,0,-6685,-7699,-1267,-7140,-7279,0
5542,0,-11,9348,63812,-761,-9317,0
5543,0,-5996,-16640,-22178,-17456,-2850,-1
5544,0,-741,17202,23195,-15751,6955,-1
5545,0,16057,-26792,-41687,-31038,-3503,-1
5546,0,900,-1789,-36052,-1908,-608,0
5547,0,-15402,-1260,-21826,-8804,12700,0
5548,0,896,12113,6367,-2785,11823,1
5549,0,25665,19337,-3477,28518,14811,0
5550,0,-21166,21968,16302,-30498,687,0
5551,0,-484,-2413,19575,1660,-1817,-1
5552,0,6716,4830,-63968,-6334,-5321,0
5553,0,-135,-27169,9717,12081,-24335,1
5554,0,-18103,6983,-45618,16159,10741,0
5555,0,-3773,5072,-42446,6224,1105,0
5556,0,-9856,12483,-15668,1315,15851,1
5557,0,4622,17119,-63815,-3196,-17441,1
5558,0,10967,-23697,62334,-7215,25095,0
5559,0,-448,-1058,56785,840,784,1
5560,0,-5243,2528,15289,-5588,-1629,0
5561,0,20477,-4137,8203,20499,4025,0
5562,0,-3211,-3355,62418,3675,2839,0
5563,0,-1606,27938,45236,-22191,-17049,0
5564,0,4932,-21188,-28976,-19947,-8681,0
5565,0,22301,17844,-37421,12469,-25696,0
5566,0,-8835,-26264,60110,15292,23109,0
5567,0,-3650,-3890,-656,-3770,-3773,0
5568,0,-5617,3321,58640,4235,-4964,0
5569,0,-2171,-14477,42281,13954,4426,0
5570,0,13186,3860,34798,-5123,12749,0
5571,0,-22281,-1188,20061,-11774,-18954,-1
5572,0,656,352,45528,-665,335,0
5573,0,-906,54,36330,101,-902,0
5574,0,-29446,-582,-11084,-25682,14417,-1
5575,0,6131,-11185,-56823,-10141,7736,0
5576,0,22057,2181,30436,293,22163,0
5577,0,-20981,14961,39518,-7513,-24649,-1
5578,0,-7066,-23068,-66,-7139,-23046,0
5579,0,12252,28802,59331,-20155,-23947,0
5580,0,-8250,-7596,60972,9702,5624,0
5581,0,-8343,8236,46004,-1688,-11601,0
5582,0,5501,3771,-52774,-2337,-6246,0
5583,0,13536,-18309,-12864,454,-22765,0
5584,0,3241,-2458,38534,1480,3789,0
5585,0,-3765,4605,-55157,5506,-2250,1
5586,0,1730,1354,-23338,1974,-965,0
5587,0,-298,-9018,-43450,-7715,4679,0
5588,0,-3463,-7427,27931,6432,-5077,0
5589,0,8718,-1141,-12420,6578,-5834,0
5590,0,20742,9889,23427,66,22979,0
5591,0,6898,7020,21010,-2249,9582,0
5592,0,3926,30015,-12282,19934,22781,1
5593,0,25184,956,-57904,-23175,-9902,0
5594,0,7,-1842,50151,1233,1368,0
5595,0,-9248,-3016,240,-9213,-3122,0
5596,0,-6878,14392,7212,-11348,11210,1
5597,0,22957,17071,33764,-18147,22116,0
5598,0,-3449,-241,-35907,279,3446,-1
5599,0,-19951,11037,-6623,-15509,16714,-1
5600,0,-23116,-2701,-858,-23208,-1749,-1
5601,0,-648,1682,56635,-106,-1799,0
5602,0,-15854,-3256,-19199,-12192,10645,0
5603,0,6820,-12066,-28714,-10522,-9022,0
5604,0,4883,-13607,16392,13077,-6164,0
5605,0,20456,-18018,31424,19297,19254,0
5606,0,-12802,10659,-60101,15116,-7002,0
5607,0,-27391,358,-37893,7010,26482,0
5608,0,-19158,3820,-9601,-15468,11931,0
5609,0,17866,9743,3857,15771,12861,0
5610,0,29256,-11457,-26890,-2871,-31288,0
5611,0,-8969,7029,-49411,11329,1231,0
5612,0,7994,2714,-29437,3951,-7461,0
5613,0,-15812,-7116,64485,16150,6311,0
5614,0,5505,-3139,20049,5726,2716,0
5615,0,6783,4470,22012,-544,8105,0
5616,0,7065,15085,60598,-10405,-13008,0
5617,0,23785,-15139,-51208,-27991,-3376,0
5618,0,27800,7581,-43510,-7093,-27929,0
5619,0,27975,15440,38456,-22403,22784,0
5620,0,-711,-219,37452,372,-644,0
5621,0,21677,-11657,31844,12605,21140,0
5622,0,14623,-17734,5438,18699,-13367,0
5623,0,445,14366,-62108,1911,-14245,1
5624,0,1184,-11325,-28727,-10885,-3342,0
5625,0,1735,3203,-28955,3465,-1124,0
5626,0,19142,21684,-26970,26104,-12457,-1
5627,0,743,-16052,39027,15115,5454,-1
5628,0,-2275,-4880,-1764,-2679,-4671,0
5629,0,-14749,2867,64752,14631,-3419,0
5630,0,16622,-21201,-35665,-23297,-13528,-1
5631,0,11737,-16910,13197,19464,-6697,-1
5632,0,-13491,17079,31319,-17975,-12272,0
5633,0,-16031,-13974,-46343,-1407,21220,-1
5634,0,16205,-15016,64325,-15306,15931,0
5635,0,10824,-16833,-56461,-16910,10704,0
5636,0,-13003,-26804,-56355,345,29789,0
5637,0,-19559,10973,-9582,-12667,18507,-1
5638,0,-8607,17633,-7429,-1919,19527,0
5639,0,-9235,-7554,-37400,-5335,10672,0
5640,0,18802,-15817,-45987,-23879,-5786,0
5641,0,-3934,9515,24648,-10296,-29,0
5642,0,-29729,-3016,-14059,-25111,16197,1
5643,0,8745,-12588,-47973,-15214,1861,0
5644,0,-4611,10158,17347,-10613,3437,1
5645,0,1126,-1028,36546,809,1292,0
5646,0,17549,19873,5350,11935,23674,0
5647,0,-25349,11595,-59067,27679,-3306,-1
5648,0,-4772,-5746,4431,-3453,-6623,-1
5649,0,-7003,4269,-47916,7842,2402,0
5650,0,-7294,-7406,-16025,-10392,-258,0
5651,0,-11834,-11094,-416,-12053,-10856,0
5652,0,-4501,-5077,-8344,-6123,-2923,0
5653,0,2221,505,-65238,-2213,-537,0
5654,0,31789,-5260,11059,30085,11536,0
5655,0,-6389,6350,-59550,7925,-4282,0
5656,0,20139,-21268,-33275,-21751,-19616,0
5657,0,-3881,1680,4424,-4148,826,0
5658,0,-7709,-1114,-60820,7263,2814,0
5659,0,-7386,4064,-39274,6135,5782,1
5660,0,3579,15257,-16206,13248,8372,-1
5661,0,-1604,-6077,10707,1587,-6082,1
5662,0,-888,19286,54148,-9254,-16944,0
5663,0,-21599,-692,-47465,13462,16905,0
5664,0,699,14543,7510,-4469,13857,-1
5665,0,-14094,-20141,-49921,-3381,24349,0
5666,0,-3414,5297,-4154,-2299,5868,0
5667,0,10339,7985,-49839,-2090,-12895,0
5668,0,-14327,-1485,25865,-3251,-14032,0
5669,0,-2876,-18307,-21284,-17106,-7126,0
5670,0,-6514,-5635,-34812,-4971,7034,0
5671,0,-1043,11085,-55533,6039,-9354,0
5672,0,-5412,-3681,-37517,-2365,6103,0
5673,0,-7107,-16140,35981,17039,-4546,0
5674,0,-7111,846,62083,6874,-2006,0
5675,0,-20009,14105,-54758,24365,-2380,0
5676,0,3607,-921,-6079,3190,-1918,0
5677,0,-9570,-19093,-6315,-14827,-15371,1
5678,0,-25329,-20060,-39713,-10680,30494,0
5679,0,8806,14519,-16293,16476,4112,0
5680,0,-5020,10618,-37882,11519,2293,0
5681,0,-5216,-30076,39576,30161,4701,0
5682,0,-9893,18171,-5411,-4902,20101,0
5683,0,9090,15504,64934,-9533,-15236,0
5684,0,7422,26458,59229,-14963,-23048,0
5685,0,27336,-2861,-36528,-7715,-26380,0
5686,0,-5742,4276,-24903,1862,6913,0
5687,0,-8932,-9385,-8848,-12003,-4877,0
5688,0,-189,9820,32958,-9818,-278,1
5689,0,-6607,-18294,-49719,-7782,17826,0
5690,0,11983,-22195,-533,11412,-22494,0
5691,0,13928,10023,50784,-17100,1429,0
5692,0,-116,691,-14139,343,611,0
5693,0,-2428,-1820,-42631,-515,2991,0
5694,0,21134,15863,-42467,4704,-26003,0
5695,0,-10379,-20533,56979,17706,14691,0
5696,0,-13046,-17063,46738,21476,364,0
5697,0,1440,3506,-63360,-1067,-3637,0
5698,0,13963,16448,-8442,19311,9622,0
5699,0,11805,-13465,52269,-1499,17844,1
5700,0,9290,-362,-18960,5424,-7551,1
5701,0,1050,-937,29558,1087,894,0
5702,0,-19959,-4496,21500,-6408,-19430,0
5703,0,2236,-902,-33664,-997,-2195,0
5704,0,-544,-966,1965,-451,-1013,0
5705,0,-603,3812,-7446,767,3783,0
5706,0,2054,-631,50148,-1096,1849,0
5707,0,-15435,154,-33282,534,15426,0
5708,0,5860,2291,920,5754,2547,0
5709,0,-50,-4,37962,16,-47,0
5710,0,-5769,652,64077,5709,-1053,-1
5711,0,-1235,2015,-8684,-315,2342,0
5712,0,1098,-22966,61578,3254,22761,0
5713,0,-3599,18820,48000,-11622,-15234,0
5714,0,-21104,5500,15855,-19085,-10554,0
5715,0,11728,9546,-52920,-4220,-14521,0
5716,0,-31371,-4873,15439,-19878,-24754,0
5717,0,-2498,-14531,-32513,-14560,2321,1
5718,0,-37,2802,-62339,464,-2764,0
5719,0,-32543,-921,23030,-13823,-29476,0
5720,0,3350,-1181,-19305,1071,-3387,1
5721,0,1370,-7194,-64114,-1857,7084,1
5722,0,8331,6492,5621,6302,8476,1
5723,0,10234,-6898,45330,-113,12341,-1
5724,0,-5207,7668,-34194,8006,4671,1
5725,0,-6102,-12536,-43370,-7982,11431,0
5726,0,29478,-3747,16634,23274,18475,0
5727,0,-26998,5217,-33201,5777,26884,0
5728,0,-14924,-24304,16300,6521,-27765,0
5729,0,1914,-5112,-5725,457,-5439,0
5730,0,8646,-27992,-23160,-21232,-20187,0
5731,0,8803,-1687,44030,-3078,8418,0
5732,0,3899,14470,6416,-665,14971,0
5733,0,-103,-847,8403,237,-820,0
5734,0,7118,20720,964,6153,21027,0
5735,0,8273,-25703,29508,26677,4172,-1
5736,0,2448,-5148,6483,3905,-4153,1
5737,0,-3790,3312,-17711,-18,5033,0
5738,0,-2667,29273,41291,-25804,-14077,0
5739,0,1281,-325,39249,-82,1319,0
5740,0,-3596,-4341,-27248,-5130,2336,0
5741,0,-1859,-1730,-10448,-2461,-625,0
5742,0,2618,24099,-38709,22393,-9284,0
5743,0,1941,7612,54283,-5575,-5534,0
5744,0,-13304,29817,-10116,2129,32581,0
5745,0,-13074,-29435,-62567,8766,30992,0
5746,0,-1037,11104,62337,-671,-11132,1
5747,0,4994,31945,36396,-32327,-610,-1
5748,0,-21647,-4063,-54236,16453,14642,0
5749,0,-342,879,63003,233,-914,0
5750,0,3783,-3336,-36450,-3949,-3138,0
5751,0,-9080,4249,-30179,3092,9536,0
5752,0,5495,11152,-27402,12183,-2477,0
5753,0,12919,-463,28199,3259,12510,0
5754,0,-13763,26538,-63431,16366,-25016,0
5755,0,10449,16260,-5493,14321,12980,1
5756,0,-2368,7969,9578,-5654,6095,0
5757,0,-15283,5413,-46186,13498,8983,0
5758,0,-19209,-14301,20742,1518,-23900,1
5759,0,7248,-14604,-33726,-14921,-6570,0
5760,0,1854,8862,-22089,8634,2724,0
5761,0,-26612,6353,-31,-26602,6393,1
5762,0,-6912,26224,42256,-20521,-17730,0
5763,0,-17092,17442,-44599,23894,5046,-1
5764,0,-19884,523,27135,-5808,-19024,0
5765,0,-7041,-13676,-24564,-15330,1262,0
5766,0,-10348,27793,-36186,29109,5675,1
5767,0,-1678,-1110,-45391,41,2012,-1
5768,0,-8182,17773,-24083,12946,14671,0
5769,0,13711,-11016,-48859,-17456,-2151,0
5770,0,4667,-20082,-33406,-20215,-4051,0
5771,0,-24955,-7772,30176,4619,-25726,1
5772,0,13987,-2176,-52786,-12704,-6244,0
5773,0,7065,9472,-4405,8894,7781,0
5774,0,589,-27055,-62511,-4493,26686,0
5775,0,-24175,7789,24656,-16373,-19417,0
5776,0,17231,13571,-31975,14216,-16703,1
5777,0,-27474,835,-28403,-4891,27048,0
5778,0,-13038,-5170,-47335,4423,13310,0
5779,0,3104,9001,-65121,-2924,-9061,-1
5780,0,-17433,-8959,345,-17282,-9246,-1
5781,0,3318,947,-2775,3414,498,0
5782,0,6159,-905,42076,-1841,5947,0
5783,0,31212,-6352,-9706,25044,-19681,0
5784,0,-2893,2121,-13271,-1067,3425,0
5785,0,-651,7433,-24062,6531,3608,0
5786,0,-14504,-5573,-32558,-5718,14447,0
5787,0,19762,-3921,40180,-3199,19892,-1
5788,0,11732,-22829,41742,15856,20184,0
5789,0,203,-201,-44993,-280,-58,0
5790,0,8320,3856,3225,7627,5091,0
5791,0,9128,-2573,-59241,-9480,-256,0
5792,0,3077,-476,59125,-2789,1385,0
5793,0,12584,-18050,-5496,7449,-20704,0
5794,0,16164,13846,7347,10395,18572,-1
5795,0,-19042,10670,58946,14784,-16058,1
5796,0,-321,167,-49101,345,110,0
5797,0,-2067,-1595,12212,-841,-2472,0
5798,0,22260,13663,-17329,25100,-7223,0
5799,0,9870,-24302,65206,-9484,24455,0
5800,0,5945,-10943,-57349,-9679,7837,-1
5801,0,-4385,-5756,59662,5812,4311,0
5802,0,15041,18831,-22354,23734,-4190,0
5803,0,-29488,-5314,-45090,12009,27451,0
5804,0,-4350,-12603,-60730,1357,13264,0
5805,0,4585,-19498,-20950,-13991,-14333,0
5806,0,3416,-7080,551,3602,-6987,0
5807,0,24611,-6713,35055,3980,25198,0
5808,0,-4976,7793,49271,-1941,-9040,0
5809,0,8395,6838,27603,-4572,9815,0
5810,0,10555,-15925,-21318,-8079,-17313,0
5811,0,25228,2592,11115,20414,15048,0
5812,0,-25090,-10281,-3083,-26330,-6475,-1
5813,0,3300,-1759,-19172,603,-3691,0
5814,0,4412,-23399,55544,6870,22799,1
5815,0,13586,-26803,-56098,-23936,18168,0
5816,0,12656,14196,-29981,15755,-10652,0
5817,0,1796,-1194,-49415,-2119,-399,0
5818,0,14765,16454,-24680,20815,-7448,0
5819,0,-2016,-57,2370,-1997,-285,0
5820,0,-543,-17612,-8533,-7503,-15943,0
5821,0,-57,155,-64193,67,-151,1
5822,0,1487,-1696,-746,1425,-1748,-1
5823,0,-13676,16286,-58725,18177,-11039,-1
5824,0,6624,-16537,29924,17284,4315,-1
5825,0,1554,-959,-15722,477,-1763,0
5826,0,2748,20146,-51076,10759,-17253,0
5827,0,9754,-4871,-29404,-3242,-10409,0
5828,0,4343,3859,53023,-5763,-734,0
5829,0,-655,-345,55274,740,-5,1
5830,0,14181,-12234,14345,18724,-453,0
5831,0,14239,28887,63047,-17577,-26986,0
5832,0,25575,16525,61477,-28288,-11268,0
5833,0,3005,1370,-31342,1572,-2905,-1
5834,0,6175,22791,5313,234,23611,0
5835,0,712,16801,-8106,7025,15279,0
5836,0,-16973,-25447,61098,21963,21290,0
5837,0,14459,-20247,-35290,-21843,-11911,1
5838,0,3238,2500,-57830,-2117,-3500,1
5839,0,132,-1759,54952,739,1602,0
5840,0,3494,4147,51094,-5337,-962,0
5841,0,-88,-417,52564,314,288,-1
5842,0,-12088,12323,-64081,12917,-11451,0
5843,0,13592,-6003,-45937,-12868,-7429,0
5844,0,-425,-10931,-3519,-2254,-10704,0
5845,0,-633,12794,44442,-10506,-7328,0
5846,0,5159,7341,42277,-8862,1401,0
5847,0,11905,-7415,-56393,-13926,1662,1
5848,0,-11117,-4849,-12496,-11915,2264,0
5849,0,-18552,-7526,16360,-7818,-18431,0
5850,0,-7444,16422,-19892,9083,15575,0
5851,0,-2380,-20733,-65396,2241,20748,0
5852,0,30241,-3465,-26262,5982,-29845,-1
5853,0,-1148,-32571,-19261,-26671,-18731,0
5854,0,-15268,-5576,24549,-713,-16239,0
5855,0,776,22425,-57646,7560,-21127,0
5856,0,9132,13070,-65402,-9048,-13128,1
5857,0,11055,-14356,-24973,-9330,-15532,0
5858,0,-1162,-2552,51183,2518,1234,-1
5859,0,668,298,-59280,-550,-482,0
5860,0,-20354,4332,-3574,-19317,7739,0
5861,0,-688,-10500,-44494,-8518,6179,0
5862,0,3537,-258,39872,-938,3420,0
5863,0,8146,2188,8179,6692,5135,0
5864,0,7803,-1608,-28526,1,-7967,0
5865,0,6707,-10052,35913,8931,8141,0
5866,0,-15504,18902,-48752,24370,-1936,0
5867,0,-23872,-2446,-44124,10270,21688,0
5868,0,7660,-2837,53658,-4922,6519,0
5869,0,-6841,-6808,31950,6535,-7103,0
5870,0,-26598,8499,-36418,13000,24712,0
5871,0,24610,-7244,-22077,5755,-25000,0
5872,0,-25512,16390,-8140,-17359,24863,0
5873,0,6142,4998,30232,-4216,6703,1
5874,0,-439,1134,-26084,938,774,0
5875,0,1646,-2291,63773,-1447,2422,-1
5876,0,-3335,-13368,8319,2117,-13614,0
5877,0,19572,1080,-46336,-10992,-16230,0
5878,0,5867,-3160,-32126,-2978,-5961,0
5879,0,-8240,-7357,-34710,-6559,8888,0
5880,0,5978,-21209,58743,1121,22007,0
5881,0,4744,284,-24552,2083,-4272,0
5882,0,-3168,-4388,23159,2522,-4788,0
5883,0,13899,-21763,-35325,-23299,-11134,0
5884,0,8351,-2765,21814,6579,5840,0
5885,0,13055,-8436,-30639,-7062,-13847,0
5886,0,710,7026,-54161,3037,-6375,0
5887,0,590,6791,7299,-1774,6582,0
5888,0,23050,3600,-41890,-6500,-22405,0
5889,0,-30067,8678,28588,-14489,-27738,0
5890,0,-8913,-11442,-48423,-2290,14322,0
5891,0,-9041,11456,-51868,14149,-3575,1
5892,0,11335,23975,45104,-26223,-3956,0
5893,0,18205,-13917,3421,20233,-10758,0
5894,0,14753,27718,63183,-17779,-25881,0
5895,0,-26824,-5616,57289,26918,-5148,0
5896,0,-5570,-21701,-48284,-12199,18792,0
5897,0,2175,-5656,65046,-2042,5705,-1
5898,0,25323,-2874,11513,23071,10829,1
5899,0,22910,9165,59808,-24537,-2610,-1
5900,0,2103,-21,-32502,6,-2103,0
5901,0,-5617,4826,42320,-1845,-7172,0
5902,0,-1230,-4373,-59202,-134,4541,1
5903,0,-712,-14531,56055,7019,12743,0
5904,0,11642,12905,38419,-15550,7764,0
5905,0,14274,-17778,26122,21354,7988,-1
5906,0,23707,-18599,23451,27014,13349,0
5907,0,15412,-12922,54895,-7140,18802,1
5908,0,-2159,-10489,23975,8688,-6262,1
5909,0,-21122,12940,41181,-3612,-24506,0
5910,0,3350,546,25491,632,3335,1
5911,0,102,139,64385,-110,-133,1
5912,0,17080,-13460,20441,20693,6685,0
5913,0,-8374,1638,-25184,-1447,8409,0
5914,0,-5162,-2671,54015,5796,-434,0
5915,0,-15472,17458,-24501,10133,21012,1
5916,0,-12208,16011,37421,-12914,-15447,0
5917,0,5086,-19677,48007,11262,16918,0
5918,0,-2522,7434,-12702,2183,7541,-1
5919,0,10211,-8337,-26026,-4663,-12330,0
5920,0,-7670,16644,23072,-18316,604,0
5921,0,-13076,-4481,-29845,-6264,12322,0
5922,0,5161,7888,-20815,9426,-60,0
5923,0,-17088,1776,-15441,-11419,12836,0
5924,0,18432,-8080,-25874,-1661,-20057,0
5925,0,-11875,-7685,36566,9708,-10287,0
5926,0,-4550,3956,-2649,-4012,4500,0
5927,0,-26778,8358,-831,-26424,9417,0
5928,0,-8857,-27021,-50139,-11630,25949,0
5929,0,5170,-30418,4337,11338,-28696,0
5930,0,-7793,1084,-41100,4029,6758,-1
5931,0,869,-1060,16089,1362,-154,-1
5932,0,-1505,3294,27894,-3553,-702,-1
5933,0,-108,-823,-60896,-76,827,0
5934,0,-8971,-20024,24479,14992,-16021,0
5935,0,-19737,-3101,-21473,-12829,15316,0
5936,0,-21139,12821,-43413,21513,12183,0
5937,0,11251,13617,28068,-10759,14009,0
5938,0,-3652,-5358,6898,-1715,-6253,0
5939,0,14019,-12334,-34048,-13171,-13236,0
5940,0,-20,-22894,21863,19826,-11448,0
5941,0,7672,-27293,58778,1415,28315,0
5942,0,16618,17931,-57474,-8634,-22872,1
5943,0,-17031,6607,-25256,182,18267,0
5944,0,-4932,-29144,-56981,-7097,28694,-1
5945,0,-12963,11444,-56915,16467,-5275,1
5946,0,-17013,16632,56006,7931,-22431,0
5947,0,2604,-1140,-43712,-2291,-1683,-1
5948,0,16926,-9167,-64519,-17352,8332,1
5949,0,-3006,25646,30594,-25820,-322,0
5950,0,-1741,-24295,-45587,-18847,15430,0
5951,0,8812,-13474,-56757,-13548,8698,-1
5952,0,4661,-4380,-63450,-5075,3893,0
5953,0,4980,413,-22895,2638,-4244,0
5954,0,-3359,16566,7568,-9019,14296,0
5955,0,-22975,-7025,64037,23420,5357,0
5956,0,-695,-7719,-5944,-2837,-7212,0
5957,0,-21160,916,-58360,20229,6274,0
5958,0,445,-417,-38336,-520,-319,0
5959,0,382,1995,45198,-1866,-803,0
5960,0,9919,3095,59072,-10391,78,1
5961,0,5411,-1228,-3673,5112,-2157,0
5962,0,30497,611,-29686,5094,-30075,0
5963,0,-15899,14665,-33348,15101,15485,0
5964,0,7282,-1031,-55580,-6942,-2429,0
5965,0,-7147,-17665,-63453,5350,18290,0
5966,0,4496,24744,-40482,21446,-13135,0
5967,0,-16584,13677,-32098,13137,17015,0
5968,0,2466,-11832,-15393,-6135,-10413,1
5969,0,-3225,16470,26521,-16688,1777,0
5970,0,-36,-830,64495,77,827,0
5971,0,-1978,-15395,-54199,-6268,14200,0
5972,0,10178,-29678,-35794,-30838,-5781,0
5973,0,4570,10271,18527,-5086,10025,-1
5974,0,-3254,3636,17057,-4878,113,0
5975,0,-24422,14583,-27144,7551,27424,0
5976,0,16255,-14891,-63034,-17920,12839,0
5977,0,-2422,16302,-51191,12219,-11060,0
5978,0,218,-4975,413,316,-4970,0
5979,0,-15872,4813,-24047,-2045,16459,0
5980,0,4549,-5791,-33301,-5905,-4399,0
5981,0,-6869,-19933,27935,17823,-11262,0
5982,0,-3354,-3400,-6083,-4190,-2292,0
5983,0,4315,-9342,-63725,-5109,8933,0
5984,0,-15238,-11088,35810,13184,-13465,0
5985,0,-8969,25779,58676,163,-27294,0
5986,0,955,1437,-48381,403,-1677,0
5987,0,12640,-3827,-3367,11861,-5808,-1
5988,0,21410,769,-29180,4422,-20962,0
5989,0,10066,-29469,-15370,-12346,-28589,1
5990,0,-451,149,-11113,-313,358,0
5991,0,15182,-2558,9191,14823,4161,0
5992,0,-4159,13667,6776,-8303,11625,0
5993,0,7707,-4144,60585,-6517,5840,0
5994,0,17571,3813,55975,-17445,4355,0
5995,0,-6221,-15111,-57500,87,16341,0
5996,0,-10788,24657,-49088,25093,-9730,0
5997,0,-26010,5717,15168,-23232,-13018,0
5998,0,-10514,-743,61716,10473,-1184,0
5999,0,-11396,-1282,-59245,10501,4609,0
6000,0,19235,6836,65193,-19345,-6519,0
6001,0,-12635,4938,-32121,4543,12782,0
6002,0,-16276,-14359,58972,19921,8617,0
6003,0,7560,-11136,-8953,2241,-13272,0
6004,0,-11503,-29824,-21374,-31460,-5662,0
6005,0,9474,27141,-26663,28720,-1240,-1
6006,0,-9535,-21112,58348,16107,16650,1
6007,0,-293,2364,59736,-367,-2354,0
6008,0,30,191,1711,14,193,0
6009,0,23524,-5619,-18566,10440,-21816,0
6010,0,3271,-4726,10576,5154,-2543,-1
6011,0,-2531,-7754,20159,4942,-6489,-1
6012,0,4983,-12401,-8659,-441,-13357,0
6013,0,1599,3226,-50286,963,-3469,0
6014,0,-1303,-5167,-27823,-5328,53,0
6015,0,-8893,-14868,-42004,-9624,14405,0
6016,0,17637,27011,13426,-2100,32191,0
6017,0,3661,7795,38379,-8488,1458,0
6018,0,-11757,-16700,-36443,-14381,14502,-1
6019,0,-9754,23426,-57489,17852,-18034,0
6020,0,-12231,-26429,13043,5551,-28588,0
6021,0,12500,7441,62245,-13514,-5385,0
6022,0,-848,2958,38293,-2633,-1593,0
6023,0,24789,-4981,-17302,13067,-21646,0
6024,0,-60,27,31375,-31,-58,0
6025,0,21931,-4061,6284,22149,2628,0
6026,0,-21861,18081,-49475,28281,2236,-1
6027,0,10271,-29940,41986,22673,22087,0
6028,0,12473,4450,-60794,-11149,-7147,0
6029,0,24724,-11550,-47754,-24968,-11012,0
6030,0,20100,-25163,56382,-7505,31319,0
6031,0,22960,-20164,41037,9736,28965,0
6032,0,4723,1334,-38118,92,-4907,0
6033,0,22725,-2210,-11179,18411,-13503,0
6034,0,-24901,-12125,-59697,20582,18533,0
6035,0,-20457,18417,62745,17817,-20981,0
6036,0,18665,4187,9183,15101,11742,0
6037,0,-18388,-80,-36921,3558,18041,0
6038,0,-6977,-1751,-19112,-5637,4469,0
6039,0,3080,8571,-2332,4017,8174,0
6040,0,8690,4222,54714,-9640,642,0
6041,0,14733,-10520,-44157,-16641,-7129,0
6042,0,-55,-195,46684,187,77,0
6043,0,14319,10223,-62709,-12807,-12064,0
6044,0,9610,-2632,21739,7120,6971,0
6045,0,-12903,-7556,-2828,-13806,-5743,0
6046,0,-3584,-19198,-32230,-19284,3088,0
6047,0,2290,-13472,-42479,-13066,4001,0
6048,0,-20722,-16246,-37966,-10634,24088,0
6049,0,-1691,2726,27323,-3070,-930,0
6050,0,9748,2663,50936,-9172,4242,0
6051,0,-20239,-14165,32496,13900,-20422,0
6052,0,-26553,4034,28127,-9793,-25009,-1
6053,0,22910,-23154,-60728,-27594,17307,-1
6054,0,14517,-16612,-41231,-20993,-6783,0
6055,0,-2579,-5456,8819,-113,-6034,0
6056,0,-25907,-5881,-40231,3564,26326,1
6057,0,-7578,4935,56618,4850,-7633,0
6058,0,657,11901,21124,-9747,6860,0
6059,0,1039,-373,48177,-424,1020,0
6060,0,6945,225,5800,6617,2122,0
6061,0,12740,-11641,31203,12563,11832,0
6062,0,4010,-482,40296,-965,3922,0
6063,0,17816,-5660,-33588,-6356,-17580,1
6064,0,-2031,-6810,-65329,1963,6830,0
6065,0,-20114,-3749,59364,20333,-2278,0
6066,0,3196,-5327,51409,847,6154,0
6067,0,8157,22947,-19583,23333,6976,0
6068,0,12669,-2784,-54209,-12286,-4162,0
6069,0,-6748,7813,63106,5794,-8544,0
6070,0,5439,-7269,-26516,-5339,-7343,0
6071,0,27557,-3473,49938,-17844,21285,1
6072,0,7667,11030,-1202,8290,10570,0
6073,0,14954,-2310,-63241,-15117,654,0
6074,0,-20893,16063,30405,-18322,-18943,0
6075,0,-13025,91,49697,9385,-9032,0
6076,0,1164,-32235,40417,29675,12644,0
6077,0,204,-712,50814,307,674,1
6078,0,193,646,20759,-437,514,0
6079,0,-23433,-17327,-1105,-24317,-16063,-1
6080,0,2796,-13521,3010,4711,-12979,0
6081,0,4613,13225,62945,-6216,-12552,0
6082,0,211,9546,-63153,878,-9508,1
6083,0,6,105,32505,-105,7,0
6084,0,2636,-20038,-57164,-10254,17416,0
6085,0,-1009,28523,46015,-22364,-17732,0
6086,0,6263,12728,-25819,14076,-1756,0
6087,0,11413,-5057,11039,12405,1396,0
6088,0,-22207,6456,19196,-18587,-13760,0
6089,0,277,-12110,13239,7403,-9587,-1
6090,0,-641,-1219,9105,-65,-1376,-1
6091,0,-19174,26212,-37686,29966,12521,0
6092,0,806,10911,47684,-8767,-6545,0
6093,0,4964,-9975,-16049,-3373,-10619,0
6094,0,-26513,3939,-44492,17461,20336,0
6095,0,-1281,-6779,43512,6531,2224,1
6096,0,6793,7189,-64015,-6251,-7665,0
6097,0,19029,11247,-35550,8617,-20356,0
6098,0,-12999,7551,35521,-5775,-13880,0
6099,0,-13326,8466,-16900,-3054,15490,0
6100,0,11947,17654,39339,-20487,5889,0
6101,0,-22946,-2308,9677,-19489,-12331,0
6102,0,-16850,-15442,-57774,10084,20511,1
6103,0,20721,-13316,53873,-10504,22279,0
6104,0,21607,-20929,60801,-16343,25254,0
6105,0,25171,-16579,-46340,-28438,-9988,0
6106,0,26796,2638,-59289,-24825,-10425,0
6107,0,-5488,-2625,-26049,-4227,4375,0
6108,0,-4593,-1007,-18196,-3725,2869,0
6109,0,3590,12683,-12724,10208,8339,0
6110,0,3085,-12616,12225,9548,-8805,0
6111,0,-213,-2581,23816,2258,-1268,0
6112,0,-8627,-10993,24999,7100,-12036,0
6113,0,2383,12544,28193,-11725,5055,0
6114,0,-18772,22459,-62656,21685,-19662,0
6115,0,-17113,7605,29888,-9888,-15903,0
6116,0,-6562,-6085,16002,-501,-8935,0
6117,0,2764,-778,-26939,14,-2871,0
6118,0,746,-5769,-29726,-5599,-1576,0
6119,0,4207,16007,-13752,13130,10077,0
6120,0,12321,14006,-33075,13823,-12525,0
6121,0,-16818,-14918,-17491,-22338,2533,1
6122,0,-95,-30472,13603,18416,-24278,1
6123,0,-11573,-900,29768,-768,-11583,0
6124,0,1610,4469,64693,-1789,-4400,0
6125,0,271,-26630,54446,13266,23093,0
6126,0,-3936,-6023,26878,4688,-5458,0
6127,0,-9087,3104,-30901,2279,9328,0
6128,0,16727,3079,-22671,10509,-13373,0
6129,0,-11369,-1920,-33820,-1344,11451,0
6130,0,13325,4445,29832,-2532,13817,0
6131,0,-848,-1434,58919,1253,1098,0
6132,0,-7970,3483,450,-8043,3310,0
6133,0,997,13597,36762,-13538,-1609,0
6134,0,6055,7709,65133,-6203,-7591,0
6135,0,5437,6663,48487,-8579,-593,0
6136,0,3107,4609,-14122,5309,1646,0
6137,0,-16810,1502,-16134,-10979,12818,0
6138,0,4278,14352,57888,-9138,-11865,0
6139,0,5677,-6582,-50888,-8585,1358,1
6140,0,15860,-17413,-4761,11509,-20550,0
6141,0,693,-2095,-706,622,-2117,0
6142,0,-6249,11631,-32801,11641,6231,0
6143,0,-14442,-6861,56206,15989,-60,1
6144,0,30754,31512,33618,-32739,29445,0
6145,0,-44926,48669,35164,-43198,-50209,0
6146,0,5694,50193,52131,-34638,-36769,0
6147,0,-11372,55985,-43620,54232,-17959,0
6148,0,-49999,-1352,-23636,-22420,44711,0
6149,0,39725,-64741,-22329,-37742,-65536,-1
6150,0,6843,-46459,44785,35234,31045,1
6151,0,55903,-48366,16305,65535,5049,0
6152,0,-62903,64655,39036,-43139,-65536,0
6153,0,7693,43841,2996,1339,44491,0
6154,0,50379,13031,-11144,49995,-14437,1
6155,0,-28813,5652,56753,23987,-16935,0
6156,0,12007,-49765,-50236,-42234,28930,-1
6157,0,63899,-61302,-47057,-65536,-10704,0
6158,0,-35123,52190,10472,-55901,28853,1
6159,0,49500,-62386,-44156,-65536,-9917,0
6160,0,-9221,16331,-29378,14624,11742,-1
6161,0,52497,-40457,56030,-29335,59432,0
6162,0,-52941,9116,-50906,46329,27194,0
6163,0,-4486,-25975,63053,7539,25259,0
6164,0,42503,-60556,-61562,-53200,51413,0
6165,0,58023,9094,53122,-53147,24995,0
6166,0,26996,-61450,-7875,2445,-65536,0
6167,0,-25206,-21662,-8780,-31857,-9474,0
6168,0,41598,-41265,9876,55837,-17762,0
6169,0,-60733,-58767,-62894,52823,65535,0
6170,0,-34851,33951,52310,7967,-47998,0
6171,0,9382,-57013,33934,56400,12551,0
6172,0,-47151,39489,-30892,35095,50507,0
6173,0,31681,14762,-61305,-28059,-20840,1
6174,0,-50705,14112,32878,-13843,-50779,0
6175,0,-62087,-11707,-25402,-32454,54209,1
6176,0,-25765,59396,3943,-36466,53497,0
6177,0,-61739,51718,18767,-65536,-16184,0
6178,0,-229,-10679,21852,9135,-5535,1
6179,0,-10460,-17944,63028,12537,16560,1
6180,0,-33858,38598,-19605,11191,50110,0
6181,0,1802,20699,-15526,15348,14005,0
6182,0,-53318,-49637,-37562,-36185,63224,1
6183,0,-1025,-39864,-2792,-6336,-39371,1
6184,0,-2161,42491,26047,-40989,11405,0
6185,0,-40386,-46507,-48099,-7423,61146,0
6186,0,9328,22663,35984,-23826,5737,0
6187,0,-44564,55429,-5781,-27699,65507,0
6188,0,4122,821,55364,-4026,1206,0
6189,0,-19581,-29303,-42921,-16742,31013,0
6190,0,-18414,-57964,-25915,-60806,-1270,1
6191,0,-33628,-7169,-13680,-31024,14824,0
6192,0,45971,61971,-27375,65535,-28601,0
6193,0,-62893,-58350,21839,19059,-65536,0
6194,0,-64906,-2568,-43508,29723,57757,0
6195,0,-2839,62906,16631,-46989,41920,0
6196,0,57346,52425,-6938,65535,30830,0
6197,0,-6224,41650,25908,-41428,7560,0
6198,0,-1989,41499,6587,-14777,38830,0
6199,0,-50995,36785,64653,49393,-38910,0
6200,0,-29935,-22662,-2876,-32766,-18332,1
6201,0,40891,-64959,-32082,-63581,-43003,0
6202,0,-3759,-50516,-12455,-31508,-39664,-1
6203,0,27944,-55346,-4272,16104,-59873,0
6204,0,54410,-14207,60001,-48780,27978,0
6205,0,56501,-29798,18589,58690,25214,0
6206,0,-61856,54330,-14172,-13989,65535,0
6207,0,19742,57602,-45602,35647,-49367,0
6208,0,-40487,-8048,-37913,2079,41227,0
6209,0,-22611,-64020,-13562,-56749,-37275,0
6210,0,-15570,-44364,-64263,12837,45231,0
6211,0,-21438,13850,-44691,23246,10538,0
6212,0,-40955,-35859,-175,-41255,-35514,0
6213,0,8299,48359,53103,-34013,-35363,0
6214,0,17935,34078,-39111,27144,-27316,1
6215,0,-11553,-65090,-3301,-21667,-62456,0
6216,0,47372,60992,-59762,-28900,-65536,0
6217,0,29156,-48192,-55533,-48101,29306,0
6218,0,-51177,-25007,47776,52533,-22016,0
6219,0,-24060,39283,-34593,41235,20536,0
6220,0,-35123,-3411,-35761,1647,35250,0
6221,0,52719,-53295,35339,46410,58871,0
6222,0,-22342,31753,32253,-32295,-21552,0
6223,0,-46081,49197,14788,-65536,7348,0
6224,0,-28358,46148,4101,-36826,39720,0
6225,0,63064,7695,-61666,-60562,-19197,0
6226,0,-48799,-8178,10345,-39029,-30414,0
6227,0,-54302,46858,8244,-65536,22342,0
6228,0,44974,-55327,-59392,-59097,39890,0
6229,0,40875,-13337,-13044,25335,-34739,0
6230,0,-18891,-55613,-324,-19752,-55313,0
6231,0,30926,-54379,54817,-203,62558,0
6232,0,62359,-12594,45354,-25011,58496,0
6233,0,-22474,11937,8858,-25396,1617,-1
6234,0,50054,48334,55482,-65536,-19628,0
6235,0,34875,63285,-20558,65535,5893,0
6236,0,-22810,-49899,-6833,-37652,-39907,0
6237,0,-8424,4934,-5638,-6801,7004,0
6238,0,48110,-37188,-67,47990,-37343,0
6239,0,46034,-15406,-36507,-23367,-42550,0
6240,0,-44990,-4663,-20664,-28565,35070,0
6241,0,51095,47219,-49998,-5559,-65536,1
6242,0,14048,58460,-59505,3200,-60039,1
6243,0,1294,13799,-25145,13350,3722,0
6244,0,-45661,33990,20513,-53599,-19168,0
6245,0,-50826,39065,4053,-57411,28518,0
6246,0,-60380,-18689,-5830,-63193,-1307,1
6247,0,26198,-11906,602,26531,-11146,0
6248,0,18117,-50289,-29978,-47424,-24661,0
6249,0,26932,45882,30691,-42978,31359,0
6250,0,56626,35020,-37105,22577,-62636,0
6251,0,-24899,31954,13458,-39109,10559,-1
6252,0,17613,47824,-55360,6856,-50501,0
6253,0,59435,11194,-50600,-37492,-47457,0
6254,0,-2113,-55591,-54672,-25828,49272,0
6255,0,19201,42169,27898,-36584,28435,0
6256,0,-46821,-35977,-60918,37780,45379,0
6257,0,-8960,11571,8902,-12946,6825,0
6258,0,20924,-32896,-50876,-37228,11578,0
6259,0,-56050,38708,29083,-47955,-48376,0
6260,0,43596,40810,38883,-51666,29945,0
6261,0,39213,-25217,-22205,-3035,-46522,0
6262,0,30455,43542,-52611,492,-53134,0
6263,0,-51566,40517,-10339,-26093,60165,0
6264,0,-5275,42597,-5449,5904,42515,0
6265,0,19332,-27030,33276,26551,19985,-1
6266,0,-23066,-39973,-53492,-2491,46083,0
6267,0,29724,-61463,-17664,-26353,-62982,0
6268,0,-64641,-62892,10793,-25073,-65536,0
6269,0,-23691,-17544,17874,-2255,-29393,0
6270,0,-4537,15606,57729,-1482,-16184,0
6271,0,-49863,-51164,-52271,9731,65535,0
6272,0,25780,43103,-29733,46386,-19258,0
6273,0,26814,31650,18804,-8182,40667,0
6274,0,49625,7171,51009,-42671,26329,-1
6275,0,36918,-15980,29076,22231,33528,0
6276,0,41140,-3546,12167,36292,19697,0
6277,0,-4313,60997,64792,2135,-61112,0
6278,0,-11210,-32447,27702,28800,-18683,0
6279,0,13087,-42452,43885,29917,32839,0
6280,0,-14723,-52886,-11200,-39702,-37914,0
6281,0,-55153,49697,58781,36472,-64664,1
6282,0,33940,-25667,35309,21352,36808,-1
6283,0,-55514,-34158,-29334,-42793,49166,0
6284,0,-46712,-57896,38697,65535,-28605,0
6285,0,47544,-3987,-50437,-38264,-28499,0
6286,0,-13010,59237,-35456,60418,5290,0
6287,0,-48313,16403,-56786,50805,4696,0
6288,0,-13297,-49133,38570,50896,705,0
6289,0,-39367,21505,35079,-17021,-41503,0
6290,0,30552,-37731,-43405,-47843,-8250,-1
6291,0,-10556,33908,-21870,24118,26067,0
6292,0,-61833,-43204,-19623,-65536,24499,0
6293,0,26979,-33615,-4200,19712,-38332,0
6294,0,-32078,11981,58038,25814,-22498,0
6295,0,19538,-3188,19048,14466,13514,0
6296,0,24624,10951,41707,-20192,17848,0
6297,0,16131,-29235,18577,32874,-5848,0
6298,0,-45677,-58449,3046,-36688,-64472,1
6299,0,20514,27669,-32562,27870,-20240,0
6300,0,14891,-20219,10289,22689,-10758,0
6301,0,50313,-37111,12177,62435,-3237,0
6302,0,53299,54723,-51237,-6620,-65536,0
6303,0,13830,25740,-23513,29184,-1442,0
6304,0,57778,30462,-30975,35310,-54950,0
6305,0,-46643,-23646,-41558,-2501,52235,0
6306,0,16827,28281,-28317,31203,-10457,0
6307,0,9460,64420,6787,-11629,64065,0
6308,0,58107,38863,-7539,65535,15808,0
6309,0,7924,-63626,3999,19902,-60951,0
6310,0,-3755,-32794,-52247,-16488,28595,0
6311,0,32210,-46142,-3276,24597,-50612,0
6312,0,16317,-51162,8206,34683,-40999,-1
6313,0,28935,-60069,-15880,-20487,-63449,-1
6314,0,10680,-14954,-27700,-11945,-13964,0
6315,0,-4465,-56995,39884,55205,14860,0
6316,0,20764,20548,-32260,21048,-20257,-1
6317,0,-20802,-27399,-40785,-17601,29557,0
6318,0,20202,-59224,-33381,-59792,-18453,0
6319,0,-52337,55760,52775,10823,-65536,0
6320,0,-19607,-28985,34730,30698,-16797,0
6321,0,15512,28633,-22339,32565,113,0
6322,0,155,27333,16998,-19781,18863,0
6323,0,2155,-6728,-21029,-4541,-5412,0
6324,0,55065,30063,12087,29618,55306,1
6325,0,36283,-1438,-44442,-20480,-29985,0
6326,0,-41579,-46262,-28524,-53710,31373,0
6327,0,-44107,905,-10176,-38538,21472,0
6328,0,-5706,-10647,34177,11008,-4975,0
6329,0,54012,-58102,-64145,-57763,54374,0
6330,0,-38791,62148,-21554,33518,65143,0
6331,0,16533,-42328,-28684,-38303,-24452,0
6332,0,12949,-34070,57251,1238,36427,1
6333,0,6598,11255,-49778,2913,-12717,0
6334,0,57762,-64502,-12628,10795,-65536,0
6335,0,12687,7845,-46187,-1333,-14857,0
6336,0,14526,17254,25981,-11705,19279,0
6337,0,-49413,58483,-39630,65535,27869,1
6338,0,17385,47876,11983,-11420,49638,0
6339,0,47887,-57513,-43081,-65536,-14863,1
6340,0,48082,-39312,32955,38880,48432,0
6341,0,17217,-7171,-18242,5542,-17808,0
6342,0,-60437,56490,-3194,-51113,65048,0
6343,0,48325,20741,-59869,-40987,-32948,-1
6344,0,-30429,-61396,51571,61961,29261,0
6345,0,-4627,64476,17867,-51746,38742,0
6346,0,-58519,12445,-905,-57925,14970,0
6347,0,24588,-62230,-28524,-55978,-36655,0
6348,0,-3185,-7678,-17803,-7879,-2647,1
6349,0,-28341,33844,53157,4570,-43906,0
6350,0,-6059,-38837,234,-5623,-38903,0
6351,0,-64366,-51495,-9112,-65536,-19431,0
6352,0,63232,-3886,30827,9744,62597,0
6353,0,-18799,54627,-41661,57511,-5472,0
6354,0,-62628,2234,-56978,58322,22930,0
6355,0,-51688,36913,-27947,24092,58769,0
6356,0,-61087,3305,18904,-40275,-46048,-1
6357,0,-57041,49818,-12960,-17386,65535,0
6358,0,31471,35574,-40947,20850,-42676,0
6359,0,52753,19263,-10029,55681,-7318,1
6360,0,-20794,-51998,-55030,-6881,55577,0
6361,0,-36044,-47514,-36523,-40294,43968,0
6362,0,52445,21059,60023,-56125,-6627,0
6363,0,-16605,65411,-31641,64419,20114,0
6364,0,-25501,-3220,-61998,24592,7478,0
6365,0,45551,39798,35162,-44752,40694,0
6366,0,-2486,55448,-8365,19354,52020,0
6367,0,-16926,35009,-6768,-4882,38578,0
6368,0,10907,-18840,-51740,-20178,8169,0
6369,0,-29606,37451,-5713,-18373,44063,0
6370,0,52776,1379,-59093,-49860,-17356,0
6371,0,47971,44545,-59531,-33351,-56331,0
6372,0,46008,58949,45607,-65536,3533,0
6373,0,-57710,6659,-21586,-23747,53017,1
6374,0,-14805,12164,-32626,12063,14888,0
6375,0,-59481,-46872,-11455,-65536,-8935,0
6376,0,14291,-15077,-19810,-3944,-20396,1
6377,0,-6568,-63695,-10423,-36282,-52762,0
6378,0,64501,23524,-64002,-62599,-28198,0
6379,0,57880,27459,-38950,9360,-63376,0
6380,0,-47276,-15361,39390,29351,-40119,0
6381,0,51572,49040,-34480,44648,-55418,-1
6382,0,-38889,-42613,21419,16331,-55331,0
6383,0,-59364,-25550,-49433,24715,59716,-1
6384,0,56696,-36911,-60321,-64065,21739,0
6385,0,-19685,25102,-27679,19605,25165,0
6386,0,-63191,-43343,5710,-49124,-58810,0
6387,0,-64214,-10867,29327,174,-65127,0
6388,0,51867,34046,61349,-57614,-23020,1
6389,0,-7063,-30966,-7523,-17536,-26482,0
6390,0,-59083,50524,30786,-55900,-54025,-1
6391,0,15032,-28447,60992,-8529,31023,0
6392,0,55994,61115,-62056,-45070,-65536,0
6393,0,31166,-11789,19758,27771,18415,0
6394,0,47337,-12002,41290,-7791,48209,-1
6395,0,31632,13408,47292,-30574,15671,0
6396,0,-25864,62479,-40481,65535,1538,0
6397,0,-23322,16688,58235,16187,-23673,0
6398,0,51871,-20935,-44365,-45156,-33013,0
6399,0,5937,63338,389,4755,63438,0
6400,0,5771,25760,-33429,25564,-6585,0
6401,0,37828,23266,-61982,-33337,-29342,1
6402,0,-2295,-7969,47564,7542,3449,0
6403,0,62484,-18748,40949,-6557,64906,0
6404,0,63169,-59144,-54998,-65536,21185,0
6405,0,-20394,-29728,-14047,-34482,-10521,0
6406,0,-53593,39439,53685,23955,-62079,0
6407,0,-33966,-20770,45331,36357,-16225,0
6408,0,3357,44195,-22702,40706,17535,0
6409,0,17395,-520,54115,-14582,9499,0
6410,0,43401,-15313,-53133,-44530,-11627,-1
6411,0,-20206,-43813,50836,43774,20290,0
6412,0,-23019,42808,-12060,4114,48430,0
6413,0,-39191,55021,-26113,39952,54471,-1
6414,0,8774,48171,-15813,39489,28949,0
6415,0,31972,-30470,-45044,-43092,-9680,0
6416,0,37165,41426,12804,6520,55271,-1
6417,0,17787,25623,-43549,13489,-28124,-1
6418,0,-6294,20050,-10289,3949,20640,0
6419,0,43722,25438,-44669,-2202,-50536,0
6420,0,24366,-27373,45490,8483,35651,0
6421,0,18664,47996,-53071,11572,-50180,0
6422,0,-5328,36148,-39896,35844,-7092,-1
6423,0,49217,57865,-60911,-35287,-65536,0
6424,0,-44442,36476,-40563,50181,28061,0
6425,0,41218,18038,28451,-9184,44045,0
6426,0,-24710,-40956,-41670,-27056,39446,0
6427,0,5301,11452,29383,-10445,7082,0
6428,0,16180,-1768,44170,-6899,14742,0
6429,0,19578,-6229,-11227,13618,-15384,0
6430,0,-39895,39972,-9290,-18786,53258,0
6431,0,-53295,62431,-9951,-18683,65535,0
6432,0,5316,-15667,5626,9298,-13684,0
6433,0,-12697,-20695,-38632,-16361,17940,0
6434,0,-10837,60768,-11477,22533,57467,0
6435,0,18735,30507,-9482,30227,19184,0
6436,0,52468,23768,-40547,3019,-57521,0
6437,0,45108,14693,-45985,-14864,-45052,0
6438,0,-58125,48004,-13174,-18572,65535,1
6439,0,-29744,24595,40825,-11580,-36818,1
6440,0,-45910,-52476,-60358,31612,62147,0
6441,0,-705,44431,25645,-42102,14215,1
6442,0,-13405,-22764,-63440,11054,23994,0
6443,0,-29219,-6960,34580,9469,-28505,0
6444,0,-47267,43860,-7282,-29416,57381,-1
6445,0,31415,5471,50925,-27546,16064,-1
6446,0,-43278,35933,-53071,55995,-5359,0
6447,0,11330,54291,-39696,47631,-28411,-1
6448,0,19658,48305,44698,-51258,-9614,0
6449,0,49638,26911,-15673,54645,-14215,-1
6450,0,-22623,55940,-37527,59607,9386,0
6451,0,59632,-44740,-34774,-50258,-55062,0
6452,0,-29568,7971,-23717,-5197,30179,0
6453,0,45527,22666,-35507,16511,-48103,0
6454,0,63801,-17083,-29719,-7608,-65536,0
6455,0,-22377,-54492,28329,48537,-33381,0
6456,0,-36559,-26737,-44508,-3107,45186,0
6457,0,29055,-65282,-19715,-35897,-61785,0
6458,0,-22179,-12191,38141,17438,-18343,0
6459,0,-14398,-35043,58948,24570,28838,0
6460,0,-59655,50278,-39230,65535,41489,0
6461,0,49346,57411,-19283,65535,-4808,0
6462,0,44379,-42890,-24054,-21197,-57963,-1
6463,0,46321,58618,-55911,-15382,-65536,0
6464,0,53002,9487,-17024,43222,-32109,-1
6465,0,37043,43895,236,36543,44312,-1
6466,0,-65396,-58349,12202,-22306,-65536,0
6467,0,-61128,36204,8431,-65536,9250,0
6468,0,63268,-34974,36857,21981,65535,0
6469,0,14124,37908,44656,-39538,-8560,0
6470,0,-45248,-42209,-12122,-60991,-10442,0
6471,0,3154,11418,-37261,10480,-5521,0
6472,0,63589,-31766,-51933,-65536,-13339,1
6473,0,-48674,-1856,-10250,-43792,21328,0
6474,0,-41420,38997,-54867,55207,-13733,-1
6475,0,-40762,-2457,59949,39959,-8418,0
6476,0,10173,-24700,-22247,-16709,-20842,0
6477,0,-33919,-52734,14214,6869,-62324,0
6478,0,37731,63594,-43989,35283,-64984,0
6479,0,-53211,43263,3974,-60440,32406,0
6480,0,-60731,63570,18994,-65536,-8975,0
6481,0,-60790,46228,-45527,65535,23227,0
6482,0,9536,38424,29242,-36273,15863,0
6483,0,-23440,-44774,-816,-25172,-43824,-1
6484,0,7209,19577,-14558,18104,10368,0
6485,0,17740,-9532,-25711,-3104,-19898,0
6486,0,-50705,-49077,-13957,-65536,-7049,-1
6487,0,-38387,17237,-47511,38035,18000,0
6488,0,-37233,-61261,47048,65535,9891,0
6489,0,-58300,-8807,-16602,-47083,35491,0
6490,0,-38641,57265,42809,-32869,-60762,0
6491,0,10180,-45762,-49614,-38989,26031,1
6492,0,21716,49806,-31397,51124,-18399,0
6493,0,3081,31342,37372,-31257,-3854,0
6494,0,45833,56624,-64642,-43364,-58536,0
6495,0,-26841,-30722,31910,29593,-28081,-1
6496,0,-25240,45723,-24871,33159,40351,1
6497,0,34567,-24673,-28371,-16894,-38965,0
6498,0,-40585,22977,50558,15448,-44005,0
6499,0,-571,-8699,-64175,2,8718,-1
6500,0,-43671,-54508,20560,21316,-65536,-1
6501,0,8342,60525,-30513,61072,-1763,0
6502,0,48927,-49936,-15473,2341,-65536,-1
6503,0,34389,-3459,-39479,-14156,-31531,1
6504,0,1440,-46706,44805,38359,26686,0
6505,0,-993,-13041,52633,8371,10049,0
6506,0,25666,-24230,19735,34665,6647,-1
6507,0,21485,-53536,-60899,-32758,47483,0
6508,0,-15991,-53787,9264,8670,-55440,0
6509,0,20589,53755,-23998,57477,3142,1
6510,0,-62228,25037,-1661,-60040,29906,0
6511,0,44415,51628,64820,-46161,-50073,0
6512,0,-54166,58183,42803,-26518,-65536,0
6513,0,-19268,-58751,50119,53814,30447,-1
6514,0,-28565,-6247,-1963,-29025,-3536,-1
6515,0,22432,36545,-4025,29023,31566,0
6516,0,-17321,65199,-32173,64678,19174,0
6517,0,-37362,4050,-15007,-25436,27665,0
6518,0,-60421,-51340,13875,-15857,-65536,0
6519,0,65440,35657,41123,-58349,46361,1
6520,0,-41608,6986,64581,41244,-8883,0
6521,0,9972,5140,-25142,8365,-7475,-1
6522,0,-44776,-37507,58323,54838,20112,0
6523,0,-235,-4184,-47405,-3044,2880,0
6524,0,45074,-55023,27997,63809,31428,-1
6525,0,44376,-46138,-10479,16680,-61804,0
6526,0,51692,-25906,28120,36688,44689,0
6527,0,26780,29957,-30743,32411,-23751,0
6528,0,62034,-28721,-46201,-60212,-32368,0
6529,0,-2093,-64132,-1861,-7797,-63691,0
6530,0,9227,-43784,-20571,-31417,-31861,0
6531,0,-34144,5687,16758,-27799,-20625,-1
6532,0,-38247,49186,1854,-42462,45597,0
6533,0,25280,51618,-58888,-7834,-56940,0
6534,0,59086,-64242,-34417,-65536,-53828,0
6535,0,-43162,11205,26235,-23958,-37610,0
6536,0,56055,6642,24452,15638,54238,0
6537,0,778,44969,40129,-42467,-14812,-1
6538,0,-27816,-25019,3876,-22716,-29727,0
6539,0,15741,8498,65492,-15759,-8465,0
6540,0,-42094,-42734,-5241,-51397,-30927,0
6541,0,-15340,55916,26254,-57925,2580,0
6542,0,-41043,-650,28547,-7612,-40336,1
6543,0,25052,29019,-39737,19200,-33183,1
6544,0,-9829,-58720,25553,51910,-29154,0
6545,0,-63520,-6776,-25546,-27927,57452,0
6546,0,-27589,21975,-1898,-25479,24390,-1
6547,0,-29991,-31350,20693,9836,-42255,0
6548,0,5849,63782,-32306,63896,-4437,1
6549,0,33007,12709,26566,-2482,35282,0
6550,0,-36312,3727,-41412,18030,31739,-1
6551,0,9016,62713,-13391,44770,44831,0
6552,0,-27891,50899,40064,-38262,-43642,1
6553,0,-36369,54584,-10127,-6696,65248,1
6554,0,-4775,38945,-11982,17151,35290,0
6555,0,-20188,-56188,46942,56395,19603,0
6556,0,49436,-58014,-28472,-46678,-60256,-1
6557,0,-59979,-18438,-1721,-61294,-13434,-1
6558,0,-38507,-9698,54010,37867,-11955,0
6559,0,-17688,31504,-61114,23920,-27078,1
6560,0,-2207,23148,7097,-9804,21085,0
6561,0,22466,-55357,-3692,12368,-58448,0
6562,0,-53427,56461,-64791,55410,-54516,0
6563,0,40643,-55767,2940,48073,-49505,0
6564,0,-63759,52791,-50361,65535,2967,0
6565,0,-8868,45106,5929,-21160,40810,0
6566,0,-49841,-33770,25496,14712,-58379,1
6567,0,16553,-59883,-54664,-44171,43691,0
6568,0,39865,-39084,45000,10497,54833,0
6569,0,2549,49009,47363,-39137,-29609,0
6570,0,53542,31590,8622,36346,50435,0
6571,0,12815,12447,38944,-15644,8627,0
6572,0,-20191,29038,-16845,7024,34664,0
6573,0,-51619,-29050,-45568,5971,58930,-1
6574,0,36362,31227,-30211,35439,-32271,0
6575,0,5388,56304,38333,-55733,-9644,1
6576,0,24757,-129,-32521,164,-24757,0
6577,0,-58717,-50972,49156,65535,-5461,0
6578,0,50980,-8171,22182,31915,40585,-1
6579,0,58825,64425,1715,53334,65535,0
6580,0,-38286,22976,-30140,17983,40870,0
6581,0,36216,-57707,36692,49917,46368,0
6582,0,34722,39091,-42663,18917,-48743,0
6583,0,-10941,-43373,-12881,-34033,-29029,0
6584,0,21035,29946,-44436,14221,-33719,0
6585,0,1805,-13990,27299,13980,-1883,0
6586,0,9396,47171,-14060,36781,30993,0
6587,0,-34375,11089,-59487,36111,-796,-1
6588,0,-29682,9663,23467,-21518,-22613,0
6589,0,-63751,9437,53529,48342,-42619,0
6590,0,-24770,-60152,-25421,-65005,2498,-1
6591,0,25193,60879,-16326,60792,25402,0
6592,0,-18549,-53270,22830,38833,-40912,0
6593,0,-28917,-6210,9586,-23163,-18392,0
6594,0,-45807,-2891,58681,44289,-12047,0
6595,0,-58723,60328,-59108,65535,-39678,0
6596,0,18471,-64108,52857,21445,63175,-1
6597,0,35091,-12322,-54721,-36586,-6685,0
6598,0,-53627,-52426,13986,-9446,-65536,0
6599,0,-32126,-52749,-21386,-61762,86,-1
6600,0,5259,28458,-51771,13291,-25708,0
6601,0,-12945,30134,21627,-32527,4197,0
6602,0,-33040,-469,-15237,-24924,21694,0
6603,0,-14578,-49421,-11423,-38177,-34605,0
6604,0,-23127,-52637,9650,2794,-57426,0
6605,0,59234,18363,9725,44659,43029,0
6606,0,-64035,-47373,-52723,25027,65535,0
6607,0,-54332,22154,-50438,55383,19378,0
6608,0,-55740,25576,-50923,59101,16377,0
6609,0,-9704,4308,50228,4321,-9698,0
6610,0,-30013,-25406,5434,-22457,-32279,0
6611,0,-35535,45426,-10158,-10148,56774,0
6612,0,42836,-39263,-58837,-53039,23736,0
6613,0,64036,48300,-20876,65535,-27844,0
6614,0,-12438,-34319,-15181,-32116,-17352,0
6615,0,-62138,27015,-34222,31278,60105,1
6616,0,40816,7086,44957,-28426,30135,-1
6617,0,-59328,36603,13490,-65536,-6536,0
6618,0,-55674,52846,53045,16201,-65536,0
6619,0,41378,31515,28383,-22188,47043,0
6620,0,53010,-59477,-60550,-65536,45238,1
6621,0,-30914,11277,-38605,19376,26597,0
6622,0,-52010,-21502,26901,6221,-55935,0
6623,0,16008,1256,996,15930,2019,0
6624,0,-28655,-49667,42274,57210,-3873,0
6625,0,-49027,-26749,-4645,-53724,-15260,1
6626,0,-9516,57244,43958,-44340,-37435,0
6627,0,-42540,7188,-33658,8997,42194,1
6628,0,-56717,26608,20456,-53671,-32315,0
6629,0,-54911,-64969,-32637,-65312,54503,0
6630,0,-16457,-30200,43504,34389,540,0
6631,0,25066,-63315,28549,65535,11837,0
6632,0,-43321,-2138,50601,34088,-26820,0
6633,0,-34620,-26498,-58052,23112,36966,0
6634,0,-28491,-63097,-10648,-55686,-41135,0
6635,0,16283,2368,32930,-2495,16264,-1
6636,0,1405,4960,-8759,3305,3956,0
6637,0,41947,-11335,-42288,-28661,-32659,0
6638,0,8666,38260,14660,-18116,34796,0
6639,0,56237,36725,7959,38517,55025,-1
6640,0,13975,40697,-4926,23108,36299,0
6641,0,-62294,22668,8940,-65536,-5269,0
6642,0,36985,-35368,-15555,3174,-51075,0
6643,0,35396,-38545,38414,27679,44413,0
6644,0,-40365,23758,-41618,38267,27008,0
6645,0,51711,31088,-39256,13773,-58743,-1
6646,0,1542,63375,3335,-8565,62813,1
6647,0,33212,35520,-24623,45488,-17192,-1
6648,0,46810,-51772,-33722,-53858,-44394,0
6649,0,-17655,21680,-32915,21804,17501,0
6650,0,-47870,36205,-22299,8714,59384,0
6651,0,-5685,-47456,-21398,-43527,-19742,0
6652,0,12428,60357,-5703,28263,54760,0
6653,0,34106,60969,6793,12810,65535,0
6654,0,-49141,1318,33402,178,-49158,-1
6655,0,-18925,18403,3358,-21630,15133,1
6656,0,-27404,48194,39464,-37086,-41210,0
6657,0,-21143,-9743,14930,-9562,-21225,0
6658,0,-6613,59417,-29618,57746,15476,0
6659,0,-38662,-20111,-39912,-5960,43170,0
6660,0,-65525,24543,47463,23732,-65536,1
6661,0,42442,31877,14739,11587,51800,0
6662,0,30069,-2944,29579,7489,29270,0
6663,0,-65069,-25348,-52339,37488,58917,-1
6664,0,19833,38871,30102,-36026,24626,0
6665,0,35848,31221,-9427,45883,12432,0
6666,0,47742,26972,-23347,45103,-31184,0
6667,0,61019,-39516,-11275,31986,-65282,1
6668,0,-36131,49651,60099,22115,-57285,1
6669,0,-48331,13129,-2056,-46804,17822,1
6670,0,27241,-36671,53270,-2325,45623,0
6671,0,49526,5051,-6189,48839,-9650,0
6672,0,62979,-39286,21645,65535,34268,0
6673,0,-44480,24692,49678,15221,-48544,0
6674,0,-1319,19251,56878,-6556,-18148,1
6675,0,16280,60082,-52836,21005,-58598,0
6676,0,-7502,54167,26631,-54015,8528,0
6677,0,52416,24653,49827,-55103,17859,0
6678,0,34493,11026,-65112,-34262,-11726,0
6679,0,13783,13410,-1178,14518,12611,0
6680,0,41550,30925,9073,24653,45552,0
6681,0,-42852,11647,-43903,31830,30964,1
6682,0,-56625,23077,-28713,11704,60017,0
6683,0,27037,29262,-14340,39465,5461,0
6684,0,5400,-52509,-7545,-13530,-51023,0
6685,0,-26259,-14360,34836,16889,-24709,0
6686,0,-28145,62512,-35154,65316,20826,0
6687,0,-54965,-13171,-7073,-56216,5859,0
6688,0,-1328,-43272,30042,42730,-6956,0
6689,0,-37404,-15214,-22984,-30478,26488,0
6690,0,-20103,3057,6764,-20029,-3508,0
6691,0,12101,28368,60764,-18218,-24885,0
6692,0,-22095,-53424,-38801,-44904,36413,0
6693,0,60245,-15142,36367,4574,61950,0
6694,0,-47385,22162,-8472,-34777,39078,0
6695,0,-65300,18011,-23400,-12122,65535,1
6696,0,9733,42032,32971,-42125,9323,0
6697,0,13511,18791,-11345,21284,9090,-1
6698,0,60706,52943,-38102,35867,-65536,0
6699,0,-57439,20118,23975,-41859,-44179,1
6700,0,4298,4479,25118,-2640,5618,-1
6701,0,-44458,24245,-57170,50395,-4966,0
6702,0,18867,-63762,64467,-15577,64645,0
6703,0,49845,-10935,36116,2828,50952,-1
6704,0,49148,51858,6846,29810,64932,0
6705,0,-14951,60714,-4396,-1920,62498,0
6706,0,-30088,260,17838,-19938,-22535,0
6707,0,-61721,7923,-38522,24433,57230,0
6708,0,-58721,-25104,8875,-43125,-47102,0
6709,0,53007,63398,1394,48657,65535,1
6710,0,52329,27066,-41523,3393,-58817,0
6711,0,30656,-13381,-6325,25263,-21923,-1
6712,0,65012,10849,-561,65280,9098,0
6713,0,-17940,7119,-49265,17761,7555,1
6714,0,-38977,11110,-37254,19172,35708,0
6715,0,22060,13198,64718,-22560,-12323,0
6716,0,-34384,-55586,-35316,-50982,40901,0
6717,0,30618,51474,60277,-42490,-42210,0
6718,0,-62758,-22547,34433,27481,-60760,-1
6719,0,12369,19896,54746,-20589,-11177,1
6720,0,-15433,29852,-7118,-4553,33295,1
6721,0,24688,-53515,-35661,-56414,-17053,0
6722,0,38197,-64025,-35291,-65536,-30195,0
6723,0,22885,-2419,-31868,-1430,-22968,1
6724,0,17987,61831,-7932,39650,50739,0
6725,0,18676,-49299,1127,21311,-48218,0
6726,0,-5037,38424,1220,-7275,38064,0
6727,0,54357,1249,-56484,-48794,-23987,0
6728,0,35433,-55464,-18951,-21944,-62050,-1
6729,0,23889,-1445,-24778,7588,-22698,0
6730,0,-45802,27900,-61957,49893,-19671,0
6731,0,-2170,-48968,-2531,-8082,-48345,0
6732,0,61266,35622,-65,61376,35433,0
6733,0,31094,17162,-40905,4050,-35284,0
6734,0,5571,46612,-43675,37604,-28101,-1
6735,0,62420,-56323,-62986,-65536,48290,-1
6736,0,-64275,41582,-34092,45573,61510,-1
6737,0,-1261,14789,52621,-7555,-12776,0
6738,0,43164,-43662,32497,44219,42594,0
6739,0,59425,3789,12243,47383,36064,0
6740,0,-24777,-1622,5403,-23535,-7914,0
6741,0,-16389,8638,50990,7017,-17146,0
6742,0,2029,-631,-53324,-2040,-595,0
6743,0,8264,-25659,14636,22874,-14264,0
6744,0,18655,1194,42123,-9164,16293,0
6745,0,14434,-34549,27724,37000,5742,0
6746,0,-13151,27374,-55578,24258,-18272,0
6747,0,27390,44912,-16536,51214,12017,0
6748,0,2132,52308,-38228,49975,-15595,0
6749,0,21045,14283,-25441,20652,-14846,0
6750,0,-33061,-30239,43634,42681,-13629,0
6751,0,32660,-63836,43018,40875,58915,0
6752,0,49250,-37653,-23096,-11653,-60889,0
6753,0,10883,45450,44198,-44466,-14385,0
6754,0,-12355,-40809,58161,25721,34007,1
6755,0,-62284,-6492,8421,-54728,-30434,0
6756,0,-59046,30153,-65398,59245,-29761,0
6757,0,12029,9603,55314,-15133,-2812,0
6758,0,19546,-59295,-32614,-59150,-19982,0
6759,0,-54728,-32728,33115,33633,-54176,0
6760,0,-58739,-29888,-52909,31295,58002,-1
6761,0,-17910,27318,-34030,28351,16225,0
6762,0,45306,-54599,-55265,-65536,26696,-1
6763,0,-6288,-14536,-37709,-12655,9523,0
6764,0,-32830,32557,12994,-45658,7289,0
6765,0,-39675,-16113,55659,42657,-3750,0
6766,0,-34548,25457,33879,-23582,-35854,0
6767,0,-18383,40823,32235,-41279,-17334,0
6768,0,-56011,20124,38052,-5447,-59267,1
6769,0,9630,59299,-23681,57826,16289,1
6770,0,-13916,-48683,-8254,-31604,-39559,0
6771,0,-51120,-30549,-27148,-43054,41145,0
6772,0,49398,-6121,11973,44806,21681,0
6773,0,-43293,65466,6290,-60782,49655,0
6774,0,34044,-2351,42917,-13839,31193,0
6775,0,-36219,-64134,-35337,-59200,43821,-1
6776,0,41701,-54061,31419,56643,38121,0
6777,0,55441,35160,12078,27168,59765,0
6778,0,-41524,16792,-7678,-32702,30607,-1
6779,0,55377,-56445,18941,65535,8920,-1
6780,0,15700,-15997,-60403,-19124,11691,0
6781,0,-36399,14608,5940,-39037,3795,0
6782,0,16893,-48620,-26265,-41096,-30991,0
6783,0,37401,-44179,26296,53488,22128,0
6784,0,55508,-6415,24368,27655,48554,0
6785,0,-7997,27552,51608,-10780,-26587,0
6786,0,58366,4751,-17997,41569,-41246,0
6787,0,23208,-23934,-22058,-9449,-31971,0
6788,0,60574,6893,46776,-43085,43133,-1
6789,0,-23327,44844,-63165,28263,-41909,0
6790,0,49050,-10937,4670,50254,224,0
6791,0,64846,41238,-51244,-24117,-65536,-1
6792,0,14341,-38184,47602,19569,35788,-1
6793,0,-15737,-15819,36075,18105,-13043,0
6794,0,1648,-60731,16694,44724,-41118,0
6795,0,25322,-49131,-54117,-47193,28772,0
6796,0,-13289,3800,15455,-12371,-6165,0
6797,0,19475,5625,-2944,20073,2830,0
6798,0,11313,-135,16236,8151,7846,0
6799,0,-30524,39621,42819,-20966,-45409,0
6800,0,-41785,41186,30983,-44607,-38111,0
6801,0,40268,37196,51077,-54742,-2884,0
6802,0,-27607,-55409,-35694,-51005,35082,0
6803,0,58322,57430,-30427,63599,-51525,1
6804,0,-56125,-44849,-15044,-65536,3372,-1
6805,0,2810,-28041,-62856,-6380,27450,0
6806,0,24741,-9014,-30961,-6840,-25428,0
6807,0,4263,32216,37405,-32363,-2944,0
6808,0,-42953,28161,-20467,-479,51360,1
6809,0,25696,41386,-33061,41022,-26274,0
6810,0,2249,15289,-34754,15006,-3693,1
6811,0,-52185,49134,-45043,65535,16137,0
6812,0,-30844,-60107,-40687,-44398,50922,0
6813,0,-61789,1956,-53431,52746,32242,-1
6814,0,42928,3134,10296,36320,23097,0
6815,0,24988,-18069,-46704,-29664,-8423,0
6816,0,-14151,13984,-21241,4476,19385,1
6817,0,4788,49147,-38662,45863,-18300,0
6818,0,37118,2536,6644,34457,14032,0
6819,0,-10700,-65077,-59697,-7696,65500,0
6820,0,27767,52521,-54009,3931,-59279,1
6821,0,-46599,-55596,-993,-49193,-53314,1
6822,0,-36601,-45508,-62075,28584,50927,0
6823,0,28197,38136,-57251,-11250,-46075,-1
6824,0,-63731,41664,63753,59942,-46952,0
6825,0,13126,42391,-54542,9977,-43241,0
6826,0,46107,59854,40362,-65536,21772,-1
6827,0,-5677,-10207,35482,10857,-4305,0
6828,0,-5489,-3789,38296,5094,-4305,1
6829,0,48171,38364,-63601,-44409,-42662,-1
6830,0,40776,-44602,42542,21383,56523,0
6831,0,43089,-17790,-25742,-2552,-46547,0
6832,0,-32088,12214,-38642,20649,27431,0
6833,0,-34543,-46586,-42744,-25463,52107,0
6834,0,-40808,16672,-22278,-5059,43791,-1
6835,0,30282,-19723,-916,29387,-21033,0
6836,0,-64919,52348,783,-65536,49873,-1
6837,0,-22425,8566,-37834,13707,19707,0
6838,0,-50999,-27797,-52692,25580,52146,0
6839,0,3101,42642,39392,-41479,-10367,0
6840,0,43179,-8368,48598,-23638,37090,0
6841,0,45830,-39268,45316,6439,60008,-1
6842,0,-35791,-8976,-19466,-28519,23414,0
6843,0,24609,-36958,-65496,-24681,36910,0
6844,0,-64610,-38671,58139,65535,13831,0
6845,0,4328,-25812,-44295,-24243,9864,-1
6846,0,59463,-42753,-5093,47367,-55858,-1
6847,0,24160,30581,54568,-36245,-14326,0
6848,0,-44296,-23907,-23641,-40423,29994,0
6849,0,-3906,45659,51470,-25455,-38105,0
6850,0,46873,49639,-37889,36761,-57530,-1
6851,0,10533,38329,-54233,10744,-38271,-1
6852,0,52406,-25694,-4306,46028,-35889,0
6853,0,29333,57760,-25348,64360,-7382,0
6854,0,-5548,-39961,59653,16449,36839,0
6855,0,15080,42524,34985,-43884,10484,0
6856,0,23785,2538,28422,2437,23796,0
6857,0,35889,22126,-1608,37487,19296,0
6858,0,30933,16794,29861,-12335,32966,0
6859,0,42401,32624,32314,-31694,43101,0
6860,0,-12245,4835,-183,-12202,4942,0
6861,0,-14911,-13460,20069,2515,-19929,0
6862,0,-6019,42856,11136,-26987,33831,0
6863,0,58203,25577,19439,14178,61974,0
6864,0,26923,14,-4865,26198,-6208,-1
6865,0,-27204,-18789,30039,15080,-29422,0
6866,0,-49080,870,-47756,32960,36376,-1
6867,0,-65131,-56811,50545,65535,-117,0
6868,0,-61410,1661,9022,-56452,-24230,0
6869,0,40185,20622,-35799,14586,-42748,0
6870,0,41722,-39668,-13516,9326,-56809,0
6871,0,28404,-63386,17300,65535,-21865,1
6872,0,34527,25498,-44802,2540,-42846,0
6873,0,60344,-36947,-47306,-65536,-22560,0
6874,0,-40664,3637,-25850,-9802,39632,-1
6875,0,-36296,31066,-49256,47650,3462,-1
6876,0,-44190,-41107,-39653,-24565,55128,0
6877,0,11647,47057,-19117,44425,19401,0
6878,0,29917,13576,34270,-15692,28863,0
6879,0,-3598,-46745,-60791,-7036,46352,0
6880,0,-21288,62110,-60203,36302,-54708,0
6881,0,-65032,30316,19299,-63345,-33700,0
6882,0,15435,24634,-32323,24958,-14906,0
6883,0,27732,-29452,-58654,-35777,18881,0
6884,0,-52736,-41814,-21322,-63182,23185,0
6885,0,-9300,25221,-28181,22585,14577,0
6886,0,30942,18515,-11900,36041,-1127,1
6887,0,-62554,37649,-2929,-56668,46034,1
6888,0,-45190,-39055,28679,29505,-51932,0
6889,0,4856,37217,10345,-13438,35044,0
6890,0,-62420,59799,-15764,-4422,65535,0
6891,0,-60537,-52525,32579,51974,-61012,0
6892,0,39471,26255,-41341,8299,-46673,0
6893,0,-16011,-34631,4377,-8447,-37206,0
6894,0,-37744,-3496,28443,-4348,-37655,0
6895,0,-32036,-26086,-62500,27913,30457,-1
6896,0,62125,-51923,-53702,-65536,10406,0
6897,0,49878,-18991,63656,-47967,23402,0
6898,0,-63631,-28142,-45533,13517,65535,0
6899,0,-31366,1382,19821,-19366,-24712,0
6900,0,49500,39990,-38734,24403,-58770,-1
6901,0,-55208,43827,-31373,40041,58013,0
6902,0,24628,-40559,-45317,-47377,2648,0
6903,0,3267,-20394,-43638,-19314,7318,-1
6904,0,51782,-22750,-57362,-56546,1252,0
6905,0,61781,12976,19435,26437,57327,-1
6906,0,-21828,33641,-14709,5179,39766,0
6907,0,26992,-33639,-37662,-38992,-18433,0
6908,0,-40863,42696,35047,-37985,-45275,0
6909,0,37405,-24752,-40848,-37048,-25284,1
6910,0,-63300,-51405,-39567,-28431,65535,0
6911,0,20847,-42978,44487,25269,40537,0
6912,0,-38488,14377,25738,-26294,-31570,-1
6913,0,-46446,40284,-64085,49133,-36959,0
6914,0,56218,55584,64373,-59228,-52365,0
6915,0,48351,30725,13075,21141,53244,0
6916,0,-22334,-58228,16454,25573,-56880,0
6917,0,-30819,28882,32943,-28622,-31061,0
6918,0,-29399,60192,54854,-3866,-65536,0
6919,0,13628,48634,-740,15345,48120,0
6920,0,7337,899,34085,-1360,7266,0
6921,0,-63805,53341,-30692,46739,65535,0
6922,0,-27910,10993,-57757,29997,-69,0
6923,0,33303,23756,-25759,33408,-23608,0
6924,0,30582,-5929,13175,28184,13270,0
6925,0,-57994,6230,-28704,-5115,58103,0
6926,0,22388,-29061,16171,36330,-5090,0
6927,0,-64551,46353,-22336,9726,65535,0
6928,0,50123,-37364,28379,47010,41213,1
6929,0,-38885,-25671,63941,40732,22627,0
6930,0,25457,20290,37112,-25114,20713,0
6931,0,-1121,-30437,-16286,-22217,-20834,0
6932,0,-16392,42221,-30000,39681,21834,0
6933,0,61503,-26496,-39878,-45530,-49109,0
6934,0,57426,40281,48969,-65536,12727,-1
6935,0,-3682,-23718,-27456,-23881,-2411,1
6936,0,-27837,-57144,9753,905,-63557,0
6937,0,-35772,19794,10623,-40883,-156,1
6938,0,-8791,-43951,-47285,-28095,34924,1
6939,0,-38797,23931,-16284,-10724,44305,0
6940,0,-55675,-13841,-62056,52604,22893,0
6941,0,44870,-26286,11674,51980,1544,0
6942,0,24913,12596,-47293,-6315,-27193,0
6943,0,-31479,27018,18858,-40700,-8025,1
6944,0,-63827,-55253,44526,65535,-24433,0
6945,0,-41924,-55338,50280,65535,13188,0
6946,0,11120,-13940,-14083,-31,-17832,-1
6947,0,22644,33421,-41652,21081,-34428,0
6948,0,-27766,38521,-44528,47397,2887,0
6949,0,-34608,-48419,-42314,-28148,52439,0
6950,0,6799,55186,-47646,37287,-41248,0
6951,0,-63765,33420,-59615,65535,-14226,0
6952,0,25166,-837,18280,16750,18801,0
6953,0,-15302,9108,62003,13548,-11557,0
6954,0,23913,-57753,8669,45193,-43184,0
6955,0,-14611,48391,-10236,9916,49567,0
6956,0,42596,21009,65532,-42600,-21002,-1
6957,0,49190,-12024,-45310,-37740,-33762,0
6958,0,6403,33713,22563,-26750,21494,0
6959,0,-16520,-57340,14999,25335,-54027,0
6960,0,23590,-46916,5286,34598,-39504,0
6961,0,-31027,23432,34652,-20539,-33013,1
6962,0,-33856,-36842,34442,39438,-30792,-1
6963,0,-21277,-27933,-35583,-24816,24842,0
6964,0,25557,59292,-43275,39594,-51000,0
6965,0,-34077,51771,47826,-16344,-59786,1
6966,0,-54728,-56401,6645,-34310,-65536,0
6967,0,28502,28434,-18910,39959,-4910,0
6968,0,-24145,-6636,-65396,24100,6797,0
6969,0,43951,-59563,48372,13769,65535,0
6970,0,-36459,61109,57315,10201,-65536,0
6971,0,-21258,-49995,-48059,-22932,49250,-1
6972,0,19589,60533,-4091,31008,55556,0
6973,0,30524,3971,-20393,20357,-23089,0
6974,0,-36601,6977,-55309,35575,11078,0
6975,0,9519,-39957,64418,-7364,40410,0
6976,0,49125,20902,57874,-53354,-1867,0
6977,0,-64642,36668,-57840,65535,-10888,0
6978,0,39127,-38477,-35469,-43207,-33832,0
6979,0,-43322,-53854,44220,65535,-8853,-1
6980,0,25306,11024,-60436,-21885,-16822,0
6981,0,43088,40819,-4282,50503,31181,-1
6982,0,27668,-46015,3916,35770,-40043,0
6983,0,12881,52148,23419,-41418,34204,-1
6984,0,53302,-63811,49292,6874,65535,0
6985,0,1128,35770,-42542,31406,-17159,0
6986,0,58026,41433,-56297,-34672,-62302,0
6987,0,16571,-28953,59880,-8211,32334,0
6988,0,-25768,61104,56730,-1530,-65536,0
6989,0,-5569,-30958,-41958,-25628,18238,0
6990,0,34664,21142,-19534,37574,-15388,0
6991,0,-53159,-39354,1852,-49461,-43911,0
6992,0,-18128,-5859,-62723,17176,8243,0
6993,0,-51224,-6851,56637,49468,-14958,0
6994,0,-11155,2704,-57622,11363,1620,0
6995,0,-5529,23628,-11403,7559,23059,0
6996,0,-17560,53767,34555,-52068,-22095,0
6997,0,-15736,19039,-39184,22910,9234,0
6998,0,-28079,-1667,-17024,-20451,19312,-1
6999,0,-45456,23685,-15779,-16806,48423,0
7000,0,1248,14444,35083,-14493,-359,0
7001,0,12798,-20991,-18027,-7655,-23363,-1
7002,0,-43458,29427,58794,31863,-41705,0
7003,0,29816,-256,14889,22706,19326,0
7004,0,2948,-16450,-15802,-9161,-13977,0
7005,0,-35459,53971,32649,-54173,-35150,0
7006,0,22919,21362,-30661,23565,-20647,-1
7007,0,-33182,-56469,64961,34725,55533,0
7008,0,-27705,44360,19654,-52172,3678,0
7009,0,-55708,-33395,38395,47032,-44795,0
7010,0,59197,29313,-43594,-3908,-65536,0
7011,0,-43973,-26532,-19875,-47104,20466,1
7012,0,-10279,3562,-16268,-4804,9761,0
7013,0,35890,979,-37381,-6916,-35231,-1
7014,0,-44188,60954,-13532,1614,65535,0
7015,0,-49912,11442,-22506,-13491,49398,-1
7016,0,6199,-33025,40723,28346,18044,0
7017,0,45463,-34831,-49345,-56843,-6994,0
7018,0,11284,18881,30162,-17327,13549,1
7019,0,53338,42041,61467,-60475,-30905,0
7020,0,17302,30832,-39033,24334,-25648,0
7021,0,-43842,-43110,63268,48261,38098,0
7022,0,64020,52529,-48126,-4063,-65536,0
7023,0,-64682,42854,26817,-59326,-50007,1
7024,0,61625,-23066,26353,40637,51752,0
7025,0,-59738,-39943,13037,-25076,-65536,-1
7026,0,-41840,-49657,-60426,28548,58322,0
7027,0,27865,-53056,37909,44656,39966,0
7028,0,22216,-32347,23302,38812,5789,-1
7029,0,-11726,1622,711,-11774,1221,0
7030,0,28685,6010,15168,17436,23557,0
7031,0,-51091,-63624,-26298,-65536,29236,0
7032,0,35085,-33063,-63403,-38277,29309,0
7033,0,-7388,52164,52249,-25084,-46330,0
7034,0,49870,21226,48179,-49274,22576,0
7035,0,-47102,346,-25692,-15347,44533,-1
7036,0,-40881,-25301,-35498,-19750,43833,0
7037,0,-33874,33667,59432,22722,-42007,0
7038,0,1587,-29937,-13605,-16908,-24756,0
7039,0,-12519,31536,54767,-4679,-33606,0
7040,0,-516,-37793,48071,28417,24921,0
7041,0,31348,64547,-8166,53603,47704,0
7042,0,40990,-61452,-46427,-65536,4909,-1
7043,0,-40298,-31097,9113,-23356,-45227,0
7044,0,-1702,-16650,45845,14483,8389,0
7045,0,-50112,-25015,-61237,43932,34741,0
7046,0,-8626,-14919,-22738,-17217,748,0
7047,0,-1116,-38532,28700,37585,-8561,0
7048,0,945,60856,44994,-51222,-32873,-1
7049,0,20448,-9760,46602,-4897,22122,0
7050,0,-45386,-8215,10219,-36183,-28604,0
7051,0,-6578,19439,23325,-20358,2586,0
7052,0,-46892,-950,39807,16422,-43933,-1
7053,0,-61924,1415,31454,-5311,-61712,1
7054,0,13175,11053,46098,-16730,3983,0
7055,0,33866,-15953,-12421,19090,-32202,0
7056,0,-46417,10741,-42995,31331,35893,0
7057,0,-33373,36439,44313,-13457,-47544,-1
7058,0,-10234,43786,-20481,30724,32833,1
7059,0,-55610,-30139,-40352,-8393,62693,0
7060,0,-50337,25871,40110,-6931,-56170,-1
7061,0,-10438,10941,26515,-13535,-6742,0
7062,0,-59046,2934,31741,-5835,-58830,0
7063,0,8794,-12080,-27670,-9594,-11455,0
7064,0,34394,26290,8845,20533,38112,0
7065,0,-48053,1879,-6310,-45311,16109,0
7066,0,5099,61094,-58128,16460,-59055,1
7067,0,18695,-37646,-62049,-24698,34011,0
7068,0,31081,-16174,61400,-27287,21979,-1
7069,0,3446,10844,-25115,11358,673,0
7070,0,25851,-38454,14194,44287,-13626,-1
7071,0,25070,-18410,-40247,-26036,-17017,0
7072,0,-16553,48663,-22785,35575,37102,1
7073,0,15229,12192,47617,-19179,3568,0
7074,0,40793,-38816,40349,21781,51926,0
7075,0,24188,-39217,7518,36464,-28168,0
7076,0,-42950,1285,-54172,37400,21157,1
7077,0,-41474,-50542,-51697,1553,65362,0
7078,0,42798,-8664,-59338,-43459,-4246,0
7079,0,-37500,59528,13498,-65536,24889,0
7080,0,41538,-2751,-24792,12946,-39565,0
7081,0,-62521,52303,-64951,63963,-50530,0
7082,0,10622,59367,-18115,52177,30246,1
7083,0,43798,35291,46615,-54781,12756,0
7084,0,-61752,47893,59393,45195,-63753,-1
7085,0,55554,-56777,-5729,38076,-65536,0
7086,0,28325,21700,48569,-35228,5672,0
7087,0,20744,-46310,-38430,-50176,-7568,0
7088,0,-17666,25770,44525,-12347,-28701,0
7089,0,-55321,-31256,-4413,-60650,-18945,-1
7090,0,-56676,27453,-46420,56281,28255,0
7091,0,-50574,-63630,6995,-26819,-65536,0
7092,0,-36237,51891,61663,26035,-57689,0
7093,0,44215,-29286,-50393,-52509,-7447,0
7094,0,45668,-39922,61490,-37117,47976,0
7095,0,6655,-62355,-13974,-33499,-53012,0
7096,0,32516,32432,-20610,44974,-9298,0
7097,0,-18647,-31151,-13200,-33459,-14092,0
7098,0,49003,-9931,18095,39269,30950,0
7099,0,63342,55935,23405,-22907,65535,1
7100,0,-26754,19516,-49840,32869,4037,-1
7101,0,42237,-56816,897,44640,-54948,0
7102,0,-19145,-9979,-16743,-20479,6835,0
7103,0,-32448,47256,13962,-54766,16930,1
7104,0,57097,53254,-55153,-24743,-65536,-1
7105,0,-62152,-61703,-14730,-65536,-6619,0
7106,0,-58184,57856,-23020,25443,65535,0
7107,0,36758,55163,49933,-64465,-15440,-1
7108,0,-2003,-4877,-53339,-1022,5172,0
7109,0,38930,-64056,-43599,-65536,-2014,0
7110,0,-19753,-3529,52196,17956,-8957,0
7111,0,22839,-27613,29317,30997,17981,-1
7112,0,-46266,-33397,-15551,-56649,6845,0
7113,0,-34839,31703,-58344,43504,-18062,0
7114,0,51552,-46713,-40199,-61760,-32023,1
7115,0,5794,49925,17316,-32934,37967,0
7116,0,-57742,45030,-9971,-30557,65535,0
7117,0,23317,-49704,36088,45380,30901,0
7118,0,754,2731,-57610,313,-2816,0
7119,0,-1931,-38961,45968,32560,21484,0
7120,0,-63504,-30384,52602,65535,-12172,0
7121,0,33639,63660,-11316,61674,37155,0
7122,0,-55959,-19155,-30954,-23945,54083,-1
7123,0,44027,-59283,-19799,-22549,-65536,0
7124,0,9472,-13247,-8219,3661,-15868,0
7125,0,-45961,13148,-59485,47802,546,0
7126,0,-19254,36044,60828,10700,-39439,0
7127,0,3285,-23884,63438,-870,24093,1
7128,0,49725,-7591,52870,-36507,34604,0
7129,0,49353,26520,45421,-49922,25432,0
7130,0,19197,46103,24085,-34405,36198,0
7131,0,35515,-31763,-42080,-43982,-18324,-1
7132,0,-5936,-25250,-31434,-25578,4311,0
7133,0,5189,-1221,29151,2098,4901,0
7134,0,-30165,-26385,43213,37626,-13797,0
7135,0,-61372,-23816,-4829,-65199,-9101,0
7136,0,54284,-9264,-41221,-29912,-46237,-1
7137,0,64144,27560,40546,-49032,49698,0
7138,0,-7642,31432,-53907,23114,-22630,-1
7139,0,41717,-48848,-55613,-59455,24322,0
7140,0,-63313,52648,-19024,2869,65535,0
7141,0,12634,-43015,29985,44314,6799,1
7142,0,-59159,-48463,-56148,32188,65535,0
7143,0,-21275,-58850,-32282,-59330,19899,0
7144,0,-51469,52008,37760,-38327,-62329,0
7145,0,-65084,18519,-53362,64516,20410,0
7146,0,-9891,61639,51929,-29556,-54988,1
7147,0,-60701,39923,3290,-65536,29894,0
7148,0,42889,-48890,-23829,-26649,-59326,0
7149,0,47364,44968,-42426,19082,-62461,0
7150,0,-40919,42780,38143,-30940,-50470,0
7151,0,-33716,-14397,45255,30892,-19740,0
7152,0,35058,-49406,-19616,-19241,-57444,0
7153,0,-59204,-40378,2000,-55066,-45861,-1
7154,0,40583,6221,48350,-32137,25552,0
7155,0,-10410,45076,57808,-6616,-45787,0
7156,0,-34734,-22533,50559,40983,-5879,0
7157,0,-26656,46960,13849,-49931,20560,0
7158,0,15716,-2513,-38140,-6433,-14557,1
7159,0,65026,53275,-64414,-62067,-56695,0
7160,0,40608,30671,32384,-29919,41165,0
7161,0,6264,57167,39450,-56231,-12055,0
7162,0,-57917,-36634,26696,18471,-65536,0
7163,0,16836,27069,-5339,23141,21925,0
7164,0,30709,27573,27931,-19779,36223,0
7165,0,33443,-5628,-21778,11951,-31738,0
7166,0,-24184,-57243,-20846,-61227,-10622,0
7167,0,-38237,21570,-48466,41879,13170,0
7168,0,17672,15987,25551,-9048,22046,0
7169,0,-56099,-1382,-28274,-13342,54507,0
7170,0,30113,-33927,-7267,16722,-42169,0
7171,0,-38601,-7296,104,-38564,-7488,0
7172,0,54831,-39613,-1565,51707,-43612,0
7173,0,19804,-21541,-65134,-20215,21156,0
7174,0,4656,55133,10201,-21789,50858,0
7175,0,23949,4957,-53595,-17446,-17139,0
7176,0,41374,52847,-61248,-29717,-60179,0
7177,0,-6434,-48387,-57336,-12592,47161,0
7178,0,35187,43714,30909,-40408,38938,0
7179,0,-34484,-37665,24815,22130,-46023,0
7180,0,-1721,8415,56013,-2164,-8312,0
7181,0,-62602,10230,-1020,-62027,13279,0
7182,0,20865,-16362,-65485,-20905,16311,0
7183,0,24445,32557,-44118,15203,-37767,-1
7184,0,-38386,-32004,-25774,-42852,25719,0
7185,0,8373,23399,-6207,14865,19916,0
7186,0,-36104,-33048,-20937,-47270,12699,1
7187,0,30002,21029,-12862,36637,-191,0
7188,0,-63067,39503,-58317,65535,-15769,0
7189,0,-54468,15346,26023,-31858,-46769,0
7190,0,-44768,-43808,-22856,-59436,19767,0
7191,0,-6382,-4679,61998,7080,3535,0
7192,0,19144,-48007,58031,-1016,51673,1
7193,0,31600,23347,-44116,3622,-39122,0
7194,0,48096,5423,43861,-29062,38704,-1
7195,0,23903,63054,-1553,28525,61102,0
7196,0,40070,-2788,-18749,22765,-33093,0
7197,0,12486,14001,-7137,16459,9001,-1
7198,0,12893,62997,-55797,16841,-62058,0
7199,0,-884,40877,-28958,40036,8295,-1
7200,0,-14761,-33039,2962,-9938,-34795,1
7201,0,37102,39144,60293,-45671,-28688,0
7202,0,-29617,29438,63161,26081,-32612,0
7203,0,12875,28457,-45544,15883,-26894,1
7204,0,13783,30621,-23052,33549,1438,0
7205,0,-30915,-22047,-39445,-11200,36282,0
7206,0,43146,-12646,20046,35078,28125,0
7207,0,54873,-20206,-27514,-5894,-58177,0
7208,0,-53287,-32134,45139,56428,-26231,1
7209,0,-22906,41029,22090,-46990,127,1
7210,0,37556,22725,-45995,-3941,-43719,0
7211,0,11012,-10103,8935,14213,-4616,0
7212,0,-43240,-48078,-21116,-63687,11187,-1
7213,0,64603,51095,-40694,23493,-65536,0
7214,0,63665,46624,5225,50123,60949,0
7215,0,23750,-1272,43602,-10683,21250,0
7216,0,-43453,2877,59625,40916,-14910,0
7217,0,-8199,-53410,-1083,-10959,-52913,0
7218,0,-14532,-13378,56031,18936,5619,0
7219,0,26685,-20355,-45237,-31843,-10604,-1
7220,0,65016,56809,-41629,24966,-65536,0
7221,0,59981,10049,-40429,-12157,-59590,0
7222,0,-31635,38216,-62765,36418,-33690,0
7223,0,38700,-15014,40193,587,41506,0
7224,0,-54676,6097,2521,-55012,-540,0
7225,0,21738,-59436,12448,51381,-36949,0
7226,0,39530,59068,41530,-65536,12008,0
7227,0,-26404,53561,43919,-32638,-50007,0
7228,0,10239,-5661,-46040,-10637,-4872,-1
7229,0,42377,59899,37911,-65536,26476,0
7230,0,47529,5936,25621,10375,46761,-1
7231,0,-9797,56347,-44552,52838,-21888,0
7232,0,-33249,19434,-31928,18080,34004,0
7233,0,60257,36749,-20960,63333,-31151,0
7234,0,6852,-13083,-48368,-14252,3873,0
7235,0,30727,14403,-27972,21026,-26637,0
7236,0,10393,47007,-11338,33205,34859,0
7237,0,30764,-47742,41011,32219,46772,-1
7238,0,-21481,13937,35736,-10751,-23240,0
7239,0,-296,30109,9186,-13101,27110,0
7240,0,-5131,12656,10299,-10516,8713,0
7241,0,7613,4504,-20434,7983,-3810,1
7242,0,-65037,-63522,-103,-65349,-63201,0
7243,0,-11387,-31526,-39380,-26406,20646,0
7244,0,54299,17169,-61298,-49718,-27771,0
7245,0,-11549,55093,45348,-38824,-40759,0
7246,0,46341,27052,56662,-53375,-5518,0
7247,0,3220,-54460,-39097,-52935,13199,1
7248,0,36067,-50495,-36214,-55739,-27271,1
7249,0,-31610,43014,-50827,51950,-12271,0
7250,0,-8243,741,26667,-3086,-7679,-1
7251,0,-17691,25352,-32568,25182,17933,0
7252,0,-58200,53264,-27981,38630,65535,0
7253,0,-58922,36996,25681,-54516,-43227,0
7254,0,-29319,-34153,17601,6029,-44606,0
7255,0,13857,25821,43009,-29304,48,0
7256,0,48128,-17474,-44430,-40339,-31535,-1
7257,0,33826,5551,-17537,26696,-21502,0
7258,0,40294,15131,52332,-41439,11635,0
7259,0,58709,-27939,7757,64848,-4697,-1
7260,0,17064,29528,41121,-33844,4204,0
7261,0,-44570,-13436,-12343,-44488,13706,-1
7262,0,-29574,15520,6328,-32860,5977,0
7263,0,61491,12225,-62206,-58767,-21842,1
7264,0,-16388,17265,8076,-21693,9801,0
7265,0,-17850,-58039,-19958,-57721,-18852,0
7266,0,11929,-50550,-46078,-47711,20526,0
7267,0,-26872,-15450,43673,26803,-15569,0
7268,0,-23438,-20335,51574,30998,1407,-1
7269,0,-36811,-34135,50342,50193,972,0
7270,0,-41947,-19521,-37734,-9078,45368,0
7271,0,-17204,-62508,23972,49992,-41280,0
7272,0,-12375,40813,-48060,38611,-18113,0
7273,0,3928,-9845,-53027,-8799,5911,0
7274,0,54620,-2898,34797,-2419,54644,0
7275,0,8821,-65013,64520,-5644,65366,0
7276,0,17060,21957,-45585,8106,-26598,0
7277,0,-27655,31278,32958,-31026,-27938,1
7278,0,36622,-39139,-45639,-53111,-7225,0
7279,0,26711,56534,969,24056,57714,0
7280,0,25951,22978,-30621,25523,-23453,0
7281,0,-57447,27781,-34931,33579,54262,1
7282,0,-52020,-58101,37949,65535,-36140,-1
7283,0,11177,-45680,59105,3211,46918,0
7284,0,24772,49826,-42143,34117,-43959,0
7285,0,40638,53245,1816,35855,56577,0
7286,0,-31777,64608,-60399,46568,-54913,0
7287,0,44684,43868,-1259,47248,41094,-1
7288,0,35738,-45420,63578,-31322,48570,1
7289,0,61590,19274,-42523,-10557,-63666,0
7290,0,26619,20174,15116,6559,32750,0
7291,0,-1334,-29360,27116,27932,-9143,0
7292,0,-36006,-2070,-21455,-20356,29772,0
7293,0,-14604,-59023,44012,58151,17762,0
7294,0,63134,-8495,51246,-43517,46523,0
7295,0,-16224,40011,5843,-26653,33966,0
7296,0,-38002,57291,18615,-65536,6367,-1
7297,0,58205,11701,7429,50473,31260,0
7298,0,45972,-43469,-40447,-57100,-27251,0
7299,0,54325,-48447,-732,52594,-50322,-1
7300,0,33651,-16128,26591,25245,27481,0
7301,0,64543,-35520,9910,65535,-2066,0
7302,0,50945,11935,62332,-52171,-4002,-1
7303,0,-38115,38091,-46664,53501,6427,1
7304,0,-26733,-38996,-7094,-38210,-27846,0
7305,0,57396,-58103,-64508,-60189,55205,0
7306,0,-9343,-4885,19451,-1645,-10414,0
7307,0,-10964,-23945,-8312,-19396,-17815,0
7308,0,-46051,7314,32851,-7132,-46080,1
7309,0,65373,-2843,-35573,-11582,-64402,0
7310,0,-31988,-55959,-16654,-62402,-16143,0
7311,0,59424,20727,-21022,49246,-39188,1
7312,0,-34891,-6777,-6452,-35298,4165,0
7313,0,6103,2223,-41089,-322,-6487,0
7314,0,-27122,-56523,37614,61249,-13383,1
7315,0,63983,3747,56317,-59439,23978,0
7316,0,49545,26205,6754,38633,40607,0
7317,0,48660,-27014,8466,55373,-5608,0
7318,0,27229,11351,64323,-27842,-9750,0
7319,0,1678,15636,-44647,12264,-9844,0
7320,0,-13653,-57518,-19954,-54873,-21992,1
7321,0,22593,-17953,33404,17256,23130,0
7322,0,39602,-18654,58011,-30470,31431,0
7323,0,-17711,-53142,-57366,-3914,55879,0
7324,0,-44149,-38097,-6476,-53676,-22790,0
7325,0,58859,49993,24305,-22707,65535,0
7326,0,58167,-6094,43146,-22404,54024,0
7327,0,-19226,27166,61420,13527,-30408,0
7328,0,6582,59808,62593,-14928,-58288,1
7329,0,-34454,1580,44236,16654,-30203,0
7330,0,-24735,58790,-20582,35400,53056,0
7331,0,-10160,558,-57503,9625,3300,-1
7332,0,-24105,25695,50350,899,-35220,0
7333,0,-21386,-33706,23382,21050,-33917,1
7334,0,19070,61416,-3877,30090,56835,0
7335,0,-21534,58358,-23551,43548,44418,1
7336,0,30473,-7207,39088,-2212,31236,1
7337,0,-52821,53084,-13563,-9911,65535,0
7338,0,4315,34573,30052,-33720,8767,0
7339,0,-30545,-36274,-21506,-46816,7556,0
7340,0,-22360,23935,-18975,5160,32346,0
7341,0,22553,-4529,12029,21375,8500,0
7342,0,-30012,25132,-36689,30298,24787,0
7343,0,-41847,22716,-25693,7499,47021,0
7344,0,39923,-16159,9747,42922,3555,0
7345,0,-9639,32221,-44078,32574,-8369,0
7346,0,15364,-60718,-47303,-56425,27183,0
7347,0,58066,61095,36749,-65536,45422,0
7348,0,463,6690,28211,-6431,1902,-1
7349,0,43471,-63271,-38256,-65536,-25520,0
7350,0,-58821,-28853,31073,23984,-60969,0
7351,0,51093,25046,-58954,-40799,-39664,0
7352,0,58205,11724,37823,-25350,53691,-1
7353,0,-32758,30924,-61151,38489,-23409,0
7354,0,2171,19741,12463,-9310,17543,0
7355,0,31409,50647,-61232,-20367,-56008,0
7356,0,54082,1449,-27434,15081,-51957,0
7357,0,63690,51180,-21485,65535,-28246,0
7358,0,-9032,-22174,22266,15066,-18609,0
7359,0,47462,51876,-29430,58776,-38589,0
7360,0,31849,-19856,51395,-12355,35440,0
7361,0,38672,-47374,-60336,-49163,36371,1
7362,0,45246,40584,-4425,52777,30148,0
7363,0,-30418,-17181,55860,34891,1758,0
7364,0,-41318,-36090,-55760,20562,50861,0
7365,0,-4753,28040,-56605,15965,-23536,0
7366,0,36794,53963,-56765,-11564,-64281,0
7367,0,-59680,1022,20061,-34984,-48362,-1
7368,0,59510,-30231,-55188,-65536,-1736,0
7369,0,-29007,-649,37789,7545,-28016,0
7370,0,39283,28475,-3135,43103,22274,0
7371,0,-57081,-36242,43803,60095,-30989,0
7372,0,19515,-54717,-58191,-37188,44630,0
7373,0,36047,-9340,57278,-29658,22517,0
7374,0,20208,55206,22460,-39017,43974,0
7375,0,-32269,20894,-2676,-29332,24850,-1
7376,0,-42350,44209,60152,29664,-53554,0
7377,0,53418,32328,-7563,61411,11282,0
7378,0,-56005,-30749,-21635,-54963,32575,0
7379,0,-6531,-61627,-37418,-58659,19991,-1
7380,0,29736,15931,11578,16879,29209,1
7381,0,-54626,4957,25760,-22687,-49939,0
7382,0,-32590,-14353,27992,6583,-34997,-1
7383,0,18029,-48,-8620,16492,-7284,0
7384,0,-19224,381,19016,-12076,-14963,0
7385,0,-10972,-62121,2306,-4052,-62952,0
7386,0,-42381,31599,32170,-32800,-41459,0
7387,0,-51617,-57252,34367,61035,-47083,0
7388,0,39758,-16304,60548,-34766,25256,0
7389,0,-65454,-2234,40317,25262,-60424,0
7390,0,-32511,-1191,-21025,-18357,26859,0
7391,0,-12898,-35981,21169,23753,-29946,0
7392,0,63881,-46675,30675,52841,58883,0
7393,0,-9714,-8793,-47884,-145,13102,0
7394,0,41257,10097,28675,-1860,42434,0
7395,0,-5003,-29250,39358,29357,4333,-1
7396,0,57783,45176,-4231,65535,32612,-1
7397,0,-19345,13069,12775,-23342,-427,0
7398,0,-10892,26500,57811,564,-28646,0
7399,0,20594,-44948,58490,-4536,49233,0
7400,0,-9920,58138,-26567,52683,26514,0
7401,0,-24322,3591,-296,-24269,3936,0
7402,0,55032,-41647,-36256,-50226,-47332,1
7403,0,-24852,19799,45342,-2221,-31697,0
7404,0,17074,-22088,-10779,3933,-27639,0
7405,0,-34637,25643,12594,-43072,1445,0
7406,0,45191,-36413,-1946,41603,-40464,0
7407,0,39278,34786,39092,-44926,27101,0
7408,0,22715,-51863,29473,54790,14274,0
7409,0,60751,12646,59371,-61800,5597,0
7410,0,-39237,-57544,-45808,-23702,65491,0
7411,0,1843,52008,-8870,23132,46617,0
7412,0,49388,-41759,18049,63815,10517,0
7413,0,20662,-35504,-19518,-16321,-37697,0
7414,0,-24878,46632,-65317,25366,-46369,0
7415,0,27813,-27907,42523,12375,37406,0
7416,0,39082,3444,2227,38492,7589,0
7417,0,-11038,-64110,-6073,-28973,-58245,-1
7418,0,-5656,21731,-33544,21926,4844,0
7419,0,-14796,-8739,27644,4879,-16477,0
7420,0,26855,20918,59964,-31424,-13088,0
7421,0,63295,-30858,-41931,-54845,-44164,0
7422,0,12560,-62595,64379,-9072,63195,0
7423,0,-47794,-56778,24836,34986,-65453,0
7424,0,50809,33038,39445,-47347,37833,0
7425,0,-54917,32823,60390,45240,-45239,0
7426,0,-21055,45145,-39118,49380,6557,0
7427,0,-6056,-53314,-60202,-7625,53112,0
7428,0,-39358,19101,48055,12130,-42033,0
7429,0,-47435,63233,-16470,11492,65535,0
7430,0,13918,-30054,53002,5512,32659,1
7431,0,53752,6641,12213,41131,35236,1
7432,0,61135,35683,-34070,31801,-63241,0
7433,0,-30252,-18969,10551,-17274,-31251,0
7434,0,-65051,27435,64608,63767,-30299,0
7435,0,731,32087,43615,-28210,-15308,0
7436,0,-26117,-20863,-22552,-30695,13235,1
7437,0,-64832,-4508,29945,-4280,-64848,0
7438,0,-59520,-32333,59278,65535,13300,0
7439,0,51462,-19557,-10528,35591,-42001,-1
7440,0,-60070,-39585,14213,-21725,-65536,-1
7441,0,-28179,-12051,-22252,-24163,18853,0
7442,0,-40508,16416,43840,6347,-43245,0
7443,0,56692,-15295,15379,52253,26788,-1
7444,0,-23641,-22323,25290,12610,-29970,-1
7445,0,-35098,-33886,-30211,-37923,30691,0
7446,0,27972,37042,-30754,39567,-24270,-1
7447,0,63926,20295,9142,49272,45505,0
7448,0,39031,-1867,-22968,16005,-35648,0
7449,0,63489,46962,-41054,18747,-65536,0
7450,0,-4017,54981,-47373,44635,-32354,0
7451,0,-6562,29678,46507,-19455,-23353,0
7452,0,47410,-26617,8716,54132,-5090,0
7453,0,21678,-57617,-17137,-27418,-55117,-1
7454,0,43891,61751,-19094,65535,2845,0
7455,0,64969,-26813,33291,25177,65535,0
7456,0,-53901,14689,-47419,46033,31655,0
7457,0,-3298,57284,52953,-29780,-49046,0
7458,0,-9777,-64466,58102,31654,57005,0
7459,0,-64855,50775,37358,-35397,-65536,0
7460,0,65408,-28722,-15228,29588,-65021,0
7461,0,-35569,-42875,37612,49910,-24748,0
7462,0,58545,37337,-58589,-43124,-54423,0
7463,0,-20857,35397,-6708,-8601,40175,0
7464,0,-37603,44028,-17127,6597,57523,0
7465,0,61514,-24391,40829,-592,65535,0
7466,0,40103,593,51312,-31510,24814,0
7467,0,32649,-61961,28544,65535,19521,0
7468,0,-53309,-19708,26365,2679,-56772,0
7469,0,-27218,-20552,-10898,-33842,-4231,0
7470,0,61151,-52334,26824,65535,43975,0
7471,0,3016,52175,-51638,29874,-42882,0
7472,0,40003,-21036,42295,1240,45180,0
7473,0,-57771,-22123,-50698,29320,54473,0
7474,0,60255,9412,-40484,-13006,-59583,0
7475,0,46582,-46924,42947,19611,63144,1
7476,0,-7939,-40526,-14435,-31971,-26139,0
7477,0,-34131,41353,10759,-50086,19141,0
7478,0,22893,-50526,29739,53307,15342,0
7479,0,24018,-18930,-17528,1927,-30520,1
7480,0,37023,-35104,-62081,-42305,28519,0
7481,0,-55341,-57080,58613,65535,35937,-1
7482,0,48627,13263,43006,-34617,36636,0
7483,0,1878,-38638,36858,37532,9368,1
7484,0,63397,-42925,-674,61977,-44951,0
7485,0,16258,1906,31751,-1112,16332,-1
7486,0,30468,63164,-2384,37471,59278,0
7487,0,-13431,55065,12225,-41645,38449,0
7488,0,45601,-9240,19557,34436,31289,1
7489,0,-30123,-5993,-5977,-30589,2765,0
7490,0,12796,-23467,37585,19915,17828,0
7491,0,19871,-30983,23827,36439,5197,0
7492,0,-61976,-17362,54649,62381,-15847,0
7493,0,-60426,-6626,19895,-29563,-53115,0
7494,0,50561,27575,-27173,39988,-41446,0
7495,0,-41572,-16047,5219,-36306,-25839,0
7496,0,41398,-16609,-26712,-4064,-44420,0
7497,0,64452,-33606,-16466,21540,-65536,0
7498,0,-2460,-26491,30591,26090,-5207,1
7499,0,8837,-51187,11238,33847,-39402,-1
7500,0,-23138,-51172,37721,55179,-10451,-1
7501,0,598,54969,-34493,54732,-5138,0
7502,0,15290,58870,26539,-51767,31932,0
7503,0,64392,42195,55252,-65536,-6696,0
7504,0,-64256,-1914,-37282,11928,63169,0
7505,0,64122,-17653,17791,55478,36680,0
7506,0,-50363,1189,-38883,15690,47872,0
7507,0,-4388,42185,62672,-1426,-42389,0
7508,0,-57436,574,44600,30374,-48751,0
7509,0,-47029,-29117,-62796,42810,35026,0
7510,0,30919,-53753,-18312,-21602,-58127,0
7511,0,-64390,33818,-7006,-49646,53151,0
7512,0,18910,381,-1676,18880,-1138,0
7513,0,45425,56908,20231,-21250,65535,0
7514,0,65002,-8186,33357,6348,65207,0
7515,0,-6013,-60287,-55414,-22800,56132,0
7516,0,-54321,-38292,-36767,-27241,60622,0
7517,0,-28840,-60785,17239,25168,-62395,-1
7518,0,-32597,34584,31258,-36852,-30010,1
7519,0,6119,60548,-26859,59845,11049,0
7520,0,44441,-49740,6652,57794,-33301,0
7521,0,39176,-60595,-18253,-21397,-65536,0
7522,0,-64579,-61531,45309,65535,-18454,0
7523,0,-58284,63262,38450,-45252,-65536,0
7524,0,46064,16089,-44412,-10749,-47594,0
7525,0,38497,-60969,38605,47967,53838,0
7526,0,-31167,-13493,-62167,28592,18329,0
7527,0,52946,21605,45356,-47835,31335,0
7528,0,10372,-36032,62823,-5611,37073,1
7529,0,57131,-32171,15767,63640,15776,0
7530,0,54726,-1744,-1051,54569,-4498,0
7531,0,60043,-56535,467,61292,-55178,1
7532,0,-51685,54541,-28086,41669,62528,0
7533,0,1832,27639,4596,-4252,27371,0
7534,0,-34098,23011,-28068,14811,38377,0
7535,0,50174,-28596,-2149,46966,-33605,1
7536,0,58890,-32838,38466,15734,65535,0
7537,0,32732,-5991,34737,2880,33151,0
7538,0,-29847,19647,31625,-21252,-28727,0
7539,0,-21568,5550,-39508,12111,18690,0
7540,0,-53170,-31089,-55998,33984,51368,0
7541,0,18661,-60698,-26359,-52213,-36142,1
7542,0,27735,-58304,-30977,-55712,-32631,1
7543,0,39536,-53135,25280,63637,18351,0
7544,0,38338,-17212,-88,38266,-17373,0
7545,0,50564,-22266,-41661,-41182,-36831,0
7546,0,-1747,-28970,-56539,-10524,27047,0
7547,0,25729,-63779,56521,3349,65535,0
7548,0,50486,31182,36578,-39835,43982,-1
7549,0,-64974,-23272,-6008,-65536,-3860,0
7550,0,-54554,-45824,-54385,23599,65535,0
7551,0,39785,63520,43654,-65536,2826,0
7552,0,50305,51011,-50604,-4487,-65536,1
7553,0,16049,-14130,-25288,-7599,-19987,0
7554,0,44413,46655,14323,4774,64237,0
7555,0,-45436,-18094,-57845,35861,33254,0
7556,0,17523,-11831,-19873,513,-21137,0
7557,0,-37847,-15364,-3919,-40051,-8025,0
7558,0,-16373,-19450,-41733,-10859,22988,1
7559,0,-10754,26125,-59953,17280,-22351,0
7560,0,-50826,31997,10986,-60022,2117,1
7561,0,-51921,-9041,-14327,-45882,25930,0
7562,0,20772,-45218,62530,-14063,47732,0
7563,0,-56159,55130,28115,-65536,-42572,0
7564,0,8989,18070,-1100,9929,17571,1
7565,0,24664,44039,-11072,43563,25496,0
7566,0,45074,-9616,57630,-38319,25609,-1
7567,0,-60336,-2129,36226,12056,-59158,0
7568,0,-2135,10185,9285,-6312,8274,0
7569,0,4846,39087,65374,-5148,-39048,-1
7570,0,-23731,-16527,14998,-6973,-28066,0
7571,0,-44678,51682,60335,30545,-61108,0
7572,0,20915,49126,-21549,52905,7204,-1
7573,0,-5533,-35163,62015,11360,33734,-1
7574,0,-33420,-23690,34055,25705,-31897,1
7575,0,-60195,-9448,37821,23610,-56171,0
7576,0,59755,-21418,-33267,-22839,-59226,-1
7577,0,19883,-57621,-64562,-22552,56630,0
7578,0,49263,-42188,21716,61300,21191,0
7579,0,-3012,-10538,31104,10265,-3843,0
7580,0,-20946,-27733,-33328,-27161,21682,0
7581,0,-54938,18847,-55240,57311,9429,0
7582,0,-47227,42572,4875,-55801,30479,0
7583,0,37823,-8278,-17399,19282,-33576,0
7584,0,10037,-26016,-3479,5580,-27321,-1
7585,0,-60337,54513,3467,-65536,43780,0
7586,0,-52427,32345,35249,-25897,-55894,1
7587,0,-38021,25896,47377,4702,-45761,0
7588,0,-52868,38058,2935,-57683,30269,0
7589,0,11150,21769,-22726,24457,197,0
7590,0,2591,-23827,19456,20681,-12113,0
7591,0,33147,-64566,-22465,-41136,-59794,0
7592,0,1698,14652,-9271,7833,12499,0
7593,0,-17360,-15536,31769,14687,-18084,0
7594,0,48422,-40859,38976,24863,58275,-1
7595,0,-49248,-38327,-30502,-43442,44801,-1
7596,0,19727,-34897,36408,30942,25486,0
7597,0,20828,-37845,-1788,17512,-39489,0
7598,0,50382,64262,56968,-65536,-38800,0
7599,0,45591,42739,20027,-8866,61859,0
7600,0,-59995,-17534,23547,-9817,-61729,0
7601,0,58482,37004,27178,-20199,65535,0
7602,0,-7987,28201,1404,-9865,27600,0
7603,0,-60429,-7499,-45523,28548,53786,0
7604,0,-21546,59251,-28296,53311,33659,0
7605,0,-28046,22441,6028,-33278,13519,0
7606,0,30348,-8506,-41327,-19906,-24436,0
7607,0,24277,-14248,17157,26960,8096,0
7608,0,22335,20874,-48110,493,-30567,1
7609,0,47919,-58877,-43720,-65536,-11954,0
7610,0,-64874,-41062,-6891,-65536,-17801,0
7611,0,29028,-56380,-52655,-56311,29163,0
7612,0,-45151,-25540,-55241,27666,43881,1
7613,0,22637,-54338,6775,38792,-44275,0
7614,0,-46227,24748,6234,-51465,10041,0
7615,0,-51298,37003,62644,45693,-43736,0
7616,0,-41630,-36625,47432,54855,-8084,0
7617,0,-23250,63963,32059,-64716,-21065,-1
7618,0,-42289,-42357,13959,-6894,-59456,0
7619,0,56787,-43999,-53243,-65536,5018,0
7620,0,55353,46615,54774,-65536,-13240,1
7621,0,-26418,29950,-62423,30577,-25689,0
7622,0,64372,-13356,-65480,-64408,13184,0
7623,0,27374,-43528,-57173,-42191,29394,0
7624,0,17281,-27041,8594,26662,-17859,0
7625,0,-56009,63680,59711,36287,-65536,0
7626,0,43066,59318,-27385,65535,-26504,0
7627,0,43327,63932,-31767,65535,-40210,0
7628,0,-51342,21151,50832,25404,-49376,-1
7629,0,-16878,-43025,-2700,-22289,-40487,0
7630,0,3944,12777,58201,-8103,-10637,0
7631,0,56769,-26420,42233,-1137,62606,0
7632,0,-1805,-58952,-46181,-46098,36791,0
7633,0,39294,-27661,14083,47962,2963,1
7634,0,57228,-59303,-62645,-64870,50830,0
7635,0,35424,28904,3955,29343,35062,0
7636,0,-53605,-13,-19294,-32276,42799,0
7637,0,1178,-2110,57981,-354,2391,0
7638,0,14417,-58555,-45720,-56013,22339,0
7639,0,44138,-6984,18115,33846,29178,-1
7640,0,51029,61863,41512,-65536,21434,0
7641,0,53711,-26798,61218,-47056,37265,0
7642,0,-52559,-17537,3002,-49501,-24894,0
7643,0,44712,-64498,-63934,-49529,60878,0
7644,0,48657,-10304,-25192,7652,-49144,0
7645,0,52061,33314,-55568,-30909,-53524,0
7646,0,14085,13777,22451,-5440,18937,0
7647,0,23529,17745,-28839,21837,-19790,0
7648,0,-26501,-49292,6654,-9706,-55116,0
7649,0,49247,11232,56826,-49571,9702,0
7650,0,64669,21124,-64035,-62984,-25717,1
7651,0,57541,58432,-33617,56044,-59870,0
7652,0,63422,28211,-49581,-26226,-64268,0
7653,0,-28889,-10993,-65219,28718,11432,-1
7654,0,30565,28736,62663,-34221,-24268,0
7655,0,-23423,-59253,-25094,-63712,548,0
7656,0,24597,-6648,-61102,-25446,1309,0
7657,0,58881,-60654,-4135,45783,-65536,0
7658,0,14722,-32690,8070,25968,-24719,0
7659,0,-43246,-12217,10804,-31525,-32025,-1
7660,0,48792,24115,-58198,-37497,-39449,1
7661,0,3375,3574,37142,-4198,2557,0
7662,0,18747,-7084,20571,16255,11723,0
7663,0,27955,7369,55501,-28192,6402,0
7664,0,22989,51584,18602,-25700,50288,0
7665,0,49464,26988,56287,-56259,-3159,0
7666,0,357,3819,-62760,153,-3833,0
7667,0,-10184,14202,-24350,9062,14943,0
7668,0,29810,-36816,47729,8154,46664,0
7669,0,-23194,38768,35598,-35276,-28223,1
7670,0,-64340,57156,19144,-65536,-16368,0
7671,0,-34339,-22805,-24054,-34776,22134,-1
7672,0,62210,52838,35067,-59358,56023,1
7673,0,6239,-54871,-30571,-53911,-11972,0
7674,0,-25249,-62529,-15527,-60934,-28887,0
7675,0,46211,13789,-60365,-41415,-24706,0
7676,0,-7185,-23421,48409,22037,10702,0
7677,0,32267,15050,9378,22521,27576,0
7678,0,-52558,-8134,-14742,-45253,27940,0
7679,0,36399,-820,40466,-12364,34245,0
7680,0,7961,-61001,59887,8645,60908,-1
7681,0,-44369,-9884,59335,45318,-3545,0
7682,0,-58156,-27708,-36198,-17815,61907,0
7683,0,36066,65102,-36753,57070,-47771,0
7684,0,36630,18925,25257,-4807,40949,0
7685,0,26987,-8692,-54203,-27595,-6510,0
7686,0,23967,29459,29371,-25184,28426,0
7687,0,61771,-18667,35167,11455,63505,0
7688,0,-34317,22865,-21634,2226,41177,0
7689,0,-29258,-31998,39463,39594,-17670,0
7690,0,-58482,-9982,-25871,-28426,52074,0
7691,0,-16506,17942,14007,-24085,3778,0
7692,0,65225,1467,30967,4162,65109,0
7693,0,7751,36789,-34931,35789,-11518,1
7694,0,46955,-20556,22791,39861,32225,0
7695,0,849,56516,-62406,7607,-56008,1
7696,0,29939,-21847,58636,-21222,30385,-1
7697,0,31468,21930,47482,-37098,9743,0
7698,0,26942,55050,46035,-60290,-11025,-1
7699,0,22777,-54964,21446,58830,-8882,-1
7700,0,-32295,-53495,40183,61390,-11659,0
7701,0,42707,-28452,34847,24060,45327,-1
7702,0,-15003,59526,-11586,18640,58489,0
7703,0,-7895,-39651,27162,36131,-18140,0
7704,0,21162,47048,53003,-44053,-26846,0
7705,0,25164,-65038,45420,39096,57747,0
7706,0,5255,29841,7305,-5302,29833,-1
7707,0,36327,50906,-14519,60516,15775,0
7708,0,3005,-16181,-32169,-16088,-3468,0
7709,0,-38472,17348,-41340,31271,28340,0
7710,0,41201,11693,-58060,-34482,-25402,0
7711,0,55584,-35996,32959,35487,55911,0
7712,0,-23237,-49458,39457,54261,-6465,0
7713,0,15957,2295,-55491,-13080,-9424,0
7714,0,55423,42787,48301,-65536,11758,-1
7715,0,58212,57102,62251,-65536,-47267,0
7716,0,-32506,27343,57788,20367,-37276,-1
7717,0,-20364,46431,32367,-46814,-19467,1
7718,0,-62003,55047,26575,-65536,-43187,0
7719,0,64555,40836,-62753,-58548,-49061,-1
7720,0,6315,1438,-14829,5724,-3031,1
7721,0,-56104,16249,10900,-56727,-13918,0
7722,0,42772,18084,-16138,43235,-16948,0
7723,0,7380,-43722,42959,35144,27037,0
7724,0,-14924,12990,-54715,19401,-3882,0
7725,0,43648,-2645,-64702,-43719,897,-1
7726,0,18692,-23132,6741,25071,-15998,-1
7727,0,45086,-19420,-13014,25250,-42099,-1
7728,0,13630,1350,-791,13671,832,0
7729,0,29364,-23850,37196,17129,33729,0
7730,0,41403,1772,53357,-35521,21344,0
7731,0,9977,-34063,11461,26297,-23840,0
7732,0,8791,-37397,42507,29438,24683,0
7733,0,27195,-27659,14736,38641,-3387,-1
7734,0,41842,59158,-47998,16173,-65536,1
7735,0,54751,34519,-55995,-33881,-55148,0
7736,0,-36393,-15371,38852,25186,-30437,0
7737,0,46712,47321,43191,-63916,18330,0
7738,0,63639,36018,12340,32741,65385,0
7739,0,65071,-53456,-58785,-65536,29990,0
7740,0,-9385,40457,18971,-37690,17444,0
7741,0,53923,53806,25541,-32301,65535,0
7742,0,-37525,-1873,-9422,-34579,14693,0
7743,0,1055,-31373,40926,28602,12935,0
7744,0,52742,-1686,-760,52646,-3604,-1
7745,0,-23041,13292,-17976,-4916,26142,-1
7746,0,64687,-21096,-56981,-65536,-6446,-1
7747,0,-30441,-9587,26425,32,-31915,1
7748,0,16405,46223,15478,-19141,45159,0
7749,0,-60136,-48466,62741,65535,39998,0
7750,0,3263,57445,13846,-32819,47260,0
7751,0,38601,43675,153,38281,43956,0
7752,0,1470,52621,-41896,47040,-23630,1
7753,0,51065,51913,30569,-46251,56244,0
7754,0,44813,46117,-31378,48998,-41644,0
7755,0,15710,-21530,21600,26532,2529,0
7756,0,20306,1315,17180,12836,15789,0
7757,0,-51893,-3730,52501,44270,-27331,0
7758,0,-17696,42987,-2798,-11789,44967,0
7759,0,-40367,59974,27660,-65536,-24625,0
7760,0,41694,7392,-30323,12217,-40544,0
7761,0,-54433,37773,17007,-64819,-13722,0
7762,0,-4065,10962,1021,-4597,10750,-1
7763,0,-7420,28135,-10345,6862,28277,0
7764,0,19360,-29213,44753,14002,32127,0
7765,0,18725,26368,54540,-29447,-13370,0
7766,0,-8776,-34898,-40204,-29642,20402,-1
7767,0,65038,54985,39461,-65536,44381,1
7768,0,-1079,58990,-39371,56395,-17337,0
7769,0,9200,51464,-1740,13455,50519,0
7770,0,56759,-22317,-37755,-35122,-49861,0
7771,0,8702,-47024,55087,14947,45427,-1
7772,0,-36424,8047,-24441,-6743,36688,-1
7773,0,-31705,52318,15690,-58896,16543,0
7774,0,-5023,-33072,-58602,-6043,32901,0
7775,0,4120,-44608,-23180,-38151,-23480,0
7776,0,49514,-11563,34780,6741,50397,0
7777,0,-7116,-22580,-31609,-22940,5851,0
7778,0,49572,-37493,-33953,-40246,-47364,0
7779,0,-36878,-39925,15976,1093,-54340,0
7780,0,-5562,44702,59083,-8311,-44273,0
7781,0,-63576,19128,56909,50530,-43064,0
7782,0,46853,-24104,-13073,23813,-47001,0
7783,0,53583,-8274,30829,13213,52583,0
7784,0,9710,36674,-22464,36894,8839,-1
7785,0,-4267,-30502,27376,28398,-11921,0
7786,0,42619,-38662,-3,42613,-38669,0
7787,0,-13904,-819,6131,-13070,-4812,0
7788,0,63039,-63506,28367,65535,48342,0
7789,0,-50390,-24727,-28263,-34951,43920,-1
7790,0,56505,-48810,61415,-45825,58952,0
7791,0,34998,54753,54815,-57393,-30476,0
7792,0,47676,-55644,-13848,3266,-65536,0
7793,0,20923,-16419,4369,23879,-11710,0
7794,0,-54585,-52988,4524,-41903,-63493,-1
7795,0,25087,-29386,-48961,-38545,2687,0
7796,0,58235,10509,-30862,15780,-57033,0
7797,0,-36617,-32452,56577,46804,14258,0
7798,0,25018,-28339,59243,-15469,34492,0
7799,0,33116,32132,-56958,-17511,-42691,0
7800,0,-42696,-64649,62562,51449,57926,0
7801,0,-60431,-12156,23108,-16119,-59497,0
7802,0,59468,-63784,-19112,-14390,-65536,0
7803,0,6140,55142,-37180,52624,-17580,0
7804,0,-33216,46452,7199,-46972,32477,0
7805,0,57340,40539,-58978,-41996,-56282,0
7806,0,-39967,49985,1823,-44179,46305,-1
7807,0,-49369,-26706,-14922,-54783,12220,0
7808,0,-8561,-1447,-42528,2569,8294,0
7809,0,29587,-25523,-48654,-38889,-3803,0
7810,0,12419,61459,-5739,28647,55775,0
7811,0,11180,-58951,59329,6595,59638,0
7812,0,16094,-52237,4741,27450,-47267,0
7813,0,8093,1438,-8092,8036,-1730,0
7814,0,13365,34268,-8033,25259,26737,1
7815,0,53251,6677,19287,26738,46533,1
7816,0,-26676,-64691,63606,32540,61949,0
7817,0,59611,-20697,-12709,37043,-51085,0
7818,0,58518,13904,16657,30875,51618,0
7819,0,48833,12013,-41060,-7828,-49676,0
7820,0,18524,14965,-40547,7188,-22703,0
7821,0,-454,75,28129,-173,-426,0
7822,0,-13000,-6968,29808,5060,-13855,0
7823,0,-2788,-49577,54736,26957,41701,-1
7824,0,-9269,6212,19350,-10530,-3691,0
7825,0,-11355,-12241,45621,16552,-2193,0
7826,0,-53722,12786,39088,3823,-55090,1
7827,0,23148,12988,-4973,25560,7155,0
7828,0,-37078,-9847,-45425,13052,36075,0
7829,0,-60737,20429,-40233,40408,49734,0
7830,0,-58158,7122,-32278,5756,58309,1
7831,0,25931,-58275,-41868,-63774,1121,0
7832,0,-3731,-42784,-13560,-28864,-31800,0
7833,0,1209,7970,-22441,7588,2723,-1
7834,0,-1506,-18668,12605,9366,-16218,0
7835,0,-38475,-5105,-28967,-11991,36913,1
7836,0,40642,-5374,-26727,6455,-40484,0
7837,0,28579,-59067,12797,57372,-31845,0
7838,0,-38658,43881,20261,-58041,-7156,0
7839,0,58396,-25109,-14900,27676,-57224,0
7840,0,-26730,42601,35488,-38764,-32042,0
7841,0,150,-61682,52944,34889,50867,0
7842,0,20726,-8766,-33828,-9807,-20254,0
7843,0,21520,-41330,57434,-4265,46401,0
7844,0,17949,34622,-14227,35758,15563,1
7845,0,-52071,26101,-18237,-13389,56687,0
7846,0,-55626,-35702,45824,61520,-24170,1
7847,0,-4334,-26493,-135,-4505,-26464,0
7848,0,13356,33624,-47628,16718,-32085,0
7849,0,-17108,53404,-4086,-6388,55712,0
7850,0,-11508,-46472,-30159,-47545,5621,0
7851,0,50900,24053,-830,51816,22011,-1
7852,0,-28465,-21098,22027,4346,-35164,0
7853,0,21587,23814,-37933,17797,-26765,0
7854,0,23602,-16420,-64177,-24621,14849,0
7855,0,-30496,33823,52061,3991,-45366,0
7856,0,-2706,-34758,51969,23199,26024,0
7857,0,-63443,-53656,50229,65535,-2638,0
7858,0,-47486,31129,-42811,49580,27673,1
7859,0,22454,42566,17855,-17424,44861,1
7860,0,37955,-3631,-18977,20438,-32188,0
7861,0,-64543,39889,-17025,-15157,65535,0
7862,0,37927,-15315,-50410,-38543,-13691,0
7863,0,12207,45615,-28862,47090,-3502,0
7864,0,-31789,24348,-39876,33572,21824,0
7865,0,-35440,52722,61016,23278,-59108,-1
7866,0,-63483,-51246,51761,65535,1532,1
7867,0,-33087,-62025,26601,49696,-49721,0
7868,0,-59665,53923,-55942,65535,-21836,0
7869,0,7720,34274,-28191,35133,-75,0
7870,0,5069,26710,-44970,19470,-18974,0
7871,0,-55875,49972,-10071,-26288,65535,1
7872,0,23678,14979,50789,-27733,3989,0
7873,0,-51094,-53847,-48852,-3012,65535,0
7874,0,57204,-29392,-65470,-57297,29212,0
7875,0,-18200,11518,4581,-20272,7277,0
7876,0,-40293,-12816,21268,-10187,-41037,0
7877,0,-47456,-57067,-6300,-62283,-40368,0
7878,0,30719,-17134,47334,-6624,34545,0
7879,0,46966,-49195,51656,-6577,65535,0
7880,0,-30472,-29448,5641,-21499,-36518,0
7881,0,-23669,501,-52561,19528,13384,0
7882,0,-43236,-18871,60620,46447,8256,-1
7883,0,-25457,-63107,-36863,-56931,37276,0
7884,0,-7324,-59735,-23368,-56962,-19424,-1
7885,0,-26863,36699,46290,-13036,-43572,0
7886,0,18010,2870,29315,137,18237,0
7887,0,7698,-15619,-48737,-16596,5272,0
7888,0,-31185,8241,4684,-32237,1091,0
7889,0,52837,43855,-20642,65535,-20079,0
7890,0,44335,27740,20415,1728,52270,0
7891,0,-10092,-32776,-31352,-33385,7845,0
7892,0,-13090,31660,-61335,19158,-28402,0
7893,0,-22187,-41971,-57241,4204,47288,0
7894,0,-45019,2124,-52742,38036,24176,0
7895,0,57309,-43924,-43887,-65536,-27040,0
7896,0,-50686,-804,-710,-50684,921,0
7897,0,43914,-31905,-54773,-53938,6088,0
7898,0,65162,-4309,11111,58323,29378,0
7899,0,23414,55463,-11097,48311,35922,0
7900,0,-1462,36991,33951,-36849,-3557,0
7901,0,-44076,-28627,-32806,-28547,44128,0
7902,0,-15525,24670,53875,78,-29148,0
7903,0,-1607,54167,-9723,22906,49112,0
7904,0,6236,-57071,-33298,-57211,-4784,0
7905,0,-29109,12223,32028,-13248,-28657,0
7906,0,62876,-65256,48373,5065,65535,0
7907,0,42327,57918,12980,636,65535,0
7908,0,-38188,-18542,63919,39510,15528,0
7909,0,-53716,-40768,-17918,-65536,14040,0
7910,0,-59182,43759,-58030,65535,-20120,0
7911,0,-31423,45949,36033,-40490,-38200,1
7912,0,-24363,-12725,16819,-7681,-26391,1
7913,0,40036,53079,-41566,32041,-58255,-1
7914,0,-10394,-63881,-47303,-42321,48967,0
7915,0,23875,4918,-9576,23583,-6170,0
7916,0,-62888,-45543,-64618,60823,48267,-1
7917,0,-64111,51919,60394,49505,-65536,0
7918,0,44183,39341,8779,24255,53959,-1
7919,0,-11916,-51807,29459,49274,-19950,0
7920,0,-33688,57440,26789,-64621,-16073,0
7921,0,54633,-44225,57815,-34937,60992,0
7922,0,54671,-16721,10177,56131,10856,0
7923,0,17607,-52444,64080,-13907,53544,0
7924,0,21853,1761,7157,19987,9009,0
7925,0,40703,-28762,-21757,-4347,-49650,0
7926,0,41712,15779,-47932,-15931,-41654,0
7927,0,35406,25957,12575,14448,41456,0
7928,0,-23136,-21849,41160,29163,-12734,-1
7929,0,44700,-45918,-19828,-11381,-63064,0
7930,0,33682,-43844,21377,54960,6014,1
7931,0,13838,-766,-39423,-5068,-12899,1
7932,0,19252,10585,-42276,1031,-21946,0
7933,0,-30738,49960,-26916,39497,43369,0
7934,0,-26310,-11704,-58052,20525,20197,0
7935,0,54051,-32400,-29008,-22186,-58983,0
7936,0,-21073,-20983,-2055,-23035,-18808,0
7937,0,4026,-6151,32373,6226,3909,0
7938,0,-55439,51329,-33995,54498,52327,0
7939,0,-20380,-18447,34325,19915,-18948,1
7940,0,1710,57721,-5572,16885,55223,0
7941,0,-34738,-49452,29827,44080,-41342,0
7942,0,47310,-46534,42855,19205,63521,0
7943,0,61418,7999,-54560,-49093,-37763,0
7944,0,-57506,-17316,-19801,-47566,36665,-1
7945,0,-4327,57104,-34679,57260,-916,0
7946,0,20798,14801,-16246,25200,-4074,0
7947,0,3316,25313,-49510,15205,-20508,0
7948,0,-9461,-4067,56788,10297,-138,0
7949,0,-53726,-26327,-20618,-51539,30386,0
7950,0,14557,-56211,-55639,-38629,43353,0
7951,0,-1597,36000,15887,-25998,24953,0
7952,0,43258,-32618,60618,-34443,41820,0
7953,0,-25624,-22575,1919,-23442,-24833,0
7954,0,48236,-45115,-39053,-57397,-32675,0
7955,0,39265,32942,38,39205,33013,0
7956,0,-26254,18164,63331,24191,-20833,1
7957,0,-49353,-5558,2876,-48121,-12289,-1
7958,0,-20399,-63760,-52057,-22104,63189,0
7959,0,40792,-59986,-7093,18451,-65536,0
7960,0,21977,59049,-18633,59782,19896,0
7961,0,58914,-1115,25313,21653,54802,0
7962,0,-1895,-575,-64382,1860,679,0
7963,0,-8016,-35013,22289,26828,-23883,0
7964,0,-40352,59403,-62153,49414,-52108,0
7965,0,-56602,-33110,-14676,-64582,11366,-1
7966,0,39755,-47534,-26493,-33621,-52053,0
7967,0,-53445,59413,-5053,-37634,65535,0
7968,0,47370,-41001,10997,61566,-11604,0
7969,0,46805,52684,-40916,30895,-63339,0
7970,0,12363,25871,-49906,8569,-27363,0
7971,0,4258,8717,37796,-9481,2054,1
7972,0,-56067,-65465,41631,65535,-24095,-1
7973,0,42567,18305,44052,-37611,27064,-1
7974,0,2733,-39778,16992,30810,-25308,0
7975,0,16877,-52475,-37311,-54882,-5142,-1
7976,0,1328,-17923,-58156,-7455,16353,1
7977,0,-61047,-2694,-42225,24314,56061,0
7978,0,-20590,65357,8602,-45059,51626,-1
7979,0,42974,26048,292,42605,26648,-1
7980,0,-31351,-8429,-58965,27197,17728,0
7981,0,30485,15151,-9567,34042,89,0
7982,0,-45978,52693,57007,21240,-65536,0
7983,0,27040,-34422,13062,42083,-12046,0
7984,0,56401,16825,45667,-46404,36205,0
7985,0,-1618,-14429,-36178,-13973,3944,0
7986,0,48380,-59420,26487,65535,28581,0
7987,0,29525,30289,-44692,9503,-41217,-1
7988,0,-25005,1373,31360,-3056,-24855,-1
7989,0,3638,934,7567,3070,2164,0
7990,0,-40498,11556,-44700,31639,27796,0
7991,0,44891,-59688,62369,-35350,65535,-1
7992,0,15817,36384,62941,-20209,-34140,0
7993,0,23211,-54799,60559,-9604,58732,0
7994,0,8890,46193,11871,-17402,43704,0
7995,0,30449,-3643,-42998,-17554,-25145,-1
7996,0,-39378,62858,-24068,41518,61466,-1
7997,0,62601,-21202,-31320,-16809,-63921,0
7998,0,20204,2300,-4290,20248,-1874,0
7999,0,-8551,-27034,14735,11042,-26116,0
8000,0,7155,-20958,-51291,-18776,11743,0
8001,0,28870,-62093,30400,64964,21649,0
8002,0,-59934,64603,-26699,44698,65535,0
8003,0,24668,5468,-62198,-23481,-9329,0
8004,0,-4074,30188,-46919,26061,-15772,0
8005,0,29848,59303,21818,-36362,55548,0
8006,0,-27285,-38876,49209,46760,8325,-1
8007,0,-31078,43720,-61585,38753,-37088,0
8008,0,-51104,60259,-50221,65535,-10500,0
8009,0,-27787,-48772,49737,53698,16350,0
8010,0,52403,30517,24487,-7885,60127,0
8011,0,16137,28659,-58602,-5902,-32356,0
8012,0,-19664,-62096,17207,32263,-56584,-1
8013,0,44712,-44417,39664,27500,56708,0
8014,0,-14259,13345,-40602,17645,8371,0
8015,0,-53597,-44417,7686,-34002,-60740,0
8016,0,43124,-11684,-3993,40114,-19674,0
8017,0,-3649,-63075,-30696,-63126,-2623,0
8018,0,38705,-56828,6273,53802,-42812,-1
8019,0,-29205,-36155,-13284,-44980,-11703,0
8020,0,17812,53843,34988,-55430,11993,0
8021,0,-46859,-57867,-3751,-56452,-48554,0
8022,0,-1688,20732,41305,-18348,-9798,1
8023,0,-54068,-30915,-57287,37988,49356,0
8024,0,7222,50859,-28907,51320,2262,-1
8025,0,46328,41218,4135,37303,49535,0
8026,0,32859,969,-11726,28319,-16693,0
8027,0,24636,-32652,42215,18582,36439,1
8028,0,-25386,-37732,30559,34837,-29233,0
8029,0,-32791,10229,-41049,22111,26287,0
8030,0,-13945,9160,26835,-12705,-10815,-1
8031,0,61690,-1364,-4264,60129,-13856,0
8032,0,-30750,57040,15078,-60792,22438,0
8033,0,-61802,1990,53270,50319,-35937,0
8034,0,42769,28005,39400,-39971,31870,-1
8035,0,27474,42268,26670,-32558,38489,0
8036,0,44948,-57198,39177,40928,60140,1
8037,0,59506,38092,49615,-65536,13609,0
8038,0,-60818,-61137,-34452,-56035,65535,-1
8039,0,-16340,46890,15262,-43485,23974,0
8040,0,16453,-18708,51290,-958,24895,-1
8041,0,16335,12564,35877,-14850,14288,0
8042,0,55546,54498,-42604,23321,-65536,0
8043,0,-34078,59711,37837,-49756,-47445,0
8044,0,-52663,-21385,57026,56825,-1262,0
8045,0,8981,-41918,50,9083,-41896,-1
8046,0,-39854,-15109,11527,-25994,-33778,1
8047,0,4676,-30308,-61150,-10898,28665,0
8048,0,14511,-10693,7671,17385,-4762,0
8049,0,-1711,-18250,-3755,-4950,-17649,0
8050,0,-63658,-50989,13707,-19260,-65536,0
8051,0,-36247,23167,-59869,41134,-12590,-1
8052,0,46552,-37908,35076,32535,50454,-1
8053,0,-35504,-31457,-21698,-45099,14702,1
8054,0,23625,-39104,26778,44194,11584,0
8055,0,28056,-8353,20703,22331,18927,0
8056,0,-10330,17237,-20900,8957,17989,1
8057,0,-47947,-62180,-51087,-2808,65535,0
8058,0,51713,-60639,27993,65535,36603,0
8059,0,37356,59408,-61679,-25799,-65263,0
8060,0,-45789,-7301,-1392,-46174,-4231,0
8061,0,-31191,-9337,55836,32066,-5641,0
8062,0,-36768,62561,64914,34887,-63629,0
8063,0,30619,20392,40339,-29934,21386,1
8064,0,36216,62198,-28861,65535,-24000,0
8065,0,-30498,39224,-42915,48931,8626,0
8066,0,-14927,-50470,-56505,-7622,52076,1
8067,0,12767,-25404,-10764,-1429,-28396,0
8068,0,65232,46556,13052,25612,65535,0
8069,0,60976,48844,25279,-24307,65535,0
8070,0,38835,9758,48370,-33566,21833,0
8071,0,-42372,51614,47767,-10930,-65536,0
8072,0,59036,25458,-39791,4527,-64132,0
8073,0,53432,56098,-34206,52285,-57169,0
8074,0,-572,31593,22526,-28131,14391,0
8075,0,64432,-27728,-6614,52577,-46433,0
8076,0,-61284,25901,36791,-13674,-65112,0
8077,0,17892,41375,-49505,15894,-42183,0
8078,0,50865,62001,-52977,-6810,-65536,0
8079,0,35302,-23211,43220,3401,42112,0
8080,0,5860,-61813,33591,61534,8294,0
8081,0,3822,15054,47124,-14055,-6610,0
8082,0,47133,20928,16925,17275,48591,0
8083,0,-43633,15718,-4889,-38790,25420,0
8084,0,8176,-65022,-59,7991,-65045,0
8085,0,-53221,-52915,-64917,51627,54472,0
8086,0,41235,57022,-50184,7712,-65536,1
8087,0,-38757,-43683,27113,31710,-49039,0
8088,0,-4774,19440,26265,-19967,1418,0
8089,0,19743,20338,13555,3414,28138,0
8090,0,51801,33602,-49456,-13745,-60196,-1
8091,0,-50575,41450,-7863,-31768,57156,0
8092,0,-24811,-25450,-23365,-33717,11246,0
8093,0,50277,-8244,-17028,28429,-42279,1
8094,0,-8373,22904,-1977,-6169,23593,-1
8095,0,-33677,57143,60727,19731,-63326,0
8096,0,-25308,-60791,-21487,-65146,-9598,0
8097,0,28721,44103,-30638,46801,-24075,0
8098,0,-12355,37112,43404,-26361,-28897,0
8099,0,6615,65203,-29553,65446,3472,0
8100,0,19321,25724,17056,-5552,31690,0
8101,0,24679,10495,31377,-8827,25323,0
8102,0,-1149,34423,-19602,27114,21239,0
8103,0,-52192,-44241,33470,45972,-50674,0
8104,0,-20022,-56807,-35094,-54226,26220,0
8105,0,-23606,8555,24704,-16823,-18639,0
8106,0,3333,-57500,-30707,-56891,-8987,1
8107,0,-46528,-33488,45562,54165,-18772,0
8108,0,-61933,61964,-25914,38666,65535,0
8109,0,55859,-24366,60064,-47630,38017,0
8110,0,19020,-21943,-5087,13159,-25886,0
8111,0,58406,-18235,26625,34400,50601,-1
8112,0,17126,-17697,-43013,-23682,-6756,0
8113,0,36551,52986,58987,-51126,-39110,0
8114,0,45171,52335,55954,-63691,-26886,-1
8115,0,-17645,-57178,-38199,-50709,31769,0
8116,0,1848,31050,56331,-14932,-27287,0
8117,0,62646,-23945,-55298,-65536,-8408,0
8118,0,52493,-13508,-48568,-45880,-28861,1
8119,0,-24053,17422,62894,21660,-20321,0
8120,0,-24386,62201,-50920,58743,-31827,0
8121,0,14216,-337,-57464,-13292,-5052,0
8122,0,10878,41812,-26432,43152,2125,0
8123,0,-50727,-22990,-20775,-46878,30070,0
8124,0,-45287,33215,-15697,-10361,55198,0
8125,0,-35240,-32673,-6900,-43941,-19458,-1
8126,0,28658,44998,-4071,36839,38588,-1
8127,0,56853,34163,-20095,60504,-27178,0
8128,0,11464,-27163,30318,28319,8202,0
8129,0,63286,-48174,-20274,-4112,-65536,0
8130,0,24744,-54422,45600,30166,51614,-1
8131,0,-41380,-36692,-54066,16107,52907,0
8132,0,-16193,-45979,-62532,9428,47827,1
8133,0,-47999,-23141,39781,37679,-37678,0
8134,0,-48557,21898,17022,-49219,-20366,0
8135,0,38283,-18085,-4190,33905,-25359,0
8136,0,33516,-7070,30584,10534,32594,0
8137,0,44169,11970,-29337,19041,-41613,0
8138,0,-11005,-64507,44692,60207,25640,1
8139,0,-10694,-60159,64445,13823,59518,-1
8140,0,17297,12344,36887,-15497,14540,0
8141,0,-9287,-44463,22444,34718,-29289,0
8142,0,43369,-51818,38799,37305,56341,1
8143,0,42321,37991,-9625,54809,15178,0
8144,0,-48237,52563,-15254,-806,65535,-1
8145,0,49346,58383,3483,38956,65535,0
8146,0,21675,-15119,-43124,-23617,-11858,0
8147,0,-62626,39885,30450,-46582,-57818,-1
8148,0,40800,61486,12729,-1797,65535,0
8149,0,-21383,2426,60162,20059,-7793,0
8150,0,30594,32870,-20093,44453,-6353,0
8151,0,-52090,-56062,-58685,31223,65535,0
8152,0,64648,21128,47166,-57453,36399,0
8153,0,-9374,3198,49271,4417,-8865,0
8154,0,-16214,-54225,-547,-17629,-53782,0
8155,0,-3945,-35734,-11144,-21590,-28746,1
8156,0,63713,-13867,-13469,42544,-49413,0
8157,0,-2339,-26724,-47309,-18989,18949,-1
8158,0,-21490,27967,-11128,-4283,35009,0
8159,0,43537,-41780,19641,59402,10606,0
8160,0,-31012,-60226,808,-28657,-61381,0
8161,0,62628,20240,-9856,64978,-10480,0
8162,0,58510,26916,58322,-64170,-5490,0
8163,0,17063,38957,63920,-20027,-37520,0
8164,0,-56248,-13072,-32616,-13483,56151,-1
8165,0,-15471,30761,-2817,-11189,32564,0
8166,0,17817,-25284,55627,-4282,30633,0
8167,0,-40409,12501,-30060,7164,41688,0
8168,0,-5350,48467,11660,-30237,38254,0
8169,0,-38698,62853,37505,-52527,-51855,0
8170,0,26000,11800,3849,23394,16370,0
8171,0,30772,43409,-53499,-2109,-53168,0
8172,0,-56802,-13083,-43782,17313,55659,-1
8173,0,23673,-28712,3329,27935,-24585,0
8174,0,-58290,62399,55195,21591,-65536,0
8175,0,-56894,-5360,38028,19386,-53757,-1
8176,0,-7765,11254,-2734,-6228,12172,0
8177,0,-5140,28472,874,-6328,28232,0
8178,0,-29301,-42100,18554,14244,-49275,0
8179,0,20973,40900,-51220,9690,-44931,1
8180,0,26998,-14786,-33948,-16288,-26119,-1
8181,0,-29007,6770,-12252,-20395,21710,0
8182,0,32942,44930,-35556,40141,-38634,-1
8183,0,44746,55928,-3794,54124,46912,0
8184,0,37923,-32870,16523,50033,3907,0
8185,0,28303,17482,868,27552,18644,0
8186,0,-47503,39694,52599,15589,-59909,0
8187,0,22363,57129,-32717,57183,-22224,0
8188,0,59866,5047,-53944,-48197,-35867,1
8189,0,-10785,-19143,-55640,850,21956,0
8190,0,-8824,-1392,46855,6603,-6017,-1
8191,0,10845,-8124,-28265,-5613,-12333,0
8192,1,32768,19,0,32768,0,12
8193,1,32767,220,0,32768,1,140
8194,1,32765,421,0,32768,0,268
8195,1,32762,622,0,32768,1,395
8196,1,32758,823,0,32769,0,524
8197,1,32752,1024,0,32768,-1,652
8198,1,32745,1225,0,32768,0,780
8199,1,32737,1426,0,32768,0,908
8200,1,32728,1626,0,32769,0,1036
8201,1,32717,1827,0,32768,-1,1164
8202,1,32705,2028,0,32768,0,1292
8203,1,32692,2229,0,32768,0,1420
8204,1,32678,2429,0,32768,1,1548
8205,1,32662,2630,0,32768,0,1676
8206,1,32646,2830,0,32769,1,1803
8207,1,32628,3030,0,32769,0,1932
8208,1,32608,3230,0,32768,1,2059
8209,1,32588,3430,0,32768,0,2188
8210,1,32566,3630,0,32768,1,2315
8211,1,32543,3830,0,32768,0,2444
8212,1,32519,4030,0,32768,0,2572
8213,1,32494,4229,0,32768,0,2700
8214,1,32467,4428,0,32768,-1,2828
8215,1,32440,4628,0,32769,-1,2956
8216,1,32411,4826,0,32769,0,3084
8217,1,32380,5025,0,32768,-1,3212
8218,1,32349,5224,0,32768,1,3340
8219,1,32316,5422,0,32768,-1,3468
8220,1,32282,5620,0,32768,0,3595
8221,1,32247,5818,0,32768,-1,3724
8222,1,32211,6016,0,32768,1,3851
8223,1,32173,6214,0,32768,0,3980
8224,1,32135,6411,0,32768,-1,4109
8225,1,32095,6608,0,32769,0,4236
8226,1,32054,6805,0,32769,-1,4364
8227,1,32011,7001,0,32768,0,4491
8228,1,31968,7198,0,32769,0,4620
8229,1,31923,7394,0,32768,-1,4749
8230,1,31877,7589,0,32768,-1,4876
8231,1,31830,7785,0,32768,-1,5005
8232,1,31781,7980,0,32768,0,5132
8233,1,31732,8175,0,32768,-1,5261
8234,1,31681,8369,0,32768,0,5388
8235,1,31629,8564,0,32768,0,5516
8236,1,31576,8758,0,32768,-1,5645
8237,1,31522,8951,0,32768,0,5772
8238,1,31466,9144,0,32768,1,5899
8239,1,31410,9337,0,32769,0,6028
8240,1,31352,9530,0,32769,-1,6156
8241,1,31293,9722,0,32769,0,6284
8242,1,31232,9914,0,32768,0,6412
8243,1,31171,10105,0,32768,0,6540
8244,1,31108,10296,0,32768,-1,6668
8245,1,31045,10487,0,32769,1,6795
8246,1,30980,10677,0,32769,0,6924
8247,1,30914,10867,0,32769,1,7051
8248,1,30846,11057,0,32768,1,7180
8249,1,30778,11246,0,32769,0,7308
8250,1,30708,11434,0,32768,0,7435
8251,1,30638,11623,0,32769,0,7564
8252,1,30566,11810,0,32768,0,7691
8253,1,30493,11998,0,32769,0,7820
8254,1,30418,12185,0,32768,0,7948
8255,1,30343,12371,0,32768,0,8076
8256,1,30267,12557,0,32769,-1,8204
8257,1,30189,12742,0,32768,0,8331
8258,1,30110,12927,0,32768,-1,8460
8259,1,30030,13112,0,32768,1,8587
8260,1,29949,13296,0,32768,0,8716
8261,1,29867,13479,0,32768,0,8843
8262,1,29784,13662,0,32768,-1,8972
8263,1,29699,13845,0,32768,-1,9100
8264,1,29614,14027,0,32768,0,9228
8265,1,29527,14208,0,32768,-1,9356
8266,1,29440,14389,0,32769,0,9483
8267,1,29351,14570,0,32769,0,9612
8268,1,29261,14749,0,32768,0,9739
8269,1,29170,14929,0,32768,0,9868
8270,1,29078,15107,0,32768,0,9995
8271,1,28984,15286,0,32768,1,10124
8272,1,28890,15463,0,32768,-1,10252
8273,1,28795,15640,0,32769,0,10380
8274,1,28698,15816,0,32768,-1,10508
8275,1,28601,15992,0,32769,0,10635
8276,1,28502,16167,0,32768,0,10764
8277,1,28402,16342,0,32768,-1,10892
8278,1,28301,16516,0,32768,0,11020
8279,1,28199,16689,0,32768,-1,11148
8280,1,28096,16862,0,32768,0,11276
8281,1,27992,17034,0,32768,0,11404
8282,1,27887,17206,0,32768,-1,11533
8283,1,27781,17376,0,32767,0,11660
8284,1,27674,17547,0,32768,0,11789
8285,1,27566,17716,0,32768,0,11916
8286,1,27457,17885,0,32768,-1,12044
8287,1,27347,18053,0,32769,0,12172
8288,1,27235,18220,0,32768,1,12299
8289,1,27123,18387,0,32768,0,12428
8290,1,27010,18553,0,32769,1,12555
8291,1,26895,18719,0,32768,1,12684
8292,1,26780,18883,0,32768,1,12811
8293,1,26664,19047,0,32768,0,12940
8294,1,26546,19210,0,32768,0,13068
8295,1,26428,19373,0,32768,1,13195
8296,1,26308,19535,0,32768,0,13324
8297,1,26188,19696,0,32768,-1,13452
8298,1,26067,19856,0,32768,0,13580
8299,1,25944,20016,0,32768,0,13708
8300,1,25821,20175,0,32769,1,13835
8301,1,25697,20333,0,32769,0,13964
8302,1,25572,20490,0,32768,1,14091
8303,1,25445,20646,0,32768,0,14220
8304,1,25318,20802,0,32768,1,14347
8305,1,25190,20957,0,32768,0,14475
8306,1,25061,21111,0,32768,-1,14604
8307,1,24931,21265,0,32768,1,14731
8308,1,24800,21417,0,32768,0,14860
8309,1,24668,21569,0,32768,1,14987
8310,1,24535,21720,0,32768,0,15116
8311,1,24402,21870,0,32768,1,15243
8312,1,24267,22019,0,32768,0,15372
8313,1,24131,22168,0,32768,-1,15501
8314,1,23995,22316,0,32769,1,15628
8315,1,23858,22462,0,32768,-1,15756
8316,1,23719,22608,0,32768,1,15883
8317,1,23580,22753,0,32768,0,16012
8318,1,23440,22898,0,32768,-1,16140
8319,1,23299,23041,0,32768,0,16268
8320,1,23157,23184,0,32768,1,16396
8321,1,23015,23325,0,32769,1,16523
8322,1,22871,23466,0,32768,0,16652
8323,1,22727,23606,0,32769,-1,16780
8324,1,22581,23745,0,32768,1,16908
8325,1,22435,23883,0,32768,0,17036
8326,1,22288,24020,0,32768,-1,17164
8327,1,22140,24157,0,32768,1,17292
8328,1,21992,24292,0,32768,-1,17420
8329,1,21842,24426,0,32768,0,17548
8330,1,21692,24560,0,32768,0,17676
8331,1,21541,24693,0,32769,1,17804
8332,1,21389,24824,0,32768,0,17932
8333,1,21236,24955,0,32768,1,18059
8334,1,21083,25085,0,32768,0,18188
8335,1,20929,25214,0,32769,1,18315
8336,1,20773,25342,0,32768,1,18444
8337,1,20618,25469,0,32769,-1,18572
8338,1,20461,25595,0,32769,1,18700
8339,1,20303,25720,0,32768,0,18828
8340,1,20145,25844,0,32768,-1,18957
8341,1,19986,25967,0,32768,0,19084
8342,1,19827,26089,0,32768,0,19211
8343,1,19666,26210,0,32768,0,19340
8344,1,19505,26331,0,32769,-1,19469
8345,1,19343,26450,0,32768,0,19596
8346,1,19180,26568,0,32768,0,19724
8347,1,19017,26685,0,32768,1,19851
8348,1,18853,26801,0,32768,-1,19980
8349,1,18688,26916,0,32768,1,20107
8350,1,18523,27031,0,32769,0,20236
8351,1,18356,27144,0,32768,-1,20364
8352,1,18189,27256,0,32768,0,20492
8353,1,18022,27367,0,32768,-1,20620
8354,1,17854,27477,0,32768,0,20748
8355,1,17685,27586,0,32768,-1,20876
8356,1,17515,27694,0,32768,0,21003
8357,1,17345,27801,0,32768,-1,21132
8358,1,17174,27907,0,32768,1,21259
8359,1,17002,28012,0,32768,0,21388
8360,1,16830,28116,0,32769,-1,21517
8361,1,16657,28218,0,32768,0,21644
8362,1,16484,28320,0,32768,1,21771
8363,1,16310,28421,0,32769,0,21900
8364,1,16135,28520,0,32768,-1,22028
8365,1,15960,28619,0,32768,0,22156
8366,1,15784,28716,0,32768,0,22284
8367,1,15607,28812,0,32768,1,22411
8368,1,15430,28908,0,32768,0,22540
8369,1,15253,29002,0,32769,1,22667
8370,1,15074,29095,0,32768,1,22796
8371,1,14896,29187,0,32769,-1,22924
8372,1,14716,29278,0,32768,1,23052
8373,1,14536,29367,0,32768,0,23180
8374,1,14356,29456,0,32768,0,23308
8375,1,14175,29543,0,32768,-1,23436
8376,1,13993,29630,0,32768,-1,23564
8377,1,13811,29715,0,32768,0,23692
8378,1,13629,29799,0,32768,1,23819
8379,1,13446,29882,0,32768,0,23948
8380,1,13262,29964,0,32768,-1,24076
8381,1,13078,30045,0,32768,0,24203
8382,1,12893,30125,0,32768,0,24332
8383,1,12708,30203,0,32768,1,24459
8384,1,12523,30281,0,32769,-1,24588
8385,1,12337,30357,0,32768,1,24715
8386,1,12150,30432,0,32768,0,24844
8387,1,11963,30506,0,32768,0,24972
8388,1,11776,30579,0,32768,0,25099
8389,1,11588,30651,0,32768,0,25228
8390,1,11400,30721,0,32768,0,25355
8391,1,11211,30791,0,32769,0,25484
8392,1,11022,30859,0,32768,1,25611
8393,1,10832,30926,0,32768,0,25740
8394,1,10642,30992,0,32768,-1,25869
8395,1,10452,31056,0,32768,0,25996
8396,1,10261,31120,0,32768,0,26124
8397,1,10070,31182,0,32768,1,26251
8398,1,9878,31244,0,32769,1,26380
8399,1,9687,31304,0,32769,1,26507
8400,1,9494,31362,0,32768,0,26636
8401,1,9302,31420,0,32768,1,26763
8402,1,9109,31477,0,32769,0,26892
8403,1,8915,31532,0,32768,0,27020
8404,1,8722,31586,0,32768,0,27148
8405,1,8528,31639,0,32769,0,27276
8406,1,8333,31691,0,32769,0,27404
8407,1,8139,31741,0,32768,0,27532
8408,1,7944,31790,0,32768,-1,27660
8409,1,7749,31839,0,32769,0,27788
8410,1,7553,31886,0,32768,0,27916
8411,1,7357,31931,0,32768,-1,28045
8412,1,7161,31976,0,32768,0,28172
8413,1,6965,32019,0,32768,1,28299
8414,1,6768,32061,0,32768,0,28428
8415,1,6572,32102,0,32768,1,28555
8416,1,6374,32142,0,32768,1,28684
8417,1,6177,32181,0,32769,0,28812
8418,1,5980,32218,0,32769,0,28940
8419,1,5782,32254,0,32768,0,29068
8420,1,5584,32289,0,32768,1,29195
8421,1,5386,32322,0,32768,-1,29324
8422,1,5187,32355,0,32768,-1,29453
8423,1,4988,32386,0,32768,0,29580
8424,1,4790,32416,0,32768,1,29707
8425,1,4591,32445,0,32768,0,29836
8426,1,4392,32472,0,32768,-1,29964
8427,1,4192,32499,0,32768,1,30091
8428,1,3993,32524,0,32768,0,30220
8429,1,3793,32548,0,32768,-1,30349
8430,1,3593,32570,0,32768,0,30476
8431,1,3393,32592,0,32768,-1,30604
8432,1,3193,32612,0,32768,0,30732
8433,1,2993,32631,0,32768,-1,30860
8434,1,2793,32649,0,32768,0,30988
8435,1,2592,32665,0,32768,0,31116
8436,1,2392,32681,0,32769,1,31243
8437,1,2191,32695,0,32769,0,31372
8438,1,1991,32707,0,32768,0,31499
8439,1,1790,32719,0,32768,0,31628
8440,1,1589,32729,0,32768,-1,31757
8441,1,1388,32739,0,32769,0,31884
8442,1,1188,32746,0,32768,0,32011
8443,1,987,32753,0,32768,0,32140
8444,1,786,32759,0,32769,1,32267
8445,1,585,32763,0,32768,0,32396
8446,1,384,32766,0,32769,-1,32524
8447,1,182,32767,0,32768,-1,32652
8448,1,-19,32768,0,32768,0,32780
8449,1,-220,32767,0,32768,1,32908
8450,1,-421,32765,0,32768,0,33036
8451,1,-622,32762,0,32768,1,33163
8452,1,-823,32758,0,32769,0,33292
8453,1,-1024,32752,0,32768,-1,33420
8454,1,-1225,32745,0,32768,0,33548
8455,1,-1426,32737,0,32768,0,33676
8456,1,-1626,32728,0,32769,0,33804
8457,1,-1827,32717,0,32768,-1,33932
8458,1,-2028,32705,0,32768,0,34060
8459,1,-2229,32692,0,32768,0,34188
8460,1,-2429,32678,0,32768,1,34316
8461,1,-2630,32662,0,32768,0,34444
8462,1,-2830,32646,0,32769,1,34571
8463,1,-3030,32628,0,32769,0,34700
8464,1,-3230,32608,0,32768,1,34827
8465,1,-3430,32588,0,32768,0,34956
8466,1,-3630,32566,0,32768,1,35083
8467,1,-3830,32543,0,32768,0,35212
8468,1,-4030,32519,0,32768,0,35340
8469,1,-4229,32494,0,32768,0,35468
8470,1,-4428,32467,0,32768,-1,35596
8471,1,-4628,32440,0,32769,-1,35724
8472,1,-4826,32411,0,32769,0,35852
8473,1,-5025,32380,0,32768,-1,35980
8474,1,-5224,32349,0,32768,1,36108
8475,1,-5422,32316,0,32768,-1,36236
8476,1,-5620,32282,0,32768,0,36363
8477,1,-5818,32247,0,32768,-1,36492
8478,1,-6016,32211,0,32768,1,36619
8479,1,-6214,32173,0,32768,0,36748
8480,1,-6411,32135,0,32768,-1,36877
8481,1,-6608,32095,0,32769,0,37004
8482,1,-6805,32054,0,32769,-1,37132
8483,1,-7001,32011,0,32768,0,37259
8484,1,-7198,31968,0,32769,0,37388
8485,1,-7394,31923,0,32768,-1,37517
8486,1,-7589,31877,0,32768,-1,37644
8487,1,-7785,31830,0,32768,-1,37773
8488,1,-7980,31781,0,32768,0,37900
8489,1,-8175,31732,0,32768,-1,38029
8490,1,-8369,31681,0,32768,0,38156
8491,1,-8564,31629,0,32768,0,38284
8492,1,-8758,31576,0,32768,-1,38413
8493,1,-8951,31522,0,32768,0,38540
8494,1,-9144,31466,0,32768,1,38667
8495,1,-9337,31410,0,32769,0,38796
8496,1,-9530,31352,0,32769,-1,38924
8497,1,-9722,31293,0,32769,0,39052
8498,1,-9914,31232,0,32768,0,39180
8499,1,-10105,31171,0,32768,0,39308
8500,1,-10296,31108,0,32768,-1,39436
8501,1,-10487,31045,0,32769,1,39563
8502,1,-10677,30980,0,32769,0,39692
8503,1,-10867,30914,0,32769,1,39819
8504,1,-11057,30846,0,32768,1,39948
8505,1,-11246,30778,0,32769,0,40076
8506,1,-11434,30708,0,32768,0,40203
8507,1,-11623,30638,0,32769,0,40332
8508,1,-11810,30566,0,32768,0,40459
8509,1,-11998,30493,0,32769,0,40588
8510,1,-12185,30418,0,32768,0,40716
8511,1,-12371,30343,0,32768,0,40844
8512,1,-12557,30267,0,32769,-1,40972
8513,1,-12742,30189,0,32768,0,41099
8514,1,-12927,30110,0,32768,-1,41228
8515,1,-13112,30030,0,32768,1,41355
8516,1,-13296,29949,0,32768,0,41484
8517,1,-13479,29867,0,32768,0,41611
8518,1,-13662,29784,0,32768,-1,41740
8519,1,-13845,29699,0,32768,-1,41868
8520,1,-14027,29614,0,32768,0,41996
8521,1,-14208,29527,0,32768,-1,42124
8522,1,-14389,29440,0,32769,0,42251
8523,1,-14570,29351,0,32769,0,42380
8524,1,-14749,29261,0,32768,0,42507
8525,1,-14929,29170,0,32768,0,42636
8526,1,-15107,29078,0,32768,0,42763
8527,1,-15286,28984,0,32768,1,42892
8528,1,-15463,28890,0,32768,-1,43020
8529,1,-15640,28795,0,32769,0,43148
8530,1,-15816,28698,0,32768,-1,43276
8531,1,-15992,28601,0,32769,0,43403
8532,1,-16167,28502,0,32768,0,43532
8533,1,-16342,28402,0,32768,-1,43660
8534,1,-16516,28301,0,32768,0,43788
8535,1,-16689,28199,0,32768,-1,43916
8536,1,-16862,28096,0,32768,0,44044
8537,1,-17034,27992,0,32768,0,44172
8538,1,-17206,27887,0,32768,-1,44301
8539,1,-17376,27781,0,32767,0,44428
8540,1,-17547,27674,0,32768,0,44557
8541,1,-17716,27566,0,32768,0,44684
8542,1,-17885,27457,0,32768,-1,44812
8543,1,-18053,27347,0,32769,0,44940
8544,1,-18220,27235,0,32768,1,45067
8545,1,-18387,27123,0,32768,0,45196
8546,1,-18553,27010,0,32769,1,45323
8547,1,-18719,26895,0,32768,1,45452
8548,1,-18883,26780,0,32768,1,45579
8549,1,-19047,26664,0,32768,0,45708
8550,1,-19210,26546,0,32768,0,45836
8551,1,-19373,26428,0,32768,1,45963
8552,1,-19535,26308,0,32768,0,46092
8553,1,-19696,26188,0,32768,-1,46220
8554,1,-19856,26067,0,32768,0,46348
8555,1,-20016,25944,0,32768,0,46476
8556,1,-20175,25821,0,32769,1,46603
8557,1,-20333,25697,0,32769,0,46732
8558,1,-20490,25572,0,32768,1,46859
8559,1,-20646,25445,0,32768,0,46988
8560,1,-20802,25318,0,32768,1,47115
8561,1,-20957,25190,0,32768,0,47243
8562,1,-21111,25061,0,32768,-1,47372
8563,1,-21265,24931,0,32768,1,47499
8564,1,-21417,24800,0,32768,0,47628
8565,1,-21569,24668,0,32768,1,47755
8566,1,-21720,24535,0,32768,0,47884
8567,1,-21870,24402,0,32768,1,48011
8568,1,-22019,24267,0,32768,0,48140
8569,1,-22168,24131,0,32768,-1,48269
8570,1,-22316,23995,0,32769,1,48396
8571,1,-22462,23858,0,32768,-1,48524
8572,1,-22608,23719,0,32768,1,48651
8573,1,-22753,23580,0,32768,0,48780
8574,1,-22898,23440,0,32768,-1,48908
8575,1,-23041,23299,0,32768,0,49036
8576,1,-23184,23157,0,32768,1,49164
8577,1,-23325,23015,0,32769,1,49291
8578,1,-23466,22871,0,32768,0,49420
8579,1,-23606,22727,0,32769,-1,49548
8580,1,-23745,22581,0,32768,1,49676
8581,1,-23883,22435,0,32768,0,49804
8582,1,-24020,22288,0,32768,-1,49932
8583,1,-24157,22140,0,32768,1,50060
8584,1,-24292,21992,0,32768,-1,50188
8585,1,-24426,21842,0,32768,0,50316
8586,1,-24560,21692,0,32768,0,50444
8587,1,-24693,21541,0,32769,1,50572
8588,1,-24824,21389,0,32768,0,50700
8589,1,-24955,21236,0,32768,1,50827
8590,1,-25085,21083,0,32768,0,50956
8591,1,-25214,20929,0,32769,1,51083
8592,1,-25342,20773,0,32768,1,51212
8593,1,-25469,20618,0,32769,-1,51340
8594,1,-25595,20461,0,32769,1,51468
8595,1,-25720,20303,0,32768,0,51596
8596,1,-25844,20145,0,32768,-1,51725
8597,1,-25967,19986,0,32768,0,51852
8598,1,-26089,19827,0,32768,0,51979
8599,1,-26210,19666,0,32768,0,52108
8600,1,-26331,19505,0,32769,-1,52237
8601,1,-26450,19343,0,32768,0,52364
8602,1,-26568,19180,0,32768,0,52492
8603,1,-26685,19017,0,32768,1,52619
8604,1,-26801,18853,0,32768,-1,52748
8605,1,-26916,18688,0,32768,1,52875
8606,1,-27031,18523,0,32769,0,53004
8607,1,-27144,18356,0,32768,-1,53132
8608,1,-27256,18189,0,32768,0,53260
8609,1,-27367,18022,0,32768,-1,53388
8610,1,-27477,17854,0,32768,0,53516
8611,1,-27586,17685,0,32768,-1,53644
8612,1,-27694,17515,0,32768,0,53771
8613,1,-27801,17345,0,32768,-1,53900
8614,1,-27907,17174,0,32768,1,54027
8615,1,-28012,17002,0,32768,0,54156
8616,1,-28116,16830,0,32769,-1,54285
8617,1,-28218,16657,0,32768,0,54412
8618,1,-28320,16484,0,32768,1,54539
8619,1,-28421,16310,0,32769,0,54668
8620,1,-28520,16135,0,32768,-1,54796
8621,1,-28619,15960,0,32768,0,54924
8622,1,-28716,15784,0,32768,0,55052
8623,1,-28812,15607,0,32768,1,55179
8624,1,-28908,15430,0,32768,0,55308
8625,1,-29002,15253,0,32769,1,55435
8626,1,-29095,15074,0,32768,1,55564
8627,1,-29187,14896,0,32769,-1,55692
8628,1,-29278,14716,0,32768,1,55820
8629,1,-29367,14536,0,32768,0,55948
8630,1,-29456,14356,0,32768,0,56076
8631,1,-29543,14175,0,32768,-1,56204
8632,1,-29630,13993,0,32768,-1,56332
8633,1,-29715,13811,0,32768,0,56460
8634,1,-29799,13629,0,32768,1,56587
8635,1,-29882,13446,0,32768,0,56716
8636,1,-29964,13262,0,32768,-1,56844
8637,1,-30045,13078,0,32768,0,56971
8638,1,-30125,12893,0,32768,0,57100
8639,1,-30203,12708,0,32768,1,57227
8640,1,-30281,12523,0,32769,-1,57356
8641,1,-30357,12337,0,32768,1,57483
8642,1,-30432,12150,0,32768,0,57612
8643,1,-30506,11963,0,32768,0,57740
8644,1,-30579,11776,0,32768,0,57867
8645,1,-30651,11588,0,32768,0,57996
8646,1,-30721,11400,0,32768,0,58123
8647,1,-30791,11211,0,32769,0,58252
8648,1,-30859,11022,0,32768,1,58379
8649,1,-30926,10832,0,32768,0,58508
8650,1,-30992,10642,0,32768,-1,58637
8651,1,-31056,10452,0,32768,0,58764
8652,1,-31120,10261,0,32768,0,58892
8653,1,-31182,10070,0,32768,1,59019
8654,1,-31244,9878,0,32769,1,59148
8655,1,-31304,9687,0,32769,1,59275
8656,1,-31362,9494,0,32768,0,59404
8657,1,-31420,9302,0,32768,1,59531
8658,1,-31477,9109,0,32769,0,59660
8659,1,-31532,8915,0,32768,0,59788
8660,1,-31586,8722,0,32768,0,59916
8661,1,-31639,8528,0,32769,0,60044
8662,1,-31691,8333,0,32769,0,60172
8663,1,-31741,8139,0,32768,0,60300
8664,1,-31790,7944,0,32768,-1,60428
8665,1,-31839,7749,0,32769,0,60556
8666,1,-31886,7553,0,32768,0,60684
8667,1,-31931,7357,0,32768,-1,60813
8668,1,-31976,7161,0,32768,0,60940
8669,1,-32019,6965,0,32768,1,61067
8670,1,-32061,6768,0,32768,0,61196
8671,1,-32102,6572,0,32768,1,61323
8672,1,-32142,6374,0,32768,1,61452
8673,1,-32181,6177,0,32769,0,61580
8674,1,-32218,5980,0,32769,0,61708
8675,1,-32254,5782,0,32768,0,61836
8676,1,-32289,5584,0,32768,1,61963
8677,1,-32322,5386,0,32768,-1,62092
8678,1,-32355,5187,0,32768,-1,62221
8679,1,-32386,4988,0,32768,0,62348
8680,1,-32416,4790,0,32768,1,62475
8681,1,-32445,4591,0,32768,0,62604
8682,1,-32472,4392,0,32768,-1,62732
8683,1,-32499,4192,0,32768,1,62859
8684,1,-32524,3993,0,32768,0,62988
8685,1,-32548,3793,0,32768,-1,63117
8686,1,-32570,3593,0,32768,0,63244
8687,1,-32592,3393,0,32768,-1,63372
8688,1,-32612,3193,0,32768,0,63500
8689,1,-32631,2993,0,32768,-1,63628
8690,1,-32649,2793,0,32768,0,63756
8691,1,-32665,2592,0,32768,0,63884
8692,1,-32681,2392,0,32769,1,64011
8693,1,-32695,2191,0,32769,0,64140
8694,1,-32707,1991,0,32768,0,64267
8695,1,-32719,1790,0,32768,0,64396
8696,1,-32729,1589,0,32768,-1,64525
8697,1,-32739,1388,0,32769,0,64652
8698,1,-32746,1188,0,32768,0,64779
8699,1,-32753,987,0,32768,0,64908
8700,1,-32759,786,0,32769,1,65035
8701,1,-32763,585,0,32768,0,65164
8702,1,-32766,384,0,32769,-1,65292
8703,1,-32767,182,0,32768,-1,65420
8704,1,-32768,-19,0,32768,0,-65524
8705,1,-32767,-220,0,32768,1,-65396
8706,1,-32765,-421,0,32768,0,-65268
8707,1,-32762,-622,0,32768,1,-65141
8708,1,-32758,-823,0,32769,0,-65012
8709,1,-32752,-1024,0,32768,-1,-64884
8710,1,-32745,-1225,0,32768,0,-64756
8711,1,-32737,-1426,0,32768,0,-64628
8712,1,-32728,-1626,0,32769,0,-64500
8713,1,-32717,-1827,0,32768,-1,-64372
8714,1,-32705,-2028,0,32768,0,-64244
8715,1,-32692,-2229,0,32768,0,-64116
8716,1,-32678,-2429,0,32768,1,-63988
8717,1,-32662,-2630,0,32768,0,-63860
8718,1,-32646,-2830,0,32769,1,-63733
8719,1,-32628,-3030,0,32769,0,-63604
8720,1,-32608,-3230,0,32768,1,-63477
8721,1,-32588,-3430,0,32768,0,-63348
8722,1,-32566,-3630,0,32768,1,-63221
8723,1,-32543,-3830,0,32768,0,-63092
8724,1,-32519,-4030,0,32768,0,-62964
8725,1,-32494,-4229,0,32768,0,-62836
8726,1,-32467,-4428,0,32768,-1,-62708
8727,1,-32440,-4628,0,32769,-1,-62580
8728,1,-32411,-4826,0,32769,0,-62452
8729,1,-32380,-5025,0,32768,-1,-62324
8730,1,-32349,-5224,0,32768,1,-62196
8731,1,-32316,-5422,0,32768,-1,-62068
8732,1,-32282,-5620,0,32768,0,-61941
8733,1,-32247,-5818,0,32768,-1,-61812
8734,1,-32211,-6016,0,32768,1,-61685
8735,1,-32173,-6214,0,32768,0,-61556
8736,1,-32135,-6411,0,32768,-1,-61427
8737,1,-32095,-6608,0,32769,0,-61300
8738,1,-32054,-6805,0,32769,-1,-61172
8739,1,-32011,-7001,0,32768,0,-61045
8740,1,-31968,-7198,0,32769,0,-60916
8741,1,-31923,-7394,0,32768,-1,-60787
8742,1,-31877,-7589,0,32768,-1,-60660
8743,1,-31830,-7785,0,32768,-1,-60531
8744,1,-31781,-7980,0,32768,0,-60404
8745,1,-31732,-8175,0,32768,-1,-60275
8746,1,-31681,-8369,0,32768,0,-60148
8747,1,-31629,-8564,0,32768,0,-60020
8748,1,-31576,-8758,0,32768,-1,-59891
8749,1,-31522,-8951,0,32768,0,-59764
8750,1,-31466,-9144,0,32768,1,-59637
8751,1,-31410,-9337,0,32769,0,-59508
8752,1,-31352,-9530,0,32769,-1,-59380
8753,1,-31293,-9722,0,32769,0,-59252
8754,1,-31232,-9914,0,32768,0,-59124
8755,1,-31171,-10105,0,32768,0,-58996
8756,1,-31108,-10296,0,32768,-1,-58868
8757,1,-31045,-10487,0,32769,1,-58741
8758,1,-30980,-10677,0,32769,0,-58612
8759,1,-30914,-10867,0,32769,1,-58485
8760,1,-30846,-11057,0,32768,1,-58356
8761,1,-30778,-11246,0,32769,0,-58228
8762,1,-30708,-11434,0,32768,0,-58101
8763,1,-30638,-11623,0,32769,0,-57972
8764,1,-30566,-11810,0,32768,0,-57845
8765,1,-30493,-11998,0,32769,0,-57716
8766,1,-30418,-12185,0,32768,0,-57588
8767,1,-30343,-12371,0,32768,0,-57460
8768,1,-30267,-12557,0,32769,-1,-57332
8769,1,-30189,-12742,0,32768,0,-57205
8770,1,-30110,-12927,0,32768,-1,-57076
8771,1,-30030,-13112,0,32768,1,-56949
8772,1,-29949,-13296,0,32768,0,-56820
8773,1,-29867,-13479,0,32768,0,-56693
8774,1,-29784,-13662,0,32768,-1,-56564
8775,1,-29699,-13845,0,32768,-1,-56436
8776,1,-29614,-14027,0,32768,0,-56308
8777,1,-29527,-14208,0,32768,-1,-56180
8778,1,-29440,-14389,0,32769,0,-56053
8779,1,-29351,-14570,0,32769,0,-55924
8780,1,-29261,-14749,0,32768,0,-55797
8781,1,-29170,-14929,0,32768,0,-55668
8782,1,-29078,-15107,0,32768,0,-55541
8783,1,-28984,-15286,0,32768,1,-55412
8784,1,-28890,-15463,0,32768,-1,-55284
8785,1,-28795,-15640,0,32769,0,-55156
8786,1,-28698,-15816,0,32768,-1,-55028
8787,1,-28601,-15992,0,32769,0,-54901
8788,1,-28502,-16167,0,32768,0,-54772
8789,1,-28402,-16342,0,32768,-1,-54644
8790,1,-28301,-16516,0,32768,0,-54516
8791,1,-28199,-16689,0,32768,-1,-54388
8792,1,-28096,-16862,0,32768,0,-54260
8793,1,-27992,-17034,0,32768,0,-54132
8794,1,-27887,-17206,0,32768,-1,-54003
8795,1,-27781,-17376,0,32767,0,-53876
8796,1,-27674,-17547,0,32768,0,-53747
8797,1,-27566,-17716,0,32768,0,-53620
8798,1,-27457,-17885,0,32768,-1,-53492
8799,1,-27347,-18053,0,32769,0,-53364
8800,1,-27235,-18220,0,32768,1,-53237
8801,1,-27123,-18387,0,32768,0,-53108
8802,1,-27010,-18553,0,32769,1,-52981
8803,1,-26895,-18719,0,32768,1,-52852
8804,1,-26780,-18883,0,32768,1,-52725
8805,1,-26664,-19047,0,32768,0,-52596
8806,1,-26546,-19210,0,32768,0,-52468
8807,1,-26428,-19373,0,32768,1,-52341
8808,1,-26308,-19535,0,32768,0,-52212
8809,1,-26188,-19696,0,32768,-1,-52084
8810,1,-26067,-19856,0,32768,0,-51956
8811,1,-25944,-20016,0,32768,0,-51828
8812,1,-25821,-20175,0,32769,1,-51701
8813,1,-25697,-20333,0,32769,0,-51572
8814,1,-25572,-20490,0,32768,1,-51445
8815,1,-25445,-20646,0,32768,0,-51316
8816,1,-25318,-20802,0,32768,1,-51189
8817,1,-25190,-20957,0,32768,0,-51061
8818,1,-25061,-21111,0,32768,-1,-50932
8819,1,-24931,-21265,0,32768,1,-50805
8820,1,-24800,-21417,0,32768,0,-50676
8821,1,-24668,-21569,0,32768,1,-50549
8822,1,-24535,-21720,0,32768,0,-50420
8823,1,-24402,-21870,0,32768,1,-50293
8824,1,-24267,-22019,0,32768,0,-50164
8825,1,-24131,-22168,0,32768,-1,-50035
8826,1,-23995,-22316,0,32769,1,-49908
8827,1,-23858,-22462,0,32768,-1,-49780
8828,1,-23719,-22608,0,32768,1,-49653
8829,1,-23580,-22753,0,32768,0,-49524
8830,1,-23440,-22898,0,32768,-1,-49396
8831,1,-23299,-23041,0,32768,0,-49268
8832,1,-23157,-23184,0,32768,1,-49140
8833,1,-23015,-23325,0,32769,1,-49013
8834,1,-22871,-23466,0,32768,0,-48884
8835,1,-22727,-23606,0,32769,-1,-48756
8836,1,-22581,-23745,0,32768,1,-48628
8837,1,-22435,-23883,0,32768,0,-48500
8838,1,-22288,-24020,0,32768,-1,-48372
8839,1,-22140,-24157,0,32768,1,-48244
8840,1,-21992,-24292,0,32768,-1,-48116
8841,1,-21842,-24426,0,32768,0,-47988
8842,1,-21692,-24560,0,32768,0,-47860
8843,1,-21541,-24693,0,32769,1,-47732
8844,1,-21389,-24824,0,32768,0,-47604
8845,1,-21236,-24955,0,32768,1,-47477
8846,1,-21083,-25085,0,32768,0,-47348
8847,1,-20929,-25214,0,32769,1,-47221
8848,1,-20773,-25342,0,32768,1,-47092
8849,1,-20618,-25469,0,32769,-1,-46964
8850,1,-20461,-25595,0,32769,1,-46836
8851,1,-20303,-25720,0,32768,0,-46708
8852,1,-20145,-25844,0,32768,-1,-46579
8853,1,-19986,-25967,0,32768,0,-46452
8854,1,-19827,-26089,0,32768,0,-46325
8855,1,-19666,-26210,0,32768,0,-46196
8856,1,-19505,-26331,0,32769,-1,-46067
8857,1,-19343,-26450,0,32768,0,-45940
8858,1,-19180,-26568,0,32768,0,-45812
8859,1,-19017,-26685,0,32768,1,-45685
8860,1,-18853,-26801,0,32768,-1,-45556
8861,1,-18688,-26916,0,32768,1,-45429
8862,1,-18523,-27031,0,32769,0,-45300
8863,1,-18356,-27144,0,32768,-1,-45172
8864,1,-18189,-27256,0,32768,0,-45044
8865,1,-18022,-27367,0,32768,-1,-44916
8866,1,-17854,-27477,0,32768,0,-44788
8867,1,-17685,-27586,0,32768,-1,-44660
8868,1,-17515,-27694,0,32768,0,-44533
8869,1,-17345,-27801,0,32768,-1,-44404
8870,1,-17174,-27907,0,32768,1,-44277
8871,1,-17002,-28012,0,32768,0,-44148
8872,1,-16830,-28116,0,32769,-1,-44019
8873,1,-16657,-28218,0,32768,0,-43892
8874,1,-16484,-28320,0,32768,1,-43765
8875,1,-16310,-28421,0,32769,0,-43636
8876,1,-16135,-28520,0,32768,-1,-43508
8877,1,-15960,-28619,0,32768,0,-43380
8878,1,-15784,-28716,0,32768,0,-43252
8879,1,-15607,-28812,0,32768,1,-43125
8880,1,-15430,-28908,0,32768,0,-42996
8881,1,-15253,-29002,0,32769,1,-42869
8882,1,-15074,-29095,0,32768,1,-42740
8883,1,-14896,-29187,0,32769,-1,-42612
8884,1,-14716,-29278,0,32768,1,-42484
8885,1,-14536,-29367,0,32768,0,-42356
8886,1,-14356,-29456,0,32768,0,-42228
8887,1,-14175,-29543,0,32768,-1,-42100
8888,1,-13993,-29630,0,32768,-1,-41972
8889,1,-13811,-29715,0,32768,0,-41844
8890,1,-13629,-29799,0,32768,1,-41717
8891,1,-13446,-29882,0,32768,0,-41588
8892,1,-13262,-29964,0,32768,-1,-41460
8893,1,-13078,-30045,0,32768,0,-41333
8894,1,-12893,-30125,0,32768,0,-41204
8895,1,-12708,-30203,0,32768,1,-41077
8896,1,-12523,-30281,0,32769,-1,-40948
8897,1,-12337,-30357,0,32768,1,-40821
8898,1,-12150,-30432,0,32768,0,-40692
8899,1,-11963,-30506,0,32768,0,-40564
8900,1,-11776,-30579,0,32768,0,-40437
8901,1,-11588,-30651,0,32768,0,-40308
8902,1,-11400,-30721,0,32768,0,-40181
8903,1,-11211,-30791,0,32769,0,-40052
8904,1,-11022,-30859,0,32768,1,-39925
8905,1,-10832,-30926,0,32768,0,-39796
8906,1,-10642,-30992,0,32768,-1,-39667
8907,1,-10452,-31056,0,32768,0,-39540
8908,1,-10261,-31120,0,32768,0,-39412
8909,1,-10070,-31182,0,32768,1,-39285
8910,1,-9878,-31244,0,32769,1,-39156
8911,1,-9687,-31304,0,32769,1,-39029
8912,1,-9494,-31362,0,32768,0,-38900
8913,1,-9302,-31420,0,32768,1,-38773
8914,1,-9109,-31477,0,32769,0,-38644
8915,1,-8915,-31532,0,32768,0,-38516
8916,1,-8722,-31586,0,32768,0,-38388
8917,1,-8528,-31639,0,32769,0,-38260
8918,1,-8333,-31691,0,32769,0,-38132
8919,1,-8139,-31741,0,32768,0,-38004
8920,1,-7944,-31790,0,32768,-1,-37876
8921,1,-7749,-31839,0,32769,0,-37748
8922,1,-7553,-31886,0,32768,0,-37620
8923,1,-7357,-31931,0,32768,-1,-37491
8924,1,-7161,-31976,0,32768,0,-37364
8925,1,-6965,-32019,0,32768,1,-37237
8926,1,-6768,-32061,0,32768,0,-37108
8927,1,-6572,-32102,0,32768,1,-36981
8928,1,-6374,-32142,0,32768,1,-36852
8929,1,-6177,-32181,0,32769,0,-36724
8930,1,-5980,-32218,0,32769,0,-36596
8931,1,-5782,-32254,0,32768,0,-36468
8932,1,-5584,-32289,0,32768,1,-36341
8933,1,-5386,-32322,0,32768,-1,-36212
8934,1,-5187,-32355,0,32768,-1,-36083
8935,1,-4988,-32386,0,32768,0,-35956
8936,1,-4790,-32416,0,32768,1,-35829
8937,1,-4591,-32445,0,32768,0,-35700
8938,1,-4392,-32472,0,32768,-1,-35572
8939,1,-4192,-32499,0,32768,1,-35445
8940,1,-3993,-32524,0,32768,0,-35316
8941,1,-3793,-32548,0,32768,-1,-35187
8942,1,-3593,-32570,0,32768,0,-35060
8943,1,-3393,-32592,0,32768,-1,-34932
8944,1,-3193,-32612,0,32768,0,-34804
8945,1,-2993,-32631,0,32768,-1,-34676
8946,1,-2793,-32649,0,32768,0,-34548
8947,1,-2592,-32665,0,32768,0,-34420
8948,1,-2392,-32681,0,32769,1,-34293
8949,1,-2191,-32695,0,32769,0,-34164
8950,1,-1991,-32707,0,32768,0,-34037
8951,1,-1790,-32719,0,32768,0,-33908
8952,1,-1589,-32729,0,32768,-1,-33779
8953,1,-1388,-32739,0,32769,0,-33652
8954,1,-1188,-32746,0,32768,0,-33525
8955,1,-987,-32753,0,32768,0,-33396
8956,1,-786,-32759,0,32769,1,-33269
8957,1,-585,-32763,0,32768,0,-33140
8958,1,-384,-32766,0,32769,-1,-33012
8959,1,-182,-32767,0,32768,-1,-32884
8960,1,19,-32768,0,32768,0,-32756
8961,1,220,-32767,0,32768,1,-32628
8962,1,421,-32765,0,32768,0,-32500
8963,1,622,-32762,0,32768,1,-32373
8964,1,823,-32758,0,32769,0,-32244
8965,1,1024,-32752,0,32768,-1,-32116
8966,1,1225,-32745,0,32768,0,-31988
8967,1,1426,-32737,0,32768,0,-31860
8968,1,1626,-32728,0,32769,0,-31732
8969,1,1827,-32717,0,32768,-1,-31604
8970,1,2028,-32705,0,32768,0,-31476
8971,1,2229,-32692,0,32768,0,-31348
8972,1,2429,-32678,0,32768,1,-31220
8973,1,2630,-32662,0,32768,0,-31092
8974,1,2830,-32646,0,32769,1,-30965
8975,1,3030,-32628,0,32769,0,-30836
8976,1,3230,-32608,0,32768,1,-30709
8977,1,3430,-32588,0,32768,0,-30580
8978,1,3630,-32566,0,32768,1,-30453
8979,1,3830,-32543,0,32768,0,-30324
8980,1,4030,-32519,0,32768,0,-30196
8981,1,4229,-32494,0,32768,0,-30068
8982,1,4428,-32467,0,32768,-1,-29940
8983,1,4628,-32440,0,32769,-1,-29812
8984,1,4826,-32411,0,32769,0,-29684
8985,1,5025,-32380,0,32768,-1,-29556
8986,1,5224,-32349,0,32768,1,-29428
8987,1,5422,-32316,0,32768,-1,-29300
8988,1,5620,-32282,0,32768,0,-29173
8989,1,5818,-32247,0,32768,-1,-29044
8990,1,6016,-32211,0,32768,1,-28917
8991,1,6214,-32173,0,32768,0,-28788
8992,1,6411,-32135,0,32768,-1,-28659
8993,1,6608,-32095,0,32769,0,-28532
8994,1,6805,-32054,0,32769,-1,-28404
8995,1,7001,-32011,0,32768,0,-28277
8996,1,7198,-31968,0,32769,0,-28148
8997,1,7394,-31923,0,32768,-1,-28019
8998,1,7589,-31877,0,32768,-1,-27892
8999,1,7785,-31830,0,32768,-1,-27763
9000,1,7980,-31781,0,32768,0,-27636
9001,1,8175,-31732,0,32768,-1,-27507
9002,1,8369,-31681,0,32768,0,-27380
9003,1,8564,-31629,0,32768,0,-27252
9004,1,8758,-31576,0,32768,-1,-27123
9005,1,8951,-31522,0,32768,0,-26996
9006,1,9144,-31466,0,32768,1,-26869
9007,1,9337,-31410,0,32769,0,-26740
9008,1,9530,-31352,0,32769,-1,-26612
9009,1,9722,-31293,0,32769,0,-26484
9010,1,9914,-31232,0,32768,0,-26356
9011,1,10105,-31171,0,32768,0,-26228
9012,1,10296,-31108,0,32768,-1,-26100
9013,1,10487,-31045,0,32769,1,-25973
9014,1,10677,-30980,0,32769,0,-25844
9015,1,10867,-30914,0,32769,1,-25717
9016,1,11057,-30846,0,32768,1,-25588
9017,1,11246,-30778,0,32769,0,-25460
9018,1,11434,-30708,0,32768,0,-25333
9019,1,11623,-30638,0,32769,0,-25204
9020,1,11810,-30566,0,32768,0,-25077
9021,1,11998,-30493,0,32769,0,-24948
9022,1,12185,-30418,0,32768,0,-24820
9023,1,12371,-30343,0,32768,0,-24692
9024,1,12557,-30267,0,32769,-1,-24564
9025,1,12742,-30189,0,32768,0,-24437
9026,1,12927,-30110,0,32768,-1,-24308
9027,1,13112,-30030,0,32768,1,-24181
9028,1,13296,-29949,0,32768,0,-24052
9029,1,13479,-29867,0,32768,0,-23925
9030,1,13662,-29784,0,32768,-1,-23796
9031,1,13845,-29699,0,32768,-1,-23668
9032,1,14027,-29614,0,32768,0,-23540
9033,1,14208,-29527,0,32768,-1,-23412
9034,1,14389,-29440,0,32769,0,-23285
9035,1,14570,-29351,0,32769,0,-23156
9036,1,14749,-29261,0,32768,0,-23029
9037,1,14929,-29170,0,32768,0,-22900
9038,1,15107,-29078,0,32768,0,-22773
9039,1,15286,-28984,0,32768,1,-22644
9040,1,15463,-28890,0,32768,-1,-22516
9041,1,15640,-28795,0,32769,0,-22388
9042,1,15816,-28698,0,32768,-1,-22260
9043,1,15992,-28601,0,32769,0,-22133
9044,1,16167,-28502,0,32768,0,-22004
9045,1,16342,-28402,0,32768,-1,-21876
9046,1,16516,-28301,0,32768,0,-21748
9047,1,16689,-28199,0,32768,-1,-21620
9048,1,16862,-28096,0,32768,0,-21492
9049,1,17034,-27992,0,32768,0,-21364
9050,1,17206,-27887,0,32768,-1,-21235
9051,1,17376,-27781,0,32767,0,-21108
9052,1,17547,-27674,0,32768,0,-20979
9053,1,17716,-27566,0,32768,0,-20852
9054,1,17885,-27457,0,32768,-1,-20724
9055,1,18053,-27347,0,32769,0,-20596
9056,1,18220,-27235,0,32768,1,-20469
9057,1,18387,-27123,0,32768,0,-20340
9058,1,18553,-27010,0,32769,1,-20213
9059,1,18719,-26895,0,32768,1,-20084
9060,1,18883,-26780,0,32768,1,-19957
9061,1,19047,-26664,0,32768,0,-19828
9062,1,19210,-26546,0,32768,0,-19700
9063,1,19373,-26428,0,32768,1,-19573
9064,1,19535,-26308,0,32768,0,-19444
9065,1,19696,-26188,0,32768,-1,-19316
9066,1,19856,-26067,0,32768,0,-19188
9067,1,20016,-25944,0,32768,0,-19060
9068,1,20175,-25821,0,32769,1,-18933
9069,1,20333,-25697,0,32769,0,-18804
9070,1,20490,-25572,0,32768,1,-18677
9071,1,20646,-25445,0,32768,0,-18548
9072,1,20802,-25318,0,32768,1,-18421
9073,1,20957,-25190,0,32768,0,-18293
9074,1,21111,-25061,0,32768,-1,-18164
9075,1,21265,-24931,0,32768,1,-18037
9076,1,21417,-24800,0,32768,0,-17908
9077,1,21569,-24668,0,32768,1,-17781
9078,1,21720,-24535,0,32768,0,-17652
9079,1,21870,-24402,0,32768,1,-17525
9080,1,22019,-24267,0,32768,0,-17396
9081,1,22168,-24131,0,32768,-1,-17267
9082,1,22316,-23995,0,32769,1,-17140
9083,1,22462,-23858,0,32768,-1,-17012
9084,1,22608,-23719,0,32768,1,-16885
9085,1,22753,-23580,0,32768,0,-16756
9086,1,22898,-23440,0,32768,-1,-16628
9087,1,23041,-23299,0,32768,0,-16500
9088,1,23184,-23157,0,32768,1,-16372
9089,1,23325,-23015,0,32769,1,-16245
9090,1,23466,-22871,0,32768,0,-16116
9091,1,23606,-22727,0,32769,-1,-15988
9092,1,23745,-22581,0,32768,1,-15860
9093,1,23883,-22435,0,32768,0,-15732
9094,1,24020,-22288,0,32768,-1,-15604
9095,1,24157,-22140,0,32768,1,-15476
9096,1,24292,-21992,0,32768,-1,-15348
9097,1,24426,-21842,0,32768,0,-15220
9098,1,24560,-21692,0,32768,0,-15092
9099,1,24693,-21541,0,32769,1,-14964
9100,1,24824,-21389,0,32768,0,-14836
9101,1,24955,-21236,0,32768,1,-14709
9102,1,25085,-21083,0,32768,0,-14580
9103,1,25214,-20929,0,32769,1,-14453
9104,1,25342,-20773,0,32768,1,-14324
9105,1,25469,-20618,0,32769,-1,-14196
9106,1,25595,-20461,0,32769,1,-14068
9107,1,25720,-20303,0,32768,0,-13940
9108,1,25844,-20145,0,32768,-1,-13811
9109,1,25967,-19986,0,32768,0,-13684
9110,1,26089,-19827,0,32768,0,-13557
9111,1,26210,-19666,0,32768,0,-13428
9112,1,26331,-19505,0,32769,-1,-13299
9113,1,26450,-19343,0,32768,0,-13172
9114,1,26568,-19180,0,32768,0,-13044
9115,1,26685,-19017,0,32768,1,-12917
9116,1,26801,-18853,0,32768,-1,-12788
9117,1,26916,-18688,0,32768,1,-12661
9118,1,27031,-18523,0,32769,0,-12532
9119,1,27144,-18356,0,32768,-1,-12404
9120,1,27256,-18189,0,32768,0,-12276
9121,1,27367,-18022,0,32768,-1,-12148
9122,1,27477,-17854,0,32768,0,-12020
9123,1,27586,-17685,0,32768,-1,-11892
9124,1,27694,-17515,0,32768,0,-11765
9125,1,27801,-17345,0,32768,-1,-11636
9126,1,27907,-17174,0,32768,1,-11509
9127,1,28012,-17002,0,32768,0,-11380
9128,1,28116,-16830,0,32769,-1,-11251
9129,1,28218,-16657,0,32768,0,-11124
9130,1,28320,-16484,0,32768,1,-10997
9131,1,28421,-16310,0,32769,0,-10868
9132,1,28520,-16135,0,32768,-1,-10740
9133,1,28619,-15960,0,32768,0,-10612
9134,1,28716,-15784,0,32768,0,-10484
9135,1,28812,-15607,0,32768,1,-10357
9136,1,28908,-15430,0,32768,0,-10228
9137,1,29002,-15253,0,32769,1,-10101
9138,1,29095,-15074,0,32768,1,-9972
9139,1,29187,-14896,0,32769,-1,-9844
9140,1,29278,-14716,0,32768,1,-9716
9141,1,29367,-14536,0,32768,0,-9588
9142,1,29456,-14356,0,32768,0,-9460
9143,1,29543,-14175,0,32768,-1,-9332
9144,1,29630,-13993,0,32768,-1,-9204
9145,1,29715,-13811,0,32768,0,-9076
9146,1,29799,-13629,0,32768,1,-8949
9147,1,29882,-13446,0,32768,0,-8820
9148,1,29964,-13262,0,32768,-1,-8692
9149,1,30045,-13078,0,32768,0,-8565
9150,1,30125,-12893,0,32768,0,-8436
9151,1,30203,-12708,0,32768,1,-8309
9152,1,30281,-12523,0,32769,-1,-8180
9153,1,30357,-12337,0,32768,1,-8053
9154,1,30432,-12150,0,32768,0,-7924
9155,1,30506,-11963,0,32768,0,-7796
9156,1,30579,-11776,0,32768,0,-7669
9157,1,30651,-11588,0,32768,0,-7540
9158,1,30721,-11400,0,32768,0,-7413
9159,1,30791,-11211,0,32769,0,-7284
9160,1,30859,-11022,0,32768,1,-7157
9161,1,30926,-10832,0,32768,0,-7028
9162,1,30992,-10642,0,32768,-1,-6899
9163,1,31056,-10452,0,32768,0,-6772
9164,1,31120,-10261,0,32768,0,-6644
9165,1,31182,-10070,0,32768,1,-6517
9166,1,31244,-9878,0,32769,1,-6388
9167,1,31304,-9687,0,32769,1,-6261
9168,1,31362,-9494,0,32768,0,-6132
9169,1,31420,-9302,0,32768,1,-6005
9170,1,31477,-9109,0,32769,0,-5876
9171,1,31532,-8915,0,32768,0,-5748
9172,1,31586,-8722,0,32768,0,-5620
9173,1,31639,-8528,0,32769,0,-5492
9174,1,31691,-8333,0,32769,0,-5364
9175,1,31741,-8139,0,32768,0,-5236
9176,1,31790,-7944,0,32768,-1,-5108
9177,1,31839,-7749,0,32769,0,-4980
9178,1,31886,-7553,0,32768,0,-4852
9179,1,31931,-7357,0,32768,-1,-4723
9180,1,31976,-7161,0,32768,0,-4596
9181,1,32019,-6965,0,32768,1,-4469
9182,1,32061,-6768,0,32768,0,-4340
9183,1,32102,-6572,0,32768,1,-4213
9184,1,32142,-6374,0,32768,1,-4084
9185,1,32181,-6177,0,32769,0,-3956
9186,1,32218,-5980,0,32769,0,-3828
9187,1,32254,-5782,0,32768,0,-3700
9188,1,32289,-5584,0,32768,1,-3573
9189,1,32322,-5386,0,32768,-1,-3444
9190,1,32355,-5187,0,32768,-1,-3315
9191,1,32386,-4988,0,32768,0,-3188
9192,1,32416,-4790,0,32768,1,-3061
9193,1,32445,-4591,0,32768,0,-2932
9194,1,32472,-4392,0,32768,-1,-2804
9195,1,32499,-4192,0,32768,1,-2677
9196,1,32524,-3993,0,32768,0,-2548
9197,1,32548,-3793,0,32768,-1,-2419
9198,1,32570,-3593,0,32768,0,-2292
9199,1,32592,-3393,0,32768,-1,-2164
9200,1,32612,-3193,0,32768,0,-2036
9201,1,32631,-2993,0,32768,-1,-1908
9202,1,32649,-2793,0,32768,0,-1780
9203,1,32665,-2592,0,32768,0,-1652
9204,1,32681,-2392,0,32769,1,-1525
9205,1,32695,-2191,0,32769,0,-1396
9206,1,32707,-1991,0,32768,0,-1269
9207,1,32719,-1790,0,32768,0,-1140
9208,1,32729,-1589,0,32768,-1,-1011
9209,1,32739,-1388,0,32769,0,-884
9210,1,32746,-1188,0,32768,0,-757
9211,1,32753,-987,0,32768,0,-628
9212,1,32759,-786,0,32769,1,-501
9213,1,32763,-585,0,32768,0,-372
9214,1,32766,-384,0,32769,-1,-244
9215,1,32767,-182,0,32768,-1,-116
9216,1,16384,9,0,16384,0,11
9217,1,16384,110,0,16385,0,140
9218,1,16383,210,0,16384,0,267
9219,1,16381,311,0,16384,0,395
9220,1,16379,411,0,16384,0,524
9221,1,16376,512,0,16384,0,652
9222,1,16373,612,0,16385,0,780
9223,1,16368,713,0,16384,0,908
9224,1,16364,813,0,16384,0,1036
9225,1,16359,914,0,16385,0,1164
9226,1,16353,1014,0,16385,0,1292
9227,1,16346,1114,0,16384,0,1420
9228,1,16339,1215,0,16384,0,1549
9229,1,16331,1315,0,16384,0,1676
9230,1,16323,1415,0,16385,0,1803
9231,1,16314,1515,0,16385,0,1932
9232,1,16304,1615,0,16384,0,2059
9233,1,16294,1715,0,16384,0,2188
9234,1,16283,1815,0,16384,0,2315
9235,1,16272,1915,0,16385,0,2444
9236,1,16260,2015,0,16385,0,2572
9237,1,16247,2115,0,16384,0,2701
9238,1,16234,2214,0,16384,0,2828
9239,1,16220,2314,0,16385,0,2956
9240,1,16205,2413,0,16384,0,3084
9241,1,16190,2513,0,16384,0,3212
9242,1,16174,2612,0,16384,0,3341
9243,1,16158,2711,0,16384,0,3468
9244,1,16141,2810,0,16384,0,3595
9245,1,16124,2909,0,16385,0,3724
9246,1,16105,3008,0,16384,0,3851
9247,1,16087,3107,0,16384,0,3980
9248,1,16067,3205,0,16384,0,4107
9249,1,16047,3304,0,16384,0,4236
9250,1,16027,3402,0,16384,0,4363
9251,1,16006,3501,0,16385,0,4491
9252,1,15984,3599,0,16384,0,4620
9253,1,15961,3697,0,16384,0,4749
9254,1,15938,3795,0,16384,0,4876
9255,1,15915,3892,0,16384,0,5003
9256,1,15891,3990,0,16385,0,5132
9257,1,15866,4087,0,16384,0,5259
9258,1,15841,4185,0,16385,0,5388
9259,1,15815,4282,0,16385,0,5516
9260,1,15788,4379,0,16384,0,5645
9261,1,15761,4476,0,16384,0,5772
9262,1,15733,4572,0,16384,0,5899
9263,1,15705,4669,0,16385,0,6028
9264,1,15676,4765,0,16385,0,6156
9265,1,15646,4861,0,16384,0,6284
9266,1,15616,4957,0,16384,0,6412
9267,1,15585,5053,0,16384,0,6541
9268,1,15554,5148,0,16384,0,6668
9269,1,15522,5244,0,16384,0,6796
9270,1,15490,5339,0,16385,0,6924
9271,1,15457,5434,0,16385,0,7052
9272,1,15423,5528,0,16384,0,7180
9273,1,15389,5623,0,16385,0,7308
9274,1,15354,5717,0,16384,0,7435
9275,1,15319,5811,0,16384,0,7563
9276,1,15283,5905,0,16384,0,7691
9277,1,15246,5999,0,16384,0,7820
9278,1,15209,6092,0,16384,0,7947
9279,1,15172,6186,0,16385,0,8077
9280,1,15133,6278,0,16384,0,8203
9281,1,15094,6371,0,16384,0,8331
9282,1,15055,6464,0,16384,0,8460
9283,1,15015,6556,0,16384,0,8587
9284,1,14975,6648,0,16385,0,8716
9285,1,14934,6740,0,16385,0,8843
9286,1,14892,6831,0,16384,0,8972
9287,1,14850,6922,0,16384,0,9099
9288,1,14807,7013,0,16384,0,9228
9289,1,14764,7104,0,16385,0,9355
9290,1,14720,7195,0,16385,0,9483
9291,1,14675,7285,0,16384,0,9612
9292,1,14630,7375,0,16384,0,9741
9293,1,14585,7464,0,16384,0,9868
9294,1,14539,7554,0,16385,0,9996
9295,1,14492,7643,0,16384,0,10124
9296,1,14445,7732,0,16384,0,10252
9297,1,14397,7820,0,16384,0,10380
9298,1,14349,7908,0,16384,0,10508
9299,1,14300,7996,0,16384,0,10635
9300,1,14251,8084,0,16384,0,10764
9301,1,14201,8171,0,16384,0,10892
9302,1,14151,8258,0,16385,0,11020
9303,1,14100,8345,0,16385,0,11148
9304,1,14048,8431,0,16384,0,11276
9305,1,13996,8517,0,16384,0,11404
9306,1,13944,8603,0,16385,0,11532
9307,1,13891,8688,0,16384,0,11660
9308,1,13837,8773,0,16384,-1,11789
9309,1,13783,8858,0,16384,0,11916
9310,1,13728,8942,0,16384,0,12043
9311,1,13673,9026,0,16384,0,12172
9312,1,13618,9110,0,16384,0,12299
9313,1,13561,9194,0,16384,0,12429
9314,1,13505,9277,0,16385,0,12556
9315,1,13448,9359,0,16384,0,12684
9316,1,13390,9442,0,16385,0,12812
9317,1,13332,9524,0,16385,0,12940
9318,1,13273,9605,0,16384,0,13068
9319,1,13214,9687,0,16385,0,13196
9320,1,13154,9767,0,16384,0,13324
9321,1,13094,9848,0,16384,0,13452
9322,1,13033,9928,0,16384,0,13581
9323,1,12972,10008,0,16384,0,13708
9324,1,12911,10087,0,16384,0,13835
9325,1,12848,10166,0,16384,0,13964
9326,1,12786,10245,0,16384,0,14091
9327,1,12723,10323,0,16384,0,14220
9328,1,12659,10401,0,16384,0,14347
9329,1,12595,10479,0,16384,0,14475
9330,1,12531,10556,0,16385,0,14604
9331,1,12466,10632,0,16384,0,14731
9332,1,12400,10709,0,16384,0,14860
9333,1,12334,10785,0,16385,0,14989
9334,1,12268,10860,0,16384,0,15116
9335,1,12201,10935,0,16384,0,15243
9336,1,12133,11010,0,16384,0,15373
9337,1,12066,11084,0,16384,0,15499
9338,1,11997,11158,0,16384,0,15629
9339,1,11929,11231,0,16384,0,15756
9340,1,11860,11304,0,16384,0,15883
9341,1,11790,11377,0,16384,0,16012
9342,1,11720,11449,0,16384,0,16140
9343,1,11650,11521,0,16385,0,16268
9344,1,11579,11592,0,16384,0,16396
9345,1,11507,11663,0,16384,0,16524
9346,1,11436,11733,0,16385,0,16652
9347,1,11363,11803,0,16384,0,16780
9348,1,11291,11872,0,16384,0,16908
9349,1,11218,11942,0,16385,0,17036
9350,1,11144,12010,0,16384,0,17163
9351,1,11070,12078,0,16384,0,17292
9352,1,10996,12146,0,16384,0,17419
9353,1,10921,12213,0,16384,0,17548
9354,1,10846,12280,0,16384,0,17676
9355,1,10770,12346,0,16384,0,17804
9356,1,10695,12412,0,16384,0,17931
9357,1,10618,12478,0,16385,0,18061
9358,1,10541,12542,0,16383,0,18188
9359,1,10464,12607,0,16384,0,18317
9360,1,10387,12671,0,16385,0,18444
9361,1,10309,12734,0,16384,0,18571
9362,1,10230,12797,0,16384,0,18700
9363,1,10152,12860,0,16384,0,18828
9364,1,10073,12922,0,16384,0,18955
9365,1,9993,12984,0,16385,0,19084
9366,1,9913,13045,0,16384,0,19213
9367,1,9833,13105,0,16384,0,19340
9368,1,9752,13165,0,16384,0,19469
9369,1,9672,13225,0,16385,0,19596
9370,1,9590,13284,0,16384,0,19724
9371,1,9508,13343,0,16384,0,19853
9372,1,9426,13401,0,16384,0,19980
9373,1,9344,13458,0,16384,0,20107
9374,1,9261,13515,0,16384,0,20236
9375,1,9178,13572,0,16384,0,20364
9376,1,9095,13628,0,16384,0,20492
9377,1,9011,13684,0,16384,0,20620
9378,1,8927,13739,0,16385,0,20748
9379,1,8842,13793,0,16384,0,20876
9380,1,8758,13847,0,16384,0,21003
9381,1,8672,13901,0,16384,0,21132
9382,1,8587,13953,0,16384,0,21259
9383,1,8501,14006,0,16384,0,21388
9384,1,8415,14058,0,16384,0,21517
9385,1,8329,14109,0,16384,0,21644
9386,1,8242,14160,0,16384,0,21771
9387,1,8155,14210,0,16384,0,21900
9388,1,8068,14260,0,16384,0,22027
9389,1,7980,14309,0,16384,0,22156
9390,1,7892,14358,0,16384,0,22284
9391,1,7804,14406,0,16384,0,22411
9392,1,7715,14454,0,16384,0,22540
9393,1,7626,14501,0,16384,0,22668
9394,1,7537,14547,0,16384,0,22796
9395,1,7448,14593,0,16384,0,22923
9396,1,7358,14639,0,16384,0,23052
9397,1,7268,14684,0,16384,0,23180
9398,1,7178,14728,0,16384,0,23308
9399,1,7087,14772,0,16384,0,23436
9400,1,6997,14815,0,16384,0,23563
9401,1,6906,14858,0,16385,0,23692
9402,1,6814,14900,0,16384,0,23820
9403,1,6723,14941,0,16384,0,23948
9404,1,6631,14982,0,16384,0,24076
9405,1,6539,15023,0,16385,0,24203
9406,1,6447,15062,0,16384,0,24332
9407,1,6354,15102,0,16384,0,24461
9408,1,6261,15140,0,16384,0,24588
9409,1,6168,15179,0,16384,0,24717
9410,1,6075,15216,0,16384,0,24844
9411,1,5982,15253,0,16384,0,24971
9412,1,5888,15289,0,16384,0,25099
9413,1,5794,15325,0,16384,0,25228
9414,1,5700,15361,0,16385,0,25355
9415,1,5605,15395,0,16384,0,25484
9416,1,5511,15429,0,16384,0,25611
9417,1,5416,15463,0,16384,0,25740
9418,1,5321,15496,0,16384,0,25869
9419,1,5226,15528,0,16384,0,25996
9420,1,5131,15560,0,16384,0,26123
9421,1,5035,15591,0,16384,1,26251
9422,1,4939,15622,0,16385,0,26380
9423,1,4843,15652,0,16384,0,26508
9424,1,4747,15681,0,16384,0,26636
9425,1,4651,15710,0,16384,0,26763
9426,1,4554,15738,0,16384,0,26893
9427,1,4458,15766,0,16384,0,27020
9428,1,4361,15793,0,16384,0,27148
9429,1,4264,15819,0,16384,-1,27276
9430,1,4167,15845,0,16384,0,27403
9431,1,4069,15871,0,16385,0,27533
9432,1,3972,15895,0,16384,0,27659
9433,1,3874,15919,0,16384,0,27789
9434,1,3777,15943,0,16384,0,27916
9435,1,3679,15966,0,16385,0,28043
9436,1,3581,15988,0,16384,0,28172
9437,1,3483,16010,0,16385,0,28299
9438,1,3384,16031,0,16384,0,28428
9439,1,3286,16051,0,16384,0,28555
9440,1,3187,16071,0,16384,0,28684
9441,1,3089,16090,0,16384,0,28811
9442,1,2990,16109,0,16384,0,28940
9443,1,2891,16127,0,16384,0,29068
9444,1,2792,16144,0,16384,0,29197
9445,1,2693,16161,0,16384,0,29324
9446,1,2594,16177,0,16384,0,29451
9447,1,2494,16193,0,16384,0,29580
9448,1,2395,16208,0,16384,0,29709
9449,1,2295,16222,0,16384,0,29836
9450,1,2196,16236,0,16384,0,29964
9451,1,2096,16249,0,16384,0,30091
9452,1,1996,16262,0,16384,0,30220
9453,1,1897,16274,0,16384,0,30347
9454,1,1797,16285,0,16384,0,30476
9455,1,1697,16296,0,16384,0,30603
9456,1,1597,16306,0,16384,0,30732
9457,1,1497,16316,0,16385,0,30859
9458,1,1396,16324,0,16384,0,30989
9459,1,1296,16333,0,16384,0,31116
9460,1,1196,16340,0,16384,0,31243
9461,1,1096,16347,0,16384,0,31371
9462,1,995,16354,0,16385,0,31501
9463,1,895,16360,0,16385,0,31628
9464,1,795,16365,0,16384,0,31755
9465,1,694,16369,0,16384,0,31884
9466,1,594,16373,0,16384,0,32011
9467,1,493,16377,0,16385,0,32140
9468,1,393,16379,0,16384,0,32268
9469,1,292,16381,0,16384,0,32397
9470,1,192,16383,0,16384,0,32524
9471,1,91,16384,0,16385,0,32652
9472,1,-9,16384,0,16384,0,32779
9473,1,-110,16384,0,16385,0,32908
9474,1,-210,16383,0,16384,0,33035
9475,1,-311,16381,0,16384,0,33163
9476,1,-411,16379,0,16384,0,33292
9477,1,-512,16376,0,16384,0,33420
9478,1,-612,16373,0,16385,0,33548
9479,1,-713,16368,0,16384,0,33676
9480,1,-813,16364,0,16384,0,33804
9481,1,-914,16359,0,16385,0,33932
9482,1,-1014,16353,0,16385,0,34060
9483,1,-1114,16346,0,16384,0,34188
9484,1,-1215,16339,0,16384,0,34317
9485,1,-1315,16331,0,16384,0,34444
9486,1,-1415,16323,0,16385,0,34571
9487,1,-1515,16314,0,16385,0,34700
9488,1,-1615,16304,0,16384,0,34827
9489,1,-1715,16294,0,16384,0,34956
9490,1,-1815,16283,0,16384,0,35083
9491,1,-1915,16272,0,16385,0,35212
9492,1,-2015,16260,0,16385,0,35340
9493,1,-2115,16247,0,16384,0,35469
9494,1,-2214,16234,0,16384,0,35596
9495,1,-2314,16220,0,16385,0,35724
9496,1,-2413,16205,0,16384,0,35852
9497,1,-2513,16190,0,16384,0,35980
9498,1,-2612,16174,0,16384,0,36109
9499,1,-2711,16158,0,16384,0,36236
9500,1,-2810,16141,0,16384,0,36363
9501,1,-2909,16124,0,16385,0,36492
9502,1,-3008,16105,0,16384,0,36619
9503,1,-3107,16087,0,16384,0,36748
9504,1,-3205,16067,0,16384,0,36875
9505,1,-3304,16047,0,16384,0,37004
9506,1,-3402,16027,0,16384,0,37131
9507,1,-3501,16006,0,16385,0,37259
9508,1,-3599,15984,0,16384,0,37388
9509,1,-3697,15961,0,16384,0,37517
9510,1,-3795,15938,0,16384,0,37644
9511,1,-3892,15915,0,16384,0,37771
9512,1,-3990,15891,0,16385,0,37900
9513,1,-4087,15866,0,16384,0,38027
9514,1,-4185,15841,0,16385,0,38156
9515,1,-4282,15815,0,16385,0,38284
9516,1,-4379,15788,0,16384,0,38413
9517,1,-4476,15761,0,16384,0,38540
9518,1,-4572,15733,0,16384,0,38667
9519,1,-4669,15705,0,16385,0,38796
9520,1,-4765,15676,0,16385,0,38924
9521,1,-4861,15646,0,16384,0,39052
9522,1,-4957,15616,0,16384,0,39180
9523,1,-5053,15585,0,16384,0,39309
9524,1,-5148,15554,0,16384,0,39436
9525,1,-5244,15522,0,16384,0,39564
9526,1,-5339,15490,0,16385,0,39692
9527,1,-5434,15457,0,16385,0,39820
9528,1,-5528,15423,0,16384,0,39948
9529,1,-5623,15389,0,16385,0,40076
9530,1,-5717,15354,0,16384,0,40203
9531,1,-5811,15319,0,16384,0,40331
9532,1,-5905,15283,0,16384,0,40459
9533,1,-5999,15246,0,16384,0,40588
9534,1,-6092,15209,0,16384,0,40715
9535,1,-6186,15172,0,16385,0,40845
9536,1,-6278,15133,0,16384,0,40971
9537,1,-6371,15094,0,16384,0,41099
9538,1,-6464,15055,0,16384,0,41228
9539,1,-6556,15015,0,16384,0,41355
9540,1,-6648,14975,0,16385,0,41484
9541,1,-6740,14934,0,16385,0,41611
9542,1,-6831,14892,0,16384,0,41740
9543,1,-6922,14850,0,16384,0,41867
9544,1,-7013,14807,0,16384,0,41996
9545,1,-7104,14764,0,16385,0,42123
9546,1,-7195,14720,0,16385,0,42251
9547,1,-7285,14675,0,16384,0,42380
9548,1,-7375,14630,0,16384,0,42509
9549,1,-7464,14585,0,16384,0,42636
9550,1,-7554,14539,0,16385,0,42764
9551,1,-7643,14492,0,16384,0,42892
9552,1,-7732,14445,0,16384,0,43020
9553,1,-7820,14397,0,16384,0,43148
9554,1,-7908,14349,0,16384,0,43276
9555,1,-7996,14300,0,16384,0,43403
9556,1,-8084,14251,0,16384,0,43532
9557,1,-8171,14201,0,16384,0,43660
9558,1,-8258,14151,0,16385,0,43788
9559,1,-8345,14100,0,16385,0,43916
9560,1,-8431,14048,0,16384,0,44044
9561,1,-8517,13996,0,16384,0,44172
9562,1,-8603,13944,0,16385,0,44300
9563,1,-8688,13891,0,16384,0,44428
9564,1,-8773,13837,0,16384,-1,44557
9565,1,-8858,13783,0,16384,0,44684
9566,1,-8942,13728,0,16384,0,44811
9567,1,-9026,13673,0,16384,0,44940
9568,1,-9110,13618,0,16384,0,45067
9569,1,-9194,13561,0,16384,0,45197
9570,1,-9277,13505,0,16385,0,45324
9571,1,-9359,13448,0,16384,0,45452
9572,1,-9442,13390,0,16385,0,45580
9573,1,-9524,13332,0,16385,0,45708
9574,1,-9605,13273,0,16384,0,45836
9575,1,-9687,13214,0,16385,0,45964
9576,1,-9767,13154,0,16384,0,46092
9577,1,-9848,13094,0,16384,0,46220
9578,1,-9928,13033,0,16384,0,46349
9579,1,-10008,12972,0,16384,0,46476
9580,1,-10087,12911,0,16384,0,46603
9581,1,-10166,12848,0,16384,0,46732
9582,1,-10245,12786,0,16384,0,46859
9583,1,-10323,12723,0,16384,0,46988
9584,1,-10401,12659,0,16384,0,47115
9585,1,-10479,12595,0,16384,0,47243
9586,1,-10556,12531,0,16385,0,47372
9587,1,-10632,12466,0,16384,0,47499
9588,1,-10709,12400,0,16384,0,47628
9589,1,-10785,12334,0,16385,0,47757
9590,1,-10860,12268,0,16384,0,47884
9591,1,-10935,12201,0,16384,0,48011
9592,1,-11010,12133,0,16384,0,48141
9593,1,-11084,12066,0,16384,0,48267
9594,1,-11158,11997,0,16384,0,48397
9595,1,-11231,11929,0,16384,0,48524
9596,1,-11304,11860,0,16384,0,48651
9597,1,-11377,11790,0,16384,0,48780
9598,1,-11449,11720,0,16384,0,48908
9599,1,-11521,11650,0,16385,0,49036
9600,1,-11592,11579,0,16384,0,49164
9601,1,-11663,11507,0,16384,0,49292
9602,1,-11733,11436,0,16385,0,49420
9603,1,-11803,11363,0,16384,0,49548
9604,1,-11872,11291,0,16384,0,49676
9605,1,-11942,11218,0,16385,0,49804
9606,1,-12010,11144,0,16384,0,49931
9607,1,-12078,11070,0,16384,0,50060
9608,1,-12146,10996,0,16384,0,50187
9609,1,-12213,10921,0,16384,0,50316
9610,1,-12280,10846,0,16384,0,50444
9611,1,-12346,10770,0,16384,0,50572
9612,1,-12412,10695,0,16384,0,50699
9613,1,-12478,10618,0,16385,0,50829
9614,1,-12542,10541,0,16383,0,50956
9615,1,-12607,10464,0,16384,0,51085
9616,1,-12671,10387,0,16385,0,51212
9617,1,-12734,10309,0,16384,0,51339
9618,1,-12797,10230,0,16384,0,51468
9619,1,-12860,10152,0,16384,0,51596
9620,1,-12922,10073,0,16384,0,51723
9621,1,-12984,9993,0,16385,0,51852
9622,1,-13045,9913,0,16384,0,51981
9623,1,-13105,9833,0,16384,0,52108
9624,1,-13165,9752,0,16384,0,52237
9625,1,-13225,9672,0,16385,0,52364
9626,1,-13284,9590,0,16384,0,52492
9627,1,-13343,9508,0,16384,0,52621
9628,1,-13401,9426,0,16384,0,52748
9629,1,-13458,9344,0,16384,0,52875
9630,1,-13515,9261,0,16384,0,53004
9631,1,-13572,9178,0,16384,0,53132
9632,1,-13628,9095,0,16384,0,53260
9633,1,-13684,9011,0,16384,0,53388
9634,1,-13739,8927,0,16385,0,53516
9635,1,-13793,8842,0,16384,0,53644
9636,1,-13847,8758,0,16384,0,53771
9637,1,-13901,8672,0,16384,0,53900
9638,1,-13953,8587,0,16384,0,54027
9639,1,-14006,8501,0,16384,0,54156
9640,1,-14058,8415,0,16384,0,54285
9641,1,-14109,8329,0,16384,0,54412
9642,1,-14160,8242,0,16384,0,54539
9643,1,-14210,8155,0,16384,0,54668
9644,1,-14260,8068,0,16384,0,54795
9645,1,-14309,7980,0,16384,0,54924
9646,1,-14358,7892,0,16384,0,55052
9647,1,-14406,7804,0,16384,0,55179
9648,1,-14454,7715,0,16384,0,55308
9649,1,-14501,7626,0,16384,0,55436
9650,1,-14547,7537,0,16384,0,55564
9651,1,-14593,7448,0,16384,0,55691
9652,1,-14639,7358,0,16384,0,55820
9653,1,-14684,7268,0,16384,0,55948
9654,1,-14728,7178,0,16384,0,56076
9655,1,-14772,7087,0,16384,0,56204
9656,1,-14815,6997,0,16384,0,56331
9657,1,-14858,6906,0,16385,0,56460
9658,1,-14900,6814,0,16384,0,56588
9659,1,-14941,6723,0,16384,0,56716
9660,1,-14982,6631,0,16384,0,56844
9661,1,-15023,6539,0,16385,0,56971
9662,1,-15062,6447,0,16384,0,57100
9663,1,-15102,6354,0,16384,0,57229
9664,1,-15140,6261,0,16384,0,57356
9665,1,-15179,6168,0,16384,0,57485
9666,1,-15216,6075,0,16384,0,57612
9667,1,-15253,5982,0,16384,0,57739
9668,1,-15289,5888,0,16384,0,57867
9669,1,-15325,5794,0,16384,0,57996
9670,1,-15361,5700,0,16385,0,58123
9671,1,-15395,5605,0,16384,0,58252
9672,1,-15429,5511,0,16384,0,58379
9673,1,-15463,5416,0,16384,0,58508
9674,1,-15496,5321,0,16384,0,58637
9675,1,-15528,5226,0,16384,0,58764
9676,1,-15560,5131,0,16384,0,58891
9677,1,-15591,5035,0,16384,1,59019
9678,1,-15622,4939,0,16385,0,59148
9679,1,-15652,4843,0,16384,0,59276
9680,1,-15681,4747,0,16384,0,59404
9681,1,-15710,4651,0,16384,0,59531
9682,1,-15738,4554,0,16384,0,59661
9683,1,-15766,4458,0,16384,0,59788
9684,1,-15793,4361,0,16384,0,59916
9685,1,-15819,4264,0,16384,-1,60044
9686,1,-15845,4167,0,16384,0,60171
9687,1,-15871,4069,0,16385,0,60301
9688,1,-15895,3972,0,16384,0,60427
9689,1,-15919,3874,0,16384,0,60557
9690,1,-15943,3777,0,16384,0,60684
9691,1,-15966,3679,0,16385,0,60811
9692,1,-15988,3581,0,16384,0,60940
9693,1,-16010,3483,0,16385,0,61067
9694,1,-16031,3384,0,16384,0,61196
9695,1,-16051,3286,0,16384,0,61323
9696,1,-16071,3187,0,16384,0,61452
9697,1,-16090,3089,0,16384,0,61579
9698,1,-16109,2990,0,16384,0,61708
9699,1,-16127,2891,0,16384,0,61836
9700,1,-16144,2792,0,16384,0,61965
9701,1,-16161,2693,0,16384,0,62092
9702,1,-16177,2594,0,16384,0,62219
9703,1,-16193,2494,0,16384,0,62348
9704,1,-16208,2395,0,16384,0,62477
9705,1,-16222,2295,0,16384,0,62604
9706,1,-16236,2196,0,16384,0,62732
9707,1,-16249,2096,0,16384,0,62859
9708,1,-16262,1996,0,16384,0,62988
9709,1,-16274,1897,0,16384,0,63115
9710,1,-16285,1797,0,16384,0,63244
9711,1,-16296,1697,0,16384,0,63371
9712,1,-16306,1597,0,16384,0,63500
9713,1,-16316,1497,0,16385,0,63627
9714,1,-16324,1396,0,16384,0,63757
9715,1,-16333,1296,0,16384,0,63884
9716,1,-16340,1196,0,16384,0,64011
9717,1,-16347,1096,0,16384,0,64139
9718,1,-16354,995,0,16385,0,64269
9719,1,-16360,895,0,16385,0,64396
9720,1,-16365,795,0,16384,0,64523
9721,1,-16369,694,0,16384,0,64652
9722,1,-16373,594,0,16384,0,64779
9723,1,-16377,493,0,16385,0,64908
9724,1,-16379,393,0,16384,0,65036
9725,1,-16381,292,0,16384,0,65165
9726,1,-16383,192,0,16384,0,65292
9727,1,-16384,91,0,16385,0,65420
9728,1,-16384,-9,0,16384,0,-65525
9729,1,-16384,-110,0,16385,0,-65396
9730,1,-16383,-210,0,16384,0,-65269
9731,1,-16381,-311,0,16384,0,-65141
9732,1,-16379,-411,0,16384,0,-65012
9733,1,-16376,-512,0,16384,0,-64884
9734,1,-16373,-612,0,16385,0,-64756
9735,1,-16368,-713,0,16384,0,-64628
9736,1,-16364,-813,0,16384,0,-64500
9737,1,-16359,-914,0,16385,0,-64372
9738,1,-16353,-1014,0,16385,0,-64244
9739,1,-16346,-1114,0,16384,0,-64116
9740,1,-16339,-1215,0,16384,0,-63987
9741,1,-16331,-1315,0,16384,0,-63860
9742,1,-16323,-1415,0,16385,0,-63733
9743,1,-16314,-1515,0,16385,0,-63604
9744,1,-16304,-1615,0,16384,0,-63477
9745,1,-16294,-1715,0,16384,0,-63348
9746,1,-16283,-1815,0,16384,0,-63221
9747,1,-16272,-1915,0,16385,0,-63092
9748,1,-16260,-2015,0,16385,0,-62964
9749,1,-16247,-2115,0,16384,0,-62835
9750,1,-16234,-2214,0,16384,0,-62708
9751,1,-16220,-2314,0,16385,0,-62580
9752,1,-16205,-2413,0,16384,0,-62452
9753,1,-16190,-2513,0,16384,0,-62324
9754,1,-16174,-2612,0,16384,0,-62195
9755,1,-16158,-2711,0,16384,0,-62068
9756,1,-16141,-2810,0,16384,0,-61941
9757,1,-16124,-2909,0,16385,0,-61812
9758,1,-16105,-3008,0,16384,0,-61685
9759,1,-16087,-3107,0,16384,0,-61556
9760,1,-16067,-3205,0,16384,0,-61429
9761,1,-16047,-3304,0,16384,0,-61300
9762,1,-16027,-3402,0,16384,0,-61173
9763,1,-16006,-3501,0,16385,0,-61045
9764,1,-15984,-3599,0,16384,0,-60916
9765,1,-15961,-3697,0,16384,0,-60787
9766,1,-15938,-3795,0,16384,0,-60660
9767,1,-15915,-3892,0,16384,0,-60533
9768,1,-15891,-3990,0,16385,0,-60404
9769,1,-15866,-4087,0,16384,0,-60277
9770,1,-15841,-4185,0,16385,0,-60148
9771,1,-15815,-4282,0,16385,0,-60020
9772,1,-15788,-4379,0,16384,0,-59891
9773,1,-15761,-4476,0,16384,0,-59764
9774,1,-15733,-4572,0,16384,0,-59637
9775,1,-15705,-4669,0,16385,0,-59508
9776,1,-15676,-4765,0,16385,0,-59380
9777,1,-15646,-4861,0,16384,0,-59252
9778,1,-15616,-4957,0,16384,0,-59124
9779,1,-15585,-5053,0,16384,0,-58995
9780,1,-15554,-5148,0,16384,0,-58868
9781,1,-15522,-5244,0,16384,0,-58740
9782,1,-15490,-5339,0,16385,0,-58612
9783,1,-15457,-5434,0,16385,0,-58484
9784,1,-15423,-5528,0,16384,0,-58356
9785,1,-15389,-5623,0,16385,0,-58228
9786,1,-15354,-5717,0,16384,0,-58101
9787,1,-15319,-5811,0,16384,0,-57973
9788,1,-15283,-5905,0,16384,0,-57845
9789,1,-15246,-5999,0,16384,0,-57716
9790,1,-15209,-6092,0,16384,0,-57589
9791,1,-15172,-6186,0,16385,0,-57459
9792,1,-15133,-6278,0,16384,0,-57333
9793,1,-15094,-6371,0,16384,0,-57205
9794,1,-15055,-6464,0,16384,0,-57076
9795,1,-15015,-6556,0,16384,0,-56949
9796,1,-14975,-6648,0,16385,0,-56820
9797,1,-14934,-6740,0,16385,0,-56693
9798,1,-14892,-6831,0,16384,0,-56564
9799,1,-14850,-6922,0,16384,0,-56437
9800,1,-14807,-7013,0,16384,0,-56308
9801,1,-14764,-7104,0,16385,0,-56181
9802,1,-14720,-7195,0,16385,0,-56053
9803,1,-14675,-7285,0,16384,0,-55924
9804,1,-14630,-7375,0,16384,0,-55795
9805,1,-14585,-7464,0,16384,0,-55668
9806,1,-14539,-7554,0,16385,0,-55540
9807,1,-14492,-7643,0,16384,0,-55412
9808,1,-14445,-7732,0,16384,0,-55284
9809,1,-14397,-7820,0,16384,0,-55156
9810,1,-14349,-7908,0,16384,0,-55028
9811,1,-14300,-7996,0,16384,0,-54901
9812,1,-14251,-8084,0,16384,0,-54772
9813,1,-14201,-8171,0,16384,0,-54644
9814,1,-14151,-8258,0,16385,0,-54516
9815,1,-14100,-8345,0,16385,0,-54388
9816,1,-14048,-8431,0,16384,0,-54260
9817,1,-13996,-8517,0,16384,0,-54132
9818,1,-13944,-8603,0,16385,0,-54004
9819,1,-13891,-8688,0,16384,0,-53876
9820,1,-13837,-8773,0,16384,-1,-53747
9821,1,-13783,-8858,0,16384,0,-53620
9822,1,-13728,-8942,0,16384,0,-53493
9823,1,-13673,-9026,0,16384,0,-53364
9824,1,-13618,-9110,0,16384,0,-53237
9825,1,-13561,-9194,0,16384,0,-53107
9826,1,-13505,-9277,0,16385,0,-52980
9827,1,-13448,-9359,0,16384,0,-52852
9828,1,-13390,-9442,0,16385,0,-52724
9829,1,-13332,-9524,0,16385,0,-52596
9830,1,-13273,-9605,0,16384,0,-52468
9831,1,-13214,-9687,0,16385,0,-52340
9832,1,-13154,-9767,0,16384,0,-52212
9833,1,-13094,-9848,0,16384,0,-52084
9834,1,-13033,-9928,0,16384,0,-51955
9835,1,-12972,-10008,0,16384,0,-51828
9836,1,-12911,-10087,0,16384,0,-51701
9837,1,-12848,-10166,0,16384,0,-51572
9838,1,-12786,-10245,0,16384,0,-51445
9839,1,-12723,-10323,0,16384,0,-51316
9840,1,-12659,-10401,0,16384,0,-51189
9841,1,-12595,-10479,0,16384,0,-51061
9842,1,-12531,-10556,0,16385,0,-50932
9843,1,-12466,-10632,0,16384,0,-50805
9844,1,-12400,-10709,0,16384,0,-50676
9845,1,-12334,-10785,0,16385,0,-50547
9846,1,-12268,-10860,0,16384,0,-50420
9847,1,-12201,-10935,0,16384,0,-50293
9848,1,-12133,-11010,0,16384,0,-50163
9849,1,-12066,-11084,0,16384,0,-50037
9850,1,-11997,-11158,0,16384,0,-49907
9851,1,-11929,-11231,0,16384,0,-49780
9852,1,-11860,-11304,0,16384,0,-49653
9853,1,-11790,-11377,0,16384,0,-49524
9854,1,-11720,-11449,0,16384,0,-49396
9855,1,-11650,-11521,0,16385,0,-49268
9856,1,-11579,-11592,0,16384,0,-49140
9857,1,-11507,-11663,0,16384,0,-49012
9858,1,-11436,-11733,0,16385,0,-48884
9859,1,-11363,-11803,0,16384,0,-48756
9860,1,-11291,-11872,0,16384,0,-48628
9861,1,-11218,-11942,0,16385,0,-48500
9862,1,-11144,-12010,0,16384,0,-48373
9863,1,-11070,-12078,0,16384,0,-48244
9864,1,-10996,-12146,0,16384,0,-48117
9865,1,-10921,-12213,0,16384,0,-47988
9866,1,-10846,-12280,0,16384,0,-47860
9867,1,-10770,-12346,0,16384,0,-47732
9868,1,-10695,-12412,0,16384,0,-47605
9869,1,-10618,-12478,0,16385,0,-47475
9870,1,-10541,-12542,0,16383,0,-47348
9871,1,-10464,-12607,0,16384,0,-47219
9872,1,-10387,-12671,0,16385,0,-47092
9873,1,-10309,-12734,0,16384,0,-46965
9874,1,-10230,-12797,0,16384,0,-46836
9875,1,-10152,-12860,0,16384,0,-46708
9876,1,-10073,-12922,0,16384,0,-46581
9877,1,-9993,-12984,0,16385,0,-46452
9878,1,-9913,-13045,0,16384,0,-46323
9879,1,-9833,-13105,0,16384,0,-46196
9880,1,-9752,-13165,0,16384,0,-46067
9881,1,-9672,-13225,0,16385,0,-45940
9882,1,-9590,-13284,0,16384,0,-45812
9883,1,-9508,-13343,0,16384,0,-45683
9884,1,-9426,-13401,0,16384,0,-45556
9885,1,-9344,-13458,0,16384,0,-45429
9886,1,-9261,-13515,0,16384,0,-45300
9887,1,-9178,-13572,0,16384,0,-45172
9888,1,-9095,-13628,0,16384,0,-45044
9889,1,-9011,-13684,0,16384,0,-44916
9890,1,-8927,-13739,0,16385,0,-44788
9891,1,-8842,-13793,0,16384,0,-44660
9892,1,-8758,-13847,0,16384,0,-44533
9893,1,-8672,-13901,0,16384,0,-44404
9894,1,-8587,-13953,0,16384,0,-44277
9895,1,-8501,-14006,0,16384,0,-44148
9896,1,-8415,-14058,0,16384,0,-44019
9897,1,-8329,-14109,0,16384,0,-43892
9898,1,-8242,-14160,0,16384,0,-43765
9899,1,-8155,-14210,0,16384,0,-43636
9900,1,-8068,-14260,0,16384,0,-43509
9901,1,-7980,-14309,0,16384,0,-43380
9902,1,-7892,-14358,0,16384,0,-43252
9903,1,-7804,-14406,0,16384,0,-43125
9904,1,-7715,-14454,0,16384,0,-42996
9905,1,-7626,-14501,0,16384,0,-42868
9906,1,-7537,-14547,0,16384,0,-42740
9907,1,-7448,-14593,0,16384,0,-42613
9908,1,-7358,-14639,0,16384,0,-42484
9909,1,-7268,-14684,0,16384,0,-42356
9910,1,-7178,-14728,0,16384,0,-42228
9911,1,-7087,-14772,0,16384,0,-42100
9912,1,-6997,-14815,0,16384,0,-41973
9913,1,-6906,-14858,0,16385,0,-41844
9914,1,-6814,-14900,0,16384,0,-41716
9915,1,-6723,-14941,0,16384,0,-41588
9916,1,-6631,-14982,0,16384,0,-41460
9917,1,-6539,-15023,0,16385,0,-41333
9918,1,-6447,-15062,0,16384,0,-41204
9919,1,-6354,-15102,0,16384,0,-41075
9920,1,-6261,-15140,0,16384,0,-40948
9921,1,-6168,-15179,0,16384,0,-40819
9922,1,-6075,-15216,0,16384,0,-40692
9923,1,-5982,-15253,0,16384,0,-40565
9924,1,-5888,-15289,0,16384,0,-40437
9925,1,-5794,-15325,0,16384,0,-40308
9926,1,-5700,-15361,0,16385,0,-40181
9927,1,-5605,-15395,0,16384,0,-40052
9928,1,-5511,-15429,0,16384,0,-39925
9929,1,-5416,-15463,0,16384,0,-39796
9930,1,-5321,-15496,0,16384,0,-39667
9931,1,-5226,-15528,0,16384,0,-39540
9932,1,-5131,-15560,0,16384,0,-39413
9933,1,-5035,-15591,0,16384,1,-39285
9934,1,-4939,-15622,0,16385,0,-39156
9935,1,-4843,-15652,0,16384,0,-39028
9936,1,-4747,-15681,0,16384,0,-38900
9937,1,-4651,-15710,0,16384,0,-38773
9938,1,-4554,-15738,0,16384,0,-38643
9939,1,-4458,-15766,0,16384,0,-38516
9940,1,-4361,-15793,0,16384,0,-38388
9941,1,-4264,-15819,0,16384,-1,-38260
9942,1,-4167,-15845,0,16384,0,-38133
9943,1,-4069,-15871,0,16385,0,-38003
9944,1,-3972,-15895,0,16384,0,-37877
9945,1,-3874,-15919,0,16384,0,-37747
9946,1,-3777,-15943,0,16384,0,-37620
9947,1,-3679,-15966,0,16385,0,-37493
9948,1,-3581,-15988,0,16384,0,-37364
9949,1,-3483,-16010,0,16385,0,-37237
9950,1,-3384,-16031,0,16384,0,-37108
9951,1,-3286,-16051,0,16384,0,-36981
9952,1,-3187,-16071,0,16384,0,-36852
9953,1,-3089,-16090,0,16384,0,-36725
9954,1,-2990,-16109,0,16384,0,-36596
9955,1,-2891,-16127,0,16384,0,-36468
9956,1,-2792,-16144,0,16384,0,-36339
9957,1,-2693,-16161,0,16384,0,-36212
9958,1,-2594,-16177,0,16384,0,-36085
9959,1,-2494,-16193,0,16384,0,-35956
9960,1,-2395,-16208,0,16384,0,-35827
9961,1,-2295,-16222,0,16384,0,-35700
9962,1,-2196,-16236,0,16384,0,-35572
9963,1,-2096,-16249,0,16384,0,-35445
9964,1,-1996,-16262,0,16384,0,-35316
9965,1,-1897,-16274,0,16384,0,-35189
9966,1,-1797,-16285,0,16384,0,-35060
9967,1,-1697,-16296,0,16384,0,-34933
9968,1,-1597,-16306,0,16384,0,-34804
9969,1,-1497,-16316,0,16385,0,-34677
9970,1,-1396,-16324,0,16384,0,-34547
9971,1,-1296,-16333,0,16384,0,-34420
9972,1,-1196,-16340,0,16384,0,-34293
9973,1,-1096,-16347,0,16384,0,-34165
9974,1,-995,-16354,0,16385,0,-34035
9975,1,-895,-16360,0,16385,0,-33908
9976,1,-795,-16365,0,16384,0,-33781
9977,1,-694,-16369,0,16384,0,-33652
9978,1,-594,-16373,0,16384,0,-33525
9979,1,-493,-16377,0,16385,0,-33396
9980,1,-393,-16379,0,16384,0,-33268
9981,1,-292,-16381,0,16384,0,-33139
9982,1,-192,-16383,0,16384,0,-33012
9983,1,-91,-16384,0,16385,0,-32884
9984,1,9,-16384,0,16384,0,-32757
9985,1,110,-16384,0,16385,0,-32628
9986,1,210,-16383,0,16384,0,-32501
9987,1,311,-16381,0,16384,0,-32373
9988,1,411,-16379,0,16384,0,-32244
9989,1,512,-16376,0,16384,0,-32116
9990,1,612,-16373,0,16385,0,-31988
9991,1,713,-16368,0,16384,0,-31860
9992,1,813,-16364,0,16384,0,-31732
9993,1,914,-16359,0,16385,0,-31604
9994,1,1014,-16353,0,16385,0,-31476
9995,1,1114,-16346,0,16384,0,-31348
9996,1,1215,-16339,0,16384,0,-31219
9997,1,1315,-16331,0,16384,0,-31092
9998,1,1415,-16323,0,16385,0,-30965
9999,1,1515,-16314,0,16385,0,-30836
10000,1,1615,-16304,0,16384,0,-30709
10001,1,1715,-16294,0,16384,0,-30580
10002,1,1815,-16283,0,16384,0,-30453
10003,1,1915,-16272,0,16385,0,-30324
10004,1,2015,-16260,0,16385,0,-30196
10005,1,2115,-16247,0,16384,0,-30067
10006,1,2214,-16234,0,16384,0,-29940
10007,1,2314,-16220,0,16385,0,-29812
10008,1,2413,-16205,0,16384,0,-29684
10009,1,2513,-16190,0,16384,0,-29556
10010,1,2612,-16174,0,16384,0,-29427
10011,1,2711,-16158,0,16384,0,-29300
10012,1,2810,-16141,0,16384,0,-29173
10013,1,2909,-16124,0,16385,0,-29044
10014,1,3008,-16105,0,16384,0,-28917
10015,1,3107,-16087,0,16384,0,-28788
10016,1,3205,-16067,0,16384,0,-28661
10017,1,3304,-16047,0,16384,0,-28532
10018,1,3402,-16027,0,16384,0,-28405
10019,1,3501,-16006,0,16385,0,-28277
10020,1,3599,-15984,0,16384,0,-28148
10021,1,3697,-15961,0,16384,0,-28019
10022,1,3795,-15938,0,16384,0,-27892
10023,1,3892,-15915,0,16384,0,-27765
10024,1,3990,-15891,0,16385,0,-27636
10025,1,4087,-15866,0,16384,0,-27509
10026,1,4185,-15841,0,16385,0,-27380
10027,1,4282,-15815,0,16385,0,-27252
10028,1,4379,-15788,0,16384,0,-27123
10029,1,4476,-15761,0,16384,0,-26996
10030,1,4572,-15733,0,16384,0,-26869
10031,1,4669,-15705,0,16385,0,-26740
10032,1,4765,-15676,0,16385,0,-26612
10033,1,4861,-15646,0,16384,0,-26484
10034,1,4957,-15616,0,16384,0,-26356
10035,1,5053,-15585,0,16384,0,-26227
10036,1,5148,-15554,0,16384,0,-26100
10037,1,5244,-15522,0,16384,0,-25972
10038,1,5339,-15490,0,16385,0,-25844
10039,1,5434,-15457,0,16385,0,-25716
10040,1,5528,-15423,0,16384,0,-25588
10041,1,5623,-15389,0,16385,0,-25460
10042,1,5717,-15354,0,16384,0,-25333
10043,1,5811,-15319,0,16384,0,-25205
10044,1,5905,-15283,0,16384,0,-25077
10045,1,5999,-15246,0,16384,0,-24948
10046,1,6092,-15209,0,16384,0,-24821
10047,1,6186,-15172,0,16385,0,-24691
10048,1,6278,-15133,0,16384,0,-24565
10049,1,6371,-15094,0,16384,0,-24437
10050,1,6464,-15055,0,16384,0,-24308
10051,1,6556,-15015,0,16384,0,-24181
10052,1,6648,-14975,0,16385,0,-24052
10053,1,6740,-14934,0,16385,0,-23925
10054,1,6831,-14892,0,16384,0,-23796
10055,1,6922,-14850,0,16384,0,-23669
10056,1,7013,-14807,0,16384,0,-23540
10057,1,7104,-14764,0,16385,0,-23413
10058,1,7195,-14720,0,16385,0,-23285
10059,1,7285,-14675,0,16384,0,-23156
10060,1,7375,-14630,0,16384,0,-23027
10061,1,7464,-14585,0,16384,0,-22900
10062,1,7554,-14539,0,16385,0,-22772
10063,1,7643,-14492,0,16384,0,-22644
10064,1,7732,-14445,0,16384,0,-22516
10065,1,7820,-14397,0,16384,0,-22388
10066,1,7908,-14349,0,16384,0,-22260
10067,1,7996,-14300,0,16384,0,-22133
10068,1,8084,-14251,0,16384,0,-22004
10069,1,8171,-14201,0,16384,0,-21876
10070,1,8258,-14151,0,16385,0,-21748
10071,1,8345,-14100,0,16385,0,-21620
10072,1,8431,-14048,0,16384,0,-21492
10073,1,8517,-13996,0,16384,0,-21364
10074,1,8603,-13944,0,16385,0,-21236
10075,1,8688,-13891,0,16384,0,-21108
10076,1,8773,-13837,0,16384,-1,-20979
10077,1,8858,-13783,0,16384,0,-20852
10078,1,8942,-13728,0,16384,0,-20725
10079,1,9026,-13673,0,16384,0,-20596
10080,1,9110,-13618,0,16384,0,-20469
10081,1,9194,-13561,0,16384,0,-20339
10082,1,9277,-13505,0,16385,0,-20212
10083,1,9359,-13448,0,16384,0,-20084
10084,1,9442,-13390,0,16385,0,-19956
10085,1,9524,-13332,0,16385,0,-19828
10086,1,9605,-13273,0,16384,0,-19700
10087,1,9687,-13214,0,16385,0,-19572
10088,1,9767,-13154,0,16384,0,-19444
10089,1,9848,-13094,0,16384,0,-19316
10090,1,9928,-13033,0,16384,0,-19187
10091,1,10008,-12972,0,16384,0,-19060
10092,1,10087,-12911,0,16384,0,-18933
10093,1,10166,-12848,0,16384,0,-18804
10094,1,10245,-12786,0,16384,0,-18677
10095,1,10323,-12723,0,16384,0,-18548
10096,1,10401,-12659,0,16384,0,-18421
10097,1,10479,-12595,0,16384,0,-18293
10098,1,10556,-12531,0,16385,0,-18164
10099,1,10632,-12466,0,16384,0,-18037
10100,1,10709,-12400,0,16384,0,-17908
10101,1,10785,-12334,0,16385,0,-17779
10102,1,10860,-12268,0,16384,0,-17652
10103,1,10935,-12201,0,16384,0,-17525
10104,1,11010,-12133,0,16384,0,-17395
10105,1,11084,-12066,0,16384,0,-17269
10106,1,11158,-11997,0,16384,0,-17139
10107,1,11231,-11929,0,16384,0,-17012
10108,1,11304,-11860,0,16384,0,-16885
10109,1,11377,-11790,0,16384,0,-16756
10110,1,11449,-11720,0,16384,0,-16628
10111,1,11521,-11650,0,16385,0,-16500
10112,1,11592,-11579,0,16384,0,-16372
10113,1,11663,-11507,0,16384,0,-16244
10114,1,11733,-11436,0,16385,0,-16116
10115,1,11803,-11363,0,16384,0,-15988
10116,1,11872,-11291,0,16384,0,-15860
10117,1,11942,-11218,0,16385,0,-15732
10118,1,12010,-11144,0,16384,0,-15605
10119,1,12078,-11070,0,16384,0,-15476
10120,1,12146,-10996,0,16384,0,-15349
10121,1,12213,-10921,0,16384,0,-15220
10122,1,12280,-10846,0,16384,0,-15092
10123,1,12346,-10770,0,16384,0,-14964
10124,1,12412,-10695,0,16384,0,-14837
10125,1,12478,-10618,0,16385,0,-14707
10126,1,12542,-10541,0,16383,0,-14580
10127,1,12607,-10464,0,16384,0,-14451
10128,1,12671,-10387,0,16385,0,-14324
10129,1,12734,-10309,0,16384,0,-14197
10130,1,12797,-10230,0,16384,0,-14068
10131,1,12860,-10152,0,16384,0,-13940
10132,1,12922,-10073,0,16384,0,-13813
10133,1,12984,-9993,0,16385,0,-13684
10134,1,13045,-9913,0,16384,0,-13555
10135,1,13105,-9833,0,16384,0,-13428
10136,1,13165,-9752,0,16384,0,-13299
10137,1,13225,-9672,0,16385,0,-13172
10138,1,13284,-9590,0,16384,0,-13044
10139,1,13343,-9508,0,16384,0,-12915
10140,1,13401,-9426,0,16384,0,-12788
10141,1,13458,-9344,0,16384,0,-12661
10142,1,13515,-9261,0,16384,0,-12532
10143,1,13572,-9178,0,16384,0,-12404
10144,1,13628,-9095,0,16384,0,-12276
10145,1,13684,-9011,0,16384,0,-12148
10146,1,13739,-8927,0,16385,0,-12020
10147,1,13793,-8842,0,16384,0,-11892
10148,1,13847,-8758,0,16384,0,-11765
10149,1,13901,-8672,0,16384,0,-11636
10150,1,13953,-8587,0,16384,0,-11509
10151,1,14006,-8501,0,16384,0,-11380
10152,1,14058,-8415,0,16384,0,-11251
10153,1,14109,-8329,0,16384,0,-11124
10154,1,14160,-8242,0,16384,0,-10997
10155,1,14210,-8155,0,16384,0,-10868
10156,1,14260,-8068,0,16384,0,-10741
10157,1,14309,-7980,0,16384,0,-10612
10158,1,14358,-7892,0,16384,0,-10484
10159,1,14406,-7804,0,16384,0,-10357
10160,1,14454,-7715,0,16384,0,-10228
10161,1,14501,-7626,0,16384,0,-10100
10162,1,14547,-7537,0,16384,0,-9972
10163,1,14593,-7448,0,16384,0,-9845
10164,1,14639,-7358,0,16384,0,-9716
10165,1,14684,-7268,0,16384,0,-9588
10166,1,14728,-7178,0,16384,0,-9460
10167,1,14772,-7087,0,16384,0,-9332
10168,1,14815,-6997,0,16384,0,-9205
10169,1,14858,-6906,0,16385,0,-9076
10170,1,14900,-6814,0,16384,0,-8948
10171,1,14941,-6723,0,16384,0,-8820
10172,1,14982,-6631,0,16384,0,-8692
10173,1,15023,-6539,0,16385,0,-8565
10174,1,15062,-6447,0,16384,0,-8436
10175,1,15102,-6354,0,16384,0,-8307
10176,1,15140,-6261,0,16384,0,-8180
10177,1,15179,-6168,0,16384,0,-8051
10178,1,15216,-6075,0,16384,0,-7924
10179,1,15253,-5982,0,16384,0,-7797
10180,1,15289,-5888,0,16384,0,-7669
10181,1,15325,-5794,0,16384,0,-7540
10182,1,15361,-5700,0,16385,0,-7413
10183,1,15395,-5605,0,16384,0,-7284
10184,1,15429,-5511,0,16384,0,-7157
10185,1,15463,-5416,0,16384,0,-7028
10186,1,15496,-5321,0,16384,0,-6899
10187,1,15528,-5226,0,16384,0,-6772
10188,1,15560,-5131,0,16384,0,-6645
10189,1,15591,-5035,0,16384,1,-6517
10190,1,15622,-4939,0,16385,0,-6388
10191,1,15652,-4843,0,16384,0,-6260
10192,1,15681,-4747,0,16384,0,-6132
10193,1,15710,-4651,0,16384,0,-6005
10194,1,15738,-4554,0,16384,0,-5875
10195,1,15766,-4458,0,16384,0,-5748
10196,1,15793,-4361,0,16384,0,-5620
10197,1,15819,-4264,0,16384,-1,-5492
10198,1,15845,-4167,0,16384,0,-5365
10199,1,15871,-4069,0,16385,0,-5235
10200,1,15895,-3972,0,16384,0,-5109
10201,1,15919,-3874,0,16384,0,-4979
10202,1,15943,-3777,0,16384,0,-4852
10203,1,15966,-3679,0,16385,0,-4725
10204,1,15988,-3581,0,16384,0,-4596
10205,1,16010,-3483,0,16385,0,-4469
10206,1,16031,-3384,0,16384,0,-4340
10207,1,16051,-3286,0,16384,0,-4213
10208,1,16071,-3187,0,16384,0,-4084
10209,1,16090,-3089,0,16384,0,-3957
10210,1,16109,-2990,0,16384,0,-3828
10211,1,16127,-2891,0,16384,0,-3700
10212,1,16144,-2792,0,16384,0,-3571
10213,1,16161,-2693,0,16384,0,-3444
10214,1,16177,-2594,0,16384,0,-3317
10215,1,16193,-2494,0,16384,0,-3188
10216,1,16208,-2395,0,16384,0,-3059
10217,1,16222,-2295,0,16384,0,-2932
10218,1,16236,-2196,0,16384,0,-2804
10219,1,16249,-2096,0,16384,0,-2677
10220,1,16262,-1996,0,16384,0,-2548
10221,1,16274,-1897,0,16384,0,-2421
10222,1,16285,-1797,0,16384,0,-2292
10223,1,16296,-1697,0,16384,0,-2165
10224,1,16306,-1597,0,16384,0,-2036
10225,1,16316,-1497,0,16385,0,-1909
10226,1,16324,-1396,0,16384,0,-1779
10227,1,16333,-1296,0,16384,0,-1652
10228,1,16340,-1196,0,16384,0,-1525
10229,1,16347,-1096,0,16384,0,-1397
10230,1,16354,-995,0,16385,0,-1267
10231,1,16360,-895,0,16385,0,-1140
10232,1,16365,-795,0,16384,0,-1013
10233,1,16369,-694,0,16384,0,-884
10234,1,16373,-594,0,16384,0,-757
10235,1,16377,-493,0,16385,0,-628
10236,1,16379,-393,0,16384,0,-500
10237,1,16381,-292,0,16384,0,-371
10238,1,16383,-192,0,16384,0,-244
10239,1,16384,-91,0,16385,0,-116
10240,1,1638,1,0,1638,0,14
10241,1,1638,11,0,1638,0,142
10242,1,1638,21,0,1638,0,268
10243,1,1638,31,0,1639,0,391
10244,1,1638,41,0,1639,0,521
10245,1,1638,51,0,1639,0,650
10246,1,1637,61,0,1638,0,779
10247,1,1637,71,0,1639,0,905
10248,1,1636,81,0,1638,0,1033
10249,1,1636,91,0,1639,0,1159
10250,1,1635,101,0,1639,0,1288
10251,1,1635,111,0,1639,0,1415
10252,1,1634,121,0,1639,0,1542
10253,1,1633,131,0,1638,0,1671
10254,1,1632,141,0,1639,0,1796
10255,1,1631,152,0,1639,0,1937
10256,1,1630,162,0,1638,0,2067
10257,1,1629,172,0,1638,0,2195
10258,1,1628,182,0,1638,0,2323
10259,1,1627,192,0,1639,0,2449
10260,1,1626,201,0,1638,0,2567
10261,1,1625,211,0,1639,0,2693
10262,1,1623,221,0,1638,0,2823
10263,1,1622,231,0,1639,0,2950
10264,1,1621,241,0,1639,0,3080
10265,1,1619,251,0,1639,0,3210
10266,1,1617,261,0,1638,0,3338
10267,1,1616,271,0,1639,0,3466
10268,1,1614,281,0,1638,0,3595
10269,1,1612,291,0,1638,0,3724
10270,1,1611,301,0,1639,0,3855
10271,1,1609,311,0,1639,0,3985
10272,1,1607,321,0,1639,0,4115
10273,1,1605,330,0,1639,0,4229
10274,1,1603,340,0,1639,0,4358
10275,1,1601,350,0,1639,0,4490
10276,1,1598,360,0,1638,0,4623
10277,1,1596,370,0,1638,0,4754
10278,1,1594,379,0,1639,0,4868
10279,1,1591,389,0,1638,0,5005
10280,1,1589,399,0,1639,0,5132
10281,1,1587,409,0,1639,0,5262
10282,1,1584,418,0,1638,0,5383
10283,1,1581,428,0,1638,0,5513
10284,1,1579,438,0,1639,0,5646
10285,1,1576,448,0,1639,0,5778
10286,1,1573,457,0,1638,0,5901
10287,1,1570,467,0,1638,0,6032
10288,1,1568,476,0,1639,0,6150
10289,1,1565,486,0,1639,0,6281
10290,1,1562,496,0,1639,0,6414
10291,1,1559,505,0,1639,0,6537
10292,1,1555,515,0,1638,0,6675
10293,1,1552,524,0,1639,0,6790
10294,1,1549,534,0,1639,0,6924
10295,1,1546,543,0,1639,0,7045
10296,1,1542,553,0,1639,0,7183
10297,1,1539,562,0,1639,0,7302
10298,1,1535,572,0,1639,0,7439
10299,1,1532,581,0,1639,0,7560
10300,1,1528,591,0,1639,0,7698
10301,1,1525,600,0,1639,0,7820
10302,1,1521,609,0,1639,0,7943
10303,1,1517,619,0,1639,0,8082
10304,1,1513,628,0,1638,0,8207
10305,1,1509,637,0,1638,0,8333
10306,1,1506,646,0,1639,0,8455
10307,1,1502,656,0,1640,0,8589
10308,1,1497,665,0,1638,0,8721
10309,1,1493,674,0,1638,0,8847
10310,1,1489,683,0,1638,0,8973
10311,1,1485,692,0,1639,0,9099
10312,1,1481,701,0,1639,0,9225
10313,1,1476,710,0,1638,0,9351
10314,1,1472,719,0,1639,0,9477
10315,1,1468,728,0,1639,0,9603
10316,1,1463,737,0,1638,0,9735
10317,1,1458,746,0,1638,0,9868
10318,1,1454,755,0,1639,0,9991
10319,1,1449,764,0,1638,0,10122
10320,1,1445,773,0,1639,0,10246
10321,1,1440,782,0,1639,0,10378
10322,1,1435,791,0,1639,0,10511
10323,1,1430,800,0,1639,0,10640
10324,1,1425,808,0,1638,0,10763
10325,1,1420,817,0,1639,0,10892
10326,1,1415,826,0,1639,0,11021
10327,1,1410,834,0,1638,0,11142
10328,1,1405,843,0,1639,0,11273
10329,1,1400,852,0,1639,0,11407
10330,1,1394,860,0,1638,0,11533
10331,1,1389,869,0,1639,0,11665
10332,1,1384,877,0,1639,0,11785
10333,1,1378,886,0,1639,0,11918
10334,1,1373,894,0,1639,0,12041
10335,1,1367,903,0,1639,0,12178
10336,1,1362,911,0,1639,0,12299
10337,1,1356,919,0,1638,0,12426
10338,1,1350,928,0,1638,0,12563
10339,1,1345,936,0,1639,0,12682
10340,1,1339,944,0,1639,0,12810
10341,1,1333,952,0,1638,0,12940
10342,1,1327,961,0,1639,0,13075
10343,1,1321,969,0,1639,0,13201
10344,1,1315,977,0,1639,0,13329
10345,1,1309,985,0,1638,0,13457
10346,1,1303,993,0,1638,0,13586
10347,1,1297,1001,0,1639,0,13715
10348,1,1291,1009,0,1639,0,13840
10349,1,1285,1017,0,1639,0,13968
10350,1,1279,1024,0,1638,0,14086
10351,1,1272,1032,0,1638,0,14220
10352,1,1266,1040,0,1639,0,14347
10353,1,1260,1048,0,1639,0,14473
10354,1,1253,1056,0,1639,0,14609
10355,1,1247,1063,0,1639,0,14726
10356,1,1240,1071,0,1639,0,14863
10357,1,1233,1078,0,1638,0,14987
10358,1,1227,1086,0,1639,0,15113
10359,1,1220,1094,0,1639,0,15247
10360,1,1213,1101,0,1638,0,15376
10361,1,1207,1108,0,1638,0,15494
10362,1,1200,1116,0,1639,0,15632
10363,1,1193,1123,0,1639,0,15755
10364,1,1186,1130,0,1638,0,15881
10365,1,1179,1138,0,1639,0,16017
10366,1,1172,1145,0,1639,0,16143
10367,1,1165,1152,0,1638,0,16270
10368,1,1158,1159,0,1639,0,16396
10369,1,1151,1166,0,1639,0,16519
10370,1,1144,1173,0,1639,0,16643
10371,1,1136,1180,0,1638,0,16780
10372,1,1129,1187,0,1639,0,16908
10373,1,1122,1194,0,1639,0,17034
10374,1,1114,1201,0,1639,0,17167
10375,1,1107,1208,0,1639,0,17293
10376,1,1100,1215,0,1639,0,17419
10377,1,1092,1221,0,1639,0,17544
10378,1,1085,1228,0,1639,0,17671
10379,1,1077,1235,0,1639,0,17806
10380,1,1069,1241,0,1638,0,17936
10381,1,1062,1248,0,1639,0,18062
10382,1,1054,1254,0,1638,0,18189
10383,1,1046,1261,0,1639,0,18323
10384,1,1039,1267,0,1639,0,18437
10385,1,1031,1273,0,1639,0,18567
10386,1,1023,1280,0,1639,0,18701
10387,1,1015,1286,0,1639,0,18832
10388,1,1007,1292,0,1638,0,18958
10389,1,999,1298,0,1638,0,19084
10390,1,991,1304,0,1638,0,19210
10391,1,983,1311,0,1639,0,19348
10392,1,975,1317,0,1639,0,19475
10393,1,967,1322,0,1638,0,19596
10394,1,959,1328,0,1638,0,19720
10395,1,951,1334,0,1639,0,19849
10396,1,943,1340,0,1639,0,19979
10397,1,934,1346,0,1639,0,20114
10398,1,926,1352,0,1639,0,20241
10399,1,918,1357,0,1639,0,20361
10400,1,909,1363,0,1639,0,20499
10401,1,901,1368,0,1638,0,20620
10402,1,893,1374,0,1639,0,20748
10403,1,884,1379,0,1638,0,20876
10404,1,876,1385,0,1639,0,21003
10405,1,867,1390,0,1639,0,21133
10406,1,859,1395,0,1639,0,21256
10407,1,850,1401,0,1639,0,21392
10408,1,842,1406,0,1639,0,21510
10409,1,833,1411,0,1639,0,21643
10410,1,824,1416,0,1639,0,21774
10411,1,815,1421,0,1638,0,21906
10412,1,807,1426,0,1639,0,22025
10413,1,798,1431,0,1639,0,22157
10414,1,789,1436,0,1639,0,22286
10415,1,780,1441,0,1639,0,22416
10416,1,772,1445,0,1638,0,22532
10417,1,763,1450,0,1639,0,22663
10418,1,754,1455,0,1639,0,22797
10419,1,745,1459,0,1638,0,22919
10420,1,736,1464,0,1639,0,23052
10421,1,727,1468,0,1638,0,23175
10422,1,718,1473,0,1639,0,23308
10423,1,709,1477,0,1639,0,23434
10424,1,700,1481,0,1638,0,23555
10425,1,691,1486,0,1639,0,23688
10426,1,681,1490,0,1639,0,23824
10427,1,672,1494,0,1638,0,23950
10428,1,663,1498,0,1638,0,24078
10429,1,654,1502,0,1639,0,24201
10430,1,645,1506,0,1638,0,24327
10431,1,635,1510,0,1638,0,24465
10432,1,626,1514,0,1638,0,24592
10433,1,617,1518,0,1639,0,24717
10434,1,608,1522,0,1639,0,24841
10435,1,598,1525,0,1638,0,24973
10436,1,589,1529,0,1639,0,25097
10437,1,579,1533,0,1639,0,25236
10438,1,570,1536,0,1639,0,25357
10439,1,561,1540,0,1639,0,25483
10440,1,551,1543,0,1639,0,25614
10441,1,542,1546,0,1638,0,25737
10442,1,532,1550,0,1639,0,25874
10443,1,523,1553,0,1639,0,25992
10444,1,513,1556,0,1639,0,26124
10445,1,503,1559,0,1638,0,26256
10446,1,494,1562,0,1639,0,26375
10447,1,484,1565,0,1638,0,26511
10448,1,475,1568,0,1639,0,26629
10449,1,465,1571,0,1639,0,26766
10450,1,455,1574,0,1639,0,26898
10451,1,446,1577,0,1639,0,27020
10452,1,436,1579,0,1639,0,27149
10453,1,426,1582,0,1639,0,27280
10454,1,417,1585,0,1639,0,27401
10455,1,407,1587,0,1639,0,27530
10456,1,397,1590,0,1639,0,27667
10457,1,387,1592,0,1638,0,27794
10458,1,378,1594,0,1638,0,27912
10459,1,368,1597,0,1639,0,28043
10460,1,358,1599,0,1639,0,28173
10461,1,348,1601,0,1639,0,28305
10462,1,338,1603,0,1638,0,28433
10463,1,329,1605,0,1638,0,28553
10464,1,319,1607,0,1639,0,28680
10465,1,309,1609,0,1639,0,28811
10466,1,299,1611,0,1639,0,28938
10467,1,289,1613,0,1639,0,29069
10468,1,279,1614,0,1638,0,29198
10469,1,269,1616,0,1639,0,29328
10470,1,259,1618,0,1639,0,29460
10471,1,249,1619,0,1638,0,29586
10472,1,239,1621,0,1639,0,29715
10473,1,230,1622,0,1638,0,29831
10474,1,220,1624,0,1639,0,29958
10475,1,210,1625,0,1639,0,30089
10476,1,200,1626,0,1639,0,30216
10477,1,190,1627,0,1638,0,30345
10478,1,180,1629,0,1639,0,30475
10479,1,170,1630,0,1639,0,30602
10480,1,160,1631,0,1639,0,30729
10481,1,150,1632,0,1639,0,30857
10482,1,140,1632,0,1638,0,30985
10483,1,130,1633,0,1638,0,31113
10484,1,120,1634,0,1639,0,31237
10485,1,110,1635,0,1639,0,31366
10486,1,100,1635,0,1639,0,31492
10487,1,90,1636,0,1639,0,31624
10488,1,79,1636,0,1638,0,31763
10489,1,69,1637,0,1639,0,31889
10490,1,59,1637,0,1638,0,32016
10491,1,49,1638,0,1639,0,32144
10492,1,39,1638,0,1639,0,32273
10493,1,29,1638,0,1638,0,32400
10494,1,19,1638,0,1638,0,32526
10495,1,9,1638,0,1638,0,32654
10496,1,-1,1638,0,1638,0,32782
10497,1,-11,1638,0,1638,0,32910
10498,1,-21,1638,0,1638,0,33036
10499,1,-31,1638,0,1639,0,33159
10500,1,-41,1638,0,1639,0,33289
10501,1,-51,1638,0,1639,0,33418
10502,1,-61,1637,0,1638,0,33547
10503,1,-71,1637,0,1639,0,33673
10504,1,-81,1636,0,1638,0,33801
10505,1,-91,1636,0,1639,0,33927
10506,1,-101,1635,0,1639,0,34056
10507,1,-111,1635,0,1639,0,34183
10508,1,-121,1634,0,1639,0,34310
10509,1,-131,1633,0,1638,0,34439
10510,1,-141,1632,0,1639,0,34564
10511,1,-152,1631,0,1639,0,34705
10512,1,-162,1630,0,1638,0,34835
10513,1,-172,1629,0,1638,0,34963
10514,1,-182,1628,0,1638,0,35091
10515,1,-192,1627,0,1639,0,35217
10516,1,-201,1626,0,1638,0,35335
10517,1,-211,1625,0,1639,0,35461
10518,1,-221,1623,0,1638,0,35591
10519,1,-231,1622,0,1639,0,35718
10520,1,-241,1621,0,1639,0,35848
10521,1,-251,1619,0,1639,0,35978
10522,1,-261,1617,0,1638,0,36106
10523,1,-271,1616,0,1639,0,36234
10524,1,-281,1614,0,1638,0,36363
10525,1,-291,1612,0,1638,0,36492
10526,1,-301,1611,0,1639,0,36623
10527,1,-311,1609,0,1639,0,36753
10528,1,-321,1607,0,1639,0,36883
10529,1,-330,1605,0,1639,0,36997
10530,1,-340,1603,0,1639,0,37126
10531,1,-350,1601,0,1639,0,37258
10532,1,-360,1598,0,1638,0,37391
10533,1,-370,1596,0,1638,0,37522
10534,1,-379,1594,0,1639,0,37636
10535,1,-389,1591,0,1638,0,37773
10536,1,-399,1589,0,1639,0,37900
10537,1,-409,1587,0,1639,0,38030
10538,1,-418,1584,0,1638,0,38151
10539,1,-428,1581,0,1638,0,38281
10540,1,-438,1579,0,1639,0,38414
10541,1,-448,1576,0,1639,0,38546
10542,1,-457,1573,0,1638,0,38669
10543,1,-467,1570,0,1638,0,38800
10544,1,-476,1568,0,1639,0,38918
10545,1,-486,1565,0,1639,0,39049
10546,1,-496,1562,0,1639,0,39182
10547,1,-505,1559,0,1639,0,39305
10548,1,-515,1555,0,1638,0,39443
10549,1,-524,1552,0,1639,0,39558
10550,1,-534,1549,0,1639,0,39692
10551,1,-543,1546,0,1639,0,39813
10552,1,-553,1542,0,1639,0,39951
10553,1,-562,1539,0,1639,0,40070
10554,1,-572,1535,0,1639,0,40207
10555,1,-581,1532,0,1639,0,40328
10556,1,-591,1528,0,1639,0,40466
10557,1,-600,1525,0,1639,0,40588
10558,1,-609,1521,0,1639,0,40711
10559,1,-619,1517,0,1639,0,40850
10560,1,-628,1513,0,1638,0,40975
10561,1,-637,1509,0,1638,0,41101
10562,1,-646,1506,0,1639,0,41223
10563,1,-656,1502,0,1640,0,41357
10564,1,-665,1497,0,1638,0,41489
10565,1,-674,1493,0,1638,0,41615
10566,1,-683,1489,0,1638,0,41741
10567,1,-692,1485,0,1639,0,41867
10568,1,-701,1481,0,1639,0,41993
10569,1,-710,1476,0,1638,0,42119
10570,1,-719,1472,0,1639,0,42245
10571,1,-728,1468,0,1639,0,42371
10572,1,-737,1463,0,1638,0,42503
10573,1,-746,1458,0,1638,0,42636
10574,1,-755,1454,0,1639,0,42759
10575,1,-764,1449,0,1638,0,42890
10576,1,-773,1445,0,1639,0,43014
10577,1,-782,1440,0,1639,0,43146
10578,1,-791,1435,0,1639,0,43279
10579,1,-800,1430,0,1639,0,43408
10580,1,-808,1425,0,1638,0,43531
10581,1,-817,1420,0,1639,0,43660
10582,1,-826,1415,0,1639,0,43789
10583,1,-834,1410,0,1638,0,43910
10584,1,-843,1405,0,1639,0,44041
10585,1,-852,1400,0,1639,0,44175
10586,1,-860,1394,0,1638,0,44301
10587,1,-869,1389,0,1639,0,44433
10588,1,-877,1384,0,1639,0,44553
10589,1,-886,1378,0,1639,0,44686
10590,1,-894,1373,0,1639,0,44809
10591,1,-903,1367,0,1639,0,44946
10592,1,-911,1362,0,1639,0,45067
10593,1,-919,1356,0,1638,0,45194
10594,1,-928,1350,0,1638,0,45331
10595,1,-936,1345,0,1639,0,45450
10596,1,-944,1339,0,1639,0,45578
10597,1,-952,1333,0,1638,0,45708
10598,1,-961,1327,0,1639,0,45843
10599,1,-969,1321,0,1639,0,45969
10600,1,-977,1315,0,1639,0,46097
10601,1,-985,1309,0,1638,0,46225
10602,1,-993,1303,0,1638,0,46354
10603,1,-1001,1297,0,1639,0,46483
10604,1,-1009,1291,0,1639,0,46608
10605,1,-1017,1285,0,1639,0,46736
10606,1,-1024,1279,0,1638,0,46854
10607,1,-1032,1272,0,1638,0,46988
10608,1,-1040,1266,0,1639,0,47115
10609,1,-1048,1260,0,1639,0,47241
10610,1,-1056,1253,0,1639,0,47377
10611,1,-1063,1247,0,1639,0,47494
10612,1,-1071,1240,0,1639,0,47631
10613,1,-1078,1233,0,1638,0,47755
10614,1,-1086,1227,0,1639,0,47881
10615,1,-1094,1220,0,1639,0,48015
10616,1,-1101,1213,0,1638,0,48144
10617,1,-1108,1207,0,1638,0,48262
10618,1,-1116,1200,0,1639,0,48400
10619,1,-1123,1193,0,1639,0,48523
10620,1,-1130,1186,0,1638,0,48649
10621,1,-1138,1179,0,1639,0,48785
10622,1,-1145,1172,0,1639,0,48911
10623,1,-1152,1165,0,1638,0,49038
10624,1,-1159,1158,0,1639,0,49164
10625,1,-1166,1151,0,1639,0,49287
10626,1,-1173,1144,0,1639,0,49411
10627,1,-1180,1136,0,1638,0,49548
10628,1,-1187,1129,0,1639,0,49676
10629,1,-1194,1122,0,1639,0,49802
10630,1,-1201,1114,0,1639,0,49935
10631,1,-1208,1107,0,1639,0,50061
10632,1,-1215,1100,0,1639,0,50187
10633,1,-1221,1092,0,1639,0,50312
10634,1,-1228,1085,0,1639,0,50439
10635,1,-1235,1077,0,1639,0,50574
10636,1,-1241,1069,0,1638,0,50704
10637,1,-1248,1062,0,1639,0,50830
10638,1,-1254,1054,0,1638,0,50957
10639,1,-1261,1046,0,1639,0,51091
10640,1,-1267,1039,0,1639,0,51205
10641,1,-1273,1031,0,1639,0,51335
10642,1,-1280,1023,0,1639,0,51469
10643,1,-1286,1015,0,1639,0,51600
10644,1,-1292,1007,0,1638,0,51726
10645,1,-1298,999,0,1638,0,51852
10646,1,-1304,991,0,1638,0,51978
10647,1,-1311,983,0,1639,0,52116
10648,1,-1317,975,0,1639,0,52243
10649,1,-1322,967,0,1638,0,52364
10650,1,-1328,959,0,1638,0,52488
10651,1,-1334,951,0,1639,0,52617
10652,1,-1340,943,0,1639,0,52747
10653,1,-1346,934,0,1639,0,52882
10654,1,-1352,926,0,1639,0,53009
10655,1,-1357,918,0,1639,0,53129
10656,1,-1363,909,0,1639,0,53267
10657,1,-1368,901,0,1638,0,53388
10658,1,-1374,893,0,1639,0,53516
10659,1,-1379,884,0,1638,0,53644
10660,1,-1385,876,0,1639,0,53771
10661,1,-1390,867,0,1639,0,53901
10662,1,-1395,859,0,1639,0,54024
10663,1,-1401,850,0,1639,0,54160
10664,1,-1406,842,0,1639,0,54278
10665,1,-1411,833,0,1639,0,54411
10666,1,-1416,824,0,1639,0,54542
10667,1,-1421,815,0,1638,0,54674
10668,1,-1426,807,0,1639,0,54793
10669,1,-1431,798,0,1639,0,54925
10670,1,-1436,789,0,1639,0,55054
10671,1,-1441,780,0,1639,0,55184
10672,1,-1445,772,0,1638,0,55300
10673,1,-1450,763,0,1639,0,55431
10674,1,-1455,754,0,1639,0,55565
10675,1,-1459,745,0,1638,0,55687
10676,1,-1464,736,0,1639,0,55820
10677,1,-1468,727,0,1638,0,55943
10678,1,-1473,718,0,1639,0,56076
10679,1,-1477,709,0,1639,0,56202
10680,1,-1481,700,0,1638,0,56323
10681,1,-1486,691,0,1639,0,56456
10682,1,-1490,681,0,1639,0,56592
10683,1,-1494,672,0,1638,0,56718
10684,1,-1498,663,0,1638,0,56846
10685,1,-1502,654,0,1639,0,56969
10686,1,-1506,645,0,1638,0,57095
10687,1,-1510,635,0,1638,0,57233
10688,1,-1514,626,0,1638,0,57360
10689,1,-1518,617,0,1639,0,57485
10690,1,-1522,608,0,1639,0,57609
10691,1,-1525,598,0,1638,0,57741
10692,1,-1529,589,0,1639,0,57865
10693,1,-1533,579,0,1639,0,58004
10694,1,-1536,570,0,1639,0,58125
10695,1,-1540,561,0,1639,0,58251
10696,1,-1543,551,0,1639,0,58382
10697,1,-1546,542,0,1638,0,58505
10698,1,-1550,532,0,1639,0,58642
10699,1,-1553,523,0,1639,0,58760
10700,1,-1556,513,0,1639,0,58892
10701,1,-1559,503,0,1638,0,59024
10702,1,-1562,494,0,1639,0,59143
10703,1,-1565,484,0,1638,0,59279
10704,1,-1568,475,0,1639,0,59397
10705,1,-1571,465,0,1639,0,59534
10706,1,-1574,455,0,1639,0,59666
10707,1,-1577,446,0,1639,0,59788
10708,1,-1579,436,0,1639,0,59917
10709,1,-1582,426,0,1639,0,60048
10710,1,-1585,417,0,1639,0,60169
10711,1,-1587,407,0,1639,0,60298
10712,1,-1590,397,0,1639,0,60435
10713,1,-1592,387,0,1638,0,60562
10714,1,-1594,378,0,1638,0,60680
10715,1,-1597,368,0,1639,0,60811
10716,1,-1599,358,0,1639,0,60941
10717,1,-1601,348,0,1639,0,61073
10718,1,-1603,338,0,1638,0,61201
10719,1,-1605,329,0,1638,0,61321
10720,1,-1607,319,0,1639,0,61448
10721,1,-1609,309,0,1639,0,61579
10722,1,-1611,299,0,1639,0,61706
10723,1,-1613,289,0,1639,0,61837
10724,1,-1614,279,0,1638,0,61966
10725,1,-1616,269,0,1639,0,62096
10726,1,-1618,259,0,1639,0,62228
10727,1,-1619,249,0,1638,0,62354
10728,1,-1621,239,0,1639,0,62483
10729,1,-1622,230,0,1638,0,62599
10730,1,-1624,220,0,1639,0,62726
10731,1,-1625,210,0,1639,0,62857
10732,1,-1626,200,0,1639,0,62984
10733,1,-1627,190,0,1638,0,63113
10734,1,-1629,180,0,1639,0,63243
10735,1,-1630,170,0,1639,0,63370
10736,1,-1631,160,0,1639,0,63497
10737,1,-1632,150,0,1639,0,63625
10738,1,-1632,140,0,1638,0,63753
10739,1,-1633,130,0,1638,0,63881
10740,1,-1634,120,0,1639,0,64005
10741,1,-1635,110,0,1639,0,64134
10742,1,-1635,100,0,1639,0,64260
10743,1,-1636,90,0,1639,0,64392
10744,1,-1636,79,0,1638,0,64531
10745,1,-1637,69,0,1639,0,64657
10746,1,-1637,59,0,1638,0,64784
10747,1,-1638,49,0,1639,0,64912
10748,1,-1638,39,0,1639,0,65041
10749,1,-1638,29,0,1638,0,65168
10750,1,-1638,19,0,1638,0,65294
10751,1,-1638,9,0,1638,0,65422
10752,1,-1638,-1,0,1638,0,-65522
10753,1,-1638,-11,0,1638,0,-65394
10754,1,-1638,-21,0,1638,0,-65268
10755,1,-1638,-31,0,1639,0,-65145
10756,1,-1638,-41,0,1639,0,-65015
10757,1,-1638,-51,0,1639,0,-64886
10758,1,-1637,-61,0,1638,0,-64757
10759,1,-1637,-71,0,1639,0,-64631
10760,1,-1636,-81,0,1638,0,-64503
10761,1,-1636,-91,0,1639,0,-64377
10762,1,-1635,-101,0,1639,0,-64248
10763,1,-1635,-111,0,1639,0,-64121
10764,1,-1634,-121,0,1639,0,-63994
10765,1,-1633,-131,0,1638,0,-63865
10766,1,-1632,-141,0,1639,0,-63740
10767,1,-1631,-152,0,1639,0,-63599
10768,1,-1630,-162,0,1638,0,-63469
10769,1,-1629,-172,0,1638,0,-63341
10770,1,-1628,-182,0,1638,0,-63213
10771,1,-1627,-192,0,1639,0,-63087
10772,1,-1626,-201,0,1638,0,-62969
10773,1,-1625,-211,0,1639,0,-62843
10774,1,-1623,-221,0,1638,0,-62713
10775,1,-1622,-231,0,1639,0,-62586
10776,1,-1621,-241,0,1639,0,-62456
10777,1,-1619,-251,0,1639,0,-62326
10778,1,-1617,-261,0,1638,0,-62198
10779,1,-1616,-271,0,1639,0,-62070
10780,1,-1614,-281,0,1638,0,-61941
10781,1,-1612,-291,0,1638,0,-61812
10782,1,-1611,-301,0,1639,0,-61681
10783,1,-1609,-311,0,1639,0,-61551
10784,1,-1607,-321,0,1639,0,-61421
10785,1,-1605,-330,0,1639,0,-61307
10786,1,-1603,-340,0,1639,0,-61178
10787,1,-1601,-350,0,1639,0,-61046
10788,1,-1598,-360,0,1638,0,-60913
10789,1,-1596,-370,0,1638,0,-60782
10790,1,-1594,-379,0,1639,0,-60668
10791,1,-1591,-389,0,1638,0,-60531
10792,1,-1589,-399,0,1639,0,-60404
10793,1,-1587,-409,0,1639,0,-60274
10794,1,-1584,-418,0,1638,0,-60153
10795,1,-1581,-428,0,1638,0,-60023
10796,1,-1579,-438,0,1639,0,-59890
10797,1,-1576,-448,0,1639,0,-59758
10798,1,-1573,-457,0,1638,0,-59635
10799,1,-1570,-467,0,1638,0,-59504
10800,1,-1568,-476,0,1639,0,-59386
10801,1,-1565,-486,0,1639,0,-59255
10802,1,-1562,-496,0,1639,0,-59122
10803,1,-1559,-505,0,1639,0,-58999
10804,1,-1555,-515,0,1638,0,-58861
10805,1,-1552,-524,0,1639,0,-58746
10806,1,-1549,-534,0,1639,0,-58612
10807,1,-1546,-543,0,1639,0,-58491
10808,1,-1542,-553,0,1639,0,-58353
10809,1,-1539,-562,0,1639,0,-58234
10810,1,-1535,-572,0,1639,0,-58097
10811,1,-1532,-581,0,1639,0,-57976
10812,1,-1528,-591,0,1639,0,-57838
10813,1,-1525,-600,0,1639,0,-57716
10814,1,-1521,-609,0,1639,0,-57593
10815,1,-1517,-619,0,1639,0,-57454
10816,1,-1513,-628,0,1638,0,-57329
10817,1,-1509,-637,0,1638,0,-57203
10818,1,-1506,-646,0,1639,0,-57081
10819,1,-1502,-656,0,1640,0,-56947
10820,1,-1497,-665,0,1638,0,-56815
10821,1,-1493,-674,0,1638,0,-56689
10822,1,-1489,-683,0,1638,0,-56563
10823,1,-1485,-692,0,1639,0,-56437
10824,1,-1481,-701,0,1639,0,-56311
10825,1,-1476,-710,0,1638,0,-56185
10826,1,-1472,-719,0,1639,0,-56059
10827,1,-1468,-728,0,1639,0,-55933
10828,1,-1463,-737,0,1638,0,-55801
10829,1,-1458,-746,0,1638,0,-55668
10830,1,-1454,-755,0,1639,0,-55545
10831,1,-1449,-764,0,1638,0,-55414
10832,1,-1445,-773,0,1639,0,-55290
10833,1,-1440,-782,0,1639,0,-55158
10834,1,-1435,-791,0,1639,0,-55025
10835,1,-1430,-800,0,1639,0,-54896
10836,1,-1425,-808,0,1638,0,-54773
10837,1,-1420,-817,0,1639,0,-54644
10838,1,-1415,-826,0,1639,0,-54515
10839,1,-1410,-834,0,1638,0,-54394
10840,1,-1405,-843,0,1639,0,-54263
10841,1,-1400,-852,0,1639,0,-54129
10842,1,-1394,-860,0,1638,0,-54003
10843,1,-1389,-869,0,1639,0,-53871
10844,1,-1384,-877,0,1639,0,-53751
10845,1,-1378,-886,0,1639,0,-53618
10846,1,-1373,-894,0,1639,0,-53495
10847,1,-1367,-903,0,1639,0,-53358
10848,1,-1362,-911,0,1639,0,-53237
10849,1,-1356,-919,0,1638,0,-53110
10850,1,-1350,-928,0,1638,0,-52973
10851,1,-1345,-936,0,1639,0,-52854
10852,1,-1339,-944,0,1639,0,-52726
10853,1,-1333,-952,0,1638,0,-52596
10854,1,-1327,-961,0,1639,0,-52461
10855,1,-1321,-969,0,1639,0,-52335
10856,1,-1315,-977,0,1639,0,-52207
10857,1,-1309,-985,0,1638,0,-52079
10858,1,-1303,-993,0,1638,0,-51950
10859,1,-1297,-1001,0,1639,0,-51821
10860,1,-1291,-1009,0,1639,0,-51696
10861,1,-1285,-1017,0,1639,0,-51568
10862,1,-1279,-1024,0,1638,0,-51450
10863,1,-1272,-1032,0,1638,0,-51316
10864,1,-1266,-1040,0,1639,0,-51189
10865,1,-1260,-1048,0,1639,0,-51063
10866,1,-1253,-1056,0,1639,0,-50927
10867,1,-1247,-1063,0,1639,0,-50810
10868,1,-1240,-1071,0,1639,0,-50673
10869,1,-1233,-1078,0,1638,0,-50549
10870,1,-1227,-1086,0,1639,0,-50423
10871,1,-1220,-1094,0,1639,0,-50289
10872,1,-1213,-1101,0,1638,0,-50160
10873,1,-1207,-1108,0,1638,0,-50042
10874,1,-1200,-1116,0,1639,0,-49904
10875,1,-1193,-1123,0,1639,0,-49781
10876,1,-1186,-1130,0,1638,0,-49655
10877,1,-1179,-1138,0,1639,0,-49519
10878,1,-1172,-1145,0,1639,0,-49393
10879,1,-1165,-1152,0,1638,0,-49266
10880,1,-1158,-1159,0,1639,0,-49140
10881,1,-1151,-1166,0,1639,0,-49017
10882,1,-1144,-1173,0,1639,0,-48893
10883,1,-1136,-1180,0,1638,0,-48756
10884,1,-1129,-1187,0,1639,0,-48628
10885,1,-1122,-1194,0,1639,0,-48502
10886,1,-1114,-1201,0,1639,0,-48369
10887,1,-1107,-1208,0,1639,0,-48243
10888,1,-1100,-1215,0,1639,0,-48117
10889,1,-1092,-1221,0,1639,0,-47992
10890,1,-1085,-1228,0,1639,0,-47865
10891,1,-1077,-1235,0,1639,0,-47730
10892,1,-1069,-1241,0,1638,0,-47600
10893,1,-1062,-1248,0,1639,0,-47474
10894,1,-1054,-1254,0,1638,0,-47347
10895,1,-1046,-1261,0,1639,0,-47213
10896,1,-1039,-1267,0,1639,0,-47099
10897,1,-1031,-1273,0,1639,0,-46969
10898,1,-1023,-1280,0,1639,0,-46835
10899,1,-1015,-1286,0,1639,0,-46704
10900,1,-1007,-1292,0,1638,0,-46578
10901,1,-999,-1298,0,1638,0,-46452
10902,1,-991,-1304,0,1638,0,-46326
10903,1,-983,-1311,0,1639,0,-46188
10904,1,-975,-1317,0,1639,0,-46061
10905,1,-967,-1322,0,1638,0,-45940
10906,1,-959,-1328,0,1638,0,-45816
10907,1,-951,-1334,0,1639,0,-45687
10908,1,-943,-1340,0,1639,0,-45557
10909,1,-934,-1346,0,1639,0,-45422
10910,1,-926,-1352,0,1639,0,-45295
10911,1,-918,-1357,0,1639,0,-45175
10912,1,-909,-1363,0,1639,0,-45037
10913,1,-901,-1368,0,1638,0,-44916
10914,1,-893,-1374,0,1639,0,-44788
10915,1,-884,-1379,0,1638,0,-44660
10916,1,-876,-1385,0,1639,0,-44533
10917,1,-867,-1390,0,1639,0,-44403
10918,1,-859,-1395,0,1639,0,-44280
10919,1,-850,-1401,0,1639,0,-44144
10920,1,-842,-1406,0,1639,0,-44026
10921,1,-833,-1411,0,1639,0,-43893
10922,1,-824,-1416,0,1639,0,-43762
10923,1,-815,-1421,0,1638,0,-43630
10924,1,-807,-1426,0,1639,0,-43511
10925,1,-798,-1431,0,1639,0,-43379
10926,1,-789,-1436,0,1639,0,-43250
10927,1,-780,-1441,0,1639,0,-43120
10928,1,-772,-1445,0,1638,0,-43004
10929,1,-763,-1450,0,1639,0,-42873
10930,1,-754,-1455,0,1639,0,-42739
10931,1,-745,-1459,0,1638,0,-42617
10932,1,-736,-1464,0,1639,0,-42484
10933,1,-727,-1468,0,1638,0,-42361
10934,1,-718,-1473,0,1639,0,-42228
10935,1,-709,-1477,0,1639,0,-42102
10936,1,-700,-1481,0,1638,0,-41981
10937,1,-691,-1486,0,1639,0,-41848
10938,1,-681,-1490,0,1639,0,-41712
10939,1,-672,-1494,0,1638,0,-41586
10940,1,-663,-1498,0,1638,0,-41458
10941,1,-654,-1502,0,1639,0,-41335
10942,1,-645,-1506,0,1638,0,-41209
10943,1,-635,-1510,0,1638,0,-41071
10944,1,-626,-1514,0,1638,0,-40944
10945,1,-617,-1518,0,1639,0,-40819
10946,1,-608,-1522,0,1639,0,-40695
10947,1,-598,-1525,0,1638,0,-40563
10948,1,-589,-1529,0,1639,0,-40439
10949,1,-579,-1533,0,1639,0,-40300
10950,1,-570,-1536,0,1639,0,-40179
10951,1,-561,-1540,0,1639,0,-40053
10952,1,-551,-1543,0,1639,0,-39922
10953,1,-542,-1546,0,1638,0,-39799
10954,1,-532,-1550,0,1639,0,-39662
10955,1,-523,-1553,0,1639,0,-39544
10956,1,-513,-1556,0,1639,0,-39412
10957,1,-503,-1559,0,1638,0,-39280
10958,1,-494,-1562,0,1639,0,-39161
10959,1,-484,-1565,0,1638,0,-39025
10960,1,-475,-1568,0,1639,0,-38907
10961,1,-465,-1571,0,1639,0,-38770
10962,1,-455,-1574,0,1639,0,-38638
10963,1,-446,-1577,0,1639,0,-38516
10964,1,-436,-1579,0,1639,0,-38387
10965,1,-426,-1582,0,1639,0,-38256
10966,1,-417,-1585,0,1639,0,-38135
10967,1,-407,-1587,0,1639,0,-38006
10968,1,-397,-1590,0,1639,0,-37869
10969,1,-387,-1592,0,1638,0,-37742
10970,1,-378,-1594,0,1638,0,-37624
10971,1,-368,-1597,0,1639,0,-37493
10972,1,-358,-1599,0,1639,0,-37363
10973,1,-348,-1601,0,1639,0,-37231
10974,1,-338,-1603,0,1638,0,-37103
10975,1,-329,-1605,0,1638,0,-36983
10976,1,-319,-1607,0,1639,0,-36856
10977,1,-309,-1609,0,1639,0,-36725
10978,1,-299,-1611,0,1639,0,-36598
10979,1,-289,-1613,0,1639,0,-36467
10980,1,-279,-1614,0,1638,0,-36338
10981,1,-269,-1616,0,1639,0,-36208
10982,1,-259,-1618,0,1639,0,-36076
10983,1,-249,-1619,0,1638,0,-35950
10984,1,-239,-1621,0,1639,0,-35821
10985,1,-230,-1622,0,1638,0,-35705
10986,1,-220,-1624,0,1639,0,-35578
10987,1,-210,-1625,0,1639,0,-35447
10988,1,-200,-1626,0,1639,0,-35320
10989,1,-190,-1627,0,1638,0,-35191
10990,1,-180,-1629,0,1639,0,-35061
10991,1,-170,-1630,0,1639,0,-34934
10992,1,-160,-1631,0,1639,0,-34807
10993,1,-150,-1632,0,1639,0,-34679
10994,1,-140,-1632,0,1638,0,-34551
10995,1,-130,-1633,0,1638,0,-34423
10996,1,-120,-1634,0,1639,0,-34299
10997,1,-110,-1635,0,1639,0,-34170
10998,1,-100,-1635,0,1639,0,-34044
10999,1,-90,-1636,0,1639,0,-33912
11000,1,-79,-1636,0,1638,0,-33773
11001,1,-69,-1637,0,1639,0,-33647
11002,1,-59,-1637,0,1638,0,-33520
11003,1,-49,-1638,0,1639,0,-33392
11004,1,-39,-1638,0,1639,0,-33263
11005,1,-29,-1638,0,1638,0,-33136
11006,1,-19,-1638,0,1638,0,-33010
11007,1,-9,-1638,0,1638,0,-32882
11008,1,1,-1638,0,1638,0,-32754
11009,1,11,-1638,0,1638,0,-32626
11010,1,21,-1638,0,1638,0,-32500
11011,1,31,-1638,0,1639,0,-32377
11012,1,41,-1638,0,1639,0,-32247
11013,1,51,-1638,0,1639,0,-32118
11014,1,61,-1637,0,1638,0,-31989
11015,1,71,-1637,0,1639,0,-31863
11016,1,81,-1636,0,1638,0,-31735
11017,1,91,-1636,0,1639,0,-31609
11018,1,101,-1635,0,1639,0,-31480
11019,1,111,-1635,0,1639,0,-31353
11020,1,121,-1634,0,1639,0,-31226
11021,1,131,-1633,0,1638,0,-31097
11022,1,141,-1632,0,1639,0,-30972
11023,1,152,-1631,0,1639,0,-30831
11024,1,162,-1630,0,1638,0,-30701
11025,1,172,-1629,0,1638,0,-30573
11026,1,182,-1628,0,1638,0,-30445
11027,1,192,-1627,0,1639,0,-30319
11028,1,201,-1626,0,1638,0,-30201
11029,1,211,-1625,0,1639,0,-30075
11030,1,221,-1623,0,1638,0,-29945
11031,1,231,-1622,0,1639,0,-29818
11032,1,241,-1621,0,1639,0,-29688
11033,1,251,-1619,0,1639,0,-29558
11034,1,261,-1617,0,1638,0,-29430
11035,1,271,-1616,0,1639,0,-29302
11036,1,281,-1614,0,1638,0,-29173
11037,1,291,-1612,0,1638,0,-29044
11038,1,301,-1611,0,1639,0,-28913
11039,1,311,-1609,0,1639,0,-28783
11040,1,321,-1607,0,1639,0,-28653
11041,1,330,-1605,0,1639,0,-28539
11042,1,340,-1603,0,1639,0,-28410
11043,1,350,-1601,0,1639,0,-28278
11044,1,360,-1598,0,1638,0,-28145
11045,1,370,-1596,0,1638,0,-28014
11046,1,379,-1594,0,1639,0,-27900
11047,1,389,-1591,0,1638,0,-27763
11048,1,399,-1589,0,1639,0,-27636
11049,1,409,-1587,0,1639,0,-27506
11050,1,418,-1584,0,1638,0,-27385
11051,1,428,-1581,0,1638,0,-27255
11052,1,438,-1579,0,1639,0,-27122
11053,1,448,-1576,0,1639,0,-26990
11054,1,457,-1573,0,1638,0,-26867
11055,1,467,-1570,0,1638,0,-26736
11056,1,476,-1568,0,1639,0,-26618
11057,1,486,-1565,0,1639,0,-26487
11058,1,496,-1562,0,1639,0,-26354
11059,1,505,-1559,0,1639,0,-26231
11060,1,515,-1555,0,1638,0,-26093
11061,1,524,-1552,0,1639,0,-25978
11062,1,534,-1549,0,1639,0,-25844
11063,1,543,-1546,0,1639,0,-25723
11064,1,553,-1542,0,1639,0,-25585
11065,1,562,-1539,0,1639,0,-25466
11066,1,572,-1535,0,1639,0,-25329
11067,1,581,-1532,0,1639,0,-25208
11068,1,591,-1528,0,1639,0,-25070
11069,1,600,-1525,0,1639,0,-24948
11070,1,609,-1521,0,1639,0,-24825
11071,1,619,-1517,0,1639,0,-24686
11072,1,628,-1513,0,1638,0,-24561
11073,1,637,-1509,0,1638,0,-24435
11074,1,646,-1506,0,1639,0,-24313
11075,1,656,-1502,0,1640,0,-24179
11076,1,665,-1497,0,1638,0,-24047
11077,1,674,-1493,0,1638,0,-23921
11078,1,683,-1489,0,1638,0,-23795
11079,1,692,-1485,0,1639,0,-23669
11080,1,701,-1481,0,1639,0,-23543
11081,1,710,-1476,0,1638,0,-23417
11082,1,719,-1472,0,1639,0,-23291
11083,1,728,-1468,0,1639,0,-23165
11084,1,737,-1463,0,1638,0,-23033
11085,1,746,-1458,0,1638,0,-22900
11086,1,755,-1454,0,1639,0,-22777
11087,1,764,-1449,0,1638,0,-22646
11088,1,773,-1445,0,1639,0,-22522
11089,1,782,-1440,0,1639,0,-22390
11090,1,791,-1435,0,1639,0,-22257
11091,1,800,-1430,0,1639,0,-22128
11092,1,808,-1425,0,1638,0,-22005
11093,1,817,-1420,0,1639,0,-21876
11094,1,826,-1415,0,1639,0,-21747
11095,1,834,-1410,0,1638,0,-21626
11096,1,843,-1405,0,1639,0,-21495
11097,1,852,-1400,0,1639,0,-21361
11098,1,860,-1394,0,1638,0,-21235
11099,1,869,-1389,0,1639,0,-21103
11100,1,877,-1384,0,1639,0,-20983
11101,1,886,-1378,0,1639,0,-20850
11102,1,894,-1373,0,1639,0,-20727
11103,1,903,-1367,0,1639,0,-20590
11104,1,911,-1362,0,1639,0,-20469
11105,1,919,-1356,0,1638,0,-20342
11106,1,928,-1350,0,1638,0,-20205
11107,1,936,-1345,0,1639,0,-20086
11108,1,944,-1339,0,1639,0,-19958
11109,1,952,-1333,0,1638,0,-19828
11110,1,961,-1327,0,1639,0,-19693
11111,1,969,-1321,0,1639,0,-19567
11112,1,977,-1315,0,1639,0,-19439
11113,1,985,-1309,0,1638,0,-19311
11114,1,993,-1303,0,1638,0,-19182
11115,1,1001,-1297,0,1639,0,-19053
11116,1,1009,-1291,0,1639,0,-18928
11117,1,1017,-1285,0,1639,0,-18800
11118,1,1024,-1279,0,1638,0,-18682
11119,1,1032,-1272,0,1638,0,-18548
11120,1,1040,-1266,0,1639,0,-18421
11121,1,1048,-1260,0,1639,0,-18295
11122,1,1056,-1253,0,1639,0,-18159
11123,1,1063,-1247,0,1639,0,-18042
11124,1,1071,-1240,0,1639,0,-17905
11125,1,1078,-1233,0,1638,0,-17781
11126,1,1086,-1227,0,1639,0,-17655
11127,1,1094,-1220,0,1639,0,-17521
11128,1,1101,-1213,0,1638,0,-17392
11129,1,1108,-1207,0,1638,0,-17274
11130,1,1116,-1200,0,1639,0,-17136
11131,1,1123,-1193,0,1639,0,-17013
11132,1,1130,-1186,0,1638,0,-16887
11133,1,1138,-1179,0,1639,0,-16751
11134,1,1145,-1172,0,1639,0,-16625
11135,1,1152,-1165,0,1638,0,-16498
11136,1,1159,-1158,0,1639,0,-16372
11137,1,1166,-1151,0,1639,0,-16249
11138,1,1173,-1144,0,1639,0,-16125
11139,1,1180,-1136,0,1638,0,-15988
11140,1,1187,-1129,0,1639,0,-15860
11141,1,1194,-1122,0,1639,0,-15734
11142,1,1201,-1114,0,1639,0,-15601
11143,1,1208,-1107,0,1639,0,-15475
11144,1,1215,-1100,0,1639,0,-15349
11145,1,1221,-1092,0,1639,0,-15224
11146,1,1228,-1085,0,1639,0,-15097
11147,1,1235,-1077,0,1639,0,-14962
11148,1,1241,-1069,0,1638,0,-14832
11149,1,1248,-1062,0,1639,0,-14706
11150,1,1254,-1054,0,1638,0,-14579
11151,1,1261,-1046,0,1639,0,-14445
11152,1,1267,-1039,0,1639,0,-14331
11153,1,1273,-1031,0,1639,0,-14201
11154,1,1280,-1023,0,1639,0,-14067
11155,1,1286,-1015,0,1639,0,-13936
11156,1,1292,-1007,0,1638,0,-13810
11157,1,1298,-999,0,1638,0,-13684
11158,1,1304,-991,0,1638,0,-13558
11159,1,1311,-983,0,1639,0,-13420
11160,1,1317,-975,0,1639,0,-13293
11161,1,1322,-967,0,1638,0,-13172
11162,1,1328,-959,0,1638,0,-13048
11163,1,1334,-951,0,1639,0,-12919
11164,1,1340,-943,0,1639,0,-12789
11165,1,1346,-934,0,1639,0,-12654
11166,1,1352,-926,0,1639,0,-12527
11167,1,1357,-918,0,1639,0,-12407
11168,1,1363,-909,0,1639,0,-12269
11169,1,1368,-901,0,1638,0,-12148
11170,1,1374,-893,0,1639,0,-12020
11171,1,1379,-884,0,1638,0,-11892
11172,1,1385,-876,0,1639,0,-11765
11173,1,1390,-867,0,1639,0,-11635
11174,1,1395,-859,0,1639,0,-11512
11175,1,1401,-850,0,1639,0,-11376
11176,1,1406,-842,0,1639,0,-11258
11177,1,1411,-833,0,1639,0,-11125
11178,1,1416,-824,0,1639,0,-10994
11179,1,1421,-815,0,1638,0,-10862
11180,1,1426,-807,0,1639,0,-10743
11181,1,1431,-798,0,1639,0,-10611
11182,1,1436,-789,0,1639,0,-10482
11183,1,1441,-780,0,1639,0,-10352
11184,1,1445,-772,0,1638,0,-10236
11185,1,1450,-763,0,1639,0,-10105
11186,1,1455,-754,0,1639,0,-9971
11187,1,1459,-745,0,1638,0,-9849
11188,1,1464,-736,0,1639,0,-9716
11189,1,1468,-727,0,1638,0,-9593
11190,1,1473,-718,0,1639,0,-9460
11191,1,1477,-709,0,1639,0,-9334
11192,1,1481,-700,0,1638,0,-9213
11193,1,1486,-691,0,1639,0,-9080
11194,1,1490,-681,0,1639,0,-8944
11195,1,1494,-672,0,1638,0,-8818
11196,1,1498,-663,0,1638,0,-8690
11197,1,1502,-654,0,1639,0,-8567
11198,1,1506,-645,0,1638,0,-8441
11199,1,1510,-635,0,1638,0,-8303
11200,1,1514,-626,0,1638,0,-8176
11201,1,1518,-617,0,1639,0,-8051
11202,1,1522,-608,0,1639,0,-7927
11203,1,1525,-598,0,1638,0,-7795
11204,1,1529,-589,0,1639,0,-7671
11205,1,1533,-579,0,1639,0,-7532
11206,1,1536,-570,0,1639,0,-7411
11207,1,1540,-561,0,1639,0,-7285
11208,1,1543,-551,0,1639,0,-7154
11209,1,1546,-542,0,1638,0,-7031
11210,1,1550,-532,0,1639,0,-6894
11211,1,1553,-523,0,1639,0,-6776
11212,1,1556,-513,0,1639,0,-6644
11213,1,1559,-503,0,1638,0,-6512
11214,1,1562,-494,0,1639,0,-6393
11215,1,1565,-484,0,1638,0,-6257
11216,1,1568,-475,0,1639,0,-6139
11217,1,1571,-465,0,1639,0,-6002
11218,1,1574,-455,0,1639,0,-5870
11219,1,1577,-446,0,1639,0,-5748
11220,1,1579,-436,0,1639,0,-5619
11221,1,1582,-426,0,1639,0,-5488
11222,1,1585,-417,0,1639,0,-5367
11223,1,1587,-407,0,1639,0,-5238
11224,1,1590,-397,0,1639,0,-5101
11225,1,1592,-387,0,1638,0,-4974
11226,1,1594,-378,0,1638,0,-4856
11227,1,1597,-368,0,1639,0,-4725
11228,1,1599,-358,0,1639,0,-4595
11229,1,1601,-348,0,1639,0,-4463
11230,1,1603,-338,0,1638,0,-4335
11231,1,1605,-329,0,1638,0,-4215
11232,1,1607,-319,0,1639,0,-4088
11233,1,1609,-309,0,1639,0,-3957
11234,1,1611,-299,0,1639,0,-3830
11235,1,1613,-289,0,1639,0,-3699
11236,1,1614,-279,0,1638,0,-3570
11237,1,1616,-269,0,1639,0,-3440
11238,1,1618,-259,0,1639,0,-3308
11239,1,1619,-249,0,1638,0,-3182
11240,1,1621,-239,0,1639,0,-3053
11241,1,1622,-230,0,1638,0,-2937
11242,1,1624,-220,0,1639,0,-2810
11243,1,1625,-210,0,1639,0,-2679
11244,1,1626,-200,0,1639,0,-2552
11245,1,1627,-190,0,1638,0,-2423
11246,1,1629,-180,0,1639,0,-2293
11247,1,1630,-170,0,1639,0,-2166
11248,1,1631,-160,0,1639,0,-2039
11249,1,1632,-150,0,1639,0,-1911
11250,1,1632,-140,0,1638,0,-1783
11251,1,1633,-130,0,1638,0,-1655
11252,1,1634,-120,0,1639,0,-1531
11253,1,1635,-110,0,1639,0,-1402
11254,1,1635,-100,0,1639,0,-1276
11255,1,1636,-90,0,1639,0,-1144
11256,1,1636,-79,0,1638,0,-1005
11257,1,1637,-69,0,1639,0,-879
11258,1,1637,-59,0,1638,0,-752
11259,1,1638,-49,0,1639,0,-624
11260,1,1638,-39,0,1639,0,-495
11261,1,1638,-29,0,1638,0,-368
11262,1,1638,-19,0,1638,0,-242
11263,1,1638,-9,0,1638,0,-114
11264,1,45875,26,0,45875,-1,12
11265,1,45874,308,0,45875,1,140
11266,1,45871,589,0,45875,-1,268
11267,1,45867,870,0,45876,1,395
11268,1,45861,1152,0,45876,0,524
11269,1,45853,1433,0,45876,1,651
11270,1,45843,1715,0,45875,1,780
11271,1,45832,1996,0,45876,-1,908
11272,1,45819,2277,0,45876,0,1036
11273,1,45804,2558,0,45876,-1,1164
11274,1,45787,2839,0,45875,1,1292
11275,1,45769,3120,0,45876,-1,1420
11276,1,45749,3401,0,45875,1,1548
11277,1,45727,3681,0,45875,-1,1676
11278,1,45704,3962,0,45876,1,1803
11279,1,45679,4242,0,45876,-1,1932
11280,1,45652,4522,0,45876,1,2059
11281,1,45623,4802,0,45875,0,2188
11282,1,45593,5082,0,45876,1,2315
11283,1,45561,5362,0,45876,0,2444
11284,1,45527,5641,0,45876,1,2571
11285,1,45492,5921,0,45876,1,2700
11286,1,45454,6200,0,45875,0,2828
11287,1,45415,6479,0,45875,-1,2956
11288,1,45375,6757,0,45876,0,3084
11289,1,45333,7035,0,45876,-1,3212
11290,1,45289,7313,0,45876,0,3340
11291,1,45243,7591,0,45876,-1,3468
11292,1,45195,7869,0,45875,1,3595
11293,1,45146,8146,0,45875,0,3724
11294,1,45095,8423,0,45875,1,3851
11295,1,45043,8699,0,45876,-1,3980
11296,1,44989,8975,0,45876,1,4107
11297,1,44933,9251,0,45876,0,4236
11298,1,44875,9527,0,45876,-1,4364
11299,1,44816,9802,0,45876,1,4491
11300,1,44755,10077,0,45876,0,4620
11301,1,44692,10351,0,45875,1,4747
11302,1,44628,10625,0,45876,-1,4876
11303,1,44562,10899,0,45876,-1,5005
11304,1,44494,11172,0,45876,0,5132
11305,1,44425,11445,0,45876,-1,5261
11306,1,44354,11717,0,45876,0,5388
11307,1,44281,11989,0,45876,-1,5516
11308,1,44206,12261,0,45875,-1,5645
11309,1,44130,12532,0,45875,0,5772
11310,1,44053,12802,0,45876,1,5899
11311,1,43973,13072,0,45875,0,6028
11312,1,43892,13342,0,45875,-1,6156
11313,1,43810,13611,0,45876,0,6284
11314,1,43725,13879,0,45875,-1,6412
11315,1,43639,14147,0,45875,0,6540
11316,1,43552,14415,0,45876,-1,6668
11317,1,43462,14682,0,45876,-1,6796
11318,1,43371,14948,0,45875,0,6924
11319,1,43279,15214,0,45876,-1,7052
11320,1,43185,15479,0,45876,0,7180
11321,1,43089,15744,0,45876,-1,7308
11322,1,42992,16008,0,45876,1,7435
11323,1,42893,16272,0,45876,0,7564
11324,1,42792,16535,0,45876,1,7691
11325,1,42690,16797,0,45876,0,7820
11326,1,42586,17058,0,45876,1,7947
11327,1,42480,17319,0,45875,0,8076
11328,1,42373,17580,0,45875,-1,8204
11329,1,42265,17839,0,45876,0,8331
11330,1,42154,18098,0,45875,-1,8460
11331,1,42042,18357,0,45875,1,8587
11332,1,41929,18614,0,45875,-1,8716
11333,1,41814,18871,0,45875,1,8843
11334,1,41697,19127,0,45875,0,8972
11335,1,41579,19383,0,45875,-1,9100
11336,1,41460,19638,0,45876,0,9228
11337,1,41338,19892,0,45876,0,9356
11338,1,41215,20145,0,45875,1,9483
11339,1,41091,20398,0,45876,0,9612
11340,1,40965,20649,0,45875,1,9739
11341,1,40838,20900,0,45876,0,9868
11342,1,40709,21150,0,45876,1,9995
11343,1,40578,21400,0,45876,0,10124
11344,1,40446,21648,0,45875,1,10251
11345,1,40312,21896,0,45875,0,10380
11346,1,40177,22143,0,45875,-1,10508
11347,1,40041,22389,0,45876,1,10635
11348,1,39903,22634,0,45876,0,10764
11349,1,39763,22879,0,45876,-1,10892
11350,1,39622,23122,0,45876,0,11020
11351,1,39479,23365,0,45875,-1,11148
11352,1,39335,23607,0,45875,1,11276
11353,1,39189,23848,0,45875,0,11404
11354,1,39042,24088,0,45875,1,11532
11355,1,38894,24327,0,45875,0,11660
11356,1,38744,24565,0,45875,1,11787
11357,1,38592,24802,0,45875,0,11916
11358,1,38440,25039,0,45876,1,12043
11359,1,38285,25274,0,45875,0,12172
11360,1,38129,25509,0,45876,-1,12300
11361,1,37972,25742,0,45875,0,12428
11362,1,37813,25975,0,45875,0,12556
11363,1,37653,26206,0,45875,1,12684
11364,1,37492,26437,0,45876,-1,12812
11365,1,37329,26666,0,45875,1,12940
11366,1,37165,26895,0,45876,0,13068
11367,1,36999,27122,0,45875,2,13195
11368,1,36832,27349,0,45876,0,13324
11369,1,36663,27574,0,45875,-1,13452
11370,1,36493,27799,0,45875,1,13580
11371,1,36322,28022,0,45875,-1,13708
11372,1,36150,28244,0,45876,0,13835
11373,1,35976,28466,0,45876,0,13964
11374,1,35800,28686,0,45875,2,14091
11375,1,35624,28905,0,45876,-1,14220
11376,1,35445,29123,0,45875,1,14347
11377,1,35266,29340,0,45875,1,14475
11378,1,35085,29556,0,45875,0,14604
11379,1,34903,29771,0,45875,-1,14733
11380,1,34720,29984,0,45875,-1,14860
11381,1,34535,30197,0,45875,-1,14989
11382,1,34350,30408,0,45876,-1,15116
11383,1,34162,30618,0,45875,1,15243
11384,1,33974,30827,0,45875,0,15372
11385,1,33784,31035,0,45875,-1,15501
11386,1,33593,31242,0,45876,0,15628
11387,1,33401,31447,0,45876,-1,15756
11388,1,33207,31652,0,45876,1,15883
11389,1,33012,31855,0,45875,0,16012
11390,1,32816,32057,0,45875,-1,16140
11391,1,32619,32258,0,45876,0,16268
11392,1,32420,32457,0,45875,0,16396
11393,1,32220,32655,0,45875,-1,16524
11394,1,32020,32852,0,45876,0,16652
11395,1,31817,33048,0,45875,-1,16780
11396,1,31614,33243,0,45876,0,16908
11397,1,31409,33436,0,45875,-1,17036
11398,1,31204,33628,0,45876,1,17163
11399,1,30997,33819,0,45876,0,17292
11400,1,30789,34009,0,45876,-1,17420
11401,1,30579,34197,0,45875,1,17548
11402,1,30369,34384,0,45875,-1,17676
11403,1,30157,34570,0,45876,1,17804
11404,1,29945,34754,0,45876,-1,17932
11405,1,29731,34937,0,45875,1,18059
11406,1,29516,35119,0,45875,0,18188
11407,1,29300,35299,0,45875,1,18315
11408,1,29083,35479,0,45876,0,18444
11409,1,28865,35656,0,45876,-1,18572
11410,1,28645,35833,0,45876,1,18700
11411,1,28425,36008,0,45876,0,18828
11412,1,28203,36182,0,45876,-1,18957
11413,1,27981,36354,0,45876,-1,19084
11414,1,27757,36525,0,45875,1,19211
11415,1,27533,36695,0,45876,0,19340
11416,1,27307,36863,0,45876,-1,19469
11417,1,27080,37030,0,45876,1,19596
11418,1,26852,37195,0,45875,0,19724
11419,1,26624,37359,0,45875,1,19851
11420,1,26394,37522,0,45876,0,19980
11421,1,26163,37683,0,45875,-1,20109
11422,1,25932,37843,0,45876,0,20236
11423,1,25699,38001,0,45875,1,20363
11424,1,25465,38158,0,45875,0,20492
11425,1,25231,38314,0,45876,-1,20620
11426,1,24995,38468,0,45875,1,20748
11427,1,24759,38621,0,45876,-1,20876
11428,1,24521,38772,0,45876,1,21003
11429,1,24283,38921,0,45875,-1,21132
11430,1,24043,39070,0,45876,-1,21261
11431,1,23803,39217,0,45876,0,21388
11432,1,23562,39362,0,45876,1,21515
11433,1,23320,39506,0,45876,0,21644
11434,1,23077,39648,0,45875,-1,21772
11435,1,22834,39789,0,45876,0,21900
11436,1,22589,39928,0,45875,-1,22028
11437,1,22344,40066,0,45875,0,22156
11438,1,22097,40202,0,45875,0,22284
11439,1,21850,40337,0,45875,1,22411
11440,1,21602,40471,0,45876,1,22540
11441,1,21354,40602,0,45875,1,22667
11442,1,21104,40733,0,45876,1,22796
11443,1,20854,40861,0,45875,-1,22924
11444,1,20603,40989,0,45876,1,23052
11445,1,20351,41114,0,45875,-1,23180
11446,1,20098,41238,0,45875,1,23308
11447,1,19845,41361,0,45875,-1,23436
11448,1,19591,41482,0,45876,1,23563
11449,1,19336,41601,0,45875,0,23692
11450,1,19080,41719,0,45875,-1,23820
11451,1,18824,41835,0,45875,0,23948
11452,1,18567,41950,0,45875,-1,24076
11453,1,18309,42063,0,45875,1,24203
11454,1,18051,42175,0,45876,-1,24332
11455,1,17791,42285,0,45875,1,24459
11456,1,17532,42393,0,45875,-1,24588
11457,1,17271,42500,0,45875,-1,24717
11458,1,17010,42605,0,45876,1,24844
11459,1,16748,42709,0,45876,0,24972
11460,1,16486,42811,0,45876,1,25099
11461,1,16223,42911,0,45875,0,25228
11462,1,15959,43010,0,45876,-1,25357
11463,1,15695,43107,0,45875,0,25484
11464,1,15430,43202,0,45875,-1,25613
11465,1,15165,43296,0,45875,0,25740
11466,1,14899,43388,0,45875,-1,25869
11467,1,14633,43479,0,45876,0,25996
11468,1,14365,43568,0,45875,0,26124
11469,1,14098,43655,0,45875,1,26251
11470,1,13830,43741,0,45876,0,26380
11471,1,13561,43825,0,45876,-1,26508
11472,1,13292,43907,0,45875,0,26636
11473,1,13022,43988,0,45875,-1,26764
11474,1,12752,44067,0,45875,1,26892
11475,1,12482,44145,0,45876,-1,27020
11476,1,12210,44220,0,45875,1,27148
11477,1,11939,44294,0,45875,0,27276
11478,1,11667,44367,0,45876,1,27403
11479,1,11394,44438,0,45876,1,27532
11480,1,11122,44507,0,45876,-1,27660
11481,1,10848,44574,0,45875,1,27788
11482,1,10575,44640,0,45876,-1,27916
11483,1,10300,44704,0,45875,1,28043
11484,1,10026,44766,0,45875,-1,28172
11485,1,9751,44827,0,45876,1,28299
11486,1,9476,44886,0,45876,0,28428
11487,1,9200,44943,0,45875,-1,28557
11488,1,8924,44999,0,45876,1,28684
11489,1,8648,45053,0,45876,-1,28812
11490,1,8371,45105,0,45876,1,28940
11491,1,8094,45155,0,45875,0,29068
11492,1,7817,45204,0,45875,1,29195
11493,1,7540,45251,0,45875,0,29324
11494,1,7262,45297,0,45876,1,29451
11495,1,6984,45340,0,45875,0,29580
11496,1,6706,45382,0,45875,1,29707
11497,1,6427,45423,0,45876,0,29836
11498,1,6148,45461,0,45875,0,29964
11499,1,5869,45498,0,45875,1,30091
11500,1,5590,45533,0,45875,0,30220
11501,1,5310,45567,0,45876,-1,30349
11502,1,5031,45599,0,45876,0,30476
11503,1,4751,45629,0,45876,-1,30604
11504,1,4471,45657,0,45876,0,30732
11505,1,4190,45683,0,45875,-1,30860
11506,1,3910,45708,0,45875,1,30988
11507,1,3629,45731,0,45875,0,31116
11508,1,3349,45753,0,45876,1,31243
11509,1,3068,45772,0,45875,0,31372
11510,1,2787,45790,0,45875,1,31499
11511,1,2506,45807,0,45876,0,31628
11512,1,2225,45821,0,45875,1,31755
11513,1,1944,45834,0,45875,0,31884
11514,1,1663,45845,0,45876,1,32011
11515,1,1381,45854,0,45875,0,32140
11516,1,1100,45862,0,45875,-1,32268
11517,1,818,45868,0,45875,1,32396
11518,1,537,45872,0,45875,0,32524
11519,1,255,45874,0,45875,-1,32652
11520,1,-26,45875,0,45875,-1,32780
11521,1,-308,45874,0,45875,1,32908
11522,1,-589,45871,0,45875,-1,33036
11523,1,-870,45867,0,45876,1,33163
11524,1,-1152,45861,0,45876,0,33292
11525,1,-1433,45853,0,45876,1,33419
11526,1,-1715,45843,0,45875,1,33548
11527,1,-1996,45832,0,45876,-1,33676
11528,1,-2277,45819,0,45876,0,33804
11529,1,-2558,45804,0,45876,-1,33932
11530,1,-2839,45787,0,45875,1,34060
11531,1,-3120,45769,0,45876,-1,34188
11532,1,-3401,45749,0,45875,1,34316
11533,1,-3681,45727,0,45875,-1,34444
11534,1,-3962,45704,0,45876,1,34571
11535,1,-4242,45679,0,45876,-1,34700
11536,1,-4522,45652,0,45876,1,34827
11537,1,-4802,45623,0,45875,0,34956
11538,1,-5082,45593,0,45876,1,35083
11539,1,-5362,45561,0,45876,0,35212
11540,1,-5641,45527,0,45876,1,35339
11541,1,-5921,45492,0,45876,1,35468
11542,1,-6200,45454,0,45875,0,35596
11543,1,-6479,45415,0,45875,-1,35724
11544,1,-6757,45375,0,45876,0,35852
11545,1,-7035,45333,0,45876,-1,35980
11546,1,-7313,45289,0,45876,0,36108
11547,1,-7591,45243,0,45876,-1,36236
11548,1,-7869,45195,0,45875,1,36363
11549,1,-8146,45146,0,45875,0,36492
11550,1,-8423,45095,0,45875,1,36619
11551,1,-8699,45043,0,45876,-1,36748
11552,1,-8975,44989,0,45876,1,36875
11553,1,-9251,44933,0,45876,0,37004
11554,1,-9527,44875,0,45876,-1,37132
11555,1,-9802,44816,0,45876,1,37259
11556,1,-10077,44755,0,45876,0,37388
11557,1,-10351,44692,0,45875,1,37515
11558,1,-10625,44628,0,45876,-1,37644
11559,1,-10899,44562,0,45876,-1,37773
11560,1,-11172,44494,0,45876,0,37900
11561,1,-11445,44425,0,45876,-1,38029
11562,1,-11717,44354,0,45876,0,38156
11563,1,-11989,44281,0,45876,-1,38284
11564,1,-12261,44206,0,45875,-1,38413
11565,1,-12532,44130,0,45875,0,38540
11566,1,-12802,44053,0,45876,1,38667
11567,1,-13072,43973,0,45875,0,38796
11568,1,-13342,43892,0,45875,-1,38924
11569,1,-13611,43810,0,45876,0,39052
11570,1,-13879,43725,0,45875,-1,39180
11571,1,-14147,43639,0,45875,0,39308
11572,1,-14415,43552,0,45876,-1,39436
11573,1,-14682,43462,0,45876,-1,39564
11574,1,-14948,43371,0,45875,0,39692
11575,1,-15214,43279,0,45876,-1,39820
11576,1,-15479,43185,0,45876,0,39948
11577,1,-15744,43089,0,45876,-1,40076
11578,1,-16008,42992,0,45876,1,40203
11579,1,-16272,42893,0,45876,0,40332
11580,1,-16535,42792,0,45876,1,40459
11581,1,-16797,42690,0,45876,0,40588
11582,1,-17058,42586,0,45876,1,40715
11583,1,-17319,42480,0,45875,0,40844
11584,1,-17580,42373,0,45875,-1,40972
11585,1,-17839,42265,0,45876,0,41099
11586,1,-18098,42154,0,45875,-1,41228
11587,1,-18357,42042,0,45875,1,41355
11588,1,-18614,41929,0,45875,-1,41484
11589,1,-18871,41814,0,45875,1,41611
11590,1,-19127,41697,0,45875,0,41740
11591,1,-19383,41579,0,45875,-1,41868
11592,1,-19638,41460,0,45876,0,41996
11593,1,-19892,41338,0,45876,0,42124
11594,1,-20145,41215,0,45875,1,42251
11595,1,-20398,41091,0,45876,0,42380
11596,1,-20649,40965,0,45875,1,42507
11597,1,-20900,40838,0,45876,0,42636
11598,1,-21150,40709,0,45876,1,42763
11599,1,-21400,40578,0,45876,0,42892
11600,1,-21648,40446,0,45875,1,43019
11601,1,-21896,40312,0,45875,0,43148
11602,1,-22143,40177,0,45875,-1,43276
11603,1,-22389,40041,0,45876,1,43403
11604,1,-22634,39903,0,45876,0,43532
11605,1,-22879,39763,0,45876,-1,43660
11606,1,-23122,39622,0,45876,0,43788
11607,1,-23365,39479,0,45875,-1,43916
11608,1,-23607,39335,0,45875,1,44044
11609,1,-23848,39189,0,45875,0,44172
11610,1,-24088,39042,0,45875,1,44300
11611,1,-24327,38894,0,45875,0,44428
11612,1,-24565,38744,0,45875,1,44555
11613,1,-24802,38592,0,45875,0,44684
11614,1,-25039,38440,0,45876,1,44811
11615,1,-25274,38285,0,45875,0,44940
11616,1,-25509,38129,0,45876,-1,45068
11617,1,-25742,37972,0,45875,0,45196
11618,1,-25975,37813,0,45875,0,45324
11619,1,-26206,37653,0,45875,1,45452
11620,1,-26437,37492,0,45876,-1,45580
11621,1,-26666,37329,0,45875,1,45708
11622,1,-26895,37165,0,45876,0,45836
11623,1,-27122,36999,0,45875,2,45963
11624,1,-27349,36832,0,45876,0,46092
11625,1,-27574,36663,0,45875,-1,46220
11626,1,-27799,36493,0,45875,1,46348
11627,1,-28022,36322,0,45875,-1,46476
11628,1,-28244,36150,0,45876,0,46603
11629,1,-28466,35976,0,45876,0,46732
11630,1,-28686,35800,0,45875,2,46859
11631,1,-28905,35624,0,45876,-1,46988
11632,1,-29123,35445,0,45875,1,47115
11633,1,-29340,35266,0,45875,1,47243
11634,1,-29556,35085,0,45875,0,47372
11635,1,-29771,34903,0,45875,-1,47501
11636,1,-29984,34720,0,45875,-1,47628
11637,1,-30197,34535,0,45875,-1,47757
11638,1,-30408,34350,0,45876,-1,47884
11639,1,-30618,34162,0,45875,1,48011
11640,1,-30827,33974,0,45875,0,48140
11641,1,-31035,33784,0,45875,-1,48269
11642,1,-31242,33593,0,45876,0,48396
11643,1,-31447,33401,0,45876,-1,48524
11644,1,-31652,33207,0,45876,1,48651
11645,1,-31855,33012,0,45875,0,48780
11646,1,-32057,32816,0,45875,-1,48908
11647,1,-32258,32619,0,45876,0,49036
11648,1,-32457,32420,0,45875,0,49164
11649,1,-32655,32220,0,45875,-1,49292
11650,1,-32852,32020,0,45876,0,49420
11651,1,-33048,31817,0,45875,-1,49548
11652,1,-33243,31614,0,45876,0,49676
11653,1,-33436,31409,0,45875,-1,49804
11654,1,-33628,31204,0,45876,1,49931
11655,1,-33819,30997,0,45876,0,50060
11656,1,-34009,30789,0,45876,-1,50188
11657,1,-34197,30579,0,45875,1,50316
11658,1,-34384,30369,0,45875,-1,50444
11659,1,-34570,30157,0,45876,1,50572
11660,1,-34754,29945,0,45876,-1,50700
11661,1,-34937,29731,0,45875,1,50827
11662,1,-35119,29516,0,45875,0,50956
11663,1,-35299,29300,0,45875,1,51083
11664,1,-35479,29083,0,45876,0,51212
11665,1,-35656,28865,0,45876,-1,51340
11666,1,-35833,28645,0,45876,1,51468
11667,1,-36008,28425,0,45876,0,51596
11668,1,-36182,28203,0,45876,-1,51725
11669,1,-36354,27981,0,45876,-1,51852
11670,1,-36525,27757,0,45875,1,51979
11671,1,-36695,27533,0,45876,0,52108
11672,1,-36863,27307,0,45876,-1,52237
11673,1,-37030,27080,0,45876,1,52364
11674,1,-37195,26852,0,45875,0,52492
11675,1,-37359,26624,0,45875,1,52619
11676,1,-37522,26394,0,45876,0,52748
11677,1,-37683,26163,0,45875,-1,52877
11678,1,-37843,25932,0,45876,0,53004
11679,1,-38001,25699,0,45875,1,53131
11680,1,-38158,25465,0,45875,0,53260
11681,1,-38314,25231,0,45876,-1,53388
11682,1,-38468,24995,0,45875,1,53516
11683,1,-38621,24759,0,45876,-1,53644
11684,1,-38772,24521,0,45876,1,53771
11685,1,-38921,24283,0,45875,-1,53900
11686,1,-39070,24043,0,45876,-1,54029
11687,1,-39217,23803,0,45876,0,54156
11688,1,-39362,23562,0,45876,1,54283
11689,1,-39506,23320,0,45876,0,54412
11690,1,-39648,23077,0,45875,-1,54540
11691,1,-39789,22834,0,45876,0,54668
11692,1,-39928,22589,0,45875,-1,54796
11693,1,-40066,22344,0,45875,0,54924
11694,1,-40202,22097,0,45875,0,55052
11695,1,-40337,21850,0,45875,1,55179
11696,1,-40471,21602,0,45876,1,55308
11697,1,-40602,21354,0,45875,1,55435
11698,1,-40733,21104,0,45876,1,55564
11699,1,-40861,20854,0,45875,-1,55692
11700,1,-40989,20603,0,45876,1,55820
11701,1,-41114,20351,0,45875,-1,55948
11702,1,-41238,20098,0,45875,1,56076
11703,1,-41361,19845,0,45875,-1,56204
11704,1,-41482,19591,0,45876,1,56331
11705,1,-41601,19336,0,45875,0,56460
11706,1,-41719,19080,0,45875,-1,56588
11707,1,-41835,18824,0,45875,0,56716
11708,1,-41950,18567,0,45875,-1,56844
11709,1,-42063,18309,0,45875,1,56971
11710,1,-42175,18051,0,45876,-1,57100
11711,1,-42285,17791,0,45875,1,57227
11712,1,-42393,17532,0,45875,-1,57356
11713,1,-42500,17271,0,45875,-1,57485
11714,1,-42605,17010,0,45876,1,57612
11715,1,-42709,16748,0,45876,0,57740
11716,1,-42811,16486,0,45876,1,57867
11717,1,-42911,16223,0,45875,0,57996
11718,1,-43010,15959,0,45876,-1,58125
11719,1,-43107,15695,0,45875,0,58252
11720,1,-43202,15430,0,45875,-1,58381
11721,1,-43296,15165,0,45875,0,58508
11722,1,-43388,14899,0,45875,-1,58637
11723,1,-43479,14633,0,45876,0,58764
11724,1,-43568,14365,0,45875,0,58892
11725,1,-43655,14098,0,45875,1,59019
11726,1,-43741,13830,0,45876,0,59148
11727,1,-43825,13561,0,45876,-1,59276
11728,1,-43907,13292,0,45875,0,59404
11729,1,-43988,13022,0,45875,-1,59532
11730,1,-44067,12752,0,45875,1,59660
11731,1,-44145,12482,0,45876,-1,59788
11732,1,-44220,12210,0,45875,1,59916
11733,1,-44294,11939,0,45875,0,60044
11734,1,-44367,11667,0,45876,1,60171
11735,1,-44438,11394,0,45876,1,60300
11736,1,-44507,11122,0,45876,-1,60428
11737,1,-44574,10848,0,45875,1,60556
11738,1,-44640,10575,0,45876,-1,60684
11739,1,-44704,10300,0,45875,1,60811
11740,1,-44766,10026,0,45875,-1,60940
11741,1,-44827,9751,0,45876,1,61067
11742,1,-44886,9476,0,45876,0,61196
11743,1,-44943,9200,0,45875,-1,61325
11744,1,-44999,8924,0,45876,1,61452
11745,1,-45053,8648,0,45876,-1,61580
11746,1,-45105,8371,0,45876,1,61708
11747,1,-45155,8094,0,45875,0,61836
11748,1,-45204,7817,0,45875,1,61963
11749,1,-45251,7540,0,45875,0,62092
11750,1,-45297,7262,0,45876,1,62219
11751,1,-45340,6984,0,45875,0,62348
11752,1,-45382,6706,0,45875,1,62475
11753,1,-45423,6427,0,45876,0,62604
11754,1,-45461,6148,0,45875,0,62732
11755,1,-45498,5869,0,45875,1,62859
11756,1,-45533,5590,0,45875,0,62988
11757,1,-45567,5310,0,45876,-1,63117
11758,1,-45599,5031,0,45876,0,63244
11759,1,-45629,4751,0,45876,-1,63372
11760,1,-45657,4471,0,45876,0,63500
11761,1,-45683,4190,0,45875,-1,63628
11762,1,-45708,3910,0,45875,1,63756
11763,1,-45731,3629,0,45875,0,63884
11764,1,-45753,3349,0,45876,1,64011
11765,1,-45772,3068,0,45875,0,64140
11766,1,-45790,2787,0,45875,1,64267
11767,1,-45807,2506,0,45876,0,64396
11768,1,-45821,2225,0,45875,1,64523
11769,1,-45834,1944,0,45875,0,64652
11770,1,-45845,1663,0,45876,1,64779
11771,1,-45854,1381,0,45875,0,64908
11772,1,-45862,1100,0,45875,-1,65036
11773,1,-45868,818,0,45875,1,65164
11774,1,-45872,537,0,45875,0,65292
11775,1,-45874,255,0,45875,-1,65420
11776,1,-45875,-26,0,45875,-1,-65524
11777,1,-45874,-308,0,45875,1,-65396
11778,1,-45871,-589,0,45875,-1,-65268
11779,1,-45867,-870,0,45876,1,-65141
11780,1,-45861,-1152,0,45876,0,-65012
11781,1,-45853,-1433,0,45876,1,-64885
11782,1,-45843,-1715,0,45875,1,-64756
11783,1,-45832,-1996,0,45876,-1,-64628
11784,1,-45819,-2277,0,45876,0,-64500
11785,1,-45804,-2558,0,45876,-1,-64372
11786,1,-45787,-2839,0,45875,1,-64244
11787,1,-45769,-3120,0,45876,-1,-64116
11788,1,-45749,-3401,0,45875,1,-63988
11789,1,-45727,-3681,0,45875,-1,-63860
11790,1,-45704,-3962,0,45876,1,-63733
11791,1,-45679,-4242,0,45876,-1,-63604
11792,1,-45652,-4522,0,45876,1,-63477
11793,1,-45623,-4802,0,45875,0,-63348
11794,1,-45593,-5082,0,45876,1,-63221
11795,1,-45561,-5362,0,45876,0,-63092
11796,1,-45527,-5641,0,45876,1,-62965
11797,1,-45492,-5921,0,45876,1,-62836
11798,1,-45454,-6200,0,45875,0,-62708
11799,1,-45415,-6479,0,45875,-1,-62580
11800,1,-45375,-6757,0,45876,0,-62452
11801,1,-45333,-7035,0,45876,-1,-62324
11802,1,-45289,-7313,0,45876,0,-62196
11803,1,-45243,-7591,0,45876,-1,-62068
11804,1,-45195,-7869,0,45875,1,-61941
11805,1,-45146,-8146,0,45875,0,-61812
11806,1,-45095,-8423,0,45875,1,-61685
11807,1,-45043,-8699,0,45876,-1,-61556
11808,1,-44989,-8975,0,45876,1,-61429
11809,1,-44933,-9251,0,45876,0,-61300
11810,1,-44875,-9527,0,45876,-1,-61172
11811,1,-44816,-9802,0,45876,1,-61045
11812,1,-44755,-10077,0,45876,0,-60916
11813,1,-44692,-10351,0,45875,1,-60789
11814,1,-44628,-10625,0,45876,-1,-60660
11815,1,-44562,-10899,0,45876,-1,-60531
11816,1,-44494,-11172,0,45876,0,-60404
11817,1,-44425,-11445,0,45876,-1,-60275
11818,1,-44354,-11717,0,45876,0,-60148
11819,1,-44281,-11989,0,45876,-1,-60020
11820,1,-44206,-12261,0,45875,-1,-59891
11821,1,-44130,-12532,0,45875,0,-59764
11822,1,-44053,-12802,0,45876,1,-59637
11823,1,-43973,-13072,0,45875,0,-59508
11824,1,-43892,-13342,0,45875,-1,-59380
11825,1,-43810,-13611,0,45876,0,-59252
11826,1,-43725,-13879,0,45875,-1,-59124
11827,1,-43639,-14147,0,45875,0,-58996
11828,1,-43552,-14415,0,45876,-1,-58868
11829,1,-43462,-14682,0,45876,-1,-58740
11830,1,-43371,-14948,0,45875,0,-58612
11831,1,-43279,-15214,0,45876,-1,-58484
11832,1,-43185,-15479,0,45876,0,-58356
11833,1,-43089,-15744,0,45876,-1,-58228
11834,1,-42992,-16008,0,45876,1,-58101
11835,1,-42893,-16272,0,45876,0,-57972
11836,1,-42792,-16535,0,45876,1,-57845
11837,1,-42690,-16797,0,45876,0,-57716
11838,1,-42586,-17058,0,45876,1,-57589
11839,1,-42480,-17319,0,45875,0,-57460
11840,1,-42373,-17580,0,45875,-1,-57332
11841,1,-42265,-17839,0,45876,0,-57205
11842,1,-42154,-18098,0,45875,-1,-57076
11843,1,-42042,-18357,0,45875,1,-56949
11844,1,-41929,-18614,0,45875,-1,-56820
11845,1,-41814,-18871,0,45875,1,-56693
11846,1,-41697,-19127,0,45875,0,-56564
11847,1,-41579,-19383,0,45875,-1,-56436
11848,1,-41460,-19638,0,45876,0,-56308
11849,1,-41338,-19892,0,45876,0,-56180
11850,1,-41215,-20145,0,45875,1,-56053
11851,1,-41091,-20398,0,45876,0,-55924
11852,1,-40965,-20649,0,45875,1,-55797
11853,1,-40838,-20900,0,45876,0,-55668
11854,1,-40709,-21150,0,45876,1,-55541
11855,1,-40578,-21400,0,45876,0,-55412
11856,1,-40446,-21648,0,45875,1,-55285
11857,1,-40312,-21896,0,45875,0,-55156
11858,1,-40177,-22143,0,45875,-1,-55028
11859,1,-40041,-22389,0,45876,1,-54901
11860,1,-39903,-22634,0,45876,0,-54772
11861,1,-39763,-22879,0,45876,-1,-54644
11862,1,-39622,-23122,0,45876,0,-54516
11863,1,-39479,-23365,0,45875,-1,-54388
11864,1,-39335,-23607,0,45875,1,-54260
11865,1,-39189,-23848,0,45875,0,-54132
11866,1,-39042,-24088,0,45875,1,-54004
11867,1,-38894,-24327,0,45875,0,-53876
11868,1,-38744,-24565,0,45875,1,-53749
11869,1,-38592,-24802,0,45875,0,-53620
11870,1,-38440,-25039,0,45876,1,-53493
11871,1,-38285,-25274,0,45875,0,-53364
11872,1,-38129,-25509,0,45876,-1,-53236
11873,1,-37972,-25742,0,45875,0,-53108
11874,1,-37813,-25975,0,45875,0,-52980
11875,1,-37653,-26206,0,45875,1,-52852
11876,1,-37492,-26437,0,45876,-1,-52724
11877,1,-37329,-26666,0,45875,1,-52596
11878,1,-37165,-26895,0,45876,0,-52468
11879,1,-36999,-27122,0,45875,2,-52341
11880,1,-36832,-27349,0,45876,0,-52212
11881,1,-36663,-27574,0,45875,-1,-52084
11882,1,-36493,-27799,0,45875,1,-51956
11883,1,-36322,-28022,0,45875,-1,-51828
11884,1,-36150,-28244,0,45876,0,-51701
11885,1,-35976,-28466,0,45876,0,-51572
11886,1,-35800,-28686,0,45875,2,-51445
11887,1,-35624,-28905,0,45876,-1,-51316
11888,1,-35445,-29123,0,45875,1,-51189
11889,1,-35266,-29340,0,45875,1,-51061
11890,1,-35085,-29556,0,45875,0,-50932
11891,1,-34903,-29771,0,45875,-1,-50803
11892,1,-34720,-29984,0,45875,-1,-50676
11893,1,-34535,-30197,0,45875,-1,-50547
11894,1,-34350,-30408,0,45876,-1,-50420
11895,1,-34162,-30618,0,45875,1,-50293
11896,1,-33974,-30827,0,45875,0,-50164
11897,1,-33784,-31035,0,45875,-1,-50035
11898,1,-33593,-31242,0,45876,0,-49908
11899,1,-33401,-31447,0,45876,-1,-49780
11900,1,-33207,-31652,0,45876,1,-49653
11901,1,-33012,-31855,0,45875,0,-49524
11902,1,-32816,-32057,0,45875,-1,-49396
11903,1,-32619,-32258,0,45876,0,-49268
11904,1,-32420,-32457,0,45875,0,-49140
11905,1,-32220,-32655,0,45875,-1,-49012
11906,1,-32020,-32852,0,45876,0,-48884
11907,1,-31817,-33048,0,45875,-1,-48756
11908,1,-31614,-33243,0,45876,0,-48628
11909,1,-31409,-33436,0,45875,-1,-48500
11910,1,-31204,-33628,0,45876,1,-48373
11911,1,-30997,-33819,0,45876,0,-48244
11912,1,-30789,-34009,0,45876,-1,-48116
11913,1,-30579,-34197,0,45875,1,-47988
11914,1,-30369,-34384,0,45875,-1,-47860
11915,1,-30157,-34570,0,45876,1,-47732
11916,1,-29945,-34754,0,45876,-1,-47604
11917,1,-29731,-34937,0,45875,1,-47477
11918,1,-29516,-35119,0,45875,0,-47348
11919,1,-29300,-35299,0,45875,1,-47221
11920,1,-29083,-35479,0,45876,0,-47092
11921,1,-28865,-35656,0,45876,-1,-46964
11922,1,-28645,-35833,0,45876,1,-46836
11923,1,-28425,-36008,0,45876,0,-46708
11924,1,-28203,-36182,0,45876,-1,-46579
11925,1,-27981,-36354,0,45876,-1,-46452
11926,1,-27757,-36525,0,45875,1,-46325
11927,1,-27533,-36695,0,45876,0,-46196
11928,1,-27307,-36863,0,45876,-1,-46067
11929,1,-27080,-37030,0,45876,1,-45940
11930,1,-26852,-37195,0,45875,0,-45812
11931,1,-26624,-37359,0,45875,1,-45685
11932,1,-26394,-37522,0,45876,0,-45556
11933,1,-26163,-37683,0,45875,-1,-45427
11934,1,-25932,-37843,0,45876,0,-45300
11935,1,-25699,-38001,0,45875,1,-45173
11936,1,-25465,-38158,0,45875,0,-45044
11937,1,-25231,-38314,0,45876,-1,-44916
11938,1,-24995,-38468,0,45875,1,-44788
11939,1,-24759,-38621,0,45876,-1,-44660
11940,1,-24521,-38772,0,45876,1,-44533
11941,1,-24283,-38921,0,45875,-1,-44404
11942,1,-24043,-39070,0,45876,-1,-44275
11943,1,-23803,-39217,0,45876,0,-44148
11944,1,-23562,-39362,0,45876,1,-44021
11945,1,-23320,-39506,0,45876,0,-43892
11946,1,-23077,-39648,0,45875,-1,-43764
11947,1,-22834,-39789,0,45876,0,-43636
11948,1,-22589,-39928,0,45875,-1,-43508
11949,1,-22344,-40066,0,45875,0,-43380
11950,1,-22097,-40202,0,45875,0,-43252
11951,1,-21850,-40337,0,45875,1,-43125
11952,1,-21602,-40471,0,45876,1,-42996
11953,1,-21354,-40602,0,45875,1,-42869
11954,1,-21104,-40733,0,45876,1,-42740
11955,1,-20854,-40861,0,45875,-1,-42612
11956,1,-20603,-40989,0,45876,1,-42484
11957,1,-20351,-41114,0,45875,-1,-42356
11958,1,-20098,-41238,0,45875,1,-42228
11959,1,-19845,-41361,0,45875,-1,-42100
11960,1,-19591,-41482,0,45876,1,-41973
11961,1,-19336,-41601,0,45875,0,-41844
11962,1,-19080,-41719,0,45875,-1,-41716
11963,1,-18824,-41835,0,45875,0,-41588
11964,1,-18567,-41950,0,45875,-1,-41460
11965,1,-18309,-42063,0,45875,1,-41333
11966,1,-18051,-42175,0,45876,-1,-41204
11967,1,-17791,-42285,0,45875,1,-41077
11968,1,-17532,-42393,0,45875,-1,-40948
11969,1,-17271,-42500,0,45875,-1,-40819
11970,1,-17010,-42605,0,45876,1,-40692
11971,1,-16748,-42709,0,45876,0,-40564
11972,1,-16486,-42811,0,45876,1,-40437
11973,1,-16223,-42911,0,45875,0,-40308
11974,1,-15959,-43010,0,45876,-1,-40179
11975,1,-15695,-43107,0,45875,0,-40052
11976,1,-15430,-43202,0,45875,-1,-39923
11977,1,-15165,-43296,0,45875,0,-39796
11978,1,-14899,-43388,0,45875,-1,-39667
11979,1,-14633,-43479,0,45876,0,-39540
11980,1,-14365,-43568,0,45875,0,-39412
11981,1,-14098,-43655,0,45875,1,-39285
11982,1,-13830,-43741,0,45876,0,-39156
11983,1,-13561,-43825,0,45876,-1,-39028
11984,1,-13292,-43907,0,45875,0,-38900
11985,1,-13022,-43988,0,45875,-1,-38772
11986,1,-12752,-44067,0,45875,1,-38644
11987,1,-12482,-44145,0,45876,-1,-38516
11988,1,-12210,-44220,0,45875,1,-38388
11989,1,-11939,-44294,0,45875,0,-38260
11990,1,-11667,-44367,0,45876,1,-38133
11991,1,-11394,-44438,0,45876,1,-38004
11992,1,-11122,-44507,0,45876,-1,-37876
11993,1,-10848,-44574,0,45875,1,-37748
11994,1,-10575,-44640,0,45876,-1,-37620
11995,1,-10300,-44704,0,45875,1,-37493
11996,1,-10026,-44766,0,45875,-1,-37364
11997,1,-9751,-44827,0,45876,1,-37237
11998,1,-9476,-44886,0,45876,0,-37108
11999,1,-9200,-44943,0,45875,-1,-36979
12000,1,-8924,-44999,0,45876,1,-36852
12001,1,-8648,-45053,0,45876,-1,-36724
12002,1,-8371,-45105,0,45876,1,-36596
12003,1,-8094,-45155,0,45875,0,-36468
12004,1,-7817,-45204,0,45875,1,-36341
12005,1,-7540,-45251,0,45875,0,-36212
12006,1,-7262,-45297,0,45876,1,-36085
12007,1,-6984,-45340,0,45875,0,-35956
12008,1,-6706,-45382,0,45875,1,-35829
12009,1,-6427,-45423,0,45876,0,-35700
12010,1,-6148,-45461,0,45875,0,-35572
12011,1,-5869,-45498,0,45875,1,-35445
12012,1,-5590,-45533,0,45875,0,-35316
12013,1,-5310,-45567,0,45876,-1,-35187
12014,1,-5031,-45599,0,45876,0,-35060
12015,1,-4751,-45629,0,45876,-1,-34932
12016,1,-4471,-45657,0,45876,0,-34804
12017,1,-4190,-45683,0,45875,-1,-34676
12018,1,-3910,-45708,0,45875,1,-34548
12019,1,-3629,-45731,0,45875,0,-34420
12020,1,-3349,-45753,0,45876,1,-34293
12021,1,-3068,-45772,0,45875,0,-34164
12022,1,-2787,-45790,0,45875,1,-34037
12023,1,-2506,-45807,0,45876,0,-33908
12024,1,-2225,-45821,0,45875,1,-33781
12025,1,-1944,-45834,0,45875,0,-33652
12026,1,-1663,-45845,0,45876,1,-33525
12027,1,-1381,-45854,0,45875,0,-33396
12028,1,-1100,-45862,0,45875,-1,-33268
12029,1,-818,-45868,0,45875,1,-33140
12030,1,-537,-45872,0,45875,0,-33012
12031,1,-255,-45874,0,45875,-1,-32884
12032,1,26,-45875,0,45875,-1,-32756
12033,1,308,-45874,0,45875,1,-32628
12034,1,589,-45871,0,45875,-1,-32500
12035,1,870,-45867,0,45876,1,-32373
12036,1,1152,-45861,0,45876,0,-32244
12037,1,1433,-45853,0,45876,1,-32117
12038,1,1715,-45843,0,45875,1,-31988
12039,1,1996,-45832,0,45876,-1,-31860
12040,1,2277,-45819,0,45876,0,-31732
12041,1,2558,-45804,0,45876,-1,-31604
12042,1,2839,-45787,0,45875,1,-31476
12043,1,3120,-45769,0,45876,-1,-31348
12044,1,3401,-45749,0,45875,1,-31220
12045,1,3681,-45727,0,45875,-1,-31092
12046,1,3962,-45704,0,45876,1,-30965
12047,1,4242,-45679,0,45876,-1,-30836
12048,1,4522,-45652,0,45876,1,-30709
12049,1,4802,-45623,0,45875,0,-30580
12050,1,5082,-45593,0,45876,1,-30453
12051,1,5362,-45561,0,45876,0,-30324
12052,1,5641,-45527,0,45876,1,-30197
12053,1,5921,-45492,0,45876,1,-30068
12054,1,6200,-45454,0,45875,0,-29940
12055,1,6479,-45415,0,45875,-1,-29812
12056,1,6757,-45375,0,45876,0,-29684
12057,1,7035,-45333,0,45876,-1,-29556
12058,1,7313,-45289,0,45876,0,-29428
12059,1,7591,-45243,0,45876,-1,-29300
12060,1,7869,-45195,0,45875,1,-29173
12061,1,8146,-45146,0,45875,0,-29044
12062,1,8423,-45095,0,45875,1,-28917
12063,1,8699,-45043,0,45876,-1,-28788
12064,1,8975,-44989,0,45876,1,-28661
12065,1,9251,-44933,0,45876,0,-28532
12066,1,9527,-44875,0,45876,-1,-28404
12067,1,9802,-44816,0,45876,1,-28277
12068,1,10077,-44755,0,45876,0,-28148
12069,1,10351,-44692,0,45875,1,-28021
12070,1,10625,-44628,0,45876,-1,-27892
12071,1,10899,-44562,0,45876,-1,-27763
12072,1,11172,-44494,0,45876,0,-27636
12073,1,11445,-44425,0,45876,-1,-27507
12074,1,11717,-44354,0,45876,0,-27380
12075,1,11989,-44281,0,45876,-1,-27252
12076,1,12261,-44206,0,45875,-1,-27123
12077,1,12532,-44130,0,45875,0,-26996
12078,1,12802,-44053,0,45876,1,-26869
12079,1,13072,-43973,0,45875,0,-26740
12080,1,13342,-43892,0,45875,-1,-26612
12081,1,13611,-43810,0,45876,0,-26484
12082,1,13879,-43725,0,45875,-1,-26356
12083,1,14147,-43639,0,45875,0,-26228
12084,1,14415,-43552,0,45876,-1,-26100
12085,1,14682,-43462,0,45876,-1,-25972
12086,1,14948,-43371,0,45875,0,-25844
12087,1,15214,-43279,0,45876,-1,-25716
12088,1,15479,-43185,0,45876,0,-25588
12089,1,15744,-43089,0,45876,-1,-25460
12090,1,16008,-42992,0,45876,1,-25333
12091,1,16272,-42893,0,45876,0,-25204
12092,1,16535,-42792,0,45876,1,-25077
12093,1,16797,-42690,0,45876,0,-24948
12094,1,17058,-42586,0,45876,1,-24821
12095,1,17319,-42480,0,45875,0,-24692
12096,1,17580,-42373,0,45875,-1,-24564
12097,1,17839,-42265,0,45876,0,-24437
12098,1,18098,-42154,0,45875,-1,-24308
12099,1,18357,-42042,0,45875,1,-24181
12100,1,18614,-41929,0,45875,-1,-24052
12101,1,18871,-41814,0,45875,1,-23925
12102,1,19127,-41697,0,45875,0,-23796
12103,1,19383,-41579,0,45875,-1,-23668
12104,1,19638,-41460,0,45876,0,-23540
12105,1,19892,-41338,0,45876,0,-23412
12106,1,20145,-41215,0,45875,1,-23285
12107,1,20398,-41091,0,45876,0,-23156
12108,1,20649,-40965,0,45875,1,-23029
12109,1,20900,-40838,0,45876,0,-22900
12110,1,21150,-40709,0,45876,1,-22773
12111,1,21400,-40578,0,45876,0,-22644
12112,1,21648,-40446,0,45875,1,-22517
12113,1,21896,-40312,0,45875,0,-22388
12114,1,22143,-40177,0,45875,-1,-22260
12115,1,22389,-40041,0,45876,1,-22133
12116,1,22634,-39903,0,45876,0,-22004
12117,1,22879,-39763,0,45876,-1,-21876
12118,1,23122,-39622,0,45876,0,-21748
12119,1,23365,-39479,0,45875,-1,-21620
12120,1,23607,-39335,0,45875,1,-21492
12121,1,23848,-39189,0,45875,0,-21364
12122,1,24088,-39042,0,45875,1,-21236
12123,1,24327,-38894,0,45875,0,-21108
12124,1,24565,-38744,0,45875,1,-20981
12125,1,24802,-38592,0,45875,0,-20852
12126,1,25039,-38440,0,45876,1,-20725
12127,1,25274,-38285,0,45875,0,-20596
12128,1,25509,-38129,0,45876,-1,-20468
12129,1,25742,-37972,0,45875,0,-20340
12130,1,25975,-37813,0,45875,0,-20212
12131,1,26206,-37653,0,45875,1,-20084
12132,1,26437,-37492,0,45876,-1,-19956
12133,1,26666,-37329,0,45875,1,-19828
12134,1,26895,-37165,0,45876,0,-19700
12135,1,27122,-36999,0,45875,2,-19573
12136,1,27349,-36832,0,45876,0,-19444
12137,1,27574,-36663,0,45875,-1,-19316
12138,1,27799,-36493,0,45875,1,-19188
12139,1,28022,-36322,0,45875,-1,-19060
12140,1,28244,-36150,0,45876,0,-18933
12141,1,28466,-35976,0,45876,0,-18804
12142,1,28686,-35800,0,45875,2,-18677
12143,1,28905,-35624,0,45876,-1,-18548
12144,1,29123,-35445,0,45875,1,-18421
12145,1,29340,-35266,0,45875,1,-18293
12146,1,29556,-35085,0,45875,0,-18164
12147,1,29771,-34903,0,45875,-1,-18035
12148,1,29984,-34720,0,45875,-1,-17908
12149,1,30197,-34535,0,45875,-1,-17779
12150,1,30408,-34350,0,45876,-1,-17652
12151,1,30618,-34162,0,45875,1,-17525
12152,1,30827,-33974,0,45875,0,-17396
12153,1,31035,-33784,0,45875,-1,-17267
12154,1,31242,-33593,0,45876,0,-17140
12155,1,31447,-33401,0,45876,-1,-17012
12156,1,31652,-33207,0,45876,1,-16885
12157,1,31855,-33012,0,45875,0,-16756
12158,1,32057,-32816,0,45875,-1,-16628
12159,1,32258,-32619,0,45876,0,-16500
12160,1,32457,-32420,0,45875,0,-16372
12161,1,32655,-32220,0,45875,-1,-16244
12162,1,32852,-32020,0,45876,0,-16116
12163,1,33048,-31817,0,45875,-1,-15988
12164,1,33243,-31614,0,45876,0,-15860
12165,1,33436,-31409,0,45875,-1,-15732
12166,1,33628,-31204,0,45876,1,-15605
12167,1,33819,-30997,0,45876,0,-15476
12168,1,34009,-30789,0,45876,-1,-15348
12169,1,34197,-30579,0,45875,1,-15220
12170,1,34384,-30369,0,45875,-1,-15092
12171,1,34570,-30157,0,45876,1,-14964
12172,1,34754,-29945,0,45876,-1,-14836
12173,1,34937,-29731,0,45875,1,-14709
12174,1,35119,-29516,0,45875,0,-14580
12175,1,35299,-29300,0,45875,1,-14453
12176,1,35479,-29083,0,45876,0,-14324
12177,1,35656,-28865,0,45876,-1,-14196
12178,1,35833,-28645,0,45876,1,-14068
12179,1,36008,-28425,0,45876,0,-13940
12180,1,36182,-28203,0,45876,-1,-13811
12181,1,36354,-27981,0,45876,-1,-13684
12182,1,36525,-27757,0,45875,1,-13557
12183,1,36695,-27533,0,45876,0,-13428
12184,1,36863,-27307,0,45876,-1,-13299
12185,1,37030,-27080,0,45876,1,-13172
12186,1,37195,-26852,0,45875,0,-13044
12187,1,37359,-26624,0,45875,1,-12917
12188,1,37522,-26394,0,45876,0,-12788
12189,1,37683,-26163,0,45875,-1,-12659
12190,1,37843,-25932,0,45876,0,-12532
12191,1,38001,-25699,0,45875,1,-12405
12192,1,38158,-25465,0,45875,0,-12276
12193,1,38314,-25231,0,45876,-1,-12148
12194,1,38468,-24995,0,45875,1,-12020
12195,1,38621,-24759,0,45876,-1,-11892
12196,1,38772,-24521,0,45876,1,-11765
12197,1,38921,-24283,0,45875,-1,-11636
12198,1,39070,-24043,0,45876,-1,-11507
12199,1,39217,-23803,0,45876,0,-11380
12200,1,39362,-23562,0,45876,1,-11253
12201,1,39506,-23320,0,45876,0,-11124
12202,1,39648,-23077,0,45875,-1,-10996
12203,1,39789,-22834,0,45876,0,-10868
12204,1,39928,-22589,0,45875,-1,-10740
12205,1,40066,-22344,0,45875,0,-10612
12206,1,40202,-22097,0,45875,0,-10484
12207,1,40337,-21850,0,45875,1,-10357
12208,1,40471,-21602,0,45876,1,-10228
12209,1,40602,-21354,0,45875,1,-10101
12210,1,40733,-21104,0,45876,1,-9972
12211,1,40861,-20854,0,45875,-1,-9844
12212,1,40989,-20603,0,45876,1,-9716
12213,1,41114,-20351,0,45875,-1,-9588
12214,1,41238,-20098,0,45875,1,-9460
12215,1,41361,-19845,0,45875,-1,-9332
12216,1,41482,-19591,0,45876,1,-9205
12217,1,41601,-19336,0,45875,0,-9076
12218,1,41719,-19080,0,45875,-1,-8948
12219,1,41835,-18824,0,45875,0,-8820
12220,1,41950,-18567,0,45875,-1,-8692
12221,1,42063,-18309,0,45875,1,-8565
12222,1,42175,-18051,0,45876,-1,-8436
12223,1,42285,-17791,0,45875,1,-8309
12224,1,42393,-17532,0,45875,-1,-8180
12225,1,42500,-17271,0,45875,-1,-8051
12226,1,42605,-17010,0,45876,1,-7924
12227,1,42709,-16748,0,45876,0,-7796
12228,1,42811,-16486,0,45876,1,-7669
12229,1,42911,-16223,0,45875,0,-7540
12230,1,43010,-15959,0,45876,-1,-7411
12231,1,43107,-15695,0,45875,0,-7284
12232,1,43202,-15430,0,45875,-1,-7155
12233,1,43296,-15165,0,45875,0,-7028
12234,1,43388,-14899,0,45875,-1,-6899
12235,1,43479,-14633,0,45876,0,-6772
12236,1,43568,-14365,0,45875,0,-6644
12237,1,43655,-14098,0,45875,1,-6517
12238,1,43741,-13830,0,45876,0,-6388
12239,1,43825,-13561,0,45876,-1,-6260
12240,1,43907,-13292,0,45875,0,-6132
12241,1,43988,-13022,0,45875,-1,-6004
12242,1,44067,-12752,0,45875,1,-5876
12243,1,44145,-12482,0,45876,-1,-5748
12244,1,44220,-12210,0,45875,1,-5620
12245,1,44294,-11939,0,45875,0,-5492
12246,1,44367,-11667,0,45876,1,-5365
12247,1,44438,-11394,0,45876,1,-5236
12248,1,44507,-11122,0,45876,-1,-5108
12249,1,44574,-10848,0,45875,1,-4980
12250,1,44640,-10575,0,45876,-1,-4852
12251,1,44704,-10300,0,45875,1,-4725
12252,1,44766,-10026,0,45875,-1,-4596
12253,1,44827,-9751,0,45876,1,-4469
12254,1,44886,-9476,0,45876,0,-4340
12255,1,44943,-9200,0,45875,-1,-4211
12256,1,44999,-8924,0,45876,1,-4084
12257,1,45053,-8648,0,45876,-1,-3956
12258,1,45105,-8371,0,45876,1,-3828
12259,1,45155,-8094,0,45875,0,-3700
12260,1,45204,-7817,0,45875,1,-3573
12261,1,45251,-7540,0,45875,0,-3444
12262,1,45297,-7262,0,45876,1,-3317
12263,1,45340,-6984,0,45875,0,-3188
12264,1,45382,-6706,0,45875,1,-3061
12265,1,45423,-6427,0,45876,0,-2932
12266,1,45461,-6148,0,45875,0,-2804
12267,1,45498,-5869,0,45875,1,-2677
12268,1,45533,-5590,0,45875,0,-2548
12269,1,45567,-5310,0,45876,-1,-2419
12270,1,45599,-5031,0,45876,0,-2292
12271,1,45629,-4751,0,45876,-1,-2164
12272,1,45657,-4471,0,45876,0,-2036
12273,1,45683,-4190,0,45875,-1,-1908
12274,1,45708,-3910,0,45875,1,-1780
12275,1,45731,-3629,0,45875,0,-1652
12276,1,45753,-3349,0,45876,1,-1525
12277,1,45772,-3068,0,45875,0,-1396
12278,1,45790,-2787,0,45875,1,-1269
12279,1,45807,-2506,0,45876,0,-1140
12280,1,45821,-2225,0,45875,1,-1013
12281,1,45834,-1944,0,45875,0,-884
12282,1,45845,-1663,0,45876,1,-757
12283,1,45854,-1381,0,45875,0,-628
12284,1,45862,-1100,0,45875,-1,-500
12285,1,45868,-818,0,45875,1,-372
12286,1,45872,-537,0,45875,0,-244
12287,1,45874,-255,0,45875,-1,-116
12288,1,-51847,-9630,15935,52734,0,-45770
12289,1,-15901,49481,-56436,51974,0,-17182
12290,1,61974,-25061,46540,65535,-2,38524
12291,1,-47556,61197,62574,65535,1,-21949
12292,1,-39723,-25204,49227,47044,-1,-4514
12293,1,57697,63883,-54719,65535,0,-37274
12294,1,50515,-21543,-14577,54917,0,-22986
12295,1,25462,-64842,-53852,65535,-1,52258
12296,1,-34506,35460,-1812,49478,0,47056
12297,1,16971,13323,-61550,21576,0,-47666
12298,1,-9854,40792,-7324,41966,0,30389
12299,1,39789,37750,41724,54847,2,57559
12300,1,44706,44751,-58480,63256,0,-42085
12301,1,-65058,-62315,27741,65535,3,-21861
12302,1,-41255,-20209,16060,45939,-1,-39974
12303,1,2879,-13606,8509,13908,0,-19909
12304,1,38392,-48951,15802,62211,-2,-3091
12305,1,-54782,-63041,-24074,65535,-2,59306
12306,1,52594,-26466,2167,58878,-1,-7558
12307,1,3860,-24859,-61581,25157,0,39936
12308,1,10956,212,-24922,10958,0,-24519
12309,1,-4597,-4367,41611,6341,0,-8076
12310,1,48240,-36285,-2946,60363,-2,-16398
12311,1,41821,32644,-3332,53053,-1,10494
12312,1,12521,-64087,-47701,65299,1,54628
12313,1,32970,22392,35452,39855,0,47898
12314,1,-9473,10148,-33812,13882,0,14623
12315,1,-6467,-53560,-12765,53949,-2,-48039
12316,1,8945,-867,-63358,8987,0,-65374
12317,1,54341,-62131,-38962,65535,-1,-56739
12318,1,-23722,57460,-33567,62164,1,7368
12319,1,8476,37273,-944,38225,0,27159
12320,1,-36744,62106,-2573,65535,1,41340
12321,1,56343,52370,-37749,65535,2,-22128
12322,1,59227,-29841,59145,65535,-2,49410
12323,1,-18180,19604,-9107,26737,0,39260
12324,1,-3379,10495,-65329,11026,0,-26063
12325,1,-34664,-7060,42339,35376,0,-19006
12326,1,-50723,44982,64840,65535,-1,-15830
12327,1,52105,64372,22935,65535,-2,41508
12328,1,-32998,-18242,-2233,37705,0,-57234
12329,1,48377,-65089,52831,65535,-2,33397
12330,1,-59456,35184,18379,65535,1,-58304
12331,1,47250,-3288,-46844,47365,0,-48293
12332,1,-12598,-64916,9256,65535,2,-27511
12333,1,-56229,-13595,43056,57850,0,-17531
12334,1,47349,5643,-32954,47684,1,-30480
12335,1,23179,-9130,32903,24913,0,25075
12336,1,-58541,63144,10798,65535,3,59161
12337,1,-10417,-5917,-3035,11980,0,-57796
12338,1,56643,-43075,-26147,65535,1,-39710
12339,1,-29903,-47174,37899,55854,2,-6655
12340,1,40560,-51043,-5781,65196,-1,-24542
12341,1,-4498,-55263,29451,55446,-1,-5011
12342,1,57872,56791,-56399,65535,-1,-40211
12343,1,-47891,-59432,-39422,65535,2,44732
12344,1,11843,-38934,58659,40696,-1,32051
12345,1,-59342,22162,-32836,63346,0,25244
12346,1,53642,-19359,-19317,57029,1,-26542
12347,1,-16210,63023,-22250,65075,1,15770
12348,1,-38543,-48697,30987,62105,-1,-15748
12349,1,-62410,51192,37725,65535,0,-42142
12350,1,-63001,-34589,-60718,65535,1,15292
12351,1,-63676,-52653,60566,65535,-1,9444
12352,1,36358,6247,-18253,36891,0,-14703
12353,1,24481,-29981,-27551,38706,-1,-46034
12354,1,34775,-6270,-871,35336,1,-4592
12355,1,55595,-11865,-33011,56847,-1,-37397
12356,1,29050,-18784,58795,34594,-1,46822
12357,1,-30342,23259,33132,38232,0,-46047
12358,1,-11158,-48083,-6831,49361,-1,-44355
12359,1,-60096,-11529,-34869,61192,-2,34622
12360,1,44990,51289,-9301,65535,2,8445
12361,1,584,-13328,6763,13341,0,-25092
12362,1,-36999,-8983,-55861,38074,-1,14644
12363,1,-52178,5996,15224,52522,-1,-52698
12364,1,46165,23188,48511,51661,0,58221
12365,1,63287,44388,-40102,65535,-2,-27342
12366,1,-55054,22655,15073,59533,-2,-58606
12367,1,-35634,-5095,49931,35997,0,-12642
12368,1,40749,1827,38844,40790,-1,39779
12369,1,27345,14296,29897,30857,1,39946
12370,1,2342,1829,-53857,2972,0,-40025
12371,1,-62436,-53289,14943,65535,-2,-35854
12372,1,61913,-14787,33878,63655,2,28987
12373,1,29627,-43543,40383,52667,0,20078
12374,1,-8528,53374,-47038,54051,0,-10965
12375,1,-42784,-10065,64131,43952,0,3415
12376,1,33303,4574,-51390,33616,0,-48543
12377,1,-984,35389,-26856,35403,0,6492
12378,1,-20031,40534,62327,45214,-1,-26402
12379,1,2952,-63638,17690,63707,0,-14111
12380,1,-2564,47385,201,47455,1,34096
12381,1,-34604,3169,-52817,34749,0,10814
12382,1,-49570,48779,-50649,65535,-2,-1329
12383,1,-26457,20300,44945,33348,-1,-34243
12384,1,41631,59980,33317,65535,0,53428
12385,1,-18343,-16117,55356,24418,0,4858
12386,1,-57982,-47698,18284,65535,1,-32892
12387,1,10767,-20911,-23551,23520,1,-46400
12388,1,-41786,-32509,19609,52943,1,-32135
12389,1,37071,-26458,-1607,45545,-1,-14538
12390,1,-50883,-34896,-38546,61700,1,39530
12391,1,-39979,21126,-3210,45218,1,52184
12392,1,-16567,-47118,-64012,49946,1,27238
12393,1,14919,-12207,-13362,19277,0,-27667
12394,1,-23173,-18759,-45106,29814,1,34626
12395,1,43651,-6906,24012,44194,0,20739
12396,1,49413,36299,13023,61313,0,26240
12397,1,-38290,-23644,5785,45002,-1,-48211
12398,1,-46811,-46003,-46402,65535,-1,35337
12399,1,10393,25342,14055,27391,0,38704
12400,1,-59871,24840,-29629,64820,0,27703
12401,1,-9170,63433,30643,64093,1,-64667
12402,1,-36597,-60216,32446,65535,2,-11715
12403,1,59283,60400,-22590,65535,-2,-6011
12404,1,63496,619,-48767,63499,0,-48564
12405,1,-56257,30545,17491,64015,2,-58422
12406,1,-48138,51814,-43014,65535,-1,5372
12407,1,-5827,-50658,-9565,50992,0,-44722
12408,1,-23821,59056,-63833,63680,0,-23067
12409,1,21563,-28437,53892,35688,0,34658
12410,1,-15060,51251,6451,53418,1,45181
12411,1,-51253,18229,22777,54398,1,-49888
12412,1,-1890,35596,-45453,35646,0,-11578
12413,1,-13880,31972,37217,34855,0,-52543
12414,1,149,59834,52454,59834,0,-45902
12415,1,-402,6530,29833,6542,0,63884
12416,1,7013,-57594,-10375,58020,0,-40615
12417,1,51626,-54166,-34360,65535,0,-51245
12418,1,19596,28561,-21974,34637,1,-1751
12419,1,-2320,-38924,5460,38993,0,-28550
12420,1,61340,48130,-30543,65535,0,-16664
12421,1,61655,12085,2868,62829,1,6905
12422,1,21525,17381,30411,27666,0,44581
12423,1,16650,-64835,-57037,65535,0,46511
12424,1,33917,-11269,24154,35740,-1,17463
12425,1,-41051,62534,44805,65535,-1,-41381
12426,1,21549,-20877,13351,30004,1,-2703
12427,1,-62512,61346,-35333,65535,0,14015
12428,1,16618,-32215,-163,36249,-1,-22996
12429,1,-16240,7996,-41655,18102,0,14337
12430,1,4196,-45614,-54203,45807,-1,46015
12431,1,10469,-26019,-57003,28047,0,49281
12432,1,35744,11208,53500,37460,0,59839
12433,1,-36278,11698,-38176,38118,-1,20853
12434,1,-50107,-16206,-40033,52663,0,32029
12435,1,16829,29580,-21336,34032,0,641
12436,1,-8050,-55177,59381,55761,1,23590
12437,1,-38316,-58140,24245,65535,-1,-20678
12438,1,-32179,45545,10386,55766,0,55985
12439,1,48811,-36518,11580,60960,-1,-1819
12440,1,-43325,-63862,47420,65535,2,2217
12441,1,-45776,23256,-13455,51345,-1,42275
12442,1,-16735,47499,-27290,50361,0,12544
12443,1,-18600,-45812,27059,49444,-1,-13754
12444,1,-10932,61598,10477,62561,-1,46909
12445,1,16089,-43236,22775,46133,0,-2561
12446,1,-25057,-17213,-29265,30400,0,48827
12447,1,11273,-28714,-38886,30848,-1,-63849
12448,1,-63224,-25376,52780,65535,0,-4794
12449,1,37620,48055,33579,61029,1,52491
12450,1,47118,-3311,-2461,47234,0,-3924
12451,1,-60180,-51073,-33211,65535,-1,47006
12452,1,-5133,35277,-568,35649,1,35214
12453,1,35438,-11117,26015,37141,0,19674
12454,1,-36230,-38550,-27513,52903,0,55054
12455,1,13535,-44359,10228,46378,0,-16362
12456,1,-23933,59186,45090,63842,1,-45198
12457,1,36864,13956,65433,39418,-1,-58089
12458,1,-31242,-53777,53107,62194,0,9360
12459,1,-18420,-49014,34242,52361,1,-6025
12460,1,35103,55651,13963,65535,0,34992
12461,1,28415,14574,18960,31935,1,28846
12462,1,48570,38442,50671,61942,0,64638
12463,1,3800,-2572,54364,4589,0,41952
12464,1,38184,49429,4046,62460,-1,23093
12465,1,60004,-13545,10449,61514,1,5817
12466,1,19703,3444,-44603,20002,0,-40994
12467,1,-51442,-47716,-23558,65535,-2,57579
12468,1,-21904,4352,30064,22332,-1,-39563
12469,1,-14483,-40721,41445,43220,1,1548
12470,1,-24512,24580,-65395,34713,-1,-16271
12471,1,57512,-44682,-24348,65535,-1,-38126
12472,1,-37637,45199,46932,58818,1,-36888
12473,1,-10742,-33987,24836,35645,-1,-14318
12474,1,36246,-63221,54529,65535,1,32620
12475,1,22545,29956,-35548,37492,0,-16239
12476,1,64548,36159,4231,65535,1,14883
12477,1,-59225,-43093,-35255,65535,2,43402
12478,1,-52340,-49066,-13124,65535,1,-62949
12479,1,25710,53721,42777,59556,0,-64838
12480,1,-6272,26190,27545,26931,-1,65217
12481,1,24876,32713,64531,41097,1,-47336
12482,1,17734,22797,-29855,28883,-1,-10878
12483,1,4009,-32032,16439,32282,-1,-13731
12484,1,-53499,55419,-12565,65535,2,36219
12485,1,-18725,-40878,-45315,44963,0,44029
12486,1,24644,-2749,38605,24797,0,36288
12487,1,47762,-44129,16580,65028,2,1020
12488,1,31700,-49575,40686,58844,1,19785
12489,1,35926,-39948,64887,53727,1,47398
12490,1,8802,-54267,60900,54976,-1,31487
12491,1,-40192,-38136,6809,55406,1,-42891
12492,1,-56902,53984,-46339,65535,-1,3362
12493,1,58502,-270,50190,58503,0,50094
12494,1,1864,-8290,64286,8497,0,36132
12495,1,-14897,61852,-26471,63621,-1,11228
12496,1,45311,32401,3121,55704,1,16071
12497,1,-16166,-31454,45116,35365,0,2445
12498,1,-31511,61120,-21135,65535,-1,21563
12499,1,40676,48508,3042,63306,1,21253
12500,1,43594,60512,-47642,65535,1,-27898
12501,1,-22577,28514,45548,36370,0,-38786
12502,1,-26620,-56217,29908,62202,-1,-12085
12503,1,-58182,-56472,-15086,65535,-1,-64549
12504,1,-63301,62791,58190,65535,0,-23646
12505,1,-1365,38495,40705,38520,1,-56860
12506,1,30833,51512,26147,60035,0,47664
12507,1,-62360,-1938,38813,62391,-2,-26074
12508,1,38285,-29047,-4401,48057,1,-17941
12509,1,-53816,53711,572,65535,-1,49745
12510,1,-34009,51750,-2199,61925,0,42697
12511,1,-58536,-14434,61802,60290,2,1309
12512,1,32320,-43726,22455,54375,1,2965
12513,1,54676,-30116,37203,62422,2,26700
12514,1,-54453,-65159,-18268,65535,-1,65515
12515,1,3843,-62181,31690,62300,-1,210
12516,1,47013,-40672,-44868,62165,-1,-59746
12517,1,2910,-1233,-48400,3161,0,-56761
12518,1,24350,40687,57533,47417,0,-52021
12519,1,-7070,-60571,-46104,60982,-2,49777
12520,1,60817,-63616,22082,65535,-1,5229
12521,1,-2250,35388,3859,35460,0,37952
12522,1,22649,-15432,-60252,27407,1,58343
12523,1,2629,-21921,-50895,22078,0,49898
12524,1,-41375,-39128,-35353,56947,0,45985
12525,1,21387,-4096,-36955,21776,-1,-40902
12526,1,52726,28597,-58624,59982,1,-48257
12527,1,-12580,-32163,-2057,34536,1,-42603
12528,1,46337,-31113,-41484,55814,-1,-53819
12529,1,38881,-62957,-41143,65535,-2,-62369
12530,1,-41109,52467,15154,65535,-1,61787
12531,1,-22137,-45007,-55514,50157,0,33254
12532,1,-6147,62160,-37496,62463,-1,-2671
12533,1,-44239,-14161,34777,46450,-1,-24296
12534,1,-16825,31836,56534,36009,1,-31628
12535,1,22364,14909,-56455,26878,0,-44189
12536,1,-54280,-40990,5942,65535,-1,-46101
12537,1,-2099,62875,53997,62910,1,-43611
12538,1,21955,-21548,-20481,30763,0,-36670
12539,1,-65303,-2732,-31996,65360,-1,34413
12540,1,-44726,55328,-7946,65535,0,39004
12541,1,46919,-6701,26200,47395,-1,23241
12542,1,39591,9316,678,40673,-1,5499
12543,1,-25749,50834,-15889,56984,-1,26660
12544,1,19808,24694,-17114,31657,0,1551
12545,1,-37234,-60849,-43787,65535,0,43062
12546,1,-15196,-4817,-28310,15941,0,43629
12547,1,-46918,55316,38745,65535,0,-44885
12548,1,-43934,32854,-60863,54860,1,-8722
12549,1,42010,-37316,48255,56190,-2,33105
12550,1,-19762,36998,-43580,41945,-1,-577
12551,1,-35866,37549,57106,51926,-1,-25292
12552,1,24322,7664,20508,25501,0,26876
12553,1,-52984,42576,34366,65535,-1,-45291
12554,1,56825,-21390,25343,60718,1,17832
12555,1,27495,-14667,-2591,31163,1,-12814
12556,1,-27413,63637,-51253,65535,-1,-9999
12557,1,3033,51537,-13650,51626,1,17891
12558,1,-53817,-6708,-47569,54234,2,20553
12559,1,46752,-61536,-35200,65535,2,-54415
12560,1,-37651,12687,28968,39731,0,-43348
12561,1,49270,-32784,54868,59181,1,42620
12562,1,39849,-43785,-27444,59204,2,-44810
12563,1,-27864,-19578,52202,34054,1,-557
12564,1,-24348,-7761,-48479,25555,0,23494
12565,1,-38354,7902,-7440,39160,-1,53858
12566,1,45475,26585,43854,52676,-1,54890
12567,1,16442,28657,54266,33039,-1,-54904
12568,1,7723,-59408,9928,59908,-1,-20143
12569,1,-39482,-46955,14617,61348,0,-32736
12570,1,-32228,-55283,45962,63991,2,2183
12571,1,18029,8553,11858,19955,0,21098
12572,1,3321,36433,-32384,36584,0,-1512
12573,1,46168,-52366,16531,65535,-1,-1163
12574,1,42138,60750,48949,65535,-1,-62005
12575,1,-7741,-51739,51456,52315,-1,15590
12576,1,-41373,-33862,-60701,53464,1,19143
12577,1,63666,38764,-3155,65535,-1,8254
12578,1,42601,-46897,12560,63358,0,-4825
12579,1,-38761,-18643,-64192,43012,0,10696
12580,1,4917,22788,-50451,23313,0,-22116
12581,1,658,-39877,19245,39883,0,-13179
12582,1,63925,9563,26132,64637,0,29230
12583,1,-26987,32442,17850,42200,0,65092
12584,1,35852,63056,-38156,65535,-2,-16172
12585,1,21641,-14464,19229,26030,0,6939
12586,1,-65531,25251,-57250,65535,0,614
12587,1,19049,-52427,51255,55781,1,25757
12588,1,47010,39827,-60482,61613,-1,-45819
12589,1,-20312,-55921,-35501,59496,-2,55536
12590,1,-61353,50314,10355,65535,-1,61563
12591,1,21344,32136,-52216,38578,0,-31678
12592,1,-3962,-27272,24850,27559,0,-10928
12593,1,61705,21887,57430,65472,-1,64541
12594,1,56863,65398,-5279,65535,0,12559
12595,1,42740,15468,64522,45453,1,-59307
12596,1,-17063,-63131,61644,65396,2,23369
12597,1,41762,62173,23199,65535,0,43628
12598,1,-18557,-30732,-47692,35900,1,39279
12599,1,-21280,44260,60232,49110,-2,-28722
12600,1,-24716,-56537,-1494,61704,1,-42859
12601,1,-2100,-24337,-38884,24428,0,57624
12602,1,-7251,-37513,-49626,38208,-1,44695
12603,1,51980,-64624,63323,65535,0,44686
12604,1,47928,58514,13238,65535,2,31689
12605,1,-8104,-58924,-58712,59479,0,36741
12606,1,59111,-2948,-61487,59185,0,-62526
12607,1,21867,-12947,25595,25413,1,14443
12608,1,-41135,25123,-26090,48200,-1,28009
12609,1,11548,-39114,-14581,40783,1,-41361
12610,1,26306,43722,-11363,51026,-1,10107
12611,1,-8104,-15705,15223,17673,0,-27483
12612,1,-24460,37777,-49819,45005,-1,-5064
12613,1,-19960,7578,-4384,21350,0,53583
12614,1,18925,-41234,38004,45370,1,14212
12615,1,57477,-3055,9134,57558,1,8026
12616,1,4881,-39755,-25129,40054,1,-55349
12617,1,-53555,-4617,-20344,53754,-1,46986
12618,1,64775,-33894,-60340,65535,-1,60676
12619,1,-61899,30899,-35981,65535,-2,19897
12620,1,-30566,14750,-11701,33939,0,44456
12621,1,-56884,46228,14720,65535,-2,-65051
12622,1,-39045,-35206,-26143,52574,-1,54700
12623,1,-23311,-5417,-45266,23932,1,25033
12624,1,58004,2482,57237,58058,1,58129
12625,1,-18737,-1146,52114,18772,0,-12147
12626,1,56557,-26630,-19119,62513,-2,-28298
12627,1,-48985,54652,-37764,65535,0,10248
12628,1,-40304,-53698,-23265,65535,1,61607
12629,1,36592,-62774,63194,65535,0,41436
12630,1,-64293,-46434,21005,65535,1,-31483
12631,1,-56817,-3961,-17685,56955,0,49303
12632,1,9026,-39451,63720,40471,1,35643
12633,1,-57081,17558,-6567,59721,0,52744
12634,1,46954,-45958,46839,65535,2,30678
12635,1,-48337,-20680,33253,52575,0,-23850
12636,1,6236,30540,56062,31170,-1,-46443
12637,1,19238,-16900,-28295,25607,-1,-43331
12638,1,-38069,-31799,-10243,49603,-2,-61261
12639,1,-44611,-26179,-25382,51725,-1,51225
12640,1,15835,-30698,25402,34542,1,2568
12641,1,208,4199,-7616,4205,0,24120
12642,1,-25580,-9711,133,27362,0,-57834
12643,1,-32121,49587,-45696,59082,0,-937
12644,1,-21377,23455,-64848,31735,0,-16662
12645,1,50993,37862,-43746,63513,-1,-30422
12646,1,-63211,-5042,12534,63412,-1,-51341
12647,1,-3482,38017,-33760,38176,0,913
12648,1,-50668,27250,-57863,57531,-1,-2620
12649,1,50844,-57338,52706,65535,-2,35072
12650,1,37197,-20126,26215,42293,1,15868
12651,1,4599,-3103,12821,5548,0,439
12652,1,-34642,42846,31031,55099,2,-53090
12653,1,-58335,-54188,2855,65535,2,-47066
12654,1,-45220,-61868,32182,65535,2,-13753
12655,1,-19666,42777,49119,47081,-1,-40195
12656,1,14789,5228,6641,15686,0,13729
12657,1,47570,42027,22103,63476,-1,37199
12658,1,32817,-40227,-9247,51915,1,-27740
12659,1,-27290,43646,-52170,51476,1,-7746
12660,1,33822,-31142,53648,45976,-1,38125
12661,1,-32083,-50606,-62492,59919,1,24025
12662,1,-36940,-65160,48869,65535,1,5342
12663,1,-53503,-41558,63637,65535,-2,11878
12664,1,-51511,-15523,826,53799,1,-58604
12665,1,52705,-56246,-60574,65535,-2,53437
12666,1,27656,64160,44963,65535,-2,-61830
12667,1,-55725,17098,31218,58289,-2,-40528
12668,1,16085,-21089,-52569,26523,1,59327
12669,1,7138,-29734,-29941,30579,-1,-57794
12670,1,1316,-47979,47682,47997,0,15486
12671,1,23014,-30875,45455,38509,1,26049
12672,1,7248,-16240,-10367,17784,0,-34378
12673,1,-17612,-1937,-15481,17719,0,52339
12674,1,-51999,28412,-37810,59255,0,17294
12675,1,-58094,-47504,-53447,65535,0,26388
12676,1,3918,568,-53150,3959,0,-50147
12677,1,47583,24871,45414,53691,-1,55461
12678,1,26992,30686,-22387,40868,0,-4669
12679,1,28675,-10467,-48554,30526,-1,-55855
12680,1,56756,-48745,-60908,65535,-1,55361
12681,1,42003,-32290,-48935,52981,1,-62608
12682,1,56487,-26695,23036,62477,1,13826
12683,1,-19033,412,42884,19038,0,-23103
12684,1,12779,-51640,38561,53198,0,10854
12685,1,23319,-39618,-28579,45971,1,-50250
12686,1,19805,10935,-9989,22623,1,535
12687,1,-17875,-42146,7491,45780,1,-33645
12688,1,-48105,5874,-2845,48463,-1,60157
12689,1,49880,19091,-56148,53409,0,-48523
12690,1,-52957,-61045,22812,65535,-2,-24862
12691,1,-54122,23642,16743,59061,0,-57384
12692,1,52384,-53716,-47257,65535,-2,-63902
12693,1,19011,-4956,-26068,19647,0,-31388
12694,1,-32698,60230,14559,65535,-1,57703
12695,1,-55502,41447,17702,65535,1,-61215
12696,1,-26835,43321,14532,50959,-1,58870
12697,1,53499,-53757,3711,65535,-1,-12723
12698,1,52966,27485,-45919,59673,1,-35934
12699,1,-37010,11858,24995,38864,0,-47009
12700,1,14968,19805,45692,24825,0,64959
12701,1,41259,49230,-57193,64233,-1,-38976
12702,1,56408,50689,-61912,65535,-1,-46641
12703,1,-5695,-55027,30722,55321,-1,-4197
12704,1,-14752,-57873,5488,59724,1,-32487
12705,1,22396,18745,17912,29206,-1,32450
12706,1,7919,-17167,-31172,18906,0,-54924
12707,1,-25854,51230,39568,57384,1,-48987
12708,1,-50238,-28989,1704,58002,-1,-52914
12709,1,-15956,19408,57247,25125,1,-26703
12710,1,-44934,-64405,8175,65535,1,-37301
12711,1,-21279,-9465,2991,23289,0,-53814
12712,1,-64232,-45613,-63720,65535,1,14697
12713,1,-18200,12351,-30944,21995,0,22154
12714,1,-43288,-45297,11383,62656,1,-37296
12715,1,-6154,35853,-11489,36378,0,24825
12716,1,40694,-7747,34557,41425,-1,30633
12717,1,59034,5882,30031,59327,-1,32103
12718,1,62390,-16385,-40493,64506,-1,-45850
12719,1,22921,-31412,51083,38886,-1,31465
12720,1,42537,-64581,-13835,65535,0,-34453
12721,1,48570,47578,-58477,65535,1,-42308
12722,1,13107,45903,7649,47738,1,34615
12723,1,28022,-42612,24182,51000,0,3549
12724,1,-16136,43766,-31800,46646,1,8336
12725,1,60931,17146,-12394,63298,0,-6672
12726,1,59418,-28042,12138,65535,0,2939
12727,1,-43290,21222,-64631,48212,1,-8604
12728,1,-50235,34207,14879,60776,0,-63128
12729,1,48748,-37796,-13834,61684,-1,-27592
12730,1,14012,-24785,-54802,28472,1,54235
12731,1,51909,2937,5699,51992,-1,6878
12732,1,51283,2953,29719,51368,0,30919
12733,1,-36014,32159,-44112,48283,-1,6219
12734,1,-24883,-41888,8837,48722,-1,-35112
12735,1,3668,-35309,34,35499,0,-30574
12736,1,-59356,-38289,50053,65535,-1,-3532
12737,1,-17810,10141,22842,20495,0,-53492
12738,1,-46395,-62276,12464,65535,0,-33661
12739,1,35943,-36358,15417,51126,1,-1087
12740,1,-31668,38115,-15331,49555,1,31899
12741,1,-27592,-61777,-40204,65535,1,49337
12742,1,-22716,1365,-54749,22757,0,9535
12743,1,36988,-48091,-4677,60670,2,-23769
12744,1,-48433,-13236,-4382,50209,-1,-64352
12745,1,61885,15352,-29132,63761,2,-24060
12746,1,59058,-46599,64801,65535,-2,50866
12747,1,-37982,-2310,-21507,38052,0,45296
12748,1,-23509,46185,-9101,51824,0,33489
12749,1,15632,63999,-24595,65535,-2,3176
12750,1,-45404,-40277,-16069,60694,-1,64605
12751,1,57005,64442,13249,65535,1,30909
12752,1,-61081,-58600,38806,65535,-2,-10778
12753,1,-37186,35060,-3689,51108,-1,46077
12754,1,44521,-33197,-16654,55535,0,-30020
12755,1,-18212,-38070,-20117,42202,-1,-62193
12756,1,-51938,21578,9775,56242,1,-63975
12757,1,40662,63678,55332,65535,0,-54827
12758,1,-5296,-20803,64506,21467,0,26537
12759,1,-38121,-11289,-40995,39758,0,30547
12760,1,-40491,-32621,29362,51997,-1,-22027
12761,1,53682,9098,7644,54448,-1,11147
12762,1,-45315,-40804,-34056,60979,-2,46773
12763,1,-61272,41853,1706,65535,1,54741
12764,1,15455,42683,34126,45395,0,59647
12765,1,26287,-22578,-26238,34652,1,-41042
12766,1,43263,-27100,45666,51050,1,33992
12767,1,-62922,27376,-16969,65535,0,40006
12768,1,4348,4613,848,6339,0,17850
12769,1,-36704,31727,-34255,48516,-1,16412
12770,1,-8343,-42406,48843,43219,0,12022
12771,1,-60001,24445,48398,64790,0,-25208
12772,1,-57187,-8655,-61575,57839,0,7094
12773,1,-12924,19880,65424,23712,0,-20855
12774,1,54379,62203,36927,65535,0,54709
12775,1,44174,-52974,-58822,65535,-1,53982
12776,1,-986,15811,4112,15842,0,38179
12777,1,18321,5676,36616,19180,0,42883
12778,1,17941,-42084,48089,45749,0,23728
12779,1,28369,-19558,20879,34458,-1,8288
12780,1,45225,-23671,-28070,51045,0,-38129
12781,1,14932,1871,-62142,15049,0,-59542
12782,1,-16280,23735,-32850,28782,1,12459
12783,1,1686,-63286,-35416,63309,0,63444
12784,1,25451,38630,2103,46261,0,22718
12785,1,17160,52603,12430,55331,-1,38620
12786,1,-11889,-49193,-23140,50610,1,-60855
12787,1,-61436,-47973,36375,65535,-2,-15331
12788,1,-29224,-33289,29200,44297,0,-18597
12789,1,40247,-10345,41434,41556,1,36185
12790,1,-51724,-1273,-55384,51740,-1,10666
12791,1,39400,-56892,-33090,65535,0,-53223
12792,1,400,-39247,-61475,39249,1,37041
12793,1,-58916,59607,6910,65535,-1,55941
12794,1,15341,28793,-12005,32625,-1,10551
12795,1,45668,-49375,22958,65535,1,5760
12796,1,-211,-14969,15755,14971,0,-17307
12797,1,-52875,-55386,-7636,65535,-1,-56304
12798,1,22111,-36977,11064,43084,0,-10462
12799,1,28452,42780,-6210,51378,0,14315
12800,1,-50426,48196,-33058,65535,1,16565
12801,1,64786,12486,-16970,65535,-2,-12998
12802,1,17889,19205,56006,26246,0,-57942
12803,1,8689,-10076,16716,13305,0,-1207
12804,1,-17601,17963,-52405,25149,-1,-3465
12805,1,-25270,55711,-27386,61174,2,14265
12806,1,-65096,4075,48374,65224,0,-18466
12807,1,1907,24072,-5162,24148,0,25957
12808,1,47870,15489,21577,50314,0,28105
12809,1,211,-23616,55471,23617,0,22890
12810,1,49927,20023,-5094,53793,1,2862
12811,1,7791,-28538,-37299,29583,0,-64508
12812,1,-60988,-10028,55208,61807,0,-6929
12813,1,-15496,-28020,41535,32020,1,-1771
12814,1,9227,-27182,-37511,28706,-1,-63452
12815,1,-3480,41523,57621,41669,-1,-38938
12816,1,-33756,-25479,-59035,42293,0,19989
12817,1,-44771,8140,11684,45505,1,-57604
12818,1,15479,55125,6288,57257,1,33345
12819,1,29368,-797,65230,29379,0,64664
12820,1,5809,36350,37258,36811,-1,-64351
12821,1,19808,-52576,-61117,56184,1,44703
12822,1,42793,44397,-58663,61664,0,-41895
12823,1,-57142,-31596,11692,65296,-2,-43307
12824,1,-50640,-34299,-56470,61163,1,21485
12825,1,3438,-58551,5339,58652,-1,-26205
12826,1,-2600,64572,18699,64625,0,52307
12827,1,-45482,-23073,15876,51000,-1,-39866
12828,1,24508,55260,-22301,60451,1,1759
12829,1,-56952,48757,25199,65535,-1,-55107
12830,1,-5780,64907,-35917,65164,0,-1296
12831,1,-64522,36954,-16435,65535,0,38251
12832,1,-42220,63502,-42335,65535,-2,2674
12833,1,-41289,64834,-51732,65535,0,-7135
12834,1,38089,-19250,32992,42677,1,23230
12835,1,-57822,31287,62688,65535,0,-13195
12836,1,-56958,12885,36138,58398,-1,-34038
12837,1,-58875,-17691,13793,61476,1,-45654
12838,1,-58874,60047,34013,65535,-2,-48112
12839,1,59373,16132,-65536,61526,2,-60002
12840,1,61416,40222,-41880,65535,0,-29785
12841,1,4292,44383,61866,44590,0,-38449
12842,1,1308,57006,-56505,57021,-1,-24215
12843,1,30508,-56329,-9910,64060,2,-32324
12844,1,5018,-64356,-19135,64552,-2,-50279
12845,1,-45671,-45369,17558,64375,0,-31663
12846,1,-12575,-3532,-4863,13062,0,-64687
12847,1,16436,58307,760,60580,-1,27797
12848,1,-54835,30091,64683,62549,1,-11323
12849,1,-12494,-57052,1061,58404,1,-36205
12850,1,-57842,47508,53163,65535,2,-26718
12851,1,-48760,64960,-40928,65535,1,5272
12852,1,-42664,26765,62260,50365,0,-14964
12853,1,1010,-24410,-19834,24431,0,-51739
12854,1,-16314,35860,-53675,39397,-1,-12000
12855,1,-37767,52494,62900,64668,2,-22394
12856,1,2851,-13756,-26957,14049,0,-55461
12857,1,-42821,-25560,14243,49870,0,-40067
12858,1,-38598,-12907,29042,40699,1,-29763
12859,1,49933,-24666,58338,55693,0,48767
12860,1,-38916,55317,45379,65535,0,-40136
12861,1,4598,53417,34239,53615,2,65215
12862,1,-42245,2807,4608,42338,1,-62313
12863,1,-38319,12252,6733,40230,0,-65259
12864,1,-58164,19947,21084,61489,0,-51344
12865,1,-15450,21904,-38955,26805,0,6628
12866,1,-30157,42382,-32538,52016,-1,13131
12867,1,34795,3106,-49106,34934,1,-47249
12868,1,-9656,-63844,-53409,64570,-1,41764
12869,1,-17973,-18015,15157,25448,0,-33971
12870,1,-60612,-3228,34433,60698,1,-29993
12871,1,-29276,31771,-18976,43203,-1,29324
12872,1,-18820,54980,13673,58112,-1,53321
12873,1,-60002,42162,-25330,65535,0,27428
12874,1,-23575,-60652,55610,65073,0,15109
12875,1,-28782,28041,-10743,40184,1,38680
12876,1,-49972,-16879,59727,52746,0,986
12877,1,33114,-2157,-19736,33185,-1,-21093
12878,1,61848,14779,-35008,63590,2,-30115
12879,1,40871,9386,61052,41935,0,-65311
12880,1,-52514,-12602,15537,54005,1,-45086
12881,1,-58275,47171,8417,65535,2,59757
12882,1,-45840,56946,-43413,65535,1,3494
12883,1,2424,54300,39962,54354,2,-59273
12884,1,45800,-39792,-23967,60672,1,-38889
12885,1,-53987,44971,38167,65535,-1,-41857
12886,1,-7969,-54803,-37814,55380,0,57478
12887,1,54115,-31737,-63535,62735,-2,56473
12888,1,-35452,-61171,12273,65535,1,-31452
12889,1,-8559,-31060,38199,32218,0,-178
12890,1,-64947,59694,24577,65535,1,-56465
12891,1,-12460,7346,35637,14465,0,-41012
12892,1,-58147,-36053,-30185,65535,-2,46930
12893,1,18024,-40950,-42456,44741,-1,64498
12894,1,21945,36390,23170,42495,0,44618
12895,1,-57872,17122,47481,60352,1,-24056
12896,1,56575,8976,40205,57283,0,43487
12897,1,27009,-41986,31502,49923,0,10659
12898,1,53612,-7624,45181,54152,-1,42235
12899,1,51792,3272,-60788,51896,1,-59472
12900,1,45596,-54192,5011,65535,0,-13166
12901,1,-34540,-17064,-30976,38525,-1,44132
12902,1,-50013,-53701,15637,65535,2,-32774
12903,1,49840,45021,62175,65535,1,-53572
12904,1,-1190,52934,6754,52948,0,39991
12905,1,24172,-53659,-47525,58852,0,59608
12906,1,17383,-30413,38292,35031,-1,16357
12907,1,61476,33113,24661,65535,-1,34968
12908,1,-14070,18787,13082,23472,1,59259
12909,1,-44235,-44202,49763,62535,0,603
12910,1,54821,60283,19127,65535,0,36500
12911,1,-6331,-36490,12846,37035,1,-23506
12912,1,-6076,28791,-58210,29425,0,-21103
12913,1,-9902,8294,-48813,12917,0,2177
12914,1,-36001,53924,60176,64838,0,-25848
12915,1,29319,8449,52526,30512,0,58379
12916,1,39502,-5896,-39199,39940,1,-42290
12917,1,53720,-60412,-13159,65535,2,-30765
12918,1,-52476,52512,-17381,65535,-2,31764
12919,1,6891,18673,-16642,19904,0,8752
12920,1,-39369,-52582,-45998,65535,-1,38900
12921,1,-65169,1045,5737,65177,-1,-60133
12922,1,52668,-31875,6981,61563,0,-4372
12923,1,31411,-42281,4806,52672,0,-14633
12924,1,-54526,-20045,61873,58094,0,3686
12925,1,50650,-58305,38922,65535,-1,21075
12926,1,62919,-5395,33145,63150,0,31361
12927,1,-1561,11627,3609,11732,0,39161
12928,1,-60963,8169,-17502,61508,-1,45255
12929,1,-54833,28051,34613,61592,-1,-40787
12930,1,-47608,43090,-32216,64213,-2,17975
12931,1,-51429,-10948,55264,52582,-1,-5896
12932,1,35575,49856,39709,61247,2,59548
12933,1,-19784,-55299,27149,58732,-1,-12786
12934,1,-35623,58401,-31348,65535,0,12846
12935,1,47647,25992,14963,54276,0,25381
12936,1,-42036,-36850,1213,55901,1,-49309
12937,1,15129,19809,64980,24926,0,-46930
12938,1,4723,47686,47206,47919,0,-53157
12939,1,-34763,-28215,-55929,44773,1,23830
12940,1,-14278,31913,-20420,34962,0,21124
12941,1,-44753,4550,-24163,44984,1,39259
12942,1,-19886,4055,-8051,20295,0,53289
12943,1,49258,-16165,42635,51843,0,36020
12944,1,-65165,-493,-59920,65167,1,5774
12945,1,-4995,57494,-18109,57711,-2,16467
12946,1,31133,-49273,-59554,58285,-1,50506
12947,1,3009,32600,14852,32739,1,45700
12948,1,-56346,-28175,2736,62998,-1,-53127
12949,1,-14650,5390,-63951,15610,0,-5769
12950,1,44932,27009,-45894,52425,-1,-34603
12951,1,-4780,35250,-48992,35573,0,-13412
12952,1,-6974,-55880,1074,56314,0,-34284
12953,1,19401,-61087,6883,64094,1,-19470
12954,1,-17873,64284,18851,65535,-1,57276
12955,1,38450,56058,-7564,65535,-1,12663
12956,1,51215,5892,47122,51553,1,49511
12957,1,32967,56365,57267,65298,0,-52077
12958,1,872,39097,9712,39107,0,42015
12959,1,65394,63048,-33897,65535,0,-17894
12960,1,31675,38459,17402,49824,1,35797
12961,1,35487,26532,-55542,44309,0,-42150
12962,1,25093,47591,-29213,53802,1,-6567
12963,1,12585,4180,-50431,13261,0,-43741
12964,1,62787,1309,48264,62801,0,48699
12965,1,-45661,-22901,-60746,51082,1,14487
12966,1,25040,-50130,63632,56036,-1,40528
12967,1,48941,30089,-28470,57451,-1,-16970
12968,1,2655,3973,64821,4779,0,-45772
12969,1,-21016,32434,4956,38648,0,49717
12970,1,42548,53209,32389,65535,0,51086
12971,1,15232,11182,61565,18896,0,-56297
12972,1,-20109,-30220,37471,36299,0,-7545
12973,1,-3068,21865,27081,22080,0,62757
12974,1,43249,-62060,-58762,65535,1,52238
12975,1,-27696,-25816,64686,37862,-1,14802
12976,1,41683,31914,-30008,52498,1,-16377
12977,1,-21780,59093,-64750,62979,-1,-24615
12978,1,-18606,-24072,49410,30425,-1,2916
12979,1,-10026,52723,38629,53668,0,-55755
12980,1,-53462,20583,39169,57288,-2,-34033
12981,1,-3727,-15861,44964,16293,0,7381
12982,1,30168,63441,28677,65535,-1,52186
12983,1,-6155,-31164,-48752,31766,0,45484
12984,1,-59127,17889,-18525,61774,-1,40883
12985,1,-4190,5098,57685,6599,0,-26267
12986,1,-37298,-34634,-58357,50899,1,22790
12987,1,49433,44514,-37673,65535,-1,-22380
12988,1,27426,-45497,-17420,53124,1,-38872
12989,1,15949,-33848,-63804,37417,0,43686
12990,1,56667,50692,43853,65535,0,59077
12991,1,21907,26081,-53284,34061,-1,-35090
12992,1,-46057,-51657,43659,65535,0,-4299
12993,1,-47818,39543,-49072,62051,-1,2050
12994,1,-47940,31453,16319,57337,2,-61330
12995,1,-32281,32493,-60180,45802,-1,-11096
12996,1,-24198,24458,20855,34406,-1,-61176
12997,1,-9407,-24642,-14627,26377,0,-55002
12998,1,-23544,-34874,-61151,42078,1,24765
12999,1,34703,31662,-58864,46977,-1,-43435
13000,1,-63711,60670,39623,65535,1,-41787
13001,1,33617,-27603,34810,43498,-1,20469
13002,1,63970,-8496,58792,64532,0,56038
13003,1,-55239,48081,-49637,65535,2,957
13004,1,-19439,-43479,-13944,47627,0,-55483
13005,1,64994,-26081,-13967,65535,1,-21928
13006,1,-43087,47285,3503,63972,2,51686
13007,1,1034,-47001,34657,47013,0,2348
13008,1,-39435,21447,-10619,44890,0,44526
13009,1,51430,-5019,23710,51675,1,21680
13010,1,-36927,-51349,21734,63248,0,-24040
13011,1,30321,39530,62396,49820,0,-49558
13012,1,44110,55133,51977,65535,-1,-60403
13013,1,-62872,-45803,-36787,65535,0,41883
13014,1,29935,-63002,12891,65535,0,-10624
13015,1,-63353,22680,-21331,65535,2,37033
13016,1,1220,-32746,53250,32769,-1,21259
13017,1,57359,64986,-26945,65535,1,-9262
13018,1,-54060,-16616,-39066,56556,2,32690
13019,1,-56588,-33,321,56588,-1,-65203
13020,1,-63531,7856,30117,64015,2,-37986
13021,1,22034,55488,-26848,59703,-1,-1965
13022,1,-51669,36594,-46320,63315,1,6360
13023,1,-57138,-64961,-8821,65535,2,-56639
13024,1,-64216,30394,55078,65535,-1,-19679
13025,1,27423,-32317,-34847,42384,-1,-52936
13026,1,-661,-13908,55199,13924,0,21440
13027,1,-63994,47248,45297,65535,2,-33507
13028,1,-38994,57802,-46033,65535,0,-884
13029,1,-12925,33714,-42132,36107,0,-1727
13030,1,-29424,23544,-48837,37684,-1,2622
13031,1,13555,37164,-12150,39559,0,13323
13032,1,-58193,-18798,-29039,61154,0,43015
13033,1,18573,-15081,-19856,23925,0,-34084
13034,1,13257,-6884,50984,14938,0,40993
13035,1,37261,47046,-32565,60015,-2,-13770
13036,1,44913,-58492,-47472,65535,1,64492
13037,1,-24049,16842,-32158,29360,0,20633
13038,1,17122,5007,-13024,17839,0,-7089
13039,1,59251,-11246,8153,60309,-1,4240
13040,1,4149,-7773,9491,8811,0,-13049
13041,1,51560,42627,18092,65535,1,32503
13042,1,-44459,29559,-65206,53389,2,-11911
13043,1,30734,-47091,-55551,56233,0,54815
13044,1,-20719,-58620,-54112,62174,-2,37105
13045,1,-18811,16704,-52572,25157,0,-2184
13046,1,-40913,49133,28816,63937,1,-55004
13047,1,7719,51095,46253,51675,1,-55179
13048,1,45803,-40648,12826,61239,0,-2315
13049,1,22385,63063,-35644,65535,-2,-9991
13050,1,59076,54108,-1797,65535,1,13672
13051,1,-6933,-16999,57254,18359,0,16408
13052,1,6374,-38096,-31395,38626,1,-60705
13053,1,-38340,-49789,-15871,62841,0,-62328
13054,1,-64372,-45665,63517,65535,1,10852
13055,1,-1944,-44529,-22695,44572,-1,-56373
13056,1,50146,-40490,42701,64452,1,28531
13057,1,-14726,15671,-22094,21505,0,26410
13058,1,29942,-34063,-61891,45352,-1,51456
13059,1,-35933,20499,29781,41369,0,-46570
13060,1,63436,27628,-58219,65535,1,-49651
13061,1,30923,56843,-22535,64710,1,-161
13062,1,-45116,55443,-41864,65535,0,5153
13063,1,-20274,31562,19836,37513,0,64515
13064,1,39530,56068,-43303,65535,1,-23346
13065,1,48521,-60173,-38266,65535,0,-56878
13066,1,23640,-50202,33846,55490,0,10259
13067,1,9800,-62127,54013,62896,1,24508
13068,1,15704,46619,32151,49193,1,58141
13069,1,-6012,-47015,36181,47398,-1,761
13070,1,-45818,-1507,-5481,45843,1,60741
13071,1,-57158,-24900,60630,62346,-1,3665
13072,1,36040,-62698,54201,65535,-2,32317
13073,1,13919,-44899,18236,47007,0,-8261
13074,1,-29587,-711,-5367,29596,0,60670
13075,1,-32287,-53517,-25140,62503,-1,61840
13076,1,-58028,-10773,50777,59020,-1,-10929
13077,1,-48556,-9985,-15496,49572,1,54270
13078,1,-16167,63970,427,65535,1,38359
13079,1,8135,-17850,-27669,19617,0,-51516
13080,1,37847,57973,21244,65535,-1,41947
13081,1,-63348,-15913,-39750,65316,-1,30920
13082,1,47510,29584,-50824,55968,0,-39206
13083,1,-42790,949,-1155,42801,0,63918
13084,1,-4894,-58755,4948,58959,-1,-29553
13085,1,-26215,-5624,53159,26812,0,-7968
13086,1,-7612,15746,-13740,17490,0,28421
13087,1,-21274,19595,-33382,28924,0,16627
13088,1,6997,-3688,-36845,7910,0,-46965
13089,1,-49459,-62344,-45738,65535,2,38575
13090,1,35280,-29276,-16085,45845,-1,-30534
13091,1,-50557,-27514,-16394,57559,-2,59540
13092,1,-39463,-36229,1103,53571,1,-48940
13093,1,-59299,-57704,-2147,65535,0,-51583
13094,1,-28185,-24235,9703,37172,-1,-41018
13095,1,-3545,32962,-61798,33152,0,-26795
13096,1,35090,-34211,61912,49008,-1,45793
13097,1,16769,52036,-31835,54672,-2,-5570
13098,1,35995,-2244,52209,36065,1,50910
13099,1,15424,-5978,-28769,16542,0,-36482
13100,1,60200,-37050,19980,65535,-1,8471
13101,1,-5467,-27989,37598,28518,1,805
13102,1,-60851,21700,59939,64605,-2,-12742
13103,1,28121,26897,57242,38913,0,-57910
13104,1,-9320,40431,-26473,41492,1,11021
13105,1,-12730,-47695,-49273,49365,1,43590
13106,1,-1104,-54297,-21177,54308,1,-54369
13107,1,-37265,12955,-26087,39453,1,32469
13108,1,-37337,43027,50063,56968,-1,-33331
13109,1,-64756,5959,-17303,65030,-1,46319
13110,1,40394,29949,-32638,50286,1,-19330
13111,1,11176,-14143,-50995,18026,0,61259
13112,1,-29601,-63419,64231,65535,-1,22354
13113,1,-24902,-61045,61160,65535,-1,20313
13114,1,25023,-45027,60368,51513,-1,38182
13115,1,-1781,-59928,-43293,59955,-1,54392
13116,1,-20728,31613,10366,37803,0,55241
13117,1,-34123,-16175,5140,37763,0,-51162
13118,1,49271,58813,-27047,65535,-1,-8826
13119,1,756,37256,-1805,37264,0,30540
13120,1,6253,-13868,-27037,15213,0,-50968
13121,1,15279,-50053,21775,52333,0,-4812
13122,1,-1288,63191,-13356,63205,2,19836
13123,1,-42313,21023,28775,47248,1,-46381
13124,1,21476,-20324,55628,29568,0,39819
13125,1,50446,31497,-38554,59472,0,-26910
13126,1,-43542,22313,-18069,48926,2,37588
13127,1,26848,56080,-22398,62176,-1,1056
13128,1,-51223,43758,64379,65535,1,-15905
13129,1,-10169,-42330,59346,43535,0,21660
13130,1,-49090,64602,23431,65535,-1,-61318
13131,1,-61664,-41043,-32203,65535,-1,45584
13132,1,19213,-17555,-31016,26026,1,-46460
13133,1,-39737,3036,-34632,39853,0,29313
13134,1,49138,46532,33973,65535,0,49789
13135,1,-14924,8410,-47987,17131,0,6844
13136,1,-35388,1979,37589,35443,0,-29113
13137,1,59780,-13269,-14852,61235,0,-19408
13138,1,10837,20645,11058,23317,1,33742
13139,1,-1675,-57097,-22524,57122,0,-55904
13140,1,16636,-36745,20737,40336,0,-3162
13141,1,10624,-55032,39493,56048,-1,10704
13142,1,-54902,43215,-42322,65535,-1,9303
13143,1,44317,-59062,16407,65535,2,-2933
13144,1,-11863,1128,40573,11917,0,-26941
13145,1,29737,26832,-9082,40053,1,6231
13146,1,-22643,43174,-53993,48752,-1,-11148
13147,1,-19663,25234,55177,31991,0,-29318
13148,1,3098,-54979,14789,55066,0,-16805
13149,1,-39027,-60635,-24152,65535,0,62222
13150,1,-50222,-55571,35590,65535,-1,-12508
13151,1,386,-46592,-60139,46594,0,38338
13152,1,54975,-52508,15483,65535,-1,-422
13153,1,-53864,-18059,-39248,56811,0,33036
13154,1,-24034,-6976,-28247,25026,0,43182
13155,1,-15017,-45379,51936,47800,1,12501
13156,1,23516,-30933,-16095,38857,-1,-35303
13157,1,41994,-186,8044,41995,0,7951
13158,1,-11777,57938,-60431,59123,-1,-23479
13159,1,24825,-3701,59106,25099,0,56019
13160,1,13133,55228,7447,56768,-1,35345
13161,1,33175,54860,54774,64111,0,-54876
13162,1,27327,52202,14052,58922,0,36760
13163,1,6078,52739,-63202,53088,1,-32828
13164,1,-47443,15854,-48106,50022,0,10702
13165,1,25885,-26547,3292,37078,1,-13356
13166,1,-1037,13751,-36389,13790,0,-2051
13167,1,-26951,-43578,3923,51239,0,-40400
13168,1,48087,-33768,-62799,58760,0,55502
13169,1,-54119,23839,-11930,59137,-2,44951
13170,1,15211,50222,-31864,52475,0,-5231
13171,1,44185,-62151,-26449,65535,0,-46325
13172,1,7177,-41007,21321,41631,0,-7832
13173,1,17850,-1891,-50183,17950,0,-52385
13174,1,-38089,17660,-25041,41984,1,31438
13175,1,-36801,-23144,-49734,43474,0,27513
13176,1,-45296,26469,-8881,52463,1,45623
13177,1,-34494,-58511,3722,65535,2,-40159
13178,1,26725,32763,-53732,42281,-1,-35237
13179,1,-58959,-15482,17062,60958,-1,-43117
13180,1,-60946,33391,-27685,65535,1,27395
13181,1,36061,29938,-55274,46869,1,-40820
13182,1,-55418,18079,33112,58293,-1,-39002
13183,1,-61356,61372,-52229,65535,1,-3080
13184,1,-19514,-64345,-20499,65535,0,-59409
13185,1,-58787,878,36720,58793,-1,-29127
13186,1,-49349,-4621,46967,49565,1,-16622
13187,1,-46269,64275,-47421,65535,-1,-1637
13188,1,57448,1381,29394,57465,1,29895
13189,1,16293,-44209,-25641,47116,1,-51044
13190,1,-27759,35913,-52380,45391,-1,-5885
13191,1,-6850,-34634,10920,35305,-1,-25921
13192,1,-3406,-22730,-5876,22984,0,-41747
13193,1,63935,49628,53118,65535,2,-64185
13194,1,4489,6030,-22608,7518,0,-3189
13195,1,-22518,-8774,-54577,24167,-1,18710
13196,1,-18276,-32753,33920,37507,0,-9465
13197,1,-22730,62657,-63754,65535,-1,-23726
13198,1,-44767,59246,-55048,65535,2,-8782
13199,1,35875,-31669,30939,47854,0,15852
13200,1,32747,-13230,-24873,35319,0,-32882
13201,1,5979,52205,-34126,52547,0,-3737
13202,1,19138,13878,9862,23640,0,22950
13203,1,52556,-484,60481,52558,0,60289
13204,1,21008,12220,52347,24304,0,63337
13205,1,7929,14025,-26878,16111,1,-4845
13206,1,63437,56992,-51627,65535,0,-36358
13207,1,4953,4893,26136,6962,0,42394
13208,1,5899,-59326,27666,59619,-2,-3034
13209,1,-2112,-26782,-58603,26865,0,38060
13210,1,-64111,-23595,10224,65535,0,-47955
13211,1,14364,-34929,40382,37767,0,15753
13212,1,3881,-52244,-21469,52388,-2,-52689
13213,1,8335,-26287,-17316,27577,1,-43679
13214,1,-24819,-53680,-38966,59140,0,50304
13215,1,1495,-24304,-10811,24350,1,-42298
13216,1,-2565,-58700,11241,58756,0,-22438
13217,1,2697,-38098,-51626,38194,-1,48153
13218,1,14166,-39687,26428,42140,1,812
13219,1,-39848,-4037,40153,40052,0,-23277
13220,1,49105,2274,-22277,49158,-1,-21311
13221,1,43957,-18746,-52022,47788,0,-60431
13222,1,-704,-52237,44465,52242,0,11416
13223,1,-303,15707,-33982,15710,0,-812
13224,1,9351,21357,-38476,23315,0,-14317
13225,1,-41339,-13739,-46762,43562,0,25468
13226,1,-16428,31080,-23338,35155,1,19573
13227,1,-8630,17222,10474,19263,0,52933
13228,1,16437,-54184,54874,56622,1,28250
13229,1,64975,27073,-17456,65535,-1,-9220
13230,1,-7849,9166,14256,12068,0,61796
13231,1,-11654,-30110,5170,32287,1,-35302
13232,1,57491,-26202,56249,63181,1,47328
13233,1,-33634,-54767,27147,64271,2,-17111
13234,1,-53335,11228,36998,54504,1,-32866
13235,1,-40078,-30861,-24352,50583,-1,54873
13236,1,32895,-56598,-13693,65463,0,-35478
13237,1,15564,-48914,31352,51331,0,5010
13238,1,-49577,-35246,-3088,60829,0,-55732
13239,1,-978,13479,48123,13515,0,-48670
13240,1,27326,-18292,20828,32883,0,8522
13241,1,58542,-6455,-20160,58897,0,-22451
13242,1,-40501,-32799,-59165,52116,1,20571
13243,1,-11795,58650,44760,59824,-1,-49404
13244,1,27358,21376,-25537,34719,-1,-11700
13245,1,-52135,-2080,9071,52177,0,-55633
13246,1,5979,30069,-7252,30658,0,21421
13247,1,38932,-14198,2863,41440,1,-4432
13248,1,-59759,47586,-43769,65535,2,7738
13249,1,-10348,22736,-55744,24980,1,-14066
13250,1,-1698,-46896,-21312,46927,1,-54836
13251,1,-19801,36966,-19595,41935,0,23432
13252,1,-57277,2315,-9083,57324,-1,55611
13253,1,-30836,-3851,-2780,31076,1,65347
13254,1,-22397,-50255,4411,55020,-1,-37102
13255,1,-32459,-759,-58580,32468,-1,7444
13256,1,-7716,14391,-54598,16329,0,-11564
13257,1,15271,-50473,-33960,52733,2,-60600
13258,1,-19711,-17355,28330,26263,0,-22146
13259,1,50652,44625,10749,65535,0,25815
13260,1,17069,-33298,-36048,37419,-1,-58934
13261,1,13757,-61390,-62189,62913,1,40713
13262,1,9109,-45969,-22970,46863,1,-51657
13263,1,64969,30107,53971,65535,1,63023
13264,1,6650,-33222,53684,33881,0,25037
13265,1,48788,-9880,48863,49779,1,44695
13266,1,64586,14690,51275,65535,-2,55941
13267,1,61546,-22711,-17431,65535,0,-24805
13268,1,-39214,29496,-52308,49069,-1,-224
13269,1,-9399,-35381,16926,36608,1,-21259
13270,1,21729,-46079,-1069,50946,0,-24645
13271,1,9165,53538,-20510,54317,0,8721
13272,1,219,20313,-51893,20315,0,-19350
13273,1,-47811,52488,58113,65535,-2,-24778
13274,1,-27856,-25265,23266,37607,1,-26903
13275,1,38473,51183,28052,64030,-1,47374
13276,1,-23716,-15059,27878,28093,1,-25856
13277,1,13254,-60019,43880,61466,1,15645
13278,1,-36882,27898,32428,46245,1,-46618
13279,1,-43782,-60395,-34272,65535,-1,50947
13280,1,121,55172,44902,55172,0,-53448
13281,1,14709,-28690,-22975,32241,-1,-45860
13282,1,-21617,-9828,31930,23746,0,-24704
13283,1,13912,-21245,63237,25395,0,42563
13284,1,64476,6780,52409,64832,1,54594
13285,1,-33529,13487,-46545,36140,-1,11014
13286,1,39914,44483,-56811,59765,1,-39299
13287,1,3711,52364,-25853,52496,1,5439
13288,1,62840,32011,5762,65535,0,15590
13289,1,28936,-63908,-10179,65535,1,-34078
13290,1,13845,-35673,33490,38266,-1,8445
13291,1,403,29967,-42339,29970,1,-9852
13292,1,3887,61695,-17230,61818,-2,14226
13293,1,60838,-61443,-61113,65535,1,53472
13294,1,39104,-7073,-56616,39739,0,-60349
13295,1,-19773,58824,-60690,62059,0,-21158
13296,1,44053,49719,-58623,65535,0,-40980
13297,1,-15666,-42383,63442,45186,0,23288
13298,1,26221,60896,-56225,65535,0,-31939
13299,1,-50208,6887,-18897,50678,-1,43796
13300,1,-17144,5162,-18549,17905,1,40885
13301,1,-3424,-57916,21614,58017,0,-12386
13302,1,27010,-19861,-29043,33526,1,-42270
13303,1,-43204,24029,19083,49437,0,-57041
13304,1,-47351,-1821,47970,47386,1,-16765
13305,1,-7904,56174,-20985,56728,1,14699
13306,1,-46483,51639,7278,65535,-1,55335
13307,1,47446,-25853,24425,54033,0,14017
13308,1,15620,38109,17060,41186,1,41713
13309,1,48819,-14998,-12558,51071,-1,-18776
13310,1,24948,52315,37605,57959,-1,61091
13311,1,-49678,-36294,-38132,61524,1,40566
13312,1,640,-13206,-28396,13222,0,-60154
13313,1,-29995,-4433,40276,30321,0,-22199
13314,1,19503,-48800,11929,52553,-1,-12907
13315,1,-17154,45214,-19094,48359,1,21238
13316,1,2318,-12660,-55095,12871,0,46987
13317,1,21349,63024,-56403,65535,-1,-30448
13318,1,60469,8573,26222,61074,2,29159
13319,1,-52997,29932,11854,60866,2,-64408
13320,1,41823,-32831,14239,53170,1,355
13321,1,10081,60321,61060,61158,0,-40698
13322,1,32459,-27677,-15904,42657,1,-30633
13323,1,57371,-10573,54414,58337,0,50612
13324,1,-7804,-15967,-18732,17772,0,-60983
13325,1,49110,-38729,-2217,62544,-1,-16147
13326,1,20591,-54218,-21839,57997,-1,-47035
13327,1,-58142,-45282,-52957,65535,-1,26383
13328,1,27540,-20678,-19151,34439,-1,-32585
13329,1,-33761,54408,14363,64032,1,58716
13330,1,-9802,-54622,21960,55495,-1,-14512
13331,1,47492,-55596,-20065,65535,-2,-38085
13332,1,31173,-27862,519,41810,0,-14696
13333,1,49791,47949,31343,65535,2,47333
13334,1,54356,-21092,-1187,58305,1,-8909
13335,1,-60848,52457,26368,65535,1,-54010
13336,1,37416,47110,-26839,60161,1,-8073
13337,1,-41227,12870,2779,43190,-1,62003
13338,1,61674,-57336,-8399,65535,0,-24023
13339,1,35587,888,28175,35598,1,28695
13340,1,-44777,-42669,-54644,61852,1,26773
13341,1,9792,33715,56194,35108,0,-48007
13342,1,23140,12664,-17850,26379,0,-7404
13343,1,-50756,-9051,30500,51557,1,-31355
13344,1,-21811,16518,15450,27360,-1,-63607
13345,1,-19495,-9721,-40271,21784,0,34914
13346,1,-46782,52243,58936,65535,1,-24134
13347,1,11490,15203,-14140,19057,0,5127
13348,1,-62734,19004,-57488,65535,0,1912
13349,1,54021,-31127,-1556,62347,1,-12461
13350,1,62289,-20378,53290,65535,0,46694
13351,1,-21822,-23965,45211,32412,1,-2966
13352,1,-57372,41438,-37497,65535,1,14990
13353,1,47081,29219,17737,55411,-2,29325
13354,1,62240,11768,-45163,63343,-1,-41264
13355,1,-47049,-48723,10671,65535,0,-38117
13356,1,-49348,-52135,38422,65535,-2,-10157
13357,1,27170,-55423,-8640,61725,-1,-31899
13358,1,35176,-19772,-51065,40352,0,-61747
13359,1,-15666,-34086,13252,37514,0,-28503
13360,1,-9606,-17729,-55430,20164,0,32516
13361,1,-58338,20131,33407,61714,-1,-39060
13362,1,-35752,-20469,50847,41197,1,-3842
13363,1,3117,-10539,-56174,10991,0,48129
13364,1,-16850,-947,5421,16877,0,-58944
13365,1,18524,49549,51705,52898,1,-54063
13366,1,24964,-23997,18731,34628,1,2759
13367,1,-18907,52326,31551,55637,0,-59520
13368,1,-41321,23024,52536,47303,0,-23605
13369,1,-58601,-24092,39691,63360,0,-17708
13370,1,-62555,50752,-57798,65535,0,-6481
13371,1,-38774,-9453,-44007,39910,1,26517
13372,1,5750,-48335,63119,48676,-1,32821
13373,1,41466,59136,16343,65535,2,36354
13374,1,624,-37442,63381,37447,-1,30961
13375,1,-43017,-53581,-14866,65535,0,-61746
13376,1,-4363,-21290,-286,21732,0,-37270
13377,1,58273,-14568,64363,60067,0,59253
13378,1,-1434,-2849,-49663,3190,0,38914
13379,1,39923,43112,-29427,58758,0,-12242
13380,1,-52107,42167,55153,65535,2,-24576
13381,1,-3634,37625,-21396,37800,0,13380
13382,1,-50877,11422,-32302,52144,1,28627
13383,1,7031,12159,10387,14046,0,32218
13384,1,38357,33207,41361,50734,0,56247
13385,1,43241,-31763,34986,53653,1,21769
13386,1,13504,-7648,-53045,15519,0,-63795
13387,1,-58019,-50253,53824,65535,-1,3179
13388,1,44343,-59384,-5631,65535,1,-25019
13389,1,18091,-27008,63652,32507,0,43196
13390,1,7868,22273,-50632,23622,1,-24948
13391,1,52540,-37101,9501,64319,1,-3325
13392,1,-13651,-63204,-2411,64662,2,-39617
13393,1,-17849,-37721,-2479,41731,1,-44467
13394,1,-18716,26202,-16379,32200,-1,29329
13395,1,10296,9950,-60157,14318,0,-44130
13396,1,19560,9881,-64710,21914,0,-54952
13397,1,19899,-5499,34265,20645,0,28641
13398,1,-59349,-15773,-57208,61410,1,13746
13399,1,44164,6605,-15518,44655,1,-12422
13400,1,47231,55191,13183,65535,0,31185
13401,1,-15985,-19232,35972,25008,-1,-11261
13402,1,-52964,-23782,54483,58059,1,-2249
13403,1,15791,-48857,28809,51346,-1,2563
13404,1,47763,11734,34438,49183,1,39463
13405,1,2828,44199,62210,44290,1,-37428
13406,1,-23654,-1237,28224,23687,-1,-36222
13407,1,46995,-58289,40603,65535,-1,21990
13408,1,-31627,16618,62760,35727,-1,-12868
13409,1,-27837,28367,39224,39744,-1,-42892
13410,1,30341,-21887,-12964,37412,0,-26000
13411,1,-4081,-14715,-10327,15271,0,-48738
13412,1,52905,62704,6868,65535,-2,25017
13413,1,54052,39293,-17029,65535,0,-3916
13414,1,-35282,1467,-56219,35313,-1,8451
13415,1,3887,24308,-34930,24617,0,-5470
13416,1,19801,-59804,57842,62997,1,31744
13417,1,41724,36145,-19643,55203,0,-4751
13418,1,23322,29801,-44225,37842,0,-25309
13419,1,21597,-10636,-3424,24074,0,-12970
13420,1,9303,-14188,42119,16966,0,21458
13421,1,-2822,5730,32888,6387,0,-55869
13422,1,-3117,-41223,-44343,41341,0,52387
13423,1,29966,46393,-33654,55230,-2,-12849
13424,1,-44958,38163,65156,58972,2,-15063
13425,1,56090,-45936,-14905,65535,-2,-29219
13426,1,7627,-2803,27017,8126,0,19671
13427,1,31602,38174,65106,49558,-1,-47623
13428,1,-7821,18071,65147,19691,1,-24637
13429,1,12334,-51424,-43221,52883,1,59993
13430,1,-31658,18971,-9210,36907,-1,45064
13431,1,42354,-33250,53692,53847,0,39808
13432,1,32169,-56263,-55726,64810,0,53413
13433,1,-43393,-27518,-24230,51383,-1,53096
13434,1,-10471,61893,-25273,62773,0,10991
13435,1,-60205,-3090,-8576,60285,-1,58030
13436,1,-39979,-52443,-61842,65535,-1,22875
13437,1,-44120,-26184,-28840,51305,-1,47870
13438,1,2500,62400,-30867,62450,1,1065
13439,1,9428,-1874,-62359,9613,0,64620
13440,1,-40710,17450,-23752,44293,0,33337
13441,1,20152,-62102,12667,65290,-1,-13555
13442,1,-62232,-31008,-19740,65535,2,55439
13443,1,-62521,-58245,38152,65535,0,-11738
13444,1,-23961,39689,-24763,46361,0,19335
13445,1,-29505,-26795,-37441,39856,0,43476
13446,1,33089,46577,-6684,57134,-1,13199
13447,1,54660,20119,-13343,58245,-2,-5985
13448,1,-62752,-57763,-31885,65535,0,49172
13449,1,-51407,-50358,36608,65535,2,-12759
13450,1,35213,-57706,-5770,65535,0,-27108
13451,1,37124,-1384,30291,37150,0,29514
13452,1,-47639,-8603,-49472,48410,1,19791
13453,1,56759,9081,22867,57481,1,26176
13454,1,-24324,-9865,-19520,26249,0,54053
13455,1,42689,-26686,3861,50344,1,-7794
13456,1,-61396,-10670,49459,62317,1,-12488
13457,1,10077,25426,-54693,27350,-1,-29796
13458,1,56700,38498,-50597,65535,0,-38154
13459,1,22452,10894,29176,24956,0,38599
13460,1,20144,49154,-45500,53122,1,-20846
13461,1,34301,3119,23430,34443,1,25321
13462,1,-2572,-17441,18290,17630,0,-17532
13463,1,64498,-11643,-33066,65535,-1,-36791
13464,1,37828,32272,9579,49724,0,24313
13465,1,-32539,-58453,46758,65535,-1,3394
13466,1,-38481,65005,33844,65535,1,-53310
13467,1,-9214,21955,-21911,23810,0,19146
13468,1,39163,56211,29989,65535,-1,50063
13469,1,-26483,-37130,-9014,45607,-1,-54706
13470,1,-34019,46417,21615,57549,0,-63495
13471,1,-46563,7167,368,47112,-1,62718
13472,1,14048,39545,-45789,41966,-1,-20141
13473,1,-7135,-32189,-31021,32970,0,62733
13474,1,6692,47499,-61945,47968,-1,-32096
13475,1,-35588,46086,60038,58227,0,-24549
13476,1,-24288,-47114,11423,53006,-1,-31274
13477,1,-41171,-47739,3662,63040,1,-43952
13478,1,3134,54466,54103,54556,-1,-45400
13479,1,44610,49974,2598,65535,1,20164
13480,1,-13790,31608,-62252,34485,-1,-20902
13481,1,-11374,65232,30093,65535,2,-64611
13482,1,-12188,486,23382,12198,0,-42985
13483,1,59957,-31938,14594,65535,0,4384
13484,1,-32426,6248,-27811,33023,0,33754
13485,1,35658,-25627,-25661,43912,0,-38660
13486,1,-39558,-15466,48475,42474,1,-9287
13487,1,24631,19041,-3500,31133,0,10229
13488,1,-30109,45760,61578,54778,0,-24586
13489,1,-16300,36665,-6440,40125,1,35054
13490,1,-17780,21636,21997,28005,0,-61957
13491,1,-40587,-64497,-40565,65535,2,46021
13492,1,29833,-16056,-47315,33879,0,-57614
13493,1,9008,-26876,19910,28346,-1,-6111
13494,1,-1818,42921,-61316,42960,0,-27665
13495,1,-33285,-17405,-22322,37561,-1,53265
13496,1,-32935,-41209,-34899,52754,0,49339
13497,1,7470,-23597,53282,24751,0,26910
13498,1,52238,-40580,22701,65535,-2,8924
13499,1,-55679,51849,-49756,65535,2,138
13500,1,46476,-44735,-42267,64508,2,-58253
13501,1,1275,-13849,-13400,13908,0,-44253
13502,1,-13469,-17149,34663,21806,0,-11994
13503,1,59278,-23791,13215,63874,1,5253
13504,1,-45205,48961,23178,65535,-1,-59573
13505,1,-58690,-48702,-50035,65535,2,29950
13506,1,-37620,-17092,-58014,41321,-1,16419
13507,1,56223,40430,-11180,65535,-2,1826
13508,1,-48702,33011,-62836,58836,0,-9726
13509,1,-58600,10874,33652,59601,-1,-35711
13510,1,-46053,-6256,49568,46476,0,-13151
13511,1,-15421,14576,9403,21220,0,59142
13512,1,-29042,23983,-51618,37665,0,-482
13513,1,9418,28469,-2978,29987,0,23125
13514,1,26565,-40972,48464,48831,-1,27696
13515,1,17822,-14051,-19633,22695,0,-33560
13516,1,61796,61636,29379,65535,0,45736
13517,1,-13241,62504,12678,63891,-1,49801
13518,1,27015,29111,28865,39715,-1,46028
13519,1,40299,-50050,25431,64258,1,6804
13520,1,-62519,-53745,57329,65535,-1,6606
13521,1,-20642,-12685,-17040,24228,0,59991
13522,1,44544,-32571,17247,55182,0,4076
13523,1,-49311,16136,-13394,51885,-1,45545
13524,1,-62107,8220,4296,62649,1,-63985
13525,1,34464,-13082,-8840,36864,0,-16408
13526,1,-14225,50561,12822,52524,0,51311
13527,1,-19086,-60341,17596,63288,0,-21563
13528,1,-34934,24894,-15126,42897,-1,37495
13529,1,-34303,-16396,-49295,38020,0,25542
13530,1,-35504,60386,-41844,65535,2,2011
13531,1,9127,-18339,-51359,20485,0,56579
13532,1,-21244,-4110,-20824,21638,0,48698
13533,1,-47206,-30700,47943,56311,-2,-5564
13534,1,17950,-31806,-55667,36522,0,53355
13535,1,10121,-16405,-6621,19276,0,-27857
13536,1,13966,-62083,46709,63635,-1,18557
13537,1,37803,11000,32475,39371,0,38382
13538,1,27838,6710,13322,28636,-1,18257
13539,1,-59150,65008,-47906,65535,2,262
13540,1,-5190,-23193,24772,23767,0,-12588
13541,1,-33919,60954,56043,65535,-1,-31668
13542,1,-59148,21368,24379,62890,0,-48389
13543,1,63576,10516,-3961,64440,-1,-541
13544,1,16597,47800,15121,50599,2,40917
13545,1,63022,64582,63569,65535,1,-50864
13546,1,64796,49088,-30697,65535,-1,-17172
13547,1,-14571,34751,26707,37682,1,-63315
13548,1,28718,17461,-49872,33610,-1,-38475
13549,1,56047,-12419,52335,57407,0,47786
13550,1,5777,-31914,60849,32433,0,31817
13551,1,9821,34875,51958,36232,0,-52072
13552,1,-32009,40184,8088,51375,1,54888
13553,1,-13835,-44199,-33132,46314,0,58844
13554,1,30374,65237,-25768,65535,1,-2090
13555,1,3537,-35483,-40944,35659,-1,59433
13556,1,33916,-12014,25235,35981,0,18133
13557,1,-33209,43606,-62475,54812,1,-16130
13558,1,2806,55556,10617,55627,-1,42333
13559,1,28503,50984,-3232,58411,-1,18902
13560,1,-26595,54261,-26594,60428,1,15680
13561,1,-51699,16118,60084,54154,-1,-11756
13562,1,-11474,-11962,-26015,16576,0,56339
13563,1,61582,18518,49537,64306,-2,55631
13564,1,39695,-62297,53622,65535,1,32688
13565,1,48508,-17157,50338,51453,0,43246
13566,1,43187,65071,-11979,65535,-1,8566
13567,1,19890,-15982,-50909,25516,1,-65030
13568,1,-53395,-10326,870,54385,0,-60681
13569,1,-5132,-41881,17787,42194,-1,-17524
13570,1,-43137,-26880,54959,50827,1,1047
13571,1,-41363,4530,11041,41610,0,-56770
13572,1,-10946,35390,2551,37044,1,41576
13573,1,-61888,52151,-43608,65535,-2,7321
13574,1,-35537,31098,7503,47223,0,58043
13575,1,-24162,40000,57563,46732,0,-29406
13576,1,-64360,22228,-28106,65535,2,30492
13577,1,-24958,-11958,49271,27675,1,-6945
13578,1,57201,55549,-56504,65535,1,-40426
13579,1,-60139,26178,-18066,65535,0,38905
13580,1,8715,-43438,37774,44304,1,9136
13581,1,60882,-25961,-31104,65535,-1,-39512
13582,1,-19779,4904,-56635,20378,-1,3832
13583,1,-28096,18807,37435,33810,0,-40407
13584,1,-32667,-44898,-61659,55525,0,23524
13585,1,4792,-26480,-20324,26911,0,-49358
13586,1,28975,48790,27831,56746,-1,49420
13587,1,-39110,33098,-56772,51236,0,-5887
13588,1,-26258,-10027,-40535,28108,-1,32611
13589,1,-13757,-33010,-19968,35762,0,-60973
13590,1,-56981,-15469,17817,59044,0,-42189
13591,1,53423,-54558,30104,65535,0,13501
13592,1,20375,5702,56261,21158,1,61953
13593,1,-63104,-56,916,63104,-1,-64601
13594,1,32117,26541,28321,41664,0,42728
13595,1,-16574,-33483,-5914,37361,-1,-48270
13596,1,52491,5668,-18057,52797,0,-15813
13597,1,-31901,-61399,-65121,65535,1,23187
13598,1,-49681,-13839,-44186,51573,-1,27018
13599,1,62648,-49816,-49450,65535,-1,-63464
13600,1,-48593,63887,59561,65535,2,-25179
13601,1,57462,45637,61333,65535,-1,-55737
13602,1,27006,-35295,-43631,44442,1,-62775
13603,1,64194,49026,38766,65535,-2,52372
13604,1,24658,29339,-40502,38325,0,-22314
13605,1,-58539,-26321,36313,64185,-2,-20408
13606,1,-16684,3430,33255,17033,0,-36510
13607,1,-15086,-17757,13091,23300,0,-34368
13608,1,10000,42697,38317,43853,1,-64787
13609,1,-29488,29528,-12529,41731,0,36609
13610,1,21021,-24152,60586,32019,0,42758
13611,1,65064,38524,9435,65535,-1,20587
13612,1,54549,64936,-4358,65535,-1,13835
13613,1,64945,4975,-39070,65136,1,-37475
13614,1,64824,4011,-16767,64948,0,-15478
13615,1,-35404,51958,63337,62874,0,-22490
13616,1,54335,-52399,37522,65535,0,21516
13617,1,-43950,-48673,-65064,65535,-1,17919
13618,1,61855,-57399,47545,65535,0,31940
13619,1,61463,31367,1173,65535,1,11017
13620,1,-29820,5524,47917,30328,0,-21440
13621,1,59797,58736,14711,65535,-2,30909
13622,1,2232,12869,60004,13061,0,-41883
13623,1,-16959,45320,58281,48390,0,-32553
13624,1,-59048,30820,17175,65535,-2,-58396
13625,1,-2470,44691,62290,44759,1,-34862
13626,1,15203,25184,-52078,29417,1,-30640
13627,1,-16476,-59227,-34102,61476,0,58542
13628,1,8871,15794,44265,18115,0,-64715
13629,1,42207,19799,60646,46620,0,-61276
13630,1,-15282,4906,-34496,16050,0,24560
13631,1,61795,51518,34675,65535,0,49172
13632,1,63948,-62455,61079,65535,2,44941
13633,1,-14866,-40499,-16741,43141,0,-56848
13634,1,-35420,-39644,53864,53162,0,5885
13635,1,-38211,-1221,9837,38231,0,-55033
13636,1,-40522,-51261,-9344,65343,-1,-56066
13637,1,-48617,-42199,47219,64377,0,-3405
13638,1,-47943,6363,-18376,48364,1,44407
13639,1,39007,59674,5820,65535,1,26510
13640,1,-15685,14914,32900,21644,1,-48495
13641,1,-43613,-32473,60359,54375,-1,8175
13642,1,52591,-24940,-58289,58205,1,63545
13643,1,-38579,34526,-34142,51773,1,16165
13644,1,-33882,-65511,50533,65535,0,7808
13645,1,-6465,-54249,-15184,54633,0,-50426
13646,1,24630,40560,31888,47453,-1,53272
13647,1,26368,-54936,-12087,60937,-1,-35519
13648,1,40065,34368,-29120,52786,1,-14330
13649,1,31161,12689,-63848,33646,0,-55781
13650,1,-3961,-1223,30535,4146,0,-28753
13651,1,-43642,-14585,8604,46015,1,-50204
13652,1,-17297,43739,-28811,47035,0,11813
13653,1,47125,-4790,-7124,47368,-1,-9237
13654,1,-55149,-31889,-13051,63705,-1,63422
13655,1,43436,1614,-51995,43466,0,-51220
13656,1,16008,53106,-36448,55467,2,-9788
13657,1,-15137,-2980,22072,15428,0,-39409
13658,1,27061,28200,23083,39084,1,39896
13659,1,-48299,-45140,17662,65535,1,-32195
13660,1,-57933,-24721,-28907,62987,-2,45043
13661,1,41665,-60515,-27276,65535,2,-47466
13662,1,63908,11561,-60854,64946,1,-57121
13663,1,-35678,-11520,-20076,37492,0,51975
13664,1,9573,-26777,21713,28437,1,-3893
13665,1,27122,32315,-62278,42189,0,-44076
13666,1,16156,754,32020,16174,0,32992
13667,1,23173,38488,53404,44926,-1,-56205
13668,1,-26360,35718,-29625,44392,1,16406
13669,1,-42844,-47107,-36778,63677,0,46130
13670,1,-31416,10728,-47199,33197,1,11472
13671,1,29061,63478,16819,65535,1,40630
13672,1,-50437,-2,37414,50437,0,-28121
13673,1,-2223,-9403,-15423,9663,0,-53034
13674,1,-49935,25156,28494,55914,1,-46777
13675,1,176,5117,5380,5120,0,37431
13676,1,-34044,-59941,-37843,65535,1,49686
13677,1,22178,-61013,29090,64919,2,3595
13678,1,-62371,-23586,20082,65535,-2,-37912
13679,1,-13751,-20222,22857,24455,-1,-22368
13680,1,17275,63702,64841,65535,-2,-38987
13681,1,64959,57573,59624,65535,-3,-56319
13682,1,-12260,-64307,-18723,65466,1,-55421
13683,1,-24075,-38649,-25889,45534,1,60793
13684,1,49111,-9408,39078,50004,0,35130
13685,1,18665,-39639,55972,43814,-1,32385
13686,1,-50639,5761,49782,50966,1,-18117
13687,1,22022,-14302,54148,26259,0,42133
13688,1,-28150,51947,7590,59084,1,50717
13689,1,-39820,11626,38487,41483,0,-32975
13690,1,46713,43185,-49022,63617,1,-33457
13691,1,-37961,22352,6838,44053,0,61273
13692,1,8927,13343,55791,16054,0,-54813
13693,1,-40573,-24211,33372,47248,0,-20941
13694,1,-58997,-20929,-34632,62600,2,38015
13695,1,-9356,-34879,40347,36112,-1,2112
13696,1,-63957,43200,-48181,65535,-2,4963
13697,1,-46611,58184,-33254,65535,-2,13604
13698,1,-13750,-36433,-52600,38941,1,38176
13699,1,36823,41458,-14001,55450,0,3617
13700,1,41358,16574,45133,44556,0,53084
13701,1,3693,-4525,21628,5841,0,3140
13702,1,-6581,35890,-42200,36489,1,-5649
13703,1,58806,-36673,-48089,65535,0,-59721
13704,1,-35291,63066,54537,65535,-1,-33124
13705,1,11956,39357,-63819,41133,1,-37204
13706,1,-33590,4872,59146,33942,0,-9395
13707,1,-27479,-56163,-917,62525,0,-43177
13708,1,-10606,34697,-39229,36282,0,-273
13709,1,-15372,61293,22314,63191,2,60207
13710,1,-55634,-42827,-40973,65535,2,38248
13711,1,33038,27562,16527,43026,1,31031
13712,1,39079,-23538,-4843,45621,-1,-16152
13713,1,29463,17226,6061,34129,1,17097
13714,1,26549,-11367,23055,28880,-1,14617
13715,1,19416,10116,-7236,21893,1,2783
13716,1,581,-28658,65349,28664,-1,33004
13717,1,-16612,-10876,-60188,19856,0,17441
13718,1,-57344,17602,-4451,59985,-1,54873
13719,1,20549,-36950,-40353,42280,-1,-62533
13720,1,8037,-50906,2112,51537,-1,-27389
13721,1,44870,-37682,9376,58594,0,-5196
13722,1,7860,49475,-33348,50096,-1,-3866
13723,1,-18193,24356,-2170,30401,0,43981
13724,1,-28405,-42201,-48037,50870,1,37908
13725,1,8322,-16475,-20224,18458,0,-43235
13726,1,-14792,-54851,40144,56811,-1,1881
13727,1,3073,18365,-16852,18621,0,12458
13728,1,4517,-13040,-20399,13801,0,-46211
13729,1,5542,20871,-751,21595,0,26602
13730,1,-53274,46630,58473,65535,0,-22062
13731,1,29302,43245,-12164,52237,-1,8181
13732,1,20301,57271,-27376,60763,-1,-1714
13733,1,25808,-58926,6207,64330,0,-17950
13734,1,58295,44389,18360,65535,1,31936
13735,1,-16788,-21529,-49040,27301,1,35448
13736,1,-40774,31043,8901,51247,0,60863
13737,1,-19814,61246,-46522,64372,0,-7227
13738,1,62814,-18252,-17677,65412,0,-23576
13739,1,12231,-60129,-41276,61360,0,61214
13740,1,-14033,42884,15703,45122,1,55068
13741,1,-3554,40200,52917,40357,1,-43548
13742,1,-39218,51778,44552,64954,1,-40230
13743,1,36754,-30948,49598,48048,-1,34999
13744,1,-22760,44487,60997,49971,-1,-27442
13745,1,-44402,63001,-23089,65535,0,22486
13746,1,64265,-27326,22994,65535,2,14607
13747,1,60207,23791,28334,64737,-1,36185
13748,1,-32217,19924,-26863,37880,1,27118
13749,1,10615,4226,56226,11425,0,64130
13750,1,-47314,60446,47296,65535,-1,-37153
13751,1,8821,-45543,43782,46389,-1,15005
13752,1,42121,-23331,-48838,48151,1,-59390
13753,1,26508,61344,57610,65535,-1,-49202
13754,1,-26967,36063,10800,45031,1,56962
13755,1,47075,-2978,-14609,47169,1,-15927
13756,1,-53086,2516,48272,53146,2,-18253
13757,1,63879,-23259,-56139,65535,-1,-63423
13758,1,-20254,-10289,-33523,22718,0,41819
13759,1,20887,-6148,41588,21773,0,35616
13760,1,50914,-52715,-14322,65535,-2,-31068
13761,1,-32750,29786,-12581,44269,0,37559
13762,1,51811,54958,-62731,65535,-2,-45732
13763,1,17611,-22514,-33188,28584,1,-52109
13764,1,51329,17076,51571,54095,-1,58271
13765,1,8937,37170,-63905,38230,-1,-36059
13766,1,-18123,-45232,40130,48728,0,-587
13767,1,18325,28892,60957,34214,0,-49138
13768,1,36558,12766,-51181,38723,1,-44173
13769,1,-3994,20417,-8524,20804,0,28274
13770,1,5126,-41198,65133,41516,0,34947
13771,1,18446,-31869,28702,36823,-1,6880
13772,1,-39891,1776,-48518,39931,1,16089
13773,1,21204,-59324,5419,63000,1,-20188
13774,1,-60866,-1033,48739,60875,-2,-16443
13775,1,42413,8743,-29798,43305,0,-25557
13776,1,24991,19616,-14626,31770,0,-744
13777,1,49048,40834,-16481,63821,-1,-1998
13778,1,7175,22962,400,24057,1,26850
13779,1,-18766,37933,-50331,42321,-1,-7979
13780,1,-30211,12577,-24693,32725,1,32613
13781,1,51234,56941,-24517,65535,-2,-7033
13782,1,-40066,12363,-2032,41930,-1,57261
13783,1,-30665,-51350,44890,59810,-1,892
13784,1,-7896,-28875,-43743,29935,0,48993
13785,1,-57883,12117,-60145,59138,-1,1087
13786,1,61268,-8216,-27973,61817,1,-30754
13787,1,-3975,-56299,-19268,56440,-2,-53506
13788,1,39010,-54194,40601,65535,2,20848
13789,1,13890,17272,43195,22165,0,61835
13790,1,38018,28260,5287,47371,-1,18622
13791,1,17185,-13223,1216,21684,0,-12465
13792,1,-26448,-45582,63079,52700,0,19343
13793,1,16447,-62221,62314,64358,2,34936
13794,1,163,2634,1679,2639,0,33158
13795,1,-58807,39951,6889,65535,-1,59977
13796,1,21292,33599,-19873,39778,-1,1113
13797,1,-56589,-59593,-48237,65535,2,34222
13798,1,12880,64319,-20811,65535,-1,7834
13799,1,3069,-18706,55037,18956,1,25661
13800,1,-16096,-12688,9879,20496,0,-41731
13801,1,37379,1318,2302,37403,0,3037
13802,1,-46976,-20651,5588,51315,1,-51308
13803,1,58631,14602,-26753,60422,2,-21662
13804,1,18047,34452,-18870,38893,1,3832
13805,1,30970,-1650,-10834,31014,1,-11945
13806,1,-28393,54661,-4149,61596,0,38613
13807,1,42183,28944,52713,51159,0,65258
13808,1,28378,-32347,-19479,43031,-1,-37224
13809,1,-57474,-64204,-6269,65535,2,-54269
13810,1,3010,17996,-44220,18246,0,-14909
13811,1,41542,-16008,-26506,44520,-1,-34178
13812,1,-54500,-62436,14407,65535,2,-33332
13813,1,-53565,10226,42545,54533,1,-26926
13814,1,-23023,-52644,12931,57458,0,-28437
13815,1,-47963,-58041,-53800,65535,1,30097
13816,1,62430,46124,61859,65535,-1,-55939
13817,1,-16615,12039,17280,20518,0,-61337
13818,1,62509,6894,52150,62888,2,54441
13819,1,-49857,41396,-362,64803,0,50719
13820,1,-32691,14325,-4061,35692,0,52860
13821,1,-34411,52124,-23003,62459,1,21937
13822,1,38922,-28231,56572,48083,1,43481
13823,1,-55748,-3702,12970,55871,0,-51183
13824,1,19047,16614,-12072,25275,0,2891
13825,1,-41641,53034,-50311,65535,2,-3658
13826,1,-31173,7680,-2969,32105,0,57528
13827,1,-31220,12294,-5106,33554,-1,52605
13828,1,31130,4681,-49360,31480,1,-46247
13829,1,56188,24826,56789,61428,0,65468
13830,1,-19502,50854,18488,54465,0,58895
13831,1,-62882,-48014,58096,65535,0,6164
13832,1,1552,-46463,33043,46489,-1,972
13833,1,-31048,-31815,-21765,44454,-1,60410
13834,1,-2969,-51768,45939,51853,-1,11976
13835,1,22185,19407,45010,29476,0,60003
13836,1,1740,17595,34265,17681,0,64976
13837,1,58791,29777,-12253,65535,0,-2473
13838,1,9218,-25546,37079,27159,0,11535
13839,1,24369,-26309,61233,35861,0,44051
13840,1,-13172,24015,-24402,27390,1,18831
13841,1,-5242,7396,48811,9066,0,-36630
13842,1,54211,-4979,-26631,54440,-1,-28541
13843,1,9672,-37979,59647,39191,0,32081
13844,1,42286,23267,62381,48265,1,-58198
13845,1,23840,-51186,-64616,56466,0,42781
13846,1,-8332,14542,-42594,16760,0,1028
13847,1,-20320,-8531,-22677,22038,0,51151
13848,1,-40795,-27486,-12367,49191,1,-65535
13849,1,21770,25862,59241,33805,0,-53659
13850,1,41301,-11921,105,42987,1,-5757
13851,1,20242,-10840,-48347,22962,0,-58603
13852,1,57823,17134,30608,60309,-2,36618
13853,1,1322,-14098,-53789,14160,0,46466
13854,1,-52606,-1119,379,52618,0,-64713
13855,1,-61996,6454,-3792,62331,-1,59580
13856,1,-57388,-48365,-17225,65535,2,62919
13857,1,-58630,-35846,29913,65535,0,-24175
13858,1,-44219,64962,-19108,65535,1,26127
13859,1,-2483,20780,-5270,20928,0,29978
13860,1,36470,-39574,-51538,53816,-1,62300
13861,1,-58832,53815,23381,65535,1,-57611
13862,1,1883,11224,10623,11381,0,39924
13863,1,62496,-50813,-42144,65535,-1,-56384
13864,1,1595,27232,-29484,27279,0,2064
13865,1,-64622,9353,796,65296,0,63334
13866,1,-49810,-49903,-28377,65535,0,53562
13867,1,31993,-36826,13246,48782,1,-4601
13868,1,14244,-41175,-33181,43569,0,-59001
13869,1,42813,50069,49418,65535,2,-63644
13870,1,-32838,-23185,-27020,40198,-1,51341
13871,1,45615,-51101,-20294,65535,-2,-37860
13872,1,-16905,-21530,43001,27374,1,-3653
13873,1,54900,20483,-33257,58597,0,-25808
13874,1,-17361,8363,-40667,19270,1,15504
13875,1,26351,2522,56027,26472,0,58017
13876,1,-30882,-21859,60541,37836,0,7854
13877,1,-57581,59607,58594,65535,0,-23687
13878,1,60726,-45133,-37732,65535,-2,-51064
13879,1,-13726,-32041,59494,34857,1,18282
13880,1,-1272,-40975,44485,40995,0,11070
13881,1,-38132,27620,14272,47084,0,-64341
13882,1,-12659,-46077,-21734,47785,1,-60096
13883,1,36828,59848,2350,65535,-1,23611
13884,1,-31909,25779,-46700,41021,0,4661
13885,1,-5329,-23843,17152,24431,0,-20203
13886,1,-45030,-21478,30327,49890,-1,-25924
13887,1,17690,36777,51818,40810,-1,-55838
13888,1,-30380,28726,-45284,41811,1,4451
13889,1,-13593,-28531,-35795,31604,0,53234
13890,1,-61247,62927,63438,65535,-2,-18764
13891,1,54945,-54919,-20804,65535,-2,-37183
13892,1,49731,-57768,38645,65535,1,20704
13893,1,50823,-38182,-62691,63568,0,54940
13894,1,59832,30193,-18682,65535,-1,-8933
13895,1,10043,-1508,-63165,10156,0,64798
13896,1,-44286,-56244,-49691,65535,1,34699
13897,1,32555,-2731,34782,32669,0,33036
13898,1,-12499,-19809,50576,23423,1,6065
13899,1,-30268,-23244,52713,38163,1,838
13900,1,-41703,21397,-64819,46872,1,-9172
13901,1,4254,-59709,-44399,59861,0,55389
13902,1,31359,-11485,-35207,33396,0,-42530
13903,1,-3384,-25821,11694,26042,0,-23793
13904,1,9438,65125,-40424,65535,0,-10658
13905,1,-59616,-37140,-40560,65535,-2,36599
13906,1,-27986,41973,15348,50448,1,60383
13907,1,33053,8502,54000,34129,1,59252
13908,1,-19006,54281,37495,57513,1,-53783
13909,1,54997,20302,12997,58625,0,20374
13910,1,45511,42743,48215,62436,-2,63945
13911,1,6203,48744,24037,49137,1,54164
13912,1,-23397,-6937,64341,24404,0,4818
13913,1,-53018,45877,-31307,65535,0,19349
13914,1,-60402,8267,-49079,60965,-1,13620
13915,1,9829,6637,-36246,11860,0,-23856
13916,1,-7073,-20131,-16810,21338,0,-56626
13917,1,-25860,13873,54754,29346,0,-21054
13918,1,35069,-43744,2886,56066,2,-15786
13919,1,58838,-46371,-43663,65535,-1,-57586
13920,1,50100,-30450,-47118,58628,0,-58511
13921,1,40178,-14818,62576,42824,0,55206
13922,1,-9758,17395,1980,19945,0,45412
13923,1,6923,6947,5409,9808,0,21829
13924,1,-22714,-46202,37743,51484,0,-4557
13925,1,-15570,-60704,60858,62669,0,22852
13926,1,-15192,-20598,26542,25595,-1,-19482
13927,1,-45642,-56995,-2430,65535,1,-49284
13928,1,55974,-61347,-41439,65535,1,-58778
13929,1,-1532,-60751,39530,60771,1,6236
13930,1,-62301,-52700,13751,65535,1,-37139
13931,1,65463,9458,-26690,65535,0,-23697
13932,1,1253,-13578,-50180,13636,0,50043
13933,1,42461,26817,44438,50220,-1,56190
13934,1,-32235,-51881,8309,61080,0,-36057
13935,1,-29962,-6740,39534,30711,-1,-21386
13936,1,-12882,-25104,17411,28216,1,-25248
13937,1,11782,30789,-16,32966,0,25128
13938,1,-43610,8895,9503,44508,1,-60230
13939,1,22894,51238,-61148,56120,0,-37146
13940,1,-24502,16689,-11403,29646,0,41660
13941,1,-47232,45641,5813,65535,2,55322
13942,1,62319,-32335,-2104,65535,2,-12089
13943,1,-20991,-11345,15116,23861,0,-40084
13944,1,-873,-41947,1002,41956,-1,-32199
13945,1,26415,58702,31833,64372,-1,55781
13946,1,57546,36901,34977,65535,1,46871
13947,1,-59835,-3178,57491,59920,0,-6938
13948,1,-55913,4087,54645,56062,0,-12413
13949,1,-17073,33556,-23589,37650,0,18997
13950,1,-61877,-64342,-51234,65535,-2,31094
13951,1,60045,-29927,-58590,65535,-1,62837
13952,1,-63516,21151,64142,65535,-2,-8099
13953,1,-1173,-26672,48891,26698,0,15206
13954,1,-43982,58148,52358,65535,2,-32438
13955,1,60406,65129,8931,65535,1,26099
13956,1,-23435,-4610,46134,23884,-1,-15349
13957,1,-16711,55082,-18,57561,-1,38895
13958,1,-49236,-5807,43252,49578,1,-19835
13959,1,59477,13613,-13267,61015,-1,-8573
13960,1,-26931,-46618,-60767,53838,0,26609
13961,1,-2316,41334,-4540,41399,-1,29396
13962,1,7358,-52976,45173,53485,0,15284
13963,1,30509,23929,-52170,38774,0,-38295
13964,1,-23565,59431,28680,63933,0,-61749
13965,1,-18895,-57798,-44361,60809,2,47351
13966,1,65523,-63422,-57419,65535,-2,57609
13967,1,63635,-55242,5072,65535,0,-9842
13968,1,17775,-47477,-28506,50696,-2,-53800
13969,1,-13790,33011,35647,35776,-1,-54402
13970,1,1628,47466,-34634,47494,-1,-2581
13971,1,-64426,-34467,-31265,65535,2,44518
13972,1,2581,54416,-51765,54477,0,-19986
13973,1,-22398,18103,-42058,28799,1,9297
13974,1,46788,8648,44709,47581,-1,48522
13975,1,22544,-12228,-31789,25647,1,-42157
13976,1,32670,28614,45039,43429,0,60044
13977,1,-42198,-32291,-31294,53136,1,47867
13978,1,-7295,-17708,-30964,19152,0,59188
13979,1,51736,-56295,-6601,65535,0,-23865
13980,1,59235,51368,9894,65535,-2,24797
13981,1,-61990,63143,52194,65535,2,-29919
13982,1,21970,-4711,-10221,22470,0,-14627
13983,1,-57841,-1797,46528,57869,1,-18361
13984,1,-50413,46893,13711,65535,2,63617
13985,1,2028,28584,54715,28656,0,-45067
13986,1,-10734,15806,-36790,19106,0,8422
13987,1,-36959,-14014,27341,39527,0,-30635
13988,1,-3939,-21564,41443,21921,0,4906
13989,1,34964,63994,23916,65535,2,46252
13990,1,57213,2274,-15542,57258,2,-14714
13991,1,28881,26705,25285,39336,0,40853
13992,1,34850,-38512,17604,51940,-1,180
13993,1,-5347,27131,24148,27653,0,60975
13994,1,-8757,47782,-42939,48578,0,-6390
13995,1,-44233,17861,47203,47703,-1,-26338
13996,1,-17670,-5782,-26125,18592,0,46008
13997,1,21001,45755,-26926,50345,1,-3135
13998,1,3966,-37240,11144,37451,0,-19411
13999,1,42825,-19771,51983,47169,0,42960
14000,1,13246,-9552,9393,16331,-1,-3639
14001,1,-48918,-8014,-60830,49570,-1,8094
14002,1,304,57726,43730,57727,2,-54684
14003,1,-40249,-9657,22157,41392,-1,-38466
14004,1,47989,45532,29783,65535,0,45619
14005,1,-58738,-28551,-43011,65310,-1,31964
14006,1,58442,-61269,-39537,65535,2,-56414
14007,1,-26997,-44496,-42366,52046,-1,44562
14008,1,-26854,-58651,61158,64507,-1,19433
14009,1,48410,-62820,46920,65535,-1,27849
14010,1,17981,41556,-12700,45280,0,11549
14011,1,-46291,-42999,-58660,63181,1,22491
14012,1,40516,-10500,24058,41855,0,18768
14013,1,-58514,34623,-4798,65535,0,49592
14014,1,-57535,24957,-12902,62715,0,44096
14015,1,-32521,-4151,-33297,32785,0,34888
14016,1,-57917,64490,59732,65535,0,-23307
14017,1,32725,-20041,2915,38375,0,-8548
14018,1,10409,-52879,13491,53894,-2,-15222
14019,1,4299,28222,37694,28548,1,-63764
14020,1,-33795,-32909,-42906,47171,-1,38737
14021,1,-30535,-16762,4131,34833,0,-50932
14022,1,41640,57772,43388,65535,2,63127
14023,1,19977,-53412,60210,57026,0,34908
14024,1,-53069,-23593,-24789,58077,1,49473
14025,1,-45397,-57422,4339,65535,0,-42384
14026,1,-10338,46670,-54472,47802,0,-17156
14027,1,32658,-14281,11601,35644,-1,3002
14028,1,-10344,497,-28555,10356,0,35980
14029,1,52058,-6296,36227,52437,1,33716
14030,1,42202,-52411,-22516,65535,-2,-41142
14031,1,-48458,6991,-2518,48960,1,60029
14032,1,37884,59843,-18710,65535,1,2284
14033,1,15284,-42,47820,15284,0,47763
14034,1,-17467,-56757,-20590,59384,-1,-59586
14035,1,886,-47611,-48880,47620,1,49812
14036,1,50815,27558,-41555,57807,-2,-31188
14037,1,-2862,44244,43938,44337,0,-53018
14038,1,42073,-56360,52517,65535,0,33126
14039,1,-28078,-24791,29220,37457,-1,-21227
14040,1,-36235,56093,51945,65535,1,-34395
14041,1,32730,18201,-25880,37451,0,-15293
14042,1,27142,-29744,21470,40267,0,4132
14043,1,39874,17583,14628,43579,0,23292
14044,1,58840,56058,-55276,65535,-2,-39397
14045,1,5788,-10667,-61553,12136,0,47122
14046,1,64602,26941,-51038,65535,-1,-42796
14047,1,2994,32160,47051,32299,1,-53190
14048,1,15989,33967,-34244,37542,1,-10654
14049,1,43698,12873,48788,45555,-1,54765
14050,1,-13427,-6533,33248,14932,0,-22842
14051,1,23136,-35913,51351,42721,-1,30522
14052,1,1335,-48784,1192,48803,-1,-31005
14053,1,-55572,48993,24078,65535,-2,-56531
14054,1,28558,-6960,-42786,29394,0,-47773
14055,1,52548,16442,57680,55061,0,64006
14056,1,-53896,888,60468,53903,-1,-5411
14057,1,-23848,-51213,-50552,56494,1,38660
14058,1,-47085,-63218,-31658,65535,-1,53292
14059,1,39301,4860,6306,39601,-1,8873
14060,1,-57558,39389,9832,65535,1,62849
14061,1,-4589,-47793,63851,48013,0,29086
14062,1,64357,-16801,37294,65535,-1,31967
14063,1,21253,-27925,48098,35093,1,28901
14064,1,-57210,15898,51165,59378,1,-20026
14065,1,33932,28359,60146,44223,0,-56403
14066,1,-9867,21550,-1906,23702,1,39819
14067,1,-29631,30733,53464,42691,1,-28837
14068,1,-57489,-53945,-4358,65535,1,-54174
14069,1,1069,-53002,-18724,53013,0,-51071
14070,1,14295,-54382,-41814,56230,0,61852
14071,1,-12275,-42972,-31354,44691,-1,61146
14072,1,-29476,-8865,-27715,30780,1,43915
14073,1,-51983,-14992,50650,54102,0,-9029
14074,1,-37420,41146,-17878,55617,-2,30286
14075,1,-15161,12625,-37701,19730,0,13349
14076,1,-24108,-27141,-28862,36302,-1,54292
14077,1,-3978,8491,21333,9377,0,63241
14078,1,65468,-12654,-46786,65535,-1,-50769
14079,1,-43084,3932,27678,43263,0,-39757
14080,1,-4026,-52434,-52259,52589,-1,44446
14081,1,32960,-33412,-20278,46933,-1,-36804
14082,1,31307,31073,-9319,44110,0,6987
14083,1,19286,44082,40410,48116,-1,64575
14084,1,17041,-24254,-48768,29642,0,62313
14085,1,56316,12093,18317,57600,0,22729
14086,1,-53674,-38725,15846,65535,1,-36652
14087,1,-29590,-1427,-31085,29625,0,35456
14088,1,17292,-31213,19686,35683,0,-2528
14089,1,48478,21977,62684,53227,0,-59509
14090,1,-53975,13177,15271,55561,2,-55261
14091,1,-14936,12791,16072,19665,0,-64237
14092,1,35735,37330,13463,51677,1,30302
14093,1,25143,27956,55106,37600,0,-58478
14094,1,64517,33226,-10961,65535,-2,-1040
14095,1,8459,35139,-19243,36143,1,8597
14096,1,42651,35288,10525,55357,-1,24944
14097,1,58843,24996,35408,63932,-1,43788
14098,1,26422,-34250,951,43257,1,-18110
14099,1,-8837,1608,60138,8982,0,-9153
14100,1,-44003,-54312,-1342,65535,1,-48315
14101,1,17817,24358,2841,30179,1,22434
14102,1,44728,4077,-427,44914,0,1469
14103,1,-39695,-11560,55439,41344,-1,-4185
14104,1,-3601,-34290,-50845,34479,0,45276
14105,1,23288,-37392,25269,44051,1,4120
14106,1,-48499,49809,-9965,65535,0,38909
14107,1,13655,-14580,49081,19976,-1,32015
14108,1,-37691,14987,6484,40562,0,64125
14109,1,44194,-41378,-5118,60542,0,-20816
14110,1,-25072,40993,-51142,48053,-1,-6923
14111,1,-36035,-58877,-16143,65535,2,-60369
14112,1,-8459,-56556,-15264,57185,2,-51130
14113,1,3322,14660,21515,15032,0,49635
14114,1,8439,-50804,-31092,51501,0,-60426
14115,1,51175,-19246,12506,54675,1,5002
14116,1,-10596,-38550,-25917,39980,-1,-64280
14117,1,63971,63437,5405,65535,-2,21702
14118,1,47240,-39117,61352,61333,-1,46925
14119,1,37651,-23789,1788,44537,-1,-9966
14120,1,-18391,19541,59900,26835,-1,-22652
14121,1,-28906,14352,54380,32273,-1,-20769
14122,1,8829,64628,48315,65229,-1,-52821
14123,1,-50110,-30816,34669,58827,-1,-19365
14124,1,-43420,-29988,-28930,52769,0,49214
14125,1,-55801,-59626,-20128,65535,-1,62483
14126,1,-56023,-14809,10615,57947,-2,-49529
14127,1,59157,-5197,-25854,59385,-1,-27681
14128,1,17840,-26114,57289,31626,0,37024
14129,1,-54356,17926,-11337,57236,0,47554
14130,1,53996,38129,4707,65535,-1,17533
14131,1,58413,-4395,-46515,58579,0,-48082
14132,1,39606,26040,61479,47400,1,-57461
14133,1,-48386,-19358,44659,52115,-1,-12938
14134,1,61106,16072,-20061,63184,1,-14696
14135,1,37258,21730,458,43132,0,11473
14136,1,-10299,-25518,-16588,27518,-1,-57358
14137,1,-60682,61927,-45837,65535,-1,3103
14138,1,-3056,-30089,-50889,30244,0,45304
14139,1,-10545,-35039,-43595,36592,-1,48611
14140,1,-9705,60861,29842,61630,-1,-65163
14141,1,-26828,52514,-24270,58970,1,18351
14142,1,15901,46125,-18729,48789,-1,7114
14143,1,33603,51112,-53616,61169,0,-32980
14144,1,-17985,-16338,-63610,24298,-1,17311
14145,1,-4570,26497,41128,26889,1,-53614
14146,1,-53367,-51164,56903,65535,0,7311
14147,1,5899,-10445,-13646,11996,0,-35690
14148,1,12332,-44962,6546,46623,-1,-20637
14149,1,-27705,15206,-41764,31604,0,13301
14150,1,-35826,23673,34086,42941,0,-43631
14151,1,-51044,40600,-1790,65222,-2,49730
14152,1,-46641,-1684,27883,46672,0,-36900
14153,1,-16313,19050,31921,25081,0,-51611
14154,1,-1635,3796,-44916,4133,0,-3664
14155,1,23981,-44874,6194,50880,0,-16336
14156,1,42647,26894,-54631,50419,1,-42894
14157,1,50449,-64125,-12386,65535,1,-31249
14158,1,36748,20501,-37652,42080,1,-27037
14159,1,42487,19493,23675,46746,0,32648
14160,1,27408,-33865,-63953,43567,1,48544
14161,1,35317,26363,46925,44072,-1,60302
14162,1,-48902,-64314,-45330,65535,1,39412
14163,1,-3996,14889,-35565,15416,0,2674
14164,1,13979,-21752,47697,25857,-1,26845
14165,1,-61685,-13692,14431,63187,0,-46549
14166,1,-58547,-10725,49336,59521,-2,-12420
14167,1,-49274,-18875,17424,52766,-1,-40480
14168,1,41718,52614,-4958,65535,-2,13826
14169,1,14026,41008,-20931,43340,1,4962
14170,1,2677,2894,14565,3943,0,31761
14171,1,-38967,16816,-5271,42441,-1,51767
14172,1,-26323,-57899,37088,63602,1,-4582
14173,1,54308,9686,-2585,55165,0,1097
14174,1,19816,6557,-39303,20873,1,-32637
14175,1,-5601,19450,39867,20241,-1,-52587
14176,1,-40699,-8150,-6430,41507,1,63229
14177,1,-54340,-55487,64587,65535,-1,15653
14178,1,47150,-50226,-16490,65535,-1,-33533
14179,1,60770,-18451,56550,63510,-1,50401
14180,1,-40345,-19130,-45615,44651,0,29157
14181,1,-34646,-29549,54059,45536,-1,3254
14182,1,32250,13062,-38955,34795,1,-30928
14183,1,-38929,-34517,-61402,52028,0,19266
14184,1,-47481,19345,49248,51271,-1,-24358
14185,1,-47109,4616,-24636,47335,0,38863
14186,1,54869,-18611,-23402,57940,1,-30224
14187,1,41724,30301,-5137,51566,1,7966
14188,1,-36230,32067,39835,48383,-1,-40814
14189,1,-51912,-51231,57657,65535,0,8367
14190,1,-62990,7816,-57009,63473,-1,5952
14191,1,17401,13623,-61424,22100,0,-47568
14192,1,49200,-41404,22529,64304,2,7935
14193,1,26284,-51284,-47390,57628,2,60793
14194,1,-1028,32517,33004,32534,1,-64641
14195,1,52684,10904,-13542,53801,0,-9285
14196,1,-46364,54432,27346,65535,1,-56241
14197,1,25018,22933,16714,33939,0,32192
14198,1,38184,59118,51105,65535,-1,-59162
14199,1,-7869,-12775,-35620,15004,0,51168
14200,1,17750,-2130,-38932,17878,0,-41423
14201,1,-21107,53900,-11442,57886,1,29112
14202,1,-15749,18787,-38334,24515,0,8987
14203,1,62935,-58035,62800,65535,2,47260
14204,1,54367,45356,21244,65535,2,35748
14205,1,46008,-51939,-35017,65535,0,-52663
14206,1,-44172,31120,-40657,54034,0,12076
14207,1,-37145,34591,10216,50757,0,60110
14208,1,56938,24550,22285,62005,1,30777
14209,1,-28124,12784,30887,30894,1,-43550
14210,1,18706,-27035,9714,32876,0,-10428
14211,1,-63306,-13660,9940,64763,1,-51163
14212,1,27348,40442,-1223,48821,0,19141
14213,1,37971,-56836,28100,65535,1,7618
14214,1,-5692,-1418,42995,5866,0,-17449
14215,1,-30637,44745,16374,54229,0,61666
14216,1,-32980,64142,-29431,65535,0,13244
14217,1,-61984,-42580,2287,65535,0,-50693
14218,1,13778,14470,-45583,19981,0,-28688
14219,1,60439,-8839,-28318,61082,-1,-31347
14220,1,-51149,-25599,-61785,57198,2,13430
14221,1,2095,41959,-51804,42012,0,-20077
14222,1,58857,-62947,45945,65535,0,28861
14223,1,62994,60179,-23580,65535,-1,-7672
14224,1,3027,-41985,-43160,42094,0,56646
14225,1,-4206,56282,20893,56439,-1,55217
14226,1,25212,37724,52511,45374,0,-58083
14227,1,-56414,20610,-38067,60061,0,20162
14228,1,-49384,-27050,-37813,56307,0,38177
14229,1,-44009,54602,-32925,65535,2,13994
14230,1,21135,7306,14785,22362,0,21728
14231,1,49877,3512,-25132,50001,1,-23666
14232,1,13334,33121,-40267,35704,0,-15483
14233,1,-29189,38589,13575,48385,-1,59853
14234,1,4857,38635,52731,38939,1,-48182
14235,1,-6960,-37644,30752,38282,-1,-5829
14236,1,-27272,58136,-3332,64215,0,38586
14237,1,-33046,-22822,-879,40161,-1,-53807
14238,1,35345,-3148,-52545,35485,0,-54398
14239,1,63264,45666,-61800,65535,0,-48757
14240,1,42028,-27349,-52832,50143,0,-64866
14241,1,6945,19683,-19483,20872,-1,6210
14242,1,27843,35248,7845,44919,-1,26667
14243,1,-25782,-27265,17474,37525,-1,-31095
14244,1,-62462,-496,-58034,62464,2,7667
14245,1,-10601,-40127,-51131,41504,0,41785
14246,1,-19699,37440,44013,42306,1,-44188
14247,1,-1368,112,-11624,1373,0,52211
14248,1,19266,34941,58104,39901,0,-50712
14249,1,37138,47546,9721,60331,0,28656
14250,1,9031,6761,-32989,11282,0,-19584
14251,1,-41345,-21859,40177,46768,0,-15214
14252,1,49707,22850,45397,54708,0,54385
14253,1,-32508,64070,40101,65535,-1,-48408
14254,1,52692,-2580,-35797,52755,-1,-36817
14255,1,24792,60024,-64720,64942,0,-40123
14256,1,-40016,-1949,-56636,40064,0,9915
14257,1,-55898,-24961,-10474,61218,2,63822
14258,1,-43662,35479,-48948,56260,2,2353
14259,1,-26030,-61476,-25315,65535,1,64633
14260,1,20079,54398,-13646,57985,2,11745
14261,1,-32552,-3472,-5043,32737,-1,62710
14262,1,-58298,64789,34193,65535,-2,-48826
14263,1,-971,-26031,65066,26050,-1,31521
14264,1,-55457,-27417,-20356,61864,1,54758
14265,1,41462,-15416,45661,44235,-1,38236
14266,1,-62395,33860,11123,65535,0,-64785
14267,1,63386,32604,6949,65535,-2,16860
14268,1,-25927,40749,44595,48298,1,-41888
14269,1,-44779,39526,-17039,59728,-1,33412
14270,1,-12248,20544,-57092,23918,0,-13110
14271,1,-62317,45749,-25,65535,0,52301
14272,1,52179,16329,22053,54675,-1,28380
14273,1,977,30758,-12813,30774,0,19292
14274,1,-36127,-33071,-48914,48978,0,32086
14275,1,-14505,-24958,19658,28867,1,-24093
14276,1,-60020,7150,63407,60445,-1,-4602
14277,1,50057,39045,22569,63484,0,36388
14278,1,26440,-26840,-32311,37676,1,-48852
14279,1,-52589,-11541,33867,53841,0,-27162
14280,1,61627,756,44615,61632,1,44871
14281,1,35169,-39811,-3917,53121,0,-21591
14282,1,12945,25603,6913,28690,-1,29916
14283,1,-6927,37588,-64527,38221,0,-27957
14284,1,32291,25759,-55315,41307,-1,-41268
14285,1,52653,-47395,20060,65535,1,4771
14286,1,-8599,-2413,21627,8931,0,-38202
14287,1,-51667,10026,-10336,52631,-1,51202
14288,1,-45724,32449,62119,56068,-1,-16292
14289,1,-1179,-2813,-11506,3050,0,-52552
14290,1,61672,-27160,-46679,65535,-1,-55332
14291,1,14515,10622,19146,17987,0,32324
14292,1,-36729,-18608,-12178,41174,0,63141
14293,1,15908,35150,60680,38582,1,-46490
14294,1,51706,33366,-2969,61537,1,8985
14295,1,-48126,4375,-22352,48325,0,41293
14296,1,46522,-13898,-4459,48554,0,-10515
14297,1,27696,-42853,-41267,51024,0,-62066
14298,1,-34597,61866,3457,65535,1,46861
14299,1,37204,-60404,-17639,65535,-1,-38891
14300,1,18468,58785,-9329,61618,0,17089
14301,1,-37696,-11068,-12268,39287,-1,59226
14302,1,19638,64779,12182,65535,-1,38810
14303,1,46848,5651,51260,47188,-1,53765
14304,1,-44655,56754,-60624,65535,0,-13949
14305,1,45200,-9882,-43689,46268,0,-48179
14306,1,60623,-7369,14269,61070,1,11745
14307,1,11389,49440,62795,50735,0,-40232
14308,1,55949,-2688,45352,56014,-1,44351
14309,1,25575,-21735,34377,33563,0,19683
14310,1,16698,18641,-16799,25026,0,731
14311,1,47480,-28680,-29602,55470,0,-40937
14312,1,38278,-10597,-29990,39718,1,-35624
14313,1,38435,-58601,30658,65535,0,9999
14314,1,-25409,3299,9551,25622,0,-58678
14315,1,-4926,60185,-58705,60387,-1,-24233
14316,1,-22909,-51180,-59381,56073,0,30143
14317,1,45649,35655,64264,57924,-1,-52975
14318,1,46716,-46685,-59049,65535,1,55646
14319,1,-38828,-37004,1242,53637,1,-48412
14320,1,-16163,-29819,20107,33918,0,-23023
14321,1,-55613,18475,11349,58602,1,-60878
14322,1,47484,42442,-57257,63687,1,-42042
14323,1,-19166,-33334,55473,38451,-1,11820
14324,1,-16465,43020,-51750,46064,0,-11357
14325,1,-54976,54457,-28232,65535,2,21018
14326,1,8555,-16808,4269,18860,1,-18678
14327,1,39777,-29772,-5025,49685,1,-18429
14328,1,62394,57673,54697,65535,0,-60811
14329,1,29487,-62877,-22386,65535,1,-46006
14330,1,14990,-29772,9630,33333,0,-13408
14331,1,-61438,28659,-56005,65535,2,425
14332,1,-63363,50115,31656,65535,-2,-47839
14333,1,61941,-34105,-30630,65535,0,-41129
14334,1,49208,24271,-20197,54869,1,-10638
14335,1,-37606,-47259,6448,60396,0,-40341
14336,0,0,0,0,0,0,0
14337,0,1,0,0,1,0,0
14338,0,-1,0,0,-1,0,0
14339,0,32768,0,0,32768,-1,0
14340,0,-32768,0,0,-32768,1,0
14341,0,65535,0,0,65535,-1,0
14342,0,-65536,0,0,-65536,1,0
14343,0,0,1,0,0,1,0
14344,0,1,1,0,1,1,0
14345,0,-1,1,0,-1,1,0
14346,0,32768,1,0,32768,1,0
14347,0,-32768,1,0,-32768,2,0
14348,0,65535,1,0,65535,0,0
14349,0,-65536,1,0,-65536,2,0
14350,0,0,-1,0,0,-1,0
14351,0,1,-1,0,1,-1,0
14352,0,-1,-1,0,-1,-1,0
14353,0,32768,-1,0,32768,-2,0
14354,0,-32768,-1,0,-32768,0,0
14355,0,65535,-1,0,65535,-2,0
14356,0,-65536,-1,0,-65536,0,0
14357,0,0,32768,0,1,32768,0
14358,0,1,32768,0,2,32768,0
14359,0,-1,32768,0,-1,32768,0
14360,0,32768,32768,0,32769,32768,0
14361,0,-32768,32768,0,-32768,32769,0
14362,0,65535,32768,0,65535,32767,0
14363,0,-65536,32768,0,-65536,32770,0
14364,0,0,-32768,0,-1,-32768,0
14365,0,1,-32768,0,0,-32768,0
14366,0,-1,-32768,0,-2,-32768,0
14367,0,32768,-32768,0,32768,-32769,0
14368,0,-32768,-32768,0,-32769,-32768,0
14369,0,65535,-32768,0,65535,-32769,0
14370,0,-65536,-32768,0,-65536,-32767,0
14371,0,0,65535,0,1,65535,0
14372,0,1,65535,0,2,65535,0
14373,0,-1,65535,0,0,65535,0
14374,0,32768,65535,0,32769,65535,0
14375,0,-32768,65535,0,-32767,65535,0
14376,0,65535,65535,0,65535,65534,0
14377,0,-65536,65535,0,-65535,65535,0
14378,0,0,-65536,0,-1,-65536,0
14379,0,1,-65536,0,0,-65536,0
14380,0,-1,-65536,0,-2,-65536,0
14381,0,32768,-65536,0,32767,-65536,0
14382,0,-32768,-65536,0,-32769,-65536,0
14383,0,65535,-65536,0,65534,-65536,0
14384,0,-65536,-65536,0,-65536,-65535,0
14385,0,0,0,1,0,0,0
14386,0,1,0,1,1,0,0
14387,0,-1,0,1,-1,0,0
14388,0,32768,0,1,32768,1,0
14389,0,-32768,0,1,-32768,-1,0
14390,0,65535,0,1,65535,3,0
14391,0,-65536,0,1,-65536,-3,0
14392,0,0,1,1,0,1,0
14393,0,1,1,1,1,1,0
14394,0,-1,1,1,-1,1,0
14395,0,32768,1,1,32768,3,0
14396,0,-32768,1,1,-32768,0,0
14397,0,65535,1,1,65535,4,0
14398,0,-65536,1,1,-65536,-2,0
14399,0,0,-1,1,0,-1,0
14400,0,1,-1,1,1,-1,0
14401,0,-1,-1,1,-1,-1,0
14402,0,32768,-1,1,32768,0,0
14403,0,-32768,-1,1,-32768,-2,0
14404,0,65535,-1,1,65535,2,0
14405,0,-65536,-1,1,-65536,-4,0
14406,0,0,32768,1,-1,32768,0
14407,0,1,32768,1,0,32768,0
14408,0,-1,32768,1,-3,32768,0
14409,0,32768,32768,1,32767,32770,0
14410,0,-32768,32768,1,-32770,32767,0
14411,0,65535,32768,1,65534,32771,0
14412,0,-65536,32768,1,-65536,32765,0
14413,0,0,-32768,1,1,-32768,0
14414,0,1,-32768,1,3,-32768,0
14415,0,-1,-32768,1,0,-32768,0
14416,0,32768,-32768,1,32770,-32767,0
14417,0,-32768,-32768,1,-32767,-32770,0
14418,0,65535,-32768,1,65535,-32765,0
14419,0,-65536,-32768,1,-65535,-32771,0
14420,0,0,65535,1,-3,65535,0
14421,0,1,65535,1,-2,65535,0
14422,0,-1,65535,1,-4,65535,0
14423,0,32768,65535,1,32765,65535,0
14424,0,-32768,65535,1,-32771,65534,0
14425,0,65535,65535,1,65532,65535,0
14426,0,-65536,65535,1,-65536,65532,0
14427,0,0,-65536,1,3,-65536,0
14428,0,1,-65536,1,4,-65536,0
14429,0,-1,-65536,1,2,-65536,0
14430,0,32768,-65536,1,32771,-65535,0
14431,0,-32768,-65536,1,-32765,-65536,0
14432,0,65535,-65536,1,65535,-65533,0
14433,0,-65536,-65536,1,-65533,-65536,0
14434,0,0,0,-1,0,0,0
14435,0,1,0,-1,1,0,0
14436,0,-1,0,-1,-1,0,0
14437,0,32768,0,-1,32768,-1,0
14438,0,-32768,0,-1,-32768,1,0
14439,0,65535,0,-1,65535,-3,0
14440,0,-65536,0,-1,-65536,3,0
14441,0,0,1,-1,0,1,0
14442,0,1,1,-1,1,1,0
14443,0,-1,1,-1,-1,1,0
14444,0,32768,1,-1,32768,0,0
14445,0,-32768,1,-1,-32768,3,0
14446,0,65535,1,-1,65535,-2,0
14447,0,-65536,1,-1,-65536,4,0
14448,0,0,-1,-1,0,-1,0
14449,0,1,-1,-1,1,-1,0
14450,0,-1,-1,-1,-1,-1,0
14451,0,32768,-1,-1,32768,-3,0
14452,0,-32768,-1,-1,-32768,0,0
14453,0,65535,-1,-1,65535,-4,0
14454,0,-65536,-1,-1,-65536,2,0
14455,0,0,32768,-1,1,32768,0
14456,0,1,32768,-1,3,32768,0
14457,0,-1,32768,-1,0,32768,0
14458,0,32768,32768,-1,32770,32767,0
14459,0,-32768,32768,-1,-32767,32770,0
14460,0,65535,32768,-1,65535,32765,0
14461,0,-65536,32768,-1,-65535,32771,0
14462,0,0,-32768,-1,-1,-32768,0
14463,0,1,-32768,-1,0,-32768,0
14464,0,-1,-32768,-1,-2,-32768,0
14465,0,32768,-32768,-1,32767,-32770,0
14466,0,-32768,-32768,-1,-32770,-32767,0
14467,0,65535,-32768,-1,65534,-32771,0
14468,0,-65536,-32768,-1,-65536,-32765,0
14469,0,0,65535,-1,3,65535,0
14470,0,1,65535,-1,4,65535,0
14471,0,-1,65535,-1,2,65535,0
14472,0,32768,65535,-1,32771,65534,0
14473,0,-32768,65535,-1,-32765,65535,0
14474,0,65535,65535,-1,65535,65532,0
14475,0,-65536,65535,-1,-65533,65535,0
14476,0,0,-65536,-1,-3,-65536,0
14477,0,1,-65536,-1,-2,-65536,0
14478,0,-1,-65536,-1,-4,-65536,0
14479,0,32768,-65536,-1,32765,-65536,0
14480,0,-32768,-65536,-1,-32771,-65535,0
14481,0,65535,-65536,-1,65532,-65536,0
14482,0,-65536,-65536,-1,-65536,-65533,0
14483,0,0,0,32768,0,0,0
14484,0,1,0,32768,0,1,0
14485,0,-1,0,32768,0,-1,0
14486,0,32768,0,32768,1,32768,0
14487,0,-32768,0,32768,-1,-32768,0
14488,0,65535,0,32768,1,65535,0
14489,0,-65536,0,32768,-1,-65536,0
14490,0,0,1,32768,-1,0,0
14491,0,1,1,32768,-1,1,0
14492,0,-1,1,32768,-1,-1,0
14493,0,32768,1,32768,-1,32768,0
14494,0,-32768,1,32768,-2,-32768,0
14495,0,65535,1,32768,0,65535,0
14496,0,-65536,1,32768,-2,-65536,0
14497,0,0,-1,32768,1,0,0
14498,0,1,-1,32768,1,1,0
14499,0,-1,-1,32768,1,-1,0
14500,0,32768,-1,32768,2,32768,0
14501,0,-32768,-1,32768,0,-32768,0
14502,0,65535,-1,32768,2,65535,0
14503,0,-65536,-1,32768,0,-65536,0
14504,0,0,32768,32768,-32768,1,0
14505,0,1,32768,32768,-32768,2,0
14506,0,-1,32768,32768,-32768,0,0
14507,0,32768,32768,32768,-32768,32769,0
14508,0,-32768,32768,32768,-32769,-32768,0
14509,0,65535,32768,32768,-32767,65535,0
14510,0,-65536,32768,32768,-32769,-65536,0
14511,0,0,-32768,32768,32768,-1,0
14512,0,1,-32768,32768,32768,1,0
14513,0,-1,-32768,32768,32768,-2,0
14514,0,32768,-32768,32768,32769,32768,0
14515,0,-32768,-32768,32768,32768,-32769,0
14516,0,65535,-32768,32768,32769,65535,0
14517,0,-65536,-32768,32768,32767,-65536,0
14518,0,0,65535,32768,-65535,1,0
14519,0,1,65535,32768,-65535,2,0
14520,0,-1,65535,32768,-65535,0,0
14521,0,32768,65535,32768,-65535,32769,0
14522,0,-32768,65535,32768,-65536,-32767,0
14523,0,65535,65535,32768,-65534,65535,0
14524,0,-65536,65535,32768,-65536,-65535,0
14525,0,0,-65536,32768,65535,-1,0
14526,0,1,-65536,32768,65535,0,0
14527,0,-1,-65536,32768,65535,-2,0
14528,0,32768,-65536,32768,65535,32767,0
14529,0,-32768,-65536,32768,65535,-32769,0
14530,0,65535,-65536,32768,65535,65534,0
14531,0,-65536,-65536,32768,65535,-65536,0
14532,0,0,0,32767,0,0,0
14533,0,1,0,32767,0,1,0
14534,0,-1,0,32767,0,-1,0
14535,0,32768,0,32767,1,32768,0
14536,0,-32768,0,32767,-1,-32768,0
14537,0,65535,0,32767,3,65535,0
14538,0,-65536,0,32767,-3,-65536,0
14539,0,0,1,32767,-1,0,0
14540,0,1,1,32767,-1,1,0
14541,0,-1,1,32767,-1,-1,0
14542,0,32768,1,32767,0,32768,0
14543,0,-32768,1,32767,-2,-32768,0
14544,0,65535,1,32767,2,65535,0
14545,0,-65536,1,32767,-4,-65536,0
14546,0,0,-1,32767,1,0,0
14547,0,1,-1,32767,1,1,0
14548,0,-1,-1,32767,1,-1,0
14549,0,32768,-1,32767,3,32768,0
14550,0,-32768,-1,32767,0,-32768,0
14551,0,65535,-1,32767,4,65535,0
14552,0,-65536,-1,32767,-2,-65536,0
14553,0,0,32768,32767,-32768,1,0
14554,0,1,32768,32767,-32768,3,0
14555,0,-1,32768,32767,-32768,0,0
14556,0,32768,32768,32767,-32767,32770,0
14557,0,-32768,32768,32767,-32770,-32767,0
14558,0,65535,32768,32767,-32765,65535,0
14559,0,-65536,32768,32767,-32771,-65535,0
14560,0,0,-32768,32767,32768,-1,0
14561,0,1,-32768,32767,32768,0,0
14562,0,-1,-32768,32767,32768,-3,0
14563,0,32768,-32768,32767,32770,32767,0
14564,0,-32768,-32768,32767,32767,-32770,0
14565,0,65535,-32768,32767,32771,65534,0
14566,0,-65536,-32768,32767,32765,-65536,0
14567,0,0,65535,32767,-65535,3,0
14568,0,1,65535,32767,-65535,4,0
14569,0,-1,65535,32767,-65535,2,0
14570,0,32768,65535,32767,-65534,32771,0
14571,0,-32768,65535,32767,-65536,-32765,0
14572,0,65535,65535,32767,-65532,65535,0
14573,0,-65536,65535,32767,-65536,-65533,0
14574,0,0,-65536,32767,65535,-3,0
14575,0,1,-65536,32767,65535,-2,0
14576,0,-1,-65536,32767,65535,-4,0
14577,0,32768,-65536,32767,65535,32765,0
14578,0,-32768,-65536,32767,65535,-32771,0
14579,0,65535,-65536,32767,65535,65532,0
14580,0,-65536,-65536,32767,65533,-65536,0
14581,0,0,0,32769,0,0,0
14582,0,1,0,32769,0,1,0
14583,0,-1,0,32769,0,-1,0
14584,0,32768,0,32769,-1,32768,0
14585,0,-32768,0,32769,1,-32768,0
14586,0,65535,0,32769,-3,65535,0
14587,0,-65536,0,32769,3,-65536,0
14588,0,0,1,32769,-1,0,0
14589,0,1,1,32769,-1,1,0
14590,0,-1,1,32769,-1,-1,0
14591,0,32768,1,32769,-3,32768,0
14592,0,-32768,1,32769,0,-32768,0
14593,0,65535,1,32769,-4,65535,0
14594,0,-65536,1,32769,2,-65536,0
14595,0,0,-1,32769,1,0,0
14596,0,1,-1,32769,1,1,0
14597,0,-1,-1,32769,1,-1,0
14598,0,32768,-1,32769,0,32768,0
14599,0,-32768,-1,32769,3,-32768,0
14600,0,65535,-1,32769,-2,65535,0
14601,0,-65536,-1,32769,4,-65536,0
14602,0,0,32768,32769,-32768,-1,0
14603,0,1,32768,32769,-32768,0,0
14604,0,-1,32768,32769,-32768,-2,0
14605,0,32768,32768,32769,-32770,32767,0
14606,0,-32768,32768,32769,-32767,-32770,0
14607,0,65535,32768,32769,-32771,65534,0
14608,0,-65536,32768,32769,-32765,-65536,0
14609,0,0,-32768,32769,32768,1,0
14610,0,1,-32768,32769,32768,3,0
14611,0,-1,-32768,32769,32768,0,0
14612,0,32768,-32768,32769,32767,32770,0
14613,0,-32768,-32768,32769,32770,-32767,0
14614,0,65535,-32768,32769,32765,65535,0
14615,0,-65536,-32768,32769,32771,-65535,0
14616,0,0,65535,32769,-65535,-3,0
14617,0,1,65535,32769,-65535,-2,0
14618,0,-1,65535,32769,-65535,-4,0
14619,0,32768,65535,32769,-65536,32765,0
14620,0,-32768,65535,32769,-65534,-32771,0
14621,0,65535,65535,32769,-65536,65532,0
14622,0,-65536,65535,32769,-65532,-65536,0
14623,0,0,-65536,32769,65535,3,0
14624,0,1,-65536,32769,65535,4,0
14625,0,-1,-65536,32769,65535,2,0
14626,0,32768,-65536,32769,65535,32771,0
14627,0,-32768,-65536,32769,65535,-32765,0
14628,0,65535,-65536,32769,65533,65535,0
14629,0,-65536,-65536,32769,65535,-65533,0
14630,0,0,0,-32768,0,0,0
14631,0,1,0,-32768,0,-1,0
14632,0,-1,0,-32768,0,1,0
14633,0,32768,0,-32768,-1,-32768,0
14634,0,-32768,0,-32768,1,32768,0
14635,0,65535,0,-32768,-1,-65535,0
14636,0,-65536,0,-32768,1,65535,0
14637,0,0,1,-32768,1,0,0
14638,0,1,1,-32768,1,-1,0
14639,0,-1,1,-32768,1,1,0
14640,0,32768,1,-32768,0,-32768,0
14641,0,-32768,1,-32768,2,32768,0
14642,0,65535,1,-32768,0,-65535,0
14643,0,-65536,1,-32768,2,65535,0
14644,0,0,-1,-32768,-1,0,0
14645,0,1,-1,-32768,-1,-1,0
14646,0,-1,-1,-32768,-1,1,0
14647,0,32768,-1,-32768,-2,-32768,0
14648,0,-32768,-1,-32768,-1,32768,0
14649,0,65535,-1,-32768,-2,-65535,0
14650,0,-65536,-1,-32768,0,65535,0
14651,0,0,32768,-32768,32768,-1,0
14652,0,1,32768,-32768,32768,-2,0
14653,0,-1,32768,-32768,32768,1,0
14654,0,32768,32768,-32768,32768,-32769,0
14655,0,-32768,32768,-32768,32769,32768,0
14656,0,65535,32768,-32768,32767,-65536,0
14657,0,-65536,32768,-32768,32769,65535,0
14658,0,0,-32768,-32768,-32768,1,0
14659,0,1,-32768,-32768,-32768,0,0
14660,0,-1,-32768,-32768,-32768,2,0
14661,0,32768,-32768,-32768,-32769,-32768,0
14662,0,-32768,-32768,-32768,-32768,32769,0
14663,0,65535,-32768,-32768,-32769,-65535,0
14664,0,-65536,-32768,-32768,-32767,65535,0
14665,0,0,65535,-32768,65535,-1,0
14666,0,1,65535,-32768,65535,-2,0
14667,0,-1,65535,-32768,65535,0,0
14668,0,32768,65535,-32768,65535,-32769,0
14669,0,-32768,65535,-32768,65535,32767,0
14670,0,65535,65535,-32768,65534,-65536,0
14671,0,-65536,65535,-32768,65535,65535,0
14672,0,0,-65536,-32768,-65536,1,0
14673,0,1,-65536,-32768,-65536,0,0
14674,0,-1,-65536,-32768,-65536,2,0
14675,0,32768,-65536,-32768,-65536,-32767,0
14676,0,-32768,-65536,-32768,-65536,32770,0
14677,0,65535,-65536,-32768,-65536,-65534,0
14678,0,-65536,-65536,-32768,-65535,65535,0
14679,0,0,0,-32769,0,0,0
14680,0,1,0,-32769,0,-1,0
14681,0,-1,0,-32769,0,1,0
14682,0,32768,0,-32769,-1,-32768,0
14683,0,-32768,0,-32769,1,32768,0
14684,0,65535,0,-32769,-3,-65535,0
14685,0,-65536,0,-32769,3,65535,0
14686,0,0,1,-32769,1,0,0
14687,0,1,1,-32769,1,-1,0
14688,0,-1,1,-32769,1,1,0
14689,0,32768,1,-32769,0,-32768,0
14690,0,-32768,1,-32769,3,32768,0
14691,0,65535,1,-32769,-2,-65535,0
14692,0,-65536,1,-32769,4,65535,0
14693,0,0,-1,-32769,-1,0,0
14694,0,1,-1,-32769,-1,-1,0
14695,0,-1,-1,-32769,-1,1,0
14696,0,32768,-1,-32769,-2,-32768,0
14697,0,-32768,-1,-32769,0,32768,0
14698,0,65535,-1,-32769,-4,-65535,0
14699,0,-65536,-1,-32769,2,65535,0
14700,0,0,32768,-32769,32768,-1,0
14701,0,1,32768,-32769,32768,-3,0
14702,0,-1,32768,-32769,32768,0,0
14703,0,32768,32768,-32769,32767,-32770,0
14704,0,-32768,32768,-32769,32770,32767,0
14705,0,65535,32768,-32769,32765,-65536,0
14706,0,-65536,32768,-32769,32771,65535,0
14707,0,0,-32768,-32769,-32768,1,0
14708,0,1,-32768,-32769,-32768,0,0
14709,0,-1,-32768,-32769,-32768,3,0
14710,0,32768,-32768,-32769,-32770,-32767,0
14711,0,-32768,-32768,-32769,-32767,32770,0
14712,0,65535,-32768,-32769,-32771,-65534,0
14713,0,-65536,-32768,-32769,-32765,65535,0
14714,0,0,65535,-32769,65535,-3,0
14715,0,1,65535,-32769,65535,-4,0
14716,0,-1,65535,-32769,65535,-2,0
14717,0,32768,65535,-32769,65534,-32771,0
14718,0,-32768,65535,-32769,65535,32765,0
14719,0,65535,65535,-32769,65532,-65536,0
14720,0,-65536,65535,-32769,65535,65533,0
14721,0,0,-65536,-32769,-65536,3,0
14722,0,1,-65536,-32769,-65536,2,0
14723,0,-1,-65536,-32769,-65536,4,0
14724,0,32768,-65536,-32769,-65536,-32765,0
14725,0,-32768,-65536,-32769,-65535,32771,0
14726,0,65535,-65536,-32769,-65536,-65532,0
14727,0,-65536,-65536,-32769,-65533,65535,0
14728,0,0,0,-32767,0,0,0
14729,0,1,0,-32767,0,-1,0
14730,0,-1,0,-32767,0,1,0
14731,0,32768,0,-32767,1,-32768,0
14732,0,-32768,0,-32767,-1,32768,0
14733,0,65535,0,-32767,3,-65535,0
14734,0,-65536,0,-32767,-3,65535,0
14735,0,0,1,-32767,1,0,0
14736,0,1,1,-32767,1,-1,0
14737,0,-1,1,-32767,1,1,0
14738,0,32768,1,-32767,3,-32768,0
14739,0,-32768,1,-32767,0,32768,0
14740,0,65535,1,-32767,4,-65535,0
14741,0,-65536,1,-32767,-2,65535,0
14742,0,0,-1,-32767,-1,0,0
14743,0,1,-1,-32767,-1,-1,0
14744,0,-1,-1,-32767,-1,1,0
14745,0,32768,-1,-32767,0,-32768,0
14746,0,-32768,-1,-32767,-3,32768,0
14747,0,65535,-1,-32767,2,-65535,0
14748,0,-65536,-1,-32767,-4,65535,0
14749,0,0,32768,-32767,32768,1,0
14750,0,1,32768,-32767,32768,0,0
14751,0,-1,32768,-32767,32768,3,0
14752,0,32768,32768,-32767,32770,-32767,0
14753,0,-32768,32768,-32767,32767,32770,0
14754,0,65535,32768,-32767,32771,-65534,0
14755,0,-65536,32768,-32767,32765,65535,0
14756,0,0,-32768,-32767,-32768,-1,0
14757,0,1,-32768,-32767,-32768,-2,0
14758,0,-1,-32768,-32767,-32768,0,0
14759,0,32768,-32768,-32767,-32767,-32770,0
14760,0,-32768,-32768,-32767,-32770,32767,0
14761,0,65535,-32768,-32767,-32765,-65536,0
14762,0,-65536,-32768,-32767,-32771,65535,0
14763,0,0,65535,-32767,65535,3,0
14764,0,1,65535,-32767,65535,2,0
14765,0,-1,65535,-32767,65535,4,0
14766,0,32768,65535,-32767,65535,-32765,0
14767,0,-32768,65535,-32767,65534,32771,0
14768,0,65535,65535,-32767,65535,-65532,0
14769,0,-65536,65535,-32767,65532,65535,0
14770,0,0,-65536,-32767,-65536,-3,0
14771,0,1,-65536,-32767,-65536,-4,0
14772,0,-1,-65536,-32767,-65536,-2,0
14773,0,32768,-65536,-32767,-65535,-32771,0
14774,0,-32768,-65536,-32767,-65536,32765,0
14775,0,65535,-65536,-32767,-65533,-65536,0
14776,0,-65536,-65536,-32767,-65536,65533,0
14777,0,0,0,65535,0,0,0
14778,0,1,0,65535,-1,0,0
14779,0,-1,0,65535,1,0,0
14780,0,32768,0,65535,-32768,1,0
14781,0,-32768,0,65535,32768,-1,0
14782,0,65535,0,65535,-65535,3,0
14783,0,-65536,0,65535,65535,-3,0
14784,0,0,1,65535,0,-1,0
14785,0,1,1,65535,-1,-1,0
14786,0,-1,1,65535,1,-1,0
14787,0,32768,1,65535,-32768,0,0
14788,0,-32768,1,65535,32768,-3,0
14789,0,65535,1,65535,-65535,2,0
14790,0,-65536,1,65535,65535,-4,0
14791,0,0,-1,65535,0,1,0
14792,0,1,-1,65535,-1,1,0
14793,0,-1,-1,65535,1,1,0
14794,0,32768,-1,65535,-32768,3,0
14795,0,-32768,-1,65535,32768,0,0
14796,0,65535,-1,65535,-65535,4,0
14797,0,-65536,-1,65535,65535,-2,0
14798,0,0,32768,65535,-1,-32768,0
14799,0,1,32768,65535,-2,-32768,0
14800,0,-1,32768,65535,0,-32768,0
14801,0,32768,32768,65535,-32770,-32767,0
14802,0,-32768,32768,65535,32767,-32770,0
14803,0,65535,32768,65535,-65536,-32765,0
14804,0,-65536,32768,65535,65535,-32771,0
14805,0,0,-32768,65535,1,32768,0
14806,0,1,-32768,65535,0,32768,0
14807,0,-1,-32768,65535,3,32768,0
14808,0,32768,-32768,65535,-32767,32770,0
14809,0,-32768,-32768,65535,32770,32767,0
14810,0,65535,-32768,65535,-65534,32771,0
14811,0,-65536,-32768,65535,65535,32765,0
14812,0,0,65535,65535,-3,-65535,0
14813,0,1,65535,65535,-4,-65535,0
14814,0,-1,65535,65535,-2,-65535,0
14815,0,32768,65535,65535,-32771,-65534,0
14816,0,-32768,65535,65535,32765,-65536,0
14817,0,65535,65535,65535,-65536,-65532,0
14818,0,-65536,65535,65535,65533,-65536,0
14819,0,0,-65536,65535,3,65535,0
14820,0,1,-65536,65535,2,65535,0
14821,0,-1,-65536,65535,4,65535,0
14822,0,32768,-65536,65535,-32765,65535,0
14823,0,-32768,-65536,65535,32771,65535,0
14824,0,65535,-65536,65535,-65532,65535,0
14825,0,-65536,-65536,65535,65535,65533,0
14826,0,0,0,-65536,0,0,0
14827,0,1,0,-65536,-1,0,0
14828,0,-1,0,-65536,1,0,0
14829,0,32768,0,-65536,-32768,1,0
14830,0,-32768,0,-65536,32768,-1,0
14831,0,65535,0,-65536,-65535,1,0
14832,0,-65536,0,-65536,65535,-1,0
14833,0,0,1,-65536,0,-1,0
14834,0,1,1,-65536,-1,-1,0
14835,0,-1,1,-65536,1,-1,0
14836,0,32768,1,-65536,-32768,0,0
14837,0,-32768,1,-65536,32768,-2,0
14838,0,65535,1,-65536,-65535,0,0
14839,0,-65536,1,-65536,65535,-2,0
14840,0,0,-1,-65536,0,1,0
14841,0,1,-1,-65536,-1,1,0
14842,0,-1,-1,-65536,1,1,0
14843,0,32768,-1,-65536,-32768,2,0
14844,0,-32768,-1,-65536,32768,1,0
14845,0,65535,-1,-65536,-65535,2,0
14846,0,-65536,-1,-65536,65535,0,0
14847,0,0,32768,-65536,-1,-32768,0
14848,0,1,32768,-65536,-2,-32768,0
14849,0,-1,32768,-65536,0,-32768,0
14850,0,32768,32768,-65536,-32769,-32768,0
14851,0,-32768,32768,-65536,32768,-32769,0
14852,0,65535,32768,-65536,-65536,-32767,0
14853,0,-65536,32768,-65536,65535,-32769,0
14854,0,0,-32768,-65536,1,32768,0
14855,0,1,-32768,-65536,-1,32768,0
14856,0,-1,-32768,-65536,2,32768,0
14857,0,32768,-32768,-65536,-32768,32769,0
14858,0,-32768,-32768,-65536,32769,32768,0
14859,0,65535,-32768,-65536,-65535,32769,0
14860,0,-65536,-32768,-65536,65535,32767,0
14861,0,0,65535,-65536,-1,-65535,0
14862,0,1,65535,-65536,-2,-65535,0
14863,0,-1,65535,-65536,0,-65535,0
14864,0,32768,65535,-65536,-32769,-65535,0
14865,0,-32768,65535,-65536,32767,-65536,0
14866,0,65535,65535,-65536,-65536,-65534,0
14867,0,-65536,65535,-65536,65535,-65536,0
14868,0,0,-65536,-65536,1,65535,0
14869,0,1,-65536,-65536,0,65535,0
14870,0,-1,-65536,-65536,2,65535,0
14871,0,32768,-65536,-65536,-32767,65535,0
14872,0,-32768,-65536,-65536,32769,65535,0
14873,0,65535,-65536,-65536,-65534,65535,0
14874,0,-65536,-65536,-65536,65535,65535,0
14875,0,0,0,36366,0,0,0
14876,0,1,0,36366,0,1,0
14877,0,-1,0,36366,0,-1,0
14878,0,32768,0,36366,-5624,32282,0
14879,0,-32768,0,36366,5624,-32282,0
14880,0,65535,0,36366,-11247,64563,0
14881,0,-65536,0,36366,11248,-64564,0
14882,0,0,1,36366,-1,0,0
14883,0,1,1,36366,-1,1,0
14884,0,-1,1,36366,-1,-1,0
14885,0,32768,1,36366,-5625,32282,0
14886,0,-32768,1,36366,5623,-32282,0
14887,0,65535,1,36366,-11248,64563,0
14888,0,-65536,1,36366,11247,-64564,0
14889,0,0,-1,36366,1,0,0
14890,0,1,-1,36366,1,1,0
14891,0,-1,-1,36366,1,-1,0
14892,0,32768,-1,36366,-5623,32282,0
14893,0,-32768,-1,36366,5625,-32282,0
14894,0,65535,-1,36366,-11246,64563,0
14895,0,-65536,-1,36366,11249,-64563,0
14896,0,0,32768,36366,-32282,-5624,0
14897,0,1,32768,36366,-32282,-5623,0
14898,0,-1,32768,36366,-32282,-5625,0
14899,0,32768,32768,36366,-37906,26658,0
14900,0,-32768,32768,36366,-26658,-37906,0
14901,0,65535,32768,36366,-43529,58939,0
14902,0,-65536,32768,36366,-21034,-65536,0
14903,0,0,-32768,36366,32282,5624,0
14904,0,1,-32768,36366,32282,5625,0
14905,0,-1,-32768,36366,32282,5623,0
14906,0,32768,-32768,36366,26658,37906,0
14907,0,-32768,-32768,36366,37906,-26658,0
14908,0,65535,-32768,36366,21034,65535,0
14909,0,-65536,-32768,36366,43530,-58940,0
14910,0,0,65535,36366,-64563,-11247,0
14911,0,1,65535,36366,-64563,-11246,0
14912,0,-1,65535,36366,-64563,-11248,0
14913,0,32768,65535,36366,-65536,21034,0
14914,0,-32768,65535,36366,-58939,-43529,0
14915,0,65535,65535,36366,-65536,53315,0
14916,0,-65536,65535,36366,-53315,-65536,0
14917,0,0,-65536,36366,64564,11248,0
14918,0,1,-65536,36366,64563,11249,0
14919,0,-1,-65536,36366,64564,11247,0
14920,0,32768,-65536,36366,58940,43530,0
14921,0,-32768,-65536,36366,65535,-21034,0
14922,0,65535,-65536,36366,53316,65535,0
14923,0,-65536,-65536,36366,65535,-53316,0
14924,0,0,0,-36366,0,0,0
14925,0,1,0,-36366,0,-1,0
14926,0,-1,0,-36366,0,1,0
14927,0,32768,0,-36366,-5624,-32282,0
14928,0,-32768,0,-36366,5624,32282,0
14929,0,65535,0,-36366,-11247,-64563,0
14930,0,-65536,0,-36366,11248,64564,0
14931,0,0,1,-36366,1,0,0
14932,0,1,1,-36366,1,-1,0
14933,0,-1,1,-36366,1,1,0
14934,0,32768,1,-36366,-5623,-32282,0
14935,0,-32768,1,-36366,5625,32282,0
14936,0,65535,1,-36366,-11246,-64563,0
14937,0,-65536,1,-36366,11249,64563,0
14938,0,0,-1,-36366,-1,0,0
14939,0,1,-1,-36366,-1,-1,0
14940,0,-1,-1,-36366,-1,1,0
14941,0,32768,-1,-36366,-5625,-32282,0
14942,0,-32768,-1,-36366,5623,32282,0
14943,0,65535,-1,-36366,-11248,-64563,0
14944,0,-65536,-1,-36366,11247,64564,0
14945,0,0,32768,-36366,32282,-5624,0
14946,0,1,32768,-36366,32282,-5625,0
14947,0,-1,32768,-36366,32282,-5623,0
14948,0,32768,32768,-36366,26658,-37906,0
14949,0,-32768,32768,-36366,37906,26658,0
14950,0,65535,32768,-36366,21034,-65536,0
14951,0,-65536,32768,-36366,43530,58940,0
14952,0,0,-32768,-36366,-32282,5624,0
14953,0,1,-32768,-36366,-32282,5623,0
14954,0,-1,-32768,-36366,-32282,5625,0
14955,0,32768,-32768,-36366,-37906,-26658,0
14956,0,-32768,-32768,-36366,-26658,37906,0
14957,0,65535,-32768,-36366,-43529,-58939,0
14958,0,-65536,-32768,-36366,-21034,65535,0
14959,0,0,65535,-36366,64563,-11247,0
14960,0,1,65535,-36366,64563,-11248,0
14961,0,-1,65535,-36366,64563,-11246,0
14962,0,32768,65535,-36366,58939,-43529,0
14963,0,-32768,65535,-36366,65535,21034,0
14964,0,65535,65535,-36366,53315,-65536,0
14965,0,-65536,65535,-36366,65535,53316,0
14966,0,0,-65536,-36366,-64564,11248,0
14967,0,1,-65536,-36366,-64564,11247,0
14968,0,-1,-65536,-36366,-64563,11249,0
14969,0,32768,-65536,-36366,-65536,-21034,0
14970,0,-32768,-65536,-36366,-58940,43530,0
14971,0,65535,-65536,-36366,-65536,-53315,0
14972,0,-65536,-65536,-36366,-53316,65535,0
14973,1,0,0,0,0,0,36366
14974,1,1,0,0,2,0,-993
14975,1,-1,0,0,2,0,-64544
14976,1,32768,0,0,32768,1,0
14977,1,-32768,0,0,32768,-1,-65536
14978,1,65535,0,0,65535,1,0
14979,1,-65536,0,0,65535,-1,-65536
14980,1,0,1,0,2,0,33760
14981,1,1,1,0,2,0,15746
14982,1,-1,1,0,2,0,48514
14983,1,32768,1,0,32768,0,1
14984,1,-32768,1,0,32768,0,65535
14985,1,65535,1,0,65535,-2,1
14986,1,-65536,1,0,65535,2,65535
14987,1,0,-1,0,2,0,-33761
14988,1,1,-1,0,2,0,-17022
14989,1,-1,-1,0,2,0,-49790
14990,1,32768,-1,0,32768,0,-1
14991,1,-32768,-1,0,32768,0,-65535
14992,1,65535,-1,0,65535,2,-1
14993,1,-65536,-1,0,65535,-2,-65535
14994,1,0,32768,0,32768,-1,32768
14995,1,1,32768,0,32768,0,32767
14996,1,-1,32768,0,32768,0,32769
14997,1,32768,32768,0,46341,-1,16384
14998,1,-32768,32768,0,46341,-1,49152
14999,1,65535,32768,0,65535,1,9672
15000,1,-65536,32768,0,65535,-1,55864
15001,1,0,-32768,0,32768,1,-32768
15002,1,1,-32768,0,32768,0,-32767
15003,1,-1,-32768,0,32768,0,-32769
15004,1,32768,-32768,0,46341,-1,-16384
15005,1,-32768,-32768,0,46341,-1,-49152
15006,1,65535,-32768,0,65535,-1,-9672
15007,1,-65536,-32768,0,65535,1,-55864
15008,1,0,65535,0,65535,-1,32768
15009,1,1,65535,0,65535,2,32767
15010,1,-1,65535,0,65535,-2,32769
15011,1,32768,65535,0,65535,-1,23096
15012,1,-32768,65535,0,65535,1,42440
15013,1,65535,65535,0,65535,-1,16384
15014,1,-65536,65535,0,65535,-1,49152
15015,1,0,-65536,0,65535,1,-32768
15016,1,1,-65536,0,65535,-2,-32767
15017,1,-1,-65536,0,65535,2,-32769
15018,1,32768,-65536,0,65535,1,-23096
15019,1,-32768,-65536,0,65535,-1,-42440
15020,1,65535,-65536,0,65535,1,-16384
15021,1,-65536,-65536,0,65535,-1,-49152
15022,1,0,0,1,0,0,36367
15023,1,1,0,1,2,0,-992
15024,1,-1,0,1,2,0,-64543
15025,1,32768,0,1,32768,1,1
15026,1,-32768,0,1,32768,-1,-65535
15027,1,65535,0,1,65535,1,1
15028,1,-65536,0,1,65535,-1,-65535
15029,1,0,1,1,2,0,33761
15030,1,1,1,1,2,0,15747
15031,1,-1,1,1,2,0,48515
15032,1,32768,1,1,32768,0,2
15033,1,-32768,1,1,32768,0,-65536
15034,1,65535,1,1,65535,-2,2
15035,1,-65536,1,1,65535,2,-65536
15036,1,0,-1,1,2,0,-33760
15037,1,1,-1,1,2,0,-17021
15038,1,-1,-1,1,2,0,-49789
15039,1,32768,-1,1,32768,0,0
15040,1,-32768,-1,1,32768,0,-65534
15041,1,65535,-1,1,65535,2,0
15042,1,-65536,-1,1,65535,-2,-65534
15043,1,0,32768,1,32768,-1,32769
15044,1,1,32768,1,32768,0,32768
15045,1,-1,32768,1,32768,0,32770
15046,1,32768,32768,1,46341,-1,16385
15047,1,-32768,32768,1,46341,-1,49153
15048,1,65535,32768,1,65535,1,9673
15049,1,-65536,32768,1,65535,-1,55865
15050,1,0,-32768,1,32768,1,-32767
15051,1,1,-32768,1,32768,0,-32766
15052,1,-1,-32768,1,32768,0,-32768
15053,1,32768,-32768,1,46341,-1,-16383
15054,1,-32768,-32768,1,46341,-1,-49151
15055,1,65535,-32768,1,65535,-1,-9671
15056,1,-65536,-32768,1,65535,1,-55863
15057,1,0,65535,1,65535,-1,32769
15058,1,1,65535,1,65535,2,32768
15059,1,-1,65535,1,65535,-2,32770
15060,1,32768,65535,1,65535,-1,23097
15061,1,-32768,65535,1,65535,1,42441
15062,1,65535,65535,1,65535,-1,16385
15063,1,-65536,65535,1,65535,-1,49153
15064,1,0,-65536,1,65535,1,-32767
15065,1,1,-65536,1,65535,-2,-32766
15066,1,-1,-65536,1,65535,2,-32768
15067,1,32768,-65536,1,65535,1,-23095
15068,1,-32768,-65536,1,65535,-1,-42439
15069,1,65535,-65536,1,65535,1,-16383
15070,1,-65536,-65536,1,65535,-1,-49151
15071,1,0,0,-1,0,0,36365
15072,1,1,0,-1,2,0,-994
15073,1,-1,0,-1,2,0,-64545
15074,1,32768,0,-1,32768,1,-1
15075,1,-32768,0,-1,32768,-1,65535
15076,1,65535,0,-1,65535,1,-1
15077,1,-65536,0,-1,65535,-1,65535
15078,1,0,1,-1,2,0,33759
15079,1,1,1,-1,2,0,15745
15080,1,-1,1,-1,2,0,48513
15081,1,32768,1,-1,32768,0,0
15082,1,-32768,1,-1,32768,0,65534
15083,1,65535,1,-1,65535,-2,0
15084,1,-65536,1,-1,65535,2,65534
15085,1,0,-1,-1,2,0,-33762
15086,1,1,-1,-1,2,0,-17023
15087,1,-1,-1,-1,2,0,-49791
15088,1,32768,-1,-1,32768,0,-2
15089,1,-32768,-1,-1,32768,0,-65536
15090,1,65535,-1,-1,65535,2,-2
15091,1,-65536,-1,-1,65535,-2,-65536
15092,1,0,32768,-1,32768,-1,32767
15093,1,1,32768,-1,32768,0,32766
15094,1,-1,32768,-1,32768,0,32768
15095,1,32768,32768,-1,46341,-1,16383
15096,1,-32768,32768,-1,46341,-1,49151
15097,1,65535,32768,-1,65535,1,9671
15098,1,-65536,32768,-1,65535,-1,55863
15099,1,0,-32768,-1,32768,1,-32769
15100,1,1,-32768,-1,32768,0,-32768
15101,1,-1,-32768,-1,32768,0,-32770
15102,1,32768,-32768,-1,46341,-1,-16385
15103,1,-32768,-32768,-1,46341,-1,-49153
15104,1,65535,-32768,-1,65535,-1,-9673
15105,1,-65536,-32768,-1,65535,1,-55865
15106,1,0,65535,-1,65535,-1,32767
15107,1,1,65535,-1,65535,2,32766
15108,1,-1,65535,-1,65535,-2,32768
15109,1,32768,65535,-1,65535,-1,23095
15110,1,-32768,65535,-1,65535,1,42439
15111,1,65535,65535,-1,65535,-1,16383
15112,1,-65536,65535,-1,65535,-1,49151
15113,1,0,-65536,-1,65535,1,-32769
15114,1,1,-65536,-1,65535,-2,-32768
15115,1,-1,-65536,-1,65535,2,-32770
15116,1,32768,-65536,-1,65535,1,-23097
15117,1,-32768,-65536,-1,65535,-1,-42441
15118,1,65535,-65536,-1,65535,1,-16385
15119,1,-65536,-65536,-1,65535,-1,-49153
15120,1,0,0,32768,0,0,-61938
15121,1,1,0,32768,2,0,31775
15122,1,-1,0,32768,2,0,-31776
15123,1,32768,0,32768,32768,1,32768
15124,1,-32768,0,32768,32768,-1,-32768
15125,1,65535,0,32768,65535,1,32768
15126,1,-65536,0,32768,65535,-1,-32768
15127,1,0,1,32768,2,0,-64544
15128,1,1,1,32768,2,0,48514
15129,1,-1,1,32768,2,0,-49790
15130,1,32768,1,32768,32768,0,32769
15131,1,-32768,1,32768,32768,0,-32769
15132,1,65535,1,32768,65535,-2,32769
15133,1,-65536,1,32768,65535,2,-32769
15134,1,0,-1,32768,2,0,-993
15135,1,1,-1,32768,2,0,15746
15136,1,-1,-1,32768,2,0,-17022
15137,1,32768,-1,32768,32768,0,32767
15138,1,-32768,-1,32768,32768,0,-32767
15139,1,65535,-1,32768,65535,2,32767
15140,1,-65536,-1,32768,65535,-2,-32767
15141,1,0,32768,32768,32768,-1,-65536
15142,1,1,32768,32768,32768,0,65535
15143,1,-1,32768,32768,32768,0,-65535
15144,1,32768,32768,32768,46341,-1,49152
15145,1,-32768,32768,32768,46341,-1,-49152
15146,1,65535,32768,32768,65535,1,42440
15147,1,-65536,32768,32768,65535,-1,-42440
15148,1,0,-32768,32768,32768,1,0
15149,1,1,-32768,32768,32768,0,1
15150,1,-1,-32768,32768,32768,0,-1
15151,1,32768,-32768,32768,46341,-1,16384
15152,1,-32768,-32768,32768,46341,-1,-16384
15153,1,65535,-32768,32768,65535,-1,23096
15154,1,-65536,-32768,32768,65535,1,-23096
15155,1,0,65535,32768,65535,-1,-65536
15156,1,1,65535,32768,65535,2,65535
15157,1,-1,65535,32768,65535,-2,-65535
15158,1,32768,65535,32768,65535,-1,55864
15159,1,-32768,65535,32768,65535,1,-55864
15160,1,65535,65535,32768,65535,-1,49152
15161,1,-65536,65535,32768,65535,-1,-49152
15162,1,0,-65536,32768,65535,1,0
15163,1,1,-65536,32768,65535,-2,1
15164,1,-1,-65536,32768,65535,2,-1
15165,1,32768,-65536,32768,65535,1,9672
15166,1,-32768,-65536,32768,65535,-1,-9672
15167,1,65535,-65536,32768,65535,1,16384
15168,1,-65536,-65536,32768,65535,-1,-16384
15169,1,0,0,32767,0,0,-61939
15170,1,1,0,32767,2,0,31774
15171,1,-1,0,32767,2,0,-31777
15172,1,32768,0,32767,32768,1,32767
15173,1,-32768,0,32767,32768,-1,-32769
15174,1,65535,0,32767,65535,1,32767
15175,1,-65536,0,32767,65535,-1,-32769
15176,1,0,1,32767,2,0,-64545
15177,1,1,1,32767,2,0,48513
15178,1,-1,1,32767,2,0,-49791
15179,1,32768,1,32767,32768,0,32768
15180,1,-32768,1,32767,32768,0,-32770
15181,1,65535,1,32767,65535,-2,32768
15182,1,-65536,1,32767,65535,2,-32770
15183,1,0,-1,32767,2,0,-994
15184,1,1,-1,32767,2,0,15745
15185,1,-1,-1,32767,2,0,-17023
15186,1,32768,-1,32767,32768,0,32766
15187,1,-32768,-1,32767,32768,0,-32768
15188,1,65535,-1,32767,65535,2,32766
15189,1,-65536,-1,32767,65535,-2,-32768
15190,1,0,32768,32767,32768,-1,65535
15191,1,1,32768,32767,32768,0,65534
15192,1,-1,32768,32767,32768,0,-65536
15193,1,32768,32768,32767,46341,-1,49151
15194,1,-32768,32768,32767,46341,-1,-49153
15195,1,65535,32768,32767,65535,1,42439
15196,1,-65536,32768,32767,65535,-1,-42441
15197,1,0,-32768,32767,32768,1,-1
15198,1,1,-32768,32767,32768,0,0
15199,1,-1,-32768,32767,32768,0,-2
15200,1,32768,-32768,32767,46341,-1,16383
15201,1,-32768,-32768,32767,46341,-1,-16385
15202,1,65535,-32768,32767,65535,-1,23095
15203,1,-65536,-32768,32767,65535,1,-23097
15204,1,0,65535,32767,65535,-1,65535
15205,1,1,65535,32767,65535,2,65534
15206,1,-1,65535,32767,65535,-2,-65536
15207,1,32768,65535,32767,65535,-1,55863
15208,1,-32768,65535,32767,65535,1,-55865
15209,1,65535,65535,32767,65535,-1,49151
15210,1,-65536,65535,32767,65535,-1,-49153
15211,1,0,-65536,32767,65535,1,-1
15212,1,1,-65536,32767,65535,-2,0
15213,1,-1,-65536,32767,65535,2,-2
15214,1,32768,-65536,32767,65535,1,9671
15215,1,-32768,-65536,32767,65535,-1,-9673
15216,1,65535,-65536,32767,65535,1,16383
15217,1,-65536,-65536,32767,65535,-1,-16385
15218,1,0,0,32769,0,0,-61937
15219,1,1,0,32769,2,0,31776
15220,1,-1,0,32769,2,0,-31775
15221,1,32768,0,32769,32768,1,32769
15222,1,-32768,0,32769,32768,-1,-32767
15223,1,65535,0,32769,65535,1,32769
15224,1,-65536,0,32769,65535,-1,-32767
15225,1,0,1,32769,2,0,-64543
15226,1,1,1,32769,2,0,48515
15227,1,-1,1,32769,2,0,-49789
15228,1,32768,1,32769,32768,0,32770
15229,1,-32768,1,32769,32768,0,-32768
15230,1,65535,1,32769,65535,-2,32770
15231,1,-65536,1,32769,65535,2,-32768
15232,1,0,-1,32769,2,0,-992
15233,1,1,-1,32769,2,0,15747
15234,1,-1,-1,32769,2,0,-17021
15235,1,32768,-1,32769,32768,0,32768
15236,1,-32768,-1,32769,32768,0,-32766
15237,1,65535,-1,32769,65535,2,32768
15238,1,-65536,-1,32769,65535,-2,-32766
15239,1,0,32768,32769,32768,-1,-65535
15240,1,1,32768,32769,32768,0,-65536
15241,1,-1,32768,32769,32768,0,-65534
15242,1,32768,32768,32769,46341,-1,49153
15243,1,-32768,32768,32769,46341,-1,-49151
15244,1,65535,32768,32769,65535,1,42441
15245,1,-65536,32768,32769,65535,-1,-42439
15246,1,0,-32768,32769,32768,1,1
15247,1,1,-32768,32769,32768,0,2
15248,1,-1,-32768,32769,32768,0,0
15249,1,32768,-32768,32769,46341,-1,16385
15250,1,-32768,-32768,32769,46341,-1,-16383
15251,1,65535,-32768,32769,65535,-1,23097
15252,1,-65536,-32768,32769,65535,1,-23095
15253,1,0,65535,32769,65535,-1,-65535
15254,1,1,65535,32769,65535,2,-65536
15255,1,-1,65535,32769,65535,-2,-65534
15256,1,32768,65535,32769,65535,-1,55865
15257,1,-32768,65535,32769,65535,1,-55863
15258,1,65535,65535,32769,65535,-1,49153
15259,1,-65536,65535,32769,65535,-1,-49151
15260,1,0,-65536,32769,65535,1,1
15261,1,1,-65536,32769,65535,-2,2
15262,1,-1,-65536,32769,65535,2,0
15263,1,32768,-65536,32769,65535,1,9673
15264,1,-32768,-65536,32769,65535,-1,-9671
15265,1,65535,-65536,32769,65535,1,16385
15266,1,-65536,-65536,32769,65535,-1,-16383
15267,1,0,0,-32768,0,0,3598
15268,1,1,0,-32768,2,0,-33761
15269,1,-1,0,-32768,2,0,33760
15270,1,32768,0,-32768,32768,1,-32768
15271,1,-32768,0,-32768,32768,-1,32768
15272,1,65535,0,-32768,65535,1,-32768
15273,1,-65536,0,-32768,65535,-1,32768
15274,1,0,1,-32768,2,0,992
15275,1,1,1,-32768,2,0,-17022
15276,1,-1,1,-32768,2,0,15746
15277,1,32768,1,-32768,32768,0,-32767
15278,1,-32768,1,-32768,32768,0,32767
15279,1,65535,1,-32768,65535,-2,-32767
15280,1,-65536,1,-32768,65535,2,32767
15281,1,0,-1,-32768,2,0,64543
15282,1,1,-1,-32768,2,0,-49790
15283,1,-1,-1,-32768,2,0,48514
15284,1,32768,-1,-32768,32768,0,-32769
15285,1,-32768,-1,-32768,32768,0,32769
15286,1,65535,-1,-32768,65535,2,-32769
15287,1,-65536,-1,-32768,65535,-2,32769
15288,1,0,32768,-32768,32768,-1,0
15289,1,1,32768,-32768,32768,0,-1
15290,1,-1,32768,-32768,32768,0,1
15291,1,32768,32768,-32768,46341,-1,-16384
15292,1,-32768,32768,-32768,46341,-1,16384
15293,1,65535,32768,-32768,65535,1,-23096
15294,1,-65536,32768,-32768,65535,-1,23096
15295,1,0,-32768,-32768,32768,1,-65536
15296,1,1,-32768,-32768,32768,0,-65535
15297,1,-1,-32768,-32768,32768,0,65535
15298,1,32768,-32768,-32768,46341,-1,-49152
15299,1,-32768,-32768,-32768,46341,-1,49152
15300,1,65535,-32768,-32768,65535,-1,-42440
15301,1,-65536,-32768,-32768,65535,1,42440
15302,1,0,65535,-32768,65535,-1,0
15303,1,1,65535,-32768,65535,2,-1
15304,1,-1,65535,-32768,65535,-2,1
15305,1,32768,65535,-32768,65535,-1,-9672
15306,1,-32768,65535,-32768,65535,1,9672
15307,1,65535,65535,-32768,65535,-1,-16384
15308,1,-65536,65535,-32768,65535,-1,16384
15309,1,0,-65536,-32768,65535,1,-65536
15310,1,1,-65536,-32768,65535,-2,-65535
15311,1,-1,-65536,-32768,65535,2,65535
15312,1,32768,-65536,-32768,65535,1,-55864
15313,1,-32768,-65536,-32768,65535,-1,55864
15314,1,65535,-65536,-32768,65535,1,-49152
15315,1,-65536,-65536,-32768,65535,-1,49152
15316,1,0,0,-32769,0,0,3597
15317,1,1,0,-32769,2,0,-33762
15318,1,-1,0,-32769,2,0,33759
15319,1,32768,0,-32769,32768,1,-32769
15320,1,-32768,0,-32769,32768,-1,32767
15321,1,65535,0,-32769,65535,1,-32769
15322,1,-65536,0,-32769,65535,-1,32767
15323,1,0,1,-32769,2,0,991
15324,1,1,1,-32769,2,0,-17023
15325,1,-1,1,-32769,2,0,15745
15326,1,32768,1,-32769,32768,0,-32768
15327,1,-32768,1,-32769,32768,0,32766
15328,1,65535,1,-32769,65535,-2,-32768
15329,1,-65536,1,-32769,65535,2,32766
15330,1,0,-1,-32769,2,0,64542
15331,1,1,-1,-32769,2,0,-49791
15332,1,-1,-1,-32769,2,0,48513
15333,1,32768,-1,-32769,32768,0,-32770
15334,1,-32768,-1,-32769,32768,0,32768
15335,1,65535,-1,-32769,65535,2,-32770
15336,1,-65536,-1,-32769,65535,-2,32768
15337,1,0,32768,-32769,32768,-1,-1
15338,1,1,32768,-32769,32768,0,-2
15339,1,-1,32768,-32769,32768,0,0
15340,1,32768,32768,-32769,46341,-1,-16385
15341,1,-32768,32768,-32769,46341,-1,16383
15342,1,65535,32768,-32769,65535,1,-23097
15343,1,-65536,32768,-32769,65535,-1,23095
15344,1,0,-32768,-32769,32768,1,65535
15345,1,1,-32768,-32769,32768,0,-65536
15346,1,-1,-32768,-32769,32768,0,65534
15347,1,32768,-32768,-32769,46341,-1,-49153
15348,1,-32768,-32768,-32769,46341,-1,49151
15349,1,65535,-32768,-32769,65535,-1,-42441
15350,1,-65536,-32768,-32769,65535,1,42439
15351,1,0,65535,-32769,65535,-1,-1
15352,1,1,65535,-32769,65535,2,-2
15353,1,-1,65535,-32769,65535,-2,0
15354,1,32768,65535,-32769,65535,-1,-9673
15355,1,-32768,65535,-32769,65535,1,9671
15356,1,65535,65535,-32769,65535,-1,-16385
15357,1,-65536,65535,-32769,65535,-1,16383
15358,1,0,-65536,-32769,65535,1,65535
15359,1,1,-65536,-32769,65535,-2,-65536
15360,1,-1,-65536,-32769,65535,2,65534
15361,1,32768,-65536,-32769,65535,1,-55865
15362,1,-32768,-65536,-32769,65535,-1,55863
15363,1,65535,-65536,-32769,65535,1,-49153
15364,1,-65536,-65536,-32769,65535,-1,49151
15365,1,0,0,-32767,0,0,3599
15366,1,1,0,-32767,2,0,-33760
15367,1,-1,0,-32767,2,0,33761
15368,1,32768,0,-32767,32768,1,-32767
15369,1,-32768,0,-32767,32768,-1,32769
15370,1,65535,0,-32767,65535,1,-32767
15371,1,-65536,0,-32767,65535,-1,32769
15372,1,0,1,-32767,2,0,993
15373,1,1,1,-32767,2,0,-17021
15374,1,-1,1,-32767,2,0,15747
15375,1,32768,1,-32767,32768,0,-32766
15376,1,-32768,1,-32767,32768,0,32768
15377,1,65535,1,-32767,65535,-2,-32766
15378,1,-65536,1,-32767,65535,2,32768
15379,1,0,-1,-32767,2,0,64544
15380,1,1,-1,-32767,2,0,-49789
15381,1,-1,-1,-32767,2,0,48515
15382,1,32768,-1,-32767,32768,0,-32768
15383,1,-32768,-1,-32767,32768,0,32770
15384,1,65535,-1,-32767,65535,2,-32768
15385,1,-65536,-1,-32767,65535,-2,32770
15386,1,0,32768,-32767,32768,-1,1
15387,1,1,32768,-32767,32768,0,0
15388,1,-1,32768,-32767,32768,0,2
15389,1,32768,32768,-32767,46341,-1,-16383
15390,1,-32768,32768,-32767,46341,-1,16385
15391,1,65535,32768,-32767,65535,1,-23095
15392,1,-65536,32768,-32767,65535,-1,23097
15393,1,0,-32768,-32767,32768,1,-65535
15394,1,1,-32768,-32767,32768,0,-65534
15395,1,-1,-32768,-32767,32768,0,-65536
15396,1,32768,-32768,-32767,46341,-1,-49151
15397,1,-32768,-32768,-32767,46341,-1,49153
15398,1,65535,-32768,-32767,65535,-1,-42439
15399,1,-65536,-32768,-32767,65535,1,42441
15400,1,0,65535,-32767,65535,-1,1
15401,1,1,65535,-32767,65535,2,0
15402,1,-1,65535,-32767,65535,-2,2
15403,1,32768,65535,-32767,65535,-1,-9671
15404,1,-32768,65535,-32767,65535,1,9673
15405,1,65535,65535,-32767,65535,-1,-16383
15406,1,-65536,65535,-32767,65535,-1,16385
15407,1,0,-65536,-32767,65535,1,-65535
15408,1,1,-65536,-32767,65535,-2,-65534
15409,1,-1,-65536,-32767,65535,2,-65536
15410,1,32768,-65536,-32767,65535,1,-55863
15411,1,-32768,-65536,-32767,65535,-1,55865
15412,1,65535,-65536,-32767,65535,1,-49151
15413,1,-65536,-65536,-32767,65535,-1,49153
15414,1,0,0,65535,0,0,-29171
15415,1,1,0,65535,2,0,64542
15416,1,-1,0,65535,2,0,991
15417,1,32768,0,65535,32768,1,65535
15418,1,-32768,0,65535,32768,-1,-1
15419,1,65535,0,65535,65535,1,65535
15420,1,-65536,0,65535,65535,-1,-1
15421,1,0,1,65535,2,0,-31777
15422,1,1,1,65535,2,0,-49791
15423,1,-1,1,65535,2,0,-17023
15424,1,32768,1,65535,32768,0,-65536
15425,1,-32768,1,65535,32768,0,-2
15426,1,65535,1,65535,65535,-2,-65536
15427,1,-65536,1,65535,65535,2,-2
15428,1,0,-1,65535,2,0,31774
15429,1,1,-1,65535,2,0,48513
15430,1,-1,-1,65535,2,0,15745
15431,1,32768,-1,65535,32768,0,65534
15432,1,-32768,-1,65535,32768,0,0
15433,1,65535,-1,65535,65535,2,65534
15434,1,-65536,-1,65535,65535,-2,0
15435,1,0,32768,65535,32768,-1,-32769
15436,1,1,32768,65535,32768,0,-32770
15437,1,-1,32768,65535,32768,0,-32768
15438,1,32768,32768,65535,46341,-1,-49153
15439,1,-32768,32768,65535,46341,-1,-16385
15440,1,65535,32768,65535,65535,1,-55865
15441,1,-65536,32768,65535,65535,-1,-9673
15442,1,0,-32768,65535,32768,1,32767
15443,1,1,-32768,65535,32768,0,32768
15444,1,-1,-32768,65535,32768,0,32766
15445,1,32768,-32768,65535,46341,-1,49151
15446,1,-32768,-32768,65535,46341,-1,16383
15447,1,65535,-32768,65535,65535,-1,55863
15448,1,-65536,-32768,65535,65535,1,9671
15449,1,0,65535,65535,65535,-1,-32769
15450,1,1,65535,65535,65535,2,-32770
15451,1,-1,65535,65535,65535,-2,-32768
15452,1,32768,65535,65535,65535,-1,-42441
15453,1,-32768,65535,65535,65535,1,-23097
15454,1,65535,65535,65535,65535,-1,-49153
15455,1,-65536,65535,65535,65535,-1,-16385
15456,1,0,-65536,65535,65535,1,32767
15457,1,1,-65536,65535,65535,-2,32768
15458,1,-1,-65536,65535,65535,2,32766
15459,1,32768,-65536,65535,65535,1,42439
15460,1,-32768,-65536,65535,65535,-1,23095
15461,1,65535,-65536,65535,65535,1,49151
15462,1,-65536,-65536,65535,65535,-1,16383
15463,1,0,0,-65536,0,0,-29170
15464,1,1,0,-65536,2,0,64543
15465,1,-1,0,-65536,2,0,992
15466,1,32768,0,-65536,32768,1,-65536
15467,1,-32768,0,-65536,32768,-1,0
15468,1,65535,0,-65536,65535,1,-65536
15469,1,-65536,0,-65536,65535,-1,0
15470,1,0,1,-65536,2,0,-31776
15471,1,1,1,-65536,2,0,-49790
15472,1,-1,1,-65536,2,0,-17022
15473,1,32768,1,-65536,32768,0,-65535
15474,1,-32768,1,-65536,32768,0,-1
15475,1,65535,1,-65536,65535,-2,-65535
15476,1,-65536,1,-65536,65535,2,-1
15477,1,0,-1,-65536,2,0,31775
15478,1,1,-1,-65536,2,0,48514
15479,1,-1,-1,-65536,2,0,15746
15480,1,32768,-1,-65536,32768,0,65535
15481,1,-32768,-1,-65536,32768,0,1
15482,1,65535,-1,-65536,65535,2,65535
15483,1,-65536,-1,-65536,65535,-2,1
15484,1,0,32768,-65536,32768,-1,-32768
15485,1,1,32768,-65536,32768,0,-32769
15486,1,-1,32768,-65536,32768,0,-32767
15487,1,32768,32768,-65536,46341,-1,-49152
15488,1,-32768,32768,-65536,46341,-1,-16384
15489,1,65535,32768,-65536,65535,1,-55864
15490,1,-65536,32768,-65536,65535,-1,-9672
15491,1,0,-32768,-65536,32768,1,32768
15492,1,1,-32768,-65536,32768,0,32769
15493,1,-1,-32768,-65536,32768,0,32767
15494,1,32768,-32768,-65536,46341,-1,49152
15495,1,-32768,-32768,-65536,46341,-1,16384
15496,1,65535,-32768,-65536,65535,-1,55864
15497,1,-65536,-32768,-65536,65535,1,9672
15498,1,0,65535,-65536,65535,-1,-32768
15499,1,1,65535,-65536,65535,2,-32769
15500,1,-1,65535,-65536,65535,-2,-32767
15501,1,32768,65535,-65536,65535,-1,-42440
15502,1,-32768,65535,-65536,65535,1,-23096
15503,1,65535,65535,-65536,65535,-1,-49152
15504,1,-65536,65535,-65536,65535,-1,-16384
15505,1,0,-65536,-65536,65535,1,32768
15506,1,1,-65536,-65536,65535,-2,32769
15507,1,-1,-65536,-65536,65535,2,32767
15508,1,32768,-65536,-65536,65535,1,42440
15509,1,-32768,-65536,-65536,65535,-1,23096
15510,1,65535,-65536,-65536,65535,1,49152
15511,1,-65536,-65536,-65536,65535,-1,16384
15512,1,0,0,36366,0,0,-58340
15513,1,1,0,36366,2,0,35373
15514,1,-1,0,36366,2,0,-28178
15515,1,32768,0,36366,32768,1,36366
15516,1,-32768,0,36366,32768,-1,-29170
15517,1,65535,0,36366,65535,1,36366
15518,1,-65536,0,36366,65535,-1,-29170
15519,1,0,1,36366,2,0,-60946
15520,1,1,1,36366,2,0,52112
15521,1,-1,1,36366,2,0,-46192
15522,1,32768,1,36366,32768,0,36367
15523,1,-32768,1,36366,32768,0,-29171
15524,1,65535,1,36366,65535,-2,36367
15525,1,-65536,1,36366,65535,2,-29171
15526,1,0,-1,36366,2,0,2605
15527,1,1,-1,36366,2,0,19344
15528,1,-1,-1,36366,2,0,-13424
15529,1,32768,-1,36366,32768,0,36365
15530,1,-32768,-1,36366,32768,0,-29169
15531,1,65535,-1,36366,65535,2,36365
15532,1,-65536,-1,36366,65535,-2,-29169
15533,1,0,32768,36366,32768,-1,-61938
15534,1,1,32768,36366,32768,0,-61939
15535,1,-1,32768,36366,32768,0,-61937
15536,1,32768,32768,36366,46341,-1,52750
15537,1,-32768,32768,36366,46341,-1,-45554
15538,1,65535,32768,36366,65535,1,46038
15539,1,-65536,32768,36366,65535,-1,-38842
15540,1,0,-32768,36366,32768,1,3598
15541,1,1,-32768,36366,32768,0,3599
15542,1,-1,-32768,36366,32768,0,3597
15543,1,32768,-32768,36366,46341,-1,19982
15544,1,-32768,-32768,36366,46341,-1,-12786
15545,1,65535,-32768,36366,65535,-1,26694
15546,1,-65536,-32768,36366,65535,1,-19498
15547,1,0,65535,36366,65535,-1,-61938
15548,1,1,65535,36366,65535,2,-61939
15549,1,-1,65535,36366,65535,-2,-61937
15550,1,32768,65535,36366,65535,-1,59462
15551,1,-32768,65535,36366,65535,1,-52266
15552,1,65535,65535,36366,65535,-1,52750
15553,1,-65536,65535,36366,65535,-1,-45554
15554,1,0,-65536,36366,65535,1,3598
15555,1,1,-65536,36366,65535,-2,3599
15556,1,-1,-65536,36366,65535,2,3597
15557,1,32768,-65536,36366,65535,1,13270
15558,1,-32768,-65536,36366,65535,-1,-6074
15559,1,65535,-65536,36366,65535,1,19982
15560,1,-65536,-65536,36366,65535,-1,-12786
15561,1,0,0,-36366,0,0,0
15562,1,1,0,-36366,2,0,-37359
15563,1,-1,0,-36366,2,0,30162
15564,1,32768,0,-36366,32768,1,-36366
15565,1,-32768,0,-36366,32768,-1,29170
15566,1,65535,0,-36366,65535,1,-36366
15567,1,-65536,0,-36366,65535,-1,29170
15568,1,0,1,-36366,2,0,-2606
15569,1,1,1,-36366,2,0,-20620
15570,1,-1,1,-36366,2,0,12148
15571,1,32768,1,-36366,32768,0,-36365
15572,1,-32768,1,-36366,32768,0,29169
15573,1,65535,1,-36366,65535,-2,-36365
15574,1,-65536,1,-36366,65535,2,29169
15575,1,0,-1,-36366,2,0,60945
15576,1,1,-1,-36366,2,0,-53388
15577,1,-1,-1,-36366,2,0,44916
15578,1,32768,-1,-36366,32768,0,-36367
15579,1,-32768,-1,-36366,32768,0,29171
15580,1,65535,-1,-36366,65535,2,-36367
15581,1,-65536,-1,-36366,65535,-2,29171
15582,1,0,32768,-36366,32768,-1,-3598
15583,1,1,32768,-36366,32768,0,-3599
15584,1,-1,32768,-36366,32768,0,-3597
15585,1,32768,32768,-36366,46341,-1,-19982
15586,1,-32768,32768,-36366,46341,-1,12786
15587,1,65535,32768,-36366,65535,1,-26694
15588,1,-65536,32768,-36366,65535,-1,19498
15589,1,0,-32768,-36366,32768,1,61938
15590,1,1,-32768,-36366,32768,0,61939
15591,1,-1,-32768,-36366,32768,0,61937
15592,1,32768,-32768,-36366,46341,-1,-52750
15593,1,-32768,-32768,-36366,46341,-1,45554
15594,1,65535,-32768,-36366,65535,-1,-46038
15595,1,-65536,-32768,-36366,65535,1,38842
15596,1,0,65535,-36366,65535,-1,-3598
15597,1,1,65535,-36366,65535,2,-3599
15598,1,-1,65535,-36366,65535,-2,-3597
15599,1,32768,65535,-36366,65535,-1,-13270
15600,1,-32768,65535,-36366,65535,1,6074
15601,1,65535,65535,-36366,65535,-1,-19982
15602,1,-65536,65535,-36366,65535,-1,12786
15603,1,0,-65536,-36366,65535,1,61938
15604,1,1,-65536,-36366,65535,-2,61939
15605,1,-1,-65536,-36366,65535,2,61937
15606,1,32768,-65536,-36366,65535,1,-59462
15607,1,-32768,-65536,-36366,65535,-1,52266
15608,1,65535,-65536,-36366,65535,1,-52750
15609,1,-65536,-65536,-36366,65535,-1,45554
